wall_time,updates,collected_samples,trained_samples,sampler_fps,learner_fps,version,num_episodes,train_return_mean,train_return_std,train_return_max,train_return_min,test_return_mean,test_return_std,test_return_max,test_return_min,actor_loss,critic_loss,entropy,approx_kl,clip_frac,explained_var
60.000460758805275,2,131072,131072,2184.5165577460125,2184.5165577460125,0,100,0.0,0.0,0.0,0.0,0.0,0.0,0.0,0.0,-0.001341300495065904,0.1999481227248907,2.6922114367286363,0.004208510405684744,0.021153767903645832,0.02318734737734
120.00080142915249,4,287488,262144,2606.918531669311,2184.520929974938,2,100,0.6400000162422657,1.1876026238939033,5.0,0.0,0.8099999994039535,1.361579971973232,6.0,0.0,-0.0013550285269351057,0.19684304359058538,2.6654859930276866,0.003299909418274183,0.0131072998046875,0.03034079944094022
191.7653507590294,7,458752,458752,2386.4707797823467,2739.6256485393756,5,100,0.6400000162422657,1.1876026238939033,5.0,0.0,0.8099999994039535,1.361579971973232,6.0,0.0,-0.001888577329130688,0.2424326023707787,2.612793070574601,0.004015461669041542,0.021296183268229168,0.12106006468335787
251.7658774908632,9,609792,589824,2517.311234200622,2184.514155780879,7,100,0.6600000150501728,1.1934822962946976,5.0,0.0,0.8299999952316284,1.4632497788296175,8.0,0.0,-0.0017651109301368706,0.2998624884833892,2.6015991444389024,0.0035317448916127128,0.018361409505208332,0.24221224337816238
323.4072880614549,12,786432,786432,2465.6130943422477,2744.3345745722413,10,100,0.8300000056624413,1.407515521278531,7.0,0.0,1.05,1.5835087628413453,6.0,0.0,-0.00380587063167089,0.28287449261794484,2.5791787529985113,0.004810682648894726,0.0540771484375,0.4434995086242755
383.4073915388435,14,940544,917504,2568.528903588941,2184.529565843086,11,100,0.9000000029802322,1.3820274991816899,5.0,0.0,0.910000005364418,1.386326077612338,6.0,0.0,-0.00309030703647295,0.3138335722809037,2.5746969704826674,0.005203977866282608,0.046330769856770836,0.473412844662865
455.80791814439,17,1114112,1114112,2397.330629176712,2715.5603587134437,15,100,0.8499999940395355,1.3665650279403756,6.0,0.0,0.860000005364418,1.341789825848297,7.0,0.0,-0.004757920030291037,0.2905801646411419,2.562273154656092,0.004408245550318194,0.055180867513020836,0.5533333470424017
515.8080071136355,19,1265408,1245184,2521.596260924718,2184.5300940667607,16,100,0.9200000077486038,1.2859237766116303,5.0,0.0,0.8099999964237213,1.1549458657968832,5.0,0.0,-0.004699198371478511,0.2520462359922628,2.5794071902831393,0.004885553530887894,0.0512847900390625,0.5536773223429918
587.9934911318123,22,1441792,1441792,2443.4829578144177,2723.6500894070723,19,100,1.239999994635582,2.853489117670815,26.0,0.0,0.9899999916553497,1.2368912480107672,6.0,0.0,-0.0019528598689551777,0.3826143983751535,2.5392472619811697,0.005197830952359558,0.06087239583333333,0.5432801631589731
647.9936971757561,24,1597696,1572864,2598.3910769542513,2184.5258315280403,22,100,1.1700000166893005,1.6796130606157724,10.0,0.0,0.9000000059604645,1.4730919825643993,8.0,0.0,-0.004815930231416132,0.354068413687249,2.533747541407744,0.0057315510027062064,0.060587565104166664,0.6438929792493582
719.7355671245605,27,1769472,1769472,2394.361899440046,2740.491712026759,24,100,1.3600000143051147,1.868261216343069,12.0,0.0,1.2699999958276749,1.6843693274849993,8.0,0.0,-0.0034316348319407552,0.39097323827445507,2.5107349405686064,0.006023739131099623,0.07338460286458333,0.6517515201121569
779.7356586102396,29,1916672,1900544,2453.3295925912676,2184.530002446485,26,100,1.6099999785423278,2.208596786333559,11.0,0.0,1.369999986886978,1.9321231363077473,11.0,0.0,-0.005721273485202497,0.39130067452788353,2.5099230334162717,0.007070877865771763,0.089080810546875,0.6602424383163452
839.7359668817371,31,2091008,2031616,2905.585071515649,2184.5221095682996,29,100,1.9200000166893005,2.1664717944836687,10.0,0.0,1.7499999940395354,2.2511108279478953,11.0,0.0,-0.004964089656520325,0.4142078661049406,2.4972528591752052,0.007648512098361001,0.09320576985677083,0.6795926857739687
905.4301991350949,34,2228224,2228224,2088.7069578773653,2992.7741486004043,30,100,2.0800000190734864,2.292073301817724,10.0,0.0,1.850000011920929,2.118372014572715,10.0,0.0,-0.004485093416102852,0.4229420662547151,2.4960617447892828,0.006872421499186506,0.07452392578125,0.6865140348672867
965.4303875640035,36,2378496,2359296,2504.525467916659,2184.5264728676825,34,100,2.2200000047683717,2.3391451722285734,10.0,0.0,2.3199999809265135,2.7888348992082785,14.0,0.0,-0.003953586776333395,0.45084537162135047,2.492978523174922,0.006848723500903968,0.07814534505208333,0.6994386998315653
1037.306773521006,39,2555904,2555904,2468.2376226613246,2735.36290649913,36,100,2.0700000166893004,2.14128461842812,13.0,0.0,2.3799999833106993,3.0912132898174987,14.0,0.0,-0.0052230590566371875,0.43526605361451703,2.5003507658839226,0.007933313767959286,0.11006673177083334,0.7242980040609837
1097.3075112123042,41,2702848,2686976,2449.036556117396,2184.506475143043,39,100,2.8800000071525576,3.0928304189621856,14.0,0.0,2.55,2.954234170519203,14.0,0.0,-0.004040299044087684,0.508664126197497,2.5009809831778207,0.007747309892996175,0.10682169596354166,0.7341604294876257
1157.3103040028363,43,2879744,2818048,2948.1294415334705,2184.4316556659,41,100,3.1300000190734862,3.5175417365851898,18.0,0.0,2.0999999821186064,2.251666030009413,10.0,0.0,-0.005070317073356516,0.46309877776851255,2.4837500353654227,0.008284236045559131,0.10739644368489583,0.7524840012192726
1223.1411146540195,46,3014656,3014656,2049.374732978096,2986.565075763145,44,100,2.4299999713897704,2.371729283928311,10.0,0.0,2.0600000381469727,2.248644083380731,9.0,0.0,-0.004120108249480836,0.46276487906773883,2.4778480927149453,0.008257766081442242,0.11243184407552084,0.7508185369273026
1283.141143715009,48,3156736,3145728,2367.9988530601654,2184.532275255504,45,100,2.8600000143051147,2.84612016007206,11.0,0.0,1.9899999976158143,2.2737413692291795,10.0,0.0,-0.004459525354225964,0.5413585590819519,2.447337513168653,0.008113927116331372,0.106109619140625,0.7324447520077229
1343.1412773877382,50,3332096,3276800,2922.6601553340115,2184.5284664686337,48,100,3.0799999833106995,3.205245627648394,20.0,0.0,2.4299999594688417,2.790179180424732,17.0,0.0,-0.005190944832672055,0.4884227535997828,2.4504634688297906,0.009033309264244355,0.120574951171875,0.7788853893677394
1410.8563435524702,53,3473408,3473408,2086.862023529994,2903.4602066504262,50,100,3.3199999809265135,3.022846344603533,13.0,0.0,2.55,2.6772187112165824,13.0,0.0,-0.0044869861521874554,0.5247736303135753,2.4275891929864883,0.00950538064171269,0.13007100423177081,0.783352949966987
1470.8567735720426,55,3615744,3604480,2372.2496647702264,2184.517676910712,52,100,3.1900000095367433,3.3457286284740193,15.0,0.0,2.3800000190734862,2.6411361370453337,12.0,0.0,-0.004180553425006413,0.5728256450966001,2.411084860563278,0.008671409263115493,0.1074676513671875,0.7629143105198939
1530.8569962829351,57,3794432,3735552,2978.122278995485,2184.52522470729,55,100,3.350000023841858,3.317755282128799,18.0,0.0,2.649999976158142,3.23535152552874,18.0,0.0,-0.005141533714777324,0.5383627883469065,2.4176022708415985,0.010185626831419844,0.13846842447916669,0.7792955009887617
1597.1211762614548,60,3932160,3932160,2078.468337564068,2967.0328684929445,57,100,3.0799999952316286,3.012241744093137,16.0,0.0,2.5699999809265135,2.713871777628961,13.0,0.0,-0.0034353493562472677,0.5575776261587938,2.4129026929537454,0.010589562445602496,0.13805135091145834,0.7919994853436947
1657.1232141908258,62,4076800,4063232,2410.584789974254,2184.4591371094125,59,100,3.1799999833106996,3.3775138665261433,15.0,0.0,2.4799999952316285,2.632413254045656,11.0,0.0,-0.005897456299862824,0.4911291087046266,2.4278982877731323,0.010083673039844143,0.145172119140625,0.7889648489654065
1717.1233410630375,64,4247040,4194304,2837.327333700098,2184.5287140668424,62,100,3.700000023841858,3.0675722738410114,12.0,0.0,2.2200000047683717,2.1003808929370438,8.0,0.0,-0.0038683758975821547,0.5736113991588355,2.425553073485692,0.010051233459914027,0.13223775227864581,0.7909357473254204
1784.9611067436635,67,4390912,4390912,2120.824566618779,2898.20866043278,64,100,3.9300000190734865,3.2962250634275327,17.0,0.0,3.0500000357627868,2.896118179191135,14.0,0.0,-0.004565044752477358,0.5902644246816634,2.4127543196082115,0.009729508907184936,0.13456217447916666,0.797699029246966
1844.9614299479872,69,4532992,4521984,2367.987244271405,2184.5215658864136,65,100,3.55,3.057368172813334,16.0,0.0,3.000000011920929,3.0854497529253617,20.0,0.0,-0.0027807609828111404,0.6853015006830294,2.400649793446064,0.009392592147681475,0.12335205078125,0.7697726916521788
1904.9617252983153,71,4705792,4653056,2879.985823254037,2184.522580008988,67,100,3.6899999380111694,3.321731441456972,17.0,0.0,2.7700000405311584,3.2275532531318243,21.0,0.0,-0.004040778973527873,0.5753742981081208,2.394992465774218,0.010313356282495079,0.1345367431640625,0.8069610676417749
1972.5041500683874,74,4849664,4849664,2130.098238103962,2910.8815780495424,71,100,3.7700000286102293,3.1554872481881273,15.0,0.0,3.0800000190734864,3.045258630635745,16.0,0.0,-0.0035424682864686474,0.5535523764168222,2.3920089974999432,0.01032276744748136,0.12997945149739581,0.7911672393480936
2032.5045574139804,76,4997120,4980736,2457.5833152377863,2184.518502433588,73,100,4.439999985694885,4.495152992361733,26.0,0.0,3.4,3.501428159197749,17.0,0.0,-0.0025730260022100993,0.5717875165864825,2.3889452094833055,0.009710761383151596,0.12958780924479166,0.7849497341861327
2092.504614731297,78,5161216,5111808,2734.93072068517,2184.531246475518,75,100,4.070000004768372,3.6393818292963322,20.0,0.0,3.250000011920929,3.5759614210076043,19.0,0.0,-0.0042276385380925294,0.5648481228078406,2.385899680356185,0.00951602439575557,0.12018839518229167,0.7875380019346874
2160.494962595403,81,5308416,5308416,2165.0131911990165,2891.704575375382,78,100,3.8,3.231098914776635,14.0,0.0,3.5299999475479127,3.4218561654233706,17.0,0.0,-0.004464982887535977,0.5362205986554424,2.394961511095365,0.010834805293294872,0.148590087890625,0.8275327874968449
2220.4954824652523,83,5448448,5439488,2333.8464450600136,2184.5144056137606,80,100,3.8699999809265138,3.266971023309023,16.0,0.0,3.040000021457672,3.026284846516763,14.0,0.0,-0.005631836170020202,0.5279582509150108,2.3979990084966025,0.009355869358235699,0.1389312744140625,0.8238808549940586
2280.495735093951,85,5624064,5570560,2926.9210095958906,2184.524135441831,82,100,3.459999990463257,2.8263757737821686,15.0,0.0,2.9699999690055847,3.1794810164327503,18.0,0.0,-0.004909244281103989,0.5506531440963348,2.4052614693840346,0.00955630714876558,0.128326416015625,0.8042106603582699
2349.114122563973,88,5767168,5767168,2085.5051433920626,2865.237835644193,84,100,3.790000009536743,3.1663701476627812,16.0,0.0,2.900000011920929,3.2848136356147632,16.0,0.0,-0.00378319284451815,0.6114202107613286,2.3755565981070204,0.011288961954051047,0.16062927246093753,0.8138796438773472
2409.1144393440336,90,5914624,5898240,2457.5870247572257,2184.5217997842005,86,100,4.560000038146972,4.01327797309047,25.0,0.0,3.3899999618530274,3.2369583838733713,12.0,0.0,-0.001753360537501673,0.6219087392091751,2.3748394747575126,0.012250853532047284,0.16495259602864584,0.8016212576379379
2469.1148652713746,92,6090496,6029312,2931.1791921773456,2184.5178259021845,88,100,4.659999990463257,3.878711049298796,19.0,0.0,3.169999969005585,2.8286215711772122,12.0,0.0,-0.0025171771533981278,0.6783993933349848,2.3635055770476656,0.010908914558967807,0.1493988037109375,0.823461257542173
2535.191372986883,95,6225920,6225920,2049.5029880069706,2975.45991453564,92,100,4.530000019073486,4.2835849774060755,23.0,0.0,3.3700000047683716,3.703120268541976,25.0,0.0,-0.003111134666445044,0.6523860562592745,2.377347946166992,0.010441011677661058,0.13536580403645834,0.8097126142432292
2595.191539535299,97,6363648,6356992,2295.460294912064,2184.527269507392,94,100,4.779999995231629,4.1486865176369845,23.0,0.0,3.300000011920929,3.4741905610025743,19.0,0.0,-0.005260543458765217,0.568520100787282,2.384809950987498,0.01024588094999975,0.136810302734375,0.8227385257681211
2655.191997388378,99,6535168,6488064,2858.644852677548,2184.5166635386636,97,100,4.6299999237060545,4.362694090881944,23.0,0.0,3.6199999809265138,3.610484641626338,18.0,0.0,-0.004796442762502314,0.6010221466422081,2.362304257849852,0.011604170522938754,0.1640777587890625,0.8261534621318181
2724.4254223555326,102,6684672,6684672,2159.419385519732,2839.7843973958115,98,100,4.580000019073486,4.03281537717049,23.0,0.0,3.4199999809265136,3.350164124766042,18.0,0.0,-0.0030543270040652715,0.6449341767778,2.3792339836557703,0.009589757322222189,0.1385955810546875,0.8189101740717889
2784.425695247948,104,6832896,6815744,2470.3887641607143,2184.5233976688874,101,100,4.970000123977661,4.4887750457928615,29.0,0.0,3.5699999570846557,3.188275376255315,17.0,0.0,-0.003140819290517053,0.6690606580426295,2.3642484719554586,0.011675706161137592,0.14932759602864584,0.8303298124422629
2844.4258118588477,106,7002624,6946816,2828.7945021954733,2184.5290876682993,103,100,4.310000038146972,3.4313117144672,17.0,0.0,3.1900000095367433,2.809608493798727,14.0,0.0,-0.004850596342294011,0.5801013534267744,2.36928832779328,0.011948698732643,0.14859517415364584,0.833004622409741
2911.3797507788986,109,7143424,7143424,2102.938262797774,2936.4665196885276,105,100,5.110000014305115,4.263554809612959,22.0,0.0,3.8299999952316286,3.45558970825715,16.0,0.0,-0.003849186518588492,0.6294958759099246,2.3529216647148132,0.012862654678125788,0.16704305013020834,0.8296918657918771
2971.380117850378,111,7290624,7274496,2453.3183242802147,2184.5199687503823,107,100,5.340000009536743,4.815018097015462,23.0,0.0,3.5799999833106995,3.0005999397066843,13.0,0.0,-0.0026048398697942807,0.6772778282562891,2.3442422275741897,0.010777501228706871,0.14290364583333334,0.8208547954758009
3031.3805470671505,113,7467008,7405568,2939.7123037695574,2184.5177061393515,109,100,5.37000002861023,4.8490308631168055,28.0,0.0,3.3799999713897706,3.218011812772135,15.0,0.0,-0.0031807560299057513,0.6939317298432192,2.361279624203841,0.01104767502086664,0.13811238606770831,0.823105426505208
3097.8292768858373,116,7602176,7602176,2034.169808344294,2958.7924485007916,113,100,5.249999833106995,4.215151187573329,20.0,0.0,3.3199999809265135,3.3041791333216697,17.0,0.0,-0.004998113632609602,0.640294981499513,2.3610242754220967,0.011352584466294502,0.14601643880208334,0.8378484454005957
3157.8295755628496,118,7747072,7733248,2414.921311975292,2184.52245888931,115,100,5.0800000667572025,3.7514798292930474,16.0,0.0,3.759999990463257,3.6472454773911474,16.0,0.0,-0.005582194477028679,0.6069005221749345,2.3679423754413924,0.010263649572758975,0.14270528157552084,0.8434776539603869
3217.8367608394474,120,7912960,7864320,2764.4689421000858,2184.2717567210557,117,100,5.119999980926513,4.2855105901710235,24.0,0.0,3.4700000047683717,3.299863625059316,14.0,0.0,-0.003950766724301502,0.6218765722587705,2.3745085621873536,0.010380094037221472,0.1308746337890625,0.8460414490352075
3286.096573168412,123,8060928,8060928,2167.7176504221534,2880.2891964086743,119,100,5.6800000190734865,4.947484101419297,24.0,0.0,3.4899999856948853,3.4597543650868268,17.0,0.0,-0.004874585055707334,0.6540060704573989,2.3611728598674135,0.012818274390762477,0.17325846354166669,0.8567492496222258
3346.0969135165215,125,8204032,8192000,2385.053137527889,2184.5209417071183,122,100,4.82999997138977,3.8237546237398883,17.0,0.0,4.1099999904632565,5.635414486918889,47.0,0.0,-0.003682694092276506,0.6706064573178688,2.3639073595404625,0.012195697256174753,0.15264383951822919,0.855838971833388
3406.097311399877,127,8369920,8323072,2764.781665656555,2184.518846938513,124,100,5.75,4.689083072676453,26.0,0.0,3.3799999952316284,3.3934643527873325,18.0,0.0,-0.004437324624935475,0.7260878989472985,2.354220805068811,0.01135161641650484,0.149169921875,0.8332540324578682
3475.1486369427294,130,8519680,8519680,2168.821508097785,2847.2733644770924,126,100,5.1,4.099999999784565,25.0,0.0,3.859999990463257,3.657922913404888,17.0,0.0,-0.003127542334065462,0.7075800398985544,2.3543655922015505,0.010561879006369661,0.1385650634765625,0.8481788362065952
3535.149252295494,132,8669696,8650752,2500.2410244962184,2184.5109292526686,128,100,5.420000004768371,4.361605244940315,18.0,0.0,3.85,3.533765668221554,14.0,0.0,-0.003789029399437519,0.6698504146188498,2.355522945523262,0.012398281924712744,0.16603597005208334,0.8398721863826116
3595.1561072953045,134,8840960,8781824,2854.0739220634205,2184.2837789184923,131,100,6.380000066757202,5.465857627419678,30.0,0.0,3.3899999618530274,3.0328039748279974,13.0,0.0,-0.0028516515352142355,0.7035338347777724,2.3553101643919945,0.013839269613526994,0.17045084635416666,0.8426279947161674
3661.255670864135,137,8978432,8978432,2079.7716743900783,2974.422059462905,133,100,5.779999923706055,4.323378248733119,21.0,0.0,3.7300000190734863,3.5520557548168172,17.0,0.0,-0.00493025932519231,0.6485630022361875,2.3654083510239916,0.01107169338259458,0.13933817545572916,0.8473637675245602
3721.25582768023,139,9124096,9109504,2427.7269882222286,2184.5276238484726,135,100,4.9899999618530275,3.7775522427143104,19.0,0.0,3.619999957084656,3.354936595803525,15.0,0.0,-0.0038886465699761175,0.6525749294087291,2.365545079112053,0.013870036766093108,0.17280069986979166,0.8468235998104016
3781.2586601357907,141,9298944,9240576,2913.9957706079344,2184.430211641673,137,100,5.810000038146972,5.220526912709218,29.0,0.0,4.460000050067902,4.295160121129153,20.0,0.0,-0.004418052267283201,0.6092931777238846,2.3671491891145706,0.009415398120836471,0.1396026611328125,0.8462788872420788
3848.9963853564113,144,9437184,9437184,2040.8125538576126,2902.4889654863823,140,100,5.509999990463257,4.323181721793934,22.0,0.0,4.1099999904632565,3.668500995879512,16.0,0.0,-0.004472011334049361,0.5901895333081485,2.3624511485298476,0.009762144749402069,0.13678487141927084,0.8362214894344409
3908.9969318322837,146,9576960,9568256,2329.57878235671,2184.51343693523,142,100,5.930000042915344,5.181225832223434,30.0,0.0,3.859999990463257,4.411394220077793,24.0,0.0,-0.00476939621027365,0.6592925672108928,2.3544560347994166,0.010966719570812227,0.14276631673177081,0.8307662482062975
3968.9974808525294,148,9752832,9699328,2931.1731787763547,2184.5133442991173,145,100,5.340000033378601,4.2313591518102465,21.0,0.0,4.740000081062317,4.723600353200869,35.0,0.0,-0.0035565436798303076,0.6549868183210492,2.368752772609393,0.011341121658309325,0.1506805419921875,0.8413947839289904
4039.1218301001936,151,9895936,9895936,2040.7176898652885,2803.7051624625074,147,100,6.1800000190734865,5.3355036748593845,23.0,0.0,4.699999976158142,4.389760926632313,26.0,0.0,-0.003335806970426347,0.7200597583626708,2.3162171840667725,0.009119254078541417,0.11612955729166667,0.8390004523098468
4099.122309800237,153,10041856,10027008,2431.980556313677,2184.515868127373,149,100,6.4100000858306885,5.598383680328486,31.0,0.0,4.349999976158142,3.915035090374826,18.0,0.0,-0.00530278180425133,0.652319211512804,2.3232463424404464,0.011440119841912141,0.15226745605468747,0.8599020907034476
4159.122497458011,155,10214912,10158080,2884.2576457772,2184.526500943678,151,100,6.410000038146973,4.720370681958421,24.0,0.0,3.9899999618530275,3.456862673493819,15.0,0.0,-0.0028425813458549483,0.7157844190175334,2.329451782008012,0.01333903405854168,0.16736857096354166,0.8531392477452755
4226.113924328238,158,10354688,10354688,2086.475934760556,2934.8232928500124,154,100,6.159999990463257,5.3660414696111935,26.0,0.0,4.540000009536743,3.889524359690596,20.0,0.0,-0.0029986859905572296,0.7542281337082386,2.3194991201162343,0.013174910277787905,0.17429097493489584,0.8626326769590378
4286.113966589794,160,10502912,10485760,2470.398259952102,2184.531794638128,156,100,5.559999990463257,3.8892672671862814,18.0,0.0,4.580000019073486,5.014339458836019,32.0,0.0,-0.0029076585851726122,0.7884315798679987,2.343882900973161,0.011719465218144856,0.1488494873046875,0.8454315563042959
4346.1141965352,162,10670336,10616832,2790.3893060466207,2184.5249613086694,159,100,6.2799999713897705,4.874587140800968,30.0,0.0,3.7899999380111695,3.829608299850215,19.0,0.0,-0.0015489674090834644,0.7238114615902306,2.34976913779974,0.013353473918565822,0.170989990234375,0.8513828379412491
4413.220389675349,165,10813440,10813440,2132.500642692276,2929.8041030190843,161,100,6.050000095367432,4.543952016992085,20.0,0.0,3.7799999952316283,3.4542148196235547,19.0,0.0,-0.0019282094726804646,0.7861947373797495,2.353017476697763,0.010569256910457625,0.1324615478515625,0.8516139692316452
4473.220744531602,167,10958336,10944512,2414.9190508479187,2184.52041348787,163,100,5.889999961853027,4.886501819085548,24.0,0.0,4.610000038146973,5.306401602776206,41.0,0.0,-0.0033074405182560444,0.7186006788785259,2.3752226928869886,0.010435495950635717,0.12777201334635419,0.8327050084869067
4533.221073977649,169,11129600,11075584,2854.38432723942,2184.5213386346536,166,100,6.1800000190734865,4.792452375127958,21.0,0.0,4.190000033378601,3.9004999742378277,19.0,0.0,-0.003334180398572547,0.6526560516407093,2.3736705606182413,0.01424236802449741,0.18024698893229166,0.8513734129567941
4601.388772431761,172,11272192,11272192,2091.7825191940155,2884.1812831974935,168,100,5.090000069141388,4.2002262819281935,19.0,0.0,4.490000009536743,3.5818849944197995,15.0,0.0,-0.004778644957696088,0.6849749699855845,2.3453779915968576,0.013101690926608473,0.163543701171875,0.8562602462867895
4661.388896260411,174,11419904,11403264,2461.8615858500752,2184.528824879096,171,100,6.210000038146973,5.1328257678900275,23.0,0.0,4.549999952316284,4.184196413311134,20.0,0.0,-0.005892623936233576,0.6406243021289507,2.354433966179689,0.010723139868787257,0.1460723876953125,0.868887374177575
4721.388980580494,176,11589888,11534336,2833.062685265308,2184.530263337105,173,100,6.170000004768371,5.108923554877748,30.0,0.0,4.479999971389771,4.62488920798926,22.0,0.0,-0.004380717463694358,0.6838615921636422,2.333861095209916,0.012056569067984432,0.15576680501302084,0.8563570560266575
4789.051548562944,179,11730944,11730944,2084.697702230075,2905.7129497508117,176,100,6.419999980926514,5.865458199569327,43.0,0.0,4.579999947547913,3.847544632711112,19.0,0.0,-0.003939049088027483,0.6379664344713092,2.3287899593512216,0.013639100001455516,0.17210896809895834,0.8681787463525932
4849.051726676524,181,11879680,11862016,2478.925974493679,2184.5268484350495,176,100,6.419999980926514,5.865458199569327,43.0,0.0,4.579999947547913,3.847544632711112,19.0,0.0,-0.004641031094555122,0.7501995327572029,2.3074495121836662,0.015267636798550182,0.183624267578125,0.8625039358933767
4909.051909044385,183,12046592,11993088,2781.858211307794,2184.526693542317,178,100,6.190000057220459,5.375304558322412,28.0,0.0,4.8900000095367435,4.810187049103693,20.0,0.0,-0.0015872277629872162,0.7246953199307125,2.3268501286705336,0.014742573701975441,0.18553670247395834,0.8494757432490587
4976.032824879512,186,12189696,12189696,2136.489150913506,2935.283842399951,181,100,6.790000009536743,5.381997691562665,26.0,0.0,4.319999957084656,3.532364720177135,17.0,0.0,-0.0018614637083373964,0.7704997841889659,2.314044495423635,0.014353782213220256,0.18045552571614581,0.8575230712691944
5036.033432010561,188,12337920,12320768,2470.3750026438856,2184.5112285901027,183,100,6.549999952316284,5.318599269626888,26.0,0.0,4.729999995231628,4.55160413367899,22.0,0.0,-0.003533521749583694,0.729710497893393,2.3234941636522612,0.011951222079005674,0.15020243326822916,0.8637616833051046
5096.034025715664,190,12502528,12451840,2743.439520099295,2184.5117174041043,186,100,5.839999961853027,4.822281601562477,26.0,0.0,4.389999985694885,4.3241067969902,24.0,0.0,-0.00444897612760542,0.7204215191304685,2.3373137563467026,0.010030767303760513,0.1371612548828125,0.853258661304911
5164.260112266988,193,12648448,12648448,2138.771361160085,2881.7129918788514,188,100,6.199999976158142,5.1652686027572,23.0,0.0,4.250000023841858,4.245880375789001,21.0,0.0,-0.0033308560329411803,0.7093015341088176,2.3240603382388754,0.013640825123729883,0.17168172200520831,0.8670863900333643
5224.26019442454,195,12795904,12779520,2457.596634831268,2184.5303420722385,190,100,5.879999995231628,4.852380975773811,30.0,0.0,4.37999997138977,4.061477601125394,25.0,0.0,-0.0013470905517654805,0.672164832862715,2.341598061223825,0.014074326960326289,0.16990152994791666,0.8586325993140539
5284.260195348412,197,12965888,12910592,2833.066623043485,2184.533299696181,193,100,6.510000133514405,4.723335669560626,22.0,0.0,3.9299999713897704,4.028039156191244,22.0,0.0,-0.004542921211395878,0.70387545786798,2.329022452235222,0.012095006264037996,0.15943400065104166,0.8541696580747763
5352.846829671413,200,13107200,13107200,2060.3431177932903,2866.5643377993606,195,100,5.35,4.030818740637757,19.0,0.0,3.8100000381469727,4.683364360944046,32.0,0.0,-0.004552707510204831,0.6869238351161282,2.3269421135385833,0.016203176650985068,0.19375610351562497,0.859025809292992
5412.84687734209,202,13249792,13238272,2376.531445152273,2184.5315976983193,197,100,6.619999980926513,5.416234843158103,32.0,0.0,4.590000081062317,4.78559297003815,23.0,0.0,-0.004691030830144882,0.6589721388493975,2.3256142487128577,0.013907406137150247,0.17162068684895834,0.8576306576530138
5472.847125625238,204,13422336,13369344,2875.7214334471714,2184.5242936571985,200,100,6.790000009536743,5.598740957584326,27.0,0.0,5.039999985694886,5.122343238583065,24.0,0.0,-0.00279281853242234,0.6633631916095812,2.337083282570044,0.015333526375494936,0.17969258626302081,0.8655361092338959
5540.784979388118,207,13565952,13565952,2113.9319546545526,2893.9389325752163,203,100,6.589999866485596,4.866405215141081,21.0,0.0,5.250000071525574,4.966638705671667,26.0,0.0,-0.0025373890869862708,0.8026973304028312,2.3282438591122627,0.010668355389498174,0.14202372233072916,0.8611631530026596
5600.785219816491,209,13705728,13697024,2329.5906650051024,2184.5245796384843,205,100,6.12999997138977,4.918648113574188,23.0,0.0,4.659999990463257,4.537003374157129,23.0,0.0,-0.004781171795912087,0.6743192818636695,2.333262105782827,0.011250890810818722,0.14966837565104166,0.8433892497171959
5660.785329464823,211,13874176,13828096,2807.4615361087567,2184.529341166692,208,100,6.579999947547913,6.001966353809439,32.0,0.0,4.790000009536743,5.0105788445623345,28.0,0.0,-0.0012578138666867744,0.7552866109957297,2.3203368087609606,0.015205832063656999,0.18609619140625,0.8399977715065082
5729.596053587273,214,14024704,14024704,2187.5659923609155,2857.2290512469103,210,100,7.2,5.966573620355562,38.0,0.0,4.849999976158142,4.519679181552766,22.0,0.0,-0.002296070653149703,0.7792097019652526,2.2961605365077653,0.01567413877576958,0.18444315592447919,0.8773919735103846
5789.597034383565,216,14165504,14155776,2346.628307260942,2184.4976242138227,213,100,7.0499999046325685,5.3373683093207545,23.0,0.0,4.759999990463257,4.282802759805838,22.0,0.0,-0.002578019916351574,0.7574431256701548,2.295937165617943,0.01363352299752781,0.17554219563802081,0.8712596191714207
5849.603842979297,218,14342912,14286848,2956.4645104725437,2184.2854680547507,213,100,7.0499999046325685,5.3373683093207545,23.0,0.0,4.759999990463257,4.282802759805838,22.0,0.0,-0.003054463222118405,0.8245433292662103,2.3067008331418033,0.015219858193328642,0.18682352701822916,0.8723479776332776
5916.9647873509675,221,14483456,14483456,2086.431556311547,2918.723925769159,218,100,6.130000066757202,4.9450075079709395,21.0,0.0,4.829999995231629,4.514543163032586,21.0,0.0,-0.0030108732486648173,0.7922636621321241,2.2752687583367033,0.014352749647514429,0.17783101399739584,0.8817782855282227
5976.965232253075,223,14631936,14614528,2474.6483170624892,2184.5171350620594,218,100,6.130000066757202,4.9450075079709395,21.0,0.0,4.829999995231629,4.514543163032586,21.0,0.0,-0.0023137463819390782,0.8512547944361964,2.279288252194722,0.011945542254276612,0.16054280598958334,0.8595319241285324
6036.965232916176,225,14804992,14745600,2884.266634790633,2184.5333091905386,220,100,7.660000038146973,5.948478797853946,31.0,0.0,4.909999990463257,4.703392490447737,26.0,0.0,-0.0032658007670155107,0.7778384502356251,2.302296260992686,0.015852257135217464,0.19040425618489584,0.8667861707508564
6103.839241471142,228,14942208,14942208,2051.8584568953884,2939.9762964471233,225,100,6.600000047683716,5.274466712753723,22.0,0.0,4.639999961853027,4.369256184720047,18.0,0.0,-0.00255120520159835,0.8148900090406338,2.304712191224098,0.011969527875407946,0.14989217122395834,0.8554132940868536
6163.839720480144,230,15084032,15073280,2363.7144626582194,2184.5158932870186,225,100,6.600000047683716,5.274466712753723,22.0,0.0,4.639999961853027,4.369256184720047,18.0,0.0,-0.0005719922337448224,0.7803327959651748,2.2884427284200988,0.01609964094798973,0.195465087890625,0.8589243181049824
6223.839909823611,232,15258880,15204352,2914.124137160526,2184.526439569823,227,100,7.090000009536743,6.628868570860884,40.0,0.0,5.930000042915344,6.129037399474429,31.0,0.0,-0.0011776334625513603,0.8474876657128333,2.2828509757916136,0.014999025938474613,0.17923482259114584,0.8542396277189255
6291.843397507444,235,15400960,15400960,2089.3046053839166,2891.1458323150414,230,100,6.2399999618530275,5.846571650114972,39.0,0.0,4.630000019073487,4.759527248808694,23.0,0.0,-0.0039063170018683495,0.7964969205980499,2.3045216500759125,0.012827387587700892,0.16085815429687503,0.8498113850752512
6351.843506881967,237,15548672,15532032,2461.862178916635,2184.5293511357313,232,100,7.230000114440918,5.942819238504482,33.0,0.0,4.040000033378601,4.720000099156424,32.0,0.0,-0.0026274862029822543,0.7923468810816605,2.282619595527649,0.012769501011158962,0.167388916015625,0.8738757378111284
6411.843512430787,239,15721216,15663104,2875.7330673845854,2184.5331313069846,235,100,6.380000019073487,5.135718031636104,31.0,0.0,4.979999995231628,5.399962922523559,25.0,0.0,-0.0002749987470451743,0.8651160731290778,2.2993458583950996,0.01789889085921459,0.21410115559895834,0.8664716389030217
6478.2315567638725,242,15859712,15859712,2086.158756313576,2961.49708844515,237,100,7.07999997138977,5.799448240583596,22.0,0.0,4.730000019073486,4.275172536336419,19.0,0.0,-0.0020160170388408005,0.8364962904403607,2.2964824363589287,0.01610562195734625,0.19713846842447916,0.8653885082652171
6538.231985477731,244,16004096,15990784,2406.382805839053,2184.5177244496367,240,100,6.529999923706055,5.490819531190365,31.0,0.0,5.4,4.874422969870737,24.0,0.0,-0.0028528444236144423,0.8942967063436905,2.282750276227792,0.012343658141010868,0.16417439778645834,0.8581073948492606
6598.232119711116,246,16177152,16121856,2884.260213933122,2184.528446055856,243,100,7.7999999046325685,7.317103305692762,38.0,0.0,4.590000057220459,4.259330911654681,18.0,0.0,-0.002543215460415619,0.8045199858024716,2.3084644625584283,0.014273340229313666,0.17186482747395834,0.8651930751899878
6665.717055583373,249,16318464,16318464,2093.9784290155008,2913.361292543305,243,100,7.7999999046325685,7.317103305692762,38.0,0.0,4.590000057220459,4.259330911654681,18.0,0.0,-0.003550092105191046,0.8461934812366964,2.301336365441481,0.012433351865183795,0.15511576334635416,0.8577174562960863
6725.719453783706,251,16461056,16449536,2376.438347079407,2184.4460210137454,246,100,8.29000015258789,6.621623739210843,33.0,0.0,5.4199999332427975,5.8518030813001785,28.0,0.0,-0.0021280895574212386,0.9529166668653488,2.3167588561773296,0.011557374657665303,0.14559427897135419,0.8437880935768287
6785.719976251945,253,16635136,16580608,2901.308069311367,2184.5143110109116,249,100,6.92000002861023,6.118300412677053,33.0,0.0,4.739999938011169,4.48022320513362,21.0,0.0,-0.002998859917473358,0.741547878831625,2.3076792185505233,0.013697477686340182,0.1668701171875,0.869807547579209
6853.547620844096,256,16777216,16777216,2094.7211252038874,2898.6411246064604,251,100,8.019999933242797,7.299287900462,48.0,0.0,4.959999990463257,5.003838541781065,28.0,0.0,-0.002847390137806845,0.7907148577893773,2.2964979906876883,0.013292296264504936,0.15911865234375,0.8681385684758426
6913.54799179174,258,16923648,16908288,2440.5182449251106,2184.5198276252736,254,100,6.980000066757202,6.08272964379303,28.0,0.0,5.470000052452088,6.44896117010638,36.0,0.0,-0.0013918502130157624,0.7121407563487689,2.299566795428594,0.01629726215166253,0.2052459716796875,0.8758426047861576
6973.5482881795615,260,17095168,17039360,2858.6525455033297,2184.5225422353806,257,100,5.800000095367432,4.540925018502125,19.0,0.0,4.420000004768371,4.481473000022799,23.0,0.0,-0.002992701042482319,0.7438045411060255,2.296955409149329,0.014847588273672349,0.19249471028645834,0.8714890157183012
7040.903785213828,263,17235968,17235968,2090.4010244088777,2918.959975901851,259,100,7.729999971389771,5.984738942637195,30.0,0.0,4.100000023841858,4.410215465825503,23.0,0.0,-0.0033712498722403934,0.7127559458216032,2.3227032174666724,0.014546555691898297,0.174346923828125,0.872040681540966
7100.904013797641,265,17383168,17367040,2453.323986830821,2184.5250108824007,259,100,7.729999971389771,5.984738942637195,30.0,0.0,4.100000023841858,4.410215465825503,23.0,0.0,-0.0035968768255164227,0.7392949949329098,2.313181852300962,0.013644949331137468,0.17186991373697916,0.8811359362055858
7160.904141776264,267,17555968,17498112,2879.993857039203,2184.52867378381,262,100,6.329999923706055,5.323635954694213,29.0,0.0,4.429999947547913,4.958336263660632,21.0,0.0,-0.0017870057902958556,0.8185504206145804,2.291560965279738,0.015340171151668375,0.18572489420572916,0.8606733536968628
7228.655558159575,270,17694720,17694720,2047.9571853523353,2901.9024323811686,265,100,6.82999997138977,6.418808308210586,31.0,0.0,4.940000009536743,5.112377263549218,26.0,0.0,-0.0029028224841264696,0.8174157341321309,2.291814647614956,0.012667809140718116,0.15976969401041666,0.8697022708753746
7288.655650371686,272,17842176,17825792,2457.596222997748,2184.5299759979985,268,100,7.409999990463257,7.448617266285194,46.0,0.0,5.090000057220459,6.586493476264039,42.0,0.0,-0.000681801475972558,0.8501519995431105,2.2831743508577342,0.016426901083226163,0.19081624348958334,0.8824982270598412
7348.655709346756,274,18015232,17956864,2884.263831672276,2184.531186118647,271,100,6.990000033378601,5.556068905938094,24.0,0.0,5.540000057220459,4.873233077003197,21.0,0.0,-0.0024246323907088176,0.9320336207747458,2.273626714944839,0.012571793823250724,0.154632568359375,0.861577730625868
7414.880399698392,277,18153472,18153472,2087.438978815649,2968.802103204479,271,100,6.990000033378601,5.556068905938094,24.0,0.0,5.540000057220459,4.873233077003197,21.0,0.0,-0.0003748520102817566,0.8718879154572884,2.2913208653529487,0.01656421299715779,0.1926422119140625,0.8685660976916552
7474.880411913618,279,18296320,18284544,2380.7995152998956,2184.532888590585,274,100,8.020000123977661,6.845407288967559,31.0,0.0,5.63999993801117,6.055608971649236,33.0,0.0,-0.0012056748067455676,0.8634594647834698,2.285055821140607,0.014992801892731222,0.18908182779947919,0.8601241248349348
7534.880841774866,281,18465536,18415616,2820.2464614222954,2184.5176826750608,277,100,7.300000143051148,6.260191924585207,31.0,0.0,5.659999990463257,7.555422132064722,41.0,0.0,-0.0031892002225504257,0.8001451240852475,2.3055276498198505,0.01426437827043022,0.17677815755208334,0.8720901074508826
7603.147443104535,284,18612224,18612224,2148.7520565381933,2880.002756407212,280,100,6.590000009536743,5.938173127072759,34.0,0.0,5.080000019073486,5.707328652901183,32.0,0.0,0.00013600595411844552,0.8627704891065756,2.2929446622729306,0.017761943887914338,0.19849141438802084,0.8723349043478569
7663.147918919101,286,18761216,18743296,2483.180307777325,2184.516009591049,283,100,6.610000038146973,5.098813613002871,20.0,0.0,5.529999995231629,7.279361055006677,44.0,0.0,-0.0029390139655636935,0.8388411651055018,2.2882073273261385,0.015365658037505149,0.18683369954427084,0.8725333344191312
7723.147976022214,288,18928128,18874368,2781.8640191151067,2184.5312542744396,283,100,6.610000038146973,5.098813613002871,20.0,0.0,5.529999995231629,7.279361055006677,44.0,0.0,-0.0019637340446934104,0.8552935123443604,2.2856732656558356,0.013805698681001862,0.1685791015625,0.8709885782251755
7791.61918867752,291,19070976,19070976,2086.2490156135805,2871.396494607939,286,100,7.85,7.041839364172107,33.0,0.0,5.000000023841858,4.829078654346988,20.0,0.0,-0.0034276073711225763,0.8132121951008837,2.289160393178463,0.01597323815803975,0.18345642089843747,0.8825099002569914
7851.619667291641,293,19214336,19202048,2389.314274007456,2184.5159076639593,289,100,6.3900000095367435,4.749515801872824,24.0,0.0,5.160000038146973,5.952680090280017,42.0,0.0,-0.0028296015467882776,0.7854356902341048,2.3004869942863784,0.01452082706236979,0.17135111490885416,0.8934866761167845
7911.619943255559,295,19381248,19333120,2781.8538718117993,2184.523285839941,291,100,7.729999995231628,7.202576032272348,43.0,0.0,4.780000066757202,4.794955752274623,28.0,0.0,-0.00022056672605685892,0.9632110223174095,2.31901399542888,0.01236704936127353,0.155975341796875,0.8526918546607096
7981.076183417812,298,19529728,19529728,2137.7488855305587,2830.6743863577053,294,100,6.889999961853027,5.357041998301668,23.0,0.0,4.609999966621399,4.370114434807969,21.0,0.0,-0.0025967206408192096,0.762355862185359,2.3093545362353325,0.016189681793548516,0.1926727294921875,0.8753585300097863
8041.0764580164105,300,19677440,19660800,2461.855399632627,2184.5233355492287,296,100,6.7399999618530275,5.445401782756429,25.0,0.0,5.449999976158142,6.258394267897637,43.0,0.0,-0.0030751288189397505,0.8600541974107424,2.3022566760579743,0.013414761326809337,0.16174825032552081,0.8694408318648736
8101.076906744391,302,19841792,19791872,2739.1795142251503,2184.5169957683443,296,100,6.7399999618530275,5.445401782756429,25.0,0.0,5.449999976158142,6.258394267897637,43.0,0.0,-0.0021570304343185853,0.8341977450375755,2.29541357109944,0.01517660119437399,0.18264261881510416,0.8766908496618271
8168.447793262079,305,19988480,19988480,2177.320317159344,2918.2931999622624,300,100,7.209999895095825,6.221406557234927,33.0,0.0,5.310000061988831,5.460210685999111,33.0,0.0,-0.0035509685694705695,0.7673486458758513,2.290338290234407,0.01715881708272112,0.2029876708984375,0.8909756584713856
8228.447952421382,307,20134656,20119552,2436.260204108745,2184.527538535337,303,100,6.9100000858306885,5.665853857041126,23.0,0.0,5.6200000762939455,5.962851738956276,42.0,0.0,-0.0017115095203431943,0.8671733774244785,2.275820190707843,0.014951029183066568,0.179443359375,0.8567775835593542
8288.448102368042,309,20307200,20250624,2875.726146574497,2184.5278739557007,305,100,8.00999994277954,6.875310830895658,37.0,0.0,4.870000052452087,4.0215793070062835,18.0,0.0,-0.0011804585592471994,1.0067955330014229,2.2800752942760787,0.0114258223111392,0.14402770996093753,0.8673000627507766
8356.47093201615,312,20447232,20447232,2058.6029826222666,2890.323748910239,308,100,7.600000047683716,5.927900207130724,30.0,0.0,5.190000009536743,6.572206518472497,52.0,0.0,-0.0019196033293458943,0.9023906672373414,2.271551708380381,0.016330449985010397,0.1828155517578125,0.866251423334082
8416.471301022917,314,20599040,20578304,2530.117772823639,2184.51989828955,310,100,8.169999885559083,7.5631408821921,43.0,0.0,5.820000028610229,5.37471858696867,24.0,0.0,-0.00312101552359915,0.8599160344650347,2.285871759057045,0.014596975498837613,0.17286173502604166,0.8813324874887863
8476.473296964541,316,20773120,20709376,2901.236821677773,2184.4606657338527,313,100,6.9499999523162845,5.836737089129979,28.0,0.0,6.020000076293945,6.900695749282035,48.0,0.0,-0.00017769874830264598,0.9251557203630607,2.2802526354789734,0.01618166294247203,0.18908182779947919,0.8501454678674538
8544.439895737916,319,20905984,20905984,1954.8425608734062,2892.715003373364,313,100,6.9499999523162845,5.836737089129979,28.0,0.0,6.020000076293945,6.900695749282035,48.0,0.0,-0.0012142773921368644,0.9071394751469295,2.283115307490031,0.018021969694624808,0.19125366210937503,0.8690756758054098
8604.440147371963,321,21050368,21037056,2406.389907839503,2184.5241716557193,316,100,7.6999999523162845,6.184658498696704,29.0,0.0,5.119999980926513,5.444777240487519,24.0,0.0,-0.001989315453101881,0.9728508951763313,2.2826182171702385,0.015570527288218727,0.1680755615234375,0.8642076111088196
8664.440864639357,323,21226752,21168128,2939.6981908389885,2184.507218736665,319,100,7.759999990463257,6.259584663963141,36.0,0.0,6.270000004768372,6.384128789755886,34.0,0.0,-0.0018249059406419592,1.0064035796870787,2.28269741187493,0.013428592844623685,0.16861979166666669,0.8572043857226769
8731.391236776486,326,21364736,21364736,2060.989290953872,2936.622960023328,322,100,7.0100000381469725,5.872810347044076,26.0,0.0,5.690000081062317,5.7231024359091585,28.0,0.0,-0.0005345961302130793,0.9600449353456497,2.29775183647871,0.014889356339457057,0.17034403483072919,0.8543603631357352
8791.391635775566,328,21510400,21495808,2427.7171890512486,2184.518806316765,325,100,8.150000047683715,6.776983147480088,36.0,0.0,5.839999985694885,5.317367713321605,22.0,0.0,-0.0017531306002638303,1.0172870811074972,2.297018642226855,0.011065753604877198,0.14532979329427081,0.8437184834231932
8851.391916519031,330,21677056,21626880,2777.587003510013,2184.5231118235433,325,100,8.150000047683715,6.776983147480088,36.0,0.0,5.839999985694885,5.317367713321605,22.0,0.0,-0.0008507521076050277,0.9322131918743252,2.3051818683743472,0.01563544156124408,0.1854095458984375,0.868259468426307
8919.989451760426,333,21823488,21823488,2134.6539563659935,2866.108808547348,327,100,7.719999885559082,6.412612400833024,37.0,0.0,6.610000014305115,7.467121311221126,46.0,0.0,-0.003858769833944583,0.8403567653149365,2.3064143309990564,0.016798687234768295,0.19119771321614584,0.8825699283430973
8979.989565251395,335,21969664,21954560,2436.26205843764,2184.529201261071,330,100,8.030000066757202,6.075286004358722,28.0,0.0,6.150000071525573,5.736505924838519,25.0,0.0,-0.0013778492187460265,0.9051098149890701,2.32558607061704,0.014939011321985163,0.17749532063802084,0.8656048284222683
9039.989636391401,337,22137088,22085632,2790.3966915193687,2184.5307432078234,334,100,8.149999952316284,6.895469545573171,29.0,0.0,6.339999985694885,6.589719112660483,44.0,0.0,-0.0010792246272709842,0.9173885043710469,2.321156412363052,0.01563105548848398,0.18817138671875,0.8723066703726848
9107.98199672252,340,22282240,22282240,2134.8280791124143,2891.6189854644344,336,100,8.05,7.431520575470957,47.0,0.0,5.699999976158142,5.269724970122103,22.0,0.0,-0.0018357043857880246,0.7670357891668875,2.3458155716458955,0.01619223265637023,0.19110107421875,0.8792488078276316
9167.982330061495,342,22432256,22413312,2500.252776138335,2184.521196899023,339,100,8.410000085830688,6.353101794054656,29.0,1.0,5.739999914169312,5.404849606698024,23.0,0.0,-0.0036038882317370735,0.8173884116113187,2.3197983503341675,0.013047003444929334,0.16018168131510416,0.8807214312255383
9227.983084984124,344,22602496,22544384,2837.2976343302057,2184.5058477850603,339,100,8.410000085830688,6.353101794054656,29.0,1.0,5.739999914169312,5.404849606698024,23.0,0.0,-0.0021851919882465154,0.9372110969076554,2.3309414287408194,0.011959322804614205,0.16124471028645834,0.8623934133599201
9295.041229719296,347,22740992,22740992,2065.3121339242484,2931.903362021854,342,100,9.52999997138977,7.803146621821316,42.0,0.0,6.539999938011169,6.139087714331754,33.0,0.0,-0.0010847442463273183,0.9482742982606093,2.27391109118859,0.015195140934035104,0.17674763997395834,0.8769766738017399
9355.041764607653,349,22892800,22872064,2530.1107778867195,2184.5138588161894,342,100,9.52999997138977,7.803146621821316,42.0,0.0,6.539999938011169,6.139087714331754,33.0,0.0,-0.0020459066533173123,0.9561341945081949,2.279843397438526,0.014053676397452364,0.16864013671875,0.8775784348448118
9415.041941206902,351,23058944,23003136,2769.0585164390814,2184.5269035698147,345,100,9.959999895095825,8.885853915265994,36.0,0.0,6.720000052452088,6.926875188970498,33.0,0.0,0.00044901126724046964,1.0269205644726753,2.298119214673837,0.01879223241424673,0.21227518717447919,0.8656346574425697
9482.696127340198,354,23199744,23199744,2081.172031581158,2906.072945916963,349,100,8.190000009536742,6.933534522782897,38.0,0.0,6.320000076293946,5.926010489510616,29.0,0.0,-0.0020485418135649525,0.9037710456177592,2.3034355541070304,0.015000267708577061,0.17738850911458331,0.8769174950818222
9542.69615322724,356,23343104,23330816,2389.3323024542274,2184.5323908152936,352,100,8.359999942779542,7.486681576954625,38.0,0.0,6.380000042915344,6.932214585704322,39.0,0.0,1.8312925628076015e-05,1.0247008005777996,2.282612544794877,0.011988151249776516,0.149810791015625,0.8610868478814762
9602.696502298117,358,23515904,23461888,2879.9832446953915,2184.5206241245046,355,100,8.309999942779541,6.157426417243524,29.0,0.0,6.179999995231628,6.145535106377621,35.0,0.0,-0.00017648498032940554,1.002039999390642,2.25012485931317,0.017356842696851043,0.1911773681640625,0.8779849136869112
9671.074935248122,361,23658496,23658496,2085.3358851358366,2875.2925669377423,355,100,8.309999942779541,6.157426417243524,29.0,0.0,6.179999995231628,6.145535106377621,35.0,0.0,-0.0022889745184026347,0.9126098677515984,2.289084518949191,0.014928178716218099,0.18485514322916669,0.8811255575468143
9731.075237667188,363,23806720,23789568,2470.387548461731,2184.5223226466433,358,100,8.549999952316284,5.891307154264588,27.0,0.0,5.920000100135804,5.30033966938457,23.0,0.0,-0.0025860197032064507,0.9827517891923586,2.2891884744167323,0.01652332795371573,0.18709309895833334,0.8790305033326148
9791.075623610988,365,23978496,23920640,2862.9149179289484,2184.5192816387803,361,100,8.87999997138977,8.352580240997625,40.0,0.0,5.92000002861023,5.945889284769061,37.0,0.0,-0.001211990527129577,0.9453174307321509,2.293229709068934,0.0156254905705282,0.18042500813802081,0.8784599645684164
9858.5840272028,368,24117248,24117248,2055.3293015038757,2912.3485305442373,363,100,7.889999914169311,5.89049228657392,26.0,0.0,5.87999997138977,5.4153116044641925,24.0,0.0,-0.0024168253633736945,0.819476516606907,2.2882582818468413,0.015972134067851584,0.18699137369791669,0.9035502150654793
9918.584508882836,370,24262656,24248320,2423.4472112310173,2184.515796039227,366,100,9.190000057220459,7.650745051338929,34.0,0.0,6.1400000095367435,5.784496494635543,26.0,0.0,-0.0030830581308691762,0.8163395722707113,2.2906466523806253,0.016862235358227434,0.19991048177083334,0.8981726182003816
9978.58481194824,372,24437248,24379392,2909.8519687422777,2184.522299114437,366,100,9.190000057220459,7.650745051338929,34.0,0.0,6.1400000095367435,5.784496494635543,26.0,0.0,0.00048757445620140055,0.9902619778489073,2.2960869620243707,0.017717893183241056,0.20386759440104169,0.8837670957048734
10046.487853305414,375,24576000,24576000,2043.3841728849118,2895.422591836923,370,100,8.72000002861023,7.211213426932632,34.0,0.0,6.100000023841858,5.9974994352057704,28.0,0.0,0.00014373626133116582,0.9107340055828294,2.271561287343502,0.019277862182813504,0.21594746907552084,0.8826432699958483
10106.488293936476,377,24720640,24707072,2410.6489632197954,2184.517290563779,373,100,7.6999999523162845,5.860887175759251,31.0,0.0,6.400000023841858,6.182232885114505,37.0,0.0,-0.0008646108423514913,1.1199435337136188,2.291283515592416,0.01170097669334306,0.146881103515625,0.8619590134670336
10166.48847897537,379,24893952,24838144,2888.524425177231,2184.526596293563,376,100,8.560000038146972,6.642770465150194,30.0,0.0,6.040000033378601,7.277252186123997,43.0,0.0,-0.001004321359990475,0.9874064652249217,2.258867661158244,0.018413934862110185,0.21124776204427084,0.8889572185774645
10233.901741452515,382,25034752,25034752,2088.6097902135507,2916.458761607285,379,100,7.770000076293945,6.0180644965559305,26.0,0.0,5.760000061988831,6.373570496699675,42.0,0.0,-0.0013473598349567815,0.9359390487273533,2.3037832975387573,0.01721335755731464,0.1914825439453125,0.8790225895742576
10293.901882063597,384,25186048,25165824,2521.5940905987627,2184.5282138520583,379,100,7.770000076293945,6.0180644965559305,26.0,0.0,5.760000061988831,6.373570496699675,42.0,0.0,-0.001644376723561436,0.9149936139583588,2.3254981338977814,0.013948211228125729,0.17199707031250003,0.8800950987885395
10353.902003644034,386,25358592,25296896,2875.7275061298938,2184.5289067336876,381,100,8.71000008583069,7.8106273338100465,35.0,0.0,5.759999990463257,5.824293938376584,33.0,0.0,-0.0031267367230611853,0.9713791857163112,2.3010260487596192,0.012762026846151759,0.15736389160156253,0.8895556355516117
10418.920822808519,389,25493504,25493504,2074.968474261265,3023.8629757735325,381,100,8.71000008583069,7.8106273338100465,35.0,0.0,5.759999990463257,5.824293938376584,33.0,0.0,-0.0019681263559808335,1.1454530836393435,2.288020034631093,0.01265083968428371,0.1464385986328125,0.8652908069392046
10478.920910835266,391,25640192,25624576,2444.79641320874,2184.530128381981,385,100,9.369999837875366,8.538916719829018,48.0,0.0,6.58999993801117,6.982972137138235,37.0,0.0,0.0010608353065132785,1.075902171432972,2.3151159758369126,0.014502833983594124,0.16357930501302081,0.8775105178356171
10538.9210780859,393,25814016,25755648,2897.0585910852683,2184.5272439405853,389,100,7.540000009536743,6.13582912888041,36.0,0.0,6.119999933242798,6.580699027640964,31.0,0.0,-0.002448651483670498,0.9191679175322254,2.2942359199126563,0.013613125494278695,0.15382385253906253,0.9035847410559653
10605.738210072741,396,25952256,25952256,2068.9304657258244,2942.4788845878393,392,100,8.380000114440918,7.249524268602553,46.0,0.0,6.380000019073487,6.046122707902654,28.0,0.0,-0.0013353189618404333,0.9929392089446386,2.3030532623330755,0.013183458362012363,0.16023763020833334,0.8787365977962812
10665.738728031516,398,26105088,26083328,2547.1780111132875,2184.514475192635,392,100,8.380000114440918,7.249524268602553,46.0,0.0,6.380000019073487,6.046122707902654,28.0,0.0,-0.0014996546985154662,0.979163642351826,2.304117719332377,0.015416533150831434,0.17880757649739584,0.8837066510071357
10737.90310068056,401,26279936,26279936,2422.913046723712,2724.4468812354476,395,100,8.87999997138977,7.81572757294034,47.0,0.0,7.459999990463257,6.603665556850395,28.0,0.0,-2.9591501515824375e-05,0.9534947214027245,2.31108570843935,0.01747481947313645,0.1933135986328125,0.8955482275535662
10797.903329616413,403,26424064,26411008,2402.124167794258,2184.5249980651156,398,100,9.190000057220459,9.130931033442012,46.0,0.0,5.719999957084656,5.03006948935119,24.0,0.0,-5.96044992562378e-06,0.9308862673739593,2.321055717766285,0.018879814565176883,0.20285542805989584,0.889275391275684
10857.903363447636,405,26598144,26542080,2901.3316974066315,2184.532101576758,401,100,8.100000095367431,6.272957947561711,36.0,0.0,6.270000028610229,6.16417880772762,38.0,0.0,0.000651639245916158,1.064162749486665,2.3230925922592482,0.01601274211740626,0.18662516276041666,0.8754039754470189
10925.434134958312,408,26738688,26738688,2081.1845749131153,2911.383886217254,404,100,9.719999980926513,8.052428119882796,43.0,0.0,5.88000009059906,5.402369815939077,32.0,0.0,-0.0017806821027382587,1.0184900953123965,2.3181647807359695,0.014315732920901308,0.16869608561197916,0.8702588714659214
10985.434656957164,410,26888960,26869760,2504.5115441307985,2184.514328100458,404,100,9.719999980926513,8.052428119882796,43.0,0.0,5.88000009059906,5.402369815939077,32.0,0.0,-0.0010635119009142122,0.9783365397403637,2.3090022429823875,0.015390898055557047,0.18781534830729166,0.8784299592177073
11045.434676224366,412,27061248,27000832,2871.4657445815187,2184.5326318361626,407,100,8.989999914169312,7.332796105741655,35.0,0.0,6.9100000858306885,6.482430084676761,36.0,0.0,-0.0029190179338911544,0.9598624516899388,2.315278060734272,0.016077775090404128,0.17969258626302084,0.8838628126929203
11113.42038770765,415,27197440,27197440,2003.2444616466883,2891.9017792192794,411,100,7.8000000476837155,7.712327848088081,55.0,0.0,6.119999980926513,5.899627079051206,32.0,0.0,-0.0029775147631880827,0.9701143475249409,2.315153273443381,0.015721357268679036,0.17923482259114584,0.8853203753630321
11173.42040451616,417,27342080,27328512,2410.665991338283,2184.5327213543383,411,100,7.8000000476837155,7.712327848088081,55.0,0.0,6.119999980926513,5.899627079051206,32.0,0.0,-0.0018716592094278894,0.9445296432822942,2.322592832148075,0.011921334937142092,0.15142822265625,0.8782828729599714
11233.420459112152,419,27508992,27459584,2781.8641353561334,2184.5313455557366,414,100,9.32000002861023,7.496505757134383,41.0,1.0,5.82999997138977,5.949882354190724,30.0,0.0,-0.0016715925133515461,0.9916259720921518,2.33199209968249,0.015278185666829812,0.1862335205078125,0.8754165718952814
11302.426416359842,422,27656192,27656192,2133.149163798158,2849.1453179078003,417,100,10.050000143051147,8.202895831564895,37.0,0.0,8.160000038146972,8.952899144177676,48.0,0.0,-0.002192447311244905,0.9220603359863162,2.3380210250616074,0.014078759178422237,0.163970947265625,0.8884705323725939
11362.426605787128,424,27800064,27787264,2397.859096334304,2184.5264365180847,417,100,10.050000143051147,8.202895831564895,37.0,0.0,8.160000038146972,8.952899144177676,48.0,0.0,-0.0028622119668095065,0.9273342232530316,2.3305207937955856,0.012627259728105855,0.15221150716145831,0.8838767210642497
11422.427510829642,426,27972096,27918336,2867.156751687414,2184.5003822380295,420,100,9.84000005722046,9.47599074341595,46.0,0.0,6.770000100135803,7.493804298526355,51.0,0.0,-0.002099509266069314,0.9218636754279336,2.3234097585082054,0.013527609121714098,0.16128031412760419,0.8844940749307473
11490.143160207197,429,28114944,28114944,2109.52713756813,2903.4352000937706,424,100,8.339999961853028,7.232177903457936,43.0,0.0,6.749999952316284,6.277539316344345,25.0,0.0,-0.001816181480535306,0.9818959174056847,2.322894386947155,0.011145495922392001,0.13581339518229169,0.8767372475316128
11550.14709316194,431,28260864,28246016,2431.840594683295,2184.390148206749,424,100,8.339999961853028,7.232177903457936,43.0,0.0,6.749999952316284,6.277539316344345,25.0,0.0,-0.0026361240234109573,0.8390952659149965,2.3441400254766145,0.017651874800018653,0.19759623209635416,0.8888582115372022
11610.147277079523,433,28436736,28377088,2931.1910150406006,2184.52663711905,427,100,9.22000002861023,8.048080391848469,48.0,0.0,7.130000114440918,6.284353624030623,27.0,0.0,-0.002299253358311641,0.9100896241143346,2.3078083097934723,0.016328744220421264,0.18054707845052081,0.8972897554437319
11676.70818258822,436,28573696,28573696,2057.6643144090704,2953.8059690956375,431,100,9.569999980926514,9.162155999038122,42.0,0.0,7.599999952316284,8.413085262196313,42.0,0.0,-0.001926839778510233,0.9252335807929437,2.3108822877208395,0.015229623014117045,0.17403666178385416,0.8800454648832481
11736.708251247182,438,28721664,28704768,2466.130511300614,2184.5308335396444,431,100,9.569999980926514,9.162155999038122,42.0,0.0,7.599999952316284,8.413085262196313,42.0,0.0,-0.0016849313033162616,0.9606686302771171,2.3034821872909865,0.013420973454534153,0.16171773274739584,0.87730055116117
11796.708277499303,440,28893952,28835840,2871.465410299056,2184.5323775232046,435,100,9.160000038146972,7.104533812960943,45.0,0.0,6.210000038146973,6.632186622230181,38.0,0.0,-0.0021259347316420945,0.9238284692789118,2.343310465415319,0.013299542279128218,0.15695699055989584,0.8928744811564684
11863.926343429834,443,29032448,29032448,2060.398467030203,2924.927953196295,438,100,9.910000038146972,8.33438060319325,39.0,0.0,7.030000019073486,7.277987209995064,38.0,0.0,-0.00037927848704081646,1.0883248609801135,2.3142394050955772,0.011786137852444275,0.15208943684895831,0.8772813864052296
11923.926569039002,445,29181696,29163520,2487.4573134470675,2184.525119185075,438,100,9.910000038146972,8.33438060319325,39.0,0.0,7.030000019073486,7.277987209995064,38.0,0.0,-0.0008063685114999921,0.9757494647055864,2.3122929980357485,0.01506405488665526,0.17368570963541669,0.888406906897823
11983.926596047357,447,29354496,29294592,2879.9987035995596,2184.532349989592,442,100,10.580000114440917,8.700781557527742,37.0,0.0,7.310000061988831,6.930649346713285,39.0,0.0,-0.0016571756059420295,0.9534134361892939,2.3171906049052873,0.016360819589560077,0.18944803873697916,0.8874238083759944
12050.667279072106,450,29491200,29491200,2048.285900060487,2945.8493843566553,445,100,11.819999885559081,9.754363021543123,40.0,0.0,8.060000038146972,8.218053341068872,40.0,0.0,-4.3936779547948444e-05,1.0074655655771494,2.324529692530632,0.016574571794384006,0.1844024658203125,0.8904556476821501
12110.667745515704,452,29644032,29622272,2547.1801980683827,2184.5163507722145,445,100,11.819999885559081,9.754363021543123,40.0,0.0,8.060000038146972,8.218053341068872,40.0,0.0,-0.0004664576529952077,1.0400009838243325,2.296932565669219,0.014386414385929433,0.17020161946614581,0.8812523055821657
12170.66787494719,454,29816832,29753344,2879.9937873020676,2184.5286208869015,449,100,9.590000104904174,8.232976316052948,32.0,0.0,7.25,6.606625544212853,43.0,0.0,0.00024839118123054504,0.9744163546711206,2.318975885709127,0.018964098242577165,0.20599365234375,0.8768806817630926
12236.426502421498,457,29949952,29949952,2024.3731524355517,2989.8434251355843,452,100,10.700000095367432,7.947955551946129,37.0,0.0,7.360000014305115,7.45857886164224,40.0,0.0,-0.0029737841590152434,0.9092653393745423,2.3013775547345476,0.016093061488087795,0.18471781412760416,0.8847505158434311
12296.427449991927,459,30097664,30081024,2461.827787413153,2184.498833891741,452,100,10.700000095367432,7.947955551946129,37.0,0.0,7.360000014305115,7.45857886164224,40.0,0.0,0.0004942155307314048,1.1069824838389952,2.289823070168495,0.016074523198161234,0.18954976399739581,0.8686627621452013
12356.427569834515,461,30274560,30212096,2948.260777879927,2184.528970006545,456,100,9.390000009536744,7.194296338269564,33.0,0.0,7.459999990463257,7.192245733750919,35.0,0.0,-0.0008027254928795932,1.0394150217374165,2.299867277344068,0.013494754896479813,0.156494140625,0.8834221716970205
12423.383342504501,464,30408704,30408704,2003.4717642819828,2936.3860972682496,459,100,9.619999933242799,8.425888408140944,39.0,0.0,7.440000009536743,8.519765230576313,48.0,0.0,0.0010734181948161374,1.148752414310972,2.2820220664143562,0.01720146299157932,0.19851684570312503,0.8858661260455848
12483.38363870047,466,30560768,30539776,2534.387488744033,2184.522549220446,459,100,9.619999933242799,8.425888408140944,39.0,0.0,7.440000009536743,8.519765230576313,48.0,0.0,0.0034773747793224175,1.0027629664788644,2.2989916056394577,0.019426522287782667,0.21247355143229166,0.8916226737201214
12543.38369575888,468,30731008,30670848,2837.330635107143,2184.531255902041,463,100,9.920000028610229,8.589155889651826,35.0,0.0,6.6999999523162845,6.55820070886577,42.0,0.0,0.0011060644853084038,1.0732857752591372,2.3097588444749513,0.01822265487741485,0.1938018798828125,0.878059479718407
12610.020953003317,471,30867456,30867456,2047.6232912690748,2950.421552898029,466,100,9.3,7.115476057282482,30.0,0.0,8.309999990463258,7.532190932659314,34.0,0.0,-0.00041722088159682857,1.0056494753807783,2.318316941459974,0.01664476899713918,0.17787679036458331,0.8935622697075208
12670.021421007812,473,31017728,30998528,2504.5137979380834,2184.5162939425873,466,100,9.3,7.115476057282482,30.0,0.0,8.309999990463258,7.532190932659314,34.0,0.0,-0.00013698056136490777,1.1339629863699277,2.3186240370074906,0.01837289116823134,0.19342549641927081,0.8654383048415184
12730.021491164342,475,31186432,31129600,2811.7300456462995,2184.530779015031,470,100,9.750000047683717,8.314294840582468,35.0,0.0,7.4300000190734865,6.193956680166409,35.0,0.0,0.00027449080031753204,1.0315278290460508,2.3134989365935326,0.018278388593292522,0.193756103515625,0.8867199507852395
12797.42128900811,478,31326208,31326208,2073.8341133306776,2917.0413901794145,473,100,10.530000066757202,8.151631818123105,40.0,0.0,7.459999990463257,8.162622036571259,52.0,0.0,-0.0013413167665324484,1.0169834236924846,2.2893620729446416,0.016070392999002554,0.18332926432291666,0.8893352405478556
12857.422028433532,480,31478272,31457280,2534.3687670551344,2184.5064120071193,476,100,11.019999980926514,9.556128883860186,49.0,0.0,8.380000066757201,7.864833222961155,40.0,0.0,-7.963127427501599e-05,1.0766163157920043,2.298782296478748,0.01600392359129425,0.18567911783854166,0.8782089091837405
12917.422086071223,482,31651840,31588352,2892.7972210974367,2184.5312348110438,476,100,11.019999980926514,9.556128883860186,49.0,0.0,8.380000066757201,7.864833222961155,40.0,0.0,0.0005058459040204374,1.0415362616380057,2.3061929767330485,0.014242327969744412,0.16880289713541666,0.8883544349422058
12983.961157739162,485,31784960,31784960,2000.6290539238364,2954.775218102897,480,100,9.730000019073486,8.640434034881403,45.0,0.0,6.450000047683716,6.373970488838381,36.0,0.0,-0.0005022470407614794,1.1996144006649654,2.2923733765880265,0.01386338957127009,0.157379150390625,0.8760994964589676
13043.9616078455,487,31932672,31916032,2461.8481984420587,2184.5169455846344,480,100,9.730000019073486,8.640434034881403,45.0,0.0,6.450000047683716,6.373970488838381,36.0,0.0,-0.001485042202451344,1.0815463662147522,2.2894767969846725,0.01780918081870671,0.1903228759765625,0.8920592560122411
13103.961748896167,489,32102912,32047104,2837.3266632197146,2184.528197847359,484,100,11.389999961853027,9.593638367128825,44.0,0.0,7.730000019073486,8.141074911225168,49.0,0.0,-0.0010114836829112999,1.0910313744097948,2.293357901275158,0.01319720379494053,0.15140279134114584,0.8796883213023345
13171.236288467422,492,32243712,32243712,2092.9165906942894,2922.4726211876623,487,100,11.040000057220459,9.79481474881,42.0,0.0,7.479999923706055,7.545170762039474,51.0,0.0,-0.0006920517917023972,1.1877726130187511,2.285589275260766,0.013241207044605593,0.149566650390625,0.8777258954942226
13231.236672623083,494,32391936,32374784,2470.384183132192,2184.5193467421113,487,100,11.040000057220459,9.79481474881,42.0,0.0,7.479999923706055,7.545170762039474,51.0,0.0,0.001120295659347903,1.339603725199898,2.2604750022292137,0.012283046075026505,0.13640848795572919,0.8792814053595066
13291.239697711542,496,32562688,32505856,2845.723190593632,2184.423198776521,491,100,11.42999997138977,8.870462320399938,35.0,0.0,7.2600000381469725,6.526285371155787,36.0,0.0,-0.0015570330870104951,1.1441675443202257,2.279771864414215,0.01281810528174295,0.15466817220052081,0.8914027698338032
13357.913720414042,499,32702464,32702464,2096.4086811392963,2948.7946284157138,495,100,10.330000066757203,8.514757858190745,35.0,0.0,7.0899999141693115,7.280240060058971,44.0,0.0,0.0019908619918472445,1.374889956166347,2.2796932086348534,0.014432540527801999,0.16109212239583334,0.875325138370196
13417.914108427241,501,32849152,32833536,2444.7841898577617,2184.5192062952424,495,100,10.330000066757203,8.514757858190745,35.0,0.0,7.0899999141693115,7.280240060058971,44.0,0.0,-0.002014119546705236,1.0680905325959125,2.273306556046009,0.014282524365626159,0.15889994303385416,0.9044834605107706
13477.914317702875,503,33018624,32964608,2824.5234816010034,2184.525713866637,498,100,10.020000076293945,8.935300700647739,44.0,0.0,6.949999856948852,6.135755742568381,26.0,0.0,0.0017199195790453814,1.1967830564826725,2.2579250261187553,0.01891183327704008,0.2027435302734375,0.8888694401830435
13544.81878994964,506,33161216,33161216,2131.2775545717327,2938.6376335926225,501,100,9.920000076293945,8.77346018722572,46.0,0.0,7.090000057220459,8.073530881883379,44.0,0.0,-0.001255316937507208,1.044620151941975,2.284041379888852,0.015647501134784154,0.1769561767578125,0.8906240705400705
13604.820831315592,508,33313280,33292288,2534.3137756358083,2184.4590119958484,501,100,9.920000076293945,8.77346018722572,46.0,0.0,7.090000057220459,8.073530881883379,44.0,0.0,-0.0008404474744262795,1.1672751375784478,2.296848105887572,0.014515658507055681,0.1678314208984375,0.887330791602532
13664.821135422215,510,33485824,33423360,2875.718757914667,2184.522261205207,505,100,11.47000002861023,9.922152039227077,45.0,0.0,7.149999952316284,7.087136218169217,36.0,0.0,0.0018581480204981444,1.3084444856892028,2.2866300145785012,0.01610912515328285,0.17542521158854166,0.876010716582338
13730.43136517331,513,33619968,33619968,2044.55921750161,2996.605876032894,509,100,11.060000133514404,9.329330174660464,37.0,0.0,6.610000038146973,7.123054112049156,41.0,0.0,-0.0018068723899583952,1.0855223902811606,2.3049633378783865,0.015104233665018302,0.17955525716145834,0.8960558790713549
13790.431373460218,515,33758976,33751040,2316.799680014893,2184.5330316162526,509,100,11.060000133514404,9.329330174660464,37.0,0.0,6.610000038146973,7.123054112049156,41.0,0.0,5.84403436126498e-05,1.2705239082376163,2.279882475733757,0.016584255000149522,0.18071492513020831,0.887082552537322
13850.434644844383,517,33937920,33882112,2982.2373992632783,2184.4142323645187,512,100,10.249999856948852,8.653756417264677,42.0,0.0,7.539999914169312,6.997742422042967,32.0,0.0,0.001093479736785715,1.1861963421106339,2.278818632165591,0.014707187395591367,0.16736348470052081,0.8916715315232674
13917.753231450915,520,34078720,34078720,2091.5471803196965,2920.560426337322,512,100,10.249999856948852,8.653756417264677,42.0,0.0,7.539999914169312,6.997742422042967,32.0,0.0,0.0016404644775320776,1.2407344281673431,2.2712475086251893,0.016314647071946332,0.18467203776041666,0.8753526651610931
13977.75355104357,522,34225664,34209792,2449.053621674192,2184.521697381858,516,100,9.819999980926514,8.86045128754209,39.0,0.0,7.3900000095367435,8.021091040623345,47.0,0.0,0.0009901488107667926,1.1485008206218479,2.2722360615928965,0.015753756550717906,0.16919453938802081,0.889126877610882
14037.753968534991,524,34401280,34340864,2926.912967315764,2184.518133040337,520,100,9.449999952316285,8.25272676503905,41.0,0.0,6.960000085830688,5.966439446428949,21.0,0.0,0.000682616317741728,1.1805880690614383,2.277694128453731,0.013283716227306286,0.15630086263020831,0.8951590595146021
14105.087508467957,527,34537472,34537472,2022.647259234932,2919.9118328805034,520,100,9.449999952316285,8.25272676503905,41.0,0.0,6.960000085830688,5.966439446428949,21.0,0.0,0.0013904853258281946,1.1793210258086522,2.253993389507135,0.01601249463116498,0.17934163411458331,0.8965458516031504
14165.08800480701,529,34688512,34668544,2517.3125093248873,2184.5152623293934,523,100,9.780000066757202,8.833549410285544,43.0,0.0,8.959999895095825,9.997919534742257,52.0,0.0,0.0013546216311321284,1.1778711763521037,2.2636474544803304,0.01542372458364601,0.16390482584635416,0.8902720287442207
14225.088271176443,531,34864128,34799616,2926.920339298185,2184.5236351613275,523,100,9.780000066757202,8.833549410285544,43.0,0.0,8.959999895095825,9.997919534742257,52.0,0.0,0.00019003844257288924,1.3269670518736045,2.2842956632375717,0.011804251170663823,0.13504536946614581,0.8809887742002805
14290.893243316561,534,34996224,34996224,2007.3863068998508,2987.7377591067543,528,100,11.139999961853027,9.929773376099693,43.0,0.0,8.670000123977662,8.985605215085075,45.0,0.0,-0.00054688749514753,1.110089118592441,2.2948815996448197,0.016343260280336835,0.18363444010416666,0.89513357107838
14350.893639516085,536,35140608,35127296,2406.384109862669,2184.518908244125,531,100,10.75,8.795879696015014,44.0,0.0,8.07000002861023,8.486760093571695,46.0,0.0,0.0008327848869763935,1.401992709065477,2.3095763996243477,0.015311701648291393,0.1613922119140625,0.8703755040963491
14410.893773363903,538,35308032,35258368,2790.3937751980407,2184.528460093879,531,100,10.75,8.795879696015014,44.0,0.0,8.07000002861023,8.486760093571695,46.0,0.0,0.0007312217033662212,1.216453490157922,2.295109912753105,0.01533404907725829,0.16229756673177081,0.8737183958292006
14478.998173149303,541,35454976,35454976,2157.628588799377,2886.8619445956824,536,100,10.070000076293946,8.80710507293308,43.0,0.0,8.069999933242798,8.603784113438955,39.0,0.0,-0.0008683437311750215,1.2482548411935566,2.3083763991793,0.01376810885388598,0.1596832275390625,0.8794324255237976
14538.998513240367,543,35596544,35586048,2359.453292850297,2184.520951065736,536,100,10.070000076293946,8.80710507293308,43.0,0.0,8.069999933242798,8.603784113438955,39.0,0.0,0.0005631627573166044,1.1891954156259696,2.2850558534264565,0.014568411252184887,0.16588846842447916,0.8858131356537342
14598.998862272128,545,35773184,35717120,2943.9828742745367,2184.5206255486414,539,100,10.370000123977661,9.198537925698425,45.0,0.0,7.909999942779541,8.460608764051829,50.0,0.0,6.870062255378195e-05,1.0824427378053465,2.296128566066424,0.01855969305324834,0.19352213541666669,0.888098547856013
14667.553469352424,548,35913728,35913728,2050.10291774243,2867.9035352025244,543,100,9.640000009536744,9.000577939023312,40.0,0.0,6.889999961853027,6.2464310792681355,34.0,0.0,-0.0003031420928891748,1.264910751953721,2.2843759655952454,0.012005045784462709,0.13796488444010416,0.8673952234288056
14727.553709251806,550,36060416,36044800,2444.790224938932,2184.524598898313,546,100,10.179999923706054,8.87398439516936,43.0,0.0,9.389999914169312,10.622518335264408,49.0,0.0,-0.001565395388752222,1.129285347647965,2.296866290271282,0.014114085541223174,0.1506805419921875,0.8881872973094384
14787.554163372144,552,36230656,36175872,2837.311858649664,2184.516799441546,546,100,10.179999923706054,8.87398439516936,43.0,0.0,9.389999914169312,10.622518335264408,49.0,0.0,0.0020253777232331536,1.1402133274823427,2.303971889118354,0.015673382205932285,0.16975911458333334,0.8829102112601201
14855.603982811794,555,36372480,36372480,2084.120151498382,2889.1773941349406,550,100,10.59000005722046,8.83526478927157,39.0,0.0,7.909999966621399,7.928549632798306,46.0,0.0,0.0011075679188555418,1.152892696360747,2.3065195779005685,0.015861689842495252,0.16733296712239584,0.8844984850535791
14915.604176819324,557,36520192,36503552,2461.858706347853,2184.5262697575404,553,100,11.359999942779542,10.126716933896951,45.0,0.0,8.530000066757202,7.906269788800461,34.0,0.0,0.0023006446645013057,1.2600585830708346,2.2949520672361055,0.014234709438217882,0.15728759765625,0.8770394350091616
14975.604317564517,559,36695296,36634624,2918.3931541698826,2184.5282089692687,553,100,11.359999942779542,10.126716933896951,45.0,0.0,8.530000066757202,7.906269788800461,34.0,0.0,0.0005467680142222282,1.0428152618308861,2.2837305814027786,0.016695067029407557,0.18204243977864581,0.8982884033272664
15042.70240817219,562,36831232,36831232,2025.9294827751057,2930.1578959911135,556,100,10.920000076293945,9.770035732881603,45.0,0.0,8.860000038146973,8.832915606064587,42.0,0.0,0.0004555414719410085,1.1613150077561536,2.2990006233255067,0.01548670201251904,0.17455037434895834,0.8987841655810673
15102.70289899595,564,36976640,36962304,2423.4468419117893,2184.5154631317537,556,100,10.920000076293945,9.770035732881603,45.0,0.0,8.860000038146973,8.832915606064587,42.0,0.0,0.0017631258160690777,1.3080530998607478,2.2991444170475006,0.014274210691534487,0.15367635091145831,0.8661241761098305
15162.703306630254,566,37147904,37093376,2854.3806076091764,2184.51849192212,560,100,11.250000143051148,9.62535719524232,39.0,0.0,8.869999933242799,10.05152232183744,48.0,0.0,0.00014699687017127872,1.135976585869988,2.288003422319889,0.015000310075871917,0.16262308756510416,0.8887115071217219
15230.012594360858,569,37289984,37289984,2110.8528226989183,2920.96390600499,564,100,10.320000076293946,10.745119768107827,52.0,0.0,8.510000038146973,8.238319069926304,40.0,0.0,-0.0003956025223790978,1.0598125280812383,2.2991197009881335,0.01750746693687688,0.1792449951171875,0.8935576199243467
15290.01290276274,571,37440256,37421056,2504.5204600195834,2184.5221048211697,567,100,10.510000038146973,10.284449461406886,52.0,0.0,8.24000005722046,8.924258890247168,51.0,0.0,-0.001306036880123429,1.1088211353247364,2.3199207633733745,0.015848710917756154,0.16372172037760416,0.8920756007234255
15350.017558434978,573,37608192,37552128,2798.716168247258,2184.3638386320063,567,100,10.510000038146973,10.284449461406886,52.0,0.0,8.24000005722046,8.924258890247168,51.0,0.0,0.002250540409780418,1.1203460072477658,2.317101329565048,0.01685115012211706,0.1824493408203125,0.8905457432071369
15418.265635315329,576,37748736,37748736,2059.310773641213,2880.784470230331,571,100,10.479999828338624,9.215725751050595,36.0,0.0,6.780000019073486,6.258721860169127,35.0,0.0,-0.0005492558557307348,1.2571281598260005,2.3051782225569086,0.01211258163008703,0.13264973958333334,0.8849241981903713
15478.26674949564,578,37893888,37879808,2419.1550770840417,2184.492768019452,574,100,12.71000008583069,10.362716734162479,47.0,0.0,8.580000019073486,9.414010736360133,49.0,0.0,-0.0008575405760590609,1.2632871487488349,2.3035561939080558,0.014900695695663064,0.15269978841145831,0.8737578491369883
15538.26693585515,580,38070272,38010880,2939.7242025739765,2184.526548211721,574,100,12.71000008583069,10.362716734162479,47.0,0.0,8.580000019073486,9.414010736360133,49.0,0.0,-0.0006482326377105589,1.1778145569066205,2.2888263911008835,0.014898900260959634,0.1566162109375,0.890061159307758
15606.055623555556,583,38207488,38207488,2024.1725375542085,2900.3069194806567,578,100,10.890000009536744,9.797851532529618,44.0,0.0,9.229999923706055,8.972017485554362,46.0,0.0,-0.00016334822915572053,1.2127307628591855,2.2787513037522635,0.016377030424943467,0.180023193359375,0.8969592209905386
15666.055989401415,585,38358784,38338560,2521.5846248117796,2184.5200133733183,578,100,10.890000009536744,9.797851532529618,44.0,0.0,9.229999923706055,8.972017485554362,46.0,0.0,-0.00024304958060383802,1.1868056766688826,2.2751347472270327,0.0138716128597783,0.15314737955729169,0.8939947144438823
15726.056184766814,587,38531584,38469632,2879.990622491376,2184.5262203193847,581,100,11.449999952316285,9.725610436339503,45.0,0.0,8.180000019073486,6.711750842361683,34.0,0.0,0.0014399583499956257,1.2168737308432658,2.276816263794899,0.014976481599054145,0.1649169921875,0.8820558028916519
15793.248696969822,590,38666240,38666240,2004.0328242701423,2926.0403213678123,585,100,10.619999885559082,9.091512366597795,37.0,1.0,9.619999933242799,10.634641313478165,54.0,0.0,0.00162834040869105,1.115830625096957,2.2927717640995975,0.017901008752232883,0.18491617838541669,0.8991205009321372
15853.249043151736,592,38811904,38797312,2427.7193261246084,2184.520729307205,585,100,10.619999885559082,9.091512366597795,37.0,1.0,9.619999933242799,10.634641313478165,54.0,0.0,0.0009866399050224572,1.2038588120291631,2.315257114668687,0.01450188234048255,0.16015116373697916,0.8815022961546978
15913.249194944277,594,38987264,38928384,2922.6592727020347,2184.52780674955,589,100,9.490000009536743,7.587483125802068,34.0,0.0,8.87999997138977,9.364059083235531,49.0,0.0,-0.0010870777817520623,1.172690103451411,2.2950104946891465,0.014499291683023332,0.15802510579427084,0.8827224317938088
15981.284795971587,597,39124992,39124992,2024.3519263497822,2889.781188543927,592,100,9.7,9.091204577207437,41.0,0.0,8.769999980926514,9.127820052640077,41.0,0.0,0.0014775590922605866,1.104023814201355,2.2792486622929573,0.015960022843501065,0.169921875,0.8880514862636726
16041.284955913201,599,39271424,39256064,2440.526827636683,2184.5275100524154,592,100,9.7,9.091204577207437,41.0,0.0,8.769999980926514,9.127820052640077,41.0,0.0,-0.0002161695447284728,1.1546804637958605,2.292322526375453,0.012382574194513532,0.13402811686197916,0.8908238001167774
16101.285271415487,601,39448320,39387136,2948.2511636669715,2184.521846306063,596,100,11.65999994277954,9.65320673617466,46.0,0.0,7.689999961853028,6.960883570037463,32.0,0.0,0.00026718787072847283,1.1234599898258844,2.291965122024218,0.017025876789072452,0.17394510904947916,0.8799553122371435
16167.807412004098,604,39583744,39583744,2035.773335038841,2955.527261455255,599,100,11.189999914169311,10.643960566256828,61.0,0.0,8.25,8.218728584216652,44.0,0.0,-0.0004081320488088143,1.0911137678970892,2.2954532081882157,0.015695208589022513,0.16219584147135416,0.8893135363856951
16227.807758415118,606,39730176,39714816,2440.519242954013,2184.5207209658297,599,100,11.189999914169311,10.643960566256828,61.0,0.0,8.25,8.218728584216652,44.0,0.0,0.00021543078764807438,1.1406863660862048,2.29589764525493,0.016925903906667372,0.18298848470052081,0.8886498833696047
16287.808236302808,608,39905536,39845888,2922.6433884117037,2184.5159341121057,603,100,11.780000019073487,9.795488736208767,45.0,0.0,8.09000005722046,7.149958089576969,33.0,0.0,0.001064959573947514,1.3458108057578404,2.295206698278586,0.012257692430163539,0.13695780436197919,0.8747828695923089
16354.372724683955,611,40042496,40042496,2057.5535594259936,2953.646978764791,606,100,10.080000066757203,7.94692382978312,42.0,0.0,8.709999990463256,8.430059181201353,36.0,0.0,0.0002715833300802236,1.3743683180461328,2.2895084992051125,0.012398136723883606,0.13151041666666666,0.863504666214188
16414.37278355658,613,40181248,40173568,2312.531064253755,2184.531189848566,606,100,10.080000066757203,7.94692382978312,42.0,0.0,8.709999990463256,8.430059181201353,36.0,0.0,0.000433413765373795,1.1993038368721805,2.2852117891112966,0.0128876364306052,0.13780721028645831,0.8725845540563265
16474.372894300148,615,40350208,40304640,2815.994802444832,2184.5293012905368,610,100,13.130000019073487,10.37945568114693,45.0,0.0,7.6999999523162845,7.854298261923305,46.0,0.0,0.0019881011758116074,1.1096968731532495,2.276903808116913,0.01708559741806918,0.1776580810546875,0.8963486589491367
16543.15571415983,618,40501248,40501248,2195.8971776400062,2858.3881905551266,614,100,11.310000038146972,9.602806711833209,47.0,0.0,7.999999904632569,7.891767912697099,43.0,0.0,0.0002884759960579686,1.2128292489796877,2.2823157409826913,0.015368393096650834,0.15856424967447916,0.8822228306283553
16603.155739111826,620,40642048,40632320,2346.665690766846,2184.532424859319,614,100,11.310000038146972,9.602806711833209,47.0,0.0,7.999999904632569,7.891767912697099,43.0,0.0,-0.000897879780192549,1.2646108058591685,2.28868746260802,0.013627542536899758,0.14913940429687497,0.8917023049046595
16663.156076410785,622,40808960,40763392,2781.8510280757127,2184.521052722032,617,100,11.25,10.229735921104197,42.0,0.0,8.199999952316285,7.81536943648627,37.0,0.0,0.0006863424932816997,1.122821930795908,2.2840650628010435,0.018391633846476907,0.19475809733072916,0.8960526511073112
16731.72091314383,625,40960000,40960000,2202.878431521297,2867.475653234502,617,100,11.25,10.229735921104197,42.0,0.0,8.199999952316285,7.81536943648627,37.0,0.0,0.0007397202328623583,1.3172112765411537,2.2923102527856827,0.017313458805195598,0.17049153645833331,0.8931437681118647
16791.721372768283,627,41105408,41091072,2423.448102066473,2184.5165990458345,621,100,11.390000009536744,8.73143171316421,41.0,0.0,9.000000095367431,8.169455245019856,39.0,0.0,-0.00010781211070328336,1.2382892115662496,2.290868699550629,0.015253758923184554,0.15960184733072916,0.8906794811288515
16851.721673445776,629,41277696,41222144,2871.4522769821247,2184.5223860547517,621,100,11.390000009536744,8.73143171316421,41.0,0.0,9.000000095367431,8.169455245019856,39.0,0.0,0.001348249626365335,1.187760795156161,2.2963694185018535,0.0171464741742966,0.18020121256510416,0.8868132519225279
16918.863417763263,632,41418752,41418752,2100.8688623429516,2928.252788165856,625,100,11.259999990463257,9.368692676336492,44.0,0.0,9.22000002861023,9.393167723741808,47.0,0.0,-0.0024377159400804276,1.1570896574606497,2.2961765776077905,0.01387956707609798,0.13799031575520834,0.8905638785411913
16978.863831607625,634,41562880,41549824,2402.11676495867,2184.5182658238705,629,100,11.780000066757202,10.522908318598263,49.0,0.0,8.850000047683716,9.008190759203202,49.0,0.0,-0.0012703757674898952,1.2479411754757166,2.3002167592446012,0.012023752928143948,0.13460286458333334,0.8797260988503696
17038.867391368374,636,41734400,41680896,2858.497073905237,2184.403734088778,629,100,11.780000066757202,10.522908318598263,49.0,0.0,8.850000047683716,9.008190759203202,49.0,0.0,0.001501024221700694,1.2981526963412762,2.3054093594352407,0.01092199962658924,0.12055969238281251,0.889801662415266
17105.859663009644,639,41877504,41877504,2136.1269963540612,2934.7862847941306,633,100,10.189999961853028,9.609053190741742,47.0,0.0,8.190000057220459,8.426974573290293,39.0,0.0,-0.0011738346681037606,1.1387279396876693,2.2906194825967154,0.013423324887601968,0.14145406087239584,0.9001505797108014
17165.86010384746,641,42020352,42008576,2380.782507684006,2184.5172830362208,636,100,12.210000061988831,10.320169411147582,49.0,0.0,7.2299998760223385,6.9725962637255074,32.0,0.0,-0.00034793024921479326,1.369577425842484,2.289561542371909,0.013329873501788825,0.14452616373697916,0.8815781250596048
17225.860550282523,643,42196736,42139648,2939.711460162099,2184.517079249629,636,100,12.210000061988831,10.320169411147582,49.0,0.0,7.2299998760223385,6.9725962637255074,32.0,0.0,0.00022392663716649014,1.114003456197679,2.291129526992639,0.01699291079603427,0.17185465494791669,0.8907036806146303
17294.09747995995,646,42336256,42336256,2044.640646341303,2881.2550759451756,640,100,10.710000038146973,9.793155928050092,55.0,0.0,7.819999933242798,7.795357378387444,55.0,0.0,-0.0003491150079450259,1.2245229699959357,2.297393389046192,0.012750067967620755,0.13299051920572919,0.8703536769996086
17354.100023532286,648,42484480,42467328,2470.2952770878396,2184.440728616535,643,100,11.579999971389771,10.365500498606478,52.0,0.0,8.05,8.407585616727273,40.0,0.0,0.0019318968334118836,1.221595680962006,2.27781767398119,0.018372473273605767,0.18015034993489584,0.8891663035998741
17414.100406523794,650,42661376,42598400,2948.2478474351997,2184.5193891270947,643,100,11.579999971389771,10.365500498606478,52.0,0.0,8.05,8.407585616727273,40.0,0.0,0.0012476094780140556,1.269897778828939,2.2910699620842934,0.01679826438036495,0.16992187500000003,0.8894744695474704
17480.824308451265,653,42795008,42795008,2002.760572144865,2946.5902670637092,647,100,11.21999979019165,9.694926461199126,37.0,0.0,8.220000076293946,8.529454804257554,46.0,0.0,0.001998798804076311,1.3777521972854934,2.311037205159664,0.01865152025917875,0.18267822265625,0.868746258939306
17540.824647393078,655,42943232,42926080,2470.3860447146067,2184.520992908253,647,100,11.21999979019165,9.694926461199126,37.0,0.0,8.220000076293946,8.529454804257554,46.0,0.0,-0.0009916914229203637,1.1510132104158401,2.310473218560219,0.012911511352892072,0.13855997721354169,0.8849252723157406
17600.82504933141,657,43119360,43057152,2935.4470021887014,2184.51869930322,652,100,11.719999980926513,10.92984891828984,46.0,0.0,8.17999997138977,8.273306552620717,43.0,0.0,0.0002743865916272626,1.2790729372451703,2.3061941911776858,0.013880755851156817,0.1565093994140625,0.872681504736344
17666.841092748567,660,43253760,43253760,2035.868753156345,2978.185147474425,655,100,11.270000171661376,9.612341235957594,44.0,0.0,7.809999895095825,7.670325724470558,33.0,0.0,0.001034995477918225,1.3413591552525759,2.2863726019859314,0.013132513106029364,0.13853963216145834,0.8763508244107167
17726.841259539127,662,43401472,43384832,2461.8598230836956,2184.5272606912517,655,100,11.270000171661376,9.612341235957594,44.0,0.0,7.809999895095825,7.670325724470558,33.0,0.0,-0.0006148907220146309,1.1458434766779344,2.285472427805265,0.014281126296433891,0.148162841796875,0.8908386037995418
17786.84141531959,664,43571968,43515904,2841.5926222563608,2184.5276615544394,659,100,12.720000076293946,9.81231883563045,40.0,0.0,9.40999994277954,9.08525737640774,42.0,0.0,-0.000687020593128788,1.2136659113069377,2.276579479376475,0.01355775972600289,0.1451873779296875,0.8931367384890715
17853.21614185162,667,43712512,43712512,2117.4324527301023,2962.091299994023,659,100,12.720000076293946,9.81231883563045,40.0,0.0,9.40999994277954,9.08525737640774,42.0,0.0,-5.956511085969396e-05,1.3247683625668287,2.284546879430612,0.011127228150750549,0.12706502278645831,0.8767807322243849
17913.216420257464,669,43863808,43843584,2521.588299584638,2184.5231969328847,663,100,12.549999904632568,10.087987839522654,42.0,0.0,8.969999885559082,9.350352972619536,52.0,0.0,-0.00017995071296657752,1.2403074155251184,2.2894674887259803,0.012449389835940869,0.13133748372395831,0.9001479751120011
17984.62321298383,672,44040192,44040192,2470.1291468993304,2753.3515019139127,667,100,12.169999885559083,11.933193105799942,48.0,0.0,7.409999942779541,7.991363979456821,42.0,0.0,0.0007602220284752548,1.370057855422298,2.290628269314766,0.010562746928674946,0.12311808268229167,0.8837512874354918
18044.623342236504,674,44192000,44171264,2530.1278829035023,2184.52862739729,667,100,12.169999885559083,11.933193105799942,48.0,0.0,7.409999942779541,7.991363979456821,42.0,0.0,0.0008732111697706083,1.3188810081531603,2.2876643811662993,0.0161003593057103,0.16507466634114584,0.8927778837581476
18104.623680802062,676,44358912,44302336,2781.850969351229,2184.5210066071,671,100,12.410000038146972,10.07382241005918,47.0,0.0,8.670000028610229,8.29102526667013,38.0,0.0,-0.000788278676433644,1.1485316536078851,2.300423907736937,0.015523833271799958,0.1576690673828125,0.9044653500119846
18172.105507560074,679,44498944,44498944,2075.106835832269,2913.49552087602,671,100,12.410000038146972,10.07382241005918,47.0,0.0,8.670000028610229,8.29102526667013,38.0,0.0,0.00045960938587086275,1.1694282020131748,2.2974626570940018,0.016423361069731374,0.17021687825520834,0.9073988261322181
18232.10984977521,681,44642304,44630016,2389.1604291903795,2184.3752495454896,674,100,12.650000095367432,10.762318773895613,45.0,0.0,8.909999990463257,9.414982669786086,52.0,0.0,-0.00032850121109125513,1.163152776658535,2.319083238641421,0.01689871657678547,0.17413330078125,0.8991109213481346
18292.110238369554,683,44816384,44761088,2901.3145427596296,2184.519185136662,679,100,11.22999997138977,9.254031563151015,42.0,0.0,7.859999895095825,7.42969701981472,50.0,0.0,-0.0004568287695292383,1.191258680075407,2.3256306896607084,0.013061313741976239,0.14072163899739581,0.9035240194449822
18359.170003553852,686,44957696,44957696,2107.254619989152,2931.8325147675164,679,100,11.22999997138977,9.254031563151015,42.0,0.0,7.859999895095825,7.42969701981472,50.0,0.0,0.0002753777492519779,1.3058328293263912,2.298653994997342,0.015071111816117385,0.1517486572265625,0.8892074643323818
18419.170147933066,688,45102592,45088768,2414.9275222443966,2184.5280766592423,682,100,11.970000076293946,10.211224077578763,42.0,0.0,7.589999961853027,8.116766755011577,51.0,0.0,-0.0009219855007055835,1.2196938525885344,2.28811726719141,0.01798042181629474,0.17534383138020834,0.898282681281368
18479.170651244,690,45276928,45219840,2905.575626533641,2184.5150084951897,686,100,11.929999923706054,10.467334765988726,47.0,0.0,8.339999961853028,8.618839698367848,36.0,0.0,0.0022680638915820355,1.3885822724550965,2.290789706011613,0.0180828656812082,0.18813578287760416,0.8678287987907728
18546.350940180942,693,45416448,45416448,2076.79964179608,2926.5727062374117,686,100,11.929999923706054,10.467334765988726,47.0,0.0,8.339999961853028,8.618839698367848,36.0,0.0,-0.00017753674425572782,1.368729241192341,2.3127944370110827,0.01338316662258876,0.13799540201822916,0.8804559459288915
18606.351320937276,695,45564160,45547520,2461.851043910383,2184.5194705062668,690,100,11.439999961853028,9.321287316107785,38.0,0.0,8.37999997138977,8.952966122042987,54.0,0.0,-0.00030947419630441187,1.1340954421708982,2.3009237423539166,0.01630213187430248,0.16995747884114581,0.9001793128748735
18666.354141894728,697,45737728,45678592,2892.6639986322793,2184.4306302355853,693,100,11.0,9.571833849750792,38.0,0.0,8.550000095367432,8.766270516029143,42.0,0.0,-0.0019459654819608356,1.215426191687584,2.319417012234529,0.01171727743652203,0.12342834472656249,0.8734983615577221
18732.647747470066,700,45875200,45875200,2073.6841631546617,2965.7158981429798,693,100,11.0,9.571833849750792,38.0,0.0,8.550000095367432,8.766270516029143,42.0,0.0,-2.8909996520572648e-05,1.2098973561078308,2.3200083523988724,0.014775032525600787,0.1480712890625,0.8899942673742771
18792.64782353118,702,46024448,46006272,2487.4635133458746,2184.530564036171,697,100,11.830000019073486,10.535705993062814,47.0,0.0,9.340000200271607,9.509174567108637,45.0,0.0,0.0008228814137207033,1.3471975978463888,2.3092485169569654,0.013528296197667562,0.1432037353515625,0.8735552343229452
18852.647876363248,704,46197760,46137344,2888.530789882462,2184.5314097781693,697,100,11.830000019073486,10.535705993062814,47.0,0.0,9.340000200271607,9.509174567108637,45.0,0.0,0.00045683471883724747,1.2715931807955105,2.310705453157425,0.012121445367786995,0.131561279296875,0.8971389979124069
18919.466798372567,707,46333952,46333952,2038.2250402214756,2942.400058064085,701,100,13.939999961853028,11.974823640272962,49.0,0.0,8.109999990463256,8.601040651200554,47.0,0.0,-6.334404073034723e-05,1.3062082665661972,2.2865851546327276,0.013240931770875855,0.15013631184895834,0.8920165654271841
18979.466872612014,709,46485504,46465024,2525.8635413547613,2184.530630360875,705,100,11.710000038146973,9.957203167353768,42.0,0.0,6.450000047683716,5.437600563981525,20.0,0.0,0.00048625065392116085,1.2936179408182702,2.2932099352280297,0.016592391394321265,0.16579182942708334,0.899762948974967
19039.467373475432,711,46656768,46596096,2854.3761724565675,2184.5150976050263,705,100,11.710000038146973,9.957203167353768,42.0,0.0,6.450000047683716,5.437600563981525,20.0,0.0,0.001252934237224205,1.3527938202023506,2.303117831548055,0.017995987397322704,0.17287699381510419,0.8930335734039545
19105.68071535416,714,46792704,46792704,2053.000137781496,2969.310933740469,708,100,13.229999923706055,10.752539371933546,40.0,0.0,8.079999947547913,8.520187818532756,40.0,0.0,0.001132343143884403,1.246197357152899,2.3339878916740417,0.014352028809298645,0.15395100911458331,0.891907412558794
19165.681000860408,716,46944256,46923776,2525.8546475452563,2184.522938417519,708,100,13.229999923706055,10.752539371933546,40.0,0.0,8.079999947547913,8.520187818532756,40.0,0.0,0.0007362447819711331,1.177762129654487,2.340356643001239,0.012965467962203547,0.14156595865885419,0.8929728735238314
19225.68229835108,718,47118336,47054848,2901.270593807828,2184.4860941611882,713,100,11.079999971389771,10.269059980484698,46.0,0.0,7.670000076293945,7.58953894385891,39.0,0.0,-9.969426901079709e-05,1.242375509813428,2.310339689254761,0.017350608617562102,0.17292785644531253,0.9022349137812854
19292.26161894761,721,47251456,47251456,1999.4196216976104,2952.988979738009,716,100,11.360000038146973,9.67628028292657,43.0,0.0,8.07000012397766,8.290060417954088,42.0,0.0,-0.00011649017687886948,1.2235967355469861,2.3193605045477548,0.016244238876121624,0.16621907552083334,0.8996661224712929
19352.26168113947,723,47399424,47382528,2466.1307771123784,2184.5310689992,716,100,11.360000038146973,9.67628028292657,43.0,0.0,8.07000012397766,8.290060417954088,42.0,0.0,0.0010671142154023983,1.1592889881382387,2.3266260102391243,0.014079627734948493,0.14929707845052084,0.8968862667679787
19412.261736892164,725,47574784,47513600,2922.6639508934886,2184.5313034415562,720,100,12.869999980926513,11.170188022029388,42.0,0.0,8.469999980926513,8.008064718874694,39.0,0.0,0.001362362781947013,1.2585366455217204,2.31951255351305,0.015534546939913223,0.15677897135416666,0.9018751885741949
19477.709776379168,728,47710208,47710208,2069.183447838656,3004.031924272377,720,100,12.869999980926513,11.170188022029388,42.0,0.0,8.469999980926513,8.008064718874694,39.0,0.0,0.0009117689041886479,1.1680492466936507,2.313750274479389,0.015963678058445417,0.16033935546875,0.9004767412940661
19537.70996501483,730,47857664,47841280,2457.592273507568,2184.5264653400604,724,100,11.349999904632568,10.745580353179966,43.0,0.0,7.979999971389771,8.331842459212135,48.0,0.0,0.00013882552351181707,1.1750409888724487,2.313654904564222,0.015284310497008846,0.15798441569010416,0.9020374609778324
19597.71007056348,732,48028160,47972352,2841.595001224728,2184.529490431022,728,100,11.719999980926513,10.240195458748211,43.0,0.0,8.589999961853028,9.212051797075159,49.0,0.0,-0.0002561295962853668,1.1764159351587296,2.339447647333145,0.014730816409307105,0.15549214680989584,0.8826830877612034
19664.623027915135,735,48168960,48168960,2104.22623020589,2938.2649905420426,728,100,11.719999980926513,10.240195458748211,43.0,0.0,8.589999961853028,9.212051797075159,49.0,0.0,-0.001120016483279566,1.4193634061763685,2.306619728604953,0.01488812929831814,0.15263875325520831,0.8863841686397791
19724.623133976012,737,48321280,48300032,2538.662179121029,2184.5294717814572,731,100,12.380000019073487,11.700239146361719,45.0,0.0,8.980000114440918,8.560350574213563,40.0,0.0,0.00037595323859325913,1.408025101448099,2.3331621686617536,0.016547680830626632,0.1703338623046875,0.8813367548088232
19784.623293552548,739,48490496,48431104,2820.259165880231,2184.5275233444454,735,100,11.379999923706055,10.471657071793073,40.0,0.0,8.530000066757202,8.976029183357667,49.0,0.0,0.0002561357614467852,1.26931456848979,2.3304619093736014,0.016104943586469744,0.15354410807291669,0.8818530136098465
19851.758684059605,742,48627712,48627712,2043.8698421747586,2928.529923116072,735,100,11.379999923706055,10.471657071793073,40.0,0.0,8.530000066757202,8.976029183357667,49.0,0.0,-0.0016658624784516483,1.0980086388687293,2.3311078126231832,0.013471061816138294,0.14382934570312497,0.9000482993821303
19911.759218731895,744,48776704,48758784,2483.1778718933424,2184.513866682803,739,100,11.079999923706055,11.071296102426533,45.0,0.0,8.919999980926514,8.98518789585405,40.0,0.0,6.262759658663224e-05,1.1727553301801286,2.346021180351575,0.014946920203631938,0.16191609700520834,0.9012431545803945
19971.759584210813,746,48952576,48889856,2931.1821452453537,2184.520026733073,742,100,11.43000020980835,9.63872933582548,41.0,0.0,9.32000002861023,8.506327268495312,46.0,0.0,0.00041735872218851,1.1772795983900626,2.330000119904677,0.014269903119687417,0.14983622233072916,0.9053170836220185
20037.74272519909,749,49086464,49086464,2029.124379268193,2979.6702165926813,742,100,11.43000020980835,9.63872933582548,41.0,0.0,9.32000002861023,8.506327268495312,46.0,0.0,0.0004767486583053445,1.1720405326535306,2.316139839589596,0.013614248615340331,0.1388397216796875,0.8998712791750828
20097.74309934303,751,49234432,49217536,2466.1179552817307,2184.519711253021,745,100,10.27000002861023,9.75177429471343,44.0,0.0,9.010000038146973,10.660670817175166,47.0,0.0,-0.001153169505414553,1.2408972792327404,2.3196762949228287,0.010672365677237396,0.11329142252604166,0.9077674405028423
20157.743439219892,753,49400064,49348608,2760.5176960652075,2184.5209588645844,749,100,10.650000095367432,9.757432956659757,38.0,0.0,8.480000019073486,9.655547789118161,43.0,0.0,0.0005667174239836944,1.205618049328526,2.3090866953134537,0.016299873432823613,0.15989176432291669,0.8990057179083427
20225.8207972534,756,49545216,49545216,2132.162648388255,2888.0086665999643,749,100,10.650000095367432,9.757432956659757,38.0,0.0,8.480000019073486,9.655547789118161,43.0,0.0,-0.00048216272746988886,1.0367269596705835,2.3251337334513664,0.01754117427663004,0.1760406494140625,0.9015620965510608
20285.82087217644,758,49696256,49676288,2517.330189899555,2184.5306054721564,753,100,11.209999990463256,10.172802098739835,45.0,0.0,8.610000085830688,8.92176572542106,41.0,0.0,-0.001322883937973529,1.143796268850565,2.346852185825507,0.013695563820268339,0.15195719401041669,0.8938717960069578
20345.821005947888,760,49869568,49807360,2888.526893292851,2184.528462874357,756,100,11.180000019073486,9.7901787148526,48.0,0.0,8.990000009536743,8.826658670393421,41.0,0.0,-0.0011784504386014305,1.2194273453205824,2.321061797440052,0.012112737331335666,0.12958272298177084,0.8886142888416846
20411.246218195185,763,50003968,50003968,2054.253939475027,3005.080048603468,756,100,11.180000019073486,9.7901787148526,48.0,0.0,8.990000009536743,8.826658670393421,41.0,0.0,0.00037171999429119745,1.1993569309512775,2.3253795752922692,0.01506736641264676,0.15555318196614584,0.8801978261520464
20471.24638577923,765,50149888,50135040,2431.993207278945,2184.5272318014386,760,100,11.939999961853028,10.562972920815495,43.0,0.0,9.670000123977662,9.648891049402065,51.0,0.0,0.000203188305022195,1.217223444332679,2.3423081412911415,0.013304613400274926,0.1321563720703125,0.8777961147328217
20531.24677812308,767,50322688,50266112,2879.9811676183967,2184.5190486231395,760,100,11.939999961853028,10.562972920815495,43.0,0.0,9.670000123977662,9.648891049402065,51.0,0.0,-0.0015353226044680923,1.2229443142811458,2.3302556773026786,0.012995131910429336,0.1285400390625,0.8811783778170744
20598.540021715686,770,50462720,50462720,2080.9221331008694,2921.6603258162118,763,100,10.189999914169311,8.58567989832786,39.0,0.0,10.34000005722046,10.5292165142542,51.0,0.0,-0.0009312459769716952,1.3189045110096533,2.303138867020607,0.014051365855266342,0.13145955403645834,0.8820417008052269
20658.540252812207,772,50612480,50593792,2495.990386421753,2184.524919398184,767,100,10.809999942779541,8.933862514845714,42.0,0.0,10.490000104904174,10.921991593846883,47.0,0.0,-0.0006723251960162695,1.1736135197182496,2.299696517487367,0.01592876381255337,0.1515655517578125,0.9039481567839781
20718.54035287164,774,50782720,50724864,2837.328601641731,2184.5296902865657,767,100,10.809999942779541,8.933862514845714,42.0,0.0,10.490000104904174,10.921991593846883,47.0,0.0,0.00021163428027648473,1.4007106311619282,2.299411714076996,0.01620977557407362,0.15721130371093753,0.8833215137322743
20785.66785586998,777,50921472,50921472,2066.9918260394265,2928.8740265650918,771,100,12.72000002861023,10.306386421595462,39.0,0.0,7.770000028610229,8.229039946988824,43.0,0.0,-0.0011443874148729567,1.268457464873791,2.306810885667801,0.012026038131807582,0.12451171875,0.8792474952836832
20845.668817218393,779,51079168,51052544,2628.2245560081724,2184.498332266533,771,100,12.72000002861023,10.306386421595462,39.0,0.0,7.770000028610229,8.229039946988824,43.0,0.0,-0.0005594975688533547,1.2933361064642668,2.295813702046871,0.014741477898496669,0.14260355631510416,0.8864076075454552
20917.252192225307,782,51249152,51249152,2374.6295838046403,2746.559518617415,774,100,12.950000095367432,11.373983369402026,43.0,0.0,9.649999952316284,10.079062205386974,40.0,0.0,0.001948184646607842,1.4371986966580153,2.2832570125659304,0.016786037038400536,0.15875752766927084,0.8900373068948587
20977.25233043544,784,51393536,51380224,2406.394456865046,2184.528301267559,779,100,12.77000026702881,9.827365161394713,47.0,0.0,9.52999997138977,9.536723549230109,47.0,0.0,0.0008969994911846395,1.3976256164411704,2.28232441842556,0.01664316799481943,0.16214497884114581,0.8900753402461609
21037.252711135894,786,51564288,51511296,2845.848609735699,2184.5194725407464,779,100,12.77000026702881,9.827365161394713,47.0,0.0,9.52999997138977,9.536723549230109,47.0,0.0,0.0035160703167396914,1.5153328844656546,2.2744493583838143,0.016990106299999752,0.1660919189453125,0.8856202978640796
21104.63279612921,789,51707904,51707904,2131.430971246813,2917.894805557134,783,100,13.329999732971192,10.647116561277482,47.0,0.0,11.700000047683716,11.893275261764996,50.0,0.0,0.002814373559279678,1.5989427970101437,2.2718348999818163,0.01919721985359502,0.18032328287760416,0.8769568564991156
21164.63320147805,791,51848704,51838976,2346.650813130353,2184.5185751322556,783,100,13.329999732971192,10.647116561277482,47.0,0.0,11.700000047683716,11.893275261764996,50.0,0.0,0.0033693617442622776,1.5587047301232815,2.2623784194389978,0.01718907629159124,0.15711466471354166,0.8836152876416843
21224.633402954787,793,52026880,51970048,2969.590028278139,2184.5259978138033,787,100,13.339999866485595,10.601150844474573,47.0,0.0,10.780000019073487,10.771796535691287,44.0,0.0,0.0017439310759073123,1.3681675499926012,2.278754216929277,0.017966117313941744,0.17651875813802084,0.8905390786627928
21291.515656718984,796,52166656,52166656,2089.8817269645233,2939.6138577083407,791,100,12.390000104904175,10.172408883941868,42.0,0.0,9.440000057220459,7.811939421104905,34.0,0.0,0.0015117455016782817,1.3862569741904736,2.2813628365596137,0.019196480058478,0.18456522623697916,0.8913286576668422
21351.517999190837,798,52313856,52297728,2453.2375560012765,2184.4480498654843,791,100,12.390000104904175,10.172408883941868,42.0,0.0,9.440000057220459,7.811939421104905,34.0,0.0,0.00261269756447291,1.309581217666467,2.2891663387417793,0.01914599260756707,0.18416849772135416,0.8884800008187691
21411.5183336474,800,52482560,52428800,2811.7176600429216,2184.521156209372,795,100,12.099999904632568,10.285426506998775,41.0,0.0,8.239999914169312,8.795589842971468,42.0,0.0,0.0012582191096347137,1.3306626621633768,2.27863223105669,0.018389080933047808,0.17101542154947916,0.884493046750625
21479.09582777135,803,52625408,52625408,2113.839849373347,2909.3709754815964,795,100,12.099999904632568,10.285426506998775,41.0,0.0,8.239999914169312,8.795589842971468,42.0,0.0,0.00215934817000137,1.2903094217181206,2.2910563349723816,0.016524336124954665,0.17148335774739581,0.8905830873797338
21539.096298847347,805,52770304,52756480,2414.914373196743,2184.516182114368,799,100,12.040000009536744,10.561174205700171,38.0,0.0,8.479999923706055,9.632735949141395,49.0,0.0,0.000245417861151509,1.2398520801216364,2.3090875123937926,0.015472591859482538,0.15553792317708331,0.9039371075729529
21599.096467791125,807,52944640,52887552,2905.5918186390295,2184.527182295423,799,100,12.040000009536744,10.561174205700171,38.0,0.0,8.479999923706055,9.632735949141395,49.0,0.0,0.0016354164811976564,1.34634763499101,2.2955053274830184,0.017229251200357492,0.16417948404947919,0.8988624531775713
21665.632495021448,810,53084160,53084160,2096.9090853145613,2954.9104174707945,803,100,12.260000038146973,11.021451787831522,52.0,0.0,9.540000009536744,10.091996799749342,47.0,0.0,0.0015024979802547023,1.3735377521564562,2.2960318798820176,0.019157495988717226,0.17331441243489584,0.8842945576955875
21725.63273516856,812,53236224,53215232,2534.389856226513,2184.5245898787452,808,100,12.78000020980835,10.452349053203239,38.0,0.0,10.909999799728393,11.194726368527453,50.0,0.0,-7.105936917165912e-05,1.611772955705722,2.304699828227361,0.013975878298272923,0.139495849609375,0.868675518160065
21785.63471609354,814,53410048,53346304,2896.971021962326,2184.4612124369824,808,100,12.78000020980835,10.452349053203239,38.0,0.0,10.909999799728393,11.194726368527453,50.0,0.0,-0.0008295359924280394,1.4454306121915579,2.2792953327298164,0.013594531035172016,0.14005025227864584,0.8924183646837871
21851.351424148306,817,53542912,53542912,2021.7689524142884,2991.7505885436867,812,100,12.490000104904174,9.63482739557628,40.0,0.0,9.519999980926514,9.648295194380719,41.0,0.0,0.0022013491494969157,1.5209248314301174,2.2638410727183023,0.016076673928788903,0.15540568033854166,0.8861546758562326
21911.351452516392,819,53694208,53673984,2521.5988077844854,2184.5323004833444,812,100,12.490000104904174,9.63482739557628,40.0,0.0,9.519999980926514,9.648295194380719,41.0,0.0,-0.0007991075326572172,1.3047245641549428,2.269623818496863,0.013889849137437219,0.14718119303385419,0.890261825794975
21971.35157661885,821,53864192,53805056,2833.060806836487,2184.528814910062,816,100,11.600000047683716,10.024968878226584,45.0,0.0,9.519999980926514,8.962678117220939,49.0,0.0,0.0020994632577640004,1.336036881431937,2.2706247394283614,0.018971411359719546,0.17820231119791669,0.8948353206117947
22037.579612076283,824,54001664,54001664,2075.737247081101,2968.652152250066,816,100,11.600000047683716,10.024968878226584,45.0,0.0,9.519999980926514,8.962678117220939,49.0,0.0,-0.0019068435115817313,1.1251122082273166,2.279688748220603,0.017140211895214936,0.16612752278645831,0.9074542087813219
22097.57986405678,826,54150656,54132736,2483.1895714109014,2184.5241590418927,820,100,11.560000085830689,9.775806985028622,42.0,0.0,10.249999952316283,10.363758953625446,49.0,0.0,0.002087746894782564,1.1462415847927332,2.2944036076466245,0.020092613867745968,0.18196105957031247,0.897788335258762
22157.58010624908,828,54327552,54263808,2948.2547659233774,2184.524515416453,824,100,12.42999987602234,10.831671288312522,43.0,0.0,9.249999952316283,8.870597448372836,42.0,0.0,-0.00047907678526826203,1.309390613809228,2.297076607743899,0.012524454848971798,0.12027486165364583,0.8793397943178812
22224.510630290955,831,54460416,54460416,1985.1032380513177,2937.493808908308,824,100,12.42999987602234,10.831671288312522,43.0,0.0,9.249999952316283,8.870597448372836,42.0,0.0,-0.00016610880508475626,1.3914932689319055,2.312922162314256,0.0171355494051871,0.16591389973958334,0.8768465034663677
22284.510646747425,833,54605824,54591488,2423.466001971745,2184.532734171714,828,100,12.930000019073486,9.943093054397952,40.0,0.0,9.440000009536742,9.724525654598468,41.0,0.0,0.00034829274227377027,1.3102846971402566,2.2990873182813325,0.017900448496220633,0.17185465494791666,0.8915290900816519
22344.510719176382,835,54774784,54722560,2815.996600671739,2184.5306962786826,828,100,12.930000019073486,9.943093054397952,40.0,0.0,9.440000009536742,9.724525654598468,41.0,0.0,7.911014472483657e-05,1.279275802274545,2.3033522963523865,0.016429512905839754,0.15936787923177081,0.8934488606949648
22411.402406567708,838,54919168,54919168,2158.4744776332695,2939.199288692112,832,100,9.809999990463258,9.21161780376902,41.0,0.0,9.849999952316285,10.015363356995747,51.0,0.0,-0.0007603380775738818,1.2706985957920551,2.3180715789397555,0.015234858175366146,0.148284912109375,0.89292677740256
22471.402924779803,840,55063040,55050240,2397.845956787058,2184.514465969704,835,100,9.949999904632568,8.778809733766915,39.0,0.0,10.250000095367431,9.869523794523081,40.0,0.0,0.00072519604388314,1.2718960748364527,2.315206607182821,0.02010407965462946,0.18007405598958334,0.877075385923187
22531.40295322053,842,55237376,55181312,2905.59862271096,2184.53229783849,835,100,9.949999904632568,8.778809733766915,39.0,0.0,10.250000095367431,9.869523794523081,40.0,0.0,0.0012210260101710446,1.2821339648216963,2.3086637407541275,0.014061578171701209,0.14626057942708334,0.8942039981484413
22598.784723652527,845,55377920,55377920,2085.786691251206,2917.8218194552387,839,100,10.940000009536742,9.481371287592872,43.0,0.0,8.320000076293946,7.4065917297050206,37.0,0.0,0.0002793304350537559,1.3144594443341098,2.3090720400214195,0.015414469368503584,0.14399210611979166,0.8766358463714521
22658.785253252834,847,55529472,55508992,2525.8443718674057,2184.5140513447836,839,100,10.940000009536742,9.481371287592872,43.0,0.0,8.320000076293946,7.4065917297050206,37.0,0.0,-0.000242470118488806,1.1020356491208076,2.3040596668918925,0.016559335229127704,0.15781148274739581,0.9038661066442728
22718.78556837514,849,55697664,55640064,2803.18527756317,2184.5218601405527,843,100,13.059999942779541,10.238965023069268,44.0,0.0,8.639999914169312,8.697723899725938,44.0,0.0,0.0016566512325274139,1.1897397882615526,2.3058852379520736,0.018360068228503224,0.17435201009114584,0.8814654561380546
22786.742074415088,852,55836672,55836672,2045.5436587379304,2893.144622303371,847,100,11.390000009536744,9.079531746392664,35.0,0.0,9.85,10.450239535679618,54.0,0.0,0.0012642219226108862,1.3376945381363232,2.3016813223560653,0.014671963419459646,0.14104715983072916,0.870718919361631
22846.742455130443,854,55981824,55967744,2419.184649654277,2184.5194719982183,847,100,11.390000009536744,9.079531746392664,35.0,0.0,9.85,10.450239535679618,54.0,0.0,0.00313834058761131,1.3893333015342553,2.2982186898589134,0.018731733799844125,0.1738739013671875,0.8816906635959944
22906.743416540325,856,56154112,56098816,2871.4206564634387,2184.498330028649,851,100,13.989999961853027,11.419715456257672,42.0,0.0,9.890000009536744,9.15302663196961,47.0,0.0,0.0016216702618597387,1.3511635698378084,2.3047101348638535,0.014176492012969296,0.13793436686197919,0.8783278310050567
22973.12434633635,859,56295424,56295424,2128.804167615948,2961.8144940743623,851,100,13.989999961853027,11.419715456257672,42.0,0.0,9.890000009536744,9.15302663196961,47.0,0.0,-0.0015303766194847412,1.154448470721642,2.3070962677399316,0.017313621060263056,0.16489156087239581,0.9066778856019179
23033.124637534842,861,56444928,56426496,2491.7212402422037,2184.5227311712474,855,100,11.75,10.311522572378264,40.0,0.0,10.060000133514404,9.93057904676962,46.0,0.0,0.0006572083414842685,1.5208093660573165,2.3032718151807785,0.016500566359051543,0.15250142415364581,0.8762640468776225
23093.125045847148,863,56620032,56557568,2918.3801398245982,2184.518467237126,855,100,11.75,10.311522572378264,40.0,0.0,10.060000133514404,9.93057904676962,46.0,0.0,0.00012624106360211346,1.3760924078524113,2.298679548005263,0.01426616863379119,0.1394805908203125,0.8956670270611843
23159.274722464383,866,56754176,56754176,2027.8859528853613,2972.168724839614,860,100,13.399999904632569,10.927030653707519,45.0,0.0,12.34000005722046,11.73049034327948,47.0,0.0,0.0011405752884456888,1.3321896747996411,2.290185841421286,0.018232995079112396,0.18016560872395834,0.8969089897970358
23219.274863827974,868,56900096,56885248,2431.9942700759466,2184.5281864541835,860,100,13.399999904632569,10.927030653707519,45.0,0.0,12.34000005722046,11.73049034327948,47.0,0.0,0.001850515026793194,1.3048637161652246,2.297915279865265,0.015484380630975163,0.15538533528645834,0.8894579006979864
23279.275035753846,870,57072896,57016320,2879.991747581764,2184.5270737212786,864,100,12.56000018119812,10.719440329228313,45.0,0.0,9.439999961853028,8.268397237566024,39.0,0.0,0.0009376690237938115,1.4053423733760915,2.291802190244198,0.019074709455405053,0.1791229248046875,0.8903699523458879
23346.904697475955,873,57212928,57212928,2070.5707589577123,2907.1267694324006,868,100,13.029999923706054,11.384599258464913,48.0,0.0,9.0,9.411694971716308,43.0,0.0,0.0006999590065485488,1.3518854180971782,2.315452963113785,0.01719551262067398,0.15445454915364584,0.8911054929097494
23406.90498028323,875,57358848,57344000,2431.9885369324575,2184.5230366831897,868,100,13.029999923706054,11.384599258464913,48.0,0.0,9.0,9.411694971716308,43.0,0.0,0.0028324635507791145,1.2642368115484715,2.3207943489154177,0.019252118410804542,0.18204243977864584,0.9064276982098818
23466.905006814748,877,57529600,57475072,2845.8654082478683,2184.5323673506878,872,100,12.200000095367432,10.349879397858441,44.0,0.0,9.100000095367431,9.164605671758833,44.0,0.0,0.0006569960969500244,1.3215832728892565,2.3139922047654786,0.01668026312230116,0.1679534912109375,0.9029452279210091
23534.36334668845,880,57671680,57671680,2106.1888013551597,2914.509908902275,876,100,11.059999990463258,9.609182994544788,38.0,0.0,8.720000076293946,8.483018536561016,48.0,0.0,0.0028545304739964195,1.4832535783449807,2.3118504881858826,0.018732890631023718,0.17805989583333334,0.8962817018230756
23594.364151302725,882,57815552,57802752,2397.8345111353597,2184.5040386144206,876,100,11.059999990463258,9.609182994544788,38.0,0.0,8.720000076293946,8.483018536561016,48.0,0.0,0.003117165997537086,1.3402761090546849,2.3023499126235643,0.01561156296520494,0.15211995442708331,0.8974166934688886
23654.36448702775,884,57984512,57933824,2815.9842433936888,2184.521110026619,879,100,12.459999704360962,10.148319946867163,47.0,0.0,10.510000085830688,10.49237351122679,43.0,0.0,-0.0004019640449162883,1.403939307356874,2.298465296626091,0.01716813947314222,0.16139729817708334,0.89862753264606
23722.25658873655,887,58130432,58130432,2149.2927207626435,2895.889139553877,879,100,12.459999704360962,10.148319946867163,47.0,0.0,10.510000085830688,10.49237351122679,43.0,0.0,0.0007696227403357624,1.4476914145052435,2.284806673725446,0.01521586868511804,0.14322408040364581,0.8977197073400021
23782.25698474981,889,58281984,58261504,2525.849995498488,2184.5189150257197,883,100,12.600000047683716,10.35760579032798,51.0,0.0,9.490000009536743,8.843635971362577,38.0,0.0,0.00228410573254223,1.6470881917824347,2.299458963175615,0.01594184162786405,0.16125996907552084,0.8683457598090171
23842.260011576116,891,58451456,58392576,2824.3908509911744,2184.4231355097904,883,100,12.600000047683716,10.35760579032798,51.0,0.0,9.490000009536743,8.843635971362577,38.0,0.0,0.0011553635801343867,1.3036208686729271,2.2853236546119056,0.01783530891286015,0.1665191650390625,0.8927355650812387
23909.539103304967,894,58589184,58589184,2047.1144372024614,2922.2748843336253,887,100,13.25999994277954,11.494015704243944,47.0,0.0,8.770000219345093,9.228060652038351,46.0,0.0,0.002342197503215478,1.6448103251556556,2.2785317152738576,0.012034369632601738,0.12664794921875,0.8772383083899816
23969.53964035958,896,58735872,58720256,2444.7781170105654,2184.5137799466133,891,100,14.380000019073487,11.823518919146236,49.0,0.0,9.559999990463258,7.894707150812216,38.0,0.0,0.0016331298635729279,1.510034302249551,2.2847045833865804,0.017470373964897586,0.1600341796875,0.8871347519258658
24029.539868125692,898,58907136,58851328,2854.3891644479886,2184.525040653767,891,100,14.380000019073487,11.823518919146236,49.0,0.0,9.559999990463258,7.894707150812216,38.0,0.0,0.002956992633698974,1.49671960187455,2.2943700527151423,0.0193212571030017,0.1839141845703125,0.8855636852482955
24096.845245065168,901,59047936,59047936,2091.95767712013,2921.1336291422904,895,100,12.349999904632568,11.20390556412774,46.0,0.0,10.170000123977662,9.637483996126944,37.0,0.0,0.00022986711701378226,1.3956527275343735,2.312191588183244,0.014948458789755628,0.13722737630208331,0.8955094957103332
24156.84564287588,903,59191552,59179008,2393.5841301098644,2184.5188495833345,899,100,12.399999904632569,10.585839411562135,45.0,0.0,8.72999997138977,7.93833094416991,54.0,0.0,-0.0005662698143472275,1.5534788587441046,2.3218014985322952,0.016773795718715217,0.15666707356770834,0.886133066068093
24216.84565033205,905,59356160,59310080,2743.466325737545,2184.5330618625553,899,100,12.399999904632569,10.585839411562135,45.0,0.0,8.72999997138977,7.93833094416991,54.0,0.0,-2.7181629169111432e-05,1.5723298067847888,2.3142047425111136,0.014971091930419787,0.14269002278645834,0.8850618911286195
24285.393361520022,908,59506688,59506688,2195.9595352092433,2868.1920459875832,903,100,11.280000019073487,9.917741829442202,48.0,0.0,9.800000047683715,9.554056618455714,42.0,0.0,0.0034270053862807495,1.4332849010825155,2.2964266762137413,0.01602022237057099,0.16032918294270831,0.8921140140543381
24345.39374320954,910,59651584,59637760,2414.9179708520337,2184.519436530462,903,100,11.280000019073487,9.917741829442202,48.0,0.0,9.800000047683715,9.554056618455714,42.0,0.0,0.0015467355988221243,1.1879246532917025,2.3047476708889008,0.01873285499823396,0.1760101318359375,0.8933125231415033
24405.394114719704,912,59825408,59768832,2897.0487286159128,2184.5198071448413,906,100,12.219999980926513,10.452348931743998,45.0,0.0,10.130000019073487,9.73720190780023,43.0,0.0,-0.0007485925307264552,1.1606865618377924,2.305079249044259,0.01796951374975227,0.17270406087239584,0.9052560770263274
24472.57069357112,915,59965440,59965440,2084.5360450660523,2926.734337496761,910,100,12.499999856948852,10.726136093154446,41.0,0.0,8.690000081062317,8.301439910092,45.0,0.0,0.0021034619154913043,1.153643799945712,2.3193031549453735,0.017396321421983888,0.17174784342447916,0.8960504022737344
24532.5711336378,917,60108544,60096512,2385.0491736554627,2184.5173111119802,910,100,12.499999856948852,10.726136093154446,41.0,0.0,8.690000081062317,8.301439910092,45.0,0.0,0.0009307603371174387,1.4130223045746484,2.2895613287885985,0.015644267844133232,0.15831502278645834,0.8728005376954873
24592.57128195651,919,60286976,60227584,2973.859315350479,2184.527933227325,914,100,12.040000104904175,10.532730065880619,43.0,0.0,11.110000085830688,10.722774655684566,45.0,0.0,0.0008642246320960112,1.3633455193291109,2.3012814869483313,0.013230605581460017,0.14011637369791669,0.8939856228729088
24659.809871997684,922,60424192,60424192,2040.73285766361,2924.035139338904,914,100,12.040000104904175,10.532730065880619,43.0,0.0,11.110000085830688,10.722774655684566,45.0,0.0,-7.993501397625855e-05,1.4051194054385026,2.2782144298156104,0.014321395559818484,0.14619954427083334,0.8912186231464148
24719.81008516811,924,60572928,60555264,2478.924526110124,2184.5255720626224,918,100,12.990000152587891,10.85034117040742,51.0,0.0,10.010000038146973,8.619159018682632,37.0,0.0,0.000432605876994785,1.3687986402461927,2.283990124861399,0.016243586003838573,0.157684326171875,0.8914531351377567
24779.810448301956,926,60745728,60686336,2879.982569680802,2184.520112113438,918,100,12.990000152587891,10.85034117040742,51.0,0.0,10.010000038146973,8.619159018682632,37.0,0.0,-0.00021206600649748003,1.415995913868149,2.2716006338596344,0.01674017368532077,0.15668741861979166,0.890156734113892
24846.130379280075,929,60882944,60882944,2069.0009470195473,2964.5386703563663,922,100,15.639999961853027,11.051262246592316,44.0,0.0,9.25,10.088979208395529,45.0,0.0,0.0008886309709244719,1.3753894567489624,2.289034776389599,0.014870641397161913,0.14319356282552084,0.8831613603979349
24906.130801010877,931,61031168,61014016,2470.382636059183,2184.5179786913673,922,100,15.639999961853027,11.051262246592316,44.0,0.0,9.25,10.088979208395529,45.0,0.0,0.0022187318196908263,1.6350136492401361,2.2976756617426872,0.01614540207265236,0.14430236816406253,0.870704839626948
24966.131203616038,933,61202688,61145088,2858.6474848961484,2184.5186750251164,927,100,14.680000019073486,12.32629724496528,42.0,0.0,10.060000085830689,9.530813392066577,44.0,0.0,0.00124125522900916,1.335128135358294,2.2894950062036514,0.018623825615577516,0.18030293782552084,0.8962346197416385
25033.040612909943,936,61341696,61341696,2077.5553314093136,2938.4208002253276,931,100,12.580000066757203,9.54586809915495,41.0,0.0,8.230000042915345,8.919478765086865,39.0,0.0,-0.00010857248222843435,1.3418076888968546,2.3057820424437523,0.01848976495178552,0.16793314615885419,0.8923906851559877
25093.040898660198,938,61486848,61472768,2419.1884786045894,2184.5229295335976,931,100,12.580000066757203,9.54586809915495,41.0,0.0,8.230000042915345,8.919478765086865,39.0,0.0,0.0005418435466708615,1.2546933069825172,2.3152604028582573,0.019150304642001476,0.17203776041666666,0.8876877749959629
25153.041378427297,940,61655552,61603840,2811.710850560699,2184.515865686006,935,100,12.069999933242798,10.812266200658899,42.0,0.0,9.860000085830688,9.52262562121808,37.0,0.0,0.001753029224346392,1.4810838860770066,2.320081705848376,0.015860279632761376,0.15106709798177084,0.8797003167370955
25221.256031423807,943,61800448,61800448,2124.1184061643266,2882.1959998837506,935,100,12.069999933242798,10.812266200658899,42.0,0.0,9.860000085830688,9.52262562121808,37.0,0.0,0.0006167711205004404,1.2770932658265035,2.309893469015757,0.014176626310775948,0.13493855794270831,0.9038382358849049
25281.25635259226,945,61947392,61931520,2449.0535573543148,2184.5216400094237,938,100,14.319999980926514,11.394630385483882,44.0,0.0,9.790000009536744,9.601348877235637,40.0,0.0,0.002005827166916182,1.43138531409204,2.304159286121527,0.014471257614786737,0.14700826009114584,0.8833945424606402
25341.2565637324,947,62118912,62062592,2858.6566070473536,2184.5256459824554,943,100,13.049999809265136,10.591860118273562,45.0,0.0,10.170000028610229,10.470964270906155,50.0,0.0,-9.887573833111674e-05,1.3244177053372066,2.3127031922340393,0.01420643706539219,0.13935852050781247,0.8906328299393257
25408.462302263826,950,62259200,62259200,2087.4407910033,2925.464466223603,943,100,13.049999809265136,10.591860118273562,45.0,0.0,10.170000028610229,10.470964270906155,50.0,0.0,0.0011779888785288979,1.3212509254614513,2.3155573258797326,0.016434431809708865,0.1623077392578125,0.8867163409789403
25468.462708255276,952,62400768,62390272,2359.4507013864777,2184.5185517357622,947,100,13.869999885559082,11.773406613374632,54.0,0.0,9.569999837875367,10.280325498528619,47.0,0.0,-0.0007954600563001198,1.2633883164574704,2.2986021985610328,0.013691940406109401,0.14542643229166666,0.8981360650310913
25528.462816227227,954,62567936,62521344,2786.12831960481,2184.5294022016274,947,100,13.869999885559082,11.773406613374632,54.0,0.0,9.569999837875367,10.280325498528619,47.0,0.0,0.0005240117946717268,1.4667812573413055,2.2948919708530107,0.017891299139591865,0.16825358072916666,0.892124775176247
25596.734626427293,957,62717952,62717952,2197.334442435164,2879.7830235327747,951,100,13.280000162124633,11.446466505535719,52.0,0.0,12.080000019073486,12.521725057698132,53.0,0.0,5.7234067450432746e-05,1.5511154265453417,2.309654665489991,0.013268115420335866,0.134185791015625,0.8867231141775846
25656.73483734578,959,62860544,62849024,2376.52497911582,2184.5256540526025,951,100,13.280000162124633,11.446466505535719,52.0,0.0,12.080000019073486,12.521725057698132,53.0,0.0,1.6184824441249136e-05,1.316945572073261,2.3133586620291076,0.014896403365128208,0.15009562174479166,0.9017657085011404
25716.735245956108,961,63035904,62980096,2922.646762939076,2184.518456386579,955,100,12.92999997138977,11.092569517836663,54.0,0.0,9.939999914169311,9.913445441756753,45.0,0.0,0.0016325413938223694,1.2819833358128867,2.2908902193109197,0.015620870001536483,0.15420023600260419,0.8974386130770047
25784.494738847017,964,63176704,63176704,2077.937629000318,2901.556543767717,959,100,12.920000171661377,10.86340663734795,50.0,0.0,9.840000104904174,9.86784677024191,39.0,0.0,-0.0007237486667387809,1.408646079401175,2.2867950747410455,0.012889733832707861,0.12514750162760419,0.895012877881527
25844.49509567581,966,63326976,63307776,2504.518438595105,2184.5203416706877,959,100,12.920000171661377,10.86340663734795,50.0,0.0,9.840000104904174,9.86784677024191,39.0,0.0,-9.518673080795753e-05,1.3856372938801844,2.2822787041465444,0.015026468243377167,0.146636962890625,0.8917653610308964
25904.4952096045,968,63499264,63438848,2871.4612143030645,2184.5291853241743,963,100,14.570000076293946,11.758618252571509,49.0,0.0,10.910000038146972,10.884939094531385,46.0,0.0,-9.432835455906269e-05,1.2708687043438354,2.2964480842153234,0.013717667125092703,0.1297607421875,0.9003662932664155
25970.900751611218,971,63635456,63635456,2050.913160022484,2960.7167422880975,963,100,14.570000076293946,11.758618252571509,49.0,0.0,10.910000038146972,10.884939094531385,46.0,0.0,0.002985703113760489,1.4067711991568408,2.2892145266135535,0.017911002552258047,0.17145284016927084,0.8969719639668862
26030.90096587874,973,63780352,63766528,2414.9247093344416,2184.525532118788,967,100,12.970000076293946,11.074705368625267,46.0,0.0,11.15,9.946230288950485,39.0,0.0,0.0017506060297212875,1.2970796457181375,2.284903061886628,0.019067170084478374,0.17969767252604169,0.9022269652535517
26090.901120699942,975,63949824,63897600,2824.5260450580363,2184.5276964799314,967,100,12.970000076293946,11.074705368625267,46.0,0.0,11.15,9.946230288950485,39.0,0.0,0.0014968151978488704,1.215330982580781,2.309083645542463,0.018109071566868806,0.172027587890625,0.9047184151907761
26158.58433262445,978,64094208,64094208,2133.2320954425377,2904.8266831557958,971,100,14.389999866485596,10.60367358035095,45.0,1.0,8.409999990463257,7.334977837738053,30.0,0.0,0.00040268625404375286,1.3500534414003291,2.282891869544983,0.018076883524675697,0.16522216796875,0.9027572876463333
26218.584536287934,980,64236800,64225280,2376.525266476436,2184.52591819737,976,100,13.95,10.433000291175487,40.0,0.0,11.250000095367431,9.73794146574226,44.0,0.0,0.0005801126559769424,1.3739524787912767,2.2707378938794136,0.01677604947932802,0.1573638916015625,0.9077276351551216
26278.58487474732,982,64408320,64356352,2858.6505410481504,2184.5210104726166,976,100,13.95,10.433000291175487,40.0,0.0,11.250000095367431,9.73794146574226,44.0,0.0,9.523640619590878e-05,1.2683088115106027,2.295122814675172,0.015977970198340095,0.15045674641927081,0.9091940739502509
26346.970100108534,985,64552960,64552960,2115.0767470020987,2875.0069764559503,980,100,14.300000095367432,11.90168047949461,46.0,1.0,10.700000047683716,10.55319869559103,42.0,0.0,0.0019912026449067826,1.3411926484356325,2.28141488134861,0.023341382637227074,0.19910176595052081,0.9027761413405339
26406.970650225878,987,64691968,64684032,2316.7787583303934,2184.5133043557303,980,100,14.300000095367432,11.90168047949461,46.0,1.0,10.700000047683716,10.55319869559103,42.0,0.0,0.001552469531209984,1.3796244381616511,2.2954345295826593,0.019073597499906707,0.18408203125,0.899657034004728
26466.970922268927,989,64869120,64815104,2952.5199464578423,2184.5234285930856,984,100,14.539999961853027,11.102630296817665,44.0,0.0,10.710000038146973,10.460683452041234,42.0,0.0,0.002398288757831324,1.5166504991551242,2.299861967563629,0.016368769352993695,0.16670735677083334,0.8921210343639057
26534.641547435895,992,65011712,65011712,2107.147667812656,2905.3669818314534,984,100,14.539999961853027,11.102630296817665,44.0,0.0,10.710000038146973,10.460683452041234,42.0,0.0,0.0025279262238958227,1.4305856283754108,2.2991799314816794,0.016267688772131805,0.16762288411458334,0.8976684963951508
26594.642034076154,994,65158656,65142784,2449.0468032537974,2184.515615445896,989,100,15.649999904632569,11.135865455864266,43.0,0.0,9.530000114440918,8.545706771566373,37.0,0.0,0.0035196982401733594,1.5403137890001137,2.2971797759334245,0.016885742923477665,0.17008463541666669,0.8922838748743137
26654.642493460327,996,65336576,65273856,2965.3106297204704,2184.516607794073,989,100,15.649999904632569,11.135865455864266,43.0,0.0,9.530000114440918,8.545706771566373,37.0,0.0,0.001753687111583228,1.705082532018423,2.2901814132928844,0.014315136661025463,0.14794921875,0.8929424714297057
26721.115115210414,999,65470464,65470464,2014.1826285018717,2957.728984109823,993,100,15.180000019073486,12.636755909118321,44.0,0.0,10.000000095367431,9.580187991663061,49.0,0.0,0.0011764757388543028,1.5547692608088253,2.2741312061746917,0.019185811336986564,0.18339029947916666,0.8940390994151434
26781.115472450852,1001,65615360,65601536,2414.9189548882287,2184.5203266833446,993,100,15.180000019073486,12.636755909118321,44.0,0.0,10.000000095367431,9.580187991663061,49.0,0.0,0.0024185456859413534,1.5592077976713576,2.2575071404377622,0.016432166352994198,0.1566162109375,0.9011764787137508
26841.115709133446,1003,65788672,65732608,2888.521938952253,2184.5247160170657,997,100,15.379999828338622,11.809131759369249,43.0,0.0,10.859999990463256,10.587747576688784,42.0,0.0,0.0012766111079448215,1.5284154241283736,2.252562284469605,0.014215698537858165,0.14215087890625003,0.9009295329451561
26908.035218691453,1006,65929216,65929216,2100.194710455458,2937.9772998721155,997,100,15.379999828338622,11.809131759369249,43.0,0.0,10.859999990463256,10.587747576688784,42.0,0.0,0.0002506604602482791,1.4368698789427679,2.2716810877124467,0.015782627104878582,0.1577301025390625,0.9076136977722248
26968.035306215286,1008,66075392,66060288,2436.2631128152393,2184.530146692474,1002,100,16.130000019073485,12.530486890101367,46.0,0.0,13.160000038146972,11.143356646139503,48.0,0.0,0.0024049455654070093,1.6598026311645904,2.256020779410998,0.01674924492605593,0.1582183837890625,0.9088355998198191
27028.035451492295,1010,66247424,66191360,2867.1930577128337,2184.528043971683,1002,100,16.130000019073485,12.530486890101367,46.0,0.0,13.160000038146972,11.143356646139503,48.0,0.0,0.004037012118108881,1.4597238941739001,2.280006485680739,0.023924197369221172,0.19283548990885416,0.9017354063689709
27094.50765775144,1013,66387968,66387968,2114.3272942089484,2957.7474716802776,1006,100,15.220000076293946,11.989645532259367,44.0,1.0,11.279999923706054,10.493883871748956,41.0,0.0,0.003010147377305353,1.4255401448657115,2.2908718635638556,0.020468992823225562,0.19344075520833334,0.8982977556685607
27154.508728584275,1015,66532352,66519040,2406.3570532309654,2184.4943461954863,1006,100,15.220000076293946,11.989645532259367,44.0,1.0,11.279999923706054,10.493883871748956,41.0,0.0,0.00016688963175207994,1.3873022956152758,2.2944476107756295,0.020118789604263537,0.189697265625,0.9073144514113665
27214.509109323844,1017,66706176,66650112,2897.048282984724,2184.519471116611,1011,100,15.410000038146972,11.647398731079852,47.0,0.0,10.660000038146972,11.595878488051365,51.0,0.0,0.0019071996915348186,1.4758354692409437,2.3053945029775305,0.014560818044628832,0.14643351236979169,0.8962678375343482
27280.98365593888,1020,66846720,66846720,2114.252855516484,2957.64333886459,1011,100,15.410000038146972,11.647398731079852,47.0,0.0,10.660000038146972,11.595878488051365,51.0,0.0,0.00099088479570734,1.5398669596761463,2.2849295934041343,0.01724927038048918,0.16303507486979169,0.8954632990062237
27340.98380983621,1022,67000832,66977792,2568.5267451765244,2184.5277301169112,1016,100,14.869999980926513,12.245533656571498,46.0,0.0,10.699999904632568,10.766150614638617,45.0,0.0,0.003950189424358541,1.4683800221731267,2.284955089290937,0.02156437646650981,0.18631490071614584,0.9030341723312935
27400.984402304515,1024,67169280,67108864,2807.438944690051,2184.511762433596,1016,100,14.869999980926513,12.245533656571498,46.0,0.0,10.699999904632568,10.766150614638617,45.0,0.0,0.0008893385214226631,1.5936626872668664,2.2930761078993482,0.012596095838186255,0.12521870930989584,0.8819254202147325
27468.53419905901,1027,67305472,67305472,2016.1718693985367,2910.563901688113,1020,100,12.599999904632568,9.62496744601132,35.0,0.0,9.730000019073486,8.505122139669346,44.0,0.0,0.00127678540108415,1.452137037490805,2.261622274915377,0.018229601620381192,0.1675567626953125,0.9060066683838766
27528.53421571292,1029,67454208,67436544,2478.932645267969,2184.5327269831328,1024,100,13.500000095367431,10.608958414502297,44.0,0.0,9.640000009536744,9.316136640059925,41.0,0.0,0.004785040405598314,1.7451822192718585,2.271491179863612,0.02333748195451335,0.1893463134765625,0.9008811892320712
27588.534488175064,1031,67631360,67567616,2952.5199258348225,2184.523413334435,1024,100,13.500000095367431,10.608958414502297,44.0,0.0,9.640000009536744,9.316136640059925,41.0,0.0,0.0018706428818404675,1.760038157304128,2.2805755386749906,0.010532062873001754,0.11113484700520833,0.8796467824528614
27653.325910009444,1034,67764224,67764224,2050.6418324886968,3034.4757752433893,1029,100,12.249999952316283,10.861284330412143,45.0,0.0,11.4,11.168706463436994,58.0,0.0,0.0022887152542049685,1.4791804688672223,2.2946283693114915,0.015441813675958354,0.15177408854166669,0.893424221004049
27713.326280985028,1036,67912960,67895296,2478.918006365757,2184.519826608034,1029,100,12.249999952316283,10.861284330412143,45.0,0.0,11.4,11.168706463436994,58.0,0.0,0.0016263700308627447,1.6979385937253635,2.2702849209308624,0.017008473145930715,0.15051778157552084,0.8939675794293483
27773.329751851037,1038,68089088,68026368,2935.2968662979783,2184.4069702682627,1033,100,12.609999942779542,10.279002868370274,42.0,0.0,10.619999980926513,10.270131389371073,40.0,0.0,0.0035900777535668262,1.3920850877960522,2.273759524027507,0.018969597877609583,0.17789713541666666,0.9071118601908287
27839.551316607744,1041,68222976,68222976,2021.8187306792831,2968.9422278426186,1033,100,12.609999942779542,10.279002868370274,42.0,0.0,10.619999980926513,10.270131389371073,40.0,0.0,0.0015879541630662666,1.545297804599007,2.2757075081268945,0.018939763236024493,0.17537943522135419,0.9009596419831117
27899.551599530503,1043,68373504,68354048,2508.7881701121255,2184.5230324785853,1037,100,14.739999961853027,10.772761874016831,41.0,0.0,10.789999961853027,10.316292893950202,42.0,0.0,0.0005872545346695309,1.4148609992116687,2.2994420677423477,0.016412816870797542,0.16010030110677081,0.895037762199839
27959.551767855883,1045,68547328,68485120,2897.058539192033,2184.5272048104875,1037,100,14.739999961853027,10.772761874016831,41.0,0.0,10.789999961853027,10.316292893950202,42.0,0.0,0.0005215837203043823,1.531725939984123,2.297565509875615,0.019024277230831405,0.17084757486979166,0.8937485814094545
28026.407054267824,1048,68681728,68681728,2010.3122312851951,2940.7996069086284,1042,100,16.039999961853027,11.712318208029412,41.0,0.0,12.829999828338623,11.584519536663587,56.0,0.0,0.0019073040942506245,1.3451889424274366,2.30661811431249,0.018537080787306575,0.1725311279296875,0.8968654659887154
28086.4071137812,1050,68827136,68812800,2423.464262857702,2184.5311665196186,1042,100,16.039999961853027,11.712318208029412,41.0,0.0,12.829999828338623,11.584519536663587,56.0,0.0,0.002942639672255609,1.3612534801165261,2.294387216369311,0.018457919810316525,0.171112060546875,0.8925955363859733
28146.40722580999,1052,68999680,68943872,2875.727963927811,2184.5292544970907,1046,100,13.790000104904175,11.412532631002067,46.0,0.0,10.069999933242798,10.073981538249797,45.0,0.0,0.0015181796964801228,1.3045722339302301,2.3134752338131266,0.017729951839404144,0.16567484537760419,0.8918342037747303
28215.322994643822,1055,69140480,69140480,2043.0737751688678,2852.8739260539824,1046,100,13.790000104904175,11.412532631002067,46.0,0.0,10.069999933242798,10.073981538249797,45.0,0.0,0.0024692565202713013,1.3285806191464264,2.3104714850584664,0.01880706273307927,0.16695149739583334,0.8969765386233727
28275.326545169577,1057,69287680,69271552,2453.188164870659,2184.40407028483,1051,100,13.720000076293946,11.890399603237846,54.0,0.0,10.430000114440919,10.330784380511256,43.0,0.0,0.001154938208249708,1.3912273962050676,2.3191946322719255,0.0164804472654699,0.16189066569010416,0.8841866416235764
28335.326847858727,1059,69454592,69402624,2781.8526327231875,2184.5223128133007,1051,100,13.720000076293946,11.890399603237846,54.0,0.0,10.430000114440919,10.330784380511256,43.0,0.0,4.9275319421819146e-05,1.39316503268977,2.3095804949601493,0.014366931479041039,0.1415557861328125,0.8884053925673167
28403.15625616908,1062,69599232,69599232,2132.4083992919273,2898.5657533738054,1055,100,13.79000015258789,11.229688240473676,40.0,0.0,9.880000162124634,10.645450053756448,51.0,0.0,0.0009483432925965948,1.4272721242159605,2.318734231094519,0.014255473951076661,0.14225260416666666,0.8847095587601265
28463.156378583983,1064,69750528,69730304,2521.594855320221,2184.528876351867,1059,100,12.410000133514405,10.52339774252286,40.0,0.0,10.270000076293945,10.741373106563714,50.0,0.0,0.0015282398938628223,1.4778149270763,2.3191629126667976,0.014930761770301615,0.14019266764322916,0.8740348474433025
28535.292167929932,1067,69926912,69926912,2445.166284298838,2725.5264242982694,1059,100,12.410000133514405,10.52339774252286,40.0,0.0,10.270000076293945,10.741373106563714,50.0,0.0,0.0037562234235034944,1.4499970221271117,2.2912378186980886,0.01963536985446505,0.16262308756510419,0.8897863527139027
28595.292530335486,1069,70069760,70057984,2380.785619834496,2184.520138629502,1064,100,12.24000005722046,10.222641573341873,43.0,0.0,9.669999933242797,9.531059856446095,43.0,0.0,-0.0008043832591890047,1.5580946349849305,2.299588287870089,0.014411990713900497,0.14142354329427084,0.8775216601788998
28655.292883399874,1071,70246912,70189056,2952.515959529326,2184.5204787269004,1064,100,12.24000005722046,10.222641573341873,43.0,0.0,9.669999933242797,9.531059856446095,43.0,0.0,0.0007803922320211616,1.235431596636772,2.309330413738887,0.017650836911949835,0.16080729166666666,0.8897725890080134
28721.646394355223,1074,70385664,70385664,2091.102610883253,2963.038385900993,1068,100,13.879999828338622,12.110557608832373,58.0,0.0,8.600000047683716,8.955445273965552,46.0,0.0,-0.0002661392839703088,1.3754174162944157,2.3103400891025863,0.01476199757901971,0.14589436848958331,0.8857161172976096
28781.646663505584,1076,70531840,70516736,2436.255738014793,2184.5235339116884,1071,100,14.650000095367432,12.085011339830382,45.0,0.0,10.800000047683715,11.248111015665499,54.0,0.0,0.001155557190941181,1.3602076781292758,2.314571224153042,0.01871439311313831,0.17110697428385416,0.8952039051800965
28841.646737530828,1078,70702592,70647808,2845.8631555714483,2184.530638159792,1071,100,14.650000095367432,12.085011339830382,45.0,0.0,10.800000047683715,11.248111015665499,54.0,0.0,0.002701103711539569,1.323564575985074,2.3274524336059885,0.017438223887438653,0.17333475748697916,0.8874704452852409
28908.380778221413,1081,70844416,70844416,2125.2122384971485,2946.14259777222,1075,100,12.750000095367431,10.556869871374696,43.0,0.0,8.669999980926514,8.95103887109787,55.0,0.0,-0.0007537594550133993,1.3394089490175247,2.3202429711818695,0.014938477375229317,0.14483642578125,0.896449426189065
28968.38083372824,1083,70986752,70975488,2372.264472052167,2184.5313123933624,1079,100,14.359999990463256,11.60389585509742,48.0,0.0,9.820000076293946,10.182710777066522,54.0,0.0,-0.00014907015914407873,1.2615828992178044,2.3182544484734535,0.01724498980001954,0.16626993815104169,0.8996167406439781
29028.381299126893,1085,71154432,71106560,2794.644989599708,2184.516388816871,1079,100,14.359999990463256,11.60389585509742,48.0,0.0,9.820000076293946,10.182710777066522,54.0,0.0,-0.00026294807321392,1.3358461155245702,2.3307880386710167,0.016235155360845965,0.15630086263020834,0.8996872436255217
29097.628019403666,1088,71303168,71303168,2147.9140009160787,2839.2391612797737,1082,100,12.719999980926513,11.14637166604246,45.0,0.0,9.890000009536744,9.703499376938316,43.0,0.0,0.002827456123971691,1.5890555245180924,2.3319901252786317,0.01602724771025047,0.15801493326822916,0.8769667111337185
29157.628078659996,1090,71455488,71434240,2538.6641594679745,2184.531175878324,1082,100,12.719999980926513,11.14637166604246,45.0,0.0,9.890000009536744,9.703499376938316,43.0,0.0,0.0009886117768473923,1.3468686168392499,2.3100352436304097,0.01757050038213492,0.17119344075520831,0.9051314840714136
29217.628320099786,1092,71626240,71565312,2845.8552149552643,2184.5245428142357,1087,100,15.22999997138977,11.559286314112454,47.0,0.0,10.690000057220459,10.405474523401574,43.0,0.0,0.00014820286014582962,1.3295324991146724,2.3095020378629365,0.018149007568354136,0.1727752685546875,0.9013644754886627
29284.293996065855,1095,71761920,71761920,2035.230244557292,2949.163826075472,1087,100,15.22999997138977,11.559286314112454,47.0,0.0,10.690000057220459,10.405474523401574,43.0,0.0,0.0018436006260647748,1.3755465590705476,2.315977248052756,0.017297505193710094,0.17022705078125,0.8921964621792237
29344.294021382928,1097,71909376,71892992,2457.598963013133,2184.5324115672292,1091,100,13.019999837875366,11.227626594985187,45.0,0.0,9.609999990463256,10.188125595824017,43.0,0.0,0.0010720466331501182,1.4418216608464718,2.3074439764022827,0.012911653710034443,0.13612874348958334,0.8853329103440045
29404.294096194208,1099,72080896,72024064,2858.663102329248,2184.5306095411565,1095,100,12.209999942779541,10.685780050680417,43.0,0.0,10.349999952316285,9.985364281869275,47.0,0.0,0.0023217008589805723,1.425814731667439,2.29524431626002,0.02009679602936861,0.18265279134114584,0.8933809188505014
29470.481858249754,1102,72220672,72220672,2111.810335613059,2970.458494049138,1095,100,12.209999942779541,10.685780050680417,43.0,0.0,10.349999952316285,9.985364281869275,47.0,0.0,0.0028343082546295286,1.7583204470574858,2.287909127771854,0.017846846578322584,0.15871683756510419,0.8748252913355828
29530.48213763535,1104,72370688,72351744,2500.255024412643,2184.523161261558,1098,100,13.130000114440918,9.55578896200753,39.0,0.0,10.300000190734863,11.146748299410342,50.0,0.0,0.0030217679462415012,1.4573411488284669,2.293999649584294,0.02063535560046148,0.18378702799479166,0.8875661436468363
29590.48255279474,1106,72541184,72482816,2841.5803381873657,2184.5182179458425,1098,100,13.130000114440918,9.55578896200753,39.0,0.0,10.300000190734863,11.146748299410342,50.0,0.0,0.0022859087669833875,1.3929611748705308,2.281637688477834,0.01810592011740179,0.16282145182291669,0.8883886684974035
29657.37994275242,1109,72679424,72679424,2066.448333596414,2938.9487411149,1103,100,12.649999952316284,10.036308995196892,48.0,0.0,9.110000085830688,9.172671179859298,39.0,0.0,0.0005095534458329591,1.5114839443316062,2.2849698836604753,0.017475411568132888,0.16319783528645834,0.8925127374629179
29717.379958467558,1111,72832000,72810496,2542.932667291074,2184.5327611628018,1103,100,12.649999952316284,10.036308995196892,48.0,0.0,9.110000085830688,9.172671179859298,39.0,0.0,0.0016359510142744211,1.3928826476136844,2.28163123379151,0.01826791017083451,0.16721598307291669,0.9016631791989009
29777.38022613339,1113,73004032,72941568,2867.1872091991104,2184.523587961227,1107,100,13.699999809265137,11.566762643614648,44.0,0.0,9.009999966621399,8.65158352713634,39.0,0.0,0.0013165751661290415,1.4056760699798663,2.2953738371531167,0.020873982372601557,0.18673197428385416,0.8925896355261405
29842.96408723481,1116,73138176,73138176,2045.3812530579744,2997.8106915048174,1107,100,13.699999809265137,11.566762643614648,44.0,0.0,9.009999966621399,8.65158352713634,39.0,0.0,0.0018078317771141883,1.4503117688000202,2.2885167921582856,0.015797406416822923,0.14906819661458331,0.8908428785701592
29902.964315891266,1118,73286912,73269248,2478.9238863008295,2184.525008237564,1111,100,13.430000114440919,10.069017046625223,37.0,0.0,9.849999856948852,9.819750508206583,40.0,0.0,0.000416594926112642,1.5377738575140636,2.2855867544809976,0.011018941566968957,0.1126556396484375,0.886323639502128
29962.964414868504,1120,73459968,73400320,2884.261908728713,2184.5297296880194,1111,100,13.430000114440919,10.069017046625223,37.0,0.0,9.849999856948852,9.819750508206583,40.0,0.0,0.00041644936572993174,1.6937512122094631,2.278565858801206,0.0128669195225181,0.13073221842447916,0.8831179868429898
30029.67413933575,1123,73596928,73596928,2053.0739872451854,2947.2164901015,1116,100,15.460000038146973,12.125526933607064,43.0,0.0,11.620000076293945,10.583742375854019,44.0,0.0,0.0010806716721466123,1.7152361193050942,2.3068471277753515,0.01635866952650152,0.14278666178385419,0.8747841554383438
30089.67462789826,1125,73745152,73728000,2470.379884416741,2184.515545460054,1120,100,14.459999752044677,11.552851890098502,45.0,0.0,11.079999923706055,11.083031898396754,55.0,0.0,0.00100681600694467,1.5357699810216825,2.313222549855709,0.014008090503314937,0.14350382486979169,0.8826382656892141
30149.67463429086,1127,73916672,73859072,2858.6663620949116,2184.533100585962,1120,100,14.459999752044677,11.552851890098502,45.0,0.0,11.079999923706055,11.083031898396754,55.0,0.0,0.0012717175365348037,1.3928644905487697,2.3265993321935334,0.017091282311109048,0.16607666015625,0.8894141484051943
30216.770422659814,1130,74055680,74055680,2071.784286006214,2930.2584376662476,1124,100,14.369999980926513,10.56187013076926,43.0,0.0,10.539999961853027,10.163089980503443,51.0,0.0,0.001359277642526043,1.5351637185861666,2.294587555030982,0.016242584341550053,0.1634368896484375,0.8971701301634312
30276.77070624754,1132,74203136,74186752,2457.5883843017273,2184.523008268202,1124,100,14.369999980926513,10.56187013076926,43.0,0.0,10.539999961853027,10.163089980503443,51.0,0.0,0.00197818747741015,1.492831526324153,2.3165459781885147,0.018558862478433486,0.17206827799479169,0.8948462450255951
30336.77077782713,1134,74373888,74317824,2845.8632715712097,2184.5307272030873,1129,100,15.539999771118165,11.915049159324075,41.0,0.0,11.25,12.03609153895508,53.0,0.0,0.0018737046945413265,1.6393336759259303,2.3106888482968015,0.01336793747699024,0.13397216796875,0.8847878742963076
30405.39539591223,1137,74514432,74514432,2048.0113976840157,2864.977692935017,1129,100,15.539999771118165,11.915049159324075,41.0,0.0,11.25,12.03609153895508,53.0,0.0,0.0034879576948393756,1.6251246482133865,2.2834995339314146,0.01699184308927215,0.168182373046875,0.8898459021002054
30465.39583557844,1139,74659840,74645504,2423.448908189992,2184.517325692387,1133,100,13.920000171661377,11.623837593288995,46.0,0.0,10.229999876022339,11.607631153700781,50.0,0.0,0.0029063338564204364,1.4748937021940947,2.3109547471006713,0.01816195808229774,0.1637115478515625,0.8974989857524633
30525.39610235952,1141,74837504,74776576,2961.053500782644,2184.523620173939,1133,100,13.920000171661377,11.623837593288995,46.0,0.0,10.229999876022339,11.607631153700781,50.0,0.0,0.0029851793636529083,1.4384852989266317,2.2865219861268997,0.021228934475099475,0.18832906087239584,0.9089098963886499
30592.160035228357,1144,74973184,74973184,2032.2349833187834,2944.8235229977845,1137,100,14.030000019073487,11.823244050944146,44.0,0.0,10.339999866485595,10.182553565256587,44.0,0.0,0.002144144219831408,1.4495766541610162,2.2902255803346634,0.0220072758547758,0.18690999348958334,0.8994433476279179
30652.160654891282,1146,75122944,75104256,2495.9742222885197,2184.51077232773,1141,100,13.160000085830688,11.237188178062665,47.0,0.0,9.959999942779541,10.424892816538843,43.0,0.0,0.0015237873813020997,1.6252937323103347,2.294596716761589,0.013903791037591873,0.14382425944010416,0.8789619859308004
30712.160705778748,1148,75286528,75235328,2726.39768767553,2184.5314805788285,1141,100,13.160000085830688,11.237188178062665,47.0,0.0,9.959999942779541,10.424892816538843,43.0,0.0,0.0004689311535912566,1.6937789830068748,2.2934000814954443,0.01746310033437718,0.14525858561197919,0.8876929090668758
30780.00166695565,1151,75431936,75431936,2143.3658585826074,2898.0721468159195,1141,100,13.160000085830688,11.237188178062665,47.0,0.0,9.959999942779541,10.424892816538843,43.0,0.0,0.0016739553466322834,1.712075478086869,2.2898739626010256,0.0145806607100288,0.14167277018229169,0.8937839791178703
30840.00194419548,1153,75575552,75563008,2393.5889400301808,2184.523239385833,1146,100,13.6,12.06067970095743,54.0,0.0,10.970000076293946,10.531339055861922,42.0,0.0,0.003196967263647821,1.6299639735370874,2.292983738084634,0.01929853725899496,0.17230733235677084,0.8831002029279867
30900.004879022017,1155,75747584,75694080,2867.0597612821107,2184.42648478637,1151,100,13.5,10.92657301033183,42.0,0.0,10.37000002861023,10.512521111238101,47.0,0.0,0.0031270217781032747,1.499312924221158,2.288114917774995,0.02018549970125605,0.18155924479166669,0.896964084977905
30968.26948583126,1158,75890688,75890688,2096.313253511959,2880.0869028572174,1151,100,13.5,10.92657301033183,42.0,0.0,10.37000002861023,10.512521111238101,47.0,0.0,0.0010919587318009385,1.5982504151761532,2.312646821141243,0.014127007626181392,0.13776143391927084,0.8933882520844538
31028.269730091095,1160,76043264,76021760,2542.9229811009004,2184.5244401403706,1155,100,12.339999866485595,10.711881100828732,42.0,0.0,9.919999957084656,9.824133409894882,39.0,0.0,0.00073338157623463,1.5607293639332058,2.2942056680719056,0.012927055348579112,0.13509623209635419,0.9004795632014672
31088.26976806298,1162,76215040,76152832,2862.931521484939,2184.5319508201023,1155,100,12.339999866485595,10.711881100828732,42.0,0.0,9.919999957084656,9.824133409894882,39.0,0.0,0.0016585474562210343,1.4652225002646446,2.315102579693,0.019591191213597387,0.16759745279947916,0.8976874798536301
31153.608122171834,1165,76349440,76349440,2056.984780732105,3009.0748792423938,1159,100,14.689999866485596,10.91393135239757,45.0,0.0,10.219999933242798,9.349417180397104,43.0,0.0,0.001574395559146069,1.5535158067941663,2.3174826775987944,0.02134675472431506,0.18410237630208334,0.8882639445364475
31213.608494266868,1167,76498176,76480512,2478.917960115642,2184.5197858506176,1159,100,14.689999866485596,10.91393135239757,45.0,0.0,10.219999933242798,9.349417180397104,43.0,0.0,0.0007933306939473065,1.4369431131829817,2.3019736285010977,0.016602948268579592,0.15825398763020834,0.8894551532963912
31273.60892574303,1169,76674560,76611584,2939.7121930711473,2184.5176238787044,1163,100,14.27999997138977,11.24284641680677,51.0,0.0,9.8,8.702872951190967,41.0,0.0,-6.21503034684186e-05,1.4197675436735153,2.3108173583944636,0.01743712893827857,0.16610209147135416,0.8954376162340244
31339.99705632031,1172,76808192,76808192,2012.8899373727902,2961.493241192151,1167,100,14.25,11.820638798995871,41.0,0.0,9.779999923706054,9.6660022207317,42.0,0.0,0.002152960407935704,1.5264849172284205,2.3079995190103846,0.016291831555160268,0.15980021158854166,0.8889024797827005
31399.997421506792,1174,76952832,76939264,2410.6519943746207,2184.520037380187,1167,100,14.25,11.820638798995871,41.0,0.0,9.779999923706054,9.6660022207317,42.0,0.0,0.0009295915139470404,1.6290466636419296,2.3212708681821828,0.015617275511734382,0.15289815266927084,0.8793166490892569
31459.9975802321,1176,77122560,77070336,2828.792516650685,2184.527554336577,1171,100,14.469999885559082,11.793604194892596,47.0,0.0,10.339999961853028,9.860243479821527,45.0,0.0,0.0028697053494397546,1.546195755402247,2.333555683493614,0.020579103436830337,0.18570454915364581,0.883183433363835
31528.011930229142,1179,77266944,77266944,2122.846134768265,2890.6840984078503,1171,100,14.469999885559082,11.793604194892596,47.0,0.0,10.339999961853028,9.860243479821527,45.0,0.0,-0.0005886923148257969,1.5046029097090163,2.3173100277781487,0.012167337152883798,0.13405354817708334,0.8854823938260477
31588.012287717313,1181,77415168,77398016,2470.3852811081,2184.520317663812,1176,100,12.85,10.940178324810537,45.0,0.0,11.489999866485595,11.876442835057066,48.0,0.0,0.0010729650797050758,1.4489916507154703,2.315307279427846,0.017493992658273783,0.17070515950520834,0.8998489969720443
31648.01239209622,1183,77594368,77529088,2986.661470925575,2184.529533019849,1176,100,12.85,10.940178324810537,45.0,0.0,11.489999866485595,11.876442835057066,48.0,0.0,0.0011571346403798088,1.3892166775961716,2.315214286247889,0.016894960098094696,0.16729227701822916,0.8974156590799491
31713.314747577533,1186,77725696,77725696,2011.0760022673858,3010.7336642131622,1176,100,12.85,10.940178324810537,45.0,0.0,11.489999866485595,11.876442835057066,48.0,0.0,0.0013498216649168169,1.5415743819127479,2.3066234812140465,0.011552094075038136,0.121429443359375,0.8688085650404295
31773.31517323479,1188,77871872,77856768,2436.2493832128184,2184.517835735487,1180,100,13.749999904632569,11.71612133967652,45.0,0.0,11.020000076293945,11.655024776553628,50.0,0.0,0.0020516687897422043,1.4578519513209662,2.305810570716858,0.018782555550690933,0.17813618977864584,0.8867925889790058
31833.315554007888,1190,78053120,77987840,3020.780829465456,2184.519469895923,1180,100,13.749999904632569,11.71612133967652,45.0,0.0,11.020000076293945,11.655024776553628,50.0,0.0,0.0017657128967888034,1.5418521227935948,2.309470809996128,0.0177721828755845,0.16538492838541666,0.8798820823431016
31899.56027089618,1193,78184448,78184448,1982.4675259984017,2967.904600325093,1186,100,12.419999980926514,10.009175953951644,38.0,0.0,10.780000162124633,10.658874373459627,45.0,0.0,0.00024244044228301692,1.3955505266785622,2.309492794175943,0.014224649681636947,0.1444854736328125,0.8866024843106667
31959.560612445697,1195,78336256,78315520,2530.1189306517417,2184.5208979657536,1191,100,12.739999961853027,11.295680597810039,52.0,0.0,10.540000104904175,10.408092908629113,44.0,0.0,0.000329955563453647,1.378564386939009,2.2865839079022408,0.018128366390859206,0.16560872395833334,0.8949078842997552
32019.560827570036,1197,78502400,78446592,2769.0567384749975,2184.5255009232646,1191,100,12.739999961853027,11.295680597810039,52.0,0.0,10.540000104904175,10.408092908629113,44.0,0.0,0.0016049393986274179,1.3534540310502052,2.2969354266921678,0.015755044324881357,0.1510009765625,0.8982297560820977
32086.56163285114,1200,78643200,78643200,2101.467279524059,2934.4124921354132,1195,100,11.870000076293945,10.329235232314625,42.0,0.0,10.989999914169312,10.959466332360957,50.0,0.0,-0.0001329505976173096,1.5118657244990268,2.2963639001051583,0.01760012279495034,0.15942891438802084,0.8881044058750073
32146.561782296747,1202,78788096,78774272,2414.9273183286336,2184.52789219834,1195,100,11.870000076293945,10.329235232314625,42.0,0.0,10.989999914169312,10.959466332360957,50.0,0.0,0.003027341818475785,1.6250099036842585,2.2964718838532767,0.014684702535305405,0.1448516845703125,0.8732981619735559
32206.562281679362,1204,78962432,78905344,2905.575816765838,2184.5151515185157,1199,100,16.710000038146973,12.45495494988011,50.0,0.0,12.129999923706055,12.052928854951498,52.0,0.0,0.0041931581508833915,1.9029617508252463,2.288631963233153,0.013062657343956138,0.1365814208984375,0.8600270214180151
32274.204357443377,1207,79101952,79101952,2062.6215033191334,2906.5932377047607,1199,100,16.710000038146973,12.45495494988011,50.0,0.0,12.129999923706055,12.052928854951498,52.0,0.0,0.002768449635671762,1.6271673136701186,2.2681110451618833,0.019470913142261754,0.17513529459635416,0.8916096941878399
32334.204683179036,1209,79246336,79233024,2406.3869358994507,2184.521473724324,1204,100,14.109999847412109,11.808382536975175,43.0,0.0,12.209999942779541,10.678291134954028,40.0,0.0,0.0024171489239961375,1.8989568389952183,2.249394136170546,0.016180246506337426,0.15029398600260416,0.8703293396780888
32394.20577953942,1211,79421440,79364096,2918.346674005262,2184.49341679926,1204,100,14.109999847412109,11.808382536975175,43.0,0.0,12.209999942779541,10.678291134954028,40.0,0.0,0.0051113788795191795,1.8345111819605031,2.236336785058181,0.024498093157186908,0.20876057942708334,0.8958587795495988
32461.081024827436,1214,79560704,79560704,2082.44469833682,2939.9219270637454,1209,100,14.690000057220459,11.44088727262119,46.0,0.0,11.090000009536743,9.581330961927721,43.0,0.0,0.004137317489949055,1.8139036869009335,2.2759676973025007,0.014786802609402608,0.14470418294270831,0.8775819391012193
32521.081534219906,1216,79710208,79691776,2491.7121790096385,2184.5147870769433,1209,100,14.690000057220459,11.44088727262119,46.0,0.0,11.090000009536743,9.581330961927721,43.0,0.0,0.0004279752974980511,1.8442014468212924,2.2722268626093864,0.014593105621922103,0.13673909505208334,0.8708865704635779
32592.766210220754,1219,79888384,79888384,2485.552142244337,2742.6782259247857,1213,100,13.299999904632568,11.517378162154845,46.0,0.0,9.650000047683715,10.682111518739594,46.0,0.0,0.0017897473759755182,1.5474036913365126,2.2971003899971643,0.01820157554781569,0.171539306640625,0.8955732217679421
32652.766653204337,1221,80040704,80019456,2538.647923677463,2184.517204912371,1213,100,13.299999904632568,11.517378162154845,46.0,0.0,9.650000047683715,10.682111518739594,46.0,0.0,0.00294950631117293,1.6032462858905394,2.302647190789382,0.014464770507402136,0.14884440104166669,0.8828160402675469
32712.76680749096,1223,80213504,80150528,2879.9925942611394,2184.5277159432644,1218,100,12.430000019073486,10.969279739038203,44.0,0.0,9.65,10.536009407585393,55.0,0.0,0.0009190530448298281,1.4165071584284306,2.299220822751522,0.017302577108542515,0.15558369954427084,0.9009823718418678
32778.45993151143,1226,80347136,80347136,2034.1854949439733,2992.824636239409,1218,100,12.430000019073486,10.969279739038203,44.0,0.0,9.65,10.536009407585393,55.0,0.0,0.0006363005231833085,1.3791039468099673,2.323672930399577,0.015091300485437387,0.15163167317708334,0.9004085479925076
32838.460346771404,1228,80494080,80478208,2449.049716794711,2184.518214283784,1222,100,13.190000104904176,10.954172663010608,42.0,0.0,10.50999994277954,10.90366452822391,56.0,0.0,0.0008815854404626103,1.6366019720832508,2.3044253463546434,0.01340886102358733,0.12718709309895834,0.8903011387834946
32898.46035628393,1230,80669696,80609280,2926.932869291114,2184.532986992785,1222,100,13.190000104904176,10.954172663010608,42.0,0.0,10.50999994277954,10.90366452822391,56.0,0.0,0.003937840932242883,1.5834461686511834,2.293776035308838,0.020455799649425895,0.188385009765625,0.8927788361907005
32964.737097889185,1233,80805888,80805888,2054.898848394919,2966.4705179836424,1227,100,13.110000038146973,11.117459430121881,42.0,0.0,10.219999980926513,10.490548089280171,47.0,0.0,0.0011337499721169781,1.4671577705691259,2.3033436685800557,0.016102905418544346,0.14751688639322916,0.9009922984987497
33024.73718565516,1235,80953088,80936960,2453.32974468531,2184.5301378763106,1227,100,13.110000038146973,11.117459430121881,42.0,0.0,10.219999980926513,10.490548089280171,47.0,0.0,0.0010356919980646733,1.3956280816346407,2.315931888918082,0.017729011532234534,0.16787211100260416,0.9009789954870939
33084.737575424835,1237,81131776,81068032,2978.113987024735,2184.519142344791,1231,100,13.299999952316284,12.866623596288079,49.0,0.0,11.549999952316284,10.987606710021945,41.0,0.0,0.0005858060855340834,1.4468069976816575,2.3027837152282395,0.01132115449824293,0.11850992838541667,0.8968987377981344
33150.49662571773,1240,81264640,81264640,2020.4671358271873,2989.824200992832,1231,100,13.299999952316284,12.866623596288079,49.0,0.0,11.549999952316284,10.987606710021945,41.0,0.0,0.0015612195687329708,1.4931272380053995,2.321031724413236,0.017459234886094542,0.16535441080729169,0.893541652088364
33210.49964479357,1242,81418752,81395712,2568.4040965540485,2184.4234176672308,1236,100,13.420000171661377,11.454414067714238,48.0,0.0,11.079999876022338,11.253159311479674,46.0,0.0,0.002005518244307799,1.583305025473237,2.3255503301819167,0.01658696298970123,0.14900207519531253,0.8887695620457332
33282.464827444404,1245,81592320,81592320,2411.8329670908956,2731.9877857312804,1236,100,13.420000171661377,11.454414067714238,48.0,0.0,11.079999876022338,11.253159311479674,46.0,0.0,1.262581160214421e-05,1.5629265376677115,2.3057410592834158,0.013260857079027726,0.13382466634114584,0.8963227303077776
33342.4651791919,1247,81737984,81723392,2427.7191009313433,2184.520526672843,1241,100,15.259999990463257,13.404939429046046,52.0,0.0,10.919999933242797,11.335501763349635,50.0,0.0,0.0018540551003146297,1.443643883491556,2.307374599079291,0.019110037398907785,0.17627461751302084,0.885161287461718
33402.46578530781,1249,81917952,81854464,2999.4363665650817,2184.511265549533,1241,100,15.259999990463257,13.404939429046046,52.0,0.0,10.919999933242797,11.335501763349635,50.0,0.0,0.002210046334463793,1.4178890238205593,2.3188987622658415,0.01904705496963288,0.18261210123697919,0.8985019711156687
33467.6374404598,1252,82051072,82051072,2042.605787585694,3016.7716247419485,1246,100,13.889999866485596,11.746399117119774,55.0,0.0,12.819999980926514,12.316964180555006,59.0,0.0,0.0038058366141437245,1.4463741909712553,2.298197882870833,0.021522368500882297,0.1833953857421875,0.8935297150164844
33527.63767554425,1254,82195968,82182144,2414.923871482728,2184.524774203457,1246,100,13.889999866485596,11.746399117119774,55.0,0.0,12.819999980926514,12.316964180555006,59.0,0.0,0.0017961653866223062,1.4028265544523795,2.309087028106054,0.017929991571994226,0.1657562255859375,0.8922413419932127
33587.63791222684,1256,82368256,82313216,2871.4553396083697,2184.5247160170657,1250,100,12.609999847412109,11.397275643684239,42.0,0.0,12.25,11.262659400573611,45.0,0.0,0.0001688237583342319,1.4197978774706523,2.3257383853197098,0.0159704024772509,0.15081787109375,0.8844860748698313
33654.80225534178,1259,82509824,82509824,2107.785075151056,2927.2675184737996,1254,100,13.450000095367432,11.368707141641602,43.0,0.0,9.459999895095825,8.606300037526973,38.0,0.0,0.0008234534931640762,1.43326280079782,2.297593702872594,0.014259651472457335,0.14279683430989584,0.8790863249450922
33714.80239832774,1261,82656000,82640896,2436.2608608152414,2184.5281273859955,1254,100,13.450000095367432,11.368707141641602,43.0,0.0,9.459999895095825,8.606300037526973,38.0,0.0,0.00027309187620024505,1.6189026851207018,2.3165677587191262,0.011808283912008239,0.1215057373046875,0.8612425674994786
33774.80264459364,1263,82833408,82771968,2956.7878640661056,2184.524367102231,1258,100,14.639999961853027,12.032888307118972,41.0,0.0,10.249999952316283,10.088979100021401,37.0,0.0,-0.00116420377647349,1.3098116101076207,2.302921031912168,0.014335944474926993,0.14895121256510419,0.8947394682715336
33841.996698567644,1266,82968576,82968576,2011.6065634661147,2925.9731832234397,1258,100,14.639999961853027,12.032888307118972,41.0,0.0,10.249999952316283,10.088979100021401,37.0,0.0,0.0020881021191598848,1.4272517294933398,2.293377578258514,0.017008657625410706,0.15358479817708331,0.8860764795293411
33901.997008588165,1268,83117312,83099648,2478.920524729445,2184.522045888943,1263,100,13.949999904632568,10.904471357428612,42.0,0.0,9.979999923706055,8.920739942575665,35.0,0.0,0.001957451261356861,1.3487127019713323,2.2868267595767975,0.015794215607456863,0.14287821451822919,0.8942073831955591
33961.997256146744,1270,83288320,83230720,2850.1215737992275,2184.5243200377313,1263,100,13.949999904632568,10.904471357428612,42.0,0.0,9.979999923706055,8.920739942575665,35.0,0.0,0.0012957236079576735,1.4069792317847412,2.303179966906707,0.015924047352503596,0.15484619140625,0.8924638132254282
34028.17073242925,1273,83427328,83427328,2100.6603825156226,2971.099767535908,1267,100,14.730000019073486,11.63172790550132,54.0,0.0,11.24000005722046,11.345589199434741,46.0,0.0,8.801031556989378e-05,1.5384409620116155,2.3134919082125025,0.0143997003530482,0.150848388671875,0.8841034589956205
34088.170768098906,1275,83576320,83558400,2483.1985237527724,2184.5320346416142,1267,100,14.730000019073486,11.63172790550132,54.0,0.0,11.24000005722046,11.345589199434741,46.0,0.0,0.002003572835140706,1.4308304768055677,2.2984412983059883,0.016482684087653375,0.15780131022135419,0.8873038335392872
34148.17148729414,1277,83751680,83689472,2922.631634287739,2184.5071485479157,1272,100,14.979999828338624,12.656207895242497,58.0,0.0,10.020000076293945,9.308039711136482,46.0,0.0,0.002896195311526147,1.5903309987237058,2.278630229334037,0.017457628818495625,0.160491943359375,0.875130278368791
34214.80036692694,1280,83886080,83886080,2017.143327948682,2950.792525456358,1272,100,14.979999828338624,12.656207895242497,58.0,0.0,10.020000076293945,9.308039711136482,46.0,0.0,0.0020886461255334625,1.5650646227101486,2.2845026204983396,0.019688660388662054,0.1721954345703125,0.8710405348489682
34274.803126420826,1282,84034560,84017152,2474.5528581085655,2184.4328678475613,1277,100,12.280000019073487,10.380828519869393,42.0,0.0,10.66000018119812,10.06202776527835,37.0,0.0,0.003917176814866252,1.775570886830489,2.2669526611765227,0.023534899753940408,0.19021097819010416,0.8657155732313792
34334.803306287155,1284,84212992,84148224,2973.8577517187287,2184.5267846197835,1277,100,12.280000019073487,10.380828519869393,42.0,0.0,10.66000018119812,10.06202776527835,37.0,0.0,0.00364734164516752,1.663838994378845,2.2858969792723656,0.016036310834654916,0.14737955729166669,0.8875781962027153
34400.266344379634,1287,84344832,84344832,2013.9609135425503,3003.3436535935507,1281,100,13.449999904632568,11.135865577941708,40.0,0.0,11.860000085830688,10.98819386005777,40.0,0.0,0.0020021825281825536,1.5274368971586225,2.2755516345302262,0.021704884161711867,0.17433166503906253,0.8946642975012462
34460.267043851316,1289,84489984,84475904,2419.1717976305486,2184.5078666434583,1281,100,13.449999904632568,11.135865577941708,40.0,0.0,11.860000085830688,10.98819386005777,40.0,0.0,-0.0003076877401326783,1.6196386373291412,2.289858430624008,0.014815047486990807,0.14014689127604166,0.8766193756212791
34520.26739368029,1291,84662016,84606976,2867.183282936926,2184.520596523372,1286,100,12.50999994277954,11.766473495840167,42.0,0.0,9.27000002861023,8.556699330216873,42.0,0.0,0.0016723794615245422,1.347810077170531,2.2836990977327027,0.020810893928379905,0.18693542480468747,0.9009692103912433
34587.14007875323,1294,84803584,84803584,2116.9779536380224,2940.0344817251375,1286,100,12.50999994277954,11.766473495840167,42.0,0.0,9.27000002861023,8.556699330216873,42.0,0.0,0.0007259547807431469,1.657824719324708,2.282646139462789,0.015178174940956524,0.13893636067708334,0.8766596453885238
34647.14017558284,1296,84952576,84934656,2483.195992551754,2184.529807880581,1290,100,13.930000114440919,11.515428643334316,47.0,0.0,9.109999990463256,9.13224506282524,42.0,0.0,0.00044760486586407444,1.4233506315698226,2.298360717793306,0.015887277508833602,0.15523274739583334,0.8899119005848964
34707.14679947123,1298,85129984,85065728,2956.473610812985,2184.2921915385978,1290,100,13.930000114440919,11.515428643334316,47.0,0.0,9.109999990463256,9.13224506282524,42.0,0.0,0.003292097826488316,1.3764609551678102,2.3013983592391014,0.018123832563408847,0.177398681640625,0.8972878518203894
34772.533378263935,1301,85262336,85262336,2024.146276556128,3006.855590706202,1295,100,12.979999780654907,11.705537003519595,46.0,0.0,10.739999961853027,10.568462391717059,46.0,0.0,0.0018516448593193977,1.3533479639639456,2.300848931074143,0.015591872638954857,0.1428375244140625,0.8923410406957071
34832.53339391947,1303,85403648,85393408,2355.1993854683255,2184.5327633329393,1295,100,12.979999780654907,11.705537003519595,46.0,0.0,10.739999961853027,10.568462391717059,46.0,0.0,0.002946634956363899,1.6095037137468657,2.289835537473361,0.01425380200331953,0.14070129394531247,0.8773389707008997
34892.53343158215,1305,85580800,85524480,2952.5314799956195,2184.5319620776836,1299,100,13.280000019073487,10.609505176601013,43.0,0.0,10.410000038146972,11.240191168465493,49.0,0.0,0.0007754737938133378,1.4607755628724892,2.2977538853883743,0.015483186614195196,0.1477813720703125,0.8894909645120302
34959.834800790995,1308,85721088,85721088,2084.474679328931,2921.3075797894508,1299,100,13.280000019073487,10.609505176601013,43.0,0.0,10.410000038146972,11.240191168465493,49.0,0.0,0.005030760303876984,1.7576359882950783,2.2866503198941546,0.018872104956850915,0.17387390136718753,0.8863093505303065
35019.835205184296,1310,85868032,85852160,2449.050160342046,2184.5186099218254,1303,100,14.150000095367432,11.856960067204888,45.0,0.0,12.019999980926514,11.392084927827339,47.0,0.0,0.0002897012503429627,1.3985590711236,2.297348484396934,0.016482514408077503,0.14724222819010416,0.8879754673689604
35079.835449947044,1312,86034176,85983232,2769.0553706399464,2184.524421829973,1303,100,14.150000095367432,11.856960067204888,45.0,0.0,12.019999980926514,11.392084927827339,47.0,0.0,0.001404888729060379,1.5037241149693727,2.278233475983143,0.014738042030027525,0.1487884521484375,0.8889337051659822
35147.33864003979,1315,86179840,86179840,2157.8832022586284,2912.573461045038,1308,100,14.459999942779541,11.346735084258,44.0,0.0,11.730000114440918,11.097616960740593,51.0,0.0,0.0004918685517623089,1.359022743999958,2.262863519291083,0.017353303214501164,0.16735331217447916,0.9099965374916791
35207.33896715939,1317,86330624,86310912,2513.052965518495,2184.52142333696,1308,100,14.459999942779541,11.346735084258,44.0,0.0,11.730000114440918,11.097616960740593,51.0,0.0,0.0029896939037522925,1.4961888200292985,2.265079580247402,0.020507401054298196,0.18235778808593747,0.9022541884332895
35279.78191567585,1320,86507520,86507520,2441.866373782551,2713.9701520477556,1312,100,15.2,11.978313630467492,55.0,0.0,13.080000019073486,13.013592696744631,57.0,0.0,0.0031230750707133366,1.5817373786121607,2.267512132724126,0.01893903157421543,0.16874186197916669,0.8905215716610352
35339.782271414995,1322,86653184,86638592,2427.718939422277,2184.520381343068,1312,100,15.2,11.978313630467492,55.0,0.0,13.080000019073486,13.013592696744631,57.0,0.0,0.0016231040402393169,1.5939065758138895,2.2621769681572914,0.019484251440493,0.169891357421875,0.8955146179844936
35399.78265701607,1324,86825216,86769664,2867.1815735284554,2184.5192941169184,1317,100,15.279999923706054,11.290774941260004,43.0,0.0,12.169999885559083,12.025019815847452,44.0,0.0,0.005038676700981644,1.6028938628733158,2.261477845410506,0.01971856541361679,0.181427001953125,0.8974768749127785
35466.55878489651,1327,86966272,86966272,2112.3716585148054,2944.2857236649193,1322,100,13.770000076293945,11.1533449695216,41.0,0.0,9.669999933242797,10.520508552743516,41.0,0.0,0.0029396831790412152,1.500016963109374,2.2697645177443824,0.02067679037221145,0.19268290201822916,0.899072998513778
35526.559069141746,1329,87118080,87097344,2530.1213470842713,2184.522984329084,1322,100,13.770000076293945,11.1533449695216,41.0,0.0,9.669999933242797,10.520508552743516,41.0,0.0,0.0030134780293640992,1.61967053450644,2.283783453206221,0.01778005234640053,0.16689046223958334,0.8891759843875964
35586.55926705524,1331,87292416,87228416,2905.590415740633,2184.526127546555,1322,100,13.770000076293945,11.1533449695216,41.0,0.0,9.669999933242797,10.520508552743516,41.0,0.0,0.0014157226153959832,1.8276779173562925,2.278262513379256,0.013180676507545286,0.13308207194010416,0.8826609489818414
35652.01440783031,1334,87425024,87425024,2025.9371293034853,3003.7060141024645,1326,100,15.109999942779542,11.838830325306317,44.0,0.0,10.130000019073487,11.302791710476168,52.0,0.0,0.0035832378877482065,1.7635235705723364,2.290469879905383,0.020603681460973654,0.18466695149739584,0.8786017006884018
35712.014435335994,1336,87573760,87556096,2478.932196921366,2184.532331882512,1331,100,12.820000076293946,11.713564818528086,44.0,0.0,11.709999942779541,11.99691205887943,47.0,0.0,-0.0002553155403196191,1.5387109636018672,2.289532115062078,0.016064851376844064,0.15320841471354166,0.9025362140188614
35772.01586369611,1338,87742464,87687168,2811.6663987974453,2184.481329566452,1331,100,12.820000076293946,11.713564818528086,44.0,0.0,11.709999942779541,11.99691205887943,47.0,0.0,-0.0015030632008953642,1.493475252762437,2.2812682886918387,0.016688335332825467,0.15707906087239584,0.8999962750822306
35839.609161779284,1341,87883776,87883776,2090.621467029474,2908.6907367366593,1336,100,14.289999866485596,12.362277288665904,46.0,0.0,12.460000038146973,11.443268866010579,47.0,0.0,0.002602399296544415,1.6723684296011923,2.2864998703201613,0.01933533902229101,0.17569478352864584,0.9030179039885601
35899.60916735977,1343,88031744,88014848,2466.1331039630254,2184.5331301540987,1336,100,14.289999866485596,12.362277288665904,46.0,0.0,12.460000038146973,11.443268866010579,47.0,0.0,0.003790629688107098,1.4940280616283417,2.283948297301928,0.021585090670365997,0.19229634602864581,0.9039816154787937
35959.60978038795,1345,88203776,88145920,2867.1707057258377,2184.5110138863524,1340,100,13.49000005722046,11.577128238079133,45.0,0.0,11.980000019073486,11.335766471957461,46.0,0.0,0.0028329362806592444,1.9332688351472216,2.293384979168574,0.014013709247592487,0.13596089680989581,0.8781291128446658
36026.45394737646,1348,88342528,88342528,2075.753296826286,2941.2888043590174,1340,100,13.49000005722046,11.577128238079133,45.0,0.0,11.980000019073486,11.335766471957461,46.0,0.0,-0.00010309309194174904,1.7890045642852783,2.293253963192304,0.0113017061012215,0.1095428466796875,0.8750724922865629
36086.45448774658,1350,88488960,88473600,2440.5113536763843,2184.5136592348053,1345,100,14.519999980926514,11.997899737104044,42.0,0.0,12.640000009536744,11.343297595263573,43.0,0.0,0.0009845625560653086,1.6192433685064314,2.294618956744671,0.015517828487039271,0.14979044596354166,0.9005960294355948
36146.45470204018,1352,88666880,88604672,2965.3227425052823,2184.525531169359,1345,100,14.519999980926514,11.997899737104044,42.0,0.0,12.640000009536744,11.343297595263573,43.0,0.0,0.0007072863057449771,1.4373540865878265,2.299514544506868,0.015288808714709983,0.14055379231770834,0.9067550525069237
36213.13941593096,1355,88801280,88801280,2015.4543996415118,2948.32186461844,1349,100,16.130000114440918,12.793478818388888,42.0,0.0,12.340000009536743,11.329801146301635,44.0,0.0,0.002127554519878079,1.672318574041128,2.2990827932953835,0.016562930658741,0.16002400716145834,0.8879223596304655
36273.139502255246,1357,88942336,88932352,2350.9299509607076,2184.5301903663926,1349,100,16.130000114440918,12.793478818388888,42.0,0.0,12.340000009536743,11.329801146301635,44.0,0.0,0.002347685292382569,1.4337388426065445,2.2969705561796823,0.016307138905782875,0.1577911376953125,0.9159918880710999
36333.13968570903,1359,89118720,89063424,2939.7243449407797,2184.52665400534,1354,100,14.300000143051147,11.031319006464718,43.0,0.0,11.560000085830689,11.044745462913319,41.0,0.0,0.00173126991285244,1.5350306040296953,2.2804820661743483,0.01662836792093003,0.1624908447265625,0.9039516945679983
36400.982077501714,1362,89260032,89260032,2082.945430813027,2898.0110341746463,1354,100,14.300000143051147,11.031319006464718,43.0,0.0,11.560000085830689,11.044745462913319,41.0,0.0,0.00022346456535160542,1.4406719207763672,2.2858332097530365,0.01991795656067552,0.17507425944010419,0.916288203249375
36460.982442772016,1364,89407232,89391104,2453.3183979274772,2184.5200343284664,1359,100,15.750000095367431,13.0379257735448,54.0,0.0,13.019999980926514,11.468199255568129,57.0,0.0,0.0018315422591210033,1.6545220104356606,2.2744720404346785,0.017810113226005342,0.1653289794921875,0.8907166539380947
36520.98277452774,1366,89581568,89522176,2905.5839342647996,2184.5212545426984,1359,100,15.750000095367431,13.0379257735448,54.0,0.0,13.019999980926514,11.468199255568129,57.0,0.0,0.0006371104876355579,1.6907356629769008,2.280035637319088,0.0147301220731606,0.13463338216145834,0.8956429498891036
36586.330216942355,1369,89718784,89718784,2099.7914368155707,3008.6563870790264,1363,100,13.859999895095825,12.133441152635905,55.0,0.0,11.290000104904175,10.330823041451769,45.0,0.0,0.0019169018220660896,1.7119732381155093,2.274478313823541,0.024839383622747846,0.20231119791666666,0.8965126077334087
36646.33120762743,1371,89862912,89849856,2402.09367136083,2184.4972641860477,1363,100,13.859999895095825,12.133441152635905,55.0,0.0,11.290000104904175,10.330823041451769,45.0,0.0,0.0013744136958848685,1.6885034224639335,2.279783514638742,0.016094662050818442,0.14827473958333331,0.8879647205273311
36706.331482419744,1373,90038784,89980928,2931.18657554099,2184.5233284963415,1368,100,13.830000019073486,11.057174492435768,46.0,0.0,9.510000038146973,8.505874399859355,38.0,0.0,0.00011805068788817158,1.5559360850602386,2.2728951250513396,0.014757625761679568,0.14344278971354169,0.9045124302307765
36772.86807245202,1376,90177536,90177536,2085.348827354783,2954.8854232628664,1368,100,13.830000019073486,11.057174492435768,46.0,0.0,9.510000038146973,8.505874399859355,38.0,0.0,0.0035212162159344493,1.694547603527705,2.270969400803248,0.020666412225788616,0.1757354736328125,0.8984432294964791
36832.868466248736,1378,90323968,90308608,2440.5173155384196,2184.518995726697,1372,100,14.75,12.466254344064588,43.0,0.0,12.54000015258789,10.641823344388685,48.0,0.0,0.0037066148724989034,1.6214031993101041,2.285719325145086,0.02073991051656776,0.17931111653645834,0.8970669973641634
36892.86908118799,1380,90492160,90439680,2803.1712703323396,2184.5109443076985,1372,100,14.75,12.466254344064588,43.0,0.0,12.54000015258789,10.641823344388685,48.0,0.0,0.0029859708981045214,1.6988532984008393,2.2692914828658104,0.01880290479978915,0.1786041259765625,0.8926731596390407
36961.096931207925,1383,90636288,90636288,2112.4511465317323,2881.6385089455957,1378,100,14.33000020980835,11.534344557455347,55.0,0.0,11.70999984741211,10.889715291905096,45.0,0.0,0.0019510061126008322,1.5790649758030972,2.2777537728349366,0.01393700209458378,0.1460418701171875,0.8940303977578878
37021.18768369779,1385,90787328,90767360,2513.531512614609,2181.234126201152,1378,100,14.33000020980835,11.534344557455347,55.0,0.0,11.70999984741211,10.889715291905096,45.0,0.0,0.002922193127839516,1.5365818670640388,2.274203434586525,0.020552159738144837,0.17870585123697916,0.9144507137437661
37081.19096248783,1387,90956800,90898432,2824.378990904839,2184.413962754196,1382,100,14.270000076293945,11.050660462999648,40.0,0.0,10.220000076293946,9.839288762268813,37.0,0.0,0.0014225570630514996,1.6295622202257316,2.2804596349596977,0.014162550522087258,0.1339111328125,0.8980320909370978
37147.66182870418,1390,91095040,91095040,2079.7081167870174,2957.8070994304244,1382,100,14.270000076293945,11.050660462999648,40.0,0.0,10.220000076293946,9.839288762268813,37.0,0.0,0.0026827032488654368,1.5488098754237096,2.2884992013374963,0.020728514176274377,0.18299865722656253,0.9104929622262716
37207.66226414777,1392,91244800,91226112,2495.9818856779084,2184.517479430922,1387,100,14.65999994277954,11.117751363516495,42.0,0.0,11.729999876022339,11.512475876577733,49.0,0.0,0.004196645536770423,1.7396126662691436,2.2759198347727456,0.024044230645813514,0.20436604817708334,0.9039060107121866
37267.66247051954,1394,91420928,91357184,2935.456570077232,2184.5258195923584,1387,100,14.65999994277954,11.117751363516495,42.0,0.0,11.729999876022339,11.512475876577733,49.0,0.0,0.0032053421988772848,1.5259908524652321,2.271916685005029,0.021055742846632107,0.1917877197265625,0.9095361419022082
37333.39261524007,1397,91553792,91553792,2021.355659034668,2991.1390099010114,1391,100,14.800000190734863,12.196720919766882,42.0,0.0,9.399999904632569,9.697422432607139,50.0,0.0,0.0005430610581242945,1.7515315705289443,2.2698848297198615,0.015343484359618744,0.14284769694010419,0.8893754091113805
37393.39275828563,1399,91697152,91684864,2389.327636954855,2184.528125215867,1391,100,14.800000190734863,12.196720919766882,42.0,0.0,9.399999904632569,9.697422432607139,50.0,0.0,0.0025942348632573458,1.590847736845414,2.287239258488019,0.0141449853508675,0.13608805338541666,0.8873655622204144
37453.39323680289,1401,91874304,91815936,2952.5097862182465,2184.515911190379,1396,100,14.229999876022339,11.631728179928546,44.0,0.0,9.74000005722046,9.799612216154097,39.0,0.0,0.001182289473945275,1.572886437177658,2.2830321143070855,0.016971054603345692,0.14737955729166666,0.8775024401644865
37519.20526161976,1404,92012544,92012544,2100.5279868636203,2987.4175813171487,1396,100,14.229999876022339,11.631728179928546,44.0,0.0,9.74000005722046,9.799612216154097,39.0,0.0,0.002131504579059159,1.6556359895815453,2.296410948038101,0.016641313685492303,0.15249125162760419,0.8859793742497761
37579.20530547947,1406,92165376,92143616,2547.198138010671,2184.5317364513626,1400,100,13.939999961853028,11.435750884849343,44.0,0.0,10.099999952316285,9.839207223585925,41.0,0.0,0.0030004844811628573,1.7345132449020941,2.2970459361871085,0.01753169093899487,0.160186767578125,0.8679732742408912
37650.830864507705,1409,92340224,92340224,2441.139760334254,2744.9419267008884,1400,100,13.939999961853028,11.435750884849343,44.0,0.0,10.099999952316285,9.839207223585925,41.0,0.0,0.002514792771156256,1.6095653157681225,2.2849458878238997,0.01960491687835505,0.181915283203125,0.8844180547942718
37710.830871943384,1411,92494080,92471296,2564.266348882291,2184.5330626085406,1405,100,15.20999984741211,12.894413472814952,43.0,0.0,13.300000047683715,11.692304963293594,48.0,0.0,-8.993786953700067e-06,1.7841925310591855,2.2846594601869583,0.015864423069312274,0.15011088053385419,0.8749734759330748
37782.97412143089,1414,92667904,92667904,2409.428480624613,2725.2445848596503,1405,100,15.20999984741211,12.894413472814952,43.0,0.0,13.300000047683715,11.692304963293594,48.0,0.0,0.002441591035070208,1.6029880332450073,2.295818716287613,0.018285013962668017,0.16718037923177081,0.8962236593166987
37842.97453523986,1416,92816384,92798976,2474.6495994632346,2184.5182671123725,1410,100,13.750000095367431,11.36606762036192,39.0,0.0,13.559999942779541,12.382503769386469,47.0,0.0,0.0005391914746724069,1.5412736566116412,2.290453421572844,0.018146164333908626,0.16440327962239584,0.899195150161783
37902.974657585844,1418,92990720,92930048,2905.594075203897,2184.5288788610796,1410,100,13.750000095367431,11.36606762036192,39.0,0.0,13.559999942779541,12.382503769386469,47.0,0.0,0.0010128317614241193,1.4875734951347113,2.2870374470949173,0.020178193055471638,0.1761322021484375,0.8916153802225987
37968.40325523354,1421,93126656,93126656,2077.6236215844574,3004.9245600317577,1415,100,14.310000133514404,11.277140663892009,45.0,0.0,9.990000033378601,9.76984656834325,42.0,0.0,0.0029141031433634152,1.5612085840354364,2.286545450488726,0.020742410836343577,0.18155924479166669,0.8939075525850058
38028.403950797394,1423,93273088,93257728,2440.50504121518,2184.5080089198814,1415,100,14.310000133514404,11.277140663892009,45.0,0.0,9.990000033378601,9.76984656834325,42.0,0.0,0.0028496286504378072,1.7902117489526668,2.283726915717125,0.018292707104895573,0.15777587890625,0.878834572310249
38088.40447720699,1425,93443584,93388800,2841.5750694602516,2184.514167512986,1419,100,13.05,10.8373197308175,41.0,0.0,9.659999990463257,10.194331962323972,43.0,0.0,0.0031500684344791807,1.6983961885174115,2.284798795978228,0.01934580495314246,0.17070515950520834,0.8807447577516239
38155.46460431814,1428,93585408,93585408,2114.8781863316103,2931.8166915210772,1423,100,13.110000038146973,11.572290196794716,41.0,0.0,9.109999990463256,9.918563329321781,41.0,0.0,0.002076211831687639,1.6014568197230499,2.278888056675593,0.011924798136533353,0.11907958984375,0.8897356875240802
38215.46462718025,1430,93733632,93716480,2470.3990586912246,2184.532500949753,1423,100,13.110000038146973,11.572290196794716,41.0,0.0,9.109999990463256,9.918563329321781,41.0,0.0,0.0008885321052124103,1.4206350830694041,2.2776815220713615,0.018249816873625,0.16591898600260416,0.9040599831690391
38275.465124895796,1432,93907968,93847552,2905.575897495014,2184.5152122135787,1427,100,16.14000005722046,12.847583497468698,47.0,0.0,13.369999837875366,11.198798894951482,42.0,0.0,0.004395026648126077,1.5759144655118387,2.275220163166523,0.018686386346113675,0.175567626953125,0.8970561778793733
38341.27622969076,1435,94044160,94044160,2069.4379835182663,2987.459344627873,1427,100,16.14000005722046,12.847583497468698,47.0,0.0,13.369999837875366,11.198798894951482,42.0,0.0,0.0010135912283052069,1.834836662436525,2.275019310414791,0.014610834987858349,0.136322021484375,0.8762372937053442
38401.27669300139,1437,94190592,94175232,2440.514488061619,2184.516464838372,1432,100,14.729999876022339,12.695554301252349,56.0,0.0,10.400000095367432,9.248783860962076,41.0,0.0,0.0018452863975350433,1.6280355621129274,2.262506902217865,0.017061224454664625,0.15974934895833331,0.895792209232847
38461.277212304994,1439,94360832,94306304,2837.308776255402,2184.5144262297226,1432,100,14.729999876022339,12.695554301252349,56.0,0.0,10.400000095367432,9.248783860962076,41.0,0.0,0.0017515194849693216,1.5830861640473208,2.2613756780823073,0.020832604498233803,0.1798553466796875,0.8998528569936752
38529.040714023635,1442,94502912,94502912,2096.7039246278614,2901.384890295851,1436,100,14.450000286102295,11.373983544886666,49.0,0.0,12.7,11.532129128528299,56.0,0.0,0.002590493645887667,1.5552990231662989,2.2614781633019447,0.017796677576067545,0.1673736572265625,0.903543496504426
38589.04127793573,1444,94652928,94633984,2500.243168044008,2184.5128021135365,1436,100,14.450000286102295,11.373983544886666,49.0,0.0,12.7,11.532129128528299,56.0,0.0,0.0025915040556962294,1.5457536311199267,2.247195117175579,0.0161601549370971,0.1558990478515625,0.89519518862168
38649.041742237285,1446,94822656,94765056,2828.7781098986834,2184.516428760371,1440,100,14.440000343322755,13.368111399341537,56.0,0.0,11.500000047683717,10.830974211463708,44.0,0.0,0.003214749944163487,1.7585364369054635,2.2605114479859667,0.014970943328686797,0.14578755696614581,0.8942780407766502
38714.904395779595,1449,94961664,94961664,2110.5739371812833,2985.1211487204887,1440,100,14.440000343322755,13.368111399341537,56.0,0.0,11.500000047683717,10.830974211463708,44.0,0.0,0.001563651647302322,1.658082383995255,2.2467862342794733,0.015975208258169005,0.14305623372395834,0.8821116449932257
38774.90444421768,1451,95113984,95092736,2538.6646171990355,2184.5315697578258,1445,100,13.719999980926513,11.15982073573984,42.0,0.0,9.390000009536744,9.430689133099827,40.0,0.0,-8.009698406870787e-05,1.4671119103829064,2.2592921406030655,0.017338577733729228,0.14638264973958334,0.900404192507267
38834.90470023081,1453,95285760,95223808,2862.921117576959,2184.5240122196765,1445,100,13.719999980926513,11.15982073573984,42.0,0.0,9.390000009536744,9.430689133099827,40.0,0.0,0.004257298249285668,1.6578804726401963,2.24800614019235,0.02063151284710329,0.17598470052083331,0.8847355780502161
38900.30917584896,1456,95420416,95420416,2058.81935031713,3006.0328156721594,1450,100,16.580000019073488,13.521967106287502,54.0,0.0,14.440000104904176,13.731948245514266,49.0,0.0,0.0008050764930279305,1.6069409145663183,2.2621918941537538,0.010713390054661431,0.11142985026041666,0.892240176598231
38960.309704024345,1458,95566848,95551488,2440.511849695285,2184.5141032237516,1450,100,16.580000019073488,13.521967106287502,54.0,0.0,14.440000104904176,13.731948245514266,49.0,0.0,0.002505200517286236,1.5459187167386215,2.2497812807559967,0.019761826861213194,0.17395528157552081,0.9027879728625218
39020.3097323291,1460,95742976,95682560,2935.4652818728728,2184.5323027891145,1455,100,14.629999876022339,12.755120382945607,49.0,0.0,12.050000143051147,11.950209222923434,47.0,0.0,0.0021477541862016856,1.7376052780697742,2.2405028119683266,0.0172275869990699,0.1603240966796875,0.8918309180686871
39086.552575411275,1463,95879168,95879168,2055.950404046713,2967.9885532102926,1455,100,14.629999876022339,12.755120382945607,49.0,0.0,12.050000143051147,11.950209222923434,47.0,0.0,0.005989861407821688,1.7249361587067444,2.2683961962660155,0.02530261033886442,0.20447285970052081,0.8870222636808952
39146.5528753791,1465,96025344,96010240,2436.2544867006577,2184.522411892709,1460,100,13.330000019073486,11.69876497478938,45.0,0.0,10.759999895095826,10.2382808257967,44.0,0.0,0.0019169418034531798,1.4622366552551587,2.264041726787885,0.02043025663078879,0.1815185546875,0.9139443362752596
39206.55704332702,1467,96200704,96141312,2922.463655394859,2184.381593521413,1460,100,13.330000019073486,11.69876497478938,45.0,0.0,10.759999895095826,10.2382808257967,44.0,0.0,0.001035543425435511,1.5809083431959152,2.2735404868920646,0.015415902801881506,0.14547220865885416,0.9057336101929347
39271.84305248223,1470,96337920,96337920,2101.767312408033,3011.4874924055393,1464,100,14.550000190734863,12.071764590037299,44.0,0.0,10.219999980926513,10.953154583495596,50.0,0.0,0.0025380616207257845,1.6887169343729815,2.2817800318201384,0.019237181741118548,0.175384521484375,0.8925310894846916
39331.84579717554,1472,96491264,96468992,2555.6164269448736,2184.4334066707434,1464,100,14.550000190734863,12.071764590037299,44.0,0.0,10.219999980926513,10.953154583495596,50.0,0.0,0.0013667792397124383,1.7166711452106636,2.2790456314881644,0.01771217351233645,0.1680145263671875,0.8832975818465153
39391.84580850415,1474,96663808,96600064,2875.7327903658515,2184.532920871389,1469,100,13.890000152587891,11.60594260286249,54.0,0.0,11.860000085830688,11.191979257110246,53.0,0.0,0.003425763129295471,1.5856030465414128,2.2946771184603376,0.017234356157132424,0.14923604329427081,0.8949607914934555
39457.54367996752,1477,96796672,96796672,2022.3486247050173,2992.6083695056905,1469,100,13.890000152587891,11.60594260286249,54.0,0.0,11.860000085830688,11.191979257110246,53.0,0.0,-0.0006600883934879676,1.4646780497084062,2.2827489972114563,0.01311929471497327,0.12618001302083334,0.9035313886900743
39517.54378793202,1479,96939520,96927744,2380.7957159763178,2184.5294024728937,1474,100,13.929999923706054,10.24915143420442,44.0,0.0,10.440000057220459,10.009315759831114,44.0,0.0,-9.431640743666021e-05,1.4270285920550425,2.2811635682980222,0.01434735940953639,0.14702351888020834,0.8962861262261866
39577.544165791944,1481,97113088,97058816,2892.7817822284405,2184.51957596012,1474,100,13.929999923706054,10.24915143420442,44.0,0.0,10.440000057220459,10.009315759831114,44.0,0.0,0.002194725474206886,1.4811843732992807,2.265847536424796,0.016326068511868165,0.16513570149739581,0.9029550651709239
39643.540204588324,1484,97255424,97255424,2156.735504067966,2979.087890511147,1478,100,14.610000038146973,11.82107835641046,44.0,0.0,10.719999980926513,10.98824829375054,47.0,0.0,0.001696177656413056,1.434143445144097,2.248372130095959,0.0164668005824448,0.15327962239583331,0.9031768968949715
39703.54055166803,1486,97400320,97386496,2414.919363841492,2184.5206966198657,1478,100,14.610000038146973,11.82107835641046,44.0,0.0,10.719999980926513,10.98824829375054,47.0,0.0,0.000984677744175618,1.7092084319641192,2.261620171368122,0.0157908005870316,0.14606730143229169,0.8929224573075772
39763.540810059756,1488,97569024,97517568,2811.721224575135,2184.523925618314,1483,100,13.710000228881835,11.104318799053702,43.0,0.0,12.429999923706054,11.298898146698106,43.0,0.0,0.004331481381086633,1.5261259097605944,2.2599299053351083,0.022449622919642327,0.18243408203125,0.9088819952060778
39831.166930329055,1491,97714176,97714176,2146.3895817471175,2907.279010197154,1483,100,13.710000228881835,11.104318799053702,43.0,0.0,12.429999923706054,11.298898146698106,43.0,0.0,0.002108143635268789,1.4539873438576858,2.2604701245824494,0.021575127733740374,0.18184916178385416,0.9128460126618545
39891.16720140353,1493,97867008,97845248,2547.1884920369953,2184.5234638575234,1483,100,13.710000228881835,11.104318799053702,43.0,0.0,12.429999923706054,11.298898146698106,43.0,0.0,0.0026561760290254215,1.7339991188297668,2.26969047387441,0.018965293354388752,0.1768035888671875,0.8949075403312842
39962.82320960052,1496,98041856,98041856,2440.102433829594,2743.775503925517,1488,100,14.410000038146972,11.832240071333041,49.0,0.0,9.939999914169311,10.048701225138657,42.0,0.0,0.004779861781571526,1.6431643267472584,2.261081265906493,0.02173685501414487,0.19732157389322919,0.8900290783494711
40022.82336840406,1498,98189312,98172928,2457.5934954243203,2184.5275514882846,1493,100,13.809999942779541,10.95873631657289,46.0,0.0,11.650000095367432,10.196445460152717,48.0,0.0,0.0027304444010951556,1.7971501524249711,2.2436336626609164,0.017743069844679365,0.1644134521484375,0.8809887301176786
40082.823840959,1500,98358528,98304000,2820.2444546593233,2184.5161282686436,1493,100,13.809999942779541,10.95873631657289,46.0,0.0,11.650000095367432,10.196445460152717,48.0,0.0,0.004573377986768416,1.5473087020218372,2.262888938188553,0.02613559292331047,0.21606953938802084,0.8996684762338798
40149.80501881987,1503,98500608,98500608,2121.1929162416272,2935.272359772198,1497,100,15.729999923706055,12.223628638597022,52.0,0.0,11.2,10.620734696712102,45.0,0.0,0.003672171468982318,1.6733043286949396,2.2585709641377134,0.02027553994654833,0.17813110351562503,0.8869832884520292
40209.805273262784,1505,98643712,98631680,2385.0565523209602,2184.5240693887868,1497,100,15.729999923706055,12.223628638597022,52.0,0.0,11.2,10.620734696712102,45.0,0.0,0.0034136412408164083,1.6693742082764704,2.2615732873479524,0.019840853311810253,0.1767425537109375,0.8913090930630763
40269.80540573783,1507,98816256,98762752,2875.7269839654814,2184.5285100746682,1502,100,16.680000019073486,12.799124820689395,47.0,0.0,13.310000038146972,11.222027410839901,52.0,0.0,0.004290001360156263,1.493612041696906,2.27981661260128,0.020926703272076942,0.1855316162109375,0.8975931759923697
40336.64275808446,1510,98959360,98959360,2141.078229099208,2941.588694003921,1502,100,16.680000019073486,12.799124820689395,47.0,0.0,13.310000038146972,11.222027410839901,52.0,0.0,0.0008581935738523802,1.710983019322157,2.2702985952297845,0.01288981203409397,0.12346394856770834,0.8925862318525711
40396.643079992384,1512,99108864,99090432,2491.7199649267054,2184.521613086427,1507,100,15.0,11.946547704745116,51.0,0.0,11.699999952316285,11.520850753686812,45.0,0.0,0.004693805632996373,1.8993910923600197,2.2602108071247735,0.015623463368683588,0.15921529134114584,0.8888330881794294
40456.64351326786,1514,99280640,99221504,2862.9126595025737,2184.517558368581,1507,100,15.0,11.946547704745116,51.0,0.0,11.699999952316285,11.520850753686812,45.0,0.0,0.0003711586687131785,1.6369289569556713,2.2712249606847763,0.018417608549498254,0.16402689615885416,0.9016325119882823
40523.75084398314,1517,99418112,99418112,2048.5392360970577,2929.7544382170213,1511,100,14.320000076293946,11.252448490838006,37.0,0.0,12.060000085830689,11.51505092539073,48.0,0.0,0.0046168008775566705,1.7354626475522914,2.2689293002088866,0.02286083139976351,0.20062764485677084,0.892593452706933
40583.75099926442,1519,99567104,99549184,2483.1935734422427,2184.5276797292586,1511,100,14.320000076293946,11.252448490838006,37.0,0.0,12.060000085830689,11.51505092539073,48.0,0.0,0.001961682583593453,1.8143752310425043,2.2807576979200044,0.01637188436507131,0.1527557373046875,0.879439352080226
40643.751134807244,1521,99742208,99680256,2918.393407211892,2184.5283983808313,1515,100,15.560000038146972,13.096045151807362,49.0,0.0,10.01000018119812,9.28385175437363,49.0,0.0,0.0027502063773378422,1.7744089296708505,2.2833436876535416,0.014998385588114616,0.14895121256510416,0.8781375549733639
40710.360377056524,1524,99876864,99876864,2021.5813219441798,2951.662462458422,1515,100,15.560000038146972,13.096045151807362,49.0,0.0,10.01000018119812,9.28385175437363,49.0,0.0,0.00048412252605582273,1.8355719856917858,2.274617373943329,0.014350157160151866,0.1384735107421875,0.8952884897589682
40770.360701370984,1526,100029184,100007936,2538.652944635679,2184.521525468013,1520,100,13.569999980926514,12.121266456983559,48.0,0.0,11.339999866485595,11.54402009289777,48.0,0.0,0.004524877353105694,1.7159441250065963,2.285520931084951,0.01955861265378189,0.1862945556640625,0.8979374052335818
40830.3611972481,1528,100198400,100139008,2820.243358430907,2184.5152791476917,1520,100,13.569999980926514,12.121266456983559,48.0,0.0,11.339999866485595,11.54402009289777,48.0,0.0,0.001961171908381705,1.7570150022705397,2.2659099474549294,0.01606710888214972,0.15669250488281247,0.8959297332912683
40897.07527597807,1531,100335616,100335616,2056.777259195723,2947.0241325789466,1525,100,15.460000038146973,11.751952922291549,40.0,0.0,11.69000015258789,11.222027390945609,47.0,0.0,0.0019434760312530366,1.8304316978901625,2.2871960525711375,0.0214207826047641,0.19542439778645834,0.8716477261235317
40957.075795659795,1533,100482048,100466688,2440.5121951736674,2184.5144124631424,1525,100,15.460000038146973,11.751952922291549,40.0,0.0,11.69000015258789,11.222027390945609,47.0,0.0,0.002186658205270457,1.6152410016705592,2.298492888609568,0.020659306092663126,0.19335428873697916,0.8910099857797225
41017.07610037923,1535,100659712,100597760,2961.0516285004355,2184.522238893693,1530,100,16.41999979019165,12.450847086495717,52.0,0.0,11.989999866485595,10.788414913264461,49.0,0.0,0.004312649494143747,1.4324474502354858,2.300618641078472,0.022854522727357107,0.19660949707031247,0.8988338100413482
41082.41619600728,1538,100794368,100794368,2060.8479174338268,3008.9946779261954,1530,100,16.41999979019165,12.450847086495717,52.0,0.0,11.989999866485595,10.788414913264461,49.0,0.0,0.0031983966716021923,1.6791747280706961,2.305948592722416,0.02206717705606328,0.20439656575520834,0.8942314429829518
41142.416213804856,1540,100935168,100925440,2346.6659705839634,2184.532685343617,1534,100,14.809999752044678,12.992840600262669,52.0,0.0,9.440000009536742,9.384370050643037,44.0,0.0,0.005717520897936386,1.5287071447819471,2.2906259149312973,0.025735869277923484,0.21993001302083331,0.8977809809148312
41202.416555371135,1542,101110528,101056512,2922.650028688389,2184.520897355409,1534,100,14.809999752044678,12.992840600262669,52.0,0.0,9.440000009536742,9.384370050643037,44.0,0.0,0.003433462322088114,1.706464609131217,2.27557785063982,0.020423867094602123,0.1869964599609375,0.8872369000067313
41269.913325367495,1545,101253120,101253120,2112.5751648218115,2912.8504965586194,1538,100,14.319999885559081,11.78802753988852,53.0,0.0,10.650000143051148,10.291137064961596,45.0,0.0,0.000612293983673832,1.9952624638875327,2.293993122875691,0.013628200572081065,0.147674560546875,0.8695171220848957
41329.913620134816,1547,101404672,101384192,2525.8542576784894,2184.52260123545,1538,100,14.319999885559081,11.78802753988852,53.0,0.0,10.650000143051148,10.291137064961596,45.0,0.0,0.0035437013478561616,1.7217017685373626,2.282466952999433,0.022628686387179187,0.19440714518229166,0.8924364726990461
41389.91374637745,1549,101576960,101515264,2871.4606249872804,2184.5287369888374,1543,100,13.309999990463258,10.900178761375097,47.0,0.0,10.980000066757203,9.942816322030831,44.0,0.0,0.004671530211150336,1.6310967206954956,2.3058857719103494,0.020683165028458465,0.201690673828125,0.8914009841779867
41455.87042698078,1552,101711872,101711872,2045.4637614555468,2980.865595441859,1543,100,13.309999990463258,10.900178761375097,47.0,0.0,10.980000066757203,9.942816322030831,44.0,0.0,0.002020920845097862,1.6177062516411145,2.3067536006371183,0.017979882333141482,0.16379292805989581,0.887869636217753
41515.870909415185,1554,101858048,101842944,2436.2470778430998,2184.5157685738477,1548,100,13.619999885559082,11.85308396987742,46.0,0.0,10.900000095367432,12.177438044798226,49.0,0.0,0.00300661653939945,1.3474080798526604,2.3211764047543206,0.017583201316180446,0.16702779134114584,0.9132788305481274
41575.8710448537,1556,102029824,101974016,2862.9268708238515,2184.5284021785574,1548,100,13.619999885559082,11.85308396987742,46.0,0.0,10.900000095367432,12.177438044798226,49.0,0.0,0.0014210409135557711,1.6132075457523267,2.3026628146568937,0.018334801849050564,0.17290751139322916,0.9027882795780897
41642.87815558724,1559,102170624,102170624,2101.2695288401055,2934.136360271275,1552,100,16.020000076293947,11.766885604890419,41.0,0.0,12.330000114440917,11.732054344611727,43.0,0.0,0.0013610238068698284,1.8185379573454459,2.2987771034240723,0.015821111218125832,0.14713033040364584,0.8913680122544368
41702.878610042855,1561,102322688,102301696,2534.380803940257,2184.5167872346997,1552,100,16.020000076293947,11.766885604890419,41.0,0.0,12.330000114440917,11.732054344611727,43.0,0.0,0.0021415325900306925,1.3469579226026933,2.319303671518962,0.01958559609859852,0.17812601725260416,0.9078519567847253
41762.8787303213,1563,102496512,102432768,2897.0608591002747,2184.5289541374677,1557,100,12.910000085830688,11.530043666851663,44.0,0.0,12.660000038146972,12.50937245239651,50.0,0.0,0.0013921479379253774,1.59374415439864,2.3157197386026382,0.01857847516597152,0.17905171712239584,0.8911488360414903
41828.567322643474,1566,102629376,102629376,2022.6343007681824,2993.0311040269057,1561,100,13.319999885559081,11.18291572087266,46.0,0.0,9.659999990463257,9.238203302811732,44.0,0.0,0.0006563578426721506,1.5130188446491957,2.3332979530096054,0.01375004571491445,0.14679972330729169,0.8758247370521227
41888.567759739235,1568,102778368,102760448,2483.1819101952087,2184.5174192782592,1561,100,13.319999885559081,11.18291572087266,46.0,0.0,9.659999990463257,9.238203302811732,44.0,0.0,0.00044912678883216967,1.5079745346059403,2.319296896457672,0.013576836011149377,0.130615234375,0.8771880076577265
41948.56786868721,1570,102945536,102891520,2786.128274282661,2184.5293666657312,1565,100,12.710000038146973,10.97205074107521,41.0,0.0,10.879999923706055,10.818761422518225,40.0,0.0,-0.0004935678807669319,1.4162749269356332,2.326346017420292,0.018172730958516087,0.17133585611979166,0.8869673684239389
42016.55706695281,1573,103088128,103088128,2097.274326474181,2891.753469896178,1565,100,12.710000038146973,10.97205074107521,41.0,0.0,10.879999923706055,10.818761422518225,40.0,0.0,-0.0002546918985899538,1.5624119509011507,2.3267923866709075,0.013032386041838134,0.12222290039062501,0.8831244204193354
42076.558055518195,1575,103236864,103219200,2478.8924908781587,2184.497341359066,1569,100,13.479999923706055,11.178980242579675,42.0,0.0,12.540000104904175,11.079187713968913,40.0,0.0,0.0007562670895519357,1.6477879447241623,2.329573427637418,0.016676432658641712,0.15578715006510416,0.8767727923889955
42136.55837442726,1577,103404544,103350272,2794.6518126701067,2184.5217222703736,1569,100,13.479999923706055,11.178980242579675,42.0,0.0,12.540000104904175,11.079187713968913,40.0,0.0,0.0015488533341946702,1.6464181275417407,2.300829418003559,0.01859872418814727,0.16705322265625,0.8780512157827616
42204.88035479747,1580,103546880,103546880,2083.3119770349153,2877.6683423791637,1573,100,12.970000076293946,11.096355375920803,44.0,0.0,10.810000038146972,10.715124814172315,48.0,0.0,0.0017580253042979166,1.4743477186808984,2.3088449239730835,0.020209898496735452,0.18223063151041666,0.8918304679294428
42264.880554681644,1582,103695360,103677952,2474.658422582328,2184.526055796814,1577,100,14.819999885559081,12.36315488002976,46.0,0.0,10.840000104904174,10.605394769714032,45.0,0.0,0.0022265683583100326,1.4330097263058026,2.3232525562246638,0.01950495634931334,0.17826843261718753,0.8976980888595184
42324.88090873696,1584,103867904,103809024,2875.716363955603,2184.5204426487667,1577,100,14.819999885559081,12.36315488002976,46.0,0.0,10.840000104904174,10.605394769714032,45.0,0.0,0.001408146497851703,1.6808186539759238,2.3229072863856954,0.013620330983030726,0.14375813802083334,0.8808652758598328
42391.45171779953,1587,104005632,104005632,2068.894789464682,2953.3665396075758,1581,100,13.930000019073486,12.141873739125456,53.0,0.0,10.37999997138977,9.2539505262195,47.0,0.0,0.0009188416394560288,1.6498602045079074,2.288216496507327,0.011960033097542086,0.12037150065104167,0.8850445256878932
42451.451983945444,1589,104153344,104136704,2461.8557464525047,2184.523643299276,1581,100,13.930000019073486,12.141873739125456,53.0,0.0,10.37999997138977,9.2539505262195,47.0,0.0,0.0006987306430043343,1.8495979582269988,2.2903857032457986,0.012411831155986874,0.12978617350260416,0.8711013272404671
42511.45238450542,1591,104325888,104267776,2875.7141350668844,2184.51874948701,1585,100,14.660000038146972,11.974322418377623,52.0,0.0,10.72000012397766,11.156235760195996,51.0,0.0,-0.0005037652760317238,1.54765764127175,2.314119704067707,0.015214265891700052,0.1481170654296875,0.8937167537709078
42577.972497250885,1594,104464384,104464384,2082.016916146077,2955.6173597045977,1585,100,14.660000038146972,11.974322418377623,52.0,0.0,10.72000012397766,11.156235760195996,51.0,0.0,0.0018928428617073223,1.454304058725635,2.2981484681367874,0.016255576185964554,0.15767415364583331,0.9047060354302326
42637.97291851975,1596,104617472,104595456,2551.4487525679783,2184.5179955097074,1590,100,14.149999904632569,12.224053894667689,56.0,0.0,11.599999809265137,11.654183738141024,52.0,0.0,0.0020812166621908545,1.4322749550143878,2.2821919272343316,0.016976276602993796,0.166290283203125,0.9099093812207381
42697.97372704372,1598,104790016,104726528,2875.6945822001007,2184.5038962706994,1590,100,14.149999904632569,12.224053894667689,56.0,0.0,11.599999809265137,11.654183738141024,52.0,0.0,0.002262060639623087,1.7440715090682108,2.2854366774360337,0.016070396960761478,0.14967346191406253,0.8865979009618361
42763.74276319891,1601,104923136,104923136,2024.0527728866068,2989.3702491863733,1595,100,14.709999656677246,12.157544792271684,42.0,0.0,12.029999780654908,10.502813788228824,43.0,0.0,0.0043641957502889754,1.6409169329951208,2.294775771598021,0.01908951363111555,0.1870880126953125,0.9017840183029572
42823.74300357886,1603,105065472,105054208,2372.2571626159174,2184.524581401708,1595,100,14.709999656677246,12.157544792271684,42.0,0.0,12.029999780654908,10.502813788228824,43.0,0.0,0.002347028702691508,1.5941427486638227,2.3014090731739993,0.013237129174134072,0.12627665201822919,0.8857938206444184
42883.743037363514,1605,105245440,105185280,2999.46497773504,2184.532103272177,1599,100,16.169999885559083,13.271816107745423,46.0,0.0,12.1,10.309704342991923,46.0,0.0,0.0013189117550306642,1.4724968851854403,2.283959945042928,0.017287422725833796,0.15505472819010416,0.9031670733044546
42950.55811529793,1608,105381888,105381888,2042.1737760141164,2942.5693432998896,1599,100,16.169999885559083,13.271816107745423,46.0,0.0,12.1,10.309704342991923,46.0,0.0,-0.00038317512856641156,1.5607435554265978,2.2895097211003304,0.017495536148392905,0.16376241048177084,0.9013375590244929
43010.55820836127,1610,105532160,105512960,2504.5294486687567,2184.529945005798,1604,100,15.170000171661377,12.603217875580727,58.0,0.0,13.419999980926514,11.877019829989433,43.0,0.0,0.0026592603462631814,1.7308167784164348,2.2999220664302507,0.020063984594041056,0.19680786132812503,0.9024066999554635
43070.558421583846,1612,105703680,105644032,2858.6565078314884,2184.5255701637643,1604,100,15.170000171661377,12.603217875580727,58.0,0.0,13.419999980926514,11.877019829989433,43.0,0.0,0.002946567583421711,1.6127794434626899,2.2848044311006865,0.018382529673544923,0.173553466796875,0.898289584244291
43136.79364232719,1615,105840640,105840640,2067.7820419850377,2968.330108868241,1609,100,15.730000209808349,11.787158424311365,43.0,0.0,11.59000015258789,10.895958227479795,45.0,0.0,0.0013326907137525268,1.537009491895636,2.2835067907969155,0.020187706151773455,0.17636108398437503,0.8971966983129581
43196.79374764301,1617,105987328,105971712,2444.795708738945,2184.5294989080976,1609,100,15.730000209808349,11.787158424311365,43.0,0.0,11.59000015258789,10.895958227479795,45.0,0.0,5.677869194187224e-05,1.6508988911906877,2.2918666526675224,0.014888298307899579,0.149658203125,0.8925106208771467
43256.79385596514,1619,106160128,106102784,2879.9948005472115,2184.5293894521074,1609,100,15.730000209808349,11.787158424311365,43.0,0.0,11.59000015258789,10.895958227479795,45.0,0.0,0.002448126152254796,1.680015948911508,2.2945257102449736,0.017127589864079105,0.15576680501302084,0.8799215101947387
43323.85323561728,1622,106299392,106299392,2076.7266372341182,2931.849370212873,1614,100,16.39000005722046,12.56892597968313,57.0,0.0,12.340000104904174,11.28646983467533,40.0,0.0,0.004169374614017822,1.7410078464696805,2.269585813085238,0.01775572154050072,0.15125020345052084,0.8906889117012421
43383.853271111846,1624,106450688,106430464,2521.59850828259,2184.5320410163895,1619,100,16.260000133514403,12.659873715705432,45.0,0.0,11.250000143051148,11.307851194033537,45.0,0.0,0.0032633144437568267,1.634880122418205,2.289321407675743,0.01960689542769008,0.1751708984375,0.8990319377432267
43443.85336991958,1626,106626816,106561536,2935.4618325609767,2184.5297358593316,1619,100,16.260000133514403,12.659873715705432,45.0,0.0,11.250000143051148,11.307851194033537,45.0,0.0,0.004406879047261706,1.706064083923896,2.28579934189717,0.024815806616970804,0.21803792317708331,0.8942668282737334
43509.42694697529,1629,106758144,106758144,2002.757907936473,2998.2808446300414,1624,100,15.170000171661377,11.828825067952334,43.0,0.0,11.3,11.349449348556313,46.0,0.0,0.0025595456099836156,1.7136529460549355,2.2830117394526797,0.02224649403433432,0.19648234049479166,0.8975157290697098
43569.427230859175,1631,106907392,106889216,2487.454897527351,2184.5229974854265,1624,100,15.170000171661377,11.828825067952334,43.0,0.0,11.3,11.349449348556313,46.0,0.0,0.0018320207758127556,1.5438828884313505,2.3055444384614625,0.01911964396216111,0.18488566080729166,0.8962136153131723
43629.427341232076,1633,107082240,107020288,2914.1279726540315,2184.529314786038,1628,100,15.160000038146972,12.072050381009028,53.0,0.0,12.069999980926514,11.079038609686515,43.0,0.0,0.002735517222996956,1.58965681741635,2.2958188330133753,0.015532611734670356,0.1527862548828125,0.8918646139403185
43695.1579395514,1636,107216896,107216896,2048.604507535985,2991.1183684175594,1628,100,15.160000038146972,12.072050381009028,53.0,0.0,12.069999980926514,11.079038609686515,43.0,0.0,0.0008486717269988731,1.7056951994697254,2.286436838408311,0.018249060969537823,0.16188557942708334,0.8904727759460608
43755.158296495676,1638,107361536,107347968,2410.6523255241073,2184.5203374660937,1628,100,15.160000038146972,12.072050381009028,53.0,0.0,12.069999980926514,11.079038609686515,43.0,0.0,0.004109691796960154,1.6723871193826199,2.278637610375881,0.022656182733044258,0.19138081868489584,0.8752481204768022
43815.15840658359,1640,107537152,107479040,2926.9279630099923,2184.5293251619764,1633,100,16.55,11.901575471527236,42.0,0.0,11.92999987602234,11.061875701142771,42.0,0.0,0.0008612047192097331,2.0223321467638016,2.2804082930088043,0.009792493468921748,0.10306294759114583,0.8505418809751669
43882.5841959659,1643,107675648,107675648,2054.050850108976,2915.916918454147,1633,100,16.55,11.901575471527236,42.0,0.0,11.92999987602234,11.061875701142771,42.0,0.0,0.003641207370189174,1.5785612290104232,2.276235500971476,0.02602997723442968,0.21060689290364581,0.897267073392868
43942.58453435637,1645,107822336,107806720,2444.786211794097,2184.521012981811,1638,100,15.170000076293945,12.270333928880152,45.0,0.0,14.749999904632569,11.935974894825259,47.0,0.0,0.00346208265060947,1.7947172578424215,2.286935999989509,0.019950563955111043,0.17932637532552081,0.8869881294667721
44002.584684453905,1647,107996160,107937792,2897.0594193087522,2184.527868462564,1638,100,15.170000076293945,12.270333928880152,45.0,0.0,14.749999904632569,11.935974894825259,47.0,0.0,0.0011546653186087497,1.5940899370859067,2.2874706014990807,0.01596977872456288,0.15343729654947919,0.8919686482598385
44069.59772729501,1650,108134400,108134400,2062.882002355545,2933.8766255723303,1643,100,14.960000228881835,11.829556217915693,42.0,0.0,12.170000171661377,11.182177941833984,42.0,0.0,0.0034945058068842627,1.8202137189606826,2.2824657609065375,0.01944017612428676,0.18213399251302084,0.8781999585529168
44129.59813281894,1652,108280576,108265472,2436.250200704231,2184.518568757559,1643,100,14.960000228881835,11.829556217915693,42.0,0.0,12.170000171661377,11.182177941833984,42.0,0.0,0.0004087757612675583,1.6774876353641353,2.272972822189331,0.01540025534935315,0.14713541666666669,0.8932003937661647
44189.59854879044,1654,108451840,108396544,2854.3802109862413,2184.5181883781097,1648,100,15.819999694824219,12.74941565104034,43.0,0.0,11.669999980926514,10.800050826133845,43.0,0.0,0.0017562938774062786,1.790151414150993,2.2806949665149054,0.016720527119711427,0.155487060546875,0.8867341844985882
44256.70716891624,1657,108593152,108593152,2105.720542831898,2929.698146548728,1648,100,15.819999694824219,12.74941565104034,43.0,0.0,11.669999980926514,10.800050826133845,43.0,0.0,0.00213893427765773,1.7770098770658176,2.2878937845428786,0.014427503239858197,0.14329020182291666,0.8737423717975618
44316.70760108903,1659,108744704,108724224,2525.848473283629,2184.517598515571,1653,100,16.1,11.674330851922036,44.0,0.0,13.930000114440919,11.938387934102266,50.0,0.0,0.0018883615945621084,1.5229987595230339,2.280735882620017,0.017656962150188825,0.15933736165364584,0.9054020376255115
44376.70761791989,1661,108914176,108855296,2824.532541011397,2184.5327205405365,1653,100,16.1,11.674330851922036,44.0,0.0,13.930000114440919,11.938387934102266,50.0,0.0,0.0022087142521437877,1.7509685667852561,2.2802862574656806,0.013946758644427367,0.14786783854166669,0.8874368487546842
44442.256598860025,1664,109051904,109051904,2101.146318747329,2999.405897393957,1658,100,14.929999828338623,12.68404891081153,44.0,0.0,13.140000152587891,11.780509340320409,50.0,0.0,0.002221604760658617,1.7085492728898923,2.280493994553884,0.01596186150284969,0.15143839518229166,0.8886183543751638
44502.25998754427,1666,109199616,109182976,2461.7276330393242,2184.4099620730226,1658,100,14.929999828338623,12.68404891081153,44.0,0.0,13.140000152587891,11.780509340320409,50.0,0.0,0.0037416111372294836,1.4917885238925614,2.2711820229887962,0.02248099628680696,0.1886444091796875,0.9163894255956014
44562.26026390679,1668,109374720,109314048,2918.3865577887755,2184.5232713272703,1663,100,15.060000228881837,11.567039463566804,42.0,0.0,10.830000066757203,11.2018346260381,49.0,0.0,0.0035695692810501596,1.845082988962531,2.255688818792502,0.015896696076500426,0.15460713704427084,0.8894095402210951
44628.414655538276,1671,109510656,109510656,2054.829568341245,2971.9568898042867,1663,100,15.060000228881837,11.567039463566804,42.0,0.0,10.830000066757203,11.2018346260381,49.0,0.0,0.0018445525226222041,1.7897138769427934,2.2463887011011443,0.019913294174330076,0.17661539713541666,0.8932532345255215
44688.414984026924,1673,109659136,109641728,2474.6531184090504,2184.521373492127,1667,100,16.510000038146973,12.131360182744851,47.0,0.0,12.229999923706055,12.115159909480996,43.0,0.0,0.003050222250749357,1.9612671695649624,2.2660290325681367,0.020500060609265347,0.17540486653645834,0.8913926674673954
44748.41501650773,1675,109837312,109772800,2969.5983924175066,2184.5321507439126,1667,100,16.510000038146973,12.131360182744851,47.0,0.0,12.229999923706055,12.115159909480996,43.0,0.0,0.003124596312166735,1.6336678421745696,2.2570603042840958,0.023806418369834624,0.20257568359375,0.9076115470379591
44813.96288142353,1678,109969408,109969408,2015.2601487428874,2999.456965570809,1672,100,15.0,11.086027166818635,46.0,0.0,9.259999847412109,9.189798407690585,43.0,0.0,0.0011749994300771505,1.798381546512246,2.2609790489077564,0.01862069969138247,0.16331990559895831,0.8989371607700983
44873.96308385953,1680,110113024,110100480,2393.5919241804163,2184.5259628883655,1672,100,15.0,11.086027166818635,46.0,0.0,9.259999847412109,9.189798407690585,43.0,0.0,0.0026478603346428526,1.8059293863674006,2.2667631879448886,0.018954816837018978,0.17756144205729166,0.8982388619333506
44933.96345381811,1682,110286592,110231552,2892.7821631736665,2184.5198636355713,1677,100,16.94000005722046,12.368362758169424,48.0,0.0,12.969999980926513,12.077627921959548,53.0,0.0,0.006700875562576887,1.9573060621817908,2.2848734805981317,0.026426331151621223,0.21903483072916666,0.8936551225682099
45001.71586191654,1685,110428160,110428160,2089.490307035768,2901.8599562449726,1677,100,16.94000005722046,12.368362758169424,48.0,0.0,12.969999980926513,12.077627921959548,53.0,0.0,0.00318836764927255,1.803496556977431,2.2783075124025345,0.0214165239497864,0.18539937337239584,0.8971708839138349
45061.71597677097,1687,110577152,110559232,2483.1952465672885,2184.529151619333,1682,100,14.910000133514405,11.517026637967406,46.0,0.0,10.5400000333786,11.171767861133173,46.0,0.0,0.004915616242215037,1.7818612220386665,2.296867609024048,0.018802404548599348,0.17464192708333334,0.8964619431644678
45133.892785599455,1690,110755840,110755840,2475.6982595976497,2723.977454686239,1682,100,14.910000133514405,11.517026637967406,46.0,0.0,10.5400000333786,11.171767861133173,46.0,0.0,0.0012321425771612364,1.508662420635422,2.2938702354828515,0.017578466580744134,0.16514078776041666,0.9041394939025243
45193.89308052324,1692,110901504,110886912,2427.7214001203697,2184.5225955388914,1687,100,15.209999942779541,12.341227579169576,54.0,0.0,11.510000038146973,10.500947865851641,50.0,0.0,0.001506874032202177,1.4776968657970428,2.259141887227694,0.021242291307620086,0.1819000244140625,0.9061729827274878
45253.89379600249,1694,111074560,111017984,2884.2322731940453,2184.507283839277,1687,100,15.209999942779541,12.341227579169576,54.0,0.0,11.510000038146973,10.500947865851641,50.0,0.0,0.004349419124385652,1.9766143703212342,2.2657879243294397,0.023443589834641898,0.19864400227864584,0.8918287294606367
45320.76342820749,1697,111214592,111214592,2094.1045341885533,2940.168706136762,1691,100,15.08000020980835,11.270918420033524,40.0,0.0,12.100000095367431,10.81526702330479,45.0,0.0,0.0024615397172359126,1.6505233185986679,2.2617032130559283,0.019495378107118693,0.19317118326822916,0.9097111001610756
45380.763547211885,1699,111363072,111345664,2474.6617584060955,2184.5290005240017,1691,100,15.08000020980835,11.270918420033524,40.0,0.0,12.100000095367431,10.81526702330479,45.0,0.0,0.0032708038391623027,2.0354178634782634,2.2536195566256843,0.019099172845017165,0.16341145833333331,0.8825644658257563
45440.763730304316,1701,111536128,111476736,2884.257865236967,2184.5266671617264,1696,100,15.109999942779542,11.332162184297495,44.0,0.0,10.460000038146973,10.402326694580536,41.0,0.0,0.004011617842479609,1.799588415150841,2.2625486254692078,0.022901634758454747,0.1946258544921875,0.8958424205581348
45507.51506714709,1704,111673344,111673344,2055.62924265016,2945.379213349483,1696,100,15.109999942779542,11.332162184297495,44.0,0.0,10.460000038146973,10.402326694580536,41.0,0.0,0.004107827354649393,1.6671118444452682,2.2839688758055368,0.021301383259924474,0.18837992350260416,0.8949388265609742
45567.51760083996,1706,111826432,111804416,2551.358927334763,2184.4410882866196,1696,100,15.109999942779542,11.332162184297495,44.0,0.0,10.460000038146973,10.402326694580536,41.0,0.0,0.004225384548287063,1.6518700867891312,2.2899981141090393,0.020042431472878285,0.17734781901041669,0.9012091662734747
45627.517979275435,1708,111996672,111935488,2837.3154376529533,2184.5195550049807,1701,100,15.919999980926514,11.84287126103612,44.0,0.0,12.88000020980835,12.811932134607325,53.0,0.0,0.002948470148112392,1.5883380131175122,2.2829864521821337,0.02105955201720159,0.18185933430989584,0.9039405869940916
45693.9553442318,1711,112132096,112132096,2038.3710294492607,2959.2985833970365,1701,100,15.919999980926514,11.84287126103612,44.0,0.0,12.88000020980835,12.811932134607325,53.0,0.0,0.0031816437500917045,1.981530774384737,2.2755742197235427,0.01728353800960273,0.15754191080729169,0.8763455407073101
45753.95922941156,1713,112272896,112263168,2346.514722808282,2184.3918874142555,1706,100,15.790000057220459,11.926688522028364,47.0,0.0,12.459999942779541,11.601224010602103,43.0,0.0,0.0018623879101748266,1.530134664227565,2.288158377011617,0.022211466572722806,0.19904073079427081,0.899856419612964
45813.95967737213,1715,112444160,112394240,2854.3786891815685,2184.517023708465,1706,100,15.790000057220459,11.926688522028364,47.0,0.0,12.459999942779541,11.601224010602103,43.0,0.0,0.002063983706951452,1.7433386153231063,2.3000657185912132,0.01367214220893705,0.13473002115885416,0.8869391164431969
45881.12224442698,1718,112590848,112590848,2184.0737546585638,2927.3449277099076,1711,100,14.65,12.25428488939706,46.0,0.0,13.680000019073486,12.138269999733716,44.0,0.0,0.002900553629539597,1.6704979048420985,2.263783286015193,0.01771743916591125,0.1683807373046875,0.9075639192014933
45941.122498650104,1720,112742400,112721920,2525.8559644834663,2184.524077391106,1711,100,14.65,12.25428488939706,46.0,0.0,13.680000019073486,12.138269999733716,44.0,0.0,0.0029548477808324,1.9766340889036655,2.2828811680277186,0.017616099682224256,0.1706695556640625,0.8952294879903395
46013.398135855794,1723,112918528,112918528,2436.893077798195,2720.2527380072875,1716,100,14.119999885559082,11.351898582179105,47.0,0.0,12.269999980926514,12.025684972018812,58.0,0.0,0.0007646285472825791,1.6846362799406052,2.2900134349862733,0.01672031687606553,0.15913899739583334,0.8883845197657744
46073.39839421958,1725,113071872,113049600,2555.7223282318346,2184.523926635558,1716,100,14.119999885559082,11.351898582179105,47.0,0.0,12.269999980926514,12.025684972018812,58.0,0.0,0.0009807998261142834,1.5550755634903908,2.292376125852267,0.01847255873387136,0.18241373697916669,0.9146910371879736
46145.08948878385,1728,113246208,113246208,2431.766470571889,2742.4326716581654,1720,100,15.289999866485596,12.757973982901932,43.0,0.0,10.439999961853028,10.750181559728517,51.0,0.0,0.0025521883023126675,1.3820872673143945,2.295594615240892,0.023015123467606223,0.2001495361328125,0.9127636762956779
46205.0897135213,1730,113389056,113377280,2380.791082451367,2184.525150923118,1725,100,13.790000057220459,11.12860730842002,44.0,0.0,11.209999990463256,11.086293430286306,47.0,0.0,0.0019857886193979843,1.7499835627774398,2.3080100441972418,0.014197082201765927,0.138275146484375,0.8868317026644946
46265.08983771317,1732,113566464,113508352,2956.793879837545,2184.5288116548672,1725,100,13.790000057220459,11.12860730842002,44.0,0.0,11.209999990463256,11.086293430286306,47.0,0.0,0.0023682626172861396,1.5723678804934023,2.3126828248302145,0.02161523434491149,0.19553120930989584,0.891695545365413
46330.68065247685,1735,113704960,113704960,2111.5151641124303,2997.492876226149,1729,100,14.750000190734863,12.407558276132843,42.0,0.0,11.559999895095824,11.168992788418397,44.0,0.0,0.0008265769599044386,1.5569916709015768,2.317587067683538,0.01960075583277406,0.1921844482421875,0.8920169292638699
46390.680652657524,1737,113855744,113836032,2513.0666590991286,2184.5333267551,1729,100,14.750000190734863,12.407558276132843,42.0,0.0,11.559999895095824,11.168992788418397,44.0,0.0,0.0018214944769473127,1.5680555601914725,2.3006051381429033,0.017159263951422567,0.16362508138020834,0.9013884017864863
46450.681199921295,1739,114032128,113967104,2939.7065200853885,2184.513408249229,1729,100,14.750000190734863,12.407558276132843,42.0,0.0,11.559999895095824,11.168992788418397,44.0,0.0,0.0016016947459623527,1.5779769085347652,2.3046305552124977,0.020765778068986645,0.18811035156250003,0.906608418871959
46515.98080132343,1742,114163712,114163712,2015.0812129720048,3010.8606450632287,1734,100,14.929999780654907,12.581140642667927,44.0,0.0,9.560000109672547,10.632328319166486,42.0,0.0,0.0015620197724880807,1.453070287282268,2.3082909857233367,0.01906534700052968,0.17532857259114581,0.9103832673281431
46575.980802390724,1744,114317568,114294784,2564.2666210528223,2184.5332944742845,1734,100,14.929999780654907,12.581140642667927,44.0,0.0,9.560000109672547,10.632328319166486,42.0,0.0,0.0018143802129391893,1.5711581092327833,2.286180260280768,0.020682730004409674,0.17714436848958334,0.9024195019155741
46647.52113383636,1747,114491392,114491392,2429.7343398820294,2748.212036862148,1739,100,16.07000026702881,12.837644055647317,41.0,0.0,11.719999980926513,10.987338191817887,43.0,0.0,0.0038516684217029255,1.4847506638616323,2.2853828916947045,0.017217744867593865,0.1711883544921875,0.906502145032088
46707.52158504538,1749,114639360,114622464,2466.1147877792423,2184.516905437668,1744,100,14.239999866485595,11.878652988504376,45.0,0.0,12.239999961853027,11.820423048095035,49.0,0.0,0.0026109771618697173,1.645966084053119,2.2684808149933815,0.01581994710674432,0.16049702962239581,0.8918669981261095
46767.52178202756,1751,114813184,114753536,2897.0571555230013,2184.526161454752,1744,100,14.239999866485595,11.878652988504376,45.0,0.0,12.239999961853027,11.820423048095035,49.0,0.0,0.0030169639649102464,1.6186321458468835,2.2626003250479694,0.016964117135406315,0.15484619140625,0.9010604787617922
46833.5498161111,1754,114950144,114950144,2074.2704504378344,2977.6443101612276,1749,100,15.5,13.09007240178326,44.0,0.0,11.280000066757202,10.015068858212445,46.0,0.0,0.0028344723614281975,1.7020222929616768,2.282947354018688,0.013440173182971195,0.1392822265625,0.8940305734674135
46893.54996956512,1756,115097344,115081216,2453.3270587849825,2184.5277462572362,1749,100,15.5,13.09007240178326,44.0,0.0,11.280000066757202,10.015068858212445,46.0,0.0,0.00046299905807245523,1.596049726009369,2.2846829940875373,0.013889179928810336,0.1373748779296875,0.9160468131303787
46953.55034040101,1758,115269376,115212288,2867.1822790986816,2184.5198316942337,1749,100,15.5,13.09007240178326,44.0,0.0,11.280000066757202,10.015068858212445,46.0,0.0,0.0025598790089134127,1.6601356510072947,2.268040152887503,0.02071204442230131,0.18834431966145834,0.9026610435297092
47020.35813830607,1761,115408896,115408896,2088.378967351619,2942.889994359713,1753,100,15.770000171661376,12.660849375387556,43.0,0.0,11.679999852180481,11.588683926022275,46.0,0.0,0.0013343198952497914,1.5480030483255782,2.275917120277881,0.017857248053890846,0.16324869791666669,0.9062641747295856
47080.35831957497,1763,115556096,115539968,2453.3259214717887,2184.52673355401,1753,100,15.770000171661376,12.660849375387556,43.0,0.0,11.679999852180481,11.588683926022275,46.0,0.0,0.003028276371575582,1.8327268157154322,2.268348897496859,0.01664075602639059,0.16928609212239581,0.886140836402774
47140.35836521536,1765,115728128,115671040,2867.19781899936,2184.53167161856,1758,100,15.7,11.618519597678342,47.0,0.0,10.929999923706054,10.872216826506891,46.0,0.0,0.0015951576812464434,1.6377521132429442,2.2866219704349837,0.014101001909390712,0.14881896972656253,0.8982250193754832
47206.82479579188,1768,115867648,115867648,2099.1047479130134,2958.0044888021916,1758,100,15.7,11.618519597678342,47.0,0.0,10.929999923706054,10.872216826506891,46.0,0.0,0.0035060270771888704,1.6963251295189063,2.2782843858003616,0.020201840562852645,0.16696675618489584,0.8956209203849236
47266.82505447976,1770,116017408,115998720,2495.9892386304386,2184.5239148355295,1763,100,15.800000095367432,12.791403281889538,47.0,0.0,11.669999885559083,11.632759548784735,43.0,0.0,0.0029049380536889657,1.7628139443695545,2.2738662560780845,0.02089859101154919,0.18879699707031253,0.8927215343962113
47326.825175719336,1772,116193792,116129792,2939.7273931451136,2184.5289191441193,1763,100,15.800000095367432,12.791403281889538,47.0,0.0,11.669999885559083,11.632759548784735,43.0,0.0,0.004673985526702987,1.7556683390090864,2.283377329508464,0.026541693188846693,0.21777852376302084,0.8927555388460556
47393.08733214252,1775,116326400,116326400,2001.2629705725685,2967.1234776056613,1768,100,13.519999694824218,12.589264994160423,48.0,0.0,11.209999895095825,10.637006048619364,44.0,0.0,0.002891254625865258,1.7497551186631124,2.30598987142245,0.019205710323755436,0.18131510416666666,0.9007524860401948
47453.08766723238,1777,116477696,116457472,2521.585917368701,2184.521133151903,1768,100,13.519999694824218,12.589264994160423,48.0,0.0,11.209999895095825,10.637006048619364,44.0,0.0,0.002018571501442542,1.590352009360989,2.2946472441156707,0.01923384608683894,0.17748006184895831,0.8962025257448356
47525.06088267639,1780,116654080,116654080,2450.68945317867,2731.6828737898672,1772,100,16.729999923706053,12.675847136084725,45.0,0.0,12.410000038146972,10.824135059529333,41.0,0.0,0.002803060163084107,1.80237140879035,2.304733390609423,0.014547405460083002,0.14291890462239584,0.8864104555298885
47585.061082622036,1782,116802304,116785152,2470.3917675988037,2184.526053558873,1772,100,16.729999923706053,12.675847136084725,45.0,0.0,12.410000038146972,10.824135059529333,41.0,0.0,0.0028505902979910993,1.587999160091082,2.3011726935704546,0.019324584038258763,0.186614990234375,0.8989398535341024
47645.06149241701,1784,116978176,116916224,2931.1799802863993,2184.5184132556574,1777,100,15.430000019073486,13.04933332865142,48.0,0.0,11.690000057220459,10.516363324048804,44.0,0.0,0.0009321594746628156,1.7605291896810136,2.29698966195186,0.01802590675470128,0.16811625162760419,0.8844762829442818
47710.805994993076,1787,117112832,117112832,2048.1712496675996,2990.4857789823504,1777,100,15.430000019073486,13.04933332865142,48.0,0.0,11.690000057220459,10.516363324048804,44.0,0.0,0.001495968429177689,1.5780824907124043,2.296797742446264,0.018099285875602316,0.16491190592447916,0.8987650871276857
47770.80617987178,1789,117262848,117243904,2500.2589625892665,2184.5266021257758,1782,100,15.2,12.974590369442037,50.0,0.0,11.019999980926514,10.302407324682449,42.0,0.0,0.0007031624675922407,1.6189116171250741,2.296370511253675,0.016127727093892947,0.16522216796875,0.8937420068929594
47830.80661216378,1791,117439232,117374976,2939.7121530992586,2184.517594175356,1782,100,15.2,12.974590369442037,50.0,0.0,11.019999980926514,10.302407324682449,42.0,0.0,0.00106278248616339,1.6364544226477542,2.307531289756298,0.014316659901548215,0.14383443196614584,0.8922164576749007
47895.95985683799,1794,117571584,117571584,2031.3953765743652,3017.6240797081477,1788,100,13.07000012397766,11.35099567255411,44.0,0.0,11.18999981880188,10.343785678632544,42.0,0.0,0.0001413553109159693,1.6624034283061822,2.2963541646798453,0.01330619098553143,0.13615926106770831,0.8804689024885496
47955.96036428772,1796,117712384,117702656,2346.646819911699,2184.5148578087087,1788,100,13.07000012397766,11.35099567255411,44.0,0.0,11.18999981880188,10.343785678632544,42.0,0.0,-0.0004796543095532495,1.5666317287832499,2.285907010237376,0.010969802456505324,0.11474100748697917,0.8928243660678467
48015.96048742533,1798,117886464,117833728,2901.327378958101,2184.5288500390407,1792,100,16.549999904632568,12.522280142466046,46.0,0.0,14.769999790191651,12.932791594298285,48.0,0.0,0.001354906584310811,1.6117933895438907,2.308505843083064,0.016466406525675364,0.15924580891927081,0.8923575772593418
48083.41769428365,1801,118030336,118030336,2132.7891666515225,2914.558861189269,1792,100,16.549999904632568,12.522280142466046,46.0,0.0,14.769999790191651,12.932791594298285,48.0,0.0,0.001224311015297038,1.515547485401233,2.2880722284317017,0.01947363331661715,0.18334452311197916,0.8978651203215122
48143.41825195216,1803,118182912,118161408,2542.909698322414,2184.513029431336,1797,100,15.8,12.993075024282112,46.0,0.0,13.629999828338622,10.783927766063538,42.0,0.0,0.001826313731726259,1.5376368332654238,2.287740856409073,0.021722318981119315,0.19463602701822919,0.88582469150424
48215.40602055192,1806,118358016,118358016,2432.4132197170957,2731.130632664809,1797,100,15.8,12.993075024282112,46.0,0.0,13.629999828338622,10.783927766063538,42.0,0.0,0.0017619128096460674,1.671496740852793,2.2943255975842476,0.01869423739602401,0.16706848144531253,0.891229762385289
48275.40644177236,1808,118500608,118489088,2376.5166493769857,2184.5179972729206,1802,100,16.20999994277954,12.262377491464314,45.0,0.0,12.250000190734863,11.545020536417637,46.0,0.0,0.001489561538619455,1.63416107557714,2.297348087032636,0.009998174167776595,0.11097208658854167,0.8837034994115431
48335.412502069026,1810,118674432,118620160,2896.774078161692,2184.3127069496118,1802,100,16.20999994277954,12.262377491464314,45.0,0.0,12.250000190734863,11.545020536417637,46.0,0.0,0.003782082227796006,1.546863008911411,2.2592004487911863,0.019698430489370367,0.1836700439453125,0.8990975686659416
48402.95553997345,1813,118816768,118816768,2107.337845854753,2910.855153986422,1807,100,15.890000152587891,12.158861113208063,44.0,0.0,12.259999990463257,11.688986141193764,43.0,0.0,0.0016781791515920001,1.8269159769018493,2.2375268439451856,0.015399889100081053,0.16095479329427084,0.8831528102358183
48462.95649082214,1815,118965760,118947840,2483.160648166104,2184.4987145378786,1807,100,15.890000152587891,12.158861113208063,44.0,0.0,12.259999990463257,11.688986141193764,43.0,0.0,0.0034637519444610616,1.826962753509482,2.2528022055824595,0.016352981724291265,0.16961161295572916,0.8953497825811306
48522.957098059356,1817,119136256,119078912,2841.571241536323,2184.511224724621,1811,100,16.689999961853026,12.708811825819454,46.0,0.0,12.649999904632569,12.24203828368417,46.0,0.0,0.0021623795789006786,1.7419355424741905,2.256064039965471,0.012885351585282478,0.1347503662109375,0.9012284676233927
48589.96443840675,1820,119275520,119275520,2078.339466661363,2934.1263058748655,1811,100,16.689999961853026,12.708811825819454,46.0,0.0,12.649999904632569,12.24203828368417,46.0,0.0,0.002414751950709615,1.7676067699988685,2.2264900108178454,0.01995423633767738,0.17615254720052084,0.9059714606652658
48649.96444950625,1822,119427584,119406592,2534.3995311571034,2184.5329292128567,1816,100,15.90999984741211,12.75389726715507,42.0,0.0,13.339999866485595,11.497147646684097,45.0,0.0,0.005417276212635139,1.7596038629611335,2.232922164102395,0.021877479709170682,0.19034322102864584,0.9111435810724895
48709.96448688209,1824,119600640,119537664,2884.2648699697456,2184.531972521464,1816,100,15.90999984741211,12.75389726715507,42.0,0.0,13.339999866485595,11.497147646684097,45.0,0.0,0.0020015540503663942,1.8183575036625066,2.2413830185929933,0.018574620446694706,0.18505859375000003,0.9006202320257822
48775.64410439134,1827,119734272,119734272,2034.6038096398522,2993.44008774599,1821,100,16.489999866485597,12.559056471960556,49.0,1.0,12.700000095367432,12.098347214033817,50.0,0.0,0.004130247456487268,1.7758421351512275,2.2716064924995103,0.021149104729071645,0.182220458984375,0.8864461611956358
48835.644503058866,1829,119875072,119865344,2346.6510744402367,2184.5188183880023,1821,100,16.489999866485597,12.559056471960556,49.0,1.0,12.700000095367432,12.098347214033817,50.0,0.0,0.006026647589654506,1.7645010047902663,2.257401285072168,0.022688429653499043,0.20625813802083334,0.8956654015928507
48895.64485091902,1831,120045824,119996416,2845.850167368543,2184.520668204939,1821,100,16.489999866485597,12.559056471960556,49.0,1.0,12.700000095367432,12.098347214033817,50.0,0.0,0.0023738217835974256,1.419340390091141,2.268465012311936,0.02231223104718083,0.20524088541666666,0.9206566878904898
48962.34719175473,1834,120193024,120193024,2206.819103433993,2947.542732934446,1826,100,16.289999866485594,12.858690002960087,47.0,1.0,10.95,10.971212243284015,50.0,0.0,0.003288834423680479,1.7238272204995155,2.2799537529548006,0.022248006227528094,0.20344543457031247,0.9045146778225899
49022.347725663334,1836,120346624,120324096,2559.977220102202,2184.5138944872124,1826,100,16.289999866485594,12.858690002960087,47.0,1.0,10.95,10.971212243284015,50.0,0.0,0.0037220088294513207,1.6503296444813411,2.2791924849152565,0.020650908955455332,0.18606058756510419,0.9005413930863142
49082.348809324205,1838,120515072,120455168,2807.4159618862345,2184.493879157678,1831,100,14.939999961853028,12.633938645783948,45.0,0.0,11.559999895095824,11.183308813890227,52.0,0.0,0.0038543722475878894,1.7152698648472626,2.2823418130477267,0.02192031370395853,0.1930999755859375,0.8986067088941733
49149.05205508508,1841,120651776,120651776,2049.4355025852183,2947.5027452911004,1831,100,14.939999961853028,12.633938645783948,45.0,0.0,11.559999895095824,11.183308813890227,52.0,0.0,0.0002885108503202597,1.4470411439736683,2.278768969078859,0.018779174489585177,0.16704305013020834,0.9142909198999405
49209.05475585535,1843,120803584,120782848,2530.019449977956,2184.4350057145252,1836,100,15.920000171661377,13.684063327526514,52.0,0.0,11.400000095367432,11.232986989709095,47.0,0.0,0.0029364168731262907,1.5696954441567263,2.2767956753571825,0.020022076705572545,0.182464599609375,0.9089854018141826
49269.064700962976,1845,120977920,120913920,2905.1184714023602,2184.171303022039,1836,100,15.920000171661377,13.684063327526514,52.0,0.0,11.400000095367432,11.232986989709095,47.0,0.0,0.0025985393537363657,1.5631813630461693,2.276304222643376,0.020890726635722483,0.1953277587890625,0.9008492132027944
49334.619812643155,1848,121110528,121110528,2022.8475949663155,2999.1253917647305,1841,100,13.749999809265137,11.195869817737577,47.0,0.0,10.520000123977661,10.336808093223087,41.0,0.0,0.0011895122879650442,1.7234404956301053,2.271293250223001,0.010745893185837001,0.11025492350260417,0.8998607421914736
49394.61996430531,1850,121256448,121241600,2431.993852642816,2184.527811496705,1841,100,13.749999809265137,11.195869817737577,47.0,0.0,10.520000123977661,10.336808093223087,41.0,0.0,-0.00029651166065984097,1.5855562860767047,2.26563311368227,0.013314638793114378,0.1344451904296875,0.9033032444616159
49454.62040062435,1852,121433344,121372672,2948.245227074632,2184.51744755747,1845,100,16.03000020980835,12.31215251902772,52.0,0.0,9.67999997138977,10.85622405334019,46.0,0.0,6.532370753120631e-05,1.4344051424413917,2.2737126673261323,0.01971387038611283,0.17558797200520834,0.9111520635584991
49520.93981922418,1855,121569280,121569280,2049.7164008664927,2964.5615741345887,1845,100,16.03000020980835,12.31215251902772,52.0,0.0,9.67999997138977,10.85622405334019,46.0,0.0,0.0027459239912180538,1.624079329892993,2.2742512077093124,0.017733286609654897,0.1821441650390625,0.9014833495020866
49580.940582482144,1857,121718272,121700352,2483.168411698837,2184.5055443123792,1850,100,17.020000076293947,12.968407653769466,47.0,0.0,10.829999923706055,11.487432324941235,49.0,0.0,0.0025251056504203002,1.7431312190989654,2.2623964200417204,0.01579004496549411,0.15526835123697916,0.8991441385199627
49640.94085685164,1859,121890560,121831424,2871.4535360124796,2184.5233438906234,1855,100,14.90999994277954,12.186956133525179,45.0,0.0,10.230000114440918,10.203778659350705,46.0,0.0,0.002479936355181659,1.773480704675118,2.266890473663807,0.020059330950971344,0.18291727701822916,0.9006360812733571
49707.286115957424,1862,122028032,122028032,2072.0696829415137,2963.4069208549026,1855,100,14.90999994277954,12.186956133525179,45.0,0.0,10.230000114440918,10.203778659350705,46.0,0.0,0.0025461144347597533,1.715602245181799,2.250981089969476,0.02374195853493196,0.2015380859375,0.9074385141332945
49767.2864842955,1864,122178048,122159104,2500.2513177039077,2184.519922635496,1859,100,14.030000114440918,11.851122289874187,48.0,0.0,9.889999914169312,9.7507897489204,37.0,0.0,0.0043930942338192835,1.8609730551640193,2.2779692138234773,0.020213776543338707,0.18143208821614581,0.8815847747027873
49827.28652781248,1866,122352384,122290176,2905.59789261931,2184.531748929643,1859,100,14.030000114440918,11.851122289874187,48.0,0.0,9.889999914169312,9.7507897489204,37.0,0.0,0.0018946168056572787,1.7413648720830677,2.2790297269821163,0.020081401048931486,0.180999755859375,0.8976495352884134
49892.93015653081,1869,122486784,122486784,2047.4188070359955,2995.081226292656,1864,100,16.09999990463257,12.803515186759046,49.0,0.0,9.579999971389771,9.74492693101372,48.0,0.0,0.002871639963511067,1.8928037229925394,2.268055871129036,0.017314929266528147,0.156219482421875,0.8834172673523426
49952.93258290179,1871,122637056,122617856,2504.4320553123953,2184.4449954343213,1864,100,16.09999990463257,12.803515186759046,49.0,0.0,9.579999971389771,9.74492693101372,48.0,0.0,0.0017962493535984927,1.6081066665550074,2.2583533450961113,0.023090761932204863,0.19415791829427084,0.9074383253852526
50012.943969355896,1873,122810880,122748928,2896.516982371913,2184.118843850397,1868,100,16.14000005722046,12.771076740119684,41.0,0.0,11.040000009536744,10.30234943017827,44.0,0.0,0.0038077791347556436,1.5762261990457773,2.2654182886083922,0.019973375114811155,0.18725077311197916,0.9098704680800438
50078.703572815284,1876,122945536,122945536,2047.7009123566445,2989.7990507412605,1868,100,16.14000005722046,12.771076740119684,41.0,0.0,11.040000009536744,10.30234943017827,44.0,0.0,0.0007538701417312647,1.8482336091498532,2.2424480741222697,0.012091884606585761,0.12648518880208331,0.8887464875976245
50138.703642867506,1878,123094272,123076608,2478.9304390902666,2184.530782812765,1868,100,16.14000005722046,12.771076740119684,41.0,0.0,11.040000009536744,10.30234943017827,44.0,0.0,0.0005531135393539444,1.8024418770025175,2.2378789807359376,0.013657574372700763,0.13124593098958334,0.8993546261141697
50198.70408156514,1880,123268352,123207680,2901.3121200205214,2184.5173609566277,1873,100,14.92999997138977,12.042636576941456,44.0,0.0,12.789999866485596,12.391363948154222,46.0,0.0,0.0012013895975542255,1.720368520046274,2.2540384655197463,0.016418712670808116,0.14952596028645834,0.8933904990553857
50264.28339806385,1883,123404288,123404288,2072.8486854947696,2998.0184377777455,1873,100,14.92999997138977,12.042636576941456,44.0,0.0,12.789999866485596,12.391363948154222,46.0,0.0,0.001966521291857741,1.7058328247318664,2.2570602347453437,0.016837856973021797,0.16722615559895834,0.9094586179902155
50324.28354411572,1885,123559424,123535360,2585.5937061534546,2184.528015760014,1878,100,14.470000076293946,12.05359292677182,43.0,0.0,11.059999990463258,10.314863152921205,47.0,0.0,0.002215487496869173,1.6693056412041187,2.2512630199392634,0.02010668886881225,0.18333435058593753,0.8999663759022951
50395.819708419964,1888,123731968,123731968,2411.9828296380924,2748.372126353197,1883,100,16.39999990463257,13.143819730583841,50.0,0.0,9.389999866485596,9.536136352526805,51.0,0.0,0.003041285589764205,1.7881683030476172,2.235692111154397,0.01651900132977365,0.15233357747395834,0.8945801934848229
50455.819960564375,1890,123874560,123863040,2376.523346215336,2184.524153074061,1883,100,16.39999990463257,13.143819730583841,50.0,0.0,9.389999866485596,9.536136352526805,51.0,0.0,0.0047034341405378655,1.6644206568598747,2.231710523366928,0.02402456958346496,0.20454915364583331,0.9052246771752834
50515.8205973804,1892,124052736,123994112,2969.568482186731,2184.510147815526,1883,100,16.39999990463257,13.143819730583841,50.0,0.0,9.389999866485596,9.536136352526805,51.0,0.0,0.0041881023498717695,1.563663068537911,2.2542346641421314,0.022770785866669033,0.196258544921875,0.9143565334379673
50581.853209305555,1895,124190720,124190720,2089.6341364839363,2977.4378790717315,1887,100,16.450000286102295,12.01447065056993,46.0,1.0,12.769999933242797,12.165405804763365,52.0,0.0,0.00186624210618902,1.666842209175229,2.2558463364839554,0.01296395824707967,0.13310750325520831,0.9073459152132272
50641.85361266881,1897,124338688,124321792,2466.1167543185375,2184.518647424033,1887,100,16.450000286102295,12.01447065056993,46.0,1.0,12.769999933242797,12.165405804763365,52.0,0.0,0.0016822372332777984,1.6193216082950432,2.2601162617405253,0.019011707340420493,0.17151896158854169,0.910482415308555
50701.85375193134,1899,124509696,124452864,2850.126718069172,2184.5282629512217,1892,100,14.630000019073487,12.629849414221804,52.0,0.0,11.180000019073486,9.497768196929593,40.0,0.0,0.002928244294404673,1.585061414167285,2.2577419678370156,0.017255244367940275,0.1736297607421875,0.9100700144966444
50767.45332587883,1902,124649472,124649472,2130.745545876365,2997.0926359579644,1892,100,14.630000019073487,12.629849414221804,52.0,0.0,11.180000019073486,9.497768196929593,40.0,0.0,0.00042004947075232246,1.5862244448314111,2.2636907771229744,0.013056363877694821,0.12774149576822916,0.9115609178940456
50827.45363960415,1904,124794880,124780544,2423.453995018565,2184.52191100265,1897,100,17.210000038146973,12.56287760915195,43.0,0.0,13.130000114440918,11.927828847103575,55.0,0.0,0.003347823580649371,1.7208036165684464,2.246051385998726,0.016239575555421954,0.151947021484375,0.9056002652893463
50887.45429829694,1906,124962048,124911616,2786.102746903378,2184.509351323935,1897,100,17.210000038146973,12.56287760915195,43.0,0.0,13.130000114440918,11.927828847103575,55.0,0.0,0.0033676165524714934,1.687975326552987,2.2451484128832817,0.018080831311332684,0.18058268229166666,0.9117126911878586
50955.496698575094,1909,125108224,125108224,2148.3075171135356,2889.49242231733,1903,100,18.600000190734864,13.47367790269061,56.0,0.0,14.469999885559082,12.888331761513752,49.0,0.0,0.005592417134418308,1.7206115424633026,2.2420082638661065,0.02117433776887386,0.1971893310546875,0.8973662027468284
51015.496706420556,1911,125251072,125239296,2380.7996886921337,2184.5330476888394,1903,100,18.600000190734864,13.47367790269061,56.0,0.0,14.469999885559082,12.888331761513752,49.0,0.0,0.007385426140293324,1.9561014032612243,2.2543936744332314,0.024215002484803943,0.2086334228515625,0.8986018653959036
51075.497185518965,1913,125424384,125370368,2888.510268655412,2184.5158900318625,1903,100,18.600000190734864,13.47367790269061,56.0,0.0,14.469999885559082,12.888331761513752,49.0,0.0,0.0035230459325248376,1.6542890667915344,2.2530341371893883,0.025621957529438077,0.20949300130208331,0.9130194081614414
51142.983040170744,1916,125566976,125566976,2112.9168584403674,2913.321628872894,1908,100,16.909999942779542,12.195978772653364,44.0,0.0,13.330000019073486,11.17859987857725,40.0,0.0,0.006938178730100239,2.1665166852374873,2.2697245428959527,0.020730638594613996,0.19396464029947919,0.8813130781054497
51202.98331565969,1918,125719808,125698048,2547.188304629778,2184.523303133076,1908,100,16.909999942779542,12.195978772653364,44.0,0.0,13.330000019073486,11.17859987857725,40.0,0.0,0.002391080245918905,2.007592713460326,2.2584019154310226,0.01658226994368306,0.15210469563802084,0.8956344599525135
51275.87481326051,1921,125894656,125894656,2398.743416653636,2697.2693177013066,1914,100,14.070000171661377,12.138579137408106,53.0,0.0,9.67999987602234,9.346528667516528,43.0,0.0,0.004496081344162424,1.7028578563282888,2.2609338959058127,0.022140343329738247,0.19789632161458334,0.8981867041438819
51335.875142127275,1923,126040320,126025728,2427.7200267261455,2184.521359725459,1914,100,14.070000171661377,12.138579137408106,53.0,0.0,9.67999987602234,9.346528667516528,43.0,0.0,0.00371196205621042,1.682604920739929,2.2661391099294024,0.021163688816765596,0.190216064453125,0.8894727981338899
51395.875187447295,1925,126212608,126156800,2871.4644977529006,2184.531683283039,1918,100,13.960000038146973,11.845606769079064,45.0,0.0,12.519999742507935,12.40038715753055,47.0,0.0,0.004630574780700651,1.6675134717176359,2.2708365991711617,0.023103385413681583,0.20040384928385416,0.9038217160850763
51462.4981997516,1928,126353408,126353408,2113.3838763832014,2951.052394658725,1918,100,13.960000038146973,11.845606769079064,45.0,0.0,12.519999742507935,12.40038715753055,47.0,0.0,0.0038739010390903177,1.7574082960685093,2.267067715525627,0.021547535432546283,0.19931538899739584,0.8900555316358805
51522.498225893825,1930,126505728,126484480,2538.665560560576,2184.5323815243946,1923,100,15.979999923706055,12.663317177617508,45.0,0.0,11.010000038146973,11.02043105869253,40.0,0.0,0.0037377889821073036,1.6328223006178935,2.2856243153413134,0.014066799583209406,0.13821919759114584,0.9014852183560531
51594.16003784351,1933,126681088,126681088,2447.0494846421516,2743.553290810471,1923,100,15.979999923706055,12.663317177617508,45.0,0.0,11.010000038146973,11.02043105869253,40.0,0.0,0.0028199584097213424,1.8534994075695674,2.257489105065664,0.015646109935914865,0.14479573567708334,0.8815139606595039
51654.16121924482,1935,126831104,126812160,2500.2174373306398,2184.490320671139,1928,100,13.920000028610229,12.50414338319853,57.0,0.0,13.059999942779541,11.391944657564814,45.0,0.0,0.003083274765231181,1.8363174113134542,2.2377847408254943,0.020910386720667397,0.18965657552083334,0.8900672532618046
51714.161501310766,1937,127006976,126943232,2931.1862202032507,2184.5230636740384,1928,100,13.920000028610229,12.50414338319853,57.0,0.0,13.059999942779541,11.391944657564814,45.0,0.0,0.001231913319012771,1.9400158872207005,2.248717735211055,0.011891928121258388,0.13158671061197916,0.8912574537098408
51779.257636107504,1940,127139840,127139840,2041.0428424800516,3020.2714894502496,1933,100,15.879999923706055,12.8345472962353,46.0,0.0,13.599999904632568,12.119405790943285,49.0,0.0,0.0023694636232297244,1.5936625519146521,2.220071124533812,0.021498433799933995,0.18973286946614584,0.9027476795017719
51839.25784378126,1942,127279616,127270912,2329.591936748121,2184.525772188714,1933,100,15.879999923706055,12.8345472962353,46.0,0.0,13.599999904632568,12.119405790943285,49.0,0.0,0.002207463425293099,1.5164006389677525,2.236488531033198,0.019665950580019853,0.18125406901041669,0.9139282337079445
51899.25803728029,1944,127452416,127401984,2879.9907120765765,2184.5262882714183,1938,100,15.979999923706055,12.312578802017423,41.0,0.0,11.329999971389771,10.726653539171684,45.0,0.0,0.005570453276353267,1.6730542027701933,2.2343781292438507,0.02074490978460138,0.18346659342447916,0.9026131890714169
51966.654356973246,1947,127598592,127598592,2168.9018134217376,2917.1919311872057,1938,100,15.979999923706055,12.312578802017423,41.0,0.0,11.329999971389771,10.726653539171684,45.0,0.0,0.0020433728180554076,1.6862630502631266,2.230756397048632,0.018002635003237327,0.17546590169270834,0.8958570752292871
52026.65483725816,1949,127748352,127729664,2495.9800203074947,2184.515846833226,1943,100,15.899999904632569,11.82328197185237,40.0,0.0,12.430000114440919,12.062549395125716,47.0,0.0,0.004693698475117951,1.5994293640057247,2.231702802081903,0.02362161219449869,0.19438171386718747,0.8944971859455109
52086.65485216677,1951,127923968,127860736,2926.9326060583016,2184.5327905274785,1943,100,15.899999904632569,11.82328197185237,40.0,0.0,12.430000114440919,12.062549395125716,47.0,0.0,0.002034700165192286,1.7158823249240716,2.2252856617172556,0.017256470452897098,0.16400146484375,0.8912901474783818
52152.35117787123,1954,128057344,128057344,2030.1896425686216,2992.678782135703,1948,100,15.540000057220459,12.624119680472162,45.0,0.0,12.139999866485596,11.836401302569639,53.0,0.0,0.003259809367591515,1.8336777885754902,2.2358374769488973,0.014072720961242643,0.13530476888020834,0.8821521922945977
52212.351366328076,1956,128208128,128188416,2513.058773281068,2184.526471850436,1948,100,15.540000057220459,12.624119680472162,45.0,0.0,12.139999866485596,11.836401302569639,53.0,0.0,0.005641835705318954,1.6406556249906619,2.2352628981073694,0.02361918392913746,0.20137532552083331,0.8877657738824686
52272.351407937706,1958,128384256,128319488,2935.4646309400478,2184.531818373989,1953,100,15.670000362396241,11.81952182102808,46.0,0.0,11.769999980926514,11.33565606352528,43.0,0.0,0.003939349262509495,1.7792923773328464,2.235329175988833,0.021137754304921447,0.19759623209635416,0.8726991532991331
52338.36697747372,1961,128516096,128516096,1997.1046364763013,2978.2065258520374,1953,100,15.670000362396241,11.81952182102808,46.0,0.0,11.769999980926514,11.33565606352528,43.0,0.0,0.004689094552304596,1.672795473287503,2.2632724593083062,0.02065193414152115,0.20250956217447919,0.9042276094357173
52398.36835056916,1963,128667392,128647168,2521.542294696312,2184.4833415981584,1957,100,15.699999713897705,11.637439622317306,44.0,0.0,11.270000076293945,10.590425104529086,48.0,0.0,0.0025935915352116963,1.566717523460587,2.2697773575782776,0.020206328696682856,0.1849212646484375,0.9069187597682079
52458.36845595017,1965,128843520,128778240,2935.461510968257,2184.5294965345165,1957,100,15.699999713897705,11.637439622317306,44.0,0.0,11.270000076293945,10.590425104529086,48.0,0.0,0.003139992751433359,1.697735097259283,2.240073141952356,0.01357503074905253,0.14975992838541666,0.9031783894946178
52524.37596561201,1968,128974848,128974848,1989.5918005815327,2978.5701809875577,1962,100,17.129999923706055,11.642727547900527,51.0,0.0,13.230000162124634,12.486676829659759,49.0,0.0,0.001769751955483419,1.5431075803935528,2.270920753479004,0.016944555494167922,0.16203816731770831,0.9122634970893462
52584.37610213086,1970,129126400,129105920,2525.8609195394947,2184.5283628449683,1962,100,17.129999923706055,11.642727547900527,51.0,0.0,13.230000162124634,12.486676829659759,49.0,0.0,0.0022065993446934344,1.603790838892261,2.2576556727290154,0.01612625267989642,0.162811279296875,0.9045475951085488
52644.376131540164,1972,129301248,129236992,2914.1319049568024,2184.532262573767,1967,100,15.989999961853027,12.33490575415643,46.0,0.0,10.679999923706054,11.057920214452215,50.0,0.0,0.004153749735754293,1.8257689488430817,2.270148493349552,0.01705750906209384,0.1699676513671875,0.8878678909192482
52709.91075126082,1975,129433600,129433600,2019.5737850339635,3000.063185504998,1967,100,15.989999961853027,12.33490575415643,46.0,0.0,10.679999923706054,11.057920214452215,50.0,0.0,0.002873889903033463,1.6281542045374713,2.253804231683413,0.018768647762650897,0.17426554361979166,0.9016662258654833
52769.91118500754,1977,129583872,129564672,2504.515227912023,2184.517541211168,1967,100,15.989999961853027,12.33490575415643,46.0,0.0,10.679999923706054,11.057920214452215,50.0,0.0,0.0018490757259617871,1.5371061035742362,2.256968061129252,0.01554696426076892,0.14557393391927081,0.8967943458507458
52829.91121953912,1979,129756416,129695744,2875.7316782741004,2184.532076077655,1972,100,17.310000133514404,12.88851791266812,46.0,0.0,12.430000019073486,10.84182185470027,48.0,0.0,0.002265803537738975,1.8424399532377718,2.2477214137713113,0.014275399521769335,0.1431884765625,0.8929749528566996
52894.64350231178,1982,129892352,129892352,2099.9722885937326,3037.2480558191837,1972,100,17.310000133514404,12.88851791266812,46.0,0.0,12.430000019073486,10.84182185470027,48.0,0.0,0.0012939768300081291,1.579187648370862,2.218924937148889,0.020737039390951395,0.173614501953125,0.9169262765596311
52954.64645810984,1984,130035968,130023424,2393.482089171415,2184.425721311523,1977,100,17.279999828338624,12.61116944799512,50.0,0.0,11.3,11.999583335822111,45.0,0.0,0.0014355191063562718,1.639112730200092,2.2233947416146598,0.01636203045078825,0.16447957356770834,0.9135343867043654
53014.64679572731,1986,130215936,130154496,2999.4497888890905,2184.521041125483,1977,100,17.279999828338624,12.61116944799512,50.0,0.0,11.3,11.999583335822111,45.0,0.0,0.0034097295235066363,1.6806138865649702,2.244108567635218,0.021423824535304448,0.19867451985677084,0.9090718949834505
53080.78742891364,1989,130351104,130351104,2043.6453884439977,2972.5751104639967,1982,100,16.570000171661377,11.431758588384922,46.0,0.0,10.999999904632569,10.164644704439624,51.0,0.0,0.0035551978944567968,2.1660649826129275,2.245179757475853,0.021769407422956043,0.2037353515625,0.8874912392348051
53140.787681547925,1991,130502400,130482176,2521.5893826677416,2184.524135238382,1982,100,16.570000171661377,11.431758588384922,46.0,0.0,10.999999904632569,10.164644704439624,51.0,0.0,0.003296821433953786,1.7095610617349546,2.2581943050026894,0.021118094314563983,0.18919881184895834,0.9096240103244781
53200.78805247694,1993,130667776,130613248,2756.249627117223,2184.5198283034338,1987,100,16.89000005722046,13.302552526586146,45.0,0.0,12.660000133514405,11.24475004266142,46.0,0.0,0.0033140819214168005,1.7998685638109844,2.277822775145372,0.015956385771157024,0.15593465169270831,0.9044863544404507
53267.134297205135,1996,130809856,130809856,2141.4927187224143,2963.3628972591246,1987,100,16.89000005722046,13.302552526586146,45.0,0.0,12.660000133514405,11.24475004266142,46.0,0.0,0.0040644970019153934,1.715963089838624,2.2789748807748156,0.023067700292206915,0.20796203613281253,0.9090883980194728
53327.13430858776,1998,130955520,130940928,2427.7328727671384,2184.532918904701,1992,100,16.55999994277954,13.259200271235843,58.0,0.0,12.210000038146973,11.60370189889936,48.0,0.0,0.0037618589703924954,1.708190517500043,2.3075779279073076,0.020547200530927512,0.19233194986979169,0.8975391381730636
53387.13431561552,2000,131132416,131072000,2948.2663213381907,2184.533077460425,1992,100,16.55999994277954,13.259200271235843,58.0,0.0,12.210000038146973,11.60370189889936,48.0,0.0,0.005177969100865691,1.9922451712191105,2.2897989427049956,0.020829954660560666,0.20561726888020831,0.8776824890325468
53454.457683220506,2003,131268608,131268608,2022.9528742396703,2920.353021458772,1998,100,14.749999856948852,12.210139067102684,41.0,0.0,10.170000052452087,10.191226797915208,47.0,0.0,0.0013022996584671394,1.9779366664588451,2.298419699072838,0.017016979512845865,0.16222635904947916,0.8757860679179431
53514.45827252045,2005,131411968,131399680,2389.3098663303726,2184.511877787769,1998,100,14.749999856948852,12.210139067102684,41.0,0.0,10.170000052452087,10.191226797915208,47.0,0.0,0.0019454543507890776,1.6615823321044445,2.305101417005062,0.018934523017984855,0.18336486816406247,0.8980321002503237
53574.45858714357,2007,131590144,131530752,2969.5844283348274,2184.5218783152754,1998,100,14.749999856948852,12.210139067102684,41.0,0.0,10.170000052452087,10.191226797915208,47.0,0.0,-0.00029545290211293235,1.8340072420736153,2.289620719850063,0.014944991010755379,0.14661153157552081,0.8953297417610884
53641.30272395164,2010,131727360,131727360,2052.7754048794764,2941.290132364623,2002,100,14.450000095367432,11.935974938758894,42.0,0.0,10.970000076293946,10.734482110949395,51.0,0.0,0.0019371342314116191,1.5684700030833483,2.316352660457293,0.019270646933970664,0.18520100911458334,0.9084385807315508
53701.302767734975,2012,131881472,131858432,2568.5314590186977,2184.531739231849,2002,100,14.450000095367432,11.935974938758894,42.0,0.0,10.970000076293946,10.734482110949395,51.0,0.0,0.0010076450101526764,1.669911794985334,2.2900707349181175,0.01685787964197516,0.16523234049479166,0.8932164187232653
53773.74803967029,2015,132055040,132055040,2395.849934209345,2713.88311131678,2007,100,14.010000038146973,12.174970152696405,55.0,0.0,10.909999799728393,9.903630441580443,40.0,0.0,0.0016217791223122429,1.4585446709146102,2.2808375532428427,0.019634851685016958,0.17840067545572916,0.9051319217930237
53833.74804605171,2017,132206080,132186112,2517.333065597245,2184.533100992863,2007,100,14.010000038146973,12.174970152696405,55.0,0.0,10.909999799728393,9.903630441580443,40.0,0.0,0.0041804377154524746,2.0962785159548125,2.2729720075925193,0.01858702731260564,0.16335550944010416,0.8783637750893832
53906.19910302758,2020,132382720,132382720,2438.0596691477826,2713.6664143557928,2012,100,13.460000038146973,11.657118078394415,47.0,0.0,10.75000011920929,10.52081261865869,42.0,0.0,0.0027170164321432817,1.6213361471891403,2.284976549446583,0.016726222339760472,0.16477966308593747,0.8929325422892967
53966.199555721134,2022,132531456,132513792,2478.9146301888586,2184.5168513884605,2012,100,13.460000038146973,11.657118078394415,47.0,0.0,10.75000011920929,10.52081261865869,42.0,0.0,0.0011108635007985868,1.7882784828543663,2.2749262899160385,0.016084336884887307,0.15566507975260416,0.8905329760164022
54026.1997938361,2024,132702976,132644864,2858.655321856328,2184.5246638663284,2017,100,14.289999961853027,11.079074733842344,42.0,0.0,9.059999895095824,9.095955158085395,42.0,0.0,0.001283525831240695,2.0956633674601717,2.283451586961746,0.01785474700773193,0.15230814615885416,0.8717456397910913
54092.75736594759,2027,132841472,132841472,2080.8451331129086,2953.953904308159,2017,100,14.289999961853027,11.079074733842344,42.0,0.0,9.059999895095824,9.095955158085395,42.0,0.0,0.002890778964986869,1.790263938407103,2.2611403688788414,0.020558450790607214,0.18405659993489581,0.8914641980081796
54152.757583716884,2029,132987648,132972544,2436.2578242975205,2184.525404624046,2022,100,14.410000038146972,11.523102784536004,48.0,0.0,10.290000104904175,10.624777708703471,46.0,0.0,0.0015697290897757434,1.7149571205178895,2.2588018501798315,0.01750818798367012,0.17277018229166666,0.8869299658884604
54212.757769851014,2031,133162496,133103616,2914.1242930335115,2184.526556417508,2022,100,14.410000038146972,11.523102784536004,48.0,0.0,10.290000104904175,10.624777708703471,46.0,0.0,0.0005454515388313059,1.54109910565118,2.279463524619738,0.01963145130624374,0.18320719401041669,0.898139853651325
54279.92131101899,2034,133300224,133300224,2050.636366172913,2927.3024706706265,2027,100,12.919999980926514,11.439126102657058,42.0,0.0,11.00999994277954,11.284054974494287,48.0,0.0,0.0008676359623981019,1.6906480273852744,2.2603676269451776,0.010930931649757744,0.12663777669270834,0.8799972776323557
54339.921557230875,2036,133449216,133431296,2483.189810152542,2184.524369068903,2027,100,12.919999980926514,11.439126102657058,42.0,0.0,11.00999994277954,11.284054974494287,48.0,0.0,-1.076300395652647e-05,1.851560600101948,2.2229863007863364,0.009511299286411182,0.10172017415364583,0.8694055496404568
54399.92206911929,2038,133618432,133562368,2820.242605841394,2184.514696203924,2032,100,15.74000005722046,12.563136729234131,46.0,0.0,11.319999980926514,10.163542703648098,38.0,0.0,0.001474916471731073,1.6244755573570728,2.228070529798667,0.013460216662375993,0.1356964111328125,0.896425312384963
54466.070045262575,2041,133758976,133758976,2124.6908551754073,2972.245130737182,2032,100,15.74000005722046,12.563136729234131,46.0,0.0,11.319999980926514,10.163542703648098,38.0,0.0,0.004880975830019452,1.8808330645163855,2.2220323781172433,0.021651284979573877,0.20281473795572916,0.8844864486406246
54526.070071479306,2043,133909504,133890048,2508.7989037915886,2184.5323788117234,2037,100,16.40999984741211,12.753897530095628,42.0,0.0,13.599999809265137,10.840664205204373,43.0,0.0,0.005367905418097507,1.8371337484568357,2.2089262331525483,0.025158715142727793,0.20088704427083334,0.8955752253532411
54586.070118010044,2045,134083840,134021120,2905.5977466731856,2184.53163920216,2037,100,16.40999984741211,12.753897530095628,42.0,0.0,13.599999809265137,10.840664205204373,43.0,0.0,0.0065373590744760195,1.9520810060203078,2.216367654502392,0.02010599602605604,0.19443257649739584,0.8979413962612549
54652.568858334795,2048,134217728,134217728,2013.391522097261,2956.567282926762,2037,100,16.40999984741211,12.753897530095628,42.0,0.0,13.599999809265137,10.840664205204373,43.0,0.0,0.003946426183877824,1.870839400216937,2.2393170470992727,0.01989597200129841,0.17423502604166666,0.8937516777465742
54712.5690818876,2050,134367744,134348800,2500.2573510074676,2184.525194054306,2043,100,14.909999990463257,13.120285710911334,46.0,0.0,11.75999994277954,11.048185310146842,41.0,0.0,0.0053230412292274805,1.7030305434018373,2.2232243294517198,0.019597541683954965,0.186553955078125,0.8979498054832219
54772.56919559091,2052,134543616,134479872,2931.194445224798,2184.5291935299806,2048,100,13.90999994277954,12.034197159971155,48.0,0.0,10.580000042915344,11.46488531276676,47.0,0.0,0.0019104951934423298,1.750904995948076,2.2329166581233344,0.015080535767386515,0.144287109375,0.878201600164175
54838.25686364621,2055,134676480,134676480,2022.662760507116,2993.073217860241,2048,100,13.90999994277954,12.034197159971155,48.0,0.0,10.580000042915344,11.46488531276676,47.0,0.0,0.0034901601999687655,1.6280738928665717,2.2319387967387834,0.020611262695941455,0.18159993489583331,0.8770866592725117
54898.259654263034,2057,134830336,134807552,2564.147407451707,2184.4317348007885,2048,100,13.90999994277954,12.034197159971155,48.0,0.0,10.580000042915344,11.46488531276676,47.0,0.0,0.005458200891249969,1.7579382807016373,2.222804074486097,0.023756781472305494,0.2030029296875,0.8708829761793216
54970.234127359465,2060,135004160,135004160,2415.0784649317716,2731.6351414839482,2052,100,15.66999979019165,12.212333964736859,44.0,0.0,10.850000047683716,10.92920393717727,47.0,0.0,0.003308111662287653,1.6908362787216902,2.217218481004238,0.018226797356570994,0.16846720377604166,0.8796413571884234
55030.25741058774,2062,135156480,135135232,2537.6819095467113,2183.6859456939765,2052,100,15.66999979019165,12.212333964736859,44.0,0.0,10.850000047683716,10.92920393717727,47.0,0.0,0.003445335617774011,1.8118041791021824,2.237797734638055,0.022414685707190074,0.1974334716796875,0.8767336706320445
55102.04850630276,2065,135331840,135331840,2442.642757482262,2738.612609848726,2057,100,15.069999980926514,11.710042497856241,40.0,0.0,10.699999856948853,10.642838060520228,42.0,0.0,0.0030257188142665354,1.70305399907132,2.246398257712523,0.025953674610112408,0.208831787109375,0.8782437952856222
55162.04879122414,2067,135485440,135462912,2559.987843412271,2184.5229597118046,2057,100,15.069999980926514,11.710042497856241,40.0,0.0,10.699999856948853,10.642838060520228,42.0,0.0,0.0031615356880744607,1.5523768247415621,2.232826520999273,0.023898469258104644,0.20660400390624997,0.8895032734920582
55234.39847917482,2070,135659520,135659520,2406.091925630072,2717.4685277704343,2062,100,14.49000005722046,11.841870621450589,47.0,0.0,11.580000162124634,11.277570983431024,44.0,0.0,0.0012186734384158628,1.6024608506510656,2.2539442280928292,0.01791469638495376,0.15964762369791669,0.8854866636296114
55294.398718947545,2072,135808768,135790592,2487.4567262621595,2184.524603509821,2067,100,15.109999942779542,11.462892316220072,43.0,0.0,11.04000015258789,9.726170957734848,43.0,0.0,0.002897651718133905,1.765770166491469,2.2320401817560196,0.01948346972130821,0.17923990885416669,0.8857457085202137
55354.3990292903,2074,135985920,135921664,2952.5180617899837,2184.522034156751,2067,100,15.109999942779542,11.462892316220072,43.0,0.0,11.04000015258789,9.726170957734848,43.0,0.0,0.002319168003547626,1.6703762759764988,2.2393612439433737,0.02018882310585468,0.1776275634765625,0.8762166928499937
55418.85557704605,2077,136118272,136118272,2053.3522909345897,3050.2409273457733,2067,100,15.109999942779542,11.462892316220072,43.0,0.0,11.04000015258789,9.726170957734848,43.0,0.0,0.0038251253984829727,1.6922524043669305,2.2465513572096825,0.01934160254859307,0.17913818359375,0.8906422903140385
55478.85597835481,2079,136270848,136249344,2542.9163250900447,2184.5187222250047,2072,100,15.859999752044677,11.879410628305132,45.0,0.0,12.959999942779541,12.473107247387302,47.0,0.0,0.0033170201932080094,1.6939607380578914,2.213782464464505,0.01867320990883551,0.16992696126302084,0.8900123760104179
55549.900087129325,2082,136445952,136445952,2464.7223115397624,2767.407507693768,2072,100,15.859999752044677,11.879410628305132,45.0,0.0,12.959999942779541,12.473107247387302,47.0,0.0,0.0032649348601504853,1.684619487573703,2.2360947703321776,0.020155642679431672,0.18721516927083334,0.8997507952153682
55609.90041429922,2084,136595200,136577024,2487.4531030038174,2184.5214215059254,2077,100,15.689999961853028,12.054621701863487,48.0,0.0,10.940000009536742,11.22837467339993,45.0,0.0,0.0034455125690631885,1.5602229628711939,2.228413147230943,0.02169927293228587,0.19112650553385419,0.8972036559134722
55669.900838723406,2086,136769792,136708096,2909.846083182396,2184.517880629599,2077,100,15.689999961853028,12.054621701863487,48.0,0.0,10.940000009536742,11.22837467339993,45.0,0.0,0.001905758304928895,1.632370637729764,2.2401342764496803,0.018297978383998267,0.160400390625,0.8880425728857517
55735.31802699901,2089,136904704,136904704,2062.332600288626,3005.4486470999336,2082,100,18.32999982833862,13.123304005731535,46.0,0.0,12.189999961853028,11.411130601423462,42.0,0.0,0.002410363997720803,1.8996674430867038,2.227111088732878,0.016557941258724895,0.15099080403645831,0.893344784155488
55795.31835253164,2091,137054464,137035776,2495.9864579160617,2184.5214811162796,2082,100,18.32999982833862,13.123304005731535,46.0,0.0,12.189999961853028,11.411130601423462,42.0,0.0,6.230434034174931e-05,1.8124906209607918,2.2375559583306313,0.011745645798024876,0.12186686197916667,0.8920435663312674
55855.31856960803,2093,137229312,137166848,2914.1227902123637,2184.525429851728,2087,100,15.160000038146972,11.934588340520135,45.0,0.0,12.219999742507934,11.2335032434344,52.0,0.0,0.0047679166406548274,1.8039054640879235,2.23608655979236,0.01872609516127947,0.17946879069010416,0.8971476852893829
55921.70564378984,2096,137363456,137363456,2020.6343125263877,2961.540366450889,2087,100,15.160000038146972,11.934588340520135,45.0,0.0,12.219999742507934,11.2335032434344,52.0,0.0,0.0032432197428230816,1.8084210585802794,2.245142442484697,0.020527924766914417,0.18971252441406247,0.9029723138858875
55981.708116279915,2098,137508352,137494528,2414.8338224557974,2184.4433164264456,2093,100,15.930000019073486,12.096491271114196,47.0,0.0,12.440000009536742,11.643298207767215,47.0,0.0,0.0022949165067984723,1.6649410519748926,2.2481438169876733,0.018668444180851416,0.16756184895833331,0.9036043174564838
56041.70863639563,2100,137684736,137625600,2939.7078501956676,2184.5143966620926,2093,100,15.930000019073486,12.096491271114196,47.0,0.0,12.440000009536742,11.643298207767215,47.0,0.0,0.004932576116213265,1.6640878884742658,2.2532476459940276,0.025274143113468504,0.21754964192708334,0.9048812165856361
56107.97509901598,2103,137822208,137822208,2074.533550818932,2966.93066485836,2093,100,15.930000019073486,12.096491271114196,47.0,0.0,12.440000009536742,11.643298207767215,47.0,0.0,0.006363453845551703,1.7101600629587967,2.248549458881219,0.024113207477663916,0.21056111653645834,0.9090218966205915
56167.975705459714,2105,137966592,137953280,2406.3756778091833,2184.5112536140105,2098,100,16.029999828338624,12.41406868989133,45.0,0.0,12.159999990463257,10.981548156301471,47.0,0.0,0.00454492920107441,1.8335050232708454,2.241191290318966,0.026053192441395367,0.221038818359375,0.9038224052637815
56227.97632203624,2107,138144768,138084352,2969.569483886234,2184.510884697919,2098,100,16.029999828338624,12.41406868989133,45.0,0.0,12.159999990463257,10.981548156301471,47.0,0.0,0.0031937077813684782,1.6345893585433562,2.2601344908277192,0.021499744824420002,0.19903055826822916,0.9054077335943778
56294.703887103125,2110,138280960,138280960,2041.0155812441028,2946.4285082621636,2103,100,15.100000095367431,12.169223686016231,40.0,0.0,13.739999961853027,11.829302689507713,45.0,0.0,0.0035907360506826076,2.0647283184031644,2.2686303307612734,0.02038298525076243,0.18850199381510416,0.8876082499821981
56354.704153161496,2112,138432000,138412032,2517.3221707560883,2184.5236464866393,2103,100,15.100000095367431,12.169223686016231,40.0,0.0,13.739999961853027,11.829302689507713,45.0,0.0,0.002659543708432466,1.6825902344038088,2.269152320921421,0.021427286813074414,0.186126708984375,0.9008579204479853
56414.704579299316,2114,138599680,138543104,2794.646818254959,2184.5178182389905,2108,100,15.250000095367431,12.302337292198699,42.0,0.0,11.42999997138977,11.464078627882154,46.0,0.0,0.0032291357128997333,1.8872036822140217,2.2882894774278006,0.01744542310370889,0.17195638020833331,0.8837365421156089
56481.81079869717,2117,138739712,138739712,2086.721637077803,2929.802956628432,2108,100,15.250000095367431,12.302337292198699,42.0,0.0,11.42999997138977,11.464078627882154,46.0,0.0,0.0029666770205949433,1.9420523302008708,2.2859252964456878,0.022821401037920925,0.19971211751302084,0.8736117941637833
56541.81106833927,2119,138885888,138870784,2436.2557180482113,2184.5235160082034,2113,100,15.560000133514404,13.019462331131033,47.0,0.0,10.860000085830688,10.790755377390628,41.0,0.0,0.003363358754237803,1.830189257239302,2.2814957027633986,0.023488911296832764,0.19740295410156247,0.8816232495009899
56601.8117183242,2121,139064832,139001856,2982.3676917659436,2184.5096683607485,2113,100,15.560000133514404,13.019462331131033,47.0,0.0,10.860000085830688,10.790755377390628,41.0,0.0,0.0024480224965373054,1.705522295087576,2.2991075639923415,0.013682401391027572,0.13959248860677084,0.8835430275648832
56667.87934925221,2124,139198464,139198464,2022.6546362107551,2975.859694654904,2117,100,14.399999904632569,11.288932561522795,38.0,0.0,14.299999904632568,11.794490210523058,54.0,0.0,0.0043896966478011255,1.6332194575419028,2.308372671405474,0.019001110852817266,0.1666259765625,0.8715045197556417
56727.879466952756,2126,139351040,139329536,2542.928344932381,2184.5290479956025,2117,100,14.399999904632569,11.288932561522795,38.0,0.0,14.299999904632568,11.794490210523058,54.0,0.0,0.00019917299262791252,1.6873649265617132,2.305131790538629,0.012318089042310021,0.12963358561197916,0.8854669158657392
56787.87961104326,2128,139523072,139460608,2867.1931144116775,2184.528087170802,2122,100,16.63999996185303,12.43424286647344,45.0,0.0,11.84000005722046,10.260331250317785,44.0,0.0,0.0006072964533814229,1.6013583807895582,2.267603375017643,0.013985771160150762,0.14102681477864584,0.8810230325907469
56854.572142547,2131,139657216,139657216,2011.3796398999118,2947.976266112848,2122,100,16.63999996185303,12.43424286647344,45.0,0.0,11.84000005722046,10.260331250317785,44.0,0.0,0.00218999145484607,1.5907614591221013,2.2739471370975175,0.02327697455560459,0.20387776692708334,0.8993382385621468
56914.57218685746,2133,139807744,139788288,2508.798147233106,2184.531720039711,2128,100,16.190000200271605,12.62908950528632,47.0,0.0,11.850000047683716,10.190559664207115,43.0,0.0,0.0034682097320910543,1.656657327587406,2.2711503679553666,0.021998047336940846,0.20221455891927081,0.8844276598344247
56974.57238415256,2135,139984384,139919360,2943.99031941895,2184.526150061598,2128,100,16.190000200271605,12.62908950528632,47.0,0.0,11.850000047683716,10.190559664207115,43.0,0.0,0.0020344630247564055,1.6478591648240886,2.2768276060620947,0.01778705345168419,0.17861429850260419,0.8877430943151315
57040.935223387554,2138,140115968,140115968,1982.796419153451,2962.621886984145,2132,100,14.399999904632569,11.179445389641074,42.0,0.0,12.549999952316284,12.619330252617049,50.0,0.0,0.0023155653495147512,1.4174809753894806,2.2947006126244864,0.019527912187792634,0.17783101399739584,0.9023825079202652
57100.93558494374,2140,140263936,140247040,2466.1184726601277,2184.520169553608,2132,100,14.399999904632569,11.179445389641074,42.0,0.0,12.549999952316284,12.619330252617049,50.0,0.0,6.022037026317181e-05,1.8426633489628632,2.279646947979927,0.013247569049174976,0.13650004069010419,0.8809038096417984
57160.938821189106,2142,140440064,140378112,2935.308343699682,2184.4155115904614,2137,100,16.4,12.257242536436836,40.0,0.0,11.610000085830688,11.266671852759979,46.0,0.0,0.0027729870465312465,1.6082067235062518,2.278349901239077,0.01701598439164324,0.155303955078125,0.897651502241691
57227.70711473189,2145,140574720,140574720,2016.765636127989,2944.6311949549345,2137,100,16.4,12.257242536436836,40.0,0.0,11.610000085830688,11.266671852759979,46.0,0.0,0.004486418118176516,1.8364021616677444,2.257077371080716,0.023202887619845573,0.21006266276041666,0.89080315331618
57287.70720134489,2147,140719872,140705792,2419.1965077689038,2184.5301798548126,2141,100,15.9,12.319496690431794,43.0,0.0,12.190000009536742,12.23821450757474,42.0,0.0,0.003262135988431207,1.6661826993028324,2.273236759006977,0.020228449551116984,0.19775899251302084,0.9027057960629463
57347.71010403149,2149,140890880,140836864,2849.99545593986,2184.4276548521084,2141,100,15.9,12.319496690431794,43.0,0.0,12.190000009536742,12.23821450757474,42.0,0.0,0.0010462041779343658,1.5834464362512033,2.2630379175146422,0.016877317984229496,0.16075642903645831,0.9082018788903952
57415.30636286363,2152,141033472,141033472,2109.4658560038247,2908.5633346695463,2146,100,15.249999904632569,13.0432933054879,50.0,0.0,13.120000076293945,11.616609007325419,46.0,0.0,0.0012967475631739944,1.7384314239025116,2.2517361640930176,0.017714111629781353,0.157867431640625,0.8984610500435034
57475.30667420849,2154,141181696,141164544,2470.387180960735,2184.521997671669,2146,100,15.249999904632569,13.0432933054879,50.0,0.0,13.120000076293945,11.616609007325419,46.0,0.0,0.003259658663106772,1.6345472758014998,2.270735114812851,0.01973599972128189,0.18465169270833334,0.906436026096344
57535.306917151436,2156,141358592,141295616,2948.2547290385996,2184.5244880864875,2151,100,16.870000171661378,12.233278513961498,40.0,0.0,12.59000005722046,11.86262619538946,42.0,0.0,0.002951683464440672,1.574897795294722,2.2917631467183432,0.019211377744189424,0.1942138671875,0.9083315177510183
57601.6868572291,2159,141492224,141492224,2013.1383041872998,2961.858654436487,2151,100,16.870000171661378,12.233278513961498,40.0,0.0,12.59000005722046,11.86262619538946,42.0,0.0,0.005361692322670327,1.6775229244182508,2.2753974472483,0.02158778685225116,0.1999053955078125,0.893481319770217
57661.68732298538,2161,141637120,141623296,2414.9145873059992,2184.5163757962396,2155,100,16.10000009536743,13.064838397163326,54.0,0.0,10.590000009536743,10.841674147045179,41.0,0.0,0.0027717452855237448,2.0859758965671062,2.2600121224919953,0.019808480437253213,0.18824259440104169,0.8823156853516897
57721.687869941816,2163,141811456,141754368,2905.5735129645027,2184.513419438804,2155,100,16.10000009536743,13.064838397163326,54.0,0.0,10.590000009536743,10.841674147045179,41.0,0.0,0.0037856458002352156,1.826389040177067,2.258346125483513,0.02095649953359195,0.1985626220703125,0.8980635087937116
57788.81573093124,2166,141950976,141950976,2078.4216559795696,2928.858406958366,2160,100,14.100000095367431,12.038687691722401,44.0,0.0,11.729999923706055,11.475064175455906,46.0,0.0,0.0032709695199931352,1.811605361600717,2.2626490319768586,0.018303803431990673,0.18054707845052084,0.8960844489435354
57848.81602926366,2168,142092800,142082048,2363.721580420228,2184.522471435301,2164,100,14.679999923706054,13.220347648925221,48.0,0.0,10.289999961853027,11.158221279426325,48.0,0.0,0.003647261905522707,1.5891935819139082,2.2546495149532952,0.023277137441861363,0.21248881022135416,0.9141466394066811
57908.81631751172,2170,142264832,142213120,2867.1862256521113,2184.522838592085,2164,100,14.679999923706054,13.220347648925221,48.0,0.0,10.289999961853027,11.158221279426325,48.0,0.0,0.006797047676324533,1.856577020138502,2.254711141188939,0.0210506238660552,0.21744283040364584,0.8972121973832448
57976.86096164584,2173,142409728,142409728,2129.4254947443515,2889.3971377449857,2168,100,15.580000019073486,13.60160268210659,45.0,0.0,12.110000133514404,11.826998876586808,44.0,0.0,0.0015493866618877896,1.9201545976102352,2.2365779131650925,0.02010044108768246,0.17477925618489584,0.8979130381097395
58036.861458174884,2175,142552320,142540800,2376.5136665324026,2184.5152554121905,2168,100,15.580000019073486,13.60160268210659,45.0,0.0,12.110000133514404,11.826998876586808,44.0,0.0,0.0018870130867677895,1.7292229061325388,2.2583616028229394,0.019208472440974827,0.17483011881510416,0.9063724180062612
58096.86662566848,2177,142728192,142671872,2930.9475724531194,2184.3452068355127,2172,100,13.620000171661378,12.379644585464883,49.0,0.0,12.830000162124634,12.852280204003776,50.0,0.0,0.0032689023573766463,1.5943081248551607,2.253990436593692,0.02047379843861563,0.19012451171875,0.9095878067115942
58164.71260007098,2180,142868480,142868480,2067.7424303427224,2897.858004567903,2172,100,13.620000171661378,12.379644585464883,49.0,0.0,12.830000162124634,12.852280204003776,50.0,0.0,0.001013254741944062,1.8508511756857235,2.2663881008823714,0.018454577055914946,0.16839599609375,0.8898446727544069
58224.712744371966,2182,143017728,142999552,2487.460684282995,2184.5280795075355,2177,100,15.360000038146973,12.610725716225074,46.0,0.0,13.170000219345093,12.923664475657823,51.0,0.0,0.0029540243485826068,1.9696318556865053,2.260165721178055,0.023033602637345513,0.21106465657552081,0.885199765364329
58284.71285802312,2184,143186432,143130624,2811.7280073976735,2184.529195428845,2177,100,15.360000038146973,12.610725716225074,46.0,0.0,13.170000219345093,12.923664475657823,51.0,0.0,0.001992593713415166,1.6426449312518039,2.269007469216983,0.019656719527120003,0.17750040690104166,0.9062794577330351
58352.400689415634,2187,143327232,143327232,2080.137553580667,2904.6284384544583,2181,100,14.420000076293945,11.894687752202017,43.0,0.0,12.40999984741211,11.94495282455512,43.0,0.0,0.004147177319585656,1.5847179777920246,2.269184378286203,0.021488353462700616,0.19506327311197919,0.8994602647920449
58412.400822674856,2189,143466240,143458304,2316.794854428673,2184.528481523905,2181,100,14.420000076293945,11.894687752202017,43.0,0.0,12.40999984741211,11.94495282455512,43.0,0.0,0.0025423069819225934,1.8371305714050927,2.2769003783663115,0.02090537030683966,0.18960062662760416,0.899033625299732
58472.40132146329,2191,143639552,143589376,2888.5093207494524,2184.5151731517276,2186,100,16.160000038146972,13.523106038293793,51.0,0.0,11.910000133514405,11.325277100448321,45.0,0.0,0.004462367047381122,1.7366632850219805,2.2763116409381228,0.021772905045509106,0.19239298502604166,0.889173121502002
58538.89855093509,2194,143785984,143785984,2202.0767054978223,2956.6344577313416,2186,100,16.160000038146972,13.523106038293793,51.0,0.0,11.910000133514405,11.325277100448321,45.0,0.0,0.003979509356819714,1.7367664209256568,2.265605789919694,0.016103557696017862,0.17116292317708331,0.8982913109163443
58598.89856834337,2196,143937536,143917056,2525.8659338169105,2184.532699517328,2190,100,14.219999885559082,11.999650009132708,48.0,0.0,12.359999895095825,12.340599742590044,54.0,0.0,0.003365699536516331,1.9385157488286495,2.271401599049568,0.019095169721670874,0.18056233723958334,0.8797717628379662
58671.88533343561,2199,144113664,144113664,2413.1498330884237,2693.748650889403,2190,100,14.219999885559082,11.999650009132708,48.0,0.0,12.359999895095825,12.340599742590044,54.0,0.0,0.002878443856995242,1.6051980598519247,2.271822988986969,0.018338658711096894,0.16647847493489584,0.9036639525244634
58731.885806327686,2201,144260608,144244736,2449.047364415136,2184.516115993989,2195,100,14.709999942779541,12.611340138607911,49.0,0.0,10.799999904632568,11.178550738171335,48.0,0.0,0.0004922151226007069,1.6624178389708202,2.2386696885029473,0.01350280924028387,0.14431254069010416,0.8965951831390461
58791.88621151447,2203,144438016,144375808,2956.7800325299672,2184.518581032241,2195,100,14.709999942779541,12.611340138607911,49.0,0.0,10.799999904632568,11.178550738171335,48.0,0.0,0.0011903726966314327,1.732261755193273,2.2509738976756735,0.013375894430888971,0.12388102213541666,0.8813488675902288
58858.52062676847,2206,144572416,144572416,2016.9757547611773,2950.5473898220653,2199,100,16.670000076293945,12.864723091934405,44.0,0.0,12.990000200271606,12.276396219304406,52.0,0.0,0.0035958098257348565,1.6592284453411899,2.2721549049019814,0.01744370403503126,0.16616312662760419,0.891196426625053
58918.52079094015,2208,144717312,144703488,2414.926725623674,2184.5273560412033,2199,100,16.670000076293945,12.864723091934405,44.0,0.0,12.990000200271606,12.276396219304406,52.0,0.0,0.0029594702658262877,1.8144638563195863,2.267637607951959,0.015621888155389264,0.14605712890625,0.8846179774651924
58978.52087519504,2210,144890624,144834560,2888.529277121359,2184.530265710688,2204,100,16.55,12.871188554155244,50.0,0.0,11.639999914169312,10.372579169747961,37.0,0.0,0.00445659676915966,1.783905889838934,2.2427138313651085,0.015306919338399894,0.15447998046875,0.8847690075635911
59046.025012966245,2213,145031168,145031168,2082.005705729541,2912.532571949522,2204,100,16.55,12.871188554155244,50.0,0.0,11.639999914169312,10.372579169747961,37.0,0.0,0.004355105847935192,1.5679955737044413,2.2523040796319647,0.022120554483990418,0.20450846354166666,0.9083002681533495
59106.025318084285,2215,145176064,145162240,2414.921052733724,2184.5222243810367,2209,100,17.10000009536743,13.40261176526675,48.0,0.0,12.979999828338624,11.591358848802967,51.0,0.0,0.003934832794281343,1.6359458311150472,2.2387479742368064,0.017841919285880675,0.18039957682291666,0.9020733758807182
59166.025407155976,2217,145350912,145293312,2914.1290072266906,2184.5300903368457,2209,100,17.10000009536743,13.40261176526675,48.0,0.0,12.979999828338624,11.591358848802967,51.0,0.0,0.002441924322435322,1.9221223276108506,2.269754109283288,0.017074198185582645,0.17083231608072916,0.8927328983942668
59231.52111719176,2220,145489920,145489920,2122.398549829413,3001.845462742153,2213,100,15.580000162124634,12.795452303514935,46.0,0.0,13.410000038146972,12.226278999122247,51.0,0.0,0.0028864610333888168,1.7193457341442504,2.2607048104206724,0.02057301564066923,0.19196573893229166,0.9063474753250678
59291.52184440568,2222,145641472,145620992,2525.8360529477463,2184.506856603456,2213,100,15.580000162124634,12.795452303514935,46.0,0.0,13.410000038146972,12.226278999122247,51.0,0.0,0.005564614478013634,2.0935548823326826,2.256874504188697,0.0241054579091724,0.21573384602864584,0.8854035809636116
59351.52212772332,2224,145815040,145752064,2892.7863403766632,2184.523018101551,2219,100,16.330000019073488,11.636197955670209,46.0,0.0,13.919999980926514,12.159506492297798,53.0,0.0,0.005834987486499207,1.6940799045066037,2.254441849887371,0.021881705878816625,0.20535278320312497,0.9017427961031597
59417.37605431117,2227,145948672,145948672,2029.218406919646,2985.51673661741,2219,100,16.330000019073488,11.636197955670209,46.0,0.0,13.919999980926514,12.159506492297798,53.0,0.0,0.004850360885029659,1.8426113159706194,2.2836743344863257,0.024182260324475163,0.22111002604166669,0.8879144135862589
59477.376311555505,2229,146093312,146079744,2410.656331205308,2184.5239673931287,2224,100,13.890000152587891,11.510773075893256,38.0,0.0,11.660000085830688,11.474510620073927,50.0,0.0,0.0030243998432221515,1.9249394573271275,2.278503658870856,0.015408954450322197,0.160369873046875,0.8716810128341118
59537.37681058608,2231,146269952,146210816,2943.975514436763,2184.515164335685,2224,100,13.890000152587891,11.510773075893256,38.0,0.0,11.660000085830688,11.474510620073927,50.0,0.0,0.001577278761639415,1.5829322207719088,2.263975011805693,0.015842364484342397,0.16754659016927084,0.9060188836107651
59603.982302155346,2234,146407424,146407424,2063.9739571178957,2951.828676101571,2228,100,14.569999885559081,12.118790941070667,46.0,0.0,13.090000009536743,11.844065873454156,52.0,0.0,0.0029734294075751677,1.5772922610243163,2.283362669249376,0.021556676620093636,0.20168558756510416,0.908968411386013
59663.98269402422,2236,146556672,146538496,2487.450420760057,2184.5190659162076,2228,100,14.569999885559081,12.118790941070667,46.0,0.0,13.090000009536743,11.844065873454156,52.0,0.0,0.003016303696009951,1.7499727321167788,2.2600940465927124,0.01895352677699217,0.18581136067708331,0.8995618099967638
59723.9827651903,2238,146731264,146669568,2909.863215273871,2184.53074225839,2233,100,17.00999984741211,13.11449203344392,47.0,0.0,11.919999837875366,10.990614166397433,44.0,0.0,0.003466069128383727,1.6179576745877662,2.2798325022061667,0.023697714904604556,0.21174621582031247,0.9010703085611265
59790.77226643078,2241,146866176,146866176,2019.9581894502637,2943.696185005318,2233,100,17.00999984741211,13.11449203344392,47.0,0.0,11.919999837875366,10.990614166397433,44.0,0.0,0.002994361959281378,1.8107841468105714,2.265221782028675,0.016081365073356814,0.15590413411458331,0.9033301398158073
59850.772339984775,2243,147013120,146997248,2449.063664359753,2184.5306553174105,2237,100,15.09000005722046,12.099665323200227,46.0,1.0,11.689999914169311,11.064985409734412,43.0,0.0,0.0012647604429124233,1.9284151873240867,2.2587631096442538,0.015860902828838636,0.15449015299479169,0.8843603922675053
59910.77486744709,2245,147188224,147128320,2918.2770694112,2184.4413151148165,2237,100,15.09000005722046,12.099665323200227,46.0,1.0,11.689999914169311,11.064985409734412,43.0,0.0,0.0035133176303740283,1.6543974603215854,2.2579334353407225,0.02422878344380782,0.204254150390625,0.9069792398562033
59977.541466707364,2248,147324928,147324928,2047.4908339587334,2944.705918502448,2242,100,14.580000114440917,12.880357136332679,46.0,0.0,11.989999914169312,11.25388392052883,47.0,0.0,0.0016086514175791915,1.6172226537019014,2.2682367488741875,0.02048878574714763,0.1900787353515625,0.9043701911966006
60037.54158507474,2250,147474176,147456000,2487.4617594280626,2184.5290237172694,2242,100,14.580000114440917,12.880357136332679,46.0,0.0,11.989999914169312,11.25388392052883,47.0,0.0,0.0006157690271114309,1.883060066650311,2.257755321760972,0.016014051570285424,0.1590118408203125,0.8936048268030087
60097.54223043658,2252,147648256,147587072,2901.3021268386487,2184.509836678512,2247,100,16.130000114440918,11.922797393351644,41.0,0.0,12.32000012397766,11.248004405929418,51.0,0.0,0.0026937827497022226,1.9871468208730219,2.2679159715771675,0.019652029647356056,0.18056742350260419,0.8781643398106098
60164.19644129649,2255,147783680,147783680,2031.739604338383,2949.67110799977,2247,100,16.130000114440918,11.922797393351644,41.0,0.0,12.32000012397766,11.248004405929418,51.0,0.0,0.005159581671856965,1.7891524912168582,2.264878382285436,0.021533906062056,0.20124308268229166,0.902830196544528
60224.196505684406,2257,147931648,147914752,2466.130686849679,2184.5309890433145,2251,100,15.680000114440919,12.156380984210273,44.0,0.0,13.330000019073486,12.087228859789859,49.0,0.0,0.005205547182413284,1.7569580481698115,2.2661071494221687,0.025021835164200944,0.2087554931640625,0.9003749409069617
60284.19660438411,2259,148108288,148045824,2943.9951571424995,2184.529739792695,2251,100,15.680000114440919,12.156380984210273,44.0,0.0,13.330000019073486,12.087228859789859,49.0,0.0,0.004432509835169185,2.015930907179912,2.2710277487834296,0.022227981811132242,0.20633443196614584,0.8829274761180083
60350.065398791805,2262,148242432,148242432,2036.5334025959914,2984.842849606339,2256,100,16.030000114440917,12.881346920664248,49.0,0.0,12.890000200271606,10.92693461014446,48.0,0.0,0.0028630009498253157,1.7715528607368471,2.2678087825576463,0.017562107590492815,0.17379760742187497,0.8965689248094957
60410.06715013832,2264,148389120,148373504,2444.72864055031,2184.4695706138896,2256,100,16.030000114440917,12.881346920664248,49.0,0.0,12.890000200271606,10.92693461014446,48.0,0.0,0.0036280753289853846,1.6623633671551943,2.2764649987220764,0.020602547298040008,0.186370849609375,0.8957030121237041
60470.06776324846,2266,148563968,148504576,2914.103555559353,2184.5110109024727,2260,100,15.45,12.429300022029562,49.0,0.0,11.829999923706055,11.54734157709912,43.0,0.0,0.004011844345465457,1.901922132819891,2.266839434703191,0.020372859745596848,0.18680318196614581,0.8804176157961289
60536.05238363519,2269,148701184,148701184,2079.5148808279814,2979.603411335615,2260,100,15.45,12.429300022029562,49.0,0.0,11.829999923706055,11.54734157709912,43.0,0.0,0.003016708103435424,1.710139175876975,2.260085585216681,0.020332647238319623,0.177215576171875,0.8960455122093359
60596.05243897997,2271,148848640,148832256,2457.597733080094,2184.531318293417,2265,100,18.250000095367433,12.831504125669142,47.0,0.0,11.829999971389771,11.944919431616311,50.0,0.0,0.001961949548179594,1.7704117881755035,2.2489812150597572,0.020425888741859428,0.179046630859375,0.892068821315964
60656.05258556828,2273,149026048,148963328,2956.7927761457026,2184.5279962288596,2265,100,18.250000095367433,12.831504125669142,47.0,0.0,11.829999971389771,11.944919431616311,50.0,0.0,0.003373636999943604,1.8051103707402945,2.244374039272467,0.01651111335377209,0.15198771158854166,0.8860899309317272
60721.175984315574,2276,149159936,149159936,2055.9123537077517,3019.007050951345,2270,100,14.629999876022339,11.792077723672753,43.0,0.0,12.589999866485595,12.159025252740141,51.0,0.0,0.00354162760777399,1.638976894939939,2.2406874373555183,0.018346588058193447,0.17891947428385416,0.9009215688953797
60781.17647863552,2278,149308160,149291008,2470.379647367786,2184.5153358416346,2270,100,14.629999876022339,11.792077723672753,43.0,0.0,12.589999866485595,12.159025252740141,51.0,0.0,0.0034711915141087957,1.9227156812946,2.243276263276736,0.019189162993522284,0.178985595703125,0.890188759813706
60841.17677775957,2280,149482240,149422080,2901.318869095963,2184.522442613431,2274,100,15.8,12.839781816712247,43.0,0.0,13.860000038146973,12.530777973566252,51.0,0.0,0.0035572871929616667,2.005938916777571,2.2379254524906473,0.020693674613236606,0.18100992838541669,0.885238254442811
60906.48981186561,2283,149618688,149618688,2089.1388965096194,3010.2414118562624,2274,100,15.8,12.839781816712247,43.0,0.0,13.860000038146973,12.530777973566252,51.0,0.0,0.002840942698336827,1.8597914967685938,2.2334293151895204,0.017585264363636575,0.1603240966796875,0.8748109346876541
60966.48988145217,2285,149769728,149749760,2517.33041379393,2184.5307997669356,2279,100,15.660000038146972,12.800171732547676,41.0,0.0,11.660000085830688,11.36417174431976,42.0,0.0,0.004768338549183682,1.8090795235087473,2.247395552694798,0.021482175616862755,0.19256083170572919,0.8801088351756334
61026.49034640752,2287,149945344,149880832,2926.9106519541438,2184.5164049570285,2279,100,15.660000038146972,12.800171732547676,41.0,0.0,11.660000085830688,11.36417174431976,42.0,0.0,0.006132790049984275,1.724090550094843,2.2311318541566534,0.021680029754861607,0.191925048828125,0.8937300263593594
61092.10098989494,2290,150077440,150077440,2013.331876943416,2996.5869796367124,2284,100,13.930000019073486,10.629445008054148,37.0,0.0,12.650000095367432,12.002812131886905,47.0,0.0,0.0018023271210646878,1.7933915443718433,2.2255679046114283,0.018278465419522643,0.1724853515625,0.8823895671715339
61152.101158427075,2292,150225920,150208512,2474.6597156719904,2184.5271972828605,2284,100,13.930000019073486,10.629445008054148,37.0,0.0,12.650000095367432,12.002812131886905,47.0,0.0,0.006842659422545694,1.9869028087705374,2.227377697825432,0.027690677713205027,0.2228546142578125,0.8812285674115022
61212.10147980042,2294,150396928,150339584,2850.118067467123,2184.5216325496513,2289,100,14.769999790191651,11.599874891153116,45.0,0.0,10.929999923706054,10.325943021002816,40.0,0.0,0.004415231228146392,2.1923680615921817,2.23026555031538,0.01779246657497424,0.17598470052083331,0.8713152638326089
61278.99694899097,2297,150536192,150536192,2081.8151316541966,2939.033127041219,2289,100,14.769999790191651,11.599874891153116,45.0,0.0,10.929999923706054,10.325943021002816,40.0,0.0,0.0012973130020933847,1.4908486095567544,2.219250713785489,0.019028902734741376,0.1653900146484375,0.8986855776359637
61338.99706015922,2299,150687744,150667264,2525.861986739035,2184.529285828354,2294,100,14.530000114440918,11.915917959326755,47.0,0.0,11.590000104904174,11.148179293582082,44.0,0.0,0.004178794311883394,1.847557415564855,2.2286940837899842,0.0223928768530944,0.21304829915364581,0.8877231037865082
61398.99738850817,2301,150859264,150798336,2858.6510227489925,2184.5213785783344,2294,100,14.530000114440918,11.915917959326755,47.0,0.0,11.590000104904174,11.148179293582082,44.0,0.0,0.0057409075064545805,1.6699854203810294,2.2524242401123047,0.024986201903933154,0.21086629231770834,0.8939662345995505
61464.53362725116,2304,150994944,150994944,2070.3049580261136,2999.9890712529345,2294,100,14.530000114440918,11.915917959326755,47.0,0.0,11.590000104904174,11.148179293582082,44.0,0.0,0.004694259638199583,1.536066781108578,2.25698072463274,0.02136495884951728,0.20684305826822916,0.9003263209015131
61524.53368158825,2306,151142912,151126016,2466.1310999604425,2184.5313549822604,2298,100,15.949999904632568,12.699114140730241,45.0,0.0,13.22000012397766,11.972952935688115,47.0,0.0,0.004339847565764406,1.775236797829469,2.2694379339615502,0.021689648063935845,0.188140869140625,0.894807169213891
61584.533870397136,2308,151319552,151257088,2943.990735806372,2184.526459033134,2304,100,14.279999828338623,12.807091979388389,48.0,0.0,11.539999961853027,11.126922239306513,43.0,0.0,0.005757127563507917,1.755564261848728,2.263820976018905,0.024402912322936267,0.20432027180989584,0.891914006943504
61650.48513410054,2311,151453696,151453696,2033.986802789232,2981.1104285155157,2304,100,14.279999828338623,12.807091979388389,48.0,0.0,11.539999961853027,11.126922239306513,43.0,0.0,0.0010066236742810966,1.7219831515103579,2.2645933950940766,0.018253618164332387,0.176025390625,0.8851872198283673
61710.4853520412,2313,151594496,151584768,2346.6581427963247,2184.525398384942,2308,100,15.169999885559083,12.335359491698226,40.0,0.0,12.079999971389771,9.761844066326814,41.0,0.0,0.003522508639434818,1.6936782114207742,2.282293277482192,0.01566450294437042,0.15061442057291666,0.8638285528868436
61770.48785795458,2315,151774208,151715840,2995.0749100286403,2184.4420996220283,2308,100,15.169999885559083,12.335359491698226,40.0,0.0,12.079999971389771,9.761844066326814,41.0,0.0,0.0009191056524286979,1.6322593744844198,2.2556741386651993,0.022592453765658622,0.2049713134765625,0.8929076964656512
61837.12706572749,2318,151912448,151912448,2074.454433358311,2950.335194109598,2308,100,15.169999885559083,12.335359491698226,40.0,0.0,12.079999971389771,9.761844066326814,41.0,0.0,0.004275717981120882,1.6849890494098265,2.2701830392082534,0.023467421546835492,0.20709737141927084,0.8767253737896681
61897.12745431624,2320,152061952,152043520,2491.717195778563,2184.51918534011,2312,100,16.36999969482422,12.112518373797835,41.0,0.0,10.350000095367431,10.088979131618125,42.0,0.0,0.002767578250010653,1.481023774171869,2.281710041066011,0.02108482816280836,0.18417358398437503,0.8996415492147208
61957.12796087377,2322,152235520,152174592,2892.7755773794242,2184.5148902924266,2312,100,16.36999969482422,12.112518373797835,41.0,0.0,10.350000095367431,10.088979131618125,42.0,0.0,0.004076454829676853,1.629816231628259,2.270070674518744,0.022939069999362495,0.19256591796875,0.8950092910478512
62024.10922036506,2325,152371200,152371200,2025.6412171173636,2935.268782539878,2318,100,14.459999942779541,12.55103182180429,41.0,0.0,11.600000095367431,10.916043062276872,44.0,0.0,0.002016114468763893,1.620096346984307,2.2722002044320107,0.02212523911293829,0.19520060221354166,0.8874877374619246
62084.10958957672,2327,152513024,152502272,2363.7187881244204,2184.5198908297893,2322,100,14.15,12.405946127883213,46.0,0.0,13.069999980926514,11.395836949778005,44.0,0.0,0.002807166369166225,1.7184631700317066,2.2774468287825584,0.022404685592846363,0.201141357421875,0.8847839112083117
62144.11016267352,2329,152688384,152633344,2922.6387507515587,2184.512467715034,2322,100,14.15,12.405946127883213,46.0,0.0,13.069999980926514,11.395836949778005,44.0,0.0,0.004277531724558988,1.7919350160906713,2.283841222524643,0.02084113574528601,0.19228617350260416,0.8765895757824184
62211.633158491924,2332,152829952,152829952,2096.5894401475807,2911.719150150709,2327,100,17.63999996185303,12.780860826118136,50.0,0.0,12.75,11.79353645003789,49.0,0.0,0.0030161797233934826,1.583426688487331,2.26146840552489,0.021821271338922088,0.1883087158203125,0.8934743348509073
62271.63351313956,2334,152974080,152961024,2402.119134902107,2184.5204210832662,2327,100,17.63999996185303,12.780860826118136,50.0,0.0,12.75,11.79353645003789,49.0,0.0,0.0008186457804792251,1.7824447515110176,2.2512613063057265,0.014728293444325875,0.1516571044921875,0.8986742210884888
62331.633709536865,2336,153148160,153092096,2901.323836463649,2184.5261827491004,2331,100,16.49000005722046,12.273137192020881,48.0,0.0,12.32000012397766,11.253337350155087,47.0,0.0,0.00235323703479177,1.8503897214929264,2.265545050303141,0.01625257547554308,0.1568603515625,0.8889942069848378
62398.107196902856,2339,153288704,153288704,2114.28654594561,2957.690468645225,2331,100,16.49000005722046,12.273137192020881,48.0,0.0,12.32000012397766,11.253337350155087,47.0,0.0,0.003422770141090344,1.689744117980202,2.2552998190124827,0.02236454671522855,0.20566813151041669,0.9003371528039376
62458.10787463188,2341,153431808,153419776,2385.039726489174,2184.508658251265,2336,100,16.94000005722046,13.400611879569718,50.0,0.0,12.559999895095824,11.824821135923969,53.0,0.0,0.0025870488073754436,1.7596427835524082,2.2664779076973596,0.02164751866500107,0.19794718424479166,0.8941916320472956
62518.10808896087,2343,153607424,153550848,2926.9228779262926,2184.5255298808484,2336,100,16.94000005722046,13.400611879569718,50.0,0.0,12.559999895095824,11.824821135923969,53.0,0.0,0.003641816891710429,1.6395981094489496,2.252046393851439,0.02480281090053419,0.21039326985677081,0.8949042341361443
62583.82126540691,2346,153747456,153747456,2130.9577100567653,2991.91137353491,2336,100,16.94000005722046,13.400611879569718,50.0,0.0,12.559999895095824,11.824821135923969,53.0,0.0,0.0016752599500856982,1.7152469518284004,2.240632265806198,0.018013742359471507,0.17142740885416666,0.9069404061883688
62643.82379349135,2348,153899520,153878528,2534.293218212392,2184.4412924659,2341,100,14.890000057220458,11.525532747979094,39.0,0.0,12.769999885559082,11.598150547157415,47.0,0.0,0.00538219986022644,1.8440529722720387,2.246084580818812,0.021158573465678877,0.18016560872395834,0.8828758175174395
62716.02198571153,2351,154075136,154075136,2432.415474675983,2723.1706771882727,2346,100,16.160000038146972,13.046624186516764,45.0,0.0,12.530000019073487,12.142862105905383,50.0,0.0,0.005023037667948907,1.7860655871530373,2.2575883517662687,0.019445242054644037,0.18625895182291669,0.8953290271262327
62776.02235740423,2353,154221568,154206208,2440.518214619835,2184.5198004988733,2346,100,16.160000038146972,13.046624186516764,45.0,0.0,12.530000019073487,12.142862105905383,50.0,0.0,0.001795415880527192,1.6938910031070311,2.2413371478517847,0.014987566144554876,0.14616902669270834,0.8970301455507675
62836.02285660431,2355,154394880,154337280,2888.5093009322973,2184.5151581644554,2346,100,16.160000038146972,13.046624186516764,45.0,0.0,12.530000019073487,12.142862105905383,50.0,0.0,0.0032294353974672654,1.9074861829479537,2.2551197086771326,0.013476243416031744,0.14026387532552084,0.8879521898925304
62903.417886851355,2358,154533888,154533888,2062.585319576879,2917.2477448159175,2350,100,17.839999961853028,12.959722338391717,42.0,0.0,13.440000104904176,12.249342819263076,43.0,0.0,0.003516790124801143,1.8028788001586993,2.2459818075100584,0.01834589620618014,0.179351806640625,0.8969031727562348
62963.41795407608,2360,154687488,154664960,2559.997131748234,2184.5308857584932,2350,100,17.839999961853028,12.959722338391717,42.0,0.0,13.440000104904176,12.249342819263076,43.0,0.0,0.003033968666083335,1.9153070704390605,2.248754066725572,0.018631084783919505,0.18971252441406253,0.8939381347348292
63035.26678092033,2363,154861568,154861568,2422.864890715235,2736.4121118666185,2355,100,15.180000114440919,12.376897644581677,42.0,0.0,13.479999876022339,11.919295271033459,50.0,0.0,0.003656184761590945,1.6495438019434612,2.261829433341821,0.02301004567986335,0.21031697591145831,0.904009989152352
63095.26678610034,2365,155011072,154992640,2491.7331182130365,2184.5331447347166,2360,100,16.359999895095825,12.916284242156697,54.0,0.0,12.709999942779541,11.784986303557785,56.0,0.0,0.0026705562510566474,1.6764494540790718,2.231769216557344,0.021165023819776252,0.19619750976562503,0.9043246377259493
63155.26682384126,2367,155187968,155123712,2948.264812163089,2184.53195922938,2360,100,16.359999895095825,12.916284242156697,54.0,0.0,12.709999942779541,11.784986303557785,56.0,0.0,0.003719102072257859,1.8672293685376644,2.2505794117848077,0.019952009789146054,0.186798095703125,0.8985734973102808
63220.55744579248,2370,155320320,155320320,2027.121139983596,3011.2747301883983,2365,100,15.889999866485596,11.65495178919175,47.0,0.0,12.159999990463257,12.296926298891123,52.0,0.0,0.004900516015671505,1.8818841632455587,2.2417069847385087,0.02279982050701316,0.21602376302083334,0.8930098600685596
63280.55775142275,2372,155465216,155451392,2414.9210321173496,2184.5222057315955,2365,100,15.889999866485596,11.65495178919175,47.0,0.0,12.159999990463257,12.296926298891123,52.0,0.0,0.004658573261015893,1.6471463640530906,2.259289416174094,0.019703742915226027,0.18923441569010416,0.9040227284034094
63340.558018760756,2374,155642624,155582464,2956.7868256416814,2184.523599896884,2365,100,15.889999866485596,11.65495178919175,47.0,0.0,12.159999990463257,12.296926298891123,52.0,0.0,0.0030280314846701612,1.6740688035885491,2.250516804556052,0.02109778861934804,0.1896820068359375,0.9075527389844259
63406.736355120316,2377,155779072,155779072,2061.8227581099954,2970.8815726613066,2370,100,16.749999904632567,12.31614776016605,46.0,0.0,13.010000038146973,11.688879510057307,40.0,0.0,0.003629547427408397,1.9116551503539085,2.2528281832734747,0.017677428742899792,0.17909749348958331,0.8905742950737476
63466.73703447543,2379,155929088,155910144,2500.238357504731,2184.508599048502,2370,100,16.749999904632567,12.31614776016605,46.0,0.0,13.010000038146973,11.688879510057307,40.0,0.0,0.0038311444368446246,1.6303723361343145,2.2545711075266204,0.014021925476602822,0.14724222819010416,0.9098533062885206
63526.73738028295,2381,156103424,156041216,2905.5832537908914,2184.5207429382326,2374,100,15.83000020980835,13.924837554619216,45.0,0.0,12.810000038146972,11.625570738945418,44.0,0.0,0.002638679012306966,1.6451003110657136,2.2536907146374383,0.016947439671033255,0.16707865397135419,0.9168070474018652
63593.69427773915,2384,156237824,156237824,2007.2614638084178,2936.3367699140285,2379,100,13.790000009536744,11.68271793262859,45.0,0.0,11.629999923706055,11.077594441878679,47.0,0.0,0.0032685005959744258,2.1169175257285433,2.2543097833792367,0.01595308619289426,0.163604736328125,0.901148255293568
63653.69461847097,2386,156387072,156368896,2487.452540763038,2184.5209277370077,2379,100,13.790000009536744,11.68271793262859,45.0,0.0,11.629999923706055,11.077594441878679,47.0,0.0,0.0025664215706152995,2.105228373159965,2.2426793898145356,0.016491227641381556,0.15813191731770831,0.8912892385075489
63713.69479198754,2388,156557312,156499968,2837.325127951192,2184.5270158060302,2383,100,15.95,12.84396738836484,50.0,0.0,15.209999942779541,13.355369702148971,44.0,0.0,0.00432971422803045,2.0944897017131248,2.2381634513537088,0.02342467317491052,0.2089691162109375,0.88255048977832
63781.60898282379,2391,156696576,156696576,2050.5876354439993,2894.947250038587,2383,100,15.95,12.84396738836484,50.0,0.0,15.209999942779541,13.355369702148971,44.0,0.0,0.0040362585059483536,1.9404679791380963,2.258693466583888,0.020497765532733563,0.19008382161458334,0.9057286748041709
63841.609051365405,2393,156845568,156827648,2483.197163294218,2184.530837812096,2383,100,15.95,12.84396738836484,50.0,0.0,15.209999942779541,13.355369702148971,44.0,0.0,0.0033522821177029987,2.1530063201983767,2.23767581085364,0.01600233919513509,0.15320841471354166,0.88758969741563
63901.60926734656,2395,157020416,156958720,2914.1228434063437,2184.5254697277423,2388,100,16.33000020980835,12.305328216899706,47.0,0.0,12.060000133514404,10.946981488467202,41.0,0.0,0.006552412206171235,1.787224097177386,2.22639379153649,0.025333157979427295,0.2132720947265625,0.902626359835267
63967.35404555127,2398,157155328,157155328,2052.056508273934,2990.473241659168,2388,100,16.33000020980835,12.305328216899706,47.0,0.0,12.060000133514404,10.946981488467202,41.0,0.0,0.0030892249269527387,1.8430722411721945,2.2373125577966375,0.02031753104104913,0.188079833984375,0.9025916332999865
64027.354135166854,2400,157303040,157286400,2461.862989645198,2184.530070534387,2393,100,16.94999990463257,13.052489890827946,48.0,0.0,12.869999885559082,12.325303384954726,47.0,0.0,0.0025336770728851357,2.073180712759495,2.2316203340888023,0.019440264407724804,0.17667643229166669,0.8884274860223134
64087.35449123196,2402,157471232,157417472,2803.1833647368107,2184.5203694752618,2393,100,16.94999990463257,13.052489890827946,48.0,0.0,12.869999885559082,12.325303384954726,47.0,0.0,0.002728191606972056,2.0713849775493145,2.2256321931878724,0.017418695767143316,0.1611328125,0.8895947647591432
64155.09670841321,2405,157614080,157614080,2108.699802632636,2902.2965025481444,2398,100,16.749999523162842,12.323453308875926,51.0,0.0,11.899999761581421,12.123118337022095,48.0,0.0,0.002042566217520895,1.8529353334257999,2.2431261142094927,0.016776011527933104,0.1608428955078125,0.89978505919377
64215.10066664033,2407,157764608,157745152,2508.6345042481494,2184.3892281888648,2398,100,16.749999523162842,12.323453308875926,51.0,0.0,11.899999761581421,12.123118337022095,48.0,0.0,0.003752126438484993,1.8721890890349946,2.268673444787661,0.024222431178714032,0.20498148600260416,0.8941187703361113
64275.10088049993,2409,157934080,157876224,2824.5232658096043,2184.52554697057,2403,100,13.879999732971191,11.567437057927442,46.0,0.0,12.229999923706055,11.458494816635472,45.0,0.0,0.004300861393858213,1.8851430776218574,2.2455857122937837,0.021482125873565867,0.20298258463541666,0.8880467675626278
64341.64249146357,2412,158072832,158072832,2085.1914762901088,2954.662460868641,2407,100,15.719999885559082,12.274428839379354,44.0,0.0,12.399999856948853,10.549881730265422,44.0,0.0,0.002414124882003913,1.7575823795050383,2.2573732982079187,0.017931977679836564,0.1760711669921875,0.8891199373950561
64401.642504295334,2414,158219264,158203904,2440.532811394379,2184.5328661432204,2407,100,15.719999885559082,12.274428839379354,44.0,0.0,12.399999856948853,10.549881730265422,44.0,0.0,0.004426837927894667,1.9669233498473961,2.2612275009353957,0.021589156874445813,0.1954803466796875,0.8789949441949526
64461.642955431715,2416,158395392,158334976,2935.444595235839,2184.516908082485,2411,100,14.559999942779541,12.557324332255439,47.0,0.0,13.979999923706055,12.104528085300592,45.0,0.0,0.001415258503887647,1.8530416501065097,2.26524023214976,0.012843728868271379,0.12977091471354166,0.87678766126434
64528.15433061123,2419,158531584,158531584,2047.6497385961065,2956.0056376725747,2411,100,14.559999942779541,12.557324332255439,47.0,0.0,13.979999923706055,12.104528085300592,45.0,0.0,0.0023035627867405615,1.993251948306958,2.258644446730614,0.019343024026359977,0.19109090169270834,0.8770432099699974
64588.154391048476,2421,158681088,158662656,2491.73082344414,2184.5311328825333,2411,100,14.559999942779541,12.557324332255439,47.0,0.0,13.979999923706055,12.104528085300592,45.0,0.0,0.0024458334301016293,1.7255499431242545,2.2283231268326444,0.02052911662152231,0.19431559244791666,0.9006343148648739
64648.154518228024,2423,158856960,158793728,2931.1937868683112,2184.528702877111,2416,100,16.039999866485594,12.593585608384334,45.0,0.0,13.960000038146973,11.331301686531846,47.0,0.0,0.002163554262854935,1.6689746367434661,2.235458262264729,0.017982055767788552,0.16687520345052084,0.8966496332238117
64714.36733194813,2426,158990336,158990336,2014.3533027278258,2969.3346189922654,2416,100,16.039999866485594,12.593585608384334,45.0,0.0,13.960000038146973,11.331301686531846,47.0,0.0,0.0029225248557243804,1.8265333970387776,2.2635064125061035,0.017350555754092056,0.1722564697265625,0.8887713352839152
64774.36742187105,2428,159131904,159121408,2359.4631305031,2184.530059344642,2421,100,17.76999988555908,13.426730737479078,56.0,0.0,11.049999904632568,11.446724419762226,55.0,0.0,0.006529647803593738,1.8259765872110925,2.236111012597879,0.0245964963651204,0.23444112141927084,0.903319463133812
64834.37105865218,2430,159310336,159252480,2973.6864225557174,2184.4009301987476,2421,100,17.76999988555908,13.426730737479078,56.0,0.0,11.049999904632568,11.446724419762226,55.0,0.0,0.00321154472718869,1.5417330109824738,2.2679074679811797,0.01917182973496286,0.19386800130208331,0.9018176446358364
64901.48362470418,2433,159449088,159449088,2067.4518672476747,2929.5258930741957,2426,100,15.479999923706055,12.143706167493415,41.0,0.0,12.859999990463256,12.249914455418798,52.0,0.0,0.002024755252932664,1.7276950981467962,2.235907641549905,0.019023626770528306,0.18282063802083334,0.8988590681304534
64961.48372720741,2435,159599616,159580160,2508.795714005799,2184.5296013111715,2426,100,15.479999923706055,12.143706167493415,41.0,0.0,12.859999990463256,12.249914455418798,52.0,0.0,0.00328771689964924,1.7042503214130797,2.2489065776268644,0.019351956044071507,0.18634541829427084,0.8995882999151945
65021.48393717408,2437,159769088,159711232,2824.523449070075,2184.525688706765,2431,100,17.549999904632568,12.653359269819918,45.0,0.0,13.349999904632568,11.378378639564758,42.0,0.0,0.002568622236140072,2.4637175388634205,2.225229613482952,0.01818313368494273,0.17134602864583334,0.8609030519922575
65088.22875856422,2440,159907840,159907840,2078.842929086083,2945.6667334651506,2431,100,17.549999904632568,12.653359269819918,45.0,0.0,13.349999904632568,11.378378639564758,42.0,0.0,0.005915774718838899,1.872719102849563,2.239014747242133,0.023134971021136156,0.20167032877604166,0.900183633590738
65148.228926302865,2442,160051968,160038912,2402.126617842216,2184.5272261726723,2436,100,13.97999973297119,10.955345610965365,44.0,0.0,12.869999933242799,12.314751189428318,46.0,0.0,0.006160718878769937,1.9689324138065176,2.255621701478958,0.024497542198029503,0.22516377766927081,0.8994632891068856
65208.22930782847,2444,160221184,160169984,2820.2487333815525,2184.519442498268,2436,100,13.97999973297119,10.955345610965365,44.0,0.0,12.869999933242799,12.314751189428318,46.0,0.0,0.005520606542025537,1.755575052772959,2.252259723842144,0.025723183403291234,0.22590128580729166,0.905653261890014
65274.39500210434,2447,160366592,160366592,2197.634311728622,2971.4492102246154,2440,100,14.489999961853027,11.656324483492046,41.0,0.0,12.989999866485595,12.09586282537886,45.0,0.0,0.00939661470571688,1.6620194831242163,2.248546419044336,0.024237222782176104,0.20544942220052081,0.9072463108847538
65334.39520131983,2449,160514816,160497664,2470.391797661597,2184.5260801428976,2440,100,14.489999961853027,11.656324483492046,41.0,0.0,12.989999866485595,12.09586282537886,45.0,0.0,0.00574294160954499,1.762949964652459,2.2523466671506562,0.023045256927313552,0.20080057779947916,0.9000889044255018
65394.395470755175,2451,160686848,160628736,2867.1871246407445,2184.5235235358055,2445,100,17.00999994277954,12.055284977166107,44.0,0.0,13.47999997138977,12.058590233740318,43.0,0.0,0.001671330219930193,2.082079829027255,2.2538102120161057,0.014461911493829877,0.14604695638020834,0.8781531682858864
65461.25063842349,2454,160825344,160825344,2071.582569160808,2940.804830158042,2445,100,17.00999994277954,12.055284977166107,44.0,0.0,13.47999997138977,12.058590233740318,43.0,0.0,0.0007873681436952514,1.8391467239707708,2.2594995275139813,0.017447933458849242,0.16885884602864581,0.9002352145810921
65521.2507999111,2456,160979200,160956416,2564.2597650636885,2184.5274537647397,2451,100,18.340000247955324,13.067685275751503,43.0,0.0,14.139999961853027,12.166363365404138,49.0,0.0,0.002816983287630137,1.5413488534589608,2.2290903131167097,0.018878786531179987,0.19093831380208331,0.9158007670193911
65592.61372794956,2459,161153024,161153024,2435.774494935421,2755.043905906338,2451,100,18.340000247955324,13.067685275751503,43.0,0.0,14.139999961853027,12.166363365404138,49.0,0.0,0.0028946932992160632,2.0710619936386743,2.241710126399994,0.018625906501256395,0.1781158447265625,0.8797521467010181
65652.61400393583,2461,161303040,161284096,2500.255166065081,2184.523285026146,2451,100,18.340000247955324,13.067685275751503,43.0,0.0,14.139999961853027,12.166363365404138,49.0,0.0,0.0013159186394962794,1.703673471386234,2.23927420626084,0.0167267301458196,0.16319783528645834,0.8955471807469925
65712.61423167586,2463,161475072,161415168,2867.1891171041943,2184.525041603196,2456,100,15.40999994277954,12.242626162853888,40.0,0.0,13.539999961853027,12.191324882683189,54.0,0.0,0.004635243809995397,2.396655953178803,2.2439520185192428,0.019104833588547386,0.18255106608072916,0.8667811558892329
65778.75527104363,2466,161611776,161611776,2066.855938563081,2972.5568554615097,2456,100,15.40999994277954,12.242626162853888,40.0,0.0,13.539999961853027,12.191324882683189,54.0,0.0,0.0073606574175452515,1.7519295221815507,2.2256505638360977,0.01904660338368558,0.171661376953125,0.894628431648016
65838.75558145903,2468,161760512,161742848,2478.9205084148953,2184.5220315119213,2461,100,17.080000114440917,12.583068015579212,45.0,0.0,12.84000015258789,11.457504205124584,48.0,0.0,0.0018320026635289346,1.7929971336076658,2.217199000219504,0.01657566300491453,0.15329488118489581,0.8997978592912356
65898.75593798421,2470,161932800,161873920,2871.449604265086,2184.5203527247013,2461,100,17.080000114440917,12.583068015579212,45.0,0.0,12.84000015258789,11.457504205124584,48.0,0.0,0.006452338418360644,1.8618409478416047,2.222731264928977,0.02236635332944085,0.17415873209635416,0.8988759058217207
65965.23865756206,2473,162070528,162070528,2071.6360713662652,2957.2797449986833,2467,100,16.249999904632567,12.829945299803427,48.0,0.0,15.020000171661376,12.949115825460062,50.0,0.0,0.005555109002064758,1.8864519937584796,2.2197737867633505,0.02999516549850038,0.22837320963541669,0.881809409086903
66025.23929022625,2475,162219264,162201600,2478.9071947365114,2184.510298976065,2467,100,16.249999904632567,12.829945299803427,48.0,0.0,15.020000171661376,12.949115825460062,50.0,0.0,0.004833100416969198,1.6669371879349153,2.2302515134215355,0.021504177881070063,0.19335937500000003,0.9064260876427094
66085.23931338824,2477,162395136,162332672,2931.1988684599,2184.53249003125,2472,100,15.230000114440918,12.190041032333712,43.0,0.0,12.40999994277954,11.789058532911616,51.0,0.0,0.004075221993844025,1.84145577189823,2.2222023010253906,0.02279611459925945,0.1896209716796875,0.8982969261705875
66150.5177769959,2480,162529280,162529280,2054.9503249073323,3011.8355907038763,2472,100,15.230000114440918,12.190041032333712,43.0,0.0,12.40999994277954,11.789058532911616,51.0,0.0,0.0045641954299450544,1.8698195380469165,2.191720778743426,0.022409976363633177,0.20593770345052084,0.9009218222151201
66210.5178689193,2482,162678016,162660352,2478.929535472781,2184.5299865095762,2477,100,15.35,11.935136967503535,46.0,0.0,12.820000076293946,10.985791111721326,44.0,0.0,0.003895622345832332,1.8039027756700912,2.216967840989431,0.022861223672104337,0.21230061848958334,0.9060996193438768
66270.5180541277,2484,162851328,162791424,2888.524417017141,2184.5265901222688,2477,100,15.35,11.935136967503535,46.0,0.0,12.820000076293946,10.985791111721326,44.0,0.0,0.003319122942533189,2.2023238788048425,2.225272037088871,0.016464501150039723,0.149932861328125,0.8766133033980925
66336.41628302447,2487,162988032,162988032,2074.4715341913547,2983.509622207791,2481,100,17.710000038146973,12.85635646919837,47.0,0.0,12.750000095367431,11.970275948457285,49.0,0.0,0.0024115137687961883,1.8036589721838634,2.2232864399751024,0.01796932528244118,0.16922505696614584,0.8922232786814371
66396.41981354356,2489,163131136,163119104,2384.926332867832,2184.404798619553,2481,100,17.710000038146973,12.85635646919837,47.0,0.0,12.750000095367431,11.970275948457285,49.0,0.0,0.00199480739684077,1.9205977773914737,2.227010565499465,0.018084656054270454,0.179534912109375,0.8794339839369059
66456.4199428875,2491,163312640,163250176,3025.0601454466096,2184.5286240742794,2486,100,15.65,13.218452681035883,52.0,0.0,11.729999876022339,11.384950331676555,48.0,0.0,0.00447567289423508,1.998397922764222,2.231767396132151,0.022237135544855846,0.20411173502604169,0.887313524261117
66522.3935903795,2494,163446784,163446784,2033.2967040552567,2980.098986096254,2486,100,15.65,13.218452681035883,52.0,0.0,11.729999876022339,11.384950331676555,48.0,0.0,0.0025889181270031263,1.7534915811071792,2.2345463981231055,0.02306007325084162,0.21086629231770831,0.8951885811984539
66582.39397333935,2496,163592704,163577856,2431.9844774601183,2184.519390279966,2486,100,15.65,13.218452681035883,52.0,0.0,11.729999876022339,11.384950331676555,48.0,0.0,0.0038526528830213165,2.030006668840845,2.24393779784441,0.018001739073345863,0.17710367838541666,0.8869610310842593
66642.39405855536,2498,163765760,163708928,2884.2625702439313,2184.530230717297,2491,100,17.519999980926514,13.74443882848307,51.0,0.0,12.620000171661378,12.644983256860005,49.0,0.0,0.004846778984453218,1.6629687330375114,2.244811937212944,0.020416703498388717,0.19107564290364581,0.8971688008556763
66708.87545038387,2501,163905536,163905536,2102.483058124907,2957.3388070328365,2491,100,17.519999980926514,13.74443882848307,51.0,0.0,12.620000171661378,12.644983256860005,49.0,0.0,0.006540627085390345,1.8707551720241709,2.250249539812406,0.020203915710832614,0.19126383463541669,0.8855703584849834
66768.87563565932,2503,164059648,164036608,2568.5254019216572,2184.5265876808776,2496,100,15.419999980926514,12.57233475116789,51.0,0.0,11.189999866485596,11.15230442923456,46.0,0.0,0.005398255091373964,2.0004418821384506,2.2306210895379386,0.02427999871239687,0.20638529459635416,0.8859950192272664
66841.52329785563,2506,164233216,164233216,2389.1752983184083,2706.322461812002,2501,100,15.279999923706054,12.592918823067137,45.0,0.0,12.069999933242798,12.797073985194109,45.0,0.0,0.003826542944201113,1.8473024014383554,2.240592042605082,0.019158898857616197,0.18802897135416666,0.892027992134293
66901.5236807596,2508,164382208,164364288,2483.184152982436,2184.519392314445,2501,100,15.279999923706054,12.592918823067137,45.0,0.0,12.069999933242798,12.797073985194109,45.0,0.0,0.0032523506233701482,1.9517026996860904,2.204523282746474,0.02240770285061444,0.19449361165364584,0.8972940165549516
66961.5305173099,2510,164559104,164495360,2947.930772049429,2184.2844504910386,2505,100,15.269999837875366,12.464232790836256,43.0,0.0,11.879999995231628,11.312188035503025,42.0,0.0,0.0034116018238516213,1.9376786959668002,2.2106410960356393,0.02050476452556419,0.19689432779947919,0.8884783399601777
67027.10943905637,2513,164691968,164691968,2026.0168429372943,2998.0364843465163,2505,100,15.269999837875366,12.464232790836256,43.0,0.0,11.879999995231628,11.312188035503025,42.0,0.0,0.0007324110726282621,1.6170148259649673,2.2257660080989203,0.015428649950990804,0.14898681640625,0.8924598569671313
67087.10964141227,2515,164843008,164823040,2517.324843407495,2184.52596580447,2510,100,14.100000047683716,12.501599791519107,48.0,0.0,10.750000047683717,11.040267388967616,53.0,0.0,0.005450747077702545,1.8323965116093555,2.2437468792001405,0.022701063004812262,0.19997660319010416,0.8973999234537283
67147.10989853926,2517,165019392,164954112,2939.720735307746,2184.523971665553,2510,100,14.100000047683716,12.501599791519107,48.0,0.0,10.750000047683717,11.040267388967616,53.0,0.0,0.004625526693416759,2.1990481515725455,2.254189245402813,0.01407594176453131,0.1389007568359375,0.8741391394287349
67212.64655212313,2520,165150720,165150720,2003.8862654458758,2999.9700816031823,2514,100,15.6,11.764352813712705,43.0,0.0,11.900000095367432,11.84356390929537,47.0,0.0,0.0017116056793990237,1.829630241418878,2.239360491434733,0.01815969378488565,0.1774749755859375,0.8907244745641947
67272.64701388776,2522,165298176,165281792,2457.581086266167,2184.5165211254816,2514,100,15.6,11.764352813712705,43.0,0.0,11.900000095367432,11.84356390929537,47.0,0.0,0.00461708150881653,1.668862151602904,2.2596043894688287,0.02573659960701965,0.22095235188802084,0.8949538425852855
67332.6473751925,2524,165468160,165412864,2833.0496067629374,2184.5201787087713,2514,100,15.6,11.764352813712705,43.0,0.0,11.900000095367432,11.84356390929537,47.0,0.0,0.0023472259296492366,2.2135558389127254,2.248976464072863,0.014676205234839776,0.14839172363281247,0.8744825869798659
67399.74506290816,2527,165609472,165609472,2106.0636336505163,2930.1754902963703,2519,100,17.120000171661378,12.979429903781432,45.0,0.0,12.3,10.822661398879744,46.0,0.0,0.0032153299325727858,1.9648382831364868,2.242184283832709,0.0191630686094868,0.17889404296875,0.8787252344191074
67459.74532039836,2529,165753856,165740544,2406.3896729705853,2184.5239584413825,2519,100,17.120000171661378,12.979429903781432,45.0,0.0,12.3,10.822661398879744,46.0,0.0,0.0018303942124475727,1.831527433047692,2.2113405639926595,0.0170105724731305,0.15571085611979166,0.8928142966081699
67519.74570461921,2531,165925632,165871616,2862.915000139255,2184.519344368552,2525,100,16.639999866485596,11.72733548242254,48.0,0.0,12.330000019073486,11.530875996035771,47.0,0.0,0.00494903167176138,1.7233752614508073,2.2385343561569853,0.021888537681661546,0.1880340576171875,0.8994623689601818
67587.39438435994,2534,166068224,166068224,2107.831232575474,2906.3094912351244,2525,100,16.639999866485596,11.72733548242254,48.0,0.0,12.330000019073486,11.530875996035771,47.0,0.0,0.0016960830422855604,1.7708265576511621,2.22622882326444,0.016111356595502002,0.16630045572916669,0.8982765916734934
67647.39445162006,2536,166220032,166199296,2530.13049705214,2184.530884469976,2530,100,18.73000011444092,12.838111384883385,47.0,0.0,15.15999994277954,13.5732975978924,56.0,0.0,0.003273675407399424,2.0058369090159736,2.215251641968886,0.018117846046152408,0.15940348307291669,0.9022139894465605
67707.39473662898,2538,166394368,166330368,2905.586198033488,2184.522956524443,2530,100,18.73000011444092,12.838111384883385,47.0,0.0,15.15999994277954,13.5732975978924,56.0,0.0,0.003670000269873223,1.6735762854417164,2.216984977324804,0.023856485215219433,0.22456868489583334,0.9088840608795484
67772.94083272852,2541,166526976,166526976,2023.1258288612164,2999.5379084274405,2530,100,18.73000011444092,12.838111384883385,47.0,0.0,15.15999994277954,13.5732975978924,56.0,0.0,0.004333383476478048,2.0458146942158537,2.210492079456647,0.01776987012272002,0.17539469401041666,0.8799799016366402
67832.94115642831,2543,166670848,166658048,2397.853730254294,2184.5215478473283,2536,100,15.359999942779542,12.627367297713663,56.0,0.0,12.379999876022339,12.63628084085294,54.0,0.0,0.002891346184090556,1.7833127516011398,2.205171691874663,0.020689248012179935,0.189697265625,0.9123033471405507
67892.94155141339,2545,166840832,166789120,2833.0480164717205,2184.518952460122,2536,100,15.359999942779542,12.627367297713663,56.0,0.0,12.379999876022339,12.63628084085294,54.0,0.0,0.003696472961261558,1.9243255021671453,2.197391557196776,0.020714671876703505,0.18668111165364584,0.9093395962069433
67961.12027759105,2548,166985728,166985728,2125.237711576258,2883.714774718315,2541,100,19.660000228881835,14.302601241750514,51.0,0.0,15.34000005722046,14.554875289073346,57.0,0.0,0.0036336838190133376,1.6999766882508993,2.1993821263313293,0.020406251387612432,0.19539896647135419,0.9203981310129166
68021.12029706128,2550,167138816,167116800,2551.4658387062323,2184.532624444132,2541,100,19.660000228881835,14.302601241750514,51.0,0.0,15.34000005722046,14.554875289073346,57.0,0.0,0.00391707002321103,1.7840890313188236,2.209979156653086,0.019708833045418334,0.18585713704427084,0.9101334897180399
68092.5441307798,2553,167313408,167313408,2444.4501353435544,2752.6945805628293,2546,100,19.14999990463257,13.434563687652476,44.0,0.0,13.589999961853028,12.486869048652434,55.0,0.0,0.006513186541269533,1.770835633079211,2.214384665091832,0.024149259871895385,0.2187042236328125,0.9142758579303821
68152.54439155199,2555,167466496,167444480,2551.455577522631,2184.523838949142,2546,100,19.14999990463257,13.434563687652476,44.0,0.0,13.589999961853028,12.486869048652434,55.0,0.0,0.005435553539427929,1.8328349944204092,2.2123374665776887,0.022718824726325693,0.20282491048177084,0.90943653943638
68224.38424833678,2558,167641088,167641088,2430.2943771592113,2736.75378542269,2551,100,18.88999996185303,13.01068414840858,45.0,0.0,13.339999961853028,12.620000073439567,48.0,0.0,0.005298728482254471,2.0890521400918565,2.227159244318803,0.021960343120857335,0.20733642578124997,0.8905558306723833
68284.38448115252,2560,167795712,167772160,2577.0566670106437,2184.5248568037246,2551,100,18.88999996185303,13.01068414840858,45.0,0.0,13.339999961853028,12.620000073439567,48.0,0.0,0.003781297816506897,1.8347230336318414,2.232874495287736,0.022136985270359823,0.20320638020833331,0.8985278997570276
68355.67423272319,2563,167968768,167968768,2427.501796361909,2757.8718633224053,2556,100,16.48000011444092,11.95448012820638,39.0,0.0,12.769999814033508,12.241613517783351,50.0,0.0,0.004462805324389289,1.8645460493862627,2.2380967686573667,0.021959356494941552,0.19074503580729166,0.8953563248117765
68415.67433775589,2565,168117760,168099840,2483.1956530543766,2184.5295092162214,2556,100,16.48000011444092,11.95448012820638,39.0,0.0,12.769999814033508,12.241613517783351,50.0,0.0,0.0018620118013738343,1.7980305459350348,2.2228573511044187,0.022752745560865154,0.19091288248697916,0.8970023288081089
68475.6745899152,2567,168292096,168230912,2905.5877888163523,2184.524152531531,2562,100,15.529999732971191,12.72356452463644,45.0,0.0,10.900000047683715,10.63719884256228,42.0,0.0,0.004944457056505295,1.803562962760528,2.229031227529049,0.023162930373170333,0.21084594726562503,0.8878339268267155
68542.20557037182,2570,168427520,168427520,2035.502844998642,2955.1345651398055,2562,100,15.529999732971191,12.72356452463644,45.0,0.0,10.900000047683715,10.63719884256228,42.0,0.0,0.0030318087156047113,2.172835350036621,2.226963435610135,0.014428639289083852,0.1566925048828125,0.8636407467226188
68602.20562705211,2572,168569600,168558592,2367.9977630199264,2184.5312696688334,2567,100,12.519999885559082,11.405682925751961,45.0,0.0,11.160000038146972,11.325828997421073,45.0,0.0,0.0023699236529258387,1.6977719801167648,2.2117919102311134,0.019174411742521137,0.1665191650390625,0.9039059324810902
68662.20580456406,2574,168742656,168689664,2884.258133495463,2184.526870339759,2567,100,12.519999885559082,11.405682925751961,45.0,0.0,11.160000038146972,11.325828997421073,45.0,0.0,0.0024688543320129,1.8140368337432542,2.2148888309796653,0.01847885191151969,0.17469278971354166,0.8919945694506168
68729.23514358327,2577,168886272,168886272,2142.5841594356584,2933.1633412595106,2571,100,15.84000005722046,12.845014775965165,50.0,0.0,14.530000066757202,12.90926406755291,50.0,0.0,0.006410011519619729,1.898385905350248,2.2291537125905356,0.025714628102529485,0.22090657552083334,0.8966668862849474
68789.23541326448,2579,169028608,169017344,2372.2560041186307,2184.523514584063,2571,100,15.84000005722046,12.845014775965165,50.0,0.0,14.530000066757202,12.90926406755291,50.0,0.0,0.002164978184737265,2.173402354121208,2.232569473485152,0.015140748553070201,0.15002950032552084,0.8837577886879444
68849.2358612679,2581,169203968,169148416,2922.6448440856643,2184.517022148701,2576,100,16.110000133514404,12.231839664659985,41.0,0.0,12.410000085830688,11.005539751482075,48.0,0.0,0.004423549825636049,1.7317532747983932,2.233409521480401,0.02371600267542817,0.20573933919270831,0.9033284510175387
68916.21545858681,2584,169345024,169345024,2105.954733176047,2935.3416244631653,2576,100,16.110000133514404,12.231839664659985,41.0,0.0,12.410000085830688,11.005539751482075,48.0,0.0,0.0015525905594889384,1.9389228895306587,2.2750343903899193,0.018051493258705403,0.162841796875,0.887268204241991
68976.21568169631,2586,169492480,169476096,2457.590861468918,2184.525210194594,2576,100,16.110000133514404,12.231839664659985,41.0,0.0,12.410000085830688,11.005539751482075,48.0,0.0,0.0016336021047512377,1.7812130444993577,2.2450133661429086,0.018797629328522213,0.1849517822265625,0.9016159251332283
69036.21568356827,2588,169662464,169607168,2833.0665782769547,2184.533265177411,2580,100,17.669999885559083,13.203828766631776,48.0,0.0,12.580000019073486,11.560432360117641,41.0,0.0,0.005245529183108981,1.737672958523035,2.24669781823953,0.018916565295512555,0.19240315755208334,0.899162050957481
69103.6289959997,2591,169803776,169803776,2096.203181585943,2916.4566004673993,2580,100,17.669999885559083,13.203828766631776,48.0,0.0,12.580000019073486,11.560432360117641,41.0,0.0,0.0017604940973493892,1.7908649581174056,2.2565451189875603,0.020869483564335194,0.19564310709635416,0.9056888278573751
69163.62926841155,2593,169951488,169934848,2461.8554893564024,2184.523415165473,2586,100,18.49000005722046,12.899220865296288,49.0,0.0,12.999999904632569,10.452750486731833,44.0,0.0,0.002631913742031126,1.7677793484181166,2.2443496311704316,0.01937780658530149,0.1855316162109375,0.8977264830221732
69223.62967683747,2595,170124800,170065920,2888.5136709354306,2184.518463100355,2586,100,18.49000005722046,12.899220865296288,49.0,0.0,12.999999904632569,10.452750486731833,44.0,0.0,0.0036675699326830604,1.7269828940431278,2.253587052226067,0.02078064090771174,0.1976776123046875,0.9077850735435883
69290.72731640376,2598,170262528,170262528,2052.650449259622,2930.1775929951477,2591,100,17.459999752044677,13.519186234609172,46.0,0.0,13.629999732971191,11.945421557920623,47.0,0.0,0.0031087115785339847,2.4440218980113664,2.2225044667720795,0.022032673100208434,0.19719950358072916,0.8737538053343693
69350.72830453888,2600,170410752,170393600,2470.359315853584,2184.49735702424,2591,100,17.459999752044677,13.519186234609172,46.0,0.0,13.629999732971191,11.945421557920623,47.0,0.0,0.005183060561345579,1.6783285631487765,2.2516845588882766,0.023700043058245985,0.21249898274739584,0.9046108430872362
69410.72832830809,2602,170582016,170524672,2854.3988692196717,2184.5324679229775,2596,100,16.10000009536743,12.999615240731679,47.0,0.0,12.149999856948853,11.472902630454337,44.0,0.0,0.002713160914330122,1.6298590488731861,2.2209565838178,0.02016557313133186,0.18967692057291666,0.9128306036194165
69477.10555437952,2605,170721280,170721280,2098.0689950816904,2961.9797577623863,2596,100,16.10000009536743,12.999615240731679,47.0,0.0,12.149999856948853,11.472902630454337,44.0,0.0,0.002571738979895599,1.9363900677611432,2.2277987822890286,0.015592473555443576,0.15195210774739584,0.895134608571728
69537.1057390254,2607,170868224,170852352,2449.0591298555146,2184.5266106028284,2600,100,15.789999961853027,12.068384509589777,45.0,0.0,11.419999933242797,12.294047384302269,42.0,0.0,0.0025971659803569005,1.7739495790253084,2.2316710725426674,0.02330180177765821,0.208984375,0.9034761128326256
69597.10590544343,2609,171037952,170983424,2828.792153966334,2184.5272742545444,2600,100,15.789999961853027,12.068384509589777,45.0,0.0,11.419999933242797,12.294047384302269,42.0,0.0,0.0006091330869821832,1.895597416907549,2.2345946232477822,0.013398028423883565,0.1306610107421875,0.8948047521213691
69663.37007888034,2612,171180032,171180032,2144.1450580421756,2967.0331613989024,2605,100,16.389999771118163,12.584033454908576,45.0,0.0,12.74000005722046,12.06533879211712,51.0,0.0,0.002557324097627619,1.8323167711496353,2.2285659338037176,0.016384288014402653,0.17553202311197916,0.8919422316054503
69723.37064418942,2614,171333120,171311104,2551.4426274386997,2184.5127512518634,2605,100,16.389999771118163,12.584033454908576,45.0,0.0,12.74000005722046,12.06533879211712,51.0,0.0,0.003965534963451016,1.875060426692168,2.2415748735268908,0.018110842194801077,0.19317118326822916,0.8996836667259535
69794.90485661477,2617,171507712,171507712,2440.678300361437,2748.4471182955767,2610,100,15.130000019073487,12.932636909574807,55.0,0.0,11.510000133514405,10.539919429919731,48.0,0.0,0.004425590380075543,1.6559574467440448,2.24045796195666,0.020897644915142642,0.20678202311197919,0.9130057735989492
69854.90535547584,2619,171656960,171638784,2487.4459851670535,2184.5151705069147,2610,100,15.130000019073487,12.932636909574807,55.0,0.0,11.510000133514405,10.539919429919731,48.0,0.0,0.0018731613090494648,1.766135482117534,2.2404843469460807,0.015789559776142898,0.15865580240885419,0.9042254916081826
69914.9058059752,2621,171827712,171769856,2845.845299142101,2184.5169312754956,2616,100,13.610000133514404,11.0516018165477,41.0,0.0,11.140000057220458,9.96295123387036,41.0,0.0,0.0035981379454218163,1.6699644805242617,2.2428443978230157,0.01939455327919859,0.18489074707031247,0.9085764940828086
69980.27505247109,2624,171966464,171966464,2122.5883337775485,3007.652841957855,2616,100,13.610000133514404,11.0516018165477,41.0,0.0,11.140000057220458,9.96295123387036,41.0,0.0,0.0011396788953182597,1.7420753464102747,2.2239347100257874,0.015356918519197887,0.1466217041015625,0.8983809743076563
70040.27579741366,2626,172115712,172097536,2487.435783386344,2184.506211138608,2620,100,17.05999994277954,13.267117233845196,47.0,0.0,11.610000133514404,12.22938688074629,50.0,0.0,0.003038157658011187,1.821578203390042,2.2498797848820686,0.019469613496767124,0.1853485107421875,0.8934156124790509
70100.27987419255,2628,172288256,172228608,2875.537951126453,2184.3849124284034,2620,100,17.05999994277954,13.267117233845196,47.0,0.0,11.610000133514404,12.22938688074629,50.0,0.0,0.0043209133921967196,2.0864271968603134,2.2471730038523674,0.023824094860174228,0.21100870768229166,0.8670740475257237
70166.97022421658,2631,172425216,172425216,2053.6704328385003,2948.0726961120904,2624,100,17.64000015258789,12.677949482907506,42.0,0.0,11.52999997138977,11.03580978940788,45.0,0.0,0.005998636896644409,2.303385024269422,2.2570562163988748,0.019872967795890872,0.20159912109375,0.860382022957007
70226.97045431845,2633,172571392,172556288,2436.2573235439613,2184.5249556120984,2624,100,17.64000015258789,12.677949482907506,42.0,0.0,11.52999997138977,11.03580978940788,45.0,0.0,0.0020590074661110216,1.8690497813125453,2.260620375474294,0.015699070902580086,0.169219970703125,0.8741565036276976
70286.97300273925,2635,172749568,172687360,2969.473875516756,2184.4405521042804,2630,100,15.919999837875366,12.7927165931788,46.0,0.0,11.37000002861023,10.111038604559434,44.0,0.0,0.002282506822666619,1.7388633812467258,2.251457820336024,0.017468217466254522,0.172637939453125,0.894681598370274
70353.40125603974,2638,172883968,172883968,2023.2354957768048,2959.704496679212,2630,100,15.919999837875366,12.7927165931788,46.0,0.0,11.37000002861023,10.111038604559434,44.0,0.0,0.0022663492224334427,1.8389338652292888,2.2465755691130953,0.018468349018197234,0.18158976236979166,0.8879838921129704
70413.40143168345,2640,173025792,173015040,2363.7264137719644,2184.5269383596496,2634,100,16.950000190734862,13.008747252094894,50.0,0.0,13.00999994277954,12.417322897041362,57.0,0.0,0.0019406243081903085,1.9997388161718845,2.2540994038184485,0.018765022102040046,0.17874145507812497,0.8845933762689432
70473.40207222849,2642,173201152,173146112,2922.6354653391313,2184.5100120491024,2634,100,16.950000190734862,13.008747252094894,50.0,0.0,13.00999994277954,12.417322897041362,57.0,0.0,0.004352338835208988,1.8565101145456235,2.2479135145743685,0.018403734355767178,0.17992655436197916,0.8899183509250481
70540.96339562163,2645,173342720,173342720,2095.400043841981,2910.0673303266576,2639,100,17.750000095367433,13.555349563976312,53.0,0.0,12.349999856948852,11.078244153891962,49.0,0.0,0.0009796300413048205,1.8492878762384257,2.2457456936438875,0.01367620479929125,0.14349365234375,0.8929678555577993
70600.96374900639,2647,173489152,173473792,2440.518959296433,2184.5204670625412,2639,100,17.750000095367433,13.555349563976312,53.0,0.0,12.349999856948852,11.078244153891962,49.0,0.0,0.001771625592179286,1.5692574493587017,2.2598330080509186,0.019572186086103706,0.18738301595052081,0.9145331736654044
70660.96388014592,2649,173664000,173604864,2914.1269640459086,2184.5285586991295,2644,100,16.659999942779542,11.91572086554315,42.0,0.0,12.570000076293946,11.29535752807552,51.0,0.0,0.0023289592863875446,1.8038676846772432,2.24727680037419,0.02314349214854398,0.20463053385416666,0.906235795468092
70727.06673294306,2652,173801472,173801472,2079.6681865136807,2974.27405445532,2644,100,16.659999942779542,11.91572086554315,42.0,0.0,12.570000076293946,11.29535752807552,51.0,0.0,0.0019566604896681383,1.7885544610520203,2.212829721470674,0.012414852128737644,0.14678955078125,0.8973186959822973
70787.06701827236,2654,173948928,173932544,2457.588312967565,2184.5229448600576,2649,100,18.410000133514405,13.768873976805777,50.0,0.0,12.269999980926514,12.768598244046446,52.0,0.0,0.004231876254683205,1.718030429755648,2.231019583841165,0.02069578780598628,0.18380228678385416,0.9057193423310915
70847.06719344296,2656,174126080,174063616,2952.524713407887,2184.5269555850264,2649,100,18.410000133514405,13.768873976805777,50.0,0.0,12.269999980926514,12.768598244046446,52.0,0.0,0.0029314684749503312,1.718828175837795,2.222812761863073,0.017035873004109213,0.172210693359375,0.9085836373269558
70912.90198631957,2659,174260224,174260224,2037.5852059169558,2986.384423939355,2654,100,16.230000019073486,13.40511468788983,48.0,0.0,12.79000015258789,11.33427977164762,52.0,0.0,0.0024691908207993643,1.676432879641652,2.2087314476569495,0.018247637711586627,0.1839599609375,0.9184884404142697
70972.90213012137,2661,174407936,174391296,2461.860766333443,2184.5280976823615,2654,100,16.230000019073486,13.40511468788983,48.0,0.0,12.79000015258789,11.33427977164762,52.0,0.0,0.0036209093692984124,1.8789976785580316,2.2192398185531297,0.023033419571826624,0.20300801595052084,0.9103334248065948
71032.90254686587,2663,174582272,174522368,2905.579818593169,2184.5181602345115,2654,100,16.230000019073486,13.40511468788983,48.0,0.0,12.79000015258789,11.33427977164762,52.0,0.0,0.0017694494163151828,1.9372499554107585,2.203711817661921,0.01468225991751145,0.14898681640625,0.9042512699961662
71100.18831433915,2666,174718976,174718976,2031.6926615169539,2921.9849513951694,2658,100,18.13999996185303,12.985392080738492,50.0,0.0,12.450000047683716,12.00864269464549,56.0,0.0,0.00585046349200032,1.9414997895558674,2.1922119557857513,0.026413599620961275,0.22409566243489584,0.9085452184081076
71160.18861722387,2668,174865920,174850048,2449.054303647568,2184.5223056926043,2658,100,18.13999996185303,12.985392080738492,50.0,0.0,12.450000047683716,12.00864269464549,56.0,0.0,0.0048914342623902485,1.8595784734934568,2.192728986342748,0.020713419028955588,0.18755086263020831,0.913607549543182
71220.19086544402,2670,175042816,174981120,2948.1561982640396,2184.4514812028774,2663,100,17.1,13.146482366390106,48.0,0.0,12.4,11.716654574613221,50.0,0.0,0.0031146104253518083,2.0867268840471906,2.213818875451883,0.019053908420270698,0.17738850911458334,0.8997372966259718
71286.39548090287,2673,175177728,175177728,2037.8035438309219,2969.7023181444933,2663,100,17.1,13.146482366390106,48.0,0.0,12.4,11.716654574613221,50.0,0.0,0.0037482090143991322,1.712627817566196,2.197545205553373,0.023248590178506372,0.21370442708333334,0.908755620320638
71346.39554209076,2675,175325440,175308800,2461.8641560619844,2184.531105552402,2668,100,18.10999994277954,13.424526118371706,58.0,0.0,12.889999961853027,12.365997876806372,47.0,0.0,0.0011020137001954329,1.883306040118138,2.211587856213252,0.01454399773623057,0.15017191569010419,0.89168489848574
71406.39586492255,2677,175499520,175439872,2901.317722706547,2184.5215794496353,2668,100,18.10999994277954,13.424526118371706,58.0,0.0,12.889999961853027,12.365997876806372,47.0,0.0,0.001599145133999021,1.9410927295684814,2.20552501330773,0.012783371847035596,0.13483174641927084,0.9065175640086334
71473.50767100789,2680,175636480,175636480,2040.7735686006454,2929.559066701487,2673,100,17.499999809265137,13.58786202794442,46.0,0.0,13.400000095367432,12.259690104137912,41.0,0.0,0.0024159459232275067,2.2335405436654887,2.206546902656555,0.01634645878524073,0.1696014404296875,0.8804525726785262
71533.50786722451,2682,175790592,175767552,2568.5249335449785,2184.526189327291,2673,100,17.499999809265137,13.58786202794442,46.0,0.0,13.400000095367432,12.259690104137912,41.0,0.0,0.005599789976258762,2.1268192889789743,2.2261630098025003,0.02310871545705595,0.19689432779947916,0.8895384650677443
71593.50797710754,2684,175960576,175898624,2833.061478243899,2184.5293326218016,2678,100,16.280000019073487,13.256002405352357,42.0,0.0,13.489999961853027,12.288608488697502,44.0,0.0,0.004675614637865995,1.8754960366835198,2.2136075918873153,0.024244675246033392,0.21625773111979169,0.9080178427199523
71659.95799826458,2687,176095232,176095232,2026.4252389290857,2958.734949615091,2678,100,16.280000019073487,13.256002405352357,42.0,0.0,13.489999961853027,12.288608488697502,44.0,0.0,0.003013059048195525,1.7075334905336301,2.229943739871184,0.022487027557872352,0.21010843912760416,0.9126458025226991
71719.95821308531,2689,176245248,176226304,2500.257714880304,2184.5255119773306,2683,100,16.48999967575073,13.61432675027276,48.0,0.0,11.87000002861023,12.176744150999948,49.0,0.0,0.005520926853932906,1.9520990569144485,2.2270729417602224,0.024453196547862415,0.21616109212239581,0.9076353845496973
71779.95831570029,2691,176416768,176357376,2858.6617776411276,2184.5295972421754,2683,100,16.48999967575073,13.61432675027276,48.0,0.0,11.87000002861023,12.176744150999948,49.0,0.0,0.003834444098174572,1.6466863074650369,2.216816909611225,0.02011655903152132,0.20598347981770831,0.9148972096542517
71845.32713492028,2694,176553984,176553984,2099.1047664210464,3007.672501140604,2688,100,16.35,12.69911413381036,45.0,0.0,11.039999961853027,11.1704251589677,41.0,0.0,0.007948575609286006,1.7346693966537714,2.227485194802284,0.02728085466272508,0.24254862467447919,0.9043730075160663
71905.32755623758,2696,176707584,176685056,2559.982023921673,2184.517993746494,2688,100,16.35,12.69911413381036,45.0,0.0,11.039999961853027,11.1704251589677,41.0,0.0,0.005293767322048856,1.8115112421413262,2.240485536555449,0.023144032743099768,0.21579488118489584,0.8953800095866125
71977.28051052615,2699,176881664,176881664,2419.358617324324,2732.452085448648,2692,100,17.38000020980835,12.476201591554233,47.0,0.0,12.440000200271607,11.013010429871049,44.0,0.0,0.003238907437965584,2.0436842578152814,2.2137352600693703,0.02042639773389965,0.19483947753906253,0.8901237429430088
72037.28066515177,2701,177030912,177012736,2487.460256248411,2184.527703600663,2692,100,17.38000020980835,12.476201591554233,47.0,0.0,12.440000200271607,11.013010429871049,44.0,0.0,0.002027508472868552,1.8373403530567884,2.2080225174625716,0.016373262892254083,0.16285196940104166,0.9028917048126459
72097.2810009513,2703,177205248,177143808,2905.583738439097,2184.5211073139762,2698,100,15.799999904632568,11.93230909828114,46.0,0.0,11.889999914169312,12.656141027414007,59.0,0.0,0.002761885077537348,1.7282471160093944,2.2191299224893255,0.019630908393689122,0.17738850911458334,0.9065913353115321
72163.34721446969,2706,177340416,177340416,2045.9474336665776,2975.923539878658,2698,100,15.799999904632568,11.93230909828114,46.0,0.0,11.889999914169312,12.656141027414007,59.0,0.0,0.0013586584367052033,1.8208210797359548,2.238065881033738,0.01610819458316352,0.15944417317708334,0.9033302646130323
72223.34749158658,2708,177487616,177471488,2453.322002383749,2184.5232438617036,2698,100,15.799999904632568,11.93230909828114,46.0,0.0,11.889999914169312,12.656141027414007,59.0,0.0,0.0032425587802814944,1.6393086537718773,2.2348623598615327,0.020482982418495038,0.20854695638020834,0.921150939539075
72283.34755008295,2710,177665024,177602560,2956.7971173016517,2184.531203547541,2703,100,15.539999961853027,12.590806168725411,50.0,0.0,13.860000133514404,12.30204877517212,48.0,0.0,0.004305359660065734,1.7941187452524903,2.233075161774953,0.018442737164150458,0.17686971028645834,0.898657467837135
72349.79808508046,2713,177799168,177799168,2018.7045898882643,2958.712070675929,2703,100,15.539999961853027,12.590806168725411,50.0,0.0,13.860000133514404,12.30204877517212,48.0,0.0,0.0044659905979642645,1.9194012135267258,2.2452637453873954,0.02408053175289145,0.1995391845703125,0.8922014261285464
72409.79941863194,2715,177947648,177930240,2474.61166629911,2184.4847812847315,2708,100,17.289999961853027,12.464585885223755,41.0,0.0,13.069999933242798,13.557474032136895,58.0,0.0,0.002294089089749226,1.9001259667177994,2.2292629927396774,0.014763281903772926,0.15257771809895834,0.8943097113321224
72469.79960983247,2717,178126336,178061312,2978.1238430193166,2184.5263719568625,2708,100,17.289999961853027,12.464585885223755,41.0,0.0,13.069999933242798,13.557474032136895,58.0,0.0,0.0012382367640384473,1.7167101918409267,2.2282275905211764,0.015853977698498053,0.15011088053385416,0.9047792392472426
72535.57300627232,2720,178257920,178257920,2000.5656864676794,2989.1720762785562,2714,100,17.73000020980835,12.700279653512366,45.0,0.0,12.999999952316283,12.008330681098993,49.0,0.0,0.0030034688097657636,1.8076473760108152,2.2069173653920493,0.01684738160232276,0.17537434895833334,0.9109254696716865
72595.57318118028,2722,178401536,178388992,2393.593022358493,2184.526965147145,2714,100,17.73000020980835,12.700279653512366,45.0,0.0,12.999999952316283,12.008330681098993,49.0,0.0,0.004897387444846875,1.7502668648958206,2.2160602236787477,0.022632052521657897,0.20220438639322916,0.906232325360179
72655.5733965598,2724,178575616,178520064,2901.3229185743135,2184.5254916324243,2719,100,16.820000171661377,11.772323399982316,44.0,0.0,13.879999828338622,13.096778119329793,54.0,0.0,0.0025342566514154896,1.8488142595936854,2.217851052681605,0.018352821440809446,0.17034403483072916,0.9088843458642563
72723.14315707609,2727,178716672,178716672,2087.561046868032,2909.703963692647,2719,100,16.820000171661377,11.772323399982316,44.0,0.0,13.879999828338622,13.096778119329793,54.0,0.0,0.004057534589567998,1.9701046037177246,2.2096518203616142,0.022560570273829704,0.20638529459635416,0.9096754162261883
72783.14319611154,2729,178872576,178847744,2598.3983095056883,2184.531912096736,2719,100,16.820000171661377,11.772323399982316,44.0,0.0,13.879999828338622,13.096778119329793,54.0,0.0,0.006276807912702983,1.8689753469079735,2.2014135966698327,0.024438990568645142,0.22793070475260419,0.9086715057492256
72854.90964251198,2732,179044352,179044352,2393.541949137971,2739.5532294157406,2724,100,17.63000020980835,13.443701121419164,48.0,0.0,12.319999980926514,11.034382595570907,44.0,0.0,0.004890877050153601,1.7654743989308674,2.2219036916891732,0.02081484898614387,0.20182291666666666,0.9180978623529276
72914.91004587524,2734,179188480,179175424,2402.1171845697863,2184.518647424033,2724,100,17.63000020980835,13.443701121419164,48.0,0.0,12.319999980926514,11.034382595570907,44.0,0.0,0.006304513078551584,1.606481400008003,2.229084022343159,0.021430902926416213,0.19289652506510419,0.9217210455487171
72974.91031785123,2736,179366656,179306496,2969.586539062482,2184.52343103447,2729,100,19.420000076293945,14.300475538880958,46.0,0.0,11.529999923706054,10.515184164006012,41.0,0.0,0.0020262548908552462,1.6826068088412285,2.216076120734215,0.016598993130173767,0.15649922688802084,0.9211177950104077
73040.84257385507,2739,179503104,179503104,2069.51814286545,2981.969856886802,2729,100,19.420000076293945,14.300475538880958,46.0,0.0,11.529999923706054,10.515184164006012,41.0,0.0,0.007324472496596476,1.9809357455621162,2.2046566729744277,0.02413480573583608,0.2244720458984375,0.9140925804773966
73100.84282540716,2741,179651328,179634176,2470.3896428053686,2184.524174639635,2734,100,15.799999904632568,11.95324215600863,42.0,0.0,12.819999885559081,11.167255871151518,45.0,0.0,0.0021312374859311,2.045328759898742,2.21138346940279,0.017105657450883882,0.16751098632812497,0.8941099966565768
73160.8432609532,2743,179825664,179765248,2905.5789081101852,2184.5174757010495,2734,100,15.799999904632568,11.95324215600863,42.0,0.0,12.819999885559081,11.167255871151518,45.0,0.0,0.00201724935080468,1.852480635046959,2.2046313931544623,0.018746799051465736,0.182373046875,0.900333629300197
73227.49384028651,2746,179961856,179961856,2043.373086360327,2949.8318239186674,2739,100,16.319999980926514,13.690785034479974,55.0,0.0,13.610000038146973,12.870038875988584,50.0,0.0,0.0019705626497549624,1.825666952878237,2.2215533008178077,0.0159132365994689,0.14725240071614584,0.8979918969174225
73287.4942736961,2748,180113152,180092928,2521.5817853713493,2184.517553485839,2739,100,16.319999980926514,13.690785034479974,55.0,0.0,13.610000038146973,12.870038875988584,50.0,0.0,0.00512703659236043,1.9878552183508873,2.2177429522077245,0.021888554426065333,0.21082051595052081,0.9002979130794605
73347.49467401952,2750,180280320,180224000,2786.114744216916,2184.518758099634,2744,100,15.169999885559083,12.466799910865065,50.0,0.0,14.539999771118165,12.57332080092634,53.0,0.0,0.0016922697007733705,1.7982159194846947,2.229284929732482,0.015487805367229157,0.15050760904947919,0.8938037746896346
73414.08910751157,2753,180420608,180420608,2106.602498792161,2952.3188304240502,2744,100,15.169999885559083,12.466799910865065,50.0,0.0,14.539999771118165,12.57332080092634,53.0,0.0,0.003929279312918274,1.8512950874865053,2.2063933834433556,0.022804674196474178,0.21326192220052084,0.9004866431156794
73474.08912914433,2755,180566784,180551680,2436.2657882807507,2184.5325457088343,2749,100,16.469999885559083,12.079283941579776,46.0,0.0,12.040000104904175,11.148919278650583,46.0,0.0,0.002300104778745056,1.782355483000477,2.21182352801164,0.015780869750111986,0.15426127115885416,0.9026889211187761
73534.09163887613,2757,180742144,180682752,2922.5444199555695,2184.4419606091265,2749,100,16.469999885559083,12.079283941579776,46.0,0.0,12.040000104904175,11.148919278650583,46.0,0.0,0.0034771019175726297,2.021402375151714,2.2051663696765904,0.016157037861072848,0.15945943196614584,0.8895107687761387
73600.52568302676,2760,180879360,180879360,2065.447042315686,2959.4465083926248,2754,100,16.079999923706055,12.11914199883061,44.0,0.0,14.040000057220459,12.962962706239269,49.0,0.0,0.003262470030070593,1.8160605449229479,2.2104733486970267,0.022314814011527535,0.19973246256510416,0.9108804644395908
73660.52570211887,2762,181025024,181010432,2427.732560824269,2184.5326382109415,2754,100,16.079999923706055,12.11914199883061,44.0,0.0,14.040000057220459,12.962962706239269,49.0,0.0,0.006196271562657785,1.849659607435266,2.22111385067304,0.02251572692936558,0.20705668131510419,0.8880627683053414
73720.54190341197,2764,181200896,181141504,2930.408726488854,2183.9436214880543,2758,100,17.25,13.639189766517376,58.0,0.0,12.35,11.514664748779753,47.0,0.0,0.004091760095131273,1.892132192850113,2.21756304303805,0.02144307003739717,0.19514973958333331,0.9046380141129096
73786.8885643091,2767,181338112,181338112,2068.167382420956,2963.3443091404743,2758,100,17.25,13.639189766517376,58.0,0.0,12.35,11.514664748779753,47.0,0.0,0.0043118474568473175,1.509356390684843,2.2296073312560716,0.022081511801540422,0.21127827962239581,0.917772685488065
73846.88881509937,2769,181491200,181469184,2551.4560019944165,2184.5242023764904,2763,100,16.369999980926515,13.400488669517486,50.0,0.0,13.859999895095825,10.5442116930479,40.0,0.0,0.004526961786420239,2.1351081343988576,2.2373576958974204,0.018486116715090855,0.18957010904947916,0.888350605343779
73906.88927627914,2771,181660160,181600256,2815.9783554628198,2184.516542419642,2763,100,16.369999980926515,13.400488669517486,50.0,0.0,13.859999895095825,10.5442116930479,40.0,0.0,0.0034209972266883897,1.6262409519404175,2.2268432180086775,0.02316376816209716,0.20113118489583334,0.9159185060610373
73973.8311668355,2774,181796864,181796864,2042.1293582214394,2936.9950320488115,2768,100,13.330000019073486,12.580186800117444,55.0,0.0,12.100000190734864,11.47736887124196,61.0,0.0,0.0007372231969687466,1.885444595788916,2.221228654185931,0.01585079267776261,0.1546783447265625,0.8995976721247037
74033.8313523829,2776,181947904,181927936,2517.3255486133035,2184.5265777796803,2768,100,13.330000019073486,12.580186800117444,55.0,0.0,12.100000190734864,11.47736887124196,61.0,0.0,0.001233544268567736,1.8664583551386993,2.2117296680808067,0.02031794434757709,0.183380126953125,0.9043589985618988
74093.83161436766,2778,182121984,182059008,2901.3206649697645,2184.523794800764,2772,100,16.720000171661376,13.30870399664133,48.0,0.0,13.930000019073486,11.819691380324928,46.0,0.0,0.004526229352147007,2.0935035633544126,2.236905187368393,0.021451479536456947,0.2029266357421875,0.8903788588941097
74160.64811798744,2781,182255616,182255616,1999.9849252879785,2942.5065567455317,2772,100,16.720000171661376,13.30870399664133,48.0,0.0,13.930000019073486,11.819691380324928,46.0,0.0,0.005796167820032375,1.7687192279845476,2.2259464636445045,0.025179226115142228,0.21759033203125003,0.907862976193428
74220.64851440676,2783,182404096,182386688,2474.6503166802136,2184.5189002418438,2777,100,16.35000009536743,12.952509283910661,44.0,0.0,12.730000066757203,11.19540527329174,49.0,0.0,-8.431981647542369e-05,1.9343354975183806,2.231703966856003,0.009358150714736741,0.09743754069010417,0.8877603864918152
74280.64856981486,2785,182578688,182517760,2909.8639794991723,2184.5313159876487,2777,100,16.35000009536743,12.952509283910661,44.0,0.0,12.730000066757203,11.19540527329174,49.0,0.0,0.0015824902681439805,1.9591044367601473,2.21290851632754,0.01710450940966742,0.15701802571614581,0.8939698003232479
74345.63827683404,2788,182714368,182714368,2087.7152125021503,3025.2175154748143,2782,100,17.219999885559083,12.390786915869795,49.0,0.0,13.169999933242797,12.290691661194213,51.0,0.0,0.0021586411142682964,2.199174527078867,2.21535416940848,0.013298020289463844,0.1298675537109375,0.8836345709860324
74405.63849496841,2790,182860032,182845440,2427.7245071639295,2184.525391332042,2782,100,17.219999885559083,12.390786915869795,49.0,0.0,13.169999933242797,12.290691661194213,51.0,0.0,0.004282331651969192,1.7578115419795117,2.206041251619657,0.02268671980103439,0.19774373372395834,0.9083911944180727
74465.63864650764,2792,183034112,182976512,2901.326005588601,2184.527815972594,2787,100,17.79000005722046,13.6060977799299,46.0,0.0,14.060000038146972,12.952852952849472,56.0,0.0,0.0013451760557169716,1.8930043143530688,2.188932398955027,0.019602013686380815,0.16765848795572919,0.9082335587590934
74533.410379285,2795,183173120,183173120,2051.1206413545224,2901.0325093191036,2787,100,17.79000005722046,13.6060977799299,46.0,0.0,14.060000038146972,12.952852952849472,56.0,0.0,0.005808404213894392,2.1468350949386754,2.208672779301802,0.02291984945986769,0.19527180989583331,0.8857923330118259
74593.41090058349,2797,183316480,183304192,2389.3125742490665,2184.5143535991465,2792,100,16.360000133514404,13.18750921922162,46.0,0.0,12.65999994277954,11.544020126157,46.0,0.0,0.003753339476437153,1.916387418905894,2.216388506193956,0.019655968085620167,0.18686421712239581,0.8994085652132829
74653.41095924005,2799,183494912,183435264,2973.863759389779,2184.5311977153037,2792,100,16.360000133514404,13.18750921922162,46.0,0.0,12.65999994277954,11.544020126157,46.0,0.0,0.005937727723600498,1.969606000930071,2.2167843331893287,0.02404768402569365,0.20278422037760419,0.8910932391881943
74720.3487394005,2802,183631872,183631872,2046.0792047733355,2937.1753818054613,2792,100,16.360000133514404,13.18750921922162,46.0,0.0,12.65999994277954,11.544020126157,46.0,0.0,0.003942849951272365,1.7483952747037013,2.212032405038675,0.0248467190710168,0.2117462158203125,0.8894991694639127
74780.35128329508,2804,183781120,183762944,2487.3612069220335,2184.4407168852167,2796,100,17.369999885559082,13.103934173630535,47.0,0.0,13.489999961853027,11.249439873647006,43.0,0.0,0.00338267071977801,1.8900002563993137,2.2258169775207834,0.019910213022133878,0.1807403564453125,0.8857853853454193
74840.35169238783,2806,183956480,183894016,2922.6467394399338,2184.518438822257,2796,100,17.369999885559082,13.103934173630535,47.0,0.0,13.489999961853027,11.249439873647006,43.0,0.0,0.002589559182524681,1.7353504076600075,2.2139480809370675,0.020971638358484295,0.19271341959635416,0.8850608803331853
74907.00664680824,2809,184090624,184090624,2012.513565817388,2949.6382033354084,2802,100,17.30999994277954,12.74652509714945,45.0,0.0,13.370000171661378,12.078621649015531,46.0,0.0,0.0023907155094396635,1.8687890333433945,2.1908172592520714,0.017773473419462487,0.171905517578125,0.8900885762025913
74967.00676627643,2811,184229888,184221696,2321.0620451150303,2184.5289836376755,2802,100,17.30999994277954,12.74652509714945,45.0,0.0,13.370000171661378,12.078621649015531,46.0,0.0,0.0011925618115734928,1.7820591932783523,2.2202885945638022,0.01690380806091222,0.15486653645833334,0.9033802070965369
75027.00715338998,2813,184404480,184352768,2909.847892641291,2184.519239050353,2807,100,15.670000171661377,12.628582501759732,45.0,0.0,12.470000076293946,12.301589297330915,50.0,0.0,0.0042430626005322365,1.7420303219308455,2.2107777670025826,0.02179841830729856,0.19312540690104169,0.90357063151896
75094.6210115999,2816,184549376,184549376,2142.9926325182737,2907.806257551297,2807,100,15.670000171661377,12.628582501759732,45.0,0.0,12.470000076293946,12.301589297330915,50.0,0.0,0.005424471683606195,2.0920499724646406,2.2237417474389076,0.02596800780277893,0.22088114420572919,0.8973308143516381
75154.62209702283,2818,184699904,184680448,2508.7546156701105,2184.4938150052662,2812,100,18.800000286102296,13.1354482950125,55.0,0.0,12.950000095367432,11.240440413682386,42.0,0.0,0.0021189859568645866,1.8111659685770671,2.2337006653348603,0.02063858086997546,0.18762715657552081,0.8902914406110843
75214.62541179173,2820,184876288,184811520,2939.5709333617324,2184.412652948051,2812,100,18.800000286102296,13.1354482950125,55.0,0.0,12.950000095367432,11.240440413682386,42.0,0.0,0.00121384258333516,1.8621134075025718,2.221732291082541,0.020187239353011442,0.19561258951822916,0.9014523898561795
75280.08556077443,2823,185008128,185008128,2014.04980051047,3003.4762073631864,2817,100,17.000000095367433,13.502592202989014,48.0,0.0,13.910000133514405,13.29819162405823,53.0,0.0,0.0013760993072840695,1.885249398027857,2.2298281664649644,0.017249149343721605,0.173187255859375,0.9033991123239199
75340.08926066756,2825,185151488,185139200,2389.1860044518567,2184.3986326416975,2817,100,17.000000095367433,13.502592202989014,48.0,0.0,13.910000133514405,13.29819162405823,53.0,0.0,0.002693632869826009,1.7720789431283872,2.2250914027293525,0.019938900660539122,0.18519083658854166,0.9194299510369698
75400.08972310834,2827,185328896,185270272,2956.777211094307,2184.516496508348,2822,100,15.150000190734863,11.934299302640483,51.0,0.0,12.509999990463257,11.897474646610936,45.0,0.0,0.002973863694933243,1.6417745507011812,2.233449913561344,0.018280433401135575,0.177886962890625,0.9098762478679419
75466.97537239082,2830,185466880,185466880,2062.9836367026587,2939.4646252089833,2822,100,15.150000190734863,11.934299302640483,51.0,0.0,12.509999990463257,11.897474646610936,45.0,0.0,0.003782723145074366,1.7536170644064746,2.2171197161078453,0.02174818887821554,0.20972188313802084,0.903865309432149
75526.97538768314,2832,185609472,185597952,2376.532727621816,2184.5327765572165,2827,100,16.30999994277954,12.39814092771792,52.0,0.0,11.96000008583069,12.27511316539942,56.0,0.0,0.00545138487359509,1.67906402113537,2.219485618174076,0.025472481374890776,0.22657775878906253,0.9143673342963059
75586.97829173133,2834,185783040,185729024,2892.659992933077,2184.427605282796,2827,100,16.30999994277954,12.39814092771792,52.0,0.0,11.96000008583069,12.27511316539942,56.0,0.0,0.0032413707788994843,1.6763134275873501,2.2159289494156837,0.019683299968770974,0.19483439127604166,0.9090243528286616
75654.1640057601,2837,185925632,185925632,2122.355951131631,2926.3363922245826,2831,100,17.779999923706054,12.91478244681847,48.0,0.0,13.74000005722046,11.995515612230273,47.0,0.0,0.003169842855034706,1.6159671501566966,2.230663071076075,0.018464377140238263,0.18336995442708334,0.9161715401957432
75714.16423253529,2839,186074880,186056704,2487.4572651070057,2184.525076732053,2831,100,17.779999923706054,12.91478244681847,48.0,0.0,13.74000005722046,11.995515612230273,47.0,0.0,0.0053739733654462425,1.7971908406664927,2.2244245236118636,0.023327897041478234,0.21379597981770834,0.8939434618999561
75774.1646147035,2841,186250752,186187776,2931.181329927551,2184.519419101756,2831,100,17.779999923706054,12.91478244681847,48.0,0.0,13.74000005722046,11.995515612230273,47.0,0.0,0.0028335735939132673,1.7940105268110833,2.234052067001661,0.019265333730193866,0.19496663411458331,0.8977736489226421
75839.8315876592,2844,186384384,186384384,2034.995584312574,2994.016491862178,2836,100,15.530000019073487,12.551059453207099,48.0,0.0,11.899999904632569,10.714009613512616,44.0,0.0,0.0033344532324311635,1.8601862713694572,2.2359713936845464,0.016322922017934616,0.16610209147135419,0.8844657174001137
75899.83178644814,2846,186534656,186515456,2504.5250354686787,2184.526095672851,2836,100,15.530000019073487,12.551059453207099,48.0,0.0,11.899999904632569,10.714009613512616,44.0,0.0,0.002612036255110676,1.5229817852377892,2.2387394681572914,0.023249975793078193,0.21105448404947916,0.9207760809610287
75959.83203104138,2848,186706944,186646528,2871.4549610250874,2184.5244280012553,2841,100,15.110000228881836,11.652377554421873,43.0,0.0,10.359999823570252,9.814805005655284,36.0,0.0,0.005871016638896738,1.7480977866798637,2.2285769507288933,0.024180762499478686,0.21124267578125,0.906453891346852
76026.42960374244,2851,186843136,186843136,2044.999456832291,2952.179667006014,2841,100,15.110000228881836,11.652377554421873,43.0,0.0,10.359999823570252,9.814805005655284,36.0,0.0,0.0020999686700330735,2.0198650242139897,2.221173994243145,0.01871453175226634,0.19374593098958334,0.8836792316287756
76086.42964637652,2853,186991872,186974208,2478.931571883685,2184.5317810747792,2846,100,17.199999809265137,13.002307358338863,49.0,0.0,14.089999961853028,13.118761161728964,55.0,0.0,0.001819228999617432,1.873134900505344,2.2464357763528824,0.017494268007188417,0.16296895345052084,0.9001061071952184
76146.43014015257,2855,187170560,187105280,2978.1088246863096,2184.515355643826,2846,100,17.199999809265137,13.002307358338863,49.0,0.0,14.089999961853028,13.118761161728964,55.0,0.0,0.004319688134273747,1.8349291384220123,2.2377955342332525,0.02359418365813326,0.22662353515625,0.9071710153172414
76213.23989961483,2858,187301888,187301888,1965.700835582274,2942.8035901114745,2852,100,16.339999771118165,12.523753309864919,49.0,0.0,15.00999994277954,12.954146032447444,46.0,0.0,0.00508082021891217,1.8802037543306747,2.2379858518640203,0.019722999932128005,0.19374593098958334,0.8885770632574955
76273.2401333116,2860,187447808,187432960,2431.9905275276697,2184.5248247266086,2852,100,16.339999771118165,12.523753309864919,49.0,0.0,15.00999994277954,12.954146032447444,46.0,0.0,0.003086805246615161,1.8351666989425819,2.2260522171854973,0.019269884297197375,0.19614664713541666,0.9039745995153984
76333.24032279477,2862,187621888,187564032,2901.324170798521,2184.5264344835923,2856,100,16.979999923706053,12.474758543485637,48.0,0.0,12.699999856948853,11.7978811347457,44.0,0.0,0.0029044862797794244,1.9117193631827831,2.23504646619161,0.018632928093211376,0.18658447265625,0.9061754203091066
76400.99120077491,2865,187760640,187760640,2047.9734600733434,2901.925493240457,2856,100,16.979999923706053,12.474758543485637,48.0,0.0,12.699999856948853,11.7978811347457,44.0,0.0,0.00449517462645114,1.9826640288035078,2.2545302783449492,0.024642856242887017,0.22621154785156253,0.8904022319863241
76460.99145257473,2867,187901440,187891712,2346.6568185371857,2184.524165620071,2861,100,17.869999980926515,12.753552447938334,44.0,0.0,11.159999895095826,9.428382836526794,44.0,0.0,0.00308013635124856,1.9723131507635114,2.2484558547536535,0.0173269332832812,0.16966756184895834,0.890321212510268
76520.99200841598,2869,188076288,188022784,2914.1063369914095,2184.513095958421,2861,100,17.869999980926515,12.753552447938334,44.0,0.0,11.159999895095826,9.428382836526794,44.0,0.0,0.004697710275650024,1.7442460885892312,2.242745866378148,0.021573142505076248,0.20920817057291669,0.8941293731331826
76588.51993809454,2872,188219392,188219392,2119.182398767317,2911.5064083243283,2866,100,16.799999904632568,13.390294779751017,46.0,0.0,13.380000019073487,11.376097809934029,40.0,0.0,0.0017849273378184685,1.7975824810564518,2.249330428739389,0.020925537723087473,0.19382222493489584,0.9074010718613863
76648.52060888521,2874,188364544,188350464,2419.172954022463,2184.5089108633174,2866,100,16.799999904632568,13.390294779751017,46.0,0.0,13.380000019073487,11.376097809934029,40.0,0.0,0.0018259236894664355,1.9913108920057616,2.2362543617685633,0.011576387230282611,0.1268768310546875,0.8965387921780348
76708.52095463686,2876,188541184,188481536,2943.983035217135,2184.5207449727145,2866,100,16.799999904632568,13.390294779751017,46.0,0.0,13.380000019073487,11.376097809934029,40.0,0.0,0.0030553503092960455,1.6096794623881578,2.2587499742706614,0.019911298063258677,0.19405619303385419,0.9130576439201832
76775.24906465784,2879,188678144,188678144,2052.508305074696,2946.4044454156387,2871,100,17.05000009536743,12.370428262809579,43.0,0.0,13.550000190734863,12.381740691533652,48.0,0.0,0.0029354931612033397,1.7650217842310667,2.24650892863671,0.02123502883417435,0.2070159912109375,0.8959236082931359
76835.24940089509,2881,188829440,188809216,2521.585869148288,2184.521091377197,2871,100,17.05000009536743,12.370428262809579,43.0,0.0,13.550000190734863,12.381740691533652,48.0,0.0,0.002078524472987435,2.1507996482153735,2.2556151325503984,0.014887413136724112,0.15187581380208331,0.8759264244387547
76908.07979247905,2884,189005824,189005824,2421.8461024839,2699.5323754827796,2877,100,16.99000005722046,12.507193868000684,48.0,0.0,13.680000019073486,12.489098994776144,47.0,0.0,0.005456076247355668,1.7499587113658588,2.2471722240249314,0.023346399548851572,0.20553588867187497,0.9163207349677881
76968.07985438406,2886,189161728,189136896,2598.3973191030664,2184.531079442972,2877,100,16.99000005722046,12.507193868000684,48.0,0.0,13.680000019073486,12.489098994776144,47.0,0.0,0.0035753223346546292,2.124370797226826,2.267307731012503,0.017880746281055813,0.17554219563802081,0.8937551118433474
77028.0809474308,2888,189331456,189267968,2828.7484674285042,2184.493537441017,2882,100,17.389999866485596,13.116321966098424,47.0,0.0,13.679999923706054,11.97737856924176,42.0,0.0,0.003511584123771172,1.9216736778616905,2.252202905714512,0.01852961453065897,0.17608642578125,0.897043560942014
77093.38401149213,2891,189464576,189464576,2038.4954659245634,3010.7009958270473,2882,100,17.389999866485596,13.116321966098424,47.0,0.0,13.679999923706054,11.97737856924176,42.0,0.0,0.001968302996829152,1.7409140809128683,2.2299305895964303,0.021534707811952106,0.19429524739583334,0.9089616257697344
77153.3844545912,2893,189610496,189595648,2431.9820398504685,2184.5172007077895,2886,100,18.05999994277954,12.99678416408634,44.0,0.0,13.060000038146972,11.69941886655261,45.0,0.0,0.0016092099879945938,1.9058792007466157,2.226658912996451,0.013013012696925822,0.13596089680989584,0.9034240326533715
77213.38467740454,2895,189790720,189726720,3003.722178843913,2184.525220977391,2886,100,18.05999994277954,12.99678416408634,44.0,0.0,13.060000038146972,11.69941886655261,45.0,0.0,0.001464769624969146,1.8768130280077457,2.215468076368173,0.0154310999714653,0.15784708658854166,0.9081347038348516
77279.92256758362,2898,189923328,189923328,1992.969714595601,2954.8276849602735,2891,100,17.36000003814697,12.76441910917325,44.0,0.0,13.3,11.56157438414441,43.0,0.0,0.0035333575239443844,1.8583259042352438,2.205526128411293,0.01761651767992589,0.16832478841145834,0.9090836830437183
77339.92305597477,2900,190069760,190054400,2440.5134679138405,2184.5155516991017,2891,100,17.36000003814697,12.76441910917325,44.0,0.0,13.3,11.56157438414441,43.0,0.0,0.006871804810847,1.902188189327717,2.236437057455381,0.017705208977834747,0.17739359537760416,0.8995769166698058
77399.92322613113,2902,190247424,190185472,2961.0582692850685,2184.5271381469092,2896,100,19.259999752044678,12.708752908476308,43.0,0.0,14.200000190734864,13.194696086754917,49.0,0.0,0.004621859312464949,2.041604950403174,2.1972671200831733,0.021433862888443404,0.20148722330729169,0.8961260082821051
77465.72772956453,2905,190382080,190382080,2046.3037174388958,2987.759039910783,2896,100,19.259999752044678,12.708752908476308,43.0,0.0,14.200000190734864,13.194696086754917,49.0,0.0,0.0038445362879429013,1.7287580290188391,2.2312460740407305,0.02043245072187953,0.18958028157552081,0.9007576374957958
77525.72816323116,2907,190533376,190513152,2521.5817745687596,2184.5175441272504,2896,100,19.259999752044678,12.708752908476308,43.0,0.0,14.200000190734864,13.194696086754917,49.0,0.0,0.004537788743618876,1.806523920968175,2.231441952288151,0.02149760224589651,0.205352783203125,0.9010428575177988
77585.72819481604,2909,190700288,190644224,2781.865202252311,2184.532183363778,2902,100,17.14000024795532,12.944512543859464,55.0,0.0,13.609999895095825,11.944785413131362,48.0,0.0,0.004098919967267042,1.779719299947222,2.238282561302185,0.01949156586670142,0.1953125,0.9029864706099033
77652.70146523602,2912,190840832,190840832,2098.5088397006393,2935.6189232970696,2902,100,17.14000024795532,12.944512543859464,55.0,0.0,13.609999895095825,11.944785413131362,48.0,0.0,0.0032916311877973685,2.037655534222722,2.2287828177213673,0.022760416527792888,0.20703125,0.8915052190423012
77712.70195612684,2914,190985984,190971904,2419.180207444238,2184.5154606903875,2907,100,17.36000003814697,12.351129590230029,44.0,0.0,12.040000057220459,12.219590992383289,54.0,0.0,0.0029548330203397204,1.7866987250745296,2.2203988035519915,0.023081881750234363,0.21856180826822916,0.9095971963057915
77772.70249197632,2916,191158016,191102976,2867.1743937681135,2184.5138238233244,2907,100,17.36000003814697,12.351129590230029,44.0,0.0,12.040000057220459,12.219590992383289,54.0,0.0,0.0023404534003930166,1.8415252858151991,2.2499045059084892,0.02117879232961665,0.19613138834635419,0.9124254211783408
77838.80523908511,2919,191299584,191299584,2141.6356534625897,2974.2788098720957,2912,100,17.65999984741211,13.225142548990618,47.0,0.0,16.080000114440917,13.565161377500942,50.0,0.0,0.004910048543630789,1.739935902878642,2.2311607773105306,0.024789491081416294,0.22642008463541666,0.9038959729174774
77898.80544081517,2921,191449600,191430656,2500.2582603792853,2184.525988590775,2912,100,17.65999984741211,13.225142548990618,47.0,0.0,16.080000114440917,13.565161377500942,50.0,0.0,0.003482672739968014,2.1645326875150204,2.23729067047437,0.018038965199593804,0.18339029947916666,0.8820345488687357
77970.40841100365,2924,191627264,191627264,2481.2378527360997,2745.807883143119,2917,100,16.510000038146973,12.857289722497406,53.0,0.0,13.84000015258789,11.81416108784747,49.0,0.0,0.0019270718427530178,1.9540297004083793,2.250922493636608,0.016500641286863054,0.16210428873697916,0.893805470938484
78030.40843904018,2926,191774720,191758336,2457.598851624072,2184.5323125547307,2917,100,16.510000038146973,12.857289722497406,53.0,0.0,13.84000015258789,11.81416108784747,49.0,0.0,0.006504238442479012,1.848789387693008,2.226314629117648,0.023721382798006136,0.2245941162109375,0.9036722462624313
78090.40853785165,2928,191951872,191889408,2952.5284709390608,2184.529735723698,2922,100,15.629999828338622,12.26919301271953,48.0,0.0,12.500000095367431,10.687843553530604,40.0,0.0,0.003850630394784578,1.7381378076970575,2.212021224200725,0.02286719300051724,0.210968017578125,0.9120778882255157
78156.94849859923,2931,192086016,192086016,2015.9915709729244,2954.7357376091713,2922,100,15.629999828338622,12.26919301271953,48.0,0.0,12.500000095367431,10.687843553530604,40.0,0.0,0.0032295236790863178,1.8693251398702462,2.2336439763506255,0.02046690200222656,0.18595377604166669,0.903353840733568
78216.94876470603,2933,192239360,192217088,2555.721998416654,2184.523644723417,2927,100,16.770000076293947,12.93047182144941,47.0,0.0,12.529999923706054,11.913399912887426,49.0,0.0,0.0038004389328610464,1.9351835995912552,2.2096972490350404,0.019665338049283797,0.18780517578125,0.9006963993112246
78289.18800958432,2936,192413696,192413696,2413.3142628182154,2721.623133398516,2927,100,16.770000076293947,12.93047182144941,47.0,0.0,12.529999923706054,11.913399912887426,49.0,0.0,0.0032662803472097344,2.1846752402683096,2.2113343377908072,0.016883599648281237,0.1589813232421875,0.8748922813683748
78349.18838774227,2938,192562688,192544768,2483.1843494018854,2184.5195651095623,2932,100,18.020000076293947,13.599249931419376,51.0,0.0,11.810000038146972,11.467950838593097,52.0,0.0,0.0034986863671898996,1.6784648019820452,2.211206836005052,0.02239059019969621,0.19568888346354169,0.9081499259918928
78409.1890035551,2940,192730368,192675840,2794.6379837675304,2184.5109125022527,2932,100,18.020000076293947,13.599249931419376,51.0,0.0,11.810000038146972,11.467950838593097,52.0,0.0,0.0027149446177645586,1.706262302895387,2.2073606525858245,0.020806995752839914,0.18000284830729169,0.9089137098441521
78475.61168240197,2943,192872448,192872448,2139.0284533323056,2959.9528867733525,2937,100,17.04000015258789,13.28225884974105,41.0,0.0,11.829999876022338,10.867432915740837,35.0,0.0,0.004508499943767674,2.4112236015498634,2.2048379431168237,0.02005019326558492,0.18695576985677084,0.8740503452718258
78535.61183881946,2945,193017600,193003520,2419.193693263283,2184.527638361201,2937,100,17.04000015258789,13.28225884974105,41.0,0.0,11.829999876022338,10.867432915740837,35.0,0.0,0.0030255144398931106,1.769870961084962,2.211996927857399,0.018856441246801598,0.16813151041666669,0.8997790229817232
78595.6124526877,2947,193185280,193134592,2794.638074340892,2184.510983301583,2941,100,16.280000114440917,11.766121052499779,43.0,0.0,12.400000286102294,11.064357046093901,48.0,0.0,0.0052631307165332455,1.969169136757652,2.194311541815599,0.023749555914037043,0.20727030436197916,0.8937168586999177
78663.35420859233,2950,193331200,193331200,2154.062853130547,2902.316265270632,2941,100,16.280000114440917,11.766121052499779,43.0,0.0,12.400000286102294,11.064357046093901,48.0,0.0,0.007752044681789509,1.9434963464736938,2.2108220805724463,0.02533083252516614,0.22714233398437503,0.9023396037518978
78723.35469697602,2952,193473536,193462272,2372.247357217818,2184.515551970365,2946,100,18.38999996185303,13.448341632838423,45.0,0.0,13.100000095367431,12.61388113029291,47.0,0.0,0.0016221658127809255,1.7796481450398762,2.2094190220038095,0.021271163919057774,0.19791666666666666,0.9185230334599813
78783.3552111797,2954,193648128,193593344,2909.8417291444543,2184.514611909033,2946,100,18.38999996185303,13.448341632838423,45.0,0.0,13.100000095367431,12.61388113029291,47.0,0.0,0.003178027084989784,1.8574008904397488,2.209258253375689,0.021913028685958125,0.192962646484375,0.8996700930098692
78850.2988251783,2957,193789952,193789952,2118.559060808745,2936.9194200381157,2951,100,16.26999988555908,11.427908973566103,41.0,0.0,13.299999904632568,12.519983803205918,46.0,0.0,0.0033106299063850506,2.2361718950172262,2.227786511182785,0.02239143551317587,0.19407145182291669,0.8717573111255963
78910.29885668121,2959,193938688,193921024,2478.9320317734823,2184.532186347716,2951,100,16.26999988555908,11.427908973566103,41.0,0.0,13.299999904632568,12.519983803205918,46.0,0.0,0.003610461588929562,1.9675678207228582,2.2265889371434846,0.022238319120636636,0.19597371419270831,0.8914388710012039
78970.29926586337,2961,194114048,194052096,2922.6467350848807,2184.518435567093,2956,100,15.560000133514404,12.321785484732457,47.0,0.0,11.830000066757203,11.575884370937509,47.0,0.0,0.003311799443811954,1.7386414706707,2.2325883060693745,0.022593201718336786,0.208251953125,0.9011423358072836
79036.17682834715,2964,194248704,194248704,2044.0343407236612,2984.445577330365,2956,100,15.560000133514404,12.321785484732457,47.0,0.0,11.830000066757203,11.575884370937509,47.0,0.0,0.0037023553838177272,1.922376992801825,2.2120034247636795,0.019491936044384296,0.1800079345703125,0.9036569495995839
79096.17724666558,2966,194398464,194379776,2495.9825980744067,2184.5181029300793,2960,100,17.500000190734863,12.737739499899886,45.0,0.0,12.84000015258789,12.21124046573602,45.0,0.0,0.005902274708205368,2.1675915668408074,2.1995811586578684,0.024792700701558108,0.20708719889322919,0.8952754916002353
79156.17758535594,2968,194563072,194510848,2743.451180325744,2184.521002063423,2960,100,17.500000190734863,12.737739499899886,45.0,0.0,12.84000015258789,12.21124046573602,45.0,0.0,0.003736179368085383,2.1800541914999485,2.1923858846227327,0.01740618017053445,0.16823832194010416,0.8790192684779564
79223.73761163093,2971,194707456,194707456,2137.1217265710393,2910.1232021392875,2966,100,16.000000095367433,12.99384460101284,52.0,0.0,12.610000038146973,13.524714404325193,51.0,0.0,0.00302668441630279,1.5780121081819136,2.209417092303435,0.0187915021773127,0.1744537353515625,0.9155781157314777
79283.73793305829,2973,194849024,194838528,2359.454026782012,2184.521630582984,2966,100,16.000000095367433,12.99384460101284,52.0,0.0,12.610000038146973,13.524714404325193,51.0,0.0,0.004242853550143384,2.0484836449225745,2.1944878225525217,0.02370705963464085,0.2106781005859375,0.88952484788994
79343.73806174845,2975,195022592,194969600,2892.7937954320473,2184.528647877888,2966,100,16.000000095367433,12.99384460101284,52.0,0.0,12.610000038146973,13.524714404325193,51.0,0.0,0.0026881000861370317,2.0959316963950796,2.189901851117611,0.016027543788368348,0.15911356608072916,0.8961859450985987
79411.72235517204,2978,195166208,195166208,2112.4879404889125,2891.962100348458,2970,100,17.130000114440918,13.113089032040332,46.0,0.0,13.790000057220459,12.612133026951023,45.0,0.0,0.007918492301541846,1.884776604672273,2.198109447956085,0.02822219097773389,0.2344818115234375,0.9071848945071299
79471.72255546786,2980,195314176,195297280,2466.125100757478,2184.5260408093923,2976,100,16.65000009536743,12.720357660733123,46.0,0.0,11.210000038146973,11.132201267978614,49.0,0.0,0.0045019884904225664,2.3440278818209968,2.182116322219372,0.020123729122739555,0.18046061197916669,0.8842507147540649
79531.72496201284,2982,195483392,195428352,2820.1535528935815,2184.445717218629,2976,100,16.65000009536743,12.720357660733123,46.0,0.0,11.210000038146973,11.132201267978614,49.0,0.0,0.006813197069277521,1.853596843779087,2.1858061601718264,0.024741102984383666,0.21064758300781247,0.8975928941120703
79598.62270545773,2985,195624960,195624960,2116.184981883932,2938.9332117303065,2980,100,14.980000114440918,12.041577891245,44.0,0.0,11.790000009536744,11.275898968675492,42.0,0.0,0.003004922458785586,1.9412338479111593,2.2031049157182374,0.023088471834853408,0.20457967122395831,0.8919596162935098
79658.62271152996,2987,195773440,195756032,2474.66641622122,2184.5331122504563,2980,100,14.980000114440918,12.041577891245,44.0,0.0,11.790000009536744,11.275898968675492,42.0,0.0,0.002275278471643105,1.84442879507939,2.1997179140647254,0.01965139035140358,0.18921915690104166,0.8948394718269508
79718.62271882407,2989,195946496,195887104,2884.266316030333,2184.533067762619,2980,100,14.980000114440918,12.041577891245,44.0,0.0,11.790000009536744,11.275898968675492,42.0,0.0,0.002282529033739896,1.753441834822297,2.193024824062983,0.022612970332071807,0.19552103678385416,0.9027815150717894
79786.09693815932,2992,196083712,196083712,2033.606336640184,2913.824004738174,2984,100,16.210000038146973,13.029424458798191,43.0,0.0,11.230000185966492,11.37616365438907,49.0,0.0,0.005712450622619751,1.7678059029082456,2.196416127185027,0.024192044718195877,0.21051534016927084,0.8988220437119405
79846.10230969638,2994,196229888,196214784,2436.0485779130813,2184.3377791444796,2989,100,17.55000009536743,12.813567106014082,53.0,0.0,13.160000038146972,11.544453314060874,45.0,0.0,0.002075803124171216,1.7565408317993083,2.1992781857649484,0.01870653352307272,0.18235270182291666,0.8926471807062627
79906.10351470485,2996,196402944,196345856,2884.2087417336143,2184.48946119469,2989,100,17.55000009536743,12.813567106014082,53.0,0.0,13.160000038146972,11.544453314060874,45.0,0.0,0.0029862384629571657,1.8475315409402053,2.192852822442849,0.017869116736619617,0.17030843098958331,0.8830312018593153
79972.77000842802,2999,196542464,196542464,2092.8054290563637,2949.1276504867656,2989,100,17.55000009536743,12.813567106014082,53.0,0.0,13.160000038146972,11.544453314060874,45.0,0.0,0.0018652499614593885,1.7682967726141214,2.199009602268537,0.015219727773607397,0.1616058349609375,0.8809725729127725
80032.77021367848,3001,196686336,196673536,2397.8584639742435,2184.525860417816,2994,100,19.730000019073486,13.733065751111125,47.0,0.0,15.719999980926513,13.502651409955302,51.0,0.0,0.0018050049620796928,1.9554860480129719,2.171415882805983,0.01672440492438909,0.16255696614583331,0.9055978202571471
80092.77037644759,3003,196860416,196804608,2901.325462563992,2184.5274071070057,2994,100,19.730000019073486,13.733065751111125,47.0,0.0,15.719999980926513,13.502651409955302,51.0,0.0,0.0005950288711270938,1.668201879908641,2.1965101435780525,0.015643584221834317,0.15091959635416666,0.9002009009321531
80159.36177995428,3006,197001216,197001216,2114.3870317411406,2952.4531643221744,2999,100,16.480000019073486,13.036472118154538,47.0,0.0,14.709999895095825,12.294140838859573,46.0,0.0,0.00433899940738532,1.8731173115472,2.1970411166548733,0.01740486636966428,0.16031392415364584,0.8870036782075962
80219.36230172776,3008,197148160,197132288,2449.045369218226,2184.514336306153,2999,100,16.480000019073486,13.036472118154538,47.0,0.0,14.709999895095825,12.294140838859573,46.0,0.0,0.0054804172699126266,1.8298646751791237,2.202306675414244,0.02038997876540331,0.19966634114583331,0.9121455531567335
80279.36276605539,3010,197321728,197263360,2892.777613390281,2184.51642781095,3004,100,18.10999984741211,13.358065053813924,48.0,0.0,14.800000286102295,12.130127948637558,44.0,0.0,0.002919794739379237,1.8920648377388714,2.1947341660658517,0.02102825789734197,0.20675150553385416,0.8982869070023298
80346.24091035128,3013,197459968,197459968,2067.042999703918,2939.7944884677945,3004,100,18.10999984741211,13.358065053813924,48.0,0.0,14.800000286102295,12.130127948637558,44.0,0.0,0.003832683971268125,1.954006771867474,2.2109048292040825,0.023541690300893,0.20391845703125,0.8958096212397019
80406.24126026034,3015,197607168,197591040,2453.319026023803,2184.520593607282,3009,100,19.549999809265138,13.371144299981106,47.0,0.0,13.689999961853028,13.077992738763019,50.0,0.0,0.004373043132848883,1.9971831695487103,2.2064017951488495,0.024207391172846354,0.22546386718749997,0.8979576919227839
80466.24135446362,3017,197774848,197722112,2794.6622788941872,2184.529903502021,3009,100,19.549999809265138,13.371144299981106,47.0,0.0,13.689999961853028,13.077992738763019,50.0,0.0,0.0034347532491665334,2.4857974412540593,2.2057649195194244,0.017617480604409746,0.17437744140625,0.8680868571003277
80534.49034456722,3020,197918720,197918720,2108.0458448044633,2880.74592314916,3014,100,17.810000038146974,13.17929815385088,48.0,0.0,13.069999980926514,11.356280169033472,43.0,0.0,0.003957135947227168,1.8278164012978473,2.2071840564409895,0.02300151732015365,0.20369974772135419,0.8869925936063131
80594.49051302858,3022,198068992,198049792,2504.5263014018615,2184.527199859886,3014,100,17.810000038146974,13.17929815385088,48.0,0.0,13.069999980926514,11.356280169033472,43.0,0.0,0.003392735260907405,1.907073743020495,2.2005467812220254,0.022602991171273363,0.21880594889322916,0.885070097943147
80654.49110630713,3024,198245120,198180864,2935.4376411298654,2184.511732933853,3014,100,17.810000038146974,13.17929815385088,48.0,0.0,13.069999980926514,11.356280169033472,43.0,0.0,0.004738275478302968,1.8407316077500582,2.210039253036181,0.021772392821731046,0.20450337727864581,0.8764210566878319
80720.764746923,3027,198377472,198377472,1997.0534102258987,2966.6093211866346,3019,100,17.870000076293945,13.378083062699437,45.0,0.0,12.829999828338623,12.216427320585442,53.0,0.0,0.0015890771610429513,2.3077556329468885,2.216330364346504,0.011083086816142895,0.11548868815104166,0.8673813864588736
80780.76489328407,3029,198528512,198508544,2517.3271926883976,2184.528004502474,3019,100,17.870000076293945,13.378083062699437,45.0,0.0,12.829999828338623,12.216427320585442,53.0,0.0,0.000731524819760428,1.8453182776769004,2.2097636709610624,0.01327126556134317,0.12739054361979166,0.8844334278255702
80840.7654725872,3031,198701568,198639616,2884.238819190382,2184.512241753662,3024,100,16.899999713897706,12.745587234728049,52.0,0.0,11.159999799728393,10.198745268194623,52.0,0.0,0.005088521368937412,2.0910569348682957,2.192586625615756,0.020857563402387314,0.1995697021484375,0.8783686943352222
80906.58485162444,3034,198836224,198836224,2045.841239611215,2987.083787112953,3024,100,16.899999713897706,12.745587234728049,52.0,0.0,11.159999799728393,10.198745268194623,52.0,0.0,0.00373498048914674,1.7981083492438,2.2066157857577005,0.023137035078131397,0.21234130859375,0.8963205423206091
80966.58488448337,3036,198988288,198967296,2534.3986120398495,2184.532136977109,3029,100,17.210000133514406,12.593089483092728,45.0,0.0,14.019999885559082,11.157042541007517,45.0,0.0,0.004896793131289693,2.6344759066899615,2.2225870167215667,0.020196343941279338,0.17418416341145834,0.8530418698986372
81038.13731620833,3039,199163904,199163904,2454.3680174984925,2747.7472848962716,3029,100,17.210000133514406,12.593089483092728,45.0,0.0,14.019999885559082,11.157042541007517,45.0,0.0,0.0033482141589047387,2.010894129052758,2.2245144223173456,0.015271011793326275,0.15731302897135416,0.8928773831576109
81098.13762314431,3041,199307520,199294976,2393.58775536324,2184.5221581924757,3034,100,15.959999752044677,13.432736144927173,56.0,0.0,12.42999997138977,10.714714269256339,44.0,0.0,0.004155349141607682,1.9724935007592042,2.215930844346682,0.020884015417929426,0.19368998209635419,0.8936718466381232
81158.13791891187,3043,199483648,199426048,2935.45219647441,2184.5225648181654,3034,100,15.959999752044677,13.432736144927173,56.0,0.0,12.42999997138977,10.714714269256339,44.0,0.0,0.0020335807566880244,1.7054790587474904,2.2258426025509834,0.01941264128132995,0.187225341796875,0.9019685126841068
81225.54298971221,3046,199622656,199622656,2062.278080113088,2916.813196182047,3039,100,17.08000030517578,11.863119751702705,43.0,0.0,12.76000018119812,11.263321118491179,42.0,0.0,0.00480529950679435,1.8918052427470686,2.2127067893743515,0.01760304868366802,0.17141215006510419,0.8792422289649646
81285.54341130145,3048,199770880,199753728,2470.3826418876406,2184.5179838453746,3039,100,17.08000030517578,11.863119751702705,43.0,0.0,12.76000018119812,11.263321118491179,42.0,0.0,0.0024428223235493833,1.7838646744688351,2.1948055078585944,0.018348296366336093,0.16402689615885416,0.8966917246580124
81345.54351579957,3050,199942144,199884800,2854.3950286848503,2184.5295286795863,3039,100,17.08000030517578,11.863119751702705,43.0,0.0,12.76000018119812,11.263321118491179,42.0,0.0,0.002495761975296773,1.8558145028849444,2.202264567216237,0.015811226852141164,0.166748046875,0.8928172787030537
81387.04954527132,3052,200015872,200015872,1776.320234393225,3157.902638921289,3045,100,17.560000038146974,12.417181772158377,45.0,0.0,14.210000038146973,13.0493637439999,47.0,0.0,0.0039140130805511335,2.1044433812300367,2.1948254257440567,0.01896771824976895,0.18468729654947916,0.9017595574259758
