wall_time,updates,collected_samples,trained_samples,sampler_fps,learner_fps,version,num_episodes,train_return_mean,train_return_std,train_return_max,train_return_min,test_return_mean,test_return_std,test_return_max,test_return_min,actor_loss,critic_loss,entropy,approx_kl,clip_frac,explained_var
60.00025782547891,2,131072,131072,2184.523946234456,2184.523946234456,0,0,0,0,0,0,0,0,0,0,-0.0005772229803066391,0.26283314536946517,2.698729544878006,0.0014691689296644956,0.009058634440104166,0.010387641067306202
120.00030620768666,4,284416,262144,2555.731272467977,2184.5315717923277,0,0,0,0,0,0,0,0,0,0,-0.0007670759271907931,0.3870277483947575,2.6854098613063493,0.003469440892634642,0.034698486328125,0.13148980401456356
191.3516179714352,7,458752,458752,2443.346810178407,2755.49243791045,0,0,0,0,0,0,0,0,0,0,-0.0007990956037247089,0.1430385984519186,2.6840214977661767,0.001335461638518609,0.006327311197916667,0.5631103068590164
251.3520864304155,9,616704,589824,2632.5127795957933,2184.5162773955367,0,0,0,0,0,0,0,0,0,0,-0.0012360640854846376,0.10237652220530437,2.683493929604689,0.0023131125860042325,0.009424845377604166,0.6242674657454093
321.28643998503685,12,786432,786432,2426.961734441945,2811.3221901227957,0,0,0,0,0,0,0,0,0,0,-0.001437110351010536,0.2256889628479257,2.67894971370697,0.002407030232158528,0.025507609049479168,0.547287807489435
381.2869246387854,14,939008,917504,2542.912792796378,2184.5156877713853,0,100,0.0,0.0,0.0,0.0,0.0,0.0,0.0,0.0,-0.0012921736367085637,0.14972172405881184,2.6912981271743774,0.002234971435124559,0.017054239908854168,0.5541739972929159
452.6228125868365,17,1114112,1114112,2454.64106548328,2756.0882138759634,0,100,0.0,0.0,0.0,0.0,0.0,0.0,0.0,0.0,-0.0008746165428116608,0.22504393562364078,2.6783400848507886,0.003413147856311601,0.028783162434895832,0.7490443103015423
512.625533754006,19,1266944,1245184,2547.084482622132,2184.434263153319,0,100,0.0,0.0,0.0,0.0,0.0,0.0,0.0,0.0,-0.0015414302785454008,0.20972346553268534,2.678440640370051,0.0022775612208837024,0.0174102783203125,0.7102245471129814
583.3872723933309,22,1441792,1441792,2470.939851989879,2778.4506681233197,12,100,0.3700000025331974,1.6532090139449274,12.0,0.0,0.3899999983608723,1.8809306172462872,11.0,0.0,-0.0025516281408878667,0.19356161208512881,2.6694044321775436,0.0017147544034135838,0.01812744140625,0.8465998775015274
643.3879123814404,24,1594112,1572864,2538.639588347487,2184.510032325905,12,100,0.3700000025331974,1.6532090139449274,12.0,0.0,0.3899999983608723,1.8809306172462872,11.0,0.0,-0.0014999039073397096,0.14039167090474317,2.668101300795873,0.0031520999558172966,0.031071980794270836,0.8424498389164606
703.3882003128529,26,1768448,1703936,2905.586056508379,2184.522850120837,12,100,0.3700000025331974,1.6532090139449274,12.0,0.0,0.3899999983608723,1.8809306172462872,11.0,0.0,-0.002523070613581998,0.11180179321672767,2.6673425808548923,0.0032348047176734935,0.030802408854166664,0.8880056813359262
768.1380125619471,29,1900544,1900544,2040.0985796194,3036.4257929218975,12,100,0.3700000025331974,1.6532090139449274,12.0,0.0,0.3899999983608723,1.8809306172462872,11.0,0.0,-0.0016173098144160272,0.16883809817954898,2.6503728975852328,0.0029034212905874788,0.03486124674479167,0.9173514315237601
828.1382907172665,31,2056960,2031616,2606.9212478497943,2184.523206054165,12,100,0.3700000025331974,1.6532090139449274,12.0,0.0,0.3899999983608723,1.8809306172462872,11.0,0.0,-0.0012146321726807703,0.2036438793875277,2.648537702858448,0.004233885809298954,0.045689900716145836,0.9044471184412639
900.008920064196,34,2228224,2228224,2382.9483831745083,2735.582000415579,21,100,0.519999998062849,2.211243946684854,12.0,0.0,0.36999999806284906,1.8796542192039511,11.0,0.0,-0.00221671213269777,0.19273535069078207,2.655289987723033,0.0037157577917241724,0.04027811686197917,0.905719367787242
960.0112513424829,36,2382848,2359296,2576.9665395643387,2184.448457379042,21,100,0.519999998062849,2.211243946684854,12.0,0.0,0.36999999806284906,1.8796542192039511,11.0,0.0,-0.0026352308947631777,0.1411335354205221,2.6551891937851906,0.0028993620320155364,0.029001871744791668,0.9214557086428007
1030.8137020738795,39,2555904,2555904,2444.209179376046,2776.8530321905378,21,100,0.519999998062849,2.211243946684854,12.0,0.0,0.36999999806284906,1.8796542192039511,11.0,0.0,-0.0021814401407027617,0.20221399966006476,2.6638943230112395,0.0027567230639154636,0.031041463216145836,0.9125737274686496
1090.8137046182528,41,2711040,2686976,2585.599890354479,2184.5332406955336,21,100,0.519999998062849,2.211243946684854,12.0,0.0,0.36999999806284906,1.8796542192039511,11.0,0.0,-0.002027953349170275,0.19670276770678657,2.666621734698613,0.002907627040864706,0.029388427734375,0.9114222719023625
1161.6169449649751,44,2883584,2883584,2436.950613489649,2776.8220640356835,32,100,0.47000001221895216,2.206603730213201,12.0,0.0,0.14000000506639482,1.1047171573068297,11.0,0.0,-0.002552771067712456,0.15458209991144636,2.6719808826843896,0.002088786677632015,0.025110880533854168,0.930353183299303
1221.6174229783937,46,3036672,3014656,2551.446339573547,2184.5159295345416,32,100,0.47000001221895216,2.206603730213201,12.0,0.0,0.14000000506639482,1.1047171573068297,11.0,0.0,-0.002027470211032778,0.1734349362862607,2.673964117964109,0.002259293263705331,0.022537231445312497,0.9158956278115511
1292.9829885447398,49,3211264,3211264,2446.445966124769,2754.9420850202678,32,100,0.47000001221895216,2.206603730213201,12.0,0.0,0.14000000506639482,1.1047171573068297,11.0,0.0,-0.0019240847577748357,0.168345927222011,2.6675102214018502,0.0022724530347962477,0.024256388346354168,0.9399078407635291
1352.9829896353185,51,3370496,3342336,2653.8666184291583,2184.533293626574,32,100,0.47000001221895216,2.206603730213201,12.0,0.0,0.14000000506639482,1.1047171573068297,11.0,0.0,-0.00029482268534290296,0.2328503812508037,2.6726789896686873,0.003137871108871574,0.03629048665364583,0.9064382935563724
1423.6059528607875,54,3538944,3538944,2385.1732114697224,2783.9103744813783,42,100,0.17000000327825546,1.1140466649854845,11.0,0.0,0.5900000050663948,2.400395651060264,11.0,0.0,-0.001993074843388361,0.1438844717340544,2.670130024353663,0.0023551891329892287,0.023910522460937497,0.9392899926751853
1483.6106286784634,56,3692800,3670016,2564.0668481818184,2184.36310527303,42,100,0.17000000327825546,1.1140466649854845,11.0,0.0,0.5900000050663948,2.400395651060264,11.0,0.0,-0.002364399032861305,0.17730636855897805,2.6686247289180756,0.0032826564996260763,0.03605143229166667,0.9434612511346738
1554.7800584826618,59,3866624,3866624,2442.396974069135,2762.5344272239995,42,100,0.17000000327825546,1.1140466649854845,11.0,0.0,0.5900000050663948,2.400395651060264,11.0,0.0,-0.0024681637563238232,0.18034383724443614,2.675740125278632,0.0024712050235393686,0.026117960611979164,0.9234197828918695
1614.7821708125994,61,4022272,3997696,2594.0420087900943,2184.456428454816,42,100,0.17000000327825546,1.1140466649854845,11.0,0.0,0.5900000050663948,2.400395651060264,11.0,0.0,-0.0027645113974964866,0.14715859848850718,2.6797303954760237,0.002769487451587338,0.031316121419270836,0.9208678224434454
1685.4706090679392,64,4194304,4194304,2433.66530999862,2781.331782855566,42,100,0.17000000327825546,1.1140466649854845,11.0,0.0,0.5900000050663948,2.400395651060264,11.0,0.0,-0.003629627894648972,0.162626038150241,2.6658330187201495,0.0029805078975186916,0.031941731770833336,0.9427523935834567
1745.4707559356466,66,4347648,4325376,2555.7270774370577,2184.5279860563833,53,100,0.18000000044703485,1.116960172576939,11.0,0.0,0.3300000071525574,1.87645940979313,11.0,0.0,-0.003779335367047073,0.14570227405056357,2.663372941315174,0.0023430758871351527,0.026082356770833332,0.9523450067887704
1817.3915606020018,69,4521984,4521984,2423.9995757660768,2733.673530379364,53,100,0.18000000044703485,1.116960172576939,11.0,0.0,0.3300000071525574,1.87645940979313,11.0,0.0,-0.004086498651304282,0.10753862489946187,2.6686572829882302,0.002807665896398248,0.027135213216145836,0.9685477167367935
1877.3916352773085,71,4680192,4653056,2636.7967182732737,2184.5306144917736,53,100,0.18000000044703485,1.116960172576939,11.0,0.0,0.3300000071525574,1.87645940979313,11.0,0.0,-0.002665918553248048,0.1301202904433012,2.6813115378220878,0.0018748749541070233,0.024083455403645832,0.9422499102850754
1948.3046465795487,74,4849664,4849664,2389.8576141082062,2772.5236369110307,53,100,0.18000000044703485,1.116960172576939,11.0,0.0,0.3300000071525574,1.87645940979313,11.0,0.0,-0.002244686552633842,0.14270555321127176,2.670592332879702,0.0025056592360973204,0.024887084960937497,0.9605245385318996
2008.3052604692057,76,5001216,4980736,2525.8408235407214,2184.510982521705,65,100,0.29000000581145285,1.5510963686767913,11.0,0.0,0.23000000715255736,1.541784670099689,11.0,0.0,-0.003028006569365971,0.10339686872127156,2.6670567815502486,0.002524092669167051,0.023020426432291668,0.9697941380242506
2079.8047077143565,79,5177344,5177344,2463.347715068458,2749.783495890372,65,100,0.29000000581145285,1.5510963686767913,11.0,0.0,0.23000000715255736,1.541784670099689,11.0,0.0,-0.00313662639867592,0.0906379430865248,2.6724908302227655,0.0018928509052784646,0.019490559895833332,0.9732498402396839
2139.8050931720063,81,5338112,5308416,2679.449453095183,2184.5192993387477,65,100,0.29000000581145285,1.5510963686767913,11.0,0.0,0.23000000715255736,1.541784670099689,11.0,0.0,-0.002933342172279178,0.19707230129279196,2.666941190759341,0.002494821632960035,0.025273640950520836,0.9487948374201854
2211.676428356208,84,5505024,5505024,2322.3723278858715,2735.5551346876523,65,100,0.29000000581145285,1.5510963686767913,11.0,0.0,0.23000000715255736,1.541784670099689,11.0,0.0,-0.0033089008235644237,0.17781893342422944,2.6721196447809534,0.0023644201828574296,0.033665974934895836,0.9596137224386135
2271.6766374055296,86,5659392,5636096,2572.791035996317,2184.5257221063257,65,100,0.29000000581145285,1.5510963686767913,11.0,0.0,0.23000000715255736,1.541784670099689,11.0,0.0,-0.0035076955440066135,0.11412610043771565,2.668388788898786,0.0024127771769902515,0.020894368489583336,0.9649771768599749
2344.3326050443575,89,5832704,5832704,2385.378732570631,2706.013096919121,75,100,0.5000000052154064,2.20680760362037,12.0,0.0,0.7000000074505806,2.651414725405464,12.0,0.0,-0.002763242475339211,0.13926714359937858,2.6648858835299807,0.0022491788683206932,0.027384440104166664,0.9589572995901109
2404.333014952019,91,5985280,5963776,2542.915960654425,2184.5184091527944,75,100,0.5000000052154064,2.20680760362037,12.0,0.0,0.7000000074505806,2.651414725405464,12.0,0.0,-0.003801264814683236,0.143570589988182,2.656098547081153,0.002672413625380917,0.032826741536458336,0.9698257545630137
2476.344727676362,94,6160384,6160384,2431.6044345492646,2730.222523002683,75,100,0.5000000052154064,2.20680760362037,12.0,0.0,0.7000000074505806,2.651414725405464,12.0,0.0,-0.0033916236546550254,0.10356492494853835,2.6640976245204606,0.0023610689428702853,0.028071085611979168,0.9795386803646882
2536.345205939375,96,6312192,6291456,2530.113165674233,2184.51592044723,75,100,0.5000000052154064,2.20680760362037,12.0,0.0,0.7000000074505806,2.651414725405464,12.0,0.0,-0.0033951767788191014,0.14239694581677514,2.6468434979518256,0.00271405472024829,0.03548177083333333,0.9759345495452484
2609.518682366237,99,6488064,6488064,2403.493842140824,2686.875212174895,86,100,0.6200000077486039,2.4404097003319483,12.0,0.0,0.7200000047683716,2.607987688960594,11.0,0.0,-0.003967243210354354,0.1184011548757553,2.656024451057116,0.0021302500129725863,0.027531941731770832,0.9756763856858015
2669.5187875758857,101,6636544,6619136,2474.6623273607684,2184.529502773644,86,100,0.6200000077486039,2.4404097003319483,12.0,0.0,0.7200000047683716,2.607987688960594,11.0,0.0,-0.0033183109432381266,0.11402803550784787,2.648780378202597,0.001876503943397741,0.027674357096354168,0.9772448980559905
2742.0537579711527,104,6815744,6815744,2470.532475900659,2710.5270592738657,86,100,0.6200000077486039,2.4404097003319483,12.0,0.0,0.7200000047683716,2.607987688960594,11.0,0.0,-0.003419738813439229,0.10589242679998279,2.6579305107394857,0.002362280769981832,0.030909220377604164,0.9815877048919599
2802.053994126618,106,6962944,6946816,2453.32367723676,2184.52473520908,86,100,0.6200000077486039,2.4404097003319483,12.0,0.0,0.7200000047683716,2.607987688960594,11.0,0.0,-0.003012062331739192,0.127567821686777,2.654796193043391,0.0028985536882828455,0.029988606770833332,0.9792804010212421
2862.0545406779274,108,7140608,7077888,2961.0396939979614,2184.513434188698,97,100,0.8599999897181988,2.835559904428421,12.0,0.0,0.4900000147521496,2.156362661888075,11.0,0.0,-0.004045336667331867,0.08072970466067393,2.6672881493965783,0.0021300724541409486,0.02642822265625,0.977829623967409
2928.715976651758,111,7274496,7274496,2008.477585939805,2949.351407269159,97,100,0.8599999897181988,2.835559904428421,12.0,0.0,0.4900000147521496,2.156362661888075,11.0,0.0,-0.0025327056743359813,0.12259897461626679,2.6599017754197116,0.002464436911395751,0.029444376627604168,0.9787619536121687
2988.7177952714264,113,7434240,7405568,2662.319304229159,2184.467121418797,97,100,0.8599999897181988,2.835559904428421,12.0,0.0,0.4900000147521496,2.156362661888075,11.0,0.0,-0.003745005332651393,0.1136107207663978,2.6649367908636727,0.001712598330414039,0.024561564127604164,0.9755694127331177
3061.421623685397,116,7602176,7602176,2309.864606355852,2704.231734270266,97,100,0.8599999897181988,2.835559904428421,12.0,0.0,0.4900000147521496,2.156362661888075,11.0,0.0,-0.0024011714291797643,0.12349093736459811,2.6425894796848297,0.0028612635366395507,0.038762410481770836,0.9816645892957847
3121.422054609284,118,7753472,7733248,2521.581889835528,2184.5176439861084,107,100,0.8400000050663948,2.798999836363103,11.0,0.0,0.5700000166893006,2.44235541921114,12.0,0.0,-0.002862113857797037,0.1564673912556221,2.6544942681988077,0.0017135136816553616,0.025334676106770836,0.9701236523687841
3181.422315952368,120,7923456,7864320,2833.054326680739,2184.5238181634613,107,100,0.8400000050663948,2.798999836363103,11.0,0.0,0.5700000166893006,2.44235541921114,12.0,0.0,-0.0021380851855307506,0.15835954846503833,2.6553313756982484,0.0022631828754432113,0.030899047851562503,0.9670236874371768
3247.640474744141,123,8060928,8060928,2076.0468504158953,2969.094936907649,107,100,0.8400000050663948,2.798999836363103,11.0,0.0,0.5700000166893006,2.44235541921114,12.0,0.0,-0.0027041726474029324,0.1749146644336482,2.6543470546603203,0.0023164623441213434,0.026041666666666668,0.9730949215590954
3307.640644407831,125,8217088,8192000,2602.6593070536346,2184.527156084362,107,100,0.8400000050663948,2.798999836363103,11.0,0.0,0.5700000166893006,2.44235541921114,12.0,0.0,-0.0026697526385153956,0.13557185197714716,2.662919777135054,0.0024359496346733067,0.027155558268229164,0.9740644805133343
3367.6407944746315,127,8384000,8323072,2781.859708920238,2184.5278695815364,107,100,0.8400000050663948,2.798999836363103,11.0,0.0,0.5700000166893006,2.44235541921114,12.0,0.0,-0.0032825902744662017,0.12001864674190679,2.6532356068491936,0.0023214763174716304,0.0323638916015625,0.9766653397430975
3433.945243430324,130,8519680,8519680,2046.3181903625734,2965.230887166899,117,100,0.720000009983778,2.607987723676182,11.0,0.0,0.49000000283122064,2.206785013698946,12.0,0.0,-0.0018658782634399056,0.19823431631084532,2.6498729959130287,0.002128034209817997,0.026707967122395836,0.9686446816970905
3493.9456203822047,132,8670464,8650752,2513.05087834575,2184.519609020414,117,100,0.720000009983778,2.607987723676182,11.0,0.0,0.49000000283122064,2.206785013698946,12.0,0.0,-0.0021504767767813364,0.1734245407084624,2.6537394896149635,0.0026043284572854946,0.030670166015624997,0.9751134403049946
3565.998940703459,135,8847360,8847360,2455.0707616428726,2728.6459405813694,117,100,0.720000009983778,2.607987723676182,11.0,0.0,0.49000000283122064,2.206785013698946,12.0,0.0,-0.0023574348160764202,0.1439751060291504,2.668420046567917,0.002073993928812949,0.020492553710937503,0.9703965311249098
3625.999324481003,137,8994816,8978432,2457.584280572348,2184.519360508754,117,100,0.720000009983778,2.607987723676182,11.0,0.0,0.49000000283122064,2.206785013698946,12.0,0.0,-0.0032764059797045775,0.15102018769054362,2.6559666246175766,0.0032291663731787894,0.036382039388020836,0.9694756207366785
3685.9995275614783,139,9172224,9109504,2956.789992228049,2184.5259394238974,117,100,0.720000009983778,2.607987723676182,11.0,0.0,0.49000000283122064,2.206785013698946,12.0,0.0,-0.003515563825203572,0.09969351580366491,2.654297860960166,0.0034088179084695485,0.0380859375,0.9827684971193473
3752.393516810611,142,9306112,9306112,2016.568088680546,2961.2319160739185,128,100,1.190000007301569,3.38436103904462,12.0,0.0,0.5800000123679638,2.3965808996881295,11.0,0.0,-0.0033350646335748024,0.15278436678151291,2.658739857375622,0.0030482746048316285,0.039215087890625,0.9675199830283722
3812.3935608183965,144,9462272,9437184,2602.6647577081217,2184.5317310599316,128,100,1.190000007301569,3.38436103904462,12.0,0.0,0.5800000123679638,2.3965808996881295,11.0,0.0,-0.004053426596025626,0.10077535725819568,2.657590160767237,0.0023247278216634486,0.028411865234375,0.9798485649128755
3884.1579294437543,147,9633792,9633792,2390.0440188558123,2739.632546986961,128,100,1.190000007301569,3.38436103904462,12.0,0.0,0.5800000123679638,2.3965808996881295,11.0,0.0,-0.003410369004996028,0.13107372090841332,2.657782894869645,0.002718565926140097,0.030217488606770836,0.9766440050055584
3944.1580915628,149,9780992,9764864,2453.3267044835916,2184.5274307749546,128,100,1.190000007301569,3.38436103904462,12.0,0.0,0.5800000123679638,2.3965808996881295,11.0,0.0,-0.004639986980085571,0.13357914293495318,2.64703236023585,0.003067371738021999,0.03594970703125,0.9774801551053921
4004.158486236818,151,9954560,9895936,2892.7809715751782,2184.518963785385,139,100,0.8500000007450581,2.7977669605606477,11.0,0.0,0.7200000122189522,2.607987736156346,11.0,0.0,-0.003174056291754823,0.14489804992141822,2.62625161310037,0.004364502119036236,0.05133056640625001,0.9834638567020496
4070.7167452601716,154,10092544,10092544,2073.1311489320237,2953.9234181443308,139,100,0.8500000007450581,2.7977669605606477,11.0,0.0,0.7200000122189522,2.607987736156346,11.0,0.0,-0.002492747744933392,0.1841320157206307,2.6365239471197124,0.0028994084956745305,0.029815673828125,0.9755467344075441
4130.717173956335,156,10238720,10223616,2436.2492598215035,2184.5177250938873,139,100,0.8500000007450581,2.7977669605606477,11.0,0.0,0.7200000122189522,2.607987736156346,11.0,0.0,-0.0034957688282399126,0.18866854735339683,2.6284842789173126,0.0030990589809031617,0.03734334309895833,0.97636169133087
4203.003120901994,159,10420224,10420224,2510.9168195091042,2719.864763586731,149,100,0.9199999913573265,2.8308302635369365,12.0,0.0,1.000000011175871,3.006659400162972,12.0,0.0,-0.003173440665705129,0.13410166169827184,2.635603236655394,0.0031134394303080626,0.03453572591145833,0.9833323533336322
4263.003333991393,161,10567424,10551296,2453.3246203755166,2184.525575012634,149,100,0.9199999913573265,2.8308302635369365,12.0,0.0,1.000000011175871,3.006659400162972,12.0,0.0,-0.004526439586091631,0.19900838161508244,2.633761376142502,0.003553265721469264,0.043507893880208336,0.9736559130251408
4323.003719191998,163,10745856,10682368,2973.847574535262,2184.519308697352,149,100,0.9199999913573265,2.8308302635369365,12.0,0.0,1.000000011175871,3.006659400162972,12.0,0.0,-0.004153642352321185,0.12450375966727734,2.6518075366814933,0.0016140394115306358,0.024556477864583336,0.9776996256162722
4389.211065772921,166,10878976,10878976,2010.6529996228246,2969.5798148275567,149,100,0.9199999913573265,2.8308302635369365,12.0,0.0,1.000000011175871,3.006659400162972,12.0,0.0,-0.003846304665785283,0.1627971756582459,2.6434458717703824,0.0021220219659880968,0.027776082356770836,0.9780224803835155
4449.214510156773,168,11034368,11010048,2589.7180002856353,2184.4079343430726,158,100,0.9800000004470348,3.042959065245156,12.0,0.0,0.4900000147521496,2.156362770288785,11.0,0.0,-0.0038164797491238764,0.1450334395437191,2.6466040487090745,0.002358283290959662,0.033960978190104164,0.9776481178899606
4509.214903279208,170,11205376,11141120,2850.114659266437,2184.5190202760714,158,100,0.9800000004470348,3.042959065245156,12.0,0.0,0.4900000147521496,2.156362770288785,11.0,0.0,-0.003064533188686861,0.1808848804794252,2.650304945806662,0.002899071247156826,0.0316925048828125,0.9730238274981579
4575.609413686208,173,11337728,11337728,1993.417817055618,2961.2086721445157,158,100,0.9800000004470348,3.042959065245156,12.0,0.0,0.4900000147521496,2.156362770288785,11.0,0.0,-0.004082778007917417,0.1498455631081015,2.6439405803879104,0.002741918225486491,0.03605143229166667,0.9744804271807274
4635.609848785214,175,11488256,11468800,2508.7818071921697,2184.517491976855,158,100,0.9800000004470348,3.042959065245156,12.0,0.0,0.4900000147521496,2.156362770288785,11.0,0.0,-0.0035661800381300663,0.12285919875527421,2.6451664641499524,0.0031911751048028236,0.036529541015625,0.9815440674622854
4695.6098773228005,177,11664384,11599872,2935.4652704817736,2184.5322943120177,158,100,0.9800000004470348,3.042959065245156,12.0,0.0,0.4900000147521496,2.156362770288785,11.0,0.0,-0.003276318939848958,0.16113474988378587,2.648309213419755,0.002210399106843397,0.027002970377604164,0.9767472601185243
4762.330605169758,180,11796480,11796480,1979.8345171383373,2946.730444112874,168,100,1.080000002682209,2.9889128383484826,12.0,0.0,1.0499999977648258,3.1729324422701466,12.0,0.0,-0.0033154055514993765,0.13658362068235874,2.647481215496858,0.003841795106685216,0.039698282877604164,0.9806801670541366
4822.331226786599,182,11941120,11927552,2410.641691742139,2184.5107011893365,168,100,1.080000002682209,2.9889128383484826,12.0,0.0,1.0499999977648258,3.1729324422701466,12.0,0.0,-0.003430624041357078,0.11362661079814038,2.638969841102759,0.0022548940729999836,0.03143310546875,0.9865952214847009
4882.33152613882,184,12114944,12058624,2897.052212683087,2184.522434305951,168,100,1.080000002682209,2.9889128383484826,12.0,0.0,1.0499999977648258,3.1729324422701466,12.0,0.0,-0.003213652453268878,0.12759071549711126,2.6498410552740097,0.0035222884847219875,0.04458618164062499,0.9791564680635928
4950.414508413523,187,12255232,12255232,2060.5442845314988,2887.7700921901296,177,100,1.2699999921023846,3.334231556370352,12.0,0.0,0.7299999967217445,2.60712484800956,11.0,0.0,-0.004934735351222723,0.08151833076650898,2.6374029715855913,0.003372051497838887,0.040379842122395836,0.9892148481061062
5010.414887544699,189,12405760,12386304,2508.784147361949,2184.5195296757106,177,100,1.2699999921023846,3.334231556370352,12.0,0.0,0.7299999967217445,2.60712484800956,11.0,0.0,-0.002671431878601046,0.21590495000903803,2.6138601824641228,0.003626621841855619,0.04864501953125,0.9780467798312505
5082.784766213037,192,12582912,12582912,2447.869241454239,2716.7103720185773,177,100,1.2699999921023846,3.334231556370352,12.0,0.0,0.7299999967217445,2.60712484800956,11.0,0.0,-0.00321042583527742,0.15622393825712302,2.6409021392464638,0.002597698434328777,0.028889973958333332,0.9747978573044142
5142.785000478849,194,12738304,12713984,2589.856554752532,2184.5248040087254,177,100,1.2699999921023846,3.334231556370352,12.0,0.0,0.7299999967217445,2.60712484800956,11.0,0.0,-0.004236044296703767,0.13084897274772325,2.632691092789173,0.003479079740524564,0.0438232421875,0.9846140332520007
5213.835805113427,197,12910592,12910592,2424.856423317014,2767.146705954631,185,100,1.089999981969595,3.0102989462913707,12.0,0.0,1.2800000049173832,3.426601738695453,11.0,0.0,-0.00470811845298158,0.10497546968205522,2.6313018475969634,0.0028561917376161245,0.032099405924479164,0.9845838335653146
5273.836206642911,199,13070336,13041664,2662.3821829176204,2184.518714188817,185,100,1.089999981969595,3.0102989462913707,12.0,0.0,1.2800000049173832,3.426601738695453,11.0,0.0,-0.0035848961633746512,0.16173212284532687,2.6304911697904267,0.0033352237369399513,0.04144287109375,0.9829311612993479
5344.087024386041,202,13238272,13238272,2390.5202159219393,2798.6578137622705,185,100,1.089999981969595,3.0102989462913707,12.0,0.0,1.2800000049173832,3.426601738695453,11.0,0.0,-0.003845293101524779,0.14026064848682532,2.625505228837331,0.003777146628635819,0.049413045247395836,0.9841756634414196
5404.087336359546,204,13390592,13369344,2538.653466789678,2184.521974783723,194,100,0.8300000011920929,2.687210400343669,13.0,0.0,1.0599999837577343,3.136303565002973,11.0,0.0,-0.003401374388583159,0.12423417441702138,2.636937278012435,0.0031153049203567207,0.030802408854166668,0.9871703026195368
5476.297872347757,207,13565952,13565952,2428.4544852101294,2722.705174658948,194,100,0.8300000011920929,2.687210400343669,13.0,0.0,1.0599999837577343,3.136303565002973,11.0,0.0,-0.003491092271967015,0.128479091450572,2.6428473566969237,0.0035895620749215595,0.038075764973958336,0.9823575435827175
5536.2983772279695,209,13714688,13697024,2478.912474102399,2184.5149513604615,194,100,0.8300000011920929,2.687210400343669,13.0,0.0,1.0599999837577343,3.136303565002973,11.0,0.0,-0.0034871625248342752,0.13587930883901814,2.626951446135839,0.00362285088885983,0.04367065429687499,0.986325042322278
5596.298419768922,211,13891584,13828096,2948.264576300275,2184.5317844656165,202,100,1.2000000104308128,3.174901631864412,12.0,0.0,0.9500000193715096,2.9744747410216665,11.0,0.0,-0.0049485804289967445,0.08942228155986717,2.638887621462345,0.0037176073031635797,0.0355987548828125,0.9887093851963679
5662.556317350827,214,14024704,14024704,2009.1189859358706,2967.314194612978,202,100,1.2000000104308128,3.174901631864412,12.0,0.0,0.9500000193715096,2.9744747410216665,11.0,0.0,-0.004535607241753799,0.08287455746904016,2.6480212683478994,0.003346475551855595,0.033259073893229164,0.9854519528647264
5722.556365429424,216,14173952,14155776,2487.4646734364906,2184.531582846455,202,100,1.2000000104308128,3.174901631864412,12.0,0.0,0.9500000193715096,2.9744747410216665,11.0,0.0,-0.003585472285825138,0.13917783822398633,2.629819604257743,0.002805789776175516,0.0356292724609375,0.9845073123772938
5794.626429648139,219,14352384,14352384,2475.8129735877988,2728.011999591721,202,100,1.2000000104308128,3.174901631864412,12.0,0.0,0.9500000193715096,2.9744747410216665,11.0,0.0,-0.0033414768016276257,0.13730335033809143,2.625127991040548,0.002739702324712804,0.03412373860677083,0.9851402845233679
5854.626936247572,221,14502912,14483456,2508.7788175678616,2184.514888766573,211,100,0.9200000047683716,2.5871992384773512,11.0,0.0,1.430000002682209,3.5784214463115984,12.0,0.0,-0.0032764731028388874,0.12893617366595814,2.640278053780397,0.0029556524168583564,0.036809285481770836,0.9845033890257279
5914.627195348032,223,14677760,14614528,2914.1207491662467,2184.523899814229,211,100,0.9200000047683716,2.5871992384773512,11.0,0.0,1.430000002682209,3.5784214463115984,12.0,0.0,-0.0034082629960418367,0.1760397860004256,2.6269985189040503,0.0030365696329681673,0.033269246419270836,0.978201987221837
5980.737723529339,226,14811136,14811136,2017.4698897310054,2973.9287434038624,211,100,0.9200000047683716,2.5871992384773512,11.0,0.0,1.430000002682209,3.5784214463115984,12.0,0.0,-0.004435440661230435,0.08836253800351794,2.6362786665558815,0.0033982516609588247,0.043253580729166664,0.9895035748680433
6040.737764903344,228,14964224,14942208,2551.464907261287,2184.5318269528075,211,100,0.9200000047683716,2.5871992384773512,11.0,0.0,1.430000002682209,3.5784214463115984,12.0,0.0,-0.003161520863310822,0.13928095328932005,2.623163623114427,0.00358296425959755,0.0444488525390625,0.9835173208266497
6112.0863347882405,231,15138816,15138816,2447.0287250559068,2755.598329681725,219,100,0.9799999885261059,2.859999838179243,13.0,0.0,1.4500000052154065,3.5731638157396826,12.0,0.0,-0.003114752095522514,0.12924121580241868,2.621017744143804,0.0027947011161207533,0.043263753255208336,0.9844073100636402
6172.086734288372,233,15289856,15269888,2517.3165721949686,2184.518788074278,219,100,0.9799999885261059,2.859999838179243,13.0,0.0,1.4500000052154065,3.5731638157396826,12.0,0.0,-0.004623336285779563,0.15595160090985397,2.6110335712631545,0.003601774929848034,0.04266866048177083,0.9803309875229994
6232.087344269268,235,15464448,15400960,2909.8370842494633,2184.5111248324415,219,100,0.9799999885261059,2.859999838179243,13.0,0.0,1.4500000052154065,3.5731638157396826,12.0,0.0,-0.003352676605572924,0.12906856501164538,2.618174078563849,0.003994348986452678,0.04803975423177083,0.9831887030353149
6298.427344094962,238,15597568,15597568,2006.6325045186727,2963.641852827578,219,100,0.9799999885261059,2.859999838179243,13.0,0.0,1.4500000052154065,3.5731638157396826,12.0,0.0,-0.0035102204395419294,0.17547171058443684,2.5976527705788617,0.004523893219811725,0.052937825520833336,0.982265784094731
6358.42747733742,240,15753472,15728640,2598.394229726095,2184.528482134254,228,100,1.2700000055134297,3.301075620266255,12.0,0.0,1.1700000025331974,3.3198042097699205,12.0,0.0,-0.00397699326761843,0.1350982174432526,2.630626512070497,0.004162976843266128,0.04600524902343749,0.9767767166097959
6430.426237601787,243,15925248,15925248,2385.8188581201753,2730.7136855980543,228,100,1.2700000055134297,3.301075620266255,12.0,0.0,1.1700000025331974,3.3198042097699205,12.0,0.0,-0.003834429825171052,0.1070604914178451,2.6223627900083857,0.003274915012904482,0.038396199544270836,0.9865897397200267
6490.426679821685,245,16083200,16056320,2632.5139308326293,2184.5172327168657,228,100,1.2700000055134297,3.301075620266255,12.0,0.0,1.1700000025331974,3.3198042097699205,12.0,0.0,-0.0032330552227601097,0.16687120660208166,2.5843439251184464,0.003949661666410975,0.0453338623046875,0.984586801379919
6550.43100845255,247,16250368,16187392,2785.9323454543787,2184.375744062239,228,100,1.2700000055134297,3.301075620266255,12.0,0.0,1.1700000025331974,3.3198042097699205,12.0,0.0,-0.004966242578423892,0.10480192707230647,2.6175284336010614,0.003425926865020301,0.04000345865885417,0.9867902019371589
6617.25454253424,250,16384000,16384000,1999.7745081341911,2942.1969774847867,239,100,1.140000017732382,3.2249651228612795,12.0,0.0,0.690000019222498,2.6103448088099728,11.0,0.0,-0.0033034847753394088,0.13219511322677135,2.626052394509315,0.0028803630890858285,0.0316314697265625,0.9799168134729067
6677.254837979563,252,16534528,16515072,2508.7876465070576,2184.5225765503633,239,100,1.140000017732382,3.2249651228612795,12.0,0.0,0.690000019222498,2.6103448088099728,11.0,0.0,-0.003974392903425421,0.13001159066334367,2.6183510621388755,0.00281846078360104,0.04180399576822917,0.9823689392457405
6737.254895718768,254,16709376,16646144,2914.1305290069677,2184.531231115033,239,100,1.140000017732382,3.2249651228612795,12.0,0.0,0.690000019222498,2.6103448088099728,11.0,0.0,-0.003548363922163844,0.1512598169889922,2.6032895296812057,0.004228278651983904,0.0424957275390625,0.9832224181542794
6803.55657378491,257,16842752,16842752,2011.6534587095277,2965.35481053535,239,100,1.140000017732382,3.2249651228612795,12.0,0.0,0.690000019222498,2.6103448088099728,11.0,0.0,-0.003965411975514144,0.10727677187727143,2.616500812272231,0.0034890199725244506,0.040476481119791664,0.986990769704183
6863.556842677295,259,16992256,16973824,2491.722166581395,2184.5235433042367,239,100,1.140000017732382,3.2249651228612795,12.0,0.0,0.690000019222498,2.6103448088099728,11.0,0.0,-0.004330801389490564,0.11325549761143824,2.6164561410744986,0.0032311209561157743,0.0405120849609375,0.9840519763529301
6923.55722524412,261,17169920,17104896,2961.0477866891815,2184.5194045891367,249,100,1.2200000144541263,3.1830175358079513,12.0,0.0,0.8699999883770942,2.834272199827958,12.0,0.0,-0.004335515716472098,0.15395321665952602,2.6076464702685676,0.0038383232507233815,0.042439778645833336,0.9810730113337437
6989.532776172273,264,17301504,17301504,1994.4357894531875,2980.0130083658523,249,100,1.2200000144541263,3.1830175358079513,12.0,0.0,0.8699999883770942,2.834272199827958,12.0,0.0,-0.003835737463911452,0.17907695084189376,2.597041241824627,0.004539974819029642,0.0487213134765625,0.9828933576742809
7049.532974890433,266,17455360,17432576,2564.258173922215,2184.526098249874,249,100,1.2200000144541263,3.1830175358079513,12.0,0.0,0.8699999883770942,2.834272199827958,12.0,0.0,-0.003472662523563485,0.2414310296686987,2.592724360525608,0.0038758137367646364,0.0507659912109375,0.9795550052076578
7109.533376677893,268,17627392,17563648,2867.180800045157,2184.51870479631,249,100,1.2200000144541263,3.1830175358079513,12.0,0.0,0.8699999883770942,2.834272199827958,12.0,0.0,-0.002974985295926066,0.20116255541021624,2.5993254333734512,0.0043144621540704975,0.05106099446614583,0.9807125683873892
7174.20371913258,271,17760256,17760256,2054.4811571563146,3040.1570880463387,249,100,1.2200000144541263,3.1830175358079513,12.0,0.0,0.8699999883770942,2.834272199827958,12.0,0.0,-0.0036408819287316874,0.14901094340408844,2.6339104672272997,0.003830000573240492,0.043162027994791664,0.9788007525106271
7234.203836524859,273,17908736,17891328,2474.6618248968016,2184.529059219246,261,100,1.5699999995529652,3.6912192658444427,12.0,0.0,1.2900000289082527,3.4879649029535074,12.0,0.0,-0.0032327159351552837,0.14710556350958845,2.600926292439302,0.004114206646894066,0.047429402669270836,0.9858215643713871
7294.204002511688,275,18081792,18022400,2884.2586875174643,2184.527289954056,261,100,1.5699999995529652,3.6912192658444427,12.0,0.0,1.2900000289082527,3.4879649029535074,12.0,0.0,-0.004748585944374402,0.1012360530051713,2.6222572127978006,0.004200554746906467,0.044281005859375,0.9846942480653524
7360.679037601687,278,18219008,18219008,2064.173412082078,2957.6216053713356,261,100,1.5699999995529652,3.6912192658444427,12.0,0.0,1.2900000289082527,3.4879649029535074,12.0,0.0,-0.0034724931368449088,0.13731917995028198,2.6169145107269287,0.004034719357756937,0.0448455810546875,0.9817515114943186
7420.679247660562,280,18367488,18350080,2474.6580029353827,2184.525685349855,261,100,1.5699999995529652,3.6912192658444427,12.0,0.0,1.2900000289082527,3.4879649029535074,12.0,0.0,-0.003925265317472318,0.10386494861450046,2.61910679936409,0.0032512153939023847,0.042338053385416664,0.9881953236957391
7480.679478768259,282,18546176,18481152,2978.1218622185893,2184.524918991286,271,100,1.5000000305473804,3.601388654634679,12.0,0.0,0.8900000229477882,2.8771339852577063,12.0,0.0,-0.0037252354401668226,0.1369824301606665,2.6126074095567065,0.0030558955416684816,0.0337677001953125,0.9832330339898666
7546.995620966889,285,18677760,18677760,1984.19262094409,2964.708040632415,271,100,1.5000000305473804,3.601388654634679,12.0,0.0,0.8900000229477882,2.8771339852577063,12.0,0.0,-0.004644738973487014,0.12634532359273482,2.611856818199158,0.004291498113161651,0.04811096191406249,0.9872903227806091
7606.995806518942,287,18831616,18808832,2564.258736608777,2184.526577610139,271,100,1.5000000305473804,3.601388654634679,12.0,0.0,0.8900000229477882,2.8771339852577063,12.0,0.0,-0.002460380317643285,0.13020918638600656,2.625112148622672,0.003606429132560151,0.03724670410156249,0.9822022163619598
7678.541818036698,290,19005440,19005440,2429.541442109066,2747.9938549922867,271,100,1.5000000305473804,3.601388654634679,12.0,0.0,0.8900000229477882,2.8771339852577063,12.0,0.0,-0.0048181880338233896,0.10016608963875721,2.6251296227176986,0.00392502350405266,0.0400848388671875,0.9853552170097828
7738.542180890217,292,19156480,19136512,2517.318109704398,2184.520122319749,271,100,1.5000000305473804,3.601388654634679,12.0,0.0,0.8900000229477882,2.8771339852577063,12.0,0.0,-0.0030044327140785754,0.16313245682977137,2.5960750207304955,0.004133212715411597,0.049738566080729164,0.9840105815480152
7810.916943755001,295,19333120,19333120,2440.6297583318324,2716.5270353606484,282,100,1.8000000052154064,3.964845505098958,12.0,0.0,1.2100000120699406,3.3475213786090476,12.0,0.0,-0.0047297710698330775,0.09518231905531138,2.616674969593684,0.0034716686926306766,0.045633951822916664,0.9882999217758577
7870.917222066782,297,19480576,19464192,2457.5886004023037,2184.5232003576034,282,100,1.8000000052154064,3.964845505098958,12.0,0.0,1.2100000120699406,3.3475213786090476,12.0,0.0,-0.002842010086169467,0.14232816391934952,2.6160363405942917,0.004201567744530621,0.041692097981770836,0.9837225011239449
7943.406396558508,300,19660800,19660800,2486.2195115847444,2712.2394671833576,282,100,1.8000000052154064,3.964845505098958,12.0,0.0,1.2100000120699406,3.3475213786090476,12.0,0.0,-0.0033925521396061713,0.17862286511808637,2.6102593888839083,0.004424408133369676,0.049901326497395836,0.9824462290853262
8003.406549888663,302,19810048,19791872,2487.46030995543,2184.527750767033,282,100,1.8000000052154064,3.964845505098958,12.0,0.0,1.2100000120699406,3.3475213786090476,12.0,0.0,-0.004915450013262064,0.12500748119782656,2.613795710106691,0.0038568222098547267,0.0374298095703125,0.9842072408646345
8063.40696320124,304,19983616,19922944,2892.7800729602363,2184.5182851853115,282,100,1.8000000052154064,3.964845505098958,12.0,0.0,1.2100000120699406,3.3475213786090476,12.0,0.0,-0.0048857517491948475,0.13810372271109372,2.5941848680377007,0.004610625482503869,0.052022298177083336,0.9852937540660301
8129.898880871944,307,20119552,20119552,2044.3988496949582,2956.8706526661545,293,100,1.5500000312924385,3.8141184703554782,12.0,0.0,1.5200000047683715,3.766908437016677,12.0,0.0,-0.004694881771380703,0.12332135330264768,2.620576622585456,0.004047825790621573,0.04555765787760417,0.9853152732054393
8189.898980581202,309,20273408,20250624,2564.2624053216596,2184.5297030360894,293,100,1.5500000312924385,3.8141184703554782,12.0,0.0,1.5200000047683715,3.766908437016677,12.0,0.0,-0.005609599867360278,0.10466242251762499,2.622427520652612,0.00429995140924196,0.049214680989583336,0.9875393863767385
8262.320469729602,312,20447232,20447232,2400.171579512992,2714.7743344123387,293,100,1.5500000312924385,3.8141184703554782,12.0,0.0,1.5200000047683715,3.766908437016677,12.0,0.0,-0.004693387825682294,0.12207480675230424,2.6287653942902884,0.00427037697651637,0.045989990234375,0.9824626632034779
8322.320722309873,314,20594432,20578304,2453.323005650207,2184.5241372050536,293,100,1.5500000312924385,3.8141184703554782,12.0,0.0,1.5200000047683715,3.766908437016677,12.0,0.0,-0.004273105786220792,0.13738555542659014,2.6062381739417715,0.004665672707536335,0.053461710611979164,0.9850768086810907
8382.320761482231,316,20769024,20709376,2909.864766895554,2184.531907112205,305,100,1.880000002682209,4.05038271541984,13.0,0.0,1.4700000241398812,3.601263600024804,12.0,0.0,-0.0036788174814622225,0.1404133668790261,2.6114167124032974,0.003112093292050607,0.038767496744791664,0.9857660476118327
8449.68178093154,319,20905984,20905984,2033.2233852705735,2918.7206726874774,305,100,1.880000002682209,4.05038271541984,13.0,0.0,1.4700000241398812,3.601263600024804,12.0,0.0,-0.0052133444454132895,0.11962725967168808,2.6187338108817735,0.004349533304169503,0.0490570068359375,0.9845351881037155
8509.682115929201,321,21053952,21037056,2466.119564261887,2184.5211365087994,305,100,1.880000002682209,4.05038271541984,13.0,0.0,1.4700000241398812,3.601263600024804,12.0,0.0,-0.005180136058091497,0.1244006856965522,2.5888513947526617,0.00340577835838,0.04299418131510417,0.9883801930894455
8569.684880077839,323,21226496,21168128,2875.6008568634843,2184.4326983888786,305,100,1.880000002682209,4.05038271541984,13.0,0.0,1.4700000241398812,3.601263600024804,12.0,0.0,-0.002842214899525667,0.20724772669685385,2.5930882270137467,0.003691322848074681,0.042490641276041664,0.9760973819841942
8637.22389796935,326,21364736,21364736,2046.8168521795276,2911.0284119886614,305,100,1.880000002682209,4.05038271541984,13.0,0.0,1.4700000241398812,3.601263600024804,12.0,0.0,-0.004844674658670556,0.13988761487416923,2.5927008489767713,0.003967949672490552,0.042536417643229164,0.9868780833979448
8697.224257532507,328,21512448,21495808,2461.8519134792336,2184.520242116755,315,100,1.4600000195205212,3.6943741185754786,12.0,0.0,1.420000033825636,3.611592447954659,12.0,0.0,-0.004568082452654683,0.157569000730291,2.617330508927504,0.0035095585826638853,0.04646301269531249,0.9762700696786245
8768.959379178472,331,21692416,21692416,2508.7850396100043,2740.749516956591,315,100,1.4600000195205212,3.6943741185754786,12.0,0.0,1.420000033825636,3.611592447954659,12.0,0.0,-0.0034651584137463942,0.14380952269614983,2.6130406583348913,0.0037917420352944946,0.04268391927083333,0.9840303659439087
8828.95993473567,333,21838848,21823488,2440.510735944864,2184.5131063002977,315,100,1.4600000195205212,3.6943741185754786,12.0,0.0,1.420000033825636,3.611592447954659,12.0,0.0,-0.004379994992632419,0.14276138320565224,2.5869590068856874,0.005238314378705885,0.06111653645833333,0.9870557977507511
8888.960506283678,335,22018048,21954560,2986.6382165479736,2184.512524103661,326,100,2.2300000220537184,4.289184136852323,12.0,0.0,1.6399999953806401,3.8171193730006823,12.0,0.0,-0.003783019540909057,0.16483076304818192,2.582277290523052,0.004527103314709772,0.05572509765625,0.9844877030700445
8955.241175087169,338,22151168,22151168,2008.4287380182436,2966.294751534637,326,100,2.2300000220537184,4.289184136852323,12.0,0.0,1.6399999953806401,3.8171193730006823,12.0,0.0,-0.004707173820255169,0.1580515504659464,2.584996233383815,0.004027600110324177,0.04425048828125,0.9826013135413328
9015.241557472385,340,22304000,22282240,2547.183766576393,2184.5194112011945,326,100,2.2300000220537184,4.289184136852323,12.0,0.0,1.6399999953806401,3.8171193730006823,12.0,0.0,-0.004856972581668136,0.18547450782110295,2.5841884066661196,0.0036772088418122926,0.049977620442708336,0.98090167529881
9075.241760172881,342,22475520,22413312,2858.657009146786,2184.5259532584396,326,100,2.2300000220537184,4.289184136852323,12.0,0.0,1.6399999953806401,3.8171193730006823,12.0,0.0,-0.005465668578835903,0.13967374537605792,2.5907876963416734,0.004201406656041703,0.051518758138020836,0.9860118646174669
9139.97093691025,345,22609920,22609920,2076.3434169001407,3037.393798436777,335,100,1.6799999862909316,3.754676995006413,12.0,0.0,1.6699999906122684,3.836808518695164,12.0,0.0,-0.004801643536969399,0.13085327518638223,2.581604480743408,0.0036236381013926193,0.04630533854166667,0.9847410973161459
9199.971113764681,347,22754560,22740992,2410.659561069558,2184.526894278962,335,100,1.6799999862909316,3.754676995006413,12.0,0.0,1.6699999906122684,3.836808518695164,12.0,0.0,-0.0032880695919933105,0.15486989814477664,2.575997993350029,0.004874759836942152,0.0562896728515625,0.9842411689460278
9259.971323484555,349,22930944,22872064,2939.723058027513,2184.5256976924334,335,100,1.6799999862909316,3.754676995006413,12.0,0.0,1.6699999906122684,3.836808518695164,12.0,0.0,-0.002935501581911619,0.2035406163583199,2.5806526641050977,0.0049196196511426624,0.0545196533203125,0.9805067852139472
9327.726091151126,352,23068672,23068672,2032.7425617895356,2901.758898614058,335,100,1.6799999862909316,3.754676995006413,12.0,0.0,1.6699999906122684,3.836808518695164,12.0,0.0,-0.004431854737049434,0.19328979573523006,2.5805118530988693,0.004171925688448634,0.045501708984375,0.9793970752507448
9387.726652694866,354,23222272,23199744,2559.976041024646,2184.512888341031,335,100,1.6799999862909316,3.754676995006413,12.0,0.0,1.6699999906122684,3.836808518695164,12.0,0.0,-0.004932293598055064,0.09793958560718845,2.6093275398015976,0.004031623874955888,0.045282999674479164,0.9873274030784766
9460.17552523315,357,23396352,23396352,2402.7979166689247,2713.748235296668,344,100,1.7599999904632568,3.8707103867127053,12.0,0.0,1.5300000049173832,3.6727510650453215,11.0,0.0,-0.005134067469043657,0.11885247856844217,2.5899313911795616,0.003597957715707404,0.045277913411458336,0.9865861001114051
9520.175778373145,359,23549952,23527424,2559.9891994057793,2184.524116826265,344,100,1.7599999904632568,3.8707103867127053,12.0,0.0,1.5300000049173832,3.6727510650453215,11.0,0.0,-0.00534633770439541,0.10974661695460479,2.604635280867418,0.004249787071482084,0.04748026529947917,0.9865103966246049
9592.285228077322,362,23724032,23724032,2414.1080082311964,2726.521985766998,344,100,1.7599999904632568,3.8707103867127053,12.0,0.0,1.5300000049173832,3.6727510650453215,11.0,0.0,-0.0043085581686076084,0.10953120382813117,2.607255739470323,0.0033876155691056433,0.039337158203125,0.9887365568429232
9652.285525134765,364,23879424,23855104,2589.853844410681,2184.5225178554674,344,100,1.7599999904632568,3.8707103867127053,12.0,0.0,1.5300000049173832,3.6727510650453215,11.0,0.0,-0.0028687190448787683,0.19159436714835465,2.5777632445096974,0.003934775570087368,0.044367472330729164,0.9817128392557303
9724.87044564914,367,24051712,24051712,2373.605960839752,2708.661779977607,354,100,1.320000009983778,3.361190263928061,12.0,0.0,2.0300000004470347,4.184387605293652,12.0,0.0,-0.006187644522772946,0.12015679944306612,2.594204045832157,0.004599789586791303,0.05425516764322917,0.9894743940482538
9784.870869398117,369,24199936,24182784,2470.38255296532,2184.517905212856,354,100,1.320000009983778,3.361190263928061,12.0,0.0,2.0300000004470347,4.184387605293652,12.0,0.0,-0.005542317727910509,0.152573267929256,2.5965058108170824,0.0035039606482314407,0.041483561197916664,0.982342291623354
9844.871208858676,371,24378368,24313856,2973.8498415878303,2184.520974021477,354,100,1.320000009983778,3.361190263928061,12.0,0.0,2.0300000004470347,4.184387605293652,12.0,0.0,-0.005515290416951757,0.08949647401459515,2.608169694741567,0.004519289672922847,0.0526580810546875,0.9878194400419792
9911.316891514696,374,24510464,24510464,1988.0298421169462,2958.928137104292,354,100,1.320000009983778,3.361190263928061,12.0,0.0,2.0300000004470347,4.184387605293652,12.0,0.0,-0.004406821654508046,0.15035938587971032,2.577802389860153,0.004133000388416501,0.048182169596354164,0.9857910542438427
9971.317439191043,376,24663552,24641536,2551.443377246851,2184.5133932280733,365,100,1.6499999985098839,3.755995237017676,12.0,0.0,1.1200000077486039,3.1977490956648653,12.0,0.0,-0.004643973836209625,0.14983156315671903,2.580200769007206,0.004651897934915421,0.05990091959635417,0.9831088259816169
10043.89091816917,379,24838144,24838144,2405.7273050478934,2709.0888127225544,365,100,1.6499999985098839,3.755995237017676,12.0,0.0,1.1200000077486039,3.1977490956648653,12.0,0.0,-0.0031624022522009905,0.2021285155011962,2.587381241222223,0.003600331542960096,0.051218668619791664,0.9769299905747175
10103.894679876976,381,24987392,24969216,2487.310724397239,2184.396382317987,365,100,1.6499999985098839,3.755995237017676,12.0,0.0,1.1200000077486039,3.1977490956648653,12.0,0.0,-0.006093572278283924,0.13839476051119468,2.5999683812260628,0.0037480438489486305,0.049138387044270836,0.9848214704543352
10163.894920183346,383,25161728,25100288,2905.5883628101324,2184.524584080452,365,100,1.6499999985098839,3.755995237017676,12.0,0.0,1.1200000077486039,3.1977490956648653,12.0,0.0,-0.00418933453814437,0.17140324700934192,2.5769737139344215,0.004617528878346396,0.0477752685546875,0.9822606878976027
10229.866667349823,386,25296896,25296896,2048.87706943563,2980.184828270007,374,100,1.7600000217556953,3.8938926465562607,12.0,0.0,1.819999995827675,4.023381534494464,14.0,0.0,-0.004947641435137484,0.14068048334835717,2.5896644393603006,0.004689371655937673,0.048853556315104164,0.9868482761085033
10289.867074158043,388,25445376,25427968,2474.649888201404,2184.5185219984805,374,100,1.7600000217556953,3.8938926465562607,12.0,0.0,1.819999995827675,4.023381534494464,14.0,0.0,-0.005198267792972426,0.16732789836047837,2.580169662833214,0.0036551479345992752,0.052769978841145836,0.9820657819509506
10361.715178234503,391,25624576,25624576,2494.1507128608046,2736.439639252997,374,100,1.7600000217556953,3.8938926465562607,12.0,0.0,1.819999995827675,4.023381534494464,14.0,0.0,-0.005867127673506427,0.1117506705923006,2.6017873684565225,0.003498462591475497,0.042521158854166664,0.9868305530399085
10421.715685643256,393,25771264,25755648,2444.779324959521,2184.5148593006543,374,100,1.7600000217556953,3.8938926465562607,12.0,0.0,1.819999995827675,4.023381534494464,14.0,0.0,-0.005103387966907272,0.1494717023257787,2.576809711754322,0.0038756549480846534,0.0503082275390625,0.9848879824082057
10481.71610589046,395,25945088,25886720,2897.0463754059856,2184.5180327067224,384,100,1.9900000095367432,4.148481616756711,13.0,0.0,1.9100000336766243,4.091686639332913,12.0,0.0,-0.004624198821450894,0.14240824004324773,2.578381799161434,0.0035029077565316884,0.04165649414062501,0.9877102722724279
10548.489812245592,398,26083328,26083328,2070.275974569667,2944.3924971657484,384,100,1.9900000095367432,4.148481616756711,13.0,0.0,1.9100000336766243,4.091686639332913,12.0,0.0,-0.003528836433057828,0.15727030710938078,2.588788328071435,0.0034734785343365124,0.046910603841145836,0.9848420731723309
10608.48988580145,400,26237440,26214400,2568.5301844926867,2184.530655249594,384,100,1.9900000095367432,4.148481616756711,13.0,0.0,1.9100000336766243,4.091686639332913,12.0,0.0,-0.006194240408755529,0.1430545789965739,2.582601336141427,0.004832010301470292,0.060251871744791664,0.9868054259568453
10668.490308593959,402,26409472,26345472,2867.1797962976602,2184.517940036312,384,100,1.9900000095367432,4.148481616756711,13.0,0.0,1.9100000336766243,4.091686639332913,12.0,0.0,-0.0054601135513318395,0.14258839624623457,2.571610761185487,0.004872484957862374,0.060231526692708336,0.9878710433840752
10734.000416342169,405,26542080,26542080,2024.2372445742544,3001.185721685381,394,100,1.460000006109476,3.4825852846997423,12.0,0.0,1.780000026524067,3.97134733739145,12.0,0.0,-0.004742951978793523,0.1520380136401703,2.5825518320004144,0.00446471462722305,0.054112752278645836,0.9828257424136003
10794.000752042048,407,26689792,26673152,2461.8528926047125,2184.5211109421366,394,100,1.460000006109476,3.4825852846997423,12.0,0.0,1.780000026524067,3.97134733739145,12.0,0.0,-0.003996967158551948,0.17364920427401861,2.555144573251406,0.004697825064795325,0.052363077799479164,0.9842796449859937
10866.147846295498,410,26869760,26869760,2494.4594354386286,2725.0993547892845,394,100,1.460000006109476,3.4825852846997423,12.0,0.0,1.780000026524067,3.97134733739145,12.0,0.0,-0.00495891086999715,0.14575125548678142,2.593266760309537,0.004916071742021208,0.056935628255208336,0.9820120117316644
10926.147927932441,412,27017984,27000832,2470.3966387395103,2184.5303610269934,394,100,1.460000006109476,3.4825852846997423,12.0,0.0,1.780000026524067,3.97134733739145,12.0,0.0,-0.005201805048272945,0.18934267743801075,2.574106809993585,0.005257302630828538,0.06435648600260417,0.9823676813393831
10998.204398393631,415,27197440,27197440,2490.491122468406,2728.526650578796,403,100,1.7300000309944152,3.7679039684208133,12.0,0.0,1.8000000074505806,3.9673668951425083,12.0,0.0,-0.00477845212056612,0.16915884955475727,2.5801838636398315,0.005194478505776109,0.061014811197916664,0.9804449783017237
11058.206813419238,417,27348480,27328512,2517.2320136704807,2184.4454084733666,403,100,1.7300000309944152,3.7679039684208133,12.0,0.0,1.8000000074505806,3.9673668951425083,12.0,0.0,-0.004471997907482243,0.1212707458374401,2.6031541476647058,0.00508941483773621,0.056610107421875,0.984758942698439
11131.17988210544,420,27525120,27525120,2420.619047275989,2694.254243924579,403,100,1.7300000309944152,3.7679039684208133,12.0,0.0,1.8000000074505806,3.9673668951425083,12.0,0.0,-0.006027693367893032,0.14007300790399313,2.595369860529899,0.004836952538122811,0.058603922526041664,0.9834898691624402
11191.179888354614,422,27673344,27656192,2470.399742700683,2184.5331058078577,403,100,1.7300000309944152,3.7679039684208133,12.0,0.0,1.8000000074505806,3.9673668951425083,12.0,0.0,-0.004668379689974245,0.14967445586808026,2.5818165689706802,0.0046440184002373526,0.057210286458333336,0.9862527344375849
11251.180255432613,424,27852544,27787264,2986.6483944514034,2184.5199685130265,413,100,1.859999993443489,3.8315010128524274,12.0,0.0,1.630000004172325,3.7673731078353585,12.0,0.0,-0.004982954444130883,0.12146801885683091,2.5909427205721536,0.004652995430660667,0.05282084147135417,0.990457913527886
11316.735231118277,427,27983872,27983872,2003.3261949438972,2999.1316134832614,413,100,1.859999993443489,3.8315010128524274,12.0,0.0,1.630000004172325,3.7673731078353585,12.0,0.0,-0.004556736431065171,0.18586142555189628,2.5942698468764624,0.003942095046416701,0.04799397786458333,0.9828378440191349
11376.735429991968,429,28139776,28114944,2598.3913874718905,2184.5260925872053,413,100,1.859999993443489,3.8315010128524274,12.0,0.0,1.630000004172325,3.7673731078353585,12.0,0.0,-0.005216527351876721,0.09931005432736127,2.6046989435950914,0.0034306404510668167,0.038599650065104164,0.9874667916446924
11436.736787026748,431,28311552,28246016,2862.8685831293647,2184.4839263222575,413,100,1.859999993443489,3.8315010128524274,12.0,0.0,1.630000004172325,3.7673731078353585,12.0,0.0,-0.00595000310568139,0.1347823959464828,2.597969551881154,0.00457055196663229,0.056538899739583336,0.9874527429540952
11502.393443661742,434,28442624,28442624,1996.3246183653664,2994.4869275480496,423,100,2.000000013411045,4.140048285168647,12.0,0.0,1.4299999825656413,3.459060460425991,12.0,0.0,-0.0038030709013886135,0.15158773838387182,2.6081137855847674,0.0037321674317354336,0.04891967773437501,0.985596147676309
11562.39358034078,436,28588544,28573696,2431.9944599555965,2184.5283570127467,423,100,2.000000013411045,4.140048285168647,12.0,0.0,1.4299999825656413,3.459060460425991,12.0,0.0,-0.004846310939077132,0.13172792569578937,2.5974015096823377,0.003801531320884048,0.051686604817708336,0.9856270185361306
11635.178162535653,439,28770304,28770304,2497.232168117128,2701.2314156534567,423,100,2.000000013411045,4.140048285168647,12.0,0.0,1.4299999825656413,3.459060460425991,12.0,0.0,-0.004996069850070247,0.16497108479961753,2.577556535601616,0.004130686001493207,0.04931131998697917,0.9833298629770677
11695.178422833793,441,28921600,28901376,2521.58906058428,2184.523856208378,423,100,2.000000013411045,4.140048285168647,12.0,0.0,1.4299999825656413,3.459060460425991,12.0,0.0,-0.004354168486315757,0.1452169716746236,2.591107147435347,0.004200146258275102,0.0525665283203125,0.986489824950695
11755.178784184158,443,29097472,29032448,2931.182346936485,2184.5201770472786,433,100,1.8600000053644181,3.914128156242858,12.0,0.0,1.420000009983778,3.567015524533746,13.0,0.0,-0.0033259910366420322,0.15966302742405483,2.595228967567285,0.004278533864635392,0.048985799153645836,0.9809873607009649
11821.424773532897,446,29229056,29229056,1986.293831424286,2967.8475924783106,433,100,1.8600000053644181,3.914128156242858,12.0,0.0,1.420000009983778,3.567015524533746,13.0,0.0,-0.006126254105765838,0.1310303908151885,2.5775535106658936,0.003852549258832975,0.0524139404296875,0.9877221807837486
11881.425234967843,448,29381888,29360128,2547.1804106991017,2184.5165331288777,433,100,1.8600000053644181,3.914128156242858,12.0,0.0,1.420000009983778,3.567015524533746,13.0,0.0,-0.002640126743547929,0.17017721633116403,2.5804882968465486,0.0056975119963074885,0.064422607421875,0.9855504209796588
11941.425755514763,450,29553152,29491200,2854.3752360626772,2184.5143809627666,433,100,1.8600000053644181,3.914128156242858,12.0,0.0,1.420000009983778,3.567015524533746,13.0,0.0,-0.0036261823333916254,0.18004477299594632,2.5786279514431953,0.004523281376653661,0.056203206380208336,0.9817818887531756
12007.434421511367,453,29687808,29687808,2039.9745695046834,2978.5180026228077,443,100,1.8499999940395355,3.9277855251558433,13.0,0.0,2.1199999980628492,4.318055089835049,14.0,0.0,-0.0049777753301896155,0.13383678544778377,2.5919626280665398,0.004324436016152807,0.056803385416666664,0.9875916820019484
12067.434654551558,455,29832704,29818880,2414.923953761,2184.5248486318587,443,100,1.8499999940395355,3.9277855251558433,13.0,0.0,2.1199999980628492,4.318055089835049,14.0,0.0,-0.00480995501372187,0.16267308290116492,2.575660621126493,0.0055662495869910344,0.06348673502604167,0.9865036215633153
12127.434814547189,457,30014464,29949952,3029.325255353269,2184.5275080857377,443,100,1.8499999940395355,3.9277855251558433,13.0,0.0,2.1199999980628492,4.318055089835049,14.0,0.0,-0.003228468614300558,0.1597940995513151,2.585826148589452,0.004523616377506793,0.055033365885416664,0.9841161283353965
12193.998078278266,460,30146560,30146560,1984.5180749201531,2953.701320811391,443,100,1.8499999940395355,3.9277855251558433,13.0,0.0,2.1199999980628492,4.318055089835049,14.0,0.0,-0.004644242258412609,0.20053659790816408,2.5907720600565276,0.004353548124223986,0.0500640869140625,0.9820884397874277
12253.99851747416,462,30302720,30277632,2602.6476154642423,2184.5173428158887,443,100,1.8499999940395355,3.9277855251558433,13.0,0.0,2.1199999980628492,4.318055089835049,14.0,0.0,-0.0037410929847586276,0.1705067005629341,2.582341007888317,0.004184552758185116,0.0509033203125,0.9809040687978268
12326.190660104156,465,30474240,30474240,2375.8818307843544,2723.398874690126,452,100,1.8299999833106995,3.8834391202892466,12.0,0.0,1.4600000098347663,3.4911888650707086,12.0,0.0,-0.002381252073973883,0.2230720828908185,2.560693534711997,0.005774485154082262,0.06337992350260417,0.9848331641405821
12386.191364692524,467,30624000,30605312,2495.9706894680667,2184.5076803549573,452,100,1.8299999833106995,3.8834391202892466,12.0,0.0,1.4600000098347663,3.4911888650707086,12.0,0.0,-0.004622478622574515,0.1683043506151686,2.562417631347974,0.005854711145123777,0.06708272298177083,0.9866432975977659
12446.191470606253,469,30794240,30736384,2837.328324799637,2184.5294771389686,452,100,1.8299999833106995,3.8834391202892466,12.0,0.0,1.4600000098347663,3.4911888650707086,12.0,0.0,-0.0053848931614387165,0.12137763027567416,2.5858233173688254,0.004774475672699434,0.052683512369791664,0.9888887566824754
12512.647520110942,472,30932992,30932992,2087.876138201807,2958.466557452007,452,100,1.8299999833106995,3.8834391202892466,12.0,0.0,1.4600000098347663,3.4911888650707086,12.0,0.0,-0.004262671332980971,0.19322217317918935,2.5509891932209334,0.004659999151044758,0.06131998697916667,0.984606076652805
12572.647615921684,474,31079424,31064064,2440.5294361844303,2184.5298449762736,463,100,1.9399999737739564,4.076321793539791,13.0,0.0,2.4100000292062758,4.331500946250903,13.0,0.0,-0.004364316853752825,0.17439130771284303,2.5640680740276975,0.005139967211410597,0.060150146484375,0.9849205358574787
12632.648495792411,476,31253760,31195136,2905.557391418396,2184.501298687546,463,100,1.9399999737739564,4.076321793539791,13.0,0.0,2.4100000292062758,4.331500946250903,13.0,0.0,-0.0034509892429923643,0.23178725169661146,2.561478339135647,0.0060218209291633676,0.070770263671875,0.9769644221911828
12700.215479221195,479,31391744,31391744,2042.180855172209,2909.823556163741,463,100,1.9399999737739564,4.076321793539791,13.0,0.0,2.4100000292062758,4.331500946250903,13.0,0.0,-0.004132659266664026,0.18751372412467995,2.5400104795893035,0.005519400618140934,0.07018534342447917,0.9862371838341157
12760.21609806735,481,31540224,31522816,2474.641142964032,2184.510802064801,463,100,1.9399999737739564,4.076321793539791,13.0,0.0,2.4100000292062758,4.331500946250903,13.0,0.0,-0.0034945068800880112,0.19196554894248646,2.5603452498714128,0.004688672383660256,0.06306966145833333,0.9841004125773907
12820.216121539474,483,31709440,31653888,2820.2655633730037,2184.532478739755,473,100,2.1900000005960463,4.31438283813993,13.0,0.0,2.549999988079071,4.508602966033417,13.0,0.0,-0.005964443126382927,0.11161421041470021,2.5603630741437278,0.004644563674446545,0.06601969401041667,0.9904303966710966
12887.7042367924,486,31850496,31850496,2090.0865207357,2913.2240434210844,473,100,2.1900000005960463,4.31438283813993,13.0,0.0,2.549999988079071,4.508602966033417,13.0,0.0,-0.0038212661893339828,0.1449010755556325,2.5713875417908034,0.004923188076039272,0.055816650390625,0.9845405785987775
12947.70715191774,488,32003584,31981568,2551.3427086036427,2184.427202015159,473,100,2.1900000005960463,4.31438283813993,13.0,0.0,2.549999988079071,4.508602966033417,13.0,0.0,-0.0045590226000058465,0.2320622147526592,2.568144659201304,0.005660832252639618,0.06503804524739583,0.9789226303497951
13019.983726141974,491,32178176,32178176,2415.6097860745176,2720.2174717085477,473,100,2.1900000005960463,4.31438283813993,13.0,0.0,2.549999988079071,4.508602966033417,13.0,0.0,-0.00539678906595024,0.1593553346271316,2.5792390306790667,0.005006337968855708,0.056498209635416664,0.9831092972308397
13079.983962095343,493,32336384,32309248,2636.7896306767548,2184.5247425671496,481,100,1.8000000312924385,3.9673669125260007,13.0,0.0,1.6100000031292439,3.775963512230402,12.0,0.0,-0.004762963224493433,0.1449208587873727,2.573354557156563,0.003847355440787699,0.055124918619791664,0.9854685378571352
13153.189740164205,496,32505856,32505856,2315.0085207834536,2685.6896434466653,481,100,1.8000000312924385,3.9673669125260007,13.0,0.0,1.6100000031292439,3.775963512230402,12.0,0.0,-0.005152693886581498,0.159817108962064,2.54468784481287,0.0051988018415916794,0.06835428873697917,0.9860935943822067
13213.19038514141,498,32655104,32636928,2487.4399276324853,2184.5098506823883,481,100,1.8000000312924385,3.9673669125260007,13.0,0.0,1.6100000031292439,3.775963512230402,12.0,0.0,-0.004621655990680059,0.23442524555139244,2.526703402400017,0.006915998335292292,0.086761474609375,0.982893838857611
13285.453606046736,501,32833536,32833536,2469.195224964686,2720.720133103126,481,100,1.8000000312924385,3.9673669125260007,13.0,0.0,1.6100000031292439,3.775963512230402,12.0,0.0,-0.0035423568867069357,0.21228725905530155,2.5451212798555694,0.005543099555628335,0.06424967447916667,0.9827744867652655
13345.454050323926,503,32988672,32964608,2585.5808547567362,2184.517157814272,492,100,2.360000017285347,4.537664529440913,13.0,0.0,2.2999999940395357,4.396589665429754,13.0,0.0,-0.004057164290619161,0.2389243982421855,2.5350020055969558,0.005280533495655011,0.06664021809895833,0.98015049037834
13418.306012081914,506,33161216,33161216,2368.419406098995,2698.733091816065,492,100,2.360000017285347,4.537664529440913,13.0,0.0,2.2999999940395357,4.396589665429754,13.0,0.0,-0.003347798177856021,0.2833817798333863,2.5186483388145766,0.00667013983729703,0.07526652018229167,0.9789128017922243
13478.306517635472,508,33313536,33292288,2538.6452763141147,2184.514926845087,492,100,2.360000017285347,4.537664529440913,13.0,0.0,2.2999999940395357,4.396589665429754,13.0,0.0,-0.0049258550207014196,0.24240642654088634,2.546603798866272,0.005759109050510839,0.06997172037760417,0.9799203705042601
13550.869331652299,511,33488896,33488896,2416.6648217272295,2709.486982608047,492,100,2.360000017285347,4.537664529440913,13.0,0.0,2.2999999940395357,4.396589665429754,13.0,0.0,-0.004652257681300398,0.22470483191621798,2.5589927484591803,0.00508622234823027,0.058766682942708336,0.9792566293229659
13610.86991053354,513,33638656,33619968,2495.9759187726945,2184.51225711388,501,100,2.0400000005960464,4.105898197478045,12.0,0.0,2.569999970495701,4.574396147350417,13.0,0.0,-0.0037671129393856972,0.20900802958446246,2.55698365966479,0.005236570743970029,0.06307474772135416,0.981357137983044
13670.870231708512,515,33812736,33751040,2901.317802822277,2184.5216397720674,501,100,2.0400000005960464,4.105898197478045,12.0,0.0,2.569999970495701,4.574396147350417,13.0,0.0,-0.0032436697559508807,0.23683740097718936,2.5472590401768684,0.004857232268477674,0.0630340576171875,0.9805975103129944
13738.821753638797,518,33947648,33947648,1985.4154280519815,2893.3568287360945,501,100,2.0400000005960464,4.105898197478045,12.0,0.0,2.569999970495701,4.574396147350417,13.0,0.0,-0.0029748873348580673,0.19317182339727879,2.5374005014697714,0.004894678825924833,0.0598907470703125,0.9827455089737972
13798.822261768393,520,34095872,34078720,2470.379078787916,2184.5148330559814,511,100,2.240000033378601,4.287470161453634,12.0,0.0,2.4099999837577344,4.492426880209374,13.0,0.0,-0.004036270050467768,0.18520180803413192,2.54740043481191,0.004974004935623573,0.055491129557291664,0.9865373677263657
13858.822566557676,522,34270464,34209792,2909.851885138868,2184.5222363505873,511,100,2.240000033378601,4.287470161453634,12.0,0.0,2.4099999837577344,4.492426880209374,13.0,0.0,-0.004497055565783133,0.2257932055120667,2.5465333784619966,0.0055789164598536445,0.06737772623697917,0.9813418872654438
13925.164828037843,525,34406400,34406400,2049.010645207459,2963.5408201870596,511,100,2.240000033378601,4.287470161453634,12.0,0.0,2.4099999837577344,4.492426880209374,13.0,0.0,-0.004528200634619377,0.20664072370467088,2.538359356423219,0.003984457211724172,0.047002156575520836,0.9851114557435114
13985.165186238475,527,34553344,34537472,2449.052045800155,2184.52029172418,511,100,2.240000033378601,4.287470161453634,12.0,0.0,2.4099999837577344,4.492426880209374,13.0,0.0,-0.002533578260530097,0.21943823310236135,2.537204610804717,0.0054456384035196,0.06508382161458333,0.9829303584992886
14045.165892841294,529,34730240,34668544,2948.23194618325,2184.5076070127698,511,100,2.240000033378601,4.287470161453634,12.0,0.0,2.4099999837577344,4.492426880209374,13.0,0.0,-0.0059975589271440794,0.21320180074932676,2.5310394540429115,0.0051297773018935304,0.065216064453125,0.9828937941541274
14111.981470122933,532,34865152,34865152,2019.1698626103769,2942.5473519635093,520,100,2.6500000074505805,4.581211690787703,13.0,0.0,2.759999990463257,4.69706301509645,13.0,0.0,-0.005721267862099921,0.18443258681024116,2.55284471064806,0.004611790983593285,0.057927449544270836,0.9837455681214731
14171.9817946814,534,35019776,34996224,2577.0527265953087,2184.5215165841028,520,100,2.6500000074505805,4.581211690787703,13.0,0.0,2.759999990463257,4.69706301509645,13.0,0.0,-0.0035740795040813587,0.24959314614534378,2.5453690364956856,0.005481084210866054,0.06857808430989583,0.9793666638433933
14244.933188423514,537,35192832,35192832,2372.209647039218,2695.0547469321295,520,100,2.6500000074505805,4.581211690787703,13.0,0.0,2.759999990463257,4.69706301509645,13.0,0.0,-0.0034950670960824932,0.19898508729723594,2.5372651293873787,0.005143224749796597,0.060063680013020836,0.9830843737969795
14304.933427040465,539,35344896,35323904,2534.389920860082,2184.524645589835,520,100,2.6500000074505805,4.581211690787703,13.0,0.0,2.759999990463257,4.69706301509645,13.0,0.0,-0.0047008365945657715,0.18638085116011402,2.556378742059072,0.005602313229246647,0.06357320149739583,0.9855533198763927
14364.9338099109,541,35513600,35454976,2811.7153912883837,2184.5193935351326,529,100,2.1800000317394734,4.12887403649153,12.0,0.0,1.8200000159442424,3.993444589010059,12.0,0.0,-0.003048799087991938,0.22282537460948032,2.524129395683606,0.005630500965708052,0.06895955403645833,0.9833130848904451
14431.94571213983,544,35651584,35651584,2059.096897870662,2933.9265631997555,529,100,2.1800000317394734,4.12887403649153,12.0,0.0,1.8200000159442424,3.993444589010059,12.0,0.0,-0.0034696129587246105,0.2966160694292436,2.555287217100461,0.005761667000721597,0.07612101236979167,0.9763284077246984
14491.94610357564,546,35795200,35782656,2393.5843844226506,2184.5190816834174,529,100,2.1800000317394734,4.12887403649153,12.0,0.0,1.8200000159442424,3.993444589010059,12.0,0.0,-0.004206173444496623,0.18752617218221226,2.5701973512768745,0.00518410519543977,0.06328328450520833,0.9833856814851363
14551.949708190747,548,35972096,35913728,2948.089554530907,2184.402101186432,529,100,2.1800000317394734,4.12887403649153,12.0,0.0,1.8200000159442424,3.993444589010059,12.0,0.0,-0.0051574415641274145,0.18054599656412998,2.553613411883513,0.004919257613437367,0.055450439453125,0.9849866162985563
14618.904396434315,551,36110336,36110336,2064.6799145283176,2936.4336562180515,539,100,2.23999999165535,4.299116272959106,13.0,0.0,2.679999978840351,4.645169449102435,13.0,0.0,-0.00390395893433985,0.18990438904923695,2.5500980590780578,0.0050816200382541865,0.06265767415364583,0.9853498836358388
14678.90454101935,553,36261888,36241408,2525.8605799726292,2184.5280691655175,539,100,2.23999999165535,4.299116272959106,13.0,0.0,2.679999978840351,4.645169449102435,13.0,0.0,-0.0044222323631402105,0.21176560828462243,2.5457886084914203,0.005649925318721216,0.061915079752604164,0.9840493090450764
14738.904790745117,555,36435200,36372480,2888.521311030027,2184.5242411334916,539,100,2.23999999165535,4.299116272959106,13.0,0.0,2.679999978840351,4.645169449102435,13.0,0.0,-0.004088782656860227,0.23616625485010445,2.532275711496671,0.005178641267775674,0.05926513671875,0.9808153814325731
14805.290885210037,558,36569088,36569088,2016.8079035098035,2961.5840724579903,548,100,2.4399999886751176,4.4279114920172225,13.0,0.0,2.360000009834766,4.398908903232078,13.0,0.0,-0.005083325020677876,0.23037684398392835,2.5420242672165236,0.005325498260087139,0.063812255859375,0.982002050926288
14865.291249387898,560,36715008,36700160,2431.9852387469905,2184.5200741025596,548,100,2.4399999886751176,4.4279114920172225,13.0,0.0,2.360000009834766,4.398908903232078,13.0,0.0,-0.00506740840501152,0.14925690406622985,2.542066680888335,0.004205390883726068,0.05100504557291667,0.9885399167736371
14925.291528156959,562,36892416,36831232,2956.786262324503,2184.5231837087235,548,100,2.4399999886751176,4.4279114920172225,13.0,0.0,2.360000009834766,4.398908903232078,13.0,0.0,-0.004414115949960736,0.1552681805721174,2.554754061003526,0.005723557517436954,0.06741841634114583,0.988952426239848
14992.444367459975,565,37027840,37027840,2016.653374683391,2927.768982527116,548,100,2.4399999886751176,4.4279114920172225,13.0,0.0,2.360000009834766,4.398908903232078,13.0,0.0,-0.004849696645881825,0.16252864031897238,2.5549548342823982,0.004704226423200453,0.05840047200520833,0.9849207531660795
15052.444514215924,567,37181952,37158912,2568.5270508895996,2184.527990125374,557,100,2.8199999809265135,4.513047685062099,13.0,0.0,2.8099999956786634,4.629675956867518,12.0,0.0,-0.0034998136955740238,0.17743217168996733,2.5380138282974563,0.006675981117950869,0.07706197102864583,0.9851436049987873
15124.822525947355,570,37355520,37355520,2398.076374963839,2716.4050973041717,557,100,2.8199999809265135,4.513047685062099,13.0,0.0,2.8099999956786634,4.629675956867518,12.0,0.0,-0.0043366670118606026,0.209476791943113,2.544206942121188,0.006344184307333005,0.0578460693359375,0.9808317447702091
15184.822919329628,572,37508864,37486592,2555.716577106703,2184.5190108157462,557,100,2.8199999809265135,4.513047685062099,13.0,0.0,2.8099999956786634,4.629675956867518,12.0,0.0,-0.003603569872211665,0.20216076727956533,2.5238498970866203,0.004966748966277615,0.05546061197916667,0.9845165691028038
15244.82293323055,574,37682944,37617664,2901.3326611467437,2184.5328272163715,557,100,2.8199999809265135,4.513047685062099,13.0,0.0,2.8099999956786634,4.629675956867518,12.0,0.0,-0.005413047639497866,0.1270440669419865,2.54119490335385,0.005022082251646983,0.06160990397135417,0.9903187745561203
15310.542339006439,577,37814272,37814272,1998.3138686287368,2991.627779935419,566,100,1.9799999952316285,4.017412106975077,13.0,0.0,2.019999996572733,4.123057063142112,13.0,0.0,-0.004627099217032082,0.21938584923433763,2.5099889412522316,0.0053173214752556906,0.0687255859375,0.9853245647003254
15370.542648741975,579,37967104,37945344,2547.1868507619006,2184.5220562648124,566,100,1.9799999952316285,4.017412106975077,13.0,0.0,2.019999996572733,4.123057063142112,13.0,0.0,-0.004092149642625978,0.1894160519198825,2.540609985589981,0.006012148911395343,0.06847635904947916,0.9863524672885736
15430.54291541595,581,38136064,38076416,2815.987484157082,2184.5236240733725,566,100,1.9799999952316285,4.017412106975077,13.0,0.0,2.019999996572733,4.123057063142112,13.0,0.0,-0.004440549445765403,0.19181508795979121,2.5341040343046193,0.007174033015568663,0.07948811848958333,0.9847883886347214
15496.439201490022,584,38273024,38273024,2078.4175886035096,2983.597585135505,574,100,2.8499999582767486,4.727314293893848,13.0,0.0,3.1700000144541263,4.864267684627018,13.0,0.0,-0.00566421219749221,0.17618118498163918,2.5408374965190887,0.005591982104912555,0.06389363606770833,0.9869014117866755
15556.439254641533,586,38415872,38404096,2380.7978909499257,2184.531398147602,574,100,2.8499999582767486,4.727314293893848,13.0,0.0,3.1700000144541263,4.864267684627018,13.0,0.0,-0.005429775124260535,0.18270091293379664,2.550054403642813,0.006092845277332041,0.06571451822916667,0.9853177045782406
15616.43959767744,588,38587392,38535168,2858.6503230049157,2184.5208438485324,574,100,2.8499999582767486,4.727314293893848,13.0,0.0,3.1700000144541263,4.864267684627018,13.0,0.0,-0.004930122144287452,0.19473439796517295,2.531530293325583,0.005799304034250478,0.07175191243489583,0.9842269942164421
15684.136239135638,591,38731776,38731776,2132.8089088312418,2904.2504290467973,574,100,2.8499999582767486,4.727314293893848,13.0,0.0,3.1700000144541263,4.864267684627018,13.0,0.0,-0.003968780583818443,0.2624388958017031,2.5037568683425584,0.005794999494658744,0.0650177001953125,0.9814953996489445
15744.13668872416,593,38883584,38862848,2530.1143748269487,2184.516964437433,582,100,2.4200000047683714,4.30622813286564,13.0,0.0,2.4700000077486037,4.448494089335507,13.0,0.0,-0.006090728100389242,0.17092642079417905,2.5195661733547845,0.006229049380635843,0.06901041666666667,0.9866904194156328
15804.136986837722,595,39056640,38993920,2884.2523360876985,2184.5224794037003,582,100,2.4200000047683714,4.30622813286564,13.0,0.0,2.4700000077486037,4.448494089335507,13.0,0.0,-0.004272019616716231,0.2112761874838422,2.532274693250656,0.004605427192169978,0.048711140950520836,0.9848619047552346
15869.952075248584,598,39190528,39190528,2034.3055556528554,2987.278521494059,582,100,2.4200000047683714,4.30622813286564,13.0,0.0,2.4700000077486037,4.448494089335507,13.0,0.0,-0.006447323622220816,0.1796644590018938,2.532524215678374,0.0057053054770221925,0.0675811767578125,0.9838700809826454
15929.95209641289,600,39329792,39321600,2321.0658479375547,2184.5325627647576,582,100,2.4200000047683714,4.30622813286564,13.0,0.0,2.4700000077486037,4.448494089335507,13.0,0.0,-0.004770879900509803,0.19391723357451457,2.5353871459762254,0.0052578492601848366,0.0606842041015625,0.9855619153628746
15989.952248055488,602,39507200,39452672,2956.792527071647,2184.527812208778,592,100,2.439999997615814,4.43468147214162,12.0,0.0,1.7700000248849392,3.8414971107741547,13.0,0.0,-0.0045834746391240815,0.26081710479532677,2.536844337979953,0.00695239058950392,0.06513468424479167,0.9813607881466547
16057.34992073942,605,39649280,39649280,2108.0846614140273,2917.1333693080596,592,100,2.439999997615814,4.43468147214162,12.0,0.0,1.7700000248849392,3.8414971107741547,13.0,0.0,-0.00491096212742074,0.2008975854453941,2.5228427325685816,0.006009922820036688,0.07008870442708333,0.9830668444434801
16117.351341822185,607,39800064,39780352,2513.0071468142614,2184.4815945142645,592,100,2.439999997615814,4.43468147214162,12.0,0.0,1.7700000248849392,3.8414971107741547,13.0,0.0,-0.0044759836528101005,0.21546474774368107,2.534604094922543,0.006073352737682096,0.068359375,0.9806555832425753
16177.352953759953,609,39972608,39911424,2875.6560770226583,2184.474646046886,592,100,2.439999997615814,4.43468147214162,12.0,0.0,1.7700000248849392,3.8414971107741547,13.0,0.0,-0.006016614420029025,0.18995029060170052,2.5348863576849303,0.006147567131241279,0.069091796875,0.9835175822178522
16243.272921056487,612,40108032,40108032,2054.369951229055,2982.5257515007834,601,100,2.7099999666213987,4.667536785031656,12.0,0.0,2.59000004529953,4.494652373311664,13.0,0.0,-0.0037857789066038094,0.18882184009999037,2.5100245277086897,0.006842998261466467,0.08196004231770833,0.9845913120855888
16303.273486312479,614,40254208,40239104,2436.243714977364,2184.512753184607,601,100,2.7099999666213987,4.667536785031656,12.0,0.0,2.59000004529953,4.494652373311664,13.0,0.0,-0.005463992565637454,0.15411485584142307,2.5064268658558526,0.0062121397580388775,0.06957499186197917,0.9882223457098007
16363.273783314973,616,40432128,40370176,2965.3186548827166,2184.5225198560447,601,100,2.7099999666213987,4.667536785031656,12.0,0.0,2.59000004529953,4.494652373311664,13.0,0.0,-0.0044686415058095,0.17116213877064484,2.538801841437816,0.0054157249178388165,0.06566874186197916,0.9853465178360541
16429.48482812196,619,40566784,40566784,2033.7392408251224,2969.4139485811675,601,100,2.7099999666213987,4.667536785031656,12.0,0.0,2.59000004529953,4.494652373311664,13.0,0.0,-0.005139038679772057,0.19544691662304106,2.529477909207344,0.006740079653657934,0.06956990559895833,0.9849337128301462
16489.48541267868,621,40724480,40697856,2628.241060733719,2184.5120504799743,611,100,3.240000009536743,5.044046104243281,13.0,0.0,2.699999988079071,4.635730752908822,13.0,0.0,-0.005542872395987312,0.2018424824345857,2.516132247944673,0.006113664772177192,0.06902058919270834,0.9847645008315642
16561.08154041972,624,40894464,40894464,2374.206613726756,2746.0703002140795,611,100,3.240000009536743,5.044046104243281,13.0,0.0,2.699999988079071,4.635730752908822,13.0,0.0,-0.004555844209486774,0.15340869730183235,2.525693031648795,0.006480760004706099,0.0736541748046875,0.9876551702618599
16621.08206945751,626,41043712,41025536,2487.44473412898,2184.5140718251077,611,100,3.240000009536743,5.044046104243281,13.0,0.0,2.699999988079071,4.635730752908822,13.0,0.0,-0.0051560151162751335,0.16456522614074248,2.533412218093872,0.00713131383296665,0.07977294921875,0.985577529296279
16681.082475466654,628,41213184,41156608,2824.514220356602,2184.5185510915107,611,100,3.240000009536743,5.044046104243281,13.0,0.0,2.699999988079071,4.635730752908822,13.0,0.0,-0.005938241639038703,0.1452986728399992,2.5361043463150663,0.005780498577829954,0.0637664794921875,0.9882150298605363
16748.687105201185,631,41353216,41353216,2071.337429845793,2908.203192178371,620,100,2.809999978542328,4.721641729224498,13.0,0.0,2.9200000196695326,4.7385229464880325,13.0,0.0,-0.0055507951450029696,0.1647341123316437,2.5430395379662514,0.005048116000277029,0.0506744384765625,0.9839377502600352
16808.68749183137,633,41502208,41484288,2483.1839987685216,2184.519256648596,620,100,2.809999978542328,4.721641729224498,13.0,0.0,2.9200000196695326,4.7385229464880325,13.0,0.0,-0.006597939939335143,0.13208954703683654,2.5501393849651017,0.004989037213817937,0.06021626790364583,0.9882321115583181
16868.687805221416,635,41677056,41615360,2914.118112406494,2184.5219232095537,620,100,2.809999978542328,4.721641729224498,13.0,0.0,2.9200000196695326,4.7385229464880325,13.0,0.0,-0.006390430561926526,0.14068542917569477,2.5449574862917266,0.005754658730438678,0.06016031901041667,0.9867049691577753
16934.25144229736,638,41811968,41811968,2057.725989845934,2998.7354083523287,629,100,2.910000002384186,4.829275327753564,12.0,0.0,2.9799999713897707,4.814519645980587,13.0,0.0,-0.006093151777652869,0.15344743069726974,2.534097798168659,0.005534656539263475,0.06412251790364583,0.9875283551712831
16994.251578393392,640,41952256,41943040,2338.1280298342735,2184.5283782393212,629,100,2.910000002384186,4.829275327753564,12.0,0.0,2.9799999713897707,4.814519645980587,13.0,0.0,-0.00444027212021562,0.23696034487026435,2.516175200541814,0.005678107951704684,0.06802876790364583,0.9817907437682152
17054.25181319192,642,42128896,42074112,2943.9884792639646,2184.5247846132606,629,100,2.910000002384186,4.829275327753564,12.0,0.0,2.9799999713897707,4.814519645980587,13.0,0.0,-0.003955219168953287,0.24418926634825766,2.517942987382412,0.005843677748998744,0.06247965494791667,0.9795410018414259
17122.653133879416,645,42270720,42270720,2073.410258377184,2874.3304664867824,629,100,2.910000002384186,4.829275327753564,12.0,0.0,2.9799999713897707,4.814519645980587,13.0,0.0,-0.0046936650420927135,0.1657600802524636,2.5265365193287534,0.004890724999010369,0.05910746256510417,0.9859018667290608
17182.655059049837,647,42427648,42401792,2615.3827490415065,2184.4632422663153,637,100,2.4699999935925008,4.515429088231935,12.0,0.0,2.3999999940395353,4.420407130778115,12.0,0.0,-0.00561676634727822,0.1767096702630321,2.532765897611777,0.004768181084727985,0.0625457763671875,0.9830247691522042
17242.655411791988,649,42596864,42532864,2820.2500863153305,2184.520490459076,637,100,2.4699999935925008,4.515429088231935,12.0,0.0,2.3999999940395353,4.420407130778115,12.0,0.0,-0.005709247139748185,0.1263047568888093,2.5338743925094604,0.005965638877266126,0.069061279296875,0.9887231190999349
17308.388878763653,652,42729472,42729472,2017.3589817978202,2990.987834016845,637,100,2.4699999935925008,4.515429088231935,12.0,0.0,2.3999999940395353,4.420407130778115,12.0,0.0,-0.0060360076822689734,0.1636121926518778,2.5215220923225083,0.007624198454626215,0.075592041015625,0.9870868418365716
17368.388919718564,654,42876160,42860544,2444.798331225064,2184.5318422115756,637,100,2.4699999935925008,4.515429088231935,12.0,0.0,2.3999999940395353,4.420407130778115,12.0,0.0,-0.005067628651886481,0.17744572103644413,2.544217149416606,0.00665803465017234,0.06730143229166667,0.9830902256071566
17428.38936640136,656,43052032,42991616,2931.1781782189355,2184.5170702301234,646,100,3.060000029206276,4.869948753425197,13.0,0.0,2.660000005364418,4.576505274867276,13.0,0.0,-0.004623015646454102,0.25160639748598135,2.5159045731027923,0.006104776175561711,0.06632486979166667,0.9790328306456407
17495.367553617805,659,43188224,43188224,2033.3784125850373,2935.4034226791514,646,100,3.060000029206276,4.869948753425197,13.0,0.0,2.660000005364418,4.576505274867276,13.0,0.0,-0.004969592172225627,0.1605801508606722,2.510706573724747,0.005179016179075309,0.06226603190104167,0.9876772991071145
17555.36756193731,661,43339008,43319296,2513.0663182088883,2184.5330304294584,646,100,3.060000029206276,4.869948753425197,13.0,0.0,2.660000005364418,4.576505274867276,13.0,0.0,-0.0030273811789811584,0.22863020289999741,2.5074807628989215,0.006200496124923423,0.07373046875,0.9826647570977609
17615.36782687623,663,43511808,43450368,2879.9872829879587,2184.5236872441997,646,100,3.060000029206276,4.869948753425197,13.0,0.0,2.660000005364418,4.576505274867276,13.0,0.0,-0.003704282780139086,0.2844660640694201,2.494751423597336,0.00561399282438894,0.063720703125,0.9803836184243362
17681.10510615632,666,43646976,43646976,2056.184884441073,2990.814377368833,655,100,2.7999999642372133,4.551922658969591,12.0,0.0,3.1900000147521497,4.902438167355663,12.0,0.0,-0.004253879664853836,0.19309543771669269,2.5006568332513175,0.005327531221458533,0.06382242838541667,0.9840522706508636
17741.106260595843,668,43792640,43778048,2427.6866230435153,2184.491302281687,655,100,2.7999999642372133,4.551922658969591,12.0,0.0,3.1900000147521497,4.902438167355663,12.0,0.0,-0.003245025705837179,0.18938778969459236,2.536777541041374,0.006464918453881788,0.0655517578125,0.982427591457963
17801.106699487194,670,43971328,43909120,2978.111548876637,2184.5173539037796,655,100,2.7999999642372133,4.551922658969591,12.0,0.0,3.1900000147521497,4.902438167355663,12.0,0.0,-0.0046336920010314015,0.18134350655600429,2.5357763593395553,0.005454552608474235,0.06265767415364584,0.9846529209365448
17868.967830718495,673,44105728,44105728,1980.5151721079594,2897.2107660550723,655,100,2.7999999642372133,4.551922658969591,12.0,0.0,3.1900000147521497,4.902438167355663,12.0,0.0,-0.004733711917651817,0.2627207717547814,2.4727204019824662,0.005536370771248282,0.06467183430989583,0.9829341874768336
17928.969115390442,675,44253696,44236800,2466.080531592019,2184.486560856598,665,100,2.7099999763071536,4.459360922777542,13.0,0.0,3.2700000263750555,4.9575296206633315,13.0,0.0,-0.004684912521042862,0.180082954854394,2.502035766839981,0.005522435988799165,0.06954447428385417,0.9874111705770096
17988.969121207483,677,44425216,44367872,2858.6663895170163,2184.5331215413617,665,100,2.7099999763071536,4.459360922777542,13.0,0.0,3.2700000263750555,4.9575296206633315,13.0,0.0,-0.004129822986821334,0.21059723353634277,2.4992502679427466,0.007223349131891155,0.07962036132812499,0.9835250973701477
18056.69356904924,680,44564480,44564480,2056.3327489269786,2903.0579984851465,665,100,2.7099999763071536,4.459360922777542,13.0,0.0,3.2700000263750555,4.9575296206633315,13.0,0.0,-0.006731746989923218,0.1496297538590928,2.5191323533654213,0.005727000440553335,0.06154378255208333,0.9891170890380939
18116.693644082174,682,44706304,44695552,2363.7303773728886,2184.5306014709727,665,100,2.7099999763071536,4.459360922777542,13.0,0.0,3.2700000263750555,4.9575296206633315,13.0,0.0,-0.0056953481907839896,0.14891755906865,2.5184735183914504,0.005218288332495528,0.067596435546875,0.9897156916558743
18176.69402243104,684,44879360,44826624,2884.2484791310444,2184.519558158424,675,100,2.7700000025331972,4.6558672160422745,13.0,0.0,3.300000011920929,4.9020404761556575,13.0,0.0,-0.0038965943579872455,0.16553793040414652,2.544752538204193,0.006145055328791689,0.07403055826822916,0.9868520808716615
18245.423083015718,687,45023232,45023232,2093.321206140147,2860.6239970029055,675,100,2.7700000025331972,4.6558672160422745,13.0,0.0,3.300000011920929,4.9020404761556575,13.0,0.0,-0.006160198150610085,0.18479792090753713,2.539598730703195,0.006558551631921242,0.0690155029296875,0.9852582737803459
18305.42350078281,689,45173760,45154304,2508.7825318869286,2184.518123003584,675,100,2.7700000025331972,4.6558672160422745,13.0,0.0,3.300000011920929,4.9020404761556575,13.0,0.0,-0.003801993504263616,0.21762950726163882,2.5264096409082413,0.004716538024998347,0.06323242187500001,0.9824839010834694
18377.857611809857,692,45350912,45350912,2445.6985457286983,2714.301276184451,675,100,2.7700000025331972,4.6558672160422745,13.0,0.0,3.300000011920929,4.9020404761556575,13.0,0.0,-0.00497849778427432,0.22181517545444268,2.5309005652864776,0.006031331674118216,0.057322184244791664,0.9832518075903257
18437.859586225823,694,45498368,45481984,2457.5191305832227,2184.461449407309,684,100,3.8200000047683718,5.333629249529981,15.0,0.0,3.6399999618530274,5.030944215772477,13.0,0.0,-0.0055493693046931485,0.15732825951029858,2.545480690896511,0.005365912183454687,0.05974324544270834,0.9853570926934481
18497.859873440117,696,45674496,45613056,2935.452614934157,2184.5228762300703,684,100,3.8200000047683718,5.333629249529981,15.0,0.0,3.6399999618530274,5.030944215772477,13.0,0.0,-0.005667088681851358,0.1710471488380184,2.5195167611042657,0.005891505751909183,0.06879170735677084,0.9863362970451514
18564.65429993719,699,45809664,45809664,2023.641897815011,2943.4791240945615,684,100,3.8200000047683718,5.333629249529981,15.0,0.0,3.6399999618530274,5.030944215772477,13.0,0.0,-0.0070156110838676495,0.14677143671239415,2.5368481775124865,0.0043330292119208025,0.05474344889322917,0.9889082312583923
18624.65456831362,701,45956352,45940736,2444.7890646038827,2184.523562089333,684,100,3.8200000047683718,5.333629249529981,15.0,0.0,3.6399999618530274,5.030944215772477,13.0,0.0,-0.005681146731755386,0.2581611204271515,2.5076782902081804,0.005807217989665029,0.0662689208984375,0.9800627821435531
18684.65458931122,703,46133248,46071808,2948.2656348916857,2184.5325688343605,692,100,3.789999985694885,5.242699776864074,13.0,0.0,3.5200000405311584,4.992954976208969,13.0,0.0,-0.005701815753127447,0.18111023070135462,2.5281528209646544,0.006311058431189546,0.0718994140625,0.9858050892750423
18748.931297871284,706,46268416,46268416,2102.907927740109,3058.775167621976,692,100,3.789999985694885,5.242699776864074,13.0,0.0,3.5200000405311584,4.992954976208969,13.0,0.0,-0.005643115749990103,0.1604528905979047,2.520312545200189,0.006777211710262539,0.08403523763020834,0.9880135667820771
18808.931544275954,708,46414848,46399488,2440.5233107276426,2184.5243620499177,692,100,3.789999985694885,5.242699776864074,13.0,0.0,3.5200000405311584,4.992954976208969,13.0,0.0,-0.005298515873922345,0.18437479141478738,2.483295053243637,0.00652852825805894,0.0753936767578125,0.9867481036732595
18868.93173979968,710,46583808,46530560,2815.9908234497925,2184.526214554991,692,100,3.789999985694885,5.242699776864074,13.0,0.0,3.5200000405311584,4.992954976208969,13.0,0.0,-0.006637544012240445,0.14672624017111957,2.5148105447491007,0.005874585472459633,0.06204223632812501,0.9886160362511873
18937.02670447249,713,46727168,46727168,2105.295166666562,2887.2619428569997,701,100,3.3299999713897703,4.988095768756829,13.0,0.0,4.049999982118607,5.225657906350293,13.0,0.0,-0.006767524576086241,0.16773150387840965,2.5201583852370577,0.005944656748397392,0.06681315104166667,0.9876517349233229
18997.02706358116,715,46872064,46858240,2414.91887969482,2184.5202586638657,701,100,3.3299999713897703,4.988095768756829,13.0,0.0,4.049999982118607,5.225657906350293,13.0,0.0,-0.004596530949735703,0.23433567637888092,2.492177151143551,0.005634036164944215,0.06499226888020834,0.9842320003857216
19057.02736275457,717,47044864,46989312,2879.9856397480553,2184.5224408163026,701,100,3.3299999713897703,4.988095768756829,13.0,0.0,4.049999982118607,5.225657906350293,13.0,0.0,-0.005805792529523993,0.14175957829381028,2.5156020993987718,0.00540543592129931,0.06438700358072917,0.9895656251658996
19124.2402596334,720,47185920,47185920,2098.644851661289,2925.1528966894193,711,100,3.319999945163727,4.935341867398015,13.0,0.0,3.7399999499320984,5.125660904545953,13.0,0.0,-0.004548100628502046,0.21373993686089915,2.5375746140877404,0.003475605091807665,0.044728597005208336,0.983250210682551
19184.240657494403,722,47327488,47316992,2359.451021107469,2184.5188477523043,711,100,3.319999945163727,4.935341867398015,13.0,0.0,3.7399999499320984,5.125660904545953,13.0,0.0,-0.004811752117044913,0.21760742428402105,2.5078720028201738,0.005390808184529305,0.0659027099609375,0.9829872753471136
19244.24068348948,724,47500544,47448064,2884.2654170550354,2184.5323868819205,711,100,3.319999945163727,4.935341867398015,13.0,0.0,3.7399999499320984,5.125660904545953,13.0,0.0,-0.004590482543183801,0.24618845852091908,2.521559566259384,0.006671771902498827,0.07471720377604167,0.9821747168898581
19313.896482795477,727,47644672,47644672,2069.1457342531667,2822.5646961037864,711,100,3.319999945163727,4.935341867398015,13.0,0.0,3.7399999499320984,5.125660904545953,13.0,0.0,-0.0040635956029291265,0.18960678453246751,2.4964231476187706,0.005260404255144143,0.061838785807291664,0.9868816453963518
19373.896709615365,729,47790592,47775744,2431.990806268638,2184.525075104461,719,100,3.3299999713897703,5.018077334061485,14.0,0.0,3.339999982714653,4.9075859395547985,13.0,0.0,-0.006042460212484001,0.19959986900600293,2.5116401265064874,0.006909093937792932,0.07378133138020833,0.9852055062850317
19433.896746542305,731,47968000,47906816,2956.7981802415125,2184.531988865302,719,100,3.3299999713897703,5.018077334061485,14.0,0.0,3.339999982714653,4.9075859395547985,13.0,0.0,-0.006176067084500877,0.19864894387622675,2.5060746346910796,0.006016869309557175,0.07554117838541667,0.9855189348260562
19500.476005256176,734,48103424,48103424,2034.0268518457615,2952.991724418799,719,100,3.3299999713897703,5.018077334061485,14.0,0.0,3.339999982714653,4.9075859395547985,13.0,0.0,-0.005446508701425046,0.1508811037056148,2.510428013900916,0.0055751119361957535,0.06757100423177083,0.9891512263566256
19560.476164118387,736,48258048,48234496,2577.059843376265,2184.5275493520658,719,100,3.3299999713897703,5.018077334061485,14.0,0.0,3.339999982714653,4.9075859395547985,13.0,0.0,-0.004676566968555562,0.20497668022289872,2.501606434583664,0.006182035363356892,0.07416788736979167,0.9846330483754476
19633.474272002466,739,48431104,48431104,2370.691583880673,2693.3300834620663,728,100,3.799999976158142,5.171073379646933,13.0,0.0,3.3900000296533106,4.957610336422392,13.0,0.0,-0.003962319809943438,0.15097143702829877,2.530750185251236,0.0045037575873720925,0.047826131184895836,0.9875432730962833
19693.47965574637,741,48582400,48562176,2521.373759489855,2184.3373347864735,728,100,3.799999976158142,5.171073379646933,13.0,0.0,3.3900000296533106,4.957610336422392,13.0,0.0,-0.0032748553276178427,0.18953952123411,2.5092870642741523,0.004739893109823848,0.06207784016927083,0.9854300227016212
19753.479802177288,743,48745984,48693248,2726.3933461953666,2184.5280019593547,728,100,3.799999976158142,5.171073379646933,13.0,0.0,3.3900000296533106,4.957610336422392,13.0,0.0,-0.006925147591876642,0.12859039396668476,2.5177000388503075,0.004740340650945048,0.05482991536458333,0.9914241842925549
19821.233217263594,746,48889856,48889856,2123.4649178455566,2901.8168272337853,736,100,3.0700000047683718,4.682424712372622,13.0,0.0,3.5200000166893006,5.022907424661951,13.0,0.0,-0.004141173842072021,0.18074774784812084,2.5152569512526193,0.004909569229615348,0.056722005208333336,0.9875046790887911
19881.233610068448,748,49039616,49020928,2495.983659425067,2184.5190318386913,736,100,3.0700000047683718,4.682424712372622,13.0,0.0,3.5200000166893006,5.022907424661951,13.0,0.0,-0.005749618692789227,0.1497327908873558,2.5380429079135256,0.0059482747928996105,0.06776936848958334,0.9888366082062324
19941.233638886362,750,49214464,49152000,2914.131933679922,2184.532284105593,736,100,3.0700000047683718,4.682424712372622,13.0,0.0,3.5200000166893006,5.022907424661951,13.0,0.0,-0.005219784943619744,0.17388021247461438,2.541735572119554,0.005589279035727183,0.06459554036458333,0.9858518304924171
20008.322633973323,753,49348608,49348608,1999.4933569376478,2930.555149099453,736,100,3.0700000047683718,4.682424712372622,13.0,0.0,3.5200000166893006,5.022907424661951,13.0,0.0,-0.004282323459240918,0.14820393710397184,2.5106245006124177,0.005864708871740731,0.06728617350260417,0.9898346674938996
20068.32277919259,755,49496576,49479680,2466.1273645132205,2184.5280460739946,745,100,3.410000002384186,4.992184011554017,13.0,0.0,2.8500000052154064,4.641928459314763,13.0,0.0,-0.00514801912747013,0.16122632675493756,2.5270513767997422,0.0052868904810263,0.057551066080729164,0.9882342678805192
20140.815672885627,758,49676288,49676288,2479.0291964474395,2712.10031748096,745,100,3.410000002384186,4.992184011554017,13.0,0.0,2.8500000052154064,4.641928459314763,13.0,0.0,-0.006000964456082632,0.1542942457211514,2.518268232544263,0.005487351427291287,0.060002644856770836,0.987562399978439
20200.816064807586,760,49821440,49807360,2419.1841978098005,2184.519063983453,745,100,3.410000002384186,4.992184011554017,13.0,0.0,2.8500000052154064,4.641928459314763,13.0,0.0,-0.004573439068432587,0.14364580099936575,2.514745717247327,0.005703156357412809,0.0675506591796875,0.9898855481296778
20260.81616678927,762,49999616,49938432,2969.594952595071,2184.5296202998225,745,100,3.410000002384186,4.992184011554017,13.0,0.0,2.8500000052154064,4.641928459314763,13.0,0.0,-0.0053073207309353165,0.14703976293094456,2.505673443277677,0.00730665583978407,0.0753173828125,0.9883077169458072
20326.462861082517,765,50135040,50135040,2062.9218494240868,2994.94136173478,753,100,3.7299999833106994,5.092847925400535,14.0,0.0,3.4799999482929707,4.942630829950031,13.0,0.0,-0.0045428187295328834,0.1709539454896003,2.467148020863533,0.006095492139744843,0.07002766927083334,0.9894846845418215
20386.465617930517,767,50285312,50266112,2504.418261658737,2184.4329641725267,753,100,3.7299999833106994,5.092847925400535,14.0,0.0,3.4799999482929707,4.942630829950031,13.0,0.0,-0.0036200446362878815,0.22389584189901748,2.503195323050022,0.004466247740613956,0.062235514322916664,0.9844104399283726
20446.46611462161,769,50459648,50397184,2905.5759471051247,2184.515249512223,753,100,3.7299999833106994,5.092847925400535,14.0,0.0,3.4799999482929707,4.942630829950031,13.0,0.0,-0.00437903699397187,0.15842556604184208,2.5150873214006424,0.005560451537045689,0.06637064615885417,0.9893486599127452
20512.829798234627,772,50593792,50593792,2021.3465060533156,2962.584192078142,762,100,4.640000021457672,5.459890118760503,15.0,0.0,4.520000015199185,5.2810605291709924,13.0,0.0,-0.005890731544544299,0.13984501330802837,2.5318108002344766,0.006296751934011506,0.07149759928385417,0.9892044061173996
20572.829808495007,774,50749184,50724864,2589.8662237831054,2184.5329597643326,762,100,4.640000021457672,5.459890118760503,15.0,0.0,4.520000015199185,5.2810605291709924,13.0,0.0,-0.004288936038695587,0.18380120994212726,2.4824500332276025,0.0059664486961992225,0.06691996256510416,0.9888492953032254
20632.83379432466,776,50920960,50855936,2862.743159890485,2184.3882233441554,762,100,4.640000021457672,5.459890118760503,15.0,0.0,4.520000015199185,5.2810605291709924,13.0,0.0,-0.00449613070183356,0.19711998927717406,2.4808424338698387,0.006279080856984365,0.06991068522135417,0.9872937873005867
20698.750287406147,779,51052544,51052544,1996.2227031303437,2982.6829494243266,770,100,4.5499999761581424,5.488852255498615,14.0,0.0,3.7799999862909317,5.104076793060646,13.0,0.0,-0.004359073917536686,0.22949258090617758,2.463605374097824,0.006726448553308727,0.0781707763671875,0.9849068274100622
20758.754130503163,781,51200256,51183616,2461.7089902254147,2184.3934194027943,770,100,4.5499999761581424,5.488852255498615,14.0,0.0,3.7799999862909317,5.104076793060646,13.0,0.0,-0.006047023804664302,0.13700694893486795,2.487116252382596,0.006717427485758284,0.07511393229166666,0.9905162416398525
20818.754332151264,783,51373568,51314688,2888.52362557826,2184.525991574696,770,100,4.5499999761581424,5.488852255498615,14.0,0.0,3.7799999862909317,5.104076793060646,13.0,0.0,-0.006216548616066575,0.15644876084600887,2.4834307804703712,0.004624855644578929,0.050974527994791664,0.9894882049411535
20885.65884024091,786,51511296,51511296,2058.575781103651,2938.6360592706396,770,100,4.5499999761581424,5.488852255498615,14.0,0.0,3.7799999862909317,5.104076793060646,13.0,0.0,-0.00444610171931951,0.24396531695189577,2.4685285687446594,0.006703372267414427,0.071624755859375,0.9834789782762527
20945.658980946988,788,51659520,51642368,2470.3942066753666,2184.5282103934155,770,100,4.5499999761581424,5.488852255498615,14.0,0.0,3.7799999862909317,5.104076793060646,13.0,0.0,-0.003832301609994223,0.2690209041660031,2.456132439275583,0.00786530451659928,0.08820088704427083,0.9822894496222337
21005.65944743622,790,51830016,51773440,2841.5779072416885,2184.516349110728,778,100,4.0699999809265135,5.250247569809412,13.0,0.0,3.6999999769032,5.094114221087725,13.0,0.0,-0.005357073224634708,0.18799916608259085,2.4840004419287047,0.005346795020765664,0.06624348958333334,0.9878722398231428
21074.020049006678,793,51970048,51970048,2048.431359336024,2876.0425666728815,778,100,4.0699999809265135,5.250247569809412,13.0,0.0,3.6999999769032,5.094114221087725,13.0,0.0,-0.005550214385342164,0.14973706131180126,2.44745193173488,0.0051288129100915585,0.05889892578125,0.9904617927968502
21134.020357606,795,52116992,52101120,2449.054070392863,2184.5220976326586,778,100,4.0699999809265135,5.250247569809412,13.0,0.0,3.6999999769032,5.094114221087725,13.0,0.0,-0.005064959412266035,0.19171647269589207,2.4695140371719995,0.007033532510225389,0.08080037434895833,0.9877706362555424
21194.021272111684,797,52291328,52232192,2905.5557142131233,2184.500037705021,778,100,4.0699999809265135,5.250247569809412,13.0,0.0,3.6999999769032,5.094114221087725,13.0,0.0,-0.0041589706112669465,0.2055984624506285,2.456713820497195,0.005720905920194734,0.0618133544921875,0.9866123758256435
21261.478550690226,800,52428800,52428800,2037.9120370226315,2914.5557624457747,788,100,3.6700000047683714,5.134306205418467,13.0,0.0,4.129999938607216,5.207024036595624,13.0,0.0,-0.0037526524586913488,0.17138231250767905,2.468412096301715,0.0049554841267915135,0.05997212727864583,0.9880161931117376
21321.478882178664,802,52578304,52559872,2491.7195670628817,2184.521264274307,788,100,3.6700000047683714,5.134306205418467,13.0,0.0,4.129999938607216,5.207024036595624,13.0,0.0,-0.006952330508890251,0.20539112210584182,2.445025029281775,0.007097374028793031,0.08437093098958333,0.9872715901583434
21381.47989698965,804,52752640,52690944,2905.550856917794,2184.4963858177834,788,100,3.6700000047683714,5.134306205418467,13.0,0.0,4.129999938607216,5.207024036595624,13.0,0.0,-0.005539937410503626,0.2655185045829664,2.4748704209923744,0.0068067884646249395,0.07356770833333333,0.981649008889993
21447.417475210503,807,52887552,52887552,2046.0563405608398,2981.7291642328746,797,100,3.8300000429153442,5.178909173377371,13.0,0.0,3.6499999821186067,5.002749232312822,13.0,0.0,-0.006281793243639792,0.21709925960749388,2.443657194574674,0.007114492582331877,0.0813751220703125,0.985522676880161
21507.417901201174,809,53033472,53018624,2431.9827333007297,2184.517823596445,797,100,3.8300000429153442,5.178909173377371,13.0,0.0,3.6499999821186067,5.002749232312822,13.0,0.0,-0.002860407718496087,0.19652298209257424,2.4609916085998216,0.007621185077368864,0.08061726888020833,0.9880025560657183
21567.418304728344,811,53206528,53149696,2884.2472687976806,2184.5186414562313,797,100,3.8300000429153442,5.178909173377371,13.0,0.0,3.6499999821186067,5.002749232312822,13.0,0.0,-0.005631775381819655,0.23176430685756105,2.459439940750599,0.005793580763565841,0.06878662109375,0.9848070703446865
21634.103397171013,814,53346304,53346304,2096.060676832222,2948.305127851916,797,100,3.8300000429153442,5.178909173377371,13.0,0.0,3.6499999821186067,5.002749232312822,13.0,0.0,-0.004048060785862617,0.2416800547701617,2.4580206101139384,0.006994176700876173,0.0791473388671875,0.9846263229846954
21694.103530782275,816,53489920,53477376,2393.594669813264,2184.528468706579,806,100,4.769999980926514,5.458672000006703,14.0,0.0,4.530000025033951,5.367410845472013,13.0,0.0,-0.0035652574442792684,0.24692554857271415,2.487349845468998,0.006607946306758095,0.08156331380208333,0.982820317770044
21754.103910649195,818,53662976,53608448,2884.2484061573377,2184.5195028883977,806,100,4.769999980926514,5.458672000006703,14.0,0.0,4.530000025033951,5.367410845472013,13.0,0.0,-0.004313065168389585,0.24493145430460572,2.474398652712504,0.006425905852059562,0.07617696126302083,0.984109469378988
21822.589614172466,821,53805056,53805056,2074.5935675716987,2870.788936747864,806,100,4.769999980926514,5.458672000006703,14.0,0.0,4.530000025033951,5.367410845472013,13.0,0.0,-0.005287817330099643,0.27044629973048967,2.4673351421952248,0.005723213887298091,0.06854756673177084,0.9824350153406461
21882.58971405402,823,53953024,53936128,2466.1292279864147,2184.5296967630525,814,100,3.9400000095367433,5.356902009024041,14.0,0.0,4.319999974966049,5.313906213993772,14.0,0.0,-0.00572902513037358,0.21109983837231994,2.4623038892944655,0.007401984190437361,0.07657368977864584,0.987188425535957
21942.590339520946,825,54132736,54067200,2995.168777016442,2184.510561014841,814,100,3.9400000095367433,5.356902009024041,14.0,0.0,4.319999974966049,5.313906213993772,14.0,0.0,-0.005747984949266538,0.18966599010551968,2.48042422781388,0.006705961692205165,0.07935078938802083,0.9874281510710715
22008.204349651933,828,54263808,54263808,1997.6221501831442,2996.4332252747163,814,100,3.9400000095367433,5.356902009024041,14.0,0.0,4.319999974966049,5.313906213993772,14.0,0.0,-0.005899105672142468,0.18449953384697437,2.480445382495721,0.006633360138342445,0.0776214599609375,0.9876878745853901
22068.204446020536,830,54411520,54394880,2461.8627125621433,2184.529824665195,821,100,4.919999969005585,5.516665619318689,15.0,0.0,5.120000016689301,5.41161714961658,13.0,0.0,-0.0020726772102837763,0.242040968965739,2.456227049231529,0.005501632188194586,0.057993570963541664,0.9861917328089475
22128.20480547473,832,54579712,54525952,2803.183206400748,2184.5202460839923,821,100,4.919999969005585,5.516665619318689,15.0,0.0,5.120000016689301,5.41161714961658,13.0,0.0,-0.005066530233307276,0.23662169689002138,2.4267367844780288,0.007099355997221816,0.08274332682291667,0.9873812471826872
22195.81468347367,835,54722560,54722560,2112.82735937252,2907.977440856802,821,100,4.919999969005585,5.516665619318689,15.0,0.0,5.120000016689301,5.41161714961658,13.0,0.0,-0.0023354669610853307,0.25397152034565806,2.419345296919346,0.008155894344478535,0.0871429443359375,0.9858056878050169
22255.81505339127,837,54863872,54853632,2355.185479590611,2184.519865127523,821,100,4.919999969005585,5.516665619318689,15.0,0.0,5.120000016689301,5.41161714961658,13.0,0.0,-0.0057349755030979095,0.25329790101386607,2.4575265894333524,0.005430796264287589,0.067535400390625,0.984028151879708
22315.815053583123,839,55035904,54984704,2867.199990832011,2184.533326348199,829,100,3.899999976158142,5.214403123754256,15.0,0.0,3.8399999767541884,5.129756352212611,13.0,0.0,-0.0038053043026593514,0.2361912541091442,2.424625096221765,0.006857845169482365,0.0799560546875,0.9868051403512558
22384.500637247227,842,55181312,55181312,2117.0090176578265,2862.4347281007235,829,100,3.899999976158142,5.214403123754256,15.0,0.0,3.8399999767541884,5.129756352212611,13.0,0.0,-0.0038920977458474226,0.29491350760993856,2.4019554977615676,0.005325671763178738,0.060358683268229164,0.9845269614209732
22444.5006572837,844,55332864,55312384,2525.865823175924,2184.5326038278263,829,100,3.899999976158142,5.214403123754256,15.0,0.0,3.8399999767541884,5.129756352212611,13.0,0.0,-0.005090317014643612,0.24343343094612163,2.410855946441491,0.008348837998710223,0.08983866373697917,0.9846316805730263
22516.188435456716,847,55508992,55508992,2456.8762554605155,2742.5595409791804,838,100,4.07999997138977,5.313529811345931,15.0,0.0,4.8799999237060545,5.406070636206739,14.0,0.0,-0.0052674173372603645,0.2888305665304263,2.426925696432591,0.008367401888487317,0.0963287353515625,0.9833199959248304
22576.188513491303,849,55654400,55640064,2423.463514767084,2184.5304921844136,838,100,4.07999997138977,5.313529811345931,15.0,0.0,4.8799999237060545,5.406070636206739,14.0,0.0,-0.005567439116324143,0.20650560044062632,2.420830242335797,0.006494449452778402,0.08294169108072917,0.9874133951961994
22636.188759920187,851,55835136,55771136,3012.2542948922346,2184.5243611683063,838,100,4.07999997138977,5.313529811345931,15.0,0.0,4.8799999237060545,5.406070636206739,14.0,0.0,-0.004707398627942894,0.2652550880641987,2.461322901149591,0.005344262464859639,0.05880228678385417,0.9827174829940001
22702.5989744626,854,55967744,55967744,1996.8012588682893,2960.5084301367688,838,100,4.07999997138977,5.313529811345931,15.0,0.0,4.8799999237060545,5.406070636206739,14.0,0.0,-0.0035854550515068695,0.25467356589312357,2.441360128422578,0.005776922819980731,0.06750996907552083,0.9836626226703327
22762.599370278418,856,56116992,56098816,2487.4502571306334,2184.51892221421,846,100,3.589999961853027,5.057855247735727,13.0,0.0,4.119999980926513,5.217815610669661,14.0,0.0,-0.003936111211563305,0.2669802775296072,2.4220378324389458,0.008046119120990625,0.08510335286458334,0.9837258085608482
22834.55458490271,859,56295424,56295424,2479.764683236157,2732.366250682021,846,100,3.589999961853027,5.057855247735727,13.0,0.0,4.119999980926513,5.217815610669661,14.0,0.0,-0.004912885463757751,0.2681914293207228,2.433505433301131,0.008906625252469288,0.09651692708333333,0.9827904589474201
22894.555428857915,861,56444160,56426496,2478.898465345671,2184.5026062942916,846,100,3.589999961853027,5.057855247735727,13.0,0.0,4.119999980926513,5.217815610669661,14.0,0.0,-0.004697815444766699,0.2613982195034623,2.3970180551211038,0.008028423790165107,0.09786478678385417,0.985169775163134
22954.555672461167,863,56617984,56557568,2897.05490446674,2184.5244640456126,846,100,3.589999961853027,5.057855247735727,13.0,0.0,4.119999980926513,5.217815610669661,14.0,0.0,-0.0046855353890957,0.2504179060148696,2.414643610517184,0.008910593526403924,0.09759012858072917,0.9850705439845721
23021.228720076382,866,56754176,56754176,2042.6844860309068,2948.8377542701814,855,100,4.170000004768371,5.347999664522764,14.0,0.0,4.320000062137842,5.276135018266652,14.0,0.0,-0.004326070188350665,0.3065185300074518,2.4185264383753142,0.005523581811454885,0.07019551595052083,0.9824786813308796
23081.229121697135,868,56906496,56885248,2538.6496737601024,2184.518710865836,855,100,4.170000004768371,5.347999664522764,14.0,0.0,4.320000062137842,5.276135018266652,14.0,0.0,-0.003185209629009478,0.29422724805772305,2.4272981385389967,0.00835164837432482,0.08861796061197916,0.9820795984317859
23141.229224252515,870,57079552,57016320,2884.2617367240614,2184.5295994123067,855,100,4.170000004768371,5.347999664522764,14.0,0.0,4.320000062137842,5.276135018266652,14.0,0.0,-0.004974840689101256,0.23248068538183966,2.4148915385206537,0.0070458178373276805,0.08400980631510417,0.9868016820400953
23207.979051060043,873,57212928,57212928,1998.1475065783463,2945.445844629885,855,100,4.170000004768371,5.347999664522764,14.0,0.0,4.320000062137842,5.276135018266652,14.0,0.0,-0.005034000173812577,0.26657963505325216,2.430811325709025,0.007736320665571839,0.081298828125,0.9849753032128016
23267.979254045524,875,57363712,57344000,2513.0581647613512,2184.525942882533,863,100,4.0200000166893,5.2076483352742455,14.0,0.0,3.6100000381469726,4.94953535047421,13.0,0.0,-0.006542742333598047,0.14760764921084046,2.452776332696279,0.006904371808559517,0.07922871907552083,0.9907053293039402
23339.330877035856,878,57540608,57540608,2479.214803901065,2755.480418807551,863,100,4.0200000166893,5.2076483352742455,14.0,0.0,3.6100000381469726,4.94953535047421,13.0,0.0,-0.005456427020059588,0.2358917687864353,2.453518201907476,0.005262952495589464,0.05450439453125,0.9846621062606573
23399.33144003339,880,57686272,57671680,2427.7105534157176,2184.5128354109793,863,100,4.0200000166893,5.2076483352742455,14.0,0.0,3.6100000381469726,4.94953535047421,13.0,0.0,-0.003602696764573921,0.28146673599258065,2.4231099411845207,0.007938285201817052,0.08968098958333333,0.9822137858718634
23459.331671440043,882,57856768,57802752,2841.5890406232556,2184.5249081067673,863,100,4.0200000166893,5.2076483352742455,14.0,0.0,3.6100000381469726,4.94953535047421,13.0,0.0,-0.006654351964243687,0.184856974442179,2.4452832862734795,0.0067416564543236746,0.07522074381510417,0.9887100079407295
23526.894222101197,885,57999360,57999360,2110.5183064378443,2910.0144691997566,873,100,4.640000057220459,5.37125687274331,14.0,0.0,4.249999982118607,5.370986863243005,14.0,0.0,-0.003558663796866312,0.20834701492761573,2.4593033641576767,0.0060855303903129725,0.07525634765625,0.9852382888396581
23586.89444973599,887,58145792,58130432,2440.524074196711,2184.525045434818,873,100,4.640000057220459,5.37125687274331,14.0,0.0,4.249999982118607,5.370986863243005,14.0,0.0,-0.004726735183794517,0.22686669595229128,2.430887239674727,0.007836756522010546,0.08660380045572917,0.9857304481168588
23646.894796629436,889,58320384,58261504,2909.849843202741,2184.520703401471,873,100,4.640000057220459,5.37125687274331,14.0,0.0,4.249999982118607,5.370986863243005,14.0,0.0,-0.004131153921965355,0.23036236587601405,2.447004608809948,0.007340764087227095,0.070953369140625,0.986571179702878
23715.091912917793,892,58458112,58458112,2019.557534040699,2882.937148965161,873,100,4.640000057220459,5.37125687274331,14.0,0.0,4.249999982118607,5.370986863243005,14.0,0.0,-0.00507914875439989,0.2702746418459962,2.434460607667764,0.006613083069775408,0.08109537760416667,0.9837830346077681
23775.092250233516,894,58606848,58589184,2478.9193970251763,2184.5210521116874,882,100,4.1199999928474424,5.219731775367626,13.0,0.0,3.920000012218952,5.135523412885795,13.0,0.0,-0.004621451150645346,0.26514631952159107,2.4320092300573983,0.006214281302163727,0.083343505859375,0.984675227974852
23835.092366363853,896,58781440,58720256,2909.8610346142846,2184.529105164976,882,100,4.1199999928474424,5.219731775367626,13.0,0.0,3.920000012218952,5.135523412885795,13.0,0.0,-0.004553297634023087,0.27167918765917415,2.4262114117542906,0.007028003293574633,0.07391357421875,0.985719433054328
23901.46455410123,899,58916864,58916864,2040.3727015275113,2962.2046025957065,882,100,4.1199999928474424,5.219731775367626,13.0,0.0,3.920000012218952,5.135523412885795,13.0,0.0,-0.005501549007021822,0.18378178526957828,2.4571030388275785,0.00660193032672396,0.071533203125,0.9886049330234529
23961.46514878329,901,59063552,59047936,2444.775768928484,2184.511681834876,882,100,4.1199999928474424,5.219731775367626,13.0,0.0,3.920000012218952,5.135523412885795,13.0,0.0,-0.0062406005745287985,0.21357564240073162,2.429073415696621,0.006161043057848778,0.0711517333984375,0.9870187354584535
24021.465269068256,903,59231488,59179008,2798.927722184516,2184.52895390011,893,100,3.75,5.202643543800345,13.0,0.0,4.789999890327453,5.4704569360906605,14.0,0.0,-0.006574096357023032,0.2443339368328452,2.399150567750136,0.008403092728864673,0.09590148925781251,0.9845842116822798
24089.295435220934,906,59375616,59375616,2124.836310670142,2898.5333687294305,893,100,3.75,5.202643543800345,13.0,0.0,4.789999890327453,5.4704569360906605,14.0,0.0,-0.004889568403693071,0.31479954843719804,2.4191977282365165,0.006810557981831758,0.07796223958333333,0.9823040043314298
24149.2958177682,908,59526656,59506688,2517.31728345256,2184.5194053012046,893,100,3.75,5.202643543800345,13.0,0.0,4.789999890327453,5.4704569360906605,14.0,0.0,-0.004844888724619523,0.21621374281433722,2.432567189137141,0.0058843668339250135,0.06802368164062499,0.9863260351121426
24209.29597983323,910,59696384,59637760,2828.792359194731,2184.5274327416323,893,100,3.75,5.202643543800345,13.0,0.0,4.789999890327453,5.4704569360906605,14.0,0.0,-0.0062984935235969415,0.19769165913263959,2.4206907873352366,0.005368969338330014,0.061258951822916664,0.9885615209738413
24275.912359818816,913,59834368,59834368,2071.322398933362,2951.346201077592,902,100,3.6300000190734862,5.117919509752748,13.0,0.0,3.8500000193715094,5.200721182318368,13.0,0.0,-0.003931909928117723,0.34033982983479893,2.3938734009861946,0.007208035568813405,0.07779439290364584,0.9808704648166895
24335.91257128399,915,59977984,59965440,2393.5915639791183,2184.5256341485,902,100,3.6300000190734862,5.117919509752748,13.0,0.0,3.8500000193715094,5.200721182318368,13.0,0.0,-0.0036993268101165695,0.3060522632052501,2.3806971982121468,0.009113953345149639,0.10940043131510416,0.9830172993242741
24395.912711003795,917,60151296,60096512,2888.5266069270183,2184.528246302265,902,100,3.6300000190734862,5.117919509752748,13.0,0.0,3.8500000193715094,5.200721182318368,13.0,0.0,-0.005517654892173595,0.20735217809366682,2.419409486154715,0.007824663277763952,0.08460489908854166,0.9878715723752975
24463.145876655355,920,60293120,60293120,2109.435107295288,2924.2710512685585,902,100,3.6300000190734862,5.117919509752748,13.0,0.0,3.8500000193715094,5.200721182318368,13.0,0.0,-0.0032623093247821093,0.25826107648511726,2.4211985518534975,0.0073994561134895775,0.0814361572265625,0.9852531738579273
24523.14597065281,922,60450048,60424192,2615.4625692195314,2184.5299109957587,912,100,4.519999980926514,5.439632316313726,15.0,0.0,4.420000058412552,5.342621086966846,13.0,0.0,-0.004644718789980591,0.29697205180612707,2.4183856472373004,0.008228062753914855,0.0874176025390625,0.9838587312648694
24595.294831653126,925,60620800,60620800,2366.6624480635396,2725.032623857269,912,100,4.519999980926514,5.439632316313726,15.0,0.0,4.420000058412552,5.342621086966846,13.0,0.0,-0.004978637164943696,0.23389593558385968,2.4037095978856087,0.010639055689049806,0.10875956217447917,0.9870197139680386
24655.29506204743,927,60770048,60751872,2487.4571150674956,2184.5249449649364,912,100,4.519999980926514,5.439632316313726,15.0,0.0,4.420000058412552,5.342621086966846,13.0,0.0,-0.004214735357284856,0.24333944621806342,2.4080944384137792,0.006217043857759562,0.07332356770833333,0.9864485412836075
24715.29867735319,929,60944640,60882944,2909.6913429355154,2184.40171199851,912,100,4.519999980926514,5.439632316313726,15.0,0.0,4.420000058412552,5.342621086966846,13.0,0.0,-0.003922337440599222,0.22814671446879706,2.441166805724303,0.007875727939487357,0.08644612630208333,0.9877493139356375
24780.948034665547,932,61079552,61079552,2055.0391583894752,2994.819874085611,912,100,4.519999980926514,5.439632316313726,15.0,0.0,4.420000058412552,5.342621086966846,13.0,0.0,-0.0047486703721612376,0.27647944710527855,2.408096176882585,0.007546794295194559,0.07806905110677083,0.9855518297602732
24840.9483225327,934,61226496,61210624,2449.0549166256337,2184.5228524604954,922,100,4.059999990463257,5.371815283696245,13.0,0.0,4.139999997615814,5.213482546169917,14.0,0.0,-0.00492703777369267,0.31690342305228114,2.4008514309922857,0.007372760201784937,0.0836334228515625,0.9827541404714187
24900.948482498527,936,61398528,61341696,2867.1923557866767,2184.5275091708013,922,100,4.059999990463257,5.371815283696245,13.0,0.0,4.139999997615814,5.213482546169917,14.0,0.0,-0.002781276739066622,0.3167444262653589,2.4236068253715835,0.009572220443563614,0.10447184244791667,0.9814539104700087
24969.053357415833,939,61538304,61538304,2052.364095370826,2886.8418044776454,922,100,4.059999990463257,5.371815283696245,13.0,0.0,4.139999997615814,5.213482546169917,14.0,0.0,-0.005820966636141141,0.24778684019111097,2.4353610252340636,0.006945839230562949,0.07870992024739584,0.9848971348255873
25029.05342966132,941,61689856,61669376,2525.8636252959104,2184.530702958625,932,100,4.970000004768371,5.532549198140559,15.0,0.0,4.290000040829182,5.229330739328459,13.0,0.0,-0.005747008417529287,0.18735641869716346,2.451786033809185,0.007477667132964902,0.0826416015625,0.9887162664284309
25089.05383090768,943,61865728,61800448,2931.180397908844,2184.5187244968383,932,100,4.970000004768371,5.532549198140559,15.0,0.0,4.290000040829182,5.229330739328459,13.0,0.0,-0.0069094836386890774,0.15473329407783845,2.4126056879758835,0.007222902560897637,0.0820770263671875,0.9914608088632424
25154.168884284794,946,61997056,61997056,2016.8608207907482,3019.393977324161,932,100,4.970000004768371,5.532549198140559,15.0,0.0,4.290000040829182,5.229330739328459,13.0,0.0,-0.005785882494819816,0.30201596037174266,2.4104759270946188,0.007619018257779922,0.09459431966145834,0.9841216846058766
25214.16921059694,948,62145024,62128128,2466.1199212518923,2184.52145273524,932,100,4.970000004768371,5.532549198140559,15.0,0.0,4.290000040829182,5.229330739328459,13.0,0.0,-0.0038416166789829735,0.28712955893327796,2.3926334604620934,0.007619668553161318,0.08640543619791666,0.9840796533972025
25274.169326310977,950,62319104,62259200,2901.3277379276315,2184.5291203219813,932,100,4.970000004768371,5.532549198140559,15.0,0.0,4.290000040829182,5.229330739328459,13.0,0.0,-0.005580040349741466,0.2694978268506626,2.392359619339307,0.007605669966020893,0.0908966064453125,0.9835599617411693
25341.54837272223,953,62455808,62455808,2028.8800047067448,2917.93978205015,941,100,4.550000023841858,5.333619726139772,14.0,0.0,5.080000054836273,5.50759472242524,16.0,0.0,-0.004070643975865096,0.3255210787368318,2.407902128994465,0.008623405445784254,0.09824117024739584,0.9803901283691328
25401.552381138317,955,62607872,62586880,2534.2306958152026,2184.3874011067064,941,100,4.550000023841858,5.333619726139772,14.0,0.0,5.080000054836273,5.50759472242524,16.0,0.0,-0.004763638840813655,0.29609019534351927,2.387619304160277,0.008037137511564652,0.08879597981770834,0.9829946290701628
25461.552395614795,957,62782208,62717952,2905.59929895259,2184.532806260978,941,100,4.550000023841858,5.333619726139772,14.0,0.0,5.080000054836273,5.50759472242524,16.0,0.0,-0.002986105316570805,0.3181421395080785,2.3903601641456285,0.006805518360730882,0.0720367431640625,0.9818338416516781
25526.768791717477,960,62914560,62914560,2029.4283019198845,3014.7020036256695,950,100,4.9700000286102295,5.552395968556567,13.0,0.0,4.390000033378601,5.334594620816419,13.0,0.0,-0.004489525684524172,0.2636906758416444,2.4023391554752984,0.007927775694042793,0.09292602539062499,0.9852997579922279
25586.768991326913,962,63062528,63045632,2466.1251289692277,2184.526065799731,950,100,4.9700000286102295,5.552395968556567,13.0,0.0,4.390000033378601,5.334594620816419,13.0,0.0,-0.0041295501093069715,0.2663096368002395,2.3953182076414428,0.007637036319162387,0.0808258056640625,0.9843191883216302
25646.769304352812,964,63239936,63176704,2956.784574164164,2184.5219364676072,950,100,4.9700000286102295,5.552395968556567,13.0,0.0,4.390000033378601,5.334594620816419,13.0,0.0,-0.005243652529316024,0.23698785412125292,2.379473159710566,0.007663358442490184,0.08434041341145833,0.986659798771143
25713.978304044344,967,63373312,63373312,1984.4961331392435,2925.322514877042,950,100,4.9700000286102295,5.552395968556567,13.0,0.0,4.390000033378601,5.334594620816419,13.0,0.0,-0.005184777292015497,0.3032714251118402,2.3859031572937965,0.00869035596952017,0.0916900634765625,0.9833952977011602
25773.97867078986,969,63525120,63504384,2530.1178681769206,2184.5199806181845,950,100,4.9700000286102295,5.552395968556567,13.0,0.0,4.390000033378601,5.334594620816419,13.0,0.0,-0.003914499883345949,0.24426148187679547,2.406831036011378,0.0074789321843127254,0.08671061197916667,0.9852731221665939
25833.97875360679,971,63698176,63635456,2884.262685570384,2184.5303180651426,959,100,5.240000033378601,5.530135622781565,14.0,0.0,4.450000059604645,5.367261902040754,13.0,0.0,-0.004840344767823505,0.2676698563930889,2.4046840990583105,0.00708624057006091,0.07619730631510417,0.9850693382322788
25899.350685736164,974,63832064,63832064,2048.0961115701193,3007.52928047008,959,100,5.240000033378601,5.530135622781565,14.0,0.0,4.450000059604645,5.367261902040754,13.0,0.0,-0.004428125212143641,0.21689357818104327,2.378913675745328,0.007974490131649265,0.08768717447916667,0.9886652796218793
25959.350750605576,976,63976448,63963136,2406.3973983069573,2184.530971512699,959,100,5.240000033378601,5.530135622781565,14.0,0.0,4.450000059604645,5.367261902040754,13.0,0.0,-0.0036814825410450185,0.2603420220160236,2.4192804967363672,0.007408528241285239,0.07502237955729167,0.9849058867742617
26019.351135315374,978,64149504,64094208,2884.248173357807,2184.51932656686,959,100,5.240000033378601,5.530135622781565,14.0,0.0,4.450000059604645,5.367261902040754,13.0,0.0,-0.0037440384621731937,0.2812097387698789,2.384910834332307,0.008904038145071052,0.09222412109374999,0.9848273595174154
26086.193232858554,981,64290816,64290816,2114.116779604537,2941.379867275877,969,100,5.820000004768372,5.824740285572095,15.0,0.0,3.8500000149011613,5.034630075683127,13.0,0.0,-0.005630962007368605,0.2424513635536035,2.378769581516584,0.009202239150909007,0.10106404622395833,0.9855568589021763
26146.196672786027,983,64445184,64421888,2572.6525043661672,2184.408096576248,969,100,5.820000004768372,5.824740285572095,15.0,0.0,3.8500000149011613,5.034630075683127,13.0,0.0,-0.004310977063141763,0.3557054951476554,2.366107905904452,0.009698187443063944,0.10058085123697917,0.9790094538281361
26218.153219050728,986,64618496,64618496,2408.5647379802176,2732.3156850351656,969,100,5.820000004768372,5.824740285572095,15.0,0.0,3.8500000149011613,5.034630075683127,13.0,0.0,-0.004376135165027033,0.2578674243607869,2.3711701358358064,0.005838227523175496,0.06769307454427083,0.9866653258601825
26278.153769459575,988,64764416,64749568,2431.977690299367,2184.513293742589,969,100,5.820000004768372,5.824740285572095,15.0,0.0,3.8500000149011613,5.034630075683127,13.0,0.0,-0.004830737256270368,0.27532962802797556,2.394642906884352,0.007829459632072636,0.0869903564453125,0.9841003424177568
26338.15377597604,990,64934912,64880640,2841.599691380296,2184.5330960761435,979,100,5.280000066757202,5.716782222241041,17.0,0.0,4.110000044107437,5.120341847304357,13.0,0.0,-0.006579617809620685,0.18412409823698303,2.3906666239102683,0.00901455974963028,0.09708150227864583,0.989536510159572
26405.538124980405,993,65077248,65077248,2112.3005876450443,2917.710164229126,979,100,5.280000066757202,5.716782222241041,17.0,0.0,4.110000044107437,5.120341847304357,13.0,0.0,-0.006790922501143845,0.23423017561435702,2.3871659661332765,0.009456420871477652,0.10608927408854166,0.9870851046095291
26465.538617114536,995,65221120,65208320,2397.846998960829,2184.5154154233883,979,100,5.280000066757202,5.716782222241041,17.0,0.0,4.110000044107437,5.120341847304357,13.0,0.0,-0.005073381289548706,0.19862097253402075,2.418174088001251,0.008507007274602074,0.10390218098958333,0.9887773040682077
26525.539064307697,997,65397248,65339392,2935.4447881527876,2184.5170516485864,979,100,5.280000066757202,5.716782222241041,17.0,0.0,4.110000044107437,5.120341847304357,13.0,0.0,-0.005620942611130887,0.21967963113759956,2.4040136386950812,0.00943082949561358,0.0984954833984375,0.9872402890274922
26592.517181352712,1000,65536000,65536000,2071.6019816852518,2935.4064980337143,989,100,5.679999899864197,5.765205907481269,14.0,0.0,4.399999983608723,5.377731827790936,14.0,0.0,-0.0051541373250074685,0.2671968634240329,2.398394860327244,0.009789299258651832,0.10505676269531249,0.9848618637770414
26652.517609505914,1002,65683968,65667072,2466.115735410859,2184.517744862214,989,100,5.679999899864197,5.765205907481269,14.0,0.0,4.399999983608723,5.377731827790936,14.0,0.0,-0.005918542316067032,0.2951129467692226,2.375742902358373,0.008369860259942167,0.09837849934895833,0.9827451892197132
26712.51786061097,1004,65860608,65798144,2943.987679163521,2184.5241909155407,989,100,5.679999899864197,5.765205907481269,14.0,0.0,4.399999983608723,5.377731827790936,14.0,0.0,-0.0038968868708858886,0.33098953100852674,2.38565011570851,0.008772677546706593,0.09106953938802083,0.9815250597894193
26778.457993034273,1007,65994752,65994752,2034.3301578295273,2981.6136664371697,989,100,5.679999899864197,5.765205907481269,14.0,0.0,4.399999983608723,5.377731827790936,14.0,0.0,-0.004274998442269862,0.3027226549262802,2.387280548612277,0.007416558828481357,0.0808258056640625,0.9837176396201054
26838.458096209913,1009,66147584,66125824,2547.195619857691,2184.5295768293763,998,100,5.7399999618530275,5.624268905103803,14.0,0.0,5.330000081658364,5.488269405628736,14.0,0.0,-0.0036584705812856555,0.23453731943542758,2.3617829208572703,0.006086415449317428,0.06498209635416667,0.98747479232649
26898.45825020224,1011,66321408,66256896,2897.059231251885,2184.52772665827,998,100,5.7399999618530275,5.624268905103803,14.0,0.0,5.330000081658364,5.488269405628736,14.0,0.0,-0.002972134376856654,0.3360911436999838,2.3931953956683474,0.00789397457932258,0.08336893717447917,0.9804269801825285
26964.20697284583,1014,66453504,66453504,2009.103670592381,2990.293835300288,998,100,5.7399999618530275,5.624268905103803,14.0,0.0,5.330000081658364,5.488269405628736,14.0,0.0,-0.0059368032234488055,0.23186012140164772,2.399746122459571,0.008574943674223809,0.087677001953125,0.9873191559066374
27024.207454361953,1016,66600192,66584576,2444.7803799805047,2184.515802007013,998,100,5.7399999618530275,5.624268905103803,14.0,0.0,5.330000081658364,5.488269405628736,14.0,0.0,-0.005100922338897362,0.23578234280770025,2.3907479594151178,0.008758273273391145,0.09745788574218751,0.9872595040748516
27096.492174126208,1019,66781184,66781184,2503.876346069769,2719.910938870697,1008,100,5.51999990940094,5.673587910174123,13.0,0.0,4.940000057220459,5.4200000564873125,14.0,0.0,-0.004869596256564061,0.25654344757397973,2.391303633650144,0.008584886481306361,0.09213765462239583,0.9851880303273598
27156.492195396684,1021,66925312,66912256,2402.1324817583004,2184.5325588992005,1008,100,5.51999990940094,5.673587910174123,13.0,0.0,4.940000057220459,5.4200000564873125,14.0,0.0,-0.004294609587911205,0.3352055296612283,2.3752928525209422,0.009561425106464108,0.09999593098958333,0.9820677805691957
27216.492442738265,1023,67098880,67043328,2892.7880748870825,2184.524327938328,1008,100,5.51999990940094,5.673587910174123,13.0,0.0,4.940000057220459,5.4200000564873125,14.0,0.0,-0.006181971756935431,0.17278253838109472,2.430093449850877,0.00786929306013917,0.0794830322265625,0.9901970364153385
27283.06655651424,1026,67239936,67239936,2118.7814902750024,2953.2199356283154,1008,100,5.51999990940094,5.673587910174123,13.0,0.0,4.940000057220459,5.4200000564873125,14.0,0.0,-0.004713275137570841,0.34285290880749625,2.393407682577769,0.00932728743464395,0.10088602701822917,0.9805462826043367
27343.06716170255,1028,67390464,67371008,2508.7746953146934,2184.5112993216376,1018,100,5.4500000238418576,5.653980884415309,14.0,0.0,5.129999995231628,5.52748587792124,14.0,0.0,-0.00537334879724464,0.24909498713289696,2.4040121287107468,0.008265411989971957,0.08225504557291667,0.9854289616147677
27414.335405042395,1031,67567616,67567616,2485.7074020366567,2758.704168734324,1018,100,5.4500000238418576,5.653980884415309,14.0,0.0,5.129999995231628,5.52748587792124,14.0,0.0,-0.0043041535730784135,0.3188611576333642,2.4024326230088873,0.008729715849161343,0.09635416666666667,0.9824423051128786
27474.33578111604,1033,67710976,67698688,2389.318357338995,2184.519640995653,1018,100,5.4500000238418576,5.653980884415309,14.0,0.0,5.129999995231628,5.52748587792124,14.0,0.0,-0.0035756341385422274,0.28478017286397517,2.366520697871844,0.007754892165394266,0.08664957682291667,0.9848263679693143
27534.33611190226,1035,67884032,67829760,2884.250765493161,2184.5212898409736,1018,100,5.4500000238418576,5.653980884415309,14.0,0.0,5.129999995231628,5.52748587792124,14.0,0.0,-0.0028341018017575457,0.27971922125046456,2.3758032768964767,0.007434126976780438,0.07982381184895834,0.9858244527131319
27601.91229997296,1038,68026368,68026368,2106.304070467621,2909.4272052502392,1027,100,5.829999995231629,5.693953025930393,14.0,0.0,5.349999976158142,5.659284404160181,16.0,0.0,-0.004650879833207,0.28049524702752626,2.364410532017549,0.01007033274557519,0.10986836751302083,0.9836017104486625
27661.91268629022,1040,68174336,68157440,2466.1174549376765,2184.5192680416785,1027,100,5.829999995231629,5.693953025930393,14.0,0.0,5.349999976158142,5.659284404160181,16.0,0.0,-0.004860624479382143,0.2636636975221336,2.393004554013411,0.009084607245313238,0.10299173990885417,0.9853503430883089
27721.913173124194,1042,68345344,68288512,2850.110207825319,2184.5156083930588,1027,100,5.829999995231629,5.693953025930393,14.0,0.0,5.349999976158142,5.659284404160181,16.0,0.0,-0.003872721189206156,0.24940115655772388,2.3869774167736373,0.011771062205298222,0.12815348307291666,0.9843685037146013
27788.50557267666,1045,68485120,68485120,2098.978275889851,2952.409003449461,1027,100,5.829999995231629,5.693953025930393,14.0,0.0,5.349999976158142,5.659284404160181,16.0,0.0,-0.006768168663256802,0.25659653559948004,2.3816329290469485,0.01038675635815404,0.115203857421875,0.9842046089470387
27848.505816503428,1047,68632320,68616192,2453.3233635681704,2184.5244559076577,1035,100,5.579999947547913,5.621707861035767,14.0,0.0,4.519999980926514,5.26778888116349,13.0,0.0,-0.0018116138550491694,0.3286010728528102,2.3723496918876967,0.00864345966450249,0.08987426757812499,0.9822726895411809
27908.505920112133,1049,68811520,68747264,2986.6615092644743,2184.529561062015,1035,100,5.579999947547913,5.621707861035767,14.0,0.0,4.519999980926514,5.26778888116349,13.0,0.0,-0.00462490025771937,0.3091454744959871,2.3872752090295157,0.00932055518872706,0.10151163736979166,0.9805950534840424
27974.08019107487,1052,68943872,68943872,2018.3525955661614,2998.249116817818,1035,100,5.579999947547913,5.621707861035767,14.0,0.0,4.519999980926514,5.26778888116349,13.0,0.0,-0.004933918620129892,0.255494116883104,2.3706260323524475,0.00886688170248817,0.09944661458333334,0.9840298673758904
28034.080337329768,1054,69097472,69074944,2559.9937598062675,2184.528008368015,1045,100,5.9,5.6789084255434075,14.0,0.0,4.890000069141388,5.397953387628053,15.0,0.0,-0.0045004734517230345,0.3328650252272685,2.3843912184238434,0.009469229687965708,0.10412597656249999,0.9795273207128047
28106.393683197908,1057,69271552,69271552,2407.3011407524364,2718.8342295556927,1045,100,5.9,5.6789084255434075,14.0,0.0,4.890000069141388,5.397953387628053,15.0,0.0,-0.007318506807981368,0.24080229566122097,2.3833048840363817,0.008807926045240796,0.09271240234375001,0.9860305779923996
28166.39409516193,1059,69418240,69402624,2444.7832139545862,2184.5183342840282,1045,100,5.9,5.6789084255434075,14.0,0.0,4.890000069141388,5.397953387628053,15.0,0.0,-0.005896871645139375,0.22535556298680604,2.3727492168545723,0.01002431375369876,0.11017354329427083,0.9859776329249144
28226.39682749845,1061,69595136,69533696,2948.1324118356993,2184.433856526596,1053,100,5.61000006198883,5.624757751245438,13.0,0.0,4.629999962449074,5.330393931523545,13.0,0.0,-0.004999390386122589,0.26996853295713663,2.37517212331295,0.009378315996097323,0.10706583658854167,0.982597337414821
28293.210599466227,1064,69730304,69730304,2023.0559661440864,2942.626859845944,1053,100,5.61000006198883,5.624757751245438,13.0,0.0,4.629999962449074,5.330393931523545,13.0,0.0,-0.004958566610487954,0.2505066175945103,2.3724338064591093,0.010009666582845966,0.10596211751302083,0.9838310747096936
28353.21072617639,1066,69885184,69861376,2581.327881992117,2184.5287199668824,1053,100,5.61000006198883,5.624757751245438,13.0,0.0,4.629999962449074,5.330393931523545,13.0,0.0,-0.0065899812761927015,0.217281070848306,2.3724872668584185,0.007595881235223108,0.08257039388020834,0.9856323419759672
28425.95066013839,1069,70057984,70057984,2375.586429460695,2702.889448630835,1053,100,5.61000006198883,5.624757751245438,13.0,0.0,4.629999962449074,5.330393931523545,13.0,0.0,-0.003018919611349702,0.2605191671755165,2.3521812930703163,0.005401310761347607,0.06988525390625,0.9853909953186909
28485.950713292696,1071,70204928,70189056,2449.0644970279945,2184.531398045877,1053,100,5.61000006198883,5.624757751245438,13.0,0.0,4.629999962449074,5.330393931523545,13.0,0.0,-0.004913188383701103,0.30057943565770984,2.3216307709614434,0.006971052891458385,0.08404541015625001,0.9829460848122836
28545.951192152686,1073,70381056,70320128,2935.443238894625,2184.5158987122795,1061,100,5.860000109672546,5.601821118028979,14.0,0.0,5.990000033378601,5.54525917394384,15.0,0.0,-0.006275279687542933,0.25955467244299746,2.371428502102693,0.00884451669420135,0.09456380208333333,0.9843361489474773
28611.616198127158,1076,70516736,70516736,2066.2451481805697,2994.106176986184,1061,100,5.860000109672546,5.601821118028979,14.0,0.0,5.990000033378601,5.54525917394384,15.0,0.0,-0.004233253392158076,0.27020272503917414,2.367858616014322,0.006652241180442313,0.06804402669270833,0.9851947451631228
28671.616868454963,1078,70656256,70647808,2325.3073546970836,2184.508927715425,1061,100,5.860000109672546,5.601821118028979,14.0,0.0,5.990000033378601,5.54525917394384,15.0,0.0,-0.005872657477690761,0.25639797607436776,2.3803393517931304,0.00713367156095046,0.07896931966145833,0.9847953394055367
28731.61712807417,1080,70838272,70778880,3033.586873709732,2184.5238809274024,1061,100,5.860000109672546,5.601821118028979,14.0,0.0,5.990000033378601,5.54525917394384,15.0,0.0,-0.006305431813719527,0.23155117710120976,2.387328634659449,0.008332331215569866,0.09487406412760416,0.9850378253807625
28798.77719862666,1083,70975488,70975488,2043.1187589768144,2927.453744205585,1071,100,5.790000021457672,5.6873456677778105,14.0,0.0,4.780000013113022,5.345240879716958,13.0,0.0,-0.00458796568273101,0.22568577722025412,2.374150854845842,0.008293753383137906,0.08984883626302083,0.9857846169422071
28858.777607748285,1085,71127040,71106560,2525.8494436728465,2184.5184377711103,1071,100,5.790000021457672,5.6873456677778105,14.0,0.0,4.780000013113022,5.345240879716958,13.0,0.0,-0.006306405465390223,0.1930756464911004,2.407630947728952,0.007469445274788693,0.08075968424479167,0.988422803580761
28918.778194190934,1087,71302144,71237632,2918.3714757083326,2184.5119818167636,1071,100,5.790000021457672,5.6873456677778105,14.0,0.0,4.780000013113022,5.345240879716958,13.0,0.0,-0.005834561731414093,0.2233159464473526,2.37944029768308,0.008947715557345266,0.1022186279296875,0.9874328977117935
28984.10673038196,1090,71434240,71434240,2022.0260195903477,3009.5270989251685,1071,100,5.790000021457672,5.6873456677778105,14.0,0.0,4.780000013113022,5.345240879716958,13.0,0.0,-0.0057553476411461215,0.23753849028920135,2.376516898473104,0.009706620669627833,0.10007222493489583,0.987270833303531
29044.107093895786,1092,71584768,71565312,2508.784800367255,2184.52009827897,1080,100,5.2999999761581424,5.609812887864581,14.0,0.0,4.570000019669533,5.400472195909224,15.0,0.0,-0.004827448959986214,0.21507047295259935,2.3890893012285233,0.009479479483464576,0.107025146484375,0.9875930274526279
29116.496207006276,1095,71761920,71761920,2447.218820454485,2715.9885174986193,1080,100,5.2999999761581424,5.609812887864581,14.0,0.0,4.570000019669533,5.400472195909224,15.0,0.0,-0.005444165954637962,0.2189153564783434,2.382493237654368,0.008832646297378233,0.091400146484375,0.9868187208970387
29176.49639295228,1097,71909888,71892992,2466.125690563099,2184.526563266966,1080,100,5.2999999761581424,5.609812887864581,14.0,0.0,4.570000019669533,5.400472195909224,15.0,0.0,-0.0057742945512776105,0.26762503338977695,2.3721736321846643,0.009359660456539132,0.09796651204427083,0.9854826467732588
29249.087468938902,1100,72089600,72089600,2475.67621167532,2708.4320948242816,1090,100,5.289999985694886,5.575472949908762,14.0,0.0,5.640000069141388,5.611630799909965,14.0,0.0,-0.003857662498679322,0.26158596117359895,2.348444275557995,0.011203735316181943,0.11254374186197917,0.9860531489054362
29309.08752058074,1102,72234240,72220672,2410.6645918142112,2184.531453113055,1090,100,5.289999985694886,5.575472949908762,14.0,0.0,5.640000069141388,5.611630799909965,14.0,0.0,-0.003886264285635358,0.2616576353708903,2.35586304217577,0.008836910727647288,0.09824625651041666,0.9853192126999298
29369.08778648358,1104,72412416,72351744,2969.5868396404485,2184.5236521492952,1090,100,5.289999985694886,5.575472949908762,14.0,0.0,5.640000069141388,5.611630799909965,14.0,0.0,-0.0033958041118845967,0.2565421561400096,2.332929226259391,0.005296210206021594,0.061436971028645836,0.986352205897371
29436.18518951442,1107,72548352,72548352,2025.9502433725272,2930.1879226178926,1090,100,5.289999985694886,5.575472949908762,14.0,0.0,5.640000069141388,5.611630799909965,14.0,0.0,-0.0054509913752553985,0.2988128759122143,2.384333891173204,0.012659565452850076,0.1279449462890625,0.9815507028251886
29496.185508967377,1109,72696832,72679424,2474.653491077107,2184.521702468067,1099,100,5.810000014305115,5.6633824696448345,14.0,0.0,5.429999995231628,5.5861524381791545,15.0,0.0,-0.004415897960522367,0.2855818926667174,2.3719907080133753,0.006690450894893729,0.0677642822265625,0.9848642529298862
29556.185650688596,1111,72870656,72810496,2897.059823752513,2184.5281734334117,1099,100,5.810000014305115,5.6633824696448345,14.0,0.0,5.429999995231628,5.5861524381791545,15.0,0.0,-0.00202474709173354,0.26440731428253156,2.3677057176828384,0.014767875694208973,0.14275614420572916,0.984962056701382
29621.47933224216,1114,73007104,73007104,2089.7581014490993,3011.133624602079,1099,100,5.810000014305115,5.6633824696448345,14.0,0.0,5.429999995231628,5.5861524381791545,15.0,0.0,-0.0032443425710274214,0.26814160984940827,2.366669046382109,0.009594510973935636,0.10037740071614583,0.9849246628582476
29681.47946447041,1116,73153024,73138176,2431.9946403601666,2184.52851906036,1099,100,5.810000014305115,5.6633824696448345,14.0,0.0,5.429999995231628,5.5861524381791545,15.0,0.0,-0.006111698249393763,0.2209047454719742,2.397850041588147,0.008097009876413114,0.0907745361328125,0.9874196698268255
29753.48706396483,1119,73334784,73334784,2524.1780211557384,2730.3784792219817,1108,100,5.41000006198883,5.751686699500179,14.0,0.0,4.459999990463257,5.286624721227052,14.0,0.0,-0.004228858852002304,0.23105494763391712,2.3957359244426093,0.010381130919389156,0.10682169596354167,0.9880430748065313
29813.49117879942,1121,73481216,73465856,2440.365971628057,2184.3835270516875,1108,100,5.41000006198883,5.751686699500179,14.0,0.0,4.459999990463257,5.286624721227052,14.0,0.0,-0.00479167827385633,0.31356808527683216,2.3952632546424866,0.009921171504174708,0.10503133138020833,0.9813868589699268
29873.491757879034,1123,73661440,73596928,3003.704343600848,2184.5122498915257,1108,100,5.41000006198883,5.751686699500179,14.0,0.0,4.459999990463257,5.286624721227052,14.0,0.0,-0.002875923426472582,0.31588349413747585,2.382048519949118,0.005283702001785666,0.059275309244791664,0.9832080435007811
29938.68400945235,1126,73793536,73793536,2026.2530716774172,3015.8185252873186,1108,100,5.41000006198883,5.751686699500179,14.0,0.0,4.459999990463257,5.286624721227052,14.0,0.0,-0.0059889335971092805,0.187832287279889,2.3954973444342613,0.009601270043882929,0.11404927571614584,0.9882533388833206
29998.684350093827,1128,73943552,73924608,2500.2524718384516,2184.520931026087,1108,100,5.41000006198883,5.751686699500179,14.0,0.0,4.459999990463257,5.286624721227052,14.0,0.0,-0.005280313846014906,0.3269205734444161,2.360931418836117,0.009428249807873119,0.10124715169270833,0.982120407745242
30058.684653462842,1130,74115840,74055680,2871.452148173148,2184.5222880604038,1118,100,5.350000047683716,5.705041652614295,15.0,0.0,4.079999965429306,5.147193353344172,15.0,0.0,-0.005001797690056264,0.28970351202102995,2.3978303596377373,0.006393728914796763,0.06429545084635416,0.984199184924364
30125.18279975187,1133,74252288,74252288,2051.9068216870437,2956.593694288273,1118,100,5.350000047683716,5.705041652614295,15.0,0.0,4.079999965429306,5.147193353344172,15.0,0.0,-0.004334615633221498,0.21690938225947318,2.3821430007616677,0.012076306843179433,0.11862691243489584,0.9886709333707889
30185.18320285715,1135,74404096,74383360,2530.1163349457183,2184.518656816539,1118,100,5.350000047683716,5.705041652614295,15.0,0.0,4.079999965429306,5.147193353344172,15.0,0.0,-0.00487258295470383,0.2366245542652905,2.3865155652165413,0.00883386071473069,0.09974161783854166,0.9869593630234401
30256.478792927228,1138,74579968,74579968,2466.8005388150345,2757.646017190606,1118,100,5.350000047683716,5.705041652614295,15.0,0.0,4.079999965429306,5.147193353344172,15.0,0.0,-0.005929392876472169,0.20107092941179874,2.37415923923254,0.010485863282156059,0.10794576009114583,0.9879597735901673
30316.47934779059,1140,74721536,74711040,2359.4448471749347,2184.5131315616036,1129,100,5.100000014901161,5.761076196009751,16.0,0.0,5.39000004529953,5.571166896545703,15.0,0.0,-0.007332336249722479,0.21077588216091195,2.369227816661199,0.00983714389197606,0.11417134602864584,0.9878730537990729
30376.479446122423,1142,74897408,74842112,2931.1951961701366,2184.529753186477,1129,100,5.100000014901161,5.761076196009751,16.0,0.0,5.39000004529953,5.571166896545703,15.0,0.0,-0.004911281132081058,0.22007501039964456,2.3731490944822626,0.009719131364666586,0.11077372233072917,0.9871587175875902
30443.377385604195,1145,75038720,75038720,2112.352055903051,2938.9245995172887,1129,100,5.100000014901161,5.761076196009751,16.0,0.0,5.39000004529953,5.571166896545703,15.0,0.0,-0.006083253543086661,0.25349757766040665,2.371230348944664,0.008958942012516975,0.10394287109375,0.986146716400981
30503.379073651507,1147,75192832,75169792,2568.4610719365173,2184.4718751353766,1129,100,5.100000014901161,5.761076196009751,16.0,0.0,5.39000004529953,5.571166896545703,15.0,0.0,-0.005263402602092053,0.22814721024284762,2.3787533342838287,0.009783833244000562,0.10064697265625001,0.9870114692797264
30575.40988276992,1150,75366400,75366400,2409.6355729486418,2729.4987021011166,1138,100,5.810000014305115,5.59051873441895,15.0,0.0,5.0800000667572025,5.416050231603196,14.0,0.0,-0.005080095356485496,0.22975143464282155,2.378911450505257,0.011059921574390804,0.11573282877604167,0.9874179977923632
30635.410038743168,1152,75521024,75497472,2577.0599674597684,2184.5276545354327,1138,100,5.810000014305115,5.59051873441895,15.0,0.0,5.0800000667572025,5.416050231603196,14.0,0.0,-0.0013470148296619298,0.3030479128162066,2.3106179162859917,0.00859895081096814,0.0867919921875,0.9824872345974047
30695.410891770385,1154,75693568,75628544,2875.69244926788,2184.5022760017127,1138,100,5.810000014305115,5.59051873441895,15.0,0.0,5.0800000667572025,5.416050231603196,14.0,0.0,-0.007295963759437049,0.21241673540013534,2.3994694302479425,0.007611539686574057,0.0894012451171875,0.988772169376413
30761.32252769079,1157,75825152,75825152,1996.3698087982566,2982.9027493328035,1147,100,5.420000100135804,5.526626492564966,15.0,0.0,5.020000004768372,5.399963024400704,14.0,0.0,-0.005476010456429019,0.19417408822725216,2.3989801978071528,0.009888331371863995,0.10416666666666667,0.9886893766621748
30821.322943334468,1159,75971584,75956224,2440.516426912971,2184.5182003137083,1147,100,5.420000100135804,5.526626492564966,15.0,0.0,5.020000004768372,5.399963024400704,14.0,0.0,-0.005653931427029117,0.27443483052775264,2.370315462350846,0.008708166927438773,0.09956868489583333,0.98386957620581
30881.32316619996,1161,76152576,76087296,3016.5221286885226,2184.525219078534,1147,100,5.420000100135804,5.526626492564966,15.0,0.0,5.020000004768372,5.399963024400704,14.0,0.0,-0.0030406153891817667,0.23409466693798703,2.3704065258304277,0.011177139042653533,0.11074320475260416,0.9863490244994562
30947.30519674346,1164,76283904,76283904,1990.360086196831,2979.7203629613377,1147,100,5.420000100135804,5.526626492564966,15.0,0.0,5.020000004768372,5.399963024400704,14.0,0.0,-0.0054298445854025585,0.2626535507539908,2.3403973951935764,0.009584261634396777,0.09763590494791667,0.9851732819030682
31007.30545542948,1166,76436480,76414976,2542.922369692176,2184.5239149033455,1156,100,5.269999933242798,5.651291776373736,14.0,0.0,5.05,5.481559920065682,15.0,0.0,-0.004294467107683886,0.35722948595260584,2.3380298987030983,0.006522437946841819,0.07263692220052084,0.9801509746660789
31067.305794416927,1168,76611072,76546048,2909.8502266216597,2184.5209912467594,1156,100,5.269999933242798,5.651291776373736,14.0,0.0,5.05,5.481559920065682,15.0,0.0,-0.005975559814639079,0.17317979026120156,2.3901709715525308,0.01010501785640372,0.09498087565104167,0.9902205299586058
31132.41088287253,1171,76742656,76742656,2021.1016238727916,3019.856122829385,1156,100,5.269999933242798,5.651291776373736,14.0,0.0,5.05,5.481559920065682,15.0,0.0,-0.004809118528404118,0.26018997033437097,2.3551184460520744,0.01107430270773572,0.10986836751302083,0.9867793098092079
31192.41105016321,1173,76889600,76873728,2449.0598382519006,2184.5272424825316,1156,100,5.269999933242798,5.651291776373736,14.0,0.0,5.05,5.481559920065682,15.0,0.0,-0.0036775908592971973,0.23638474793794256,2.338790826499462,0.010912706946328399,0.11171468098958333,0.987022848178943
31252.41106526833,1175,77068032,77004800,2973.8659179899328,2184.5327833728056,1156,100,5.269999933242798,5.651291776373736,14.0,0.0,5.05,5.481559920065682,15.0,0.0,-0.004009187730844133,0.19479165800536674,2.3895067969957986,0.010306929255724148,0.10698954264322917,0.9893260889997084
31318.750445293263,1178,77201408,77201408,2010.5101969580257,2963.669541773059,1166,100,6.230000042915345,5.7790224840480136,15.0,0.0,5.090000039339065,5.437085565143592,15.0,0.0,-0.005431759568940227,0.2779337350123873,2.363929164906343,0.006520790102513275,0.078460693359375,0.9854867905378342
31378.750663567334,1180,77355264,77332480,2564.2573381518273,2184.525386245816,1166,100,6.230000042915345,5.7790224840480136,15.0,0.0,5.090000039339065,5.437085565143592,15.0,0.0,-0.006466146134092317,0.2770174212443332,2.361946957806746,0.00981157269901208,0.1089019775390625,0.9840165389080843
31450.575501054525,1183,77529088,77529088,2420.109896259762,2737.3260682290093,1166,100,6.230000042915345,5.7790224840480136,15.0,0.0,5.090000039339065,5.437085565143592,15.0,0.0,-0.004784153476066422,0.262088610480229,2.352266887823741,0.008650762247877234,0.09915669759114583,0.9850440087417762
31510.575991075486,1185,77681920,77660160,2547.179197146718,2184.515492360334,1175,100,5.449999976158142,5.597097512599818,15.0,0.0,5.079999959468841,5.583332332067758,15.0,0.0,-0.00553134720636687,0.2715439492215713,2.3781922111908593,0.008173583747823917,0.09714253743489583,0.9845552102973063
31570.576021869667,1187,77854208,77791232,2871.4651929263555,2184.5322121519966,1175,100,5.449999976158142,5.597097512599818,15.0,0.0,5.079999959468841,5.583332332067758,15.0,0.0,-0.005685077439314531,0.1903024680602054,2.3914850999911623,0.006267748686392831,0.07488505045572917,0.9898674649496872
31635.91898897756,1190,77987840,77987840,2045.0861954179627,3008.8624484310253,1175,100,5.449999976158142,5.597097512599818,15.0,0.0,5.079999959468841,5.583332332067758,15.0,0.0,-0.003653104378220936,0.23041446111164987,2.3909484396378198,0.010340569016382991,0.11522420247395834,0.9868157586703699
31695.91934767086,1192,78141696,78118912,2564.251337003693,2184.5202737868403,1175,100,5.449999976158142,5.597097512599818,15.0,0.0,5.079999959468841,5.583332332067758,15.0,0.0,-0.005596114812457624,0.21028046309947965,2.3850000351667404,0.007436371655785479,0.0852203369140625,0.9880963532874982
31767.913502813317,1195,78315520,78315520,2414.418221257697,2730.8883562973656,1184,100,5.7,5.552476975125406,14.0,0.0,5.280000066757202,5.495598250107904,15.0,0.0,-0.0052617239877387565,0.272809902826945,2.3656653339664144,0.009387319116285653,0.10391743977864583,0.9838658720254898
31827.913919606246,1197,78465792,78446592,2504.5159355911173,2184.518158471298,1184,100,5.7,5.552476975125406,14.0,0.0,5.280000066757202,5.495598250107904,15.0,0.0,-0.005973362984756629,0.22644894802942872,2.3819148590167365,0.010212814797341707,0.1141815185546875,0.9874840850631396
31887.91422123369,1199,78639360,78577664,2892.785457608691,2184.5223514685104,1184,100,5.7,5.552476975125406,14.0,0.0,5.280000066757202,5.495598250107904,15.0,0.0,-0.0056331536106881686,0.21574853966012597,2.380606239040693,0.0046088300162712885,0.05462646484375,0.988595754529039
31954.552172537893,1202,78774272,78774272,2024.5520361831298,2950.3908231283563,1184,100,5.7,5.552476975125406,14.0,0.0,5.280000066757202,5.495598250107904,15.0,0.0,-0.00477104465244338,0.31331194518134,2.3401616290211678,0.011095417766531076,0.11492919921875,0.9830174955228964
32014.55250677187,1204,78923264,78905344,2483.186167246866,2184.521164313394,1194,100,5.420000064373016,5.515759224212514,15.0,0.0,5.579999995231629,5.641240984098973,14.0,0.0,-0.005021239752143932,0.2163738686746607,2.372509283324083,0.009230138358058564,0.11031595865885417,0.988280941421787
32074.552797139622,1206,79096832,79036416,2892.7860004705185,2184.522761417265,1194,100,5.420000064373016,5.515759224212514,15.0,0.0,5.579999995231629,5.641240984098973,14.0,0.0,-0.0042685950368953245,0.26880502778415877,2.387032985687256,0.012326495669791864,0.13468424479166666,0.9849851069351037
32139.786519169807,1209,79233024,79233024,2087.754550276631,3013.9013056625054,1194,100,5.420000064373016,5.515759224212514,15.0,0.0,5.579999995231629,5.641240984098973,14.0,0.0,-0.005320759405246159,0.20735573846225938,2.330638065934181,0.011181049295070503,0.12139892578125,0.9878129412730535
32199.786549543962,1211,79386880,79364096,2564.2653685434607,2184.532227444679,1194,100,5.420000064373016,5.515759224212514,15.0,0.0,5.579999995231629,5.641240984098973,14.0,0.0,-0.003918812855166228,0.23133982360983887,2.3591295580069223,0.009052446714728527,0.09849039713541666,0.9861695114523172
32271.704743037,1214,79560704,79560704,2416.9683852921853,2733.7727833643567,1202,100,5.389999961853027,5.458745204641793,14.0,0.0,4.749999988079071,5.466946073351559,14.0,0.0,-0.0034242288553893254,0.3379604321283599,2.368745654821396,0.007756022953496237,0.084808349609375,0.979252053424716
32331.70527160447,1216,79712256,79691776,2525.8444153467703,2184.5140889485583,1202,100,5.389999961853027,5.458745204641793,14.0,0.0,4.749999988079071,5.466946073351559,14.0,0.0,-0.004129429915337823,0.2501020335281889,2.3788439805308976,0.011170245433580325,0.12069193522135417,0.9863075638810793
32404.528035350144,1219,79888384,79888384,2418.5843950541525,2699.8151386651,1202,100,5.389999961853027,5.458745204641793,14.0,0.0,4.749999988079071,5.466946073351559,14.0,0.0,-0.005445182284650703,0.19444500701501963,2.3988791356484094,0.011417977320282564,0.11380004882812501,0.9886768907308577
32464.52841911465,1221,80028672,80019456,2338.1183785526155,2184.5193609834655,1202,100,5.389999961853027,5.458745204641793,14.0,0.0,4.749999988079071,5.466946073351559,14.0,0.0,-0.006492995396304953,0.18182441351624826,2.36625062674284,0.011272463169007096,0.10521952311197916,0.9900106204052767
32524.5285351919,1223,80201472,80150528,2879.994428302696,2184.5291070977487,1212,100,5.010000026226043,5.42861854391415,14.0,0.0,5.310000061988831,5.349196203503717,14.0,0.0,-0.002915177145041526,0.21461786391834417,2.370990477502346,0.007400615140795708,0.072509765625,0.9889647482583921
32591.783733892255,1226,80347136,80347136,2165.840006643745,2923.3130493890967,1212,100,5.010000026226043,5.42861854391415,14.0,0.0,5.310000061988831,5.349196203503717,14.0,0.0,-0.005391196609707549,0.24779463140293956,2.340571122864882,0.007410409292788244,0.07973225911458333,0.9869173119465511
32651.783786957152,1228,80503296,80478208,2602.6643648313643,2184.5314013010793,1212,100,5.010000026226043,5.42861854391415,14.0,0.0,5.310000061988831,5.349196203503717,14.0,0.0,-0.004109381841165789,0.26429857849143445,2.357780766983827,0.010602722164549052,0.09984334309895833,0.9855673958857855
32722.75081775617,1231,80674816,80674816,2416.8969459319324,2770.413215635409,1212,100,5.010000026226043,5.42861854391415,14.0,0.0,5.310000061988831,5.349196203503717,14.0,0.0,-0.005473218084565209,0.25237430321673554,2.359927336374919,0.012473116409940605,0.1145477294921875,0.9859562634179989
32782.754821856506,1233,80821760,80805888,2448.9032390952257,2184.387558217344,1222,100,5.720000052452088,5.644608086084991,15.0,0.0,5.44000004529953,5.596999264407966,15.0,0.0,-0.005717474406992551,0.2223044994752854,2.3706106543540955,0.010025579929788364,0.10589599609375,0.9879220426082611
32842.75516353361,1235,80997120,80936960,2922.6500232899252,2184.520893320353,1222,100,5.720000052452088,5.644608086084991,15.0,0.0,5.44000004529953,5.596999264407966,15.0,0.0,-0.003250246205425356,0.26176203833892936,2.396506210168203,0.011936742424344024,0.11577351888020833,0.9849380894253652
32909.81361265294,1238,81133568,81133568,2034.762237897762,2931.8900538564376,1222,100,5.720000052452088,5.644608086084991,15.0,0.0,5.44000004529953,5.596999264407966,15.0,0.0,-0.0029068079456919804,0.24301349154363075,2.356079836686452,0.006226661749678897,0.066314697265625,0.9865978769958019
32969.813704027794,1240,81286656,81264640,2551.462781007777,2184.5300064815747,1222,100,5.720000052452088,5.644608086084991,15.0,0.0,5.44000004529953,5.596999264407966,15.0,0.0,-0.004478275902026023,0.2635338930413127,2.3725080142418546,0.010709380068874452,0.105010986328125,0.9858172225455444
33041.250518260524,1243,81461248,81461248,2444.0059635247453,2752.1943988079242,1232,100,6.869999933242798,5.650937968937347,14.0,0.0,6.239999985694885,5.598428366508875,15.0,0.0,-0.003631496731638132,0.2596302351448685,2.377472964425882,0.007573598525899191,0.08290608723958333,0.9860614656160275
33101.25065608416,1245,81614592,81592320,2555.727462672566,2184.528315339489,1232,100,6.869999933242798,5.650937968937347,14.0,0.0,6.239999985694885,5.598428366508875,15.0,0.0,-0.005547581577654152,0.20854664120512703,2.384958470861117,0.008009864420576681,0.08145141601562501,0.9885188943396013
33161.25095861964,1247,81787648,81723392,2884.2521235232384,2184.5223184081333,1232,100,6.869999933242798,5.650937968937347,14.0,0.0,6.239999985694885,5.598428366508875,15.0,0.0,-0.005230012994919282,0.2485419944083939,2.3922700857122736,0.010585497895590379,0.1139984130859375,0.9855332386990387
33227.61087600142,1250,81920000,81920000,1994.456973756605,2962.752332388922,1240,100,6.869999933242798,5.693250372813218,15.0,0.0,7.089999961853027,5.555348727500519,16.0,0.0,-0.004385282668711928,0.27196961967274547,2.327595454951127,0.009834212933734912,0.11209615071614583,0.9848633327831825
33287.61119489465,1252,82071296,82051072,2521.586598051689,2184.5217228468105,1240,100,6.869999933242798,5.693250372813218,15.0,0.0,7.089999961853027,5.555348727500519,16.0,0.0,-0.004367957318512102,0.21638355023848516,2.372286242743333,0.008948547800173401,0.09151204427083334,0.9889981939146916
33347.611222354695,1254,82246656,82182144,2922.6653290579216,2184.532333544023,1240,100,6.869999933242798,5.693250372813218,15.0,0.0,7.089999961853027,5.555348727500519,16.0,0.0,-0.004938649355608504,0.2787549174390733,2.3563690409064293,0.007835474873597075,0.08713277180989583,0.9845640063285828
33413.98141082283,1257,82378752,82378752,1990.2911691055217,2962.293833087288,1248,100,6.7600000381469725,5.658833871007608,15.0,0.0,6.109999942779541,5.6336400437474365,15.0,0.0,-0.006662955587671603,0.21427581598982215,2.34652345875899,0.008128269710747796,0.08798726399739583,0.9884781328340371
33473.98178949859,1259,82530304,82509824,2525.850725359331,2184.5195462567185,1248,100,6.7600000381469725,5.658833871007608,15.0,0.0,6.109999942779541,5.6336400437474365,15.0,0.0,-0.0056193058408098295,0.21117360168136654,2.3442535599072776,0.010272340729594967,0.114471435546875,0.9891539327800275
33546.35621990077,1262,82706432,82706432,2433.566648072575,2716.5395141275253,1248,100,6.7600000381469725,5.658833871007608,15.0,0.0,6.109999942779541,5.6336400437474365,15.0,0.0,-0.004671341153880348,0.29682989115826786,2.3608436485131583,0.010541307170569779,0.10817972819010416,0.9838759532819192
33606.35652785003,1264,82860800,82837504,2572.78679520351,2184.5221213004925,1248,100,6.7600000381469725,5.658833871007608,15.0,0.0,6.109999942779541,5.6336400437474365,15.0,0.0,-0.006043404820957221,0.21108744797917703,2.3549688334266348,0.009504312243128274,0.09801228841145833,0.9879787769168615
33678.29535640683,1267,83034112,83034112,2409.1579398344484,2732.988623032284,1256,100,6.889999961853027,5.679603868321686,14.0,0.0,6.65,5.433921274154403,15.0,0.0,-0.004910080071567791,0.2690208898857236,2.3756994108359017,0.006819289457174212,0.07386271158854167,0.9850139450281858
33738.29553175345,1269,83181824,83165184,2461.859472021029,2184.526949176372,1256,100,6.889999961853027,5.679603868321686,14.0,0.0,6.65,5.433921274154403,15.0,0.0,-0.0060642334501608275,0.23320534468318027,2.3406444837649665,0.011200013786340907,0.11541748046875,0.9862240186582009
33798.29581332393,1271,83355648,83296256,2897.053071256304,2184.5230817131483,1256,100,6.889999961853027,5.679603868321686,14.0,0.0,6.65,5.433921274154403,15.0,0.0,-0.005038001016752483,0.313524613622576,2.36216585089763,0.008194594097706915,0.09338887532552083,0.9813022787372272
33864.19145371765,1274,83492864,83492864,2082.322884794043,2983.6268200034056,1256,100,6.889999961853027,5.679603868321686,14.0,0.0,6.65,5.433921274154403,15.0,0.0,-0.005399263255336942,0.22795240736256045,2.3747151171167693,0.009787510807655053,0.10764058430989583,0.9867900032550097
33924.191549221985,1276,83643392,83623936,2508.796006651718,2184.5298561321083,1264,100,6.3900000810623165,5.560386596713871,15.0,0.0,6.560000038146972,5.668015548265431,16.0,0.0,-0.004670596681535244,0.2721312052259842,2.3875864098469415,0.006950937192717296,0.079437255859375,0.9846201961239178
33995.881483776495,1279,83820544,83820544,2471.0860890143726,2742.477046767396,1264,100,6.3900000810623165,5.560386596713871,15.0,0.0,6.560000038146972,5.668015548265431,16.0,0.0,-0.005410006332870884,0.24486898506681123,2.360440023243427,0.010003140727955422,0.10408528645833333,0.9862344904492298
34055.88167420868,1281,83970048,83951616,2491.7254249214466,2184.526399931131,1264,100,6.3900000810623165,5.560386596713871,15.0,0.0,6.560000038146972,5.668015548265431,16.0,0.0,-0.005858094513920757,0.21181638119742274,2.374747656285763,0.009393226577837291,0.1041107177734375,0.9883832087119421
34115.88189635426,1283,84146944,84082688,2948.255750966949,2184.5252452895484,1264,100,6.3900000810623165,5.560386596713871,15.0,0.0,6.560000038146972,5.668015548265431,16.0,0.0,-0.0061444571159275565,0.25150535760136944,2.346661885579427,0.010277357570278886,0.10380554199218751,0.9859856814146042
34181.808422013186,1286,84279296,84279296,2007.5682538577205,2982.229050218045,1274,100,6.120000004768372,5.725871142401043,15.0,0.0,6.05,5.543239146802319,15.0,0.0,-0.004290120176544102,0.2808314508292824,2.362962777415911,0.008538989633962046,0.09502665201822917,0.9852392046401898
34241.80874902289,1288,84432128,84410368,2547.1861174235387,2184.5214273381102,1274,100,6.120000004768372,5.725871142401043,15.0,0.0,6.05,5.543239146802319,15.0,0.0,-0.005874593220748163,0.24622965790331364,2.377407106260459,0.007558530223832348,0.08135986328125,0.986036578193307
34301.80877467152,1290,84604928,84541440,2879.9987688665883,2184.532399495842,1274,100,6.120000004768372,5.725871142401043,15.0,0.0,6.05,5.543239146802319,15.0,0.0,-0.0047259686058775206,0.333735153467084,2.3367485453685126,0.008666951236591558,0.10081990559895833,0.9812122210860252
34366.73038619384,1293,84738048,84738048,2050.4728222007316,3028.3906297118497,1283,100,7.059999990463257,5.71282758560318,15.0,0.0,6.250000047683716,5.534211887289061,15.0,0.0,-0.005454166290292051,0.173113567288965,2.335600219666958,0.006147894365009658,0.07248942057291667,0.9915477503091097
34426.73365745228,1295,84887296,84869120,2487.33105495505,2184.4142369416563,1283,100,7.059999990463257,5.71282758560318,15.0,0.0,6.250000047683716,5.534211887289061,15.0,0.0,-0.005230632137681823,0.15891638972486058,2.3787655532360077,0.00983161038796728,0.097320556640625,0.9915123426665862
34498.58593841642,1298,85065728,85065728,2483.3171279425756,2736.280565652651,1283,100,7.059999990463257,5.71282758560318,15.0,0.0,6.250000047683716,5.534211887289061,15.0,0.0,-0.0053920508119820925,0.277838628894339,2.318462684750557,0.011013901904637654,0.113128662109375,0.9851637364675602
34558.58867149521,1300,85212928,85196800,2453.221585868803,2184.433829504047,1283,100,7.059999990463257,5.71282758560318,15.0,0.0,6.250000047683716,5.534211887289061,15.0,0.0,-0.005626319876076498,0.22240531467832625,2.337727459768454,0.011343543342566894,0.11778767903645834,0.9876396941641966
34630.701043957844,1303,85393408,85393408,2502.7605365987483,2726.4114781671474,1292,100,6.5799999117851256,5.7500955625712535,15.0,0.0,5.789999949932098,5.641444808090229,15.0,0.0,-0.0027208442212819746,0.20502324542030692,2.3458048651615777,0.009429685937599668,0.09675089518229167,0.9889227158079544
34690.701548752375,1305,85546752,85524480,2555.7118315107623,2184.5149544799838,1292,100,6.5799999117851256,5.7500955625712535,15.0,0.0,5.789999949932098,5.641444808090229,15.0,0.0,-0.0038425403618020937,0.35210221912711853,2.3612869232892986,0.009632493648193,0.09650166829427084,0.9824491341908773
34750.70172572974,1307,85720576,85655552,2897.0581214380654,2184.526889803077,1292,100,6.5799999117851256,5.7500955625712535,15.0,0.0,5.789999949932098,5.641444808090229,15.0,0.0,-0.0038610433621215634,0.3910986270445089,2.351638165613015,0.013125789074062292,0.136260986328125,0.9782965319852034
34816.00620836578,1310,85852160,85852160,2014.9305941729947,3010.6355959627626,1302,100,7.530000066757202,5.652353602852952,15.0,0.0,6.2600000381469725,5.691432221078367,16.0,0.0,-0.005403468387764103,0.21579912623080114,2.378966599702835,0.010206463186477777,0.10611470540364583,0.988606027017037
34876.00820657145,1312,86000384,85983232,2470.317729951787,2184.4605833079704,1302,100,7.530000066757202,5.652353602852952,15.0,0.0,6.2600000381469725,5.691432221078367,16.0,0.0,-0.003387162113237234,0.36560974565024174,2.3765012000997863,0.006326432519927039,0.07182312011718749,0.9809227219472328
34936.00839735102,1314,86175488,86114304,2918.3907205113783,2184.5263872833707,1302,100,7.530000066757202,5.652353602852952,15.0,0.0,6.2600000381469725,5.691432221078367,16.0,0.0,-0.003708641704482337,0.3196096074146529,2.3831206684311232,0.007029982755436019,0.08270263671875,0.9827683803935845
35002.50554225594,1317,86310912,86310912,2036.5385640787463,2956.6382177929627,1302,100,7.530000066757202,5.652353602852952,15.0,0.0,6.2600000381469725,5.691432221078367,16.0,0.0,-0.00691912727052113,0.18055920698679984,2.40576550612847,0.007986901742697228,0.08529154459635417,0.9904250856488943
35062.50642308593,1319,86457600,86441984,2444.7641096408997,2184.501263762898,1309,100,7.250000047683716,5.710297683013573,17.0,0.0,5.970000052452088,5.636408461179104,15.0,0.0,-0.004679076943527131,0.31535188054355484,2.380394155780474,0.00871713181428883,0.08042399088541667,0.9834069572389126
35122.506439906545,1321,86630912,86573056,2888.532523551678,2184.532720913529,1309,100,7.250000047683716,5.710297683013573,17.0,0.0,5.970000052452088,5.636408461179104,15.0,0.0,-0.006092255037704793,0.19098966250506538,2.375164662798246,0.009585057048752788,0.09903971354166667,0.9899069977303346
35191.28651386872,1324,86769664,86769664,2017.3284500436384,2858.5023055968895,1309,100,7.250000047683716,5.710297683013573,17.0,0.0,5.970000052452088,5.636408461179104,15.0,0.0,-0.004887065513078899,0.2502962846774608,2.367515700558821,0.009038681903499915,0.08928426106770834,0.9863521450509628
35251.28655069042,1326,86922496,86900736,2547.1984367970285,2184.531992696949,1309,100,7.250000047683716,5.710297683013573,17.0,0.0,5.970000052452088,5.636408461179104,15.0,0.0,-0.004560941941842127,0.19920967224364478,2.346404311557611,0.010739044922350633,0.108642578125,0.9894164974490801
35311.287104034796,1328,87094784,87031808,2871.4401850786912,2184.513186865215,1317,100,5.95000011920929,5.683968665914638,15.0,0.0,5.410000026226044,5.598383789998037,15.0,0.0,-0.005690083441246922,0.21645788049014905,2.357259670893351,0.007610483843867162,0.07662455240885417,0.9878713227808474
35377.512450848706,1331,87228416,87228416,2017.8376774001651,2968.7726747956453,1317,100,5.95000011920929,5.683968665914638,15.0,0.0,5.410000026226044,5.598383789998037,15.0,0.0,-0.005804783165028009,0.2690126178010056,2.3654579172531762,0.007851430381682198,0.07791646321614583,0.9854425533364217
35437.51265553199,1333,87381248,87359488,2547.1913105420667,2184.525881067903,1317,100,5.95000011920929,5.683968665914638,15.0,0.0,5.410000026226044,5.598383789998037,15.0,0.0,-0.005394655573278821,0.25814842665567994,2.3488012428085008,0.009406937079499283,0.10387674967447916,0.986746854459246
35510.499307878315,1336,87556096,87556096,2395.6161075908963,2693.7528120495,1326,100,6.780000019073486,5.597463684443958,16.0,0.0,5.550000023841858,5.51067141365527,15.0,0.0,-0.0054219781450228766,0.20793283629852038,2.3715443263451257,0.01041989372667255,0.10379536946614583,0.9890773836523294
35570.49939692486,1338,87699968,87687168,2397.8631079762345,2184.5300912523703,1326,100,6.780000019073486,5.597463684443958,16.0,0.0,5.550000023841858,5.51067141365527,15.0,0.0,-0.006338236002193298,0.16904726360614103,2.3797862951954207,0.01082866692437771,0.10263570149739583,0.9912039798994858
35630.49963714369,1340,87871232,87818240,2854.3885720354883,2184.524587267818,1326,100,6.780000019073486,5.597463684443958,16.0,0.0,5.550000023841858,5.51067141365527,15.0,0.0,-0.005325347430092127,0.2271238444373012,2.3288377200563746,0.007421804456801814,0.07499186197916666,0.988035981853803
35698.26415412314,1343,88014848,88014848,2119.3392412660423,2901.3414211984323,1326,100,6.780000019073486,5.597463684443958,16.0,0.0,5.550000023841858,5.51067141365527,15.0,0.0,-0.003406578689464368,0.2631280751278003,2.335473102827867,0.00921095806673596,0.09741719563802083,0.9868021675695976
35758.26425959356,1345,88166656,88145920,2530.1288857707746,2184.5294932793195,1335,100,6.660000038146973,5.706522692587525,15.0,0.0,5.790000033378601,5.555708774899033,14.0,0.0,-0.0015750167294754645,0.31716538337059313,2.359325520694256,0.009238132774044061,0.0991363525390625,0.9842650418480238
35818.26439003553,1347,88338176,88276992,2858.6604518449317,2184.528584096425,1335,100,6.660000038146973,5.706522692587525,15.0,0.0,5.790000033378601,5.555708774899033,14.0,0.0,-0.005620744317032708,0.21031373948790136,2.335990838706493,0.005592490729516915,0.06257120768229166,0.9885921391348044
35885.03459241893,1350,88473600,88473600,2028.2101171775134,2944.5470132180158,1335,100,6.660000038146973,5.706522692587525,15.0,0.0,5.790000033378601,5.555708774899033,14.0,0.0,-0.005505233712028712,0.24976375442929566,2.354668505489826,0.0129607250449529,0.1224822998046875,0.9867766238749028
35945.03502311837,1352,88622848,88604672,2487.448810953257,2184.5176521579206,1344,100,7.0100000381469725,5.747164443671257,17.0,0.0,6.840000009536743,5.401333141141687,16.0,0.0,-0.006364507554584027,0.19638824788853526,2.350780298312505,0.008557386532629607,0.09378560384114583,0.9895270857959986
36005.03521856386,1354,88797440,88735744,2909.857188025462,2184.5262174032796,1344,100,7.0100000381469725,5.747164443671257,17.0,0.0,6.840000009536743,5.401333141141687,16.0,0.0,-0.001353929243729605,0.31598159298300743,2.345794305205345,0.00776480508344927,0.07361857096354167,0.9847185667604208
36070.22954055946,1357,88932352,88932352,2069.3826681578666,3015.722749801217,1344,100,7.0100000381469725,5.747164443671257,17.0,0.0,6.840000009536743,5.401333141141687,16.0,0.0,-0.004824475904266971,0.3631507526151836,2.3711990118026733,0.012273988847179377,0.12164815266927084,0.9818701539188623
36130.229982499965,1359,89080064,89063424,2461.848533490415,2184.517242889242,1351,100,7.6400000095367435,5.643615860069041,17.0,0.0,7.220000076293945,5.397369704346289,14.0,0.0,-0.003786841123655904,0.31502134911715984,2.3434016704559326,0.006384223081719635,0.06937662760416667,0.9836046838512024
36190.230055241846,1361,89257472,89194496,2956.7964152844497,2184.5306848854807,1351,100,7.6400000095367435,5.643615860069041,17.0,0.0,7.220000076293945,5.397369704346289,14.0,0.0,-0.0029308572848094627,0.368284086852024,2.372246424357096,0.007308721404115204,0.07233174641927083,0.9823534134775401
36255.372905853204,1364,89391104,89391104,2051.3686267315225,3018.1055657659185,1351,100,7.6400000095367435,5.643615860069041,17.0,0.0,7.220000076293945,5.397369704346289,14.0,0.0,-0.005675984602324509,0.18904944982690114,2.3390561764438944,0.010617756328429095,0.11061604817708333,0.9892858148862919
36315.37304560654,1366,89540096,89522176,2483.194216088813,2184.5282450815675,1357,100,7.55,5.738248812329897,17.0,0.0,7.06999990940094,5.492276415937187,15.0,0.0,-0.005224559068058928,0.2275926862688114,2.3693423867225647,0.00537330539979545,0.06130472819010417,0.9881299591312805
36375.37342954613,1368,89711616,89653248,2858.6483741950624,2184.519354608764,1357,100,7.55,5.738248812329897,17.0,0.0,7.06999990940094,5.492276415937187,15.0,0.0,-0.0048232057597488165,0.20610494151090583,2.3714385504523916,0.009472627193948332,0.10126241048177083,0.989264811699589
36441.815576025285,1371,89849856,89849856,2080.607074357181,2959.085616863546,1357,100,7.55,5.738248812329897,17.0,0.0,7.06999990940094,5.492276415937187,15.0,0.0,-0.005638651416423576,0.25344388155887526,2.3579743107159934,0.011177084712471697,0.10107421874999999,0.986788056169947
36501.81751628313,1373,90002944,89980928,2551.3841609476704,2184.462692985296,1364,100,6.689999961853028,5.611942707098513,14.0,0.0,6.1800000190734865,5.499781749420187,14.0,0.0,-0.005411829569008357,0.28256164211779833,2.3595764910181365,0.004974997750953965,0.04940287272135417,0.9852306650330623
36561.81796081271,1375,90177024,90112000,2901.311838017879,2184.5171486252266,1364,100,6.689999961853028,5.611942707098513,14.0,0.0,6.1800000190734865,5.499781749420187,14.0,0.0,-0.005190791453060228,0.24751379418497285,2.361642189323902,0.010271407037483488,0.11488342285156251,0.9862656742334366
36627.74803031981,1378,90308608,90308608,1995.8116377509714,2982.0687505695446,1364,100,6.689999961853028,5.611942707098513,14.0,0.0,6.1800000190734865,5.499781749420187,14.0,0.0,-0.005269724507040033,0.23933439243895313,2.343738041818142,0.00802974135876866,0.08500162760416667,0.9859425276517868
36687.74828925636,1380,90458880,90439680,2504.522524793103,2184.5239057820595,1364,100,6.689999961853028,5.611942707098513,14.0,0.0,6.1800000190734865,5.499781749420187,14.0,0.0,-0.005414670224126894,0.20816523558460176,2.3594561641414957,0.008984776687308718,0.09743245442708334,0.9888063569863638
36747.748289437965,1382,90630144,90570752,2854.3999913603066,2184.5333267211913,1373,100,7.060000085830689,5.585373778371278,15.0,0.0,5.970000004768371,5.552395850138567,14.0,0.0,-0.0076267798819268755,0.23813725876001018,2.3567026431361837,0.01064697668880399,0.11664835611979167,0.9862368106842042
36814.19583441224,1385,90767360,90767360,2065.0273844296726,2958.8452075410232,1373,100,7.060000085830689,5.585373778371278,15.0,0.0,5.970000004768371,5.552395850138567,14.0,0.0,-0.003468770441637995,0.24157354980707169,2.3455899233619375,0.008757895472930006,0.09314473470052084,0.9861614648252726
36874.19587145001,1387,90923264,90898432,2598.39839601874,2184.531984830205,1373,100,7.060000085830689,5.585373778371278,15.0,0.0,5.970000004768371,5.552395850138567,14.0,0.0,-0.005000200564002928,0.27407027881902957,2.3468986401955285,0.010219862902279903,0.10742696126302083,0.9850673961142699
36946.32273760997,1390,91095040,91095040,2381.581359975363,2725.8636132057804,1380,100,7.590000057220459,5.562544259826253,16.0,0.0,6.73000009059906,5.5782703185704925,16.0,0.0,-0.004716678432790407,0.19807613625501594,2.3151885668436685,0.008359886277806556,0.0945587158203125,0.9891113912065824
37006.323105474934,1392,91249408,91226112,2572.7842260469524,2184.5199398607624,1380,100,7.590000057220459,5.562544259826253,16.0,0.0,6.73000009059906,5.5782703185704925,16.0,0.0,-0.0032511971197285066,0.2667076232998321,2.332416035234928,0.011720934836678984,0.11063639322916666,0.9844649508595467
37066.323679778725,1394,91420672,91357184,2854.3726787158316,2184.512423770562,1380,100,7.590000057220459,5.562544259826253,16.0,0.0,6.73000009059906,5.5782703185704925,16.0,0.0,-0.0061844648347081,0.18194220882530013,2.378516351183255,0.00713958432788786,0.07875569661458334,0.9897551313042641
37131.83085307479,1397,91553792,91553792,2032.1438600068282,3001.3201624716235,1380,100,7.590000057220459,5.562544259826253,16.0,0.0,6.73000009059906,5.5782703185704925,16.0,0.0,-0.005457113179242394,0.27619806335618097,2.3564603477716446,0.01099588378383487,0.11067199707031249,0.982844923933347
37191.83142771665,1399,91702528,91684864,2478.90959191298,2184.5124114620407,1388,100,8.579999971389771,5.415126978442428,16.0,0.0,6.480000042915345,5.575804906877909,16.0,0.0,-0.006755246953010404,0.1978434881505867,2.362143685420354,0.007432284379926083,0.08917744954427084,0.9881294053047895
37251.83406271972,1401,91877376,91815936,2914.0053597823016,2184.4374000125017,1388,100,8.579999971389771,5.415126978442428,16.0,0.0,6.480000042915345,5.575804906877909,16.0,0.0,-0.0061291417077882215,0.24787973884182674,2.3879447057843213,0.0065151415019499845,0.06993611653645833,0.9844488042096298
37318.19613615703,1404,92012544,92012544,2036.8260513693426,2962.6560747190438,1388,100,8.579999971389771,5.415126978442428,16.0,0.0,6.480000042915345,5.575804906877909,16.0,0.0,-0.007361379641224631,0.24705423670820892,2.342773752907912,0.008969416016649726,0.1012420654296875,0.9858937027553718
37378.19630710594,1406,92160256,92143616,2461.859652462718,2184.527109291008,1397,100,7.679999971389771,5.705926672738052,16.0,0.0,6.450000071525574,5.559451392146125,15.0,0.0,-0.005649672986085838,0.24466483853757381,2.3865463336308794,0.007614411199635167,0.08278401692708333,0.9874428963909547
37450.39118584059,1409,92340224,92340224,2492.808397967827,2723.2956609378252,1397,100,7.679999971389771,5.705926672738052,16.0,0.0,6.450000071525574,5.559451392146125,15.0,0.0,-0.003936545217584353,0.23652937946220237,2.3445502097407975,0.010654027954539439,0.1055755615234375,0.9877101182937622
37510.39127166942,1411,92485632,92471296,2423.463199949985,2184.53020840562,1397,100,7.679999971389771,5.705926672738052,16.0,0.0,6.450000071525574,5.559451392146125,15.0,0.0,-0.004292617418589846,0.2647257273395856,2.3350889136393866,0.008782741135291872,0.08321126302083333,0.9874329275141159
37570.391759575345,1413,92660480,92602368,2914.109636477274,2184.5155693651013,1404,100,8.010000038146973,5.547062328830569,16.0,0.0,7.020000076293945,5.564135076643141,15.0,0.0,-0.0026804521415518443,0.36820592544972897,2.3452820529540377,0.013502288751017963,0.1254119873046875,0.9808986578136683
37636.4048675634,1416,92798976,92798976,2098.007565786281,2978.3175795265497,1404,100,8.010000038146973,5.547062328830569,16.0,0.0,7.020000076293945,5.564135076643141,15.0,0.0,-0.005621890273080984,0.20207685170074302,2.3741814692815146,0.009908565258835248,0.1099853515625,0.9891042492041986
37696.40524562728,1418,92944128,92930048,2419.184756560412,2184.5195685342696,1404,100,8.010000038146973,5.547062328830569,16.0,0.0,7.020000076293945,5.564135076643141,15.0,0.0,-0.002638009515067097,0.23745074068817,2.3578070799509687,0.010608571291110517,0.11678568522135416,0.9870364759117364
37756.40564240981,1420,93121536,93061120,2956.7804466861135,2184.5188870177344,1411,100,7.860000038146973,5.488205543019874,16.0,0.0,6.389999961853027,5.574755666698351,15.0,0.0,-0.0050166158568269266,0.28789826094483334,2.3847970912853875,0.010462786200757062,0.09824625651041666,0.983486695215106
37822.182428028435,1423,93257728,93257728,2070.5177171417663,2989.0180578287154,1411,100,7.860000038146973,5.488205543019874,16.0,0.0,6.389999961853027,5.574755666698351,15.0,0.0,-0.005311025687357565,0.2566988936935862,2.3737068846821785,0.010093303448229562,0.0967559814453125,0.9862813558429478
37882.18243363872,1425,93407488,93388800,2495.999766612075,2184.5331290690297,1411,100,7.860000038146973,5.488205543019874,16.0,0.0,6.389999961853027,5.574755666698351,15.0,0.0,-0.003763943013230649,0.24468681844882667,2.3762313028176627,0.008525895358009924,0.09263610839843749,0.9873228929936886
37942.18258121144,1427,93582336,93519872,2914.126165907991,2184.5279603878353,1419,100,8.34000005722046,5.481277113432961,16.0,0.0,6.8999999284744264,5.435991153768075,15.0,0.0,-0.005337187729310244,0.34479783405549824,2.3467035815119743,0.009419730319374745,0.09637451171875,0.9813823302586874
38007.119296496734,1430,93716480,93716480,2065.7650977671124,3027.6862501624855,1419,100,8.34000005722046,5.481277113432961,16.0,0.0,6.8999999284744264,5.435991153768075,15.0,0.0,-0.0032770083586607748,0.33382553576181334,2.3638351311286288,0.010944796467811102,0.11536153157552083,0.9816637206822634
38067.11946835648,1432,93863168,93847552,2444.792997308166,2184.5270761287625,1419,100,8.34000005722046,5.481277113432961,16.0,0.0,6.8999999284744264,5.435991153768075,15.0,0.0,-0.003925587593888244,0.34783897968009114,2.3147454087932906,0.008910479831683915,0.10085550944010417,0.9793006119628747
38127.11977395229,1434,94042112,93978624,2982.3848099284173,2184.5222069861943,1426,100,8.559999942779541,5.380185825400188,16.0,0.0,6.699999928474426,5.498181507992402,16.0,0.0,-0.003159631788245557,0.3307577463177343,2.3573192482193313,0.011618204523983877,0.11295064290364583,0.9828937506924073
38193.159476105124,1437,94175232,94175232,2015.7571227672272,2977.1182120869817,1426,100,8.559999942779541,5.380185825400188,16.0,0.0,6.699999928474426,5.498181507992402,16.0,0.0,-0.004910086223389953,0.2118940718161563,2.347449369728565,0.006849904514335018,0.07024129231770833,0.9891064471254746
38253.15986266546,1439,94323456,94306304,2470.3840841249835,2184.5192591916953,1426,100,8.559999942779541,5.380185825400188,16.0,0.0,6.699999928474426,5.498181507992402,16.0,0.0,-0.005217055440880358,0.3318937146104872,2.373351112008095,0.010873517807340251,0.1026611328125,0.9828836011389891
38313.16028265655,1441,94502400,94437376,2982.3791237889723,2184.5180420314073,1426,100,8.559999942779541,5.380185825400188,16.0,0.0,6.699999928474426,5.498181507992402,16.0,0.0,-0.008439343784023851,0.16080240505592275,2.359777512649695,0.010803479210759786,0.11029561360677084,0.9911790378391742
38380.10357441101,1444,94633984,94633984,1965.603969440744,2936.933557452318,1433,100,7.740000057220459,5.618932228097696,16.0,0.0,7.32999997138977,5.562472390072813,15.0,0.0,-0.005525957443751395,0.28528241463936865,2.3574378366271658,0.01114233625048655,0.11508687337239583,0.984474649031957
38440.10384000186,1446,94779392,94765056,2423.4559392047595,2184.5236635085153,1433,100,7.740000057220459,5.618932228097696,16.0,0.0,7.32999997138977,5.562472390072813,15.0,0.0,-0.003959772652403141,0.3150821723975241,2.388177884121736,0.013064727130161675,0.1338653564453125,0.9835082565744717
38500.103870109655,1448,94953728,94896128,2905.5985419805215,2184.5322371424772,1433,100,7.740000057220459,5.618932228097696,16.0,0.0,7.32999997138977,5.562472390072813,15.0,0.0,-0.004603962353333675,0.22281523747369644,2.3451512257258096,0.0089202803956141,0.09363810221354167,0.9888441252211729
38568.20993627794,1451,95092736,95092736,2041.0516686798467,2886.791310398015,1441,100,7.490000009536743,5.816347585121593,16.0,0.0,6.15,5.769532125427677,16.0,0.0,-0.005180098654818721,0.19560180666546023,2.3155135040481887,0.01216356616775253,0.12258402506510416,0.9893396645784378
38628.21019759774,1453,95241984,95223808,2487.4558329756032,2184.5238190111645,1441,100,7.490000009536743,5.816347585121593,16.0,0.0,6.15,5.769532125427677,16.0,0.0,-0.003402323255916902,0.22080401959829035,2.3172022849321365,0.008211865376627733,0.0876312255859375,0.9879858940839767
38688.2102541253,1455,95409920,95354880,2798.930696388186,2184.5312752298037,1441,100,7.490000009536743,5.816347585121593,16.0,0.0,6.15,5.769532125427677,16.0,0.0,-0.007412858823954593,0.18593209275665382,2.333395289878051,0.012041343397262,0.11822001139322917,0.9890381904939811
38756.067952577956,1458,95551488,95551488,2086.248181534851,2897.3573298711854,1449,100,7.740000009536743,5.610026748030266,15.0,0.0,6.8599999189376835,5.646273050986317,15.0,0.0,-0.004307863974342278,0.2878391140451034,2.334811305006345,0.007854374895638708,0.08648173014322916,0.9855966102331877
38816.068239583634,1460,95700480,95682560,2483.188121848499,2184.5228838254834,1449,100,7.740000009536743,5.610026748030266,15.0,0.0,6.8599999189376835,5.646273050986317,15.0,0.0,-0.0045153421015129425,0.2503101585122446,2.322054239610831,0.010767456966277678,0.12077840169270834,0.9874235205352306
38876.068765800446,1462,95875840,95813632,2922.6410342858508,2184.514174531906,1449,100,7.740000009536743,5.610026748030266,15.0,0.0,6.8599999189376835,5.646273050986317,15.0,0.0,-0.0032012087273566676,0.29590239267175394,2.352230635782083,0.011292490076205771,0.106719970703125,0.9847504111627738
38941.99620260019,1465,96010240,96010240,2038.604965156561,2982.187834743312,1456,100,7.67000002861023,5.609019477112881,17.0,0.0,7.569999957084656,5.521331400371313,16.0,0.0,-0.005435647847965204,0.16736842932490012,2.3656467820207276,0.010350564107890628,0.11241658528645833,0.991077072918415
39001.99659777153,1467,96156672,96141312,2440.5172596252296,2184.518945678527,1456,100,7.67000002861023,5.609019477112881,17.0,0.0,7.569999957084656,5.521331400371313,16.0,0.0,-0.0061203592631500214,0.21741935346896452,2.3271195317308107,0.008521302816613268,0.09090169270833333,0.9881558424482744
39061.99699168559,1469,96330752,96272384,2901.314285525232,2184.5189914542925,1456,100,7.67000002861023,5.609019477112881,17.0,0.0,7.569999957084656,5.521331400371313,16.0,0.0,-0.0056083399103954434,0.2160395267419517,2.3439953501025834,0.009922801875291043,0.09112040201822916,0.9892469526578982
39128.48908104282,1472,96468992,96468992,2079.0443094261796,2956.8630178505664,1463,100,8.289999961853027,5.625468761529029,17.0,0.0,6.809999942779541,5.771819283390331,16.0,0.0,-0.0047112730353546795,0.23663225630298257,2.3503584936261177,0.007691573773627169,0.08254496256510417,0.9873138312250375
39188.489175497554,1474,96611328,96600064,2372.2629321422028,2184.5298943467765,1463,100,8.289999961853027,5.625468761529029,17.0,0.0,6.809999942779541,5.771819283390331,16.0,0.0,-0.005894196273099321,0.2618338957739373,2.3364360133806863,0.00840118565308027,0.08972676595052083,0.9854832993199428
39248.49003784079,1476,96781568,96731136,2837.2925546659108,2184.5019368254834,1463,100,8.289999961853027,5.625468761529029,17.0,0.0,6.809999942779541,5.771819283390331,16.0,0.0,-0.0041135719705683495,0.3412975869141519,2.3454221983750663,0.005879677765430339,0.06998189290364583,0.9827356698612372
39316.35725154448,1479,96927744,96927744,2153.8529729274574,2896.951108946212,1463,100,8.289999961853027,5.625468761529029,17.0,0.0,6.809999942779541,5.771819283390331,16.0,0.0,-0.004610385692406757,0.3073310403463741,2.331892430782318,0.011527866503456607,0.1042022705078125,0.9823903602858384
39376.361397362314,1481,97074176,97058816,2440.3647115410727,2184.3823991416593,1471,100,7.570000028610229,5.667900841185467,16.0,0.0,7.789999890327453,5.650300901260386,16.0,0.0,-0.004831767362096192,0.21326017247823378,2.3703925982117653,0.008859715398405871,0.091278076171875,0.9894556359698374
39436.36165723484,1483,97252608,97189888,2973.8537862850803,2184.5238717043917,1471,100,7.570000028610229,5.667900841185467,16.0,0.0,7.789999890327453,5.650300901260386,16.0,0.0,-0.0035589275891349343,0.2486670884148528,2.3460512260595956,0.008086388242494042,0.090240478515625,0.9860863933960597
39502.87910186127,1486,97386496,97386496,2012.8253686222438,2955.7359141527404,1471,100,7.570000028610229,5.667900841185467,16.0,0.0,7.789999890327453,5.650300901260386,16.0,0.0,-0.003913204636774026,0.29681590556477505,2.3253935674826303,0.012199407671384202,0.12298075358072916,0.983477650831143
39562.87913126778,1488,97534720,97517568,2470.398789236543,2184.5322626754923,1479,100,8.060000038146972,5.486018570489768,15.0,0.0,6.219999957084656,5.527350150645738,15.0,0.0,-0.0038144914869917557,0.27433135857184726,2.3532637928922973,0.009617748440480986,0.10342915852864584,0.9856258189926546
39622.882052756846,1490,97712128,97648640,2956.6560360285794,2184.426970341461,1479,100,8.060000038146972,5.486018570489768,15.0,0.0,6.219999957084656,5.527350150645738,15.0,0.0,-0.0062254389364776825,0.21676049024487537,2.3447292024890585,0.0104983070717329,0.11235555013020833,0.9883272678901752
39689.077200212516,1493,97845248,97845248,2011.023543518032,2970.1270796574013,1479,100,8.060000038146972,5.486018570489768,15.0,0.0,6.219999957084656,5.527350150645738,15.0,0.0,-0.004577746362580607,0.21624464277798933,2.310650520026684,0.008939604306457719,0.0928192138671875,0.9886605304976304
39749.077227004804,1495,97994240,97976320,2483.1988911570097,2184.5323578563384,1486,100,7.349999904632568,5.671639968355124,15.0,0.0,6.88999993801117,5.547783249960308,14.0,0.0,-0.004079575281745443,0.24166962776022652,2.305281644066175,0.011280435634641131,0.116058349609375,0.9855431206524372
39809.07751964498,1497,98169856,98107392,2926.9190577646978,2184.5226786815238,1486,100,7.349999904632568,5.671639968355124,15.0,0.0,6.88999993801117,5.547783249960308,14.0,0.0,-0.005332557111008403,0.24856405518949032,2.3231214160720506,0.010661710837060431,0.11037190755208333,0.9872233234345913
39876.363703716546,1500,98304000,98304000,1993.6336389254773,2921.9668601045164,1486,100,7.349999904632568,5.671639968355124,15.0,0.0,6.88999993801117,5.547783249960308,14.0,0.0,-0.004827358109954124,0.26745475743276376,2.339309006929398,0.011693883321034567,0.1115875244140625,0.9856142507245144
39936.363998377696,1502,98454528,98435072,2508.7876792956476,2184.522605100972,1494,100,8.180000019073486,5.543248279923745,16.0,0.0,6.669999957084656,5.695708825743575,15.0,0.0,-0.004152380065837254,0.29759563715197146,2.333456059296926,0.0115755897792648,0.1201934814453125,0.9843760939935843
39996.36410967354,1504,98629376,98566144,2914.127927827994,2184.529281182918,1494,100,8.180000019073486,5.543248279923745,16.0,0.0,6.669999957084656,5.695708825743575,15.0,0.0,-0.004626837476583508,0.2979999678209424,2.327659048140049,0.006883954166066056,0.0757904052734375,0.9837224346896013
40062.388417804614,1507,98762752,98762752,2020.1044702386278,2977.812347683812,1494,100,8.180000019073486,5.543248279923745,16.0,0.0,6.669999957084656,5.695708825743575,15.0,0.0,-0.004559440286053965,0.27976799888225895,2.3540113419294357,0.012709811703947102,0.1238861083984375,0.985585980117321
40122.388576759025,1509,98909184,98893824,2440.5268677914564,2184.52754599515,1494,100,8.180000019073486,5.543248279923745,16.0,0.0,6.669999957084656,5.695708825743575,15.0,0.0,-0.004825274355728956,0.24184713396243748,2.3341830149292946,0.008483638042889652,0.09589131673177083,0.9867115200807651
40182.3890314484,1511,99086592,99024896,2956.777593077351,2184.516778723815,1501,100,6.849999928474427,5.731273940510989,15.0,0.0,5.95,5.555852850395369,16.0,0.0,-0.006441038043703885,0.2503201787670453,2.355963632464409,0.00935602241164209,0.10609944661458333,0.9870539351056019
40249.40931396652,1514,99221504,99221504,2013.0025558087907,2933.5597018238163,1501,100,6.849999928474427,5.731273940510989,15.0,0.0,5.95,5.555852850395369,16.0,0.0,-0.0014632850785953147,0.19916877414410314,2.3512892549236617,0.013464150750830111,0.13036092122395834,0.9898461438715458
40309.40948021598,1516,99374336,99352576,2547.192942175752,2184.5272803919343,1501,100,6.849999928474427,5.731273940510989,15.0,0.0,5.95,5.555852850395369,16.0,0.0,-0.004483298607131777,0.22334100399166346,2.328738242387771,0.014775362909858815,0.12447102864583334,0.9871423579752445
40369.41011628788,1518,99541504,99483648,2786.103797294492,2184.5101749077794,1501,100,6.849999928474427,5.731273940510989,15.0,0.0,5.95,5.555852850395369,16.0,0.0,-0.00405111011544553,0.27958102772633237,2.3601966972152395,0.011133534192291942,0.12286885579427083,0.9860578210403521
40436.447827410884,1521,99680256,99680256,2069.7604031469696,2932.7970288134184,1511,100,6.479999971389771,5.634678277272158,15.0,0.0,5.759999976307154,5.74825191274736,16.0,0.0,-0.004232655366649851,0.25255360710434616,2.337543800473213,0.010623410783712947,0.0995025634765625,0.9866360674301784
40496.45302210562,1523,99832832,99811328,2542.713189686344,2184.3442166433024,1511,100,6.479999971389771,5.634678277272158,15.0,0.0,5.759999976307154,5.74825191274736,16.0,0.0,-0.00599725911160931,0.19995531090535223,2.333204361299674,0.009969374166757914,0.10307820638020833,0.990325082714359
40556.4533430608,1525,100004608,99942400,2862.9180188605496,2184.521647774369,1511,100,6.479999971389771,5.634678277272158,15.0,0.0,5.759999976307154,5.74825191274736,16.0,0.0,-0.0069865537831598585,0.37355892608563107,2.348612186809381,0.009507289160562019,0.1077880859375,0.9798009234170119
40622.644625873305,1528,100139008,100139008,2030.4788529435618,2970.3004934488677,1520,100,8.170000028610229,5.495552864700963,15.0,0.0,7.289999961853027,5.63612454960877,16.0,0.0,-0.006034191317060808,0.33327687873194617,2.318408737579982,0.013043582275107232,0.135101318359375,0.9808727564911047
40682.64462741185,1530,100278016,100270080,2316.799940591655,2184.5332773166247,1520,100,8.170000028610229,5.495552864700963,15.0,0.0,7.289999961853027,5.63612454960877,16.0,0.0,-0.0015550601068146837,0.4440164482221007,2.330786034464836,0.011297159774888618,0.115814208984375,0.9747143654773632
40742.64478619117,1532,100453120,100401152,2918.392276994162,2184.527552369899,1520,100,8.170000028610229,5.495552864700963,15.0,0.0,7.289999961853027,5.63612454960877,16.0,0.0,-0.00371276741255618,0.32346599362790585,2.347351190944513,0.008952819942957527,0.09395345052083333,0.9830667662123839
40810.1487433007,1535,100597760,100597760,2142.689202135517,2912.5403667965966,1527,100,7.790000009536743,5.655607778727191,17.0,0.0,6.869999933242798,5.469286999040956,15.0,0.0,-0.004148420649774684,0.3013339601457119,2.339999382694562,0.007505728116181369,0.0861358642578125,0.9825859330594541
40870.15043313056,1537,100745472,100728832,2461.797333022475,2184.471810238314,1527,100,7.790000009536743,5.655607778727191,17.0,0.0,6.869999933242798,5.469286999040956,15.0,0.0,-0.0026693050361548862,0.3618434895761311,2.3632140358289084,0.011363552724408995,0.127410888671875,0.9810067750513554
40930.1505386997,1539,100918784,100859904,2888.5282510093202,2184.5294896850396,1527,100,7.790000009536743,5.655607778727191,17.0,0.0,6.869999933242798,5.469286999040956,15.0,0.0,-0.00478669617708268,0.27100621482046944,2.3409348179896674,0.012340090803263593,0.1121368408203125,0.9847955070436001
40997.38350607827,1542,101056512,101056512,2048.5188348818356,2924.2796750729544,1533,100,8.010000038146973,5.7087565792006405,17.0,0.0,7.520000028610229,5.650628184002101,16.0,0.0,-0.006721721896610688,0.16012898933452865,2.352318232258161,0.009081481844380809,0.09226481119791667,0.9912540484219791
41057.3837703336,1544,101211648,101187584,2585.5886124071344,2184.5237121327605,1533,100,8.010000038146973,5.7087565792006405,17.0,0.0,7.520000028610229,5.650628184002101,16.0,0.0,-0.003916601582507913,0.21845816254305345,2.348490960896015,0.00934071129631775,0.10019938151041667,0.9884868220736582
41117.38417314459,1546,101382656,101318656,2850.1141990449464,2184.5186675314562,1533,100,8.010000038146973,5.7087565792006405,17.0,0.0,7.520000028610229,5.650628184002101,16.0,0.0,-0.003693361206387635,0.3226988196062545,2.3160934547583265,0.013228423464170191,0.1321563720703125,0.9816783691445987
41184.166954427026,1549,101515264,101515264,1985.6615351069327,2943.992391818773,1539,100,7.8,5.628498887820876,15.0,0.0,7.540000057220459,5.512567431708049,15.0,0.0,-0.004539135591282199,0.3405445700045675,2.3291411474347115,0.009902475376899625,0.1080474853515625,0.9802900863190492
41244.16705771163,1551,101665024,101646336,2495.9957033678347,2184.529572862105,1539,100,7.8,5.628498887820876,15.0,0.0,7.540000057220459,5.512567431708049,15.0,0.0,-0.005691004834564714,0.29431020297730964,2.3395728717247644,0.01265100040412411,0.12334696451822916,0.9843598225464423
41316.69307648577,1554,101842944,101842944,2453.1885660797784,2710.86160971118,1539,100,7.8,5.628498887820876,15.0,0.0,7.540000057220459,5.512567431708049,15.0,0.0,-0.003572996696069216,0.33102174219675357,2.3214233368635178,0.00812298379605636,0.08744303385416667,0.980701083317399
41376.69339558296,1556,101997568,101974016,2577.0529611606466,2184.5217154209454,1546,100,8.180000066757202,5.4797445780377005,17.0,0.0,7.1699999332427975,5.495552651410944,16.0,0.0,-0.0033162377997844788,0.3255297603706519,2.326610155403614,0.01164461742215887,0.11786905924479167,0.9814974572509527
41448.71882686764,1559,102170624,102170624,2402.7068899593964,2729.702502202391,1546,100,8.180000066757202,5.4797445780377005,17.0,0.0,7.1699999332427975,5.495552651410944,16.0,0.0,-0.004003161047876347,0.290188328595832,2.346392566959063,0.012540298027185296,0.13054402669270834,0.983684471497933
41508.71908092033,1561,102313216,102301696,2376.523270631125,2184.524083596294,1554,100,8.310000038146972,5.536596403089247,16.0,0.0,7.540000057220459,5.384087670584189,16.0,0.0,-0.0036934226469990485,0.3206173153594136,2.3251761918266616,0.008488050970602975,0.0889739990234375,0.9834252838045359
41568.71954795346,1563,102486016,102432768,2879.9775825844727,2184.5163293085184,1554,100,8.310000038146972,5.536596403089247,16.0,0.0,7.540000057220459,5.384087670584189,16.0,0.0,-0.005578723027914142,0.26135056310643756,2.3362774153550467,0.011993370299630138,0.12584431966145834,0.9848035102089246
41636.69821688719,1566,102629376,102629376,2108.896838503083,2892.2013785185136,1554,100,8.310000038146972,5.536596403089247,16.0,0.0,7.540000057220459,5.384087670584189,16.0,0.0,-0.0031914038481772877,0.26528953916082776,2.3596923475464187,0.009625691442730991,0.10746256510416667,0.9860069658607243
41696.698369358666,1568,102777856,102760448,2474.660378081355,2184.5277820304373,1560,100,7.900000047683716,5.552476873217193,15.0,0.0,6.909999942779541,5.580492741899595,15.0,0.0,-0.005693891034752596,0.3109827373797695,2.31426761051019,0.01048075941434945,0.09975687662760417,0.9817340883115927
41756.69882665761,1570,102953472,102891520,2926.91102544475,2184.516683713866,1560,100,7.900000047683716,5.552476873217193,15.0,0.0,6.909999942779541,5.580492741899595,15.0,0.0,-0.006821528026193846,0.2843433873107036,2.3477234418193498,0.008596961090612847,0.0885467529296875,0.9848438327511151
41822.772302071564,1573,103088128,103088128,2037.9736218863789,2975.596466936766,1560,100,7.900000047683716,5.552476873217193,15.0,0.0,6.909999942779541,5.580492741899595,15.0,0.0,-0.005901947520518054,0.26761657589425647,2.317916331191858,0.00945235566056605,0.10459391276041666,0.9849703374008338
41882.77477995772,1575,103237120,103219200,2483.09745278666,2184.443119977268,1567,100,7.930000114440918,5.526762077231632,15.0,0.0,6.75,5.662817277370187,16.0,0.0,-0.005271549901711599,0.23710708863412341,2.3021897549430532,0.010481871953743394,0.11789957682291666,0.9877889392276604
41955.395499182865,1578,103415808,103415808,2460.564999996956,2707.32653294794,1567,100,7.930000114440918,5.526762077231632,15.0,0.0,6.75,5.662817277370187,16.0,0.0,-0.0034873758607621617,0.36315970402210945,2.3414813255270324,0.011757485987497299,0.12348429361979167,0.9827061891555786
42015.39949075598,1580,103561984,103546880,2436.1046018393245,2184.3880142587286,1567,100,7.930000114440918,5.526762077231632,15.0,0.0,6.75,5.662817277370187,16.0,0.0,-0.005800599261419848,0.2538684647685538,2.3296624049544334,0.010335906804660528,0.11502583821614583,0.986619444563985
42075.39987584017,1582,103741696,103677952,2995.180776720638,2184.51931293585,1574,100,8.350000047683716,5.550450388918031,16.0,0.0,6.6800000190734865,5.7024204940252154,16.0,0.0,-0.006504467213138317,0.22547785316904387,2.323675928016504,0.009753708996261896,0.10504659016927084,0.9877131308118502
42143.258232001215,1585,103874560,103874560,1957.9607806101878,2897.329247608139,1574,100,8.350000047683716,5.550450388918031,16.0,0.0,6.6800000190734865,5.7024204940252154,16.0,0.0,-0.005129198648016124,0.2518042017084857,2.3237014686067896,0.008471891602312098,0.0976104736328125,0.9841727713743845
42203.25854317844,1587,104021504,104005632,2449.053965169765,2184.522003775121,1574,100,8.350000047683716,5.550450388918031,16.0,0.0,6.6800000190734865,5.7024204940252154,16.0,0.0,-0.006811264596763066,0.1847138598871728,2.354428097605705,0.00969722610958949,0.10893758138020834,0.9898559581488371
42263.2589917779,1589,104200192,104136704,2978.111067016504,2184.5170004476363,1581,100,7.839999961853027,5.656359146309114,16.0,0.0,7.05,5.781651994413638,16.0,0.0,-0.004831816608202644,0.24049412629877526,2.3366974741220474,0.006783272538086749,0.06980387369791667,0.9864422759662071
42328.62362474017,1592,104333312,104333312,2036.5753461330808,3007.86512659655,1581,100,7.839999961853027,5.656359146309114,16.0,0.0,7.05,5.781651994413638,16.0,0.0,-0.0033770567242754623,0.29090962621072924,2.3119970758756,0.013847462332099287,0.12816874186197919,0.9847917376706998
42388.62365465425,1594,104481024,104464384,2461.8654392592935,2184.5322441954213,1581,100,7.839999961853027,5.656359146309114,16.0,0.0,7.05,5.781651994413638,16.0,0.0,-0.0049076833480891455,0.28757348501433927,2.299775573114554,0.008720317967648345,0.093658447265625,0.982736382012566
42461.34248296637,1597,104660992,104660992,2474.8473562795502,2703.673925494587,1589,100,7.899999952316284,5.430469589855246,15.0,0.0,6.860000038146973,5.558812801465669,15.0,0.0,-0.004531107554309225,0.26102807093411684,2.3153531700372696,0.009743765405194912,0.093719482421875,0.986108052233855
42521.342571428046,1599,104813056,104792064,2534.3962633843676,2184.530112546795,1589,100,7.899999952316284,5.430469589855246,15.0,0.0,6.860000038146973,5.558812801465669,15.0,0.0,-0.0056208652968052775,0.19673399347811937,2.3179631903767586,0.00970595411187484,0.10809326171875001,0.9889288830260435
42592.73928714171,1602,104988672,104988672,2459.7209863868875,2753.740113039548,1589,100,7.899999952316284,5.430469589855246,15.0,0.0,6.860000038146973,5.558812801465669,15.0,0.0,-0.004900123092132465,0.29810376535169786,2.3617393722136812,0.009756720384757498,0.09761555989583333,0.9850652584185203
42652.739664116874,1604,105140480,105119744,2530.117436809413,2184.519608172714,1596,100,8.570000076293946,5.422646895158569,16.0,0.0,6.650000095367432,5.459624493850714,15.0,0.0,-0.005443521132595682,0.3751367271567384,2.323905577262243,0.010823847544088492,0.10987345377604167,0.9778566683332126
42724.36037399247,1607,105316352,105316352,2455.6025806708776,2745.127775771811,1596,100,8.570000076293946,5.422646895158569,16.0,0.0,6.650000095367432,5.459624493850714,15.0,0.0,-0.005707851868161621,0.19589813876276216,2.351718857884407,0.009981419586741444,0.10422261555989584,0.9896333062400421
42784.36049380526,1609,105463552,105447424,2453.328434331398,2184.5289710916104,1596,100,8.570000076293946,5.422646895158569,16.0,0.0,6.650000095367432,5.459624493850714,15.0,0.0,-0.0069314022645509486,0.29707111953757703,2.3355877101421356,0.010477412832187838,0.11856587727864583,0.9854205542554458
42844.36084106099,1611,105643776,105578496,3003.7159490404665,2184.520690211248,1603,100,7.800000095367432,5.7288743394500425,17.0,0.0,7.130000138282776,5.502099635527804,16.0,0.0,-0.004927445327969811,0.3501205706658463,2.3177523761987686,0.011828261656773975,0.12889607747395831,0.9782575412342945
42910.68339715339,1614,105775104,105775104,1980.1408108732633,2964.4213308979847,1603,100,7.800000095367432,5.7288743394500425,17.0,0.0,7.130000138282776,5.502099635527804,16.0,0.0,-0.005647799131111242,0.2887865795443455,2.337841384112835,0.011509359026604216,0.11648050944010417,0.983679307003816
42970.68371107336,1616,105923840,105906176,2478.9203636232755,2184.521903915864,1603,100,7.800000095367432,5.7288743394500425,17.0,0.0,7.130000138282776,5.502099635527804,16.0,0.0,-0.005271856675487166,0.23790782201103866,2.3720901285608607,0.008032290695458263,0.08910624186197916,0.9867279442648094
43030.6840632502,1618,106099968,106037248,2935.449436711673,2184.520511041245,1609,100,6.220000076293945,5.693118637421045,17.0,0.0,6.340000033378601,5.602178125180589,16.0,0.0,-0.005138625843149688,0.17963569937273857,2.349490232765674,0.008028019953902307,0.08464558919270833,0.9896355538318554
43097.94737724867,1621,106233856,106233856,1990.5055525966059,2922.960352570159,1609,100,6.220000076293945,5.693118637421045,17.0,0.0,6.340000033378601,5.602178125180589,16.0,0.0,-0.0026429650873372643,0.3343853206994633,2.333053713043531,0.009762059528535854,0.094879150390625,0.9821471584339936
43157.94819738902,1623,106382848,106364928,2483.1660575884944,2184.5034733424554,1609,100,6.220000076293945,5.693118637421045,17.0,0.0,6.340000033378601,5.602178125180589,16.0,0.0,-0.003649512955841298,0.2384100976244857,2.316355620821317,0.0100575933198949,0.100616455078125,0.9861690153678258
43217.94843642134,1625,106557184,106496000,2905.588424507599,2184.5246304668,1609,100,6.220000076293945,5.693118637421045,17.0,0.0,6.340000033378601,5.602178125180589,16.0,0.0,-0.004480987003868601,0.22682177042588592,2.3422737941145897,0.006784965817738946,0.07244873046875,0.9878840086360773
43283.58327094186,1628,106692608,106692608,2063.294605514145,2995.4825274761124,1618,100,7.680000114440918,5.785983023044032,17.0,0.0,6.5,5.729746943861131,16.0,0.0,-0.002658347337273881,0.27591954295833904,2.319461720685164,0.012582153692468031,0.12723286946614581,0.9851268380880356
43343.58397355117,1630,106840064,106823680,2457.571221459743,2184.5077524086605,1618,100,7.680000114440918,5.785983023044032,17.0,0.0,6.5,5.729746943861131,16.0,0.0,-0.0041166541098694625,0.24518006721821922,2.334484005967776,0.008784596271652845,0.08833821614583333,0.9874518606811762
43403.58400435746,1632,107016704,106954752,2943.9984884389055,2184.5322117111878,1625,100,8.149999952316284,5.776460836499263,17.0,0.0,7.3,5.604462449070942,16.0,0.0,-0.006270252595034738,0.2398005398766448,2.299713969230652,0.011325084272054179,0.123260498046875,0.9868874972065289
43469.63078238536,1635,107151360,107151360,2038.7974102706182,2976.79926062326,1625,100,8.149999952316284,5.776460836499263,17.0,0.0,7.3,5.604462449070942,16.0,0.0,-0.001785198224145764,0.284476064145565,2.2839257468779883,0.008436580822187048,0.09521993001302084,0.9841448006530603
43529.631088586524,1637,107301888,107282432,2508.7871967738597,2184.522184945946,1625,100,8.149999952316284,5.776460836499263,17.0,0.0,7.3,5.604462449070942,16.0,0.0,-0.005711569935859491,0.23206755922486386,2.3225192800164223,0.007283573557288037,0.07873026529947917,0.9878567022581896
43602.090744948015,1640,107479040,107479040,2444.836325419692,2713.3443611594266,1625,100,8.149999952316284,5.776460836499263,17.0,0.0,7.3,5.604462449070942,16.0,0.0,-0.006056303148701166,0.21350299372958642,2.3329861188928285,0.013832284928260682,0.129852294921875,0.9886624868959188
43662.09077913314,1642,107625216,107610112,2436.265278599391,2184.532088691573,1631,100,7.7399999618530275,5.601107064925431,16.0,0.0,6.590000057220459,5.612655447621394,16.0,0.0,-0.005629163596798511,0.25906633997025585,2.3084755589564643,0.008674332982991473,0.10099283854166666,0.986107916260759
43722.09145582374,1644,107800576,107741184,2922.6337046873737,2184.5086960583,1631,100,7.7399999618530275,5.601107064925431,16.0,0.0,6.590000057220459,5.612655447621394,16.0,0.0,-0.0037116577732376754,0.20072362339124086,2.297149926424027,0.01492018098300226,0.1387786865234375,0.9883772724618515
43788.55392689537,1647,107937792,107937792,2064.563621959133,2958.180712060847,1631,100,7.7399999618530275,5.601107064925431,16.0,0.0,6.590000057220459,5.612655447621394,16.0,0.0,-0.007020116897668534,0.1815439166966826,2.2833983773986497,0.008855923570687688,0.08865865071614583,0.9889895624170701
43848.554069605656,1649,108094464,108068864,2611.1937892632386,2184.5281374228402,1640,100,8.370000123977661,5.629662653396384,17.0,0.0,7.769999933242798,5.4200644864405705,16.0,0.0,-0.0049975635192822665,0.1856841991345088,2.323218618830045,0.00889862647757885,0.103515625,0.9884328426172335
43920.77872309834,1652,108265472,108265472,2367.723370487721,2722.1729768481578,1640,100,8.370000123977661,5.629662653396384,17.0,0.0,7.769999933242798,5.4200644864405705,16.0,0.0,-0.005889159011227699,0.22516737358334163,2.306443351010482,0.008942680074445281,0.100128173828125,0.9875072383632262
43980.778990274295,1654,108415744,108396544,2504.5221808648016,2184.523605796897,1640,100,8.370000123977661,5.629662653396384,17.0,0.0,7.769999933242798,5.4200644864405705,16.0,0.0,-0.0019362085925725598,0.25076122845833504,2.3090846141179404,0.013047622654994484,0.12347412109375,0.9850284469624361
44052.631631160155,1657,108593152,108593152,2469.0532987064234,2736.266859172487,1648,100,7.280000019073486,5.672882898991918,16.0,0.0,6.770000052452088,5.6157903865573555,16.0,0.0,-0.004679711761127692,0.39940872446944314,2.3082358539104466,0.01024427974577217,0.10715738932291667,0.9796636073539654
44112.63166936394,1659,108742912,108724224,2495.998410723625,2184.5319423769165,1648,100,7.280000019073486,5.672882898991918,16.0,0.0,6.770000052452088,5.6157903865573555,16.0,0.0,-0.004427110994583927,0.2868762734966973,2.29511638234059,0.0066794010860273065,0.06808980305989583,0.982565184434255
44172.63198520243,1661,108919296,108855296,2939.717858732341,2184.521834065252,1648,100,7.280000019073486,5.672882898991918,16.0,0.0,6.770000052452088,5.6157903865573555,16.0,0.0,-0.004249922070205988,0.1667701294645667,2.3251557673017182,0.01243902183280928,0.11566670735677083,0.9914200846105814
44237.81727198418,1664,109051904,109051904,2034.3241020629391,3016.1407536377164,1656,100,8.6,5.40555268520515,17.0,0.0,7.729999899864197,5.518795097362641,16.0,0.0,-0.0069819582082952065,0.27487881458364427,2.3321398571133614,0.011264550056997297,0.11719258626302084,0.9855875615030526
44297.81771035679,1666,109200640,109182976,2478.9152218579625,2184.5173727904935,1656,100,8.6,5.40555268520515,17.0,0.0,7.729999899864197,5.518795097362641,16.0,0.0,-0.005789482444621778,0.22859517578035593,2.308775233725707,0.01124376306264215,0.10145060221354167,0.987920507788658
44357.81785426568,1668,109365248,109314048,2743.460086528149,2184.528093782912,1656,100,8.6,5.40555268520515,17.0,0.0,7.729999899864197,5.518795097362641,16.0,0.0,-0.002469173649539395,0.18418743127646545,2.314875485996405,0.010152925665655252,0.08584086100260416,0.9902531616389753
44426.01821774617,1671,109510656,109510656,2132.070748297482,2882.7998850219474,1663,100,8.430000019073486,5.566426087929134,17.0,0.0,8.730000019073486,5.317621770574503,16.0,0.0,-0.0030359327308057495,0.21780074954343337,2.324855404595534,0.01002625407393983,0.1037445068359375,0.9890970507015785
44486.01831977628,1673,109662208,109641728,2525.862371432933,2184.5296185365905,1663,100,8.430000019073486,5.566426087929134,17.0,0.0,8.730000019073486,5.317621770574503,16.0,0.0,-0.0052605193632189184,0.23761185080123445,2.3409879629810653,0.00832821883947569,0.09141031901041667,0.9877315349876881
44546.01850444265,1675,109837056,109772800,2914.124364320756,2184.5266098568477,1663,100,8.430000019073486,5.566426087929134,17.0,0.0,8.730000019073486,5.317621770574503,16.0,0.0,-0.005822323951482152,0.21405696457562348,2.322364610930284,0.009000739795737902,0.099273681640625,0.9885443188250065
44612.567977645434,1678,109969408,109969408,1988.7760733537498,2954.3133932991873,1669,100,8.82000002861023,5.376578818299991,17.0,0.0,6.610000038146973,5.677842863825679,16.0,0.0,-0.005348629599514728,0.16863487668645877,2.344910236696402,0.009736769304557432,0.0929107666015625,0.9909167879571517
44672.56849516649,1680,110117376,110100480,2466.112062251456,2184.5144911293173,1669,100,8.82000002861023,5.376578818299991,17.0,0.0,6.610000038146973,5.677842863825679,16.0,0.0,-0.0030822044839927303,0.2963582167091469,2.3122544437646866,0.00993022374738454,0.08468119303385417,0.9831196249773105
44732.56871642638,1682,110292224,110231552,2914.1225870258527,2184.5252775362173,1669,100,8.82000002861023,5.376578818299991,17.0,0.0,6.610000038146973,5.677842863825679,16.0,0.0,-0.003195661299590332,0.2974611276295036,2.320899486541748,0.008233654259432416,0.0838623046875,0.9835939618448417
44799.29365137778,1685,110428160,110428160,2037.2593858503756,2946.54464846156,1676,100,8.169999980926514,5.584003848379358,16.0,0.0,6.7000000238418576,5.776677285971017,16.0,0.0,-0.00488530124372725,0.18675860056343177,2.3147369176149364,0.01069155943938919,0.10061136881510417,0.9900806316485008
44859.293845781125,1687,110576128,110559232,2466.125342949822,2184.526255346555,1676,100,8.169999980926514,5.584003848379358,16.0,0.0,6.7000000238418576,5.776677285971017,16.0,0.0,-0.004859997168144521,0.23673295346088707,2.32463846852382,0.011188828782906057,0.1116485595703125,0.9869038897256057
44932.4203672884,1690,110755840,110755840,2457.5488659352372,2688.600468715473,1676,100,8.169999980926514,5.584003848379358,16.0,0.0,6.7000000238418576,5.776677285971017,16.0,0.0,-0.00428146274498431,0.29194635820264614,2.339017721513907,0.00831472102800035,0.08753967285156249,0.9853229833145937
44992.42067974061,1692,110905856,110886912,2500.253646503938,2184.5219573549766,1684,100,7.6400000095367435,5.593782173098862,15.0,0.0,6.830000019073486,5.777637821394061,16.0,0.0,-0.004796873028681148,0.22272336141516763,2.3794301028052964,0.007225790212639064,0.08098856608072916,0.9883858151733875
45064.645085713826,1695,111083520,111083520,2459.8886983699085,2722.1823059770745,1684,100,7.6400000095367435,5.593782173098862,15.0,0.0,6.830000019073486,5.777637821394061,16.0,0.0,-0.0054557021988633405,0.2268335148692131,2.329210177063942,0.008667602203180044,0.08285013834635417,0.988366677115361
45124.64518208802,1697,111229184,111214592,2427.72943382565,2184.529824461745,1684,100,7.6400000095367435,5.593782173098862,15.0,0.0,6.830000019073486,5.777637821394061,16.0,0.0,-0.005136884174135048,0.2371877620462328,2.3421051750580473,0.008996862760492757,0.09125264485677083,0.9873914762089651
45184.64554899838,1699,111406080,111345664,2948.2486376171464,2184.519974616467,1691,100,8.160000085830688,5.698631414384906,17.0,0.0,6.769999980926514,5.654829742292698,16.0,0.0,-0.004458674399453836,0.23355976624103886,2.3405626937747,0.00768210582342969,0.07690938313802084,0.9878579887251059
45250.84848892223,1702,111542272,111542272,2057.1896075408354,2969.777478555191,1691,100,8.160000085830688,5.698631414384906,17.0,0.0,6.769999980926514,5.654829742292698,16.0,0.0,-0.0033283827651757747,0.2725377754929165,2.3398473461469016,0.00821751261112998,0.07798258463541666,0.9864606838673353
45310.849099443294,1704,111692800,111673344,2508.77447233903,2184.5111051659583,1691,100,8.160000085830688,5.698631414384906,17.0,0.0,6.769999980926514,5.654829742292698,16.0,0.0,-0.004882347154004189,0.25268644529084366,2.3329113846023875,0.010952118699909382,0.10341898600260417,0.987301300590237
45370.849794223905,1706,111865856,111804416,2884.233268177485,2184.508037436202,1697,100,8.380000114440918,5.583511375200777,17.0,0.0,7.799999988079071,5.482699966708017,16.0,0.0,-0.004166048805927858,0.24954062250132364,2.3393494312961898,0.011631476860202383,0.10986836751302083,0.9879417854050795
45438.64660203084,1709,112001024,112001024,1993.7221879960812,2899.9595461761182,1697,100,8.380000114440918,5.583511375200777,17.0,0.0,7.799999988079071,5.482699966708017,16.0,0.0,-0.0035736463711752244,0.28024083406974876,2.3263368333379426,0.008815801797633565,0.08812459309895834,0.9863293406864008
45498.64671588782,1711,112155392,112132096,2572.7951178220173,2184.5291879351125,1697,100,8.380000114440918,5.583511375200777,17.0,0.0,7.799999988079071,5.482699966708017,16.0,0.0,-0.005544488587474916,0.20812213661459586,2.336231917142868,0.006882412975149539,0.07393900553385416,0.9894035787632068
45570.63866585679,1714,112328704,112328704,2407.3802706371735,2730.9720056858923,1704,100,9.249999952316283,5.463286429490096,17.0,0.0,7.689999914169311,5.50217226182152,15.0,0.0,-0.0037733919137584353,0.22679592234392962,2.316036358475685,0.009371361502417129,0.09860738118489583,0.9868605484565098
45630.63935898803,1716,112473344,112459776,2410.638818515514,2184.5080974866246,1704,100,9.249999952316283,5.463286429490096,17.0,0.0,7.689999914169311,5.50217226182152,15.0,0.0,-0.006288730350206606,0.2608000155693541,2.3371169194579124,0.009426978381573766,0.11213175455729167,0.9866235150645176
45690.639834652655,1718,112647424,112590848,2901.310332488571,2184.516015050218,1704,100,9.249999952316283,5.463286429490096,17.0,0.0,7.689999914169311,5.50217226182152,15.0,0.0,-0.0050925590718785925,0.2751292111352086,2.314604173103968,0.008478016217244052,0.08751424153645833,0.9839452486485243
45759.06047035102,1721,112787456,112787456,2046.6340099109889,2873.5190486501638,1711,100,8.780000066757202,5.541804711636575,17.0,0.0,6.75,5.802370176608232,16.0,0.0,-0.003469318427960388,0.28673107526265085,2.363456298907598,0.007576575935672736,0.0793914794921875,0.985977596292893
45819.06072655134,1723,112938752,112918528,2521.5892328004848,2184.5240054041424,1711,100,8.780000066757202,5.541804711636575,17.0,0.0,6.75,5.802370176608232,16.0,0.0,-0.00462529253854882,0.23083122571309408,2.3679878612359366,0.013296140004968038,0.12273661295572919,0.988841042543451
45891.193882467225,1726,113115136,113115136,2445.2555521857357,2725.6259275452035,1711,100,8.780000066757202,5.541804711636575,17.0,0.0,6.75,5.802370176608232,16.0,0.0,-0.00169070827056809,0.26335074768091243,2.3079262201984725,0.010413093026727438,0.112548828125,0.9850409893939893
45951.19441499561,1728,113262080,113246208,2449.044930234287,2184.5139447385977,1719,100,9.589999961853028,5.249942858332266,17.0,0.0,8.230000019073486,5.464165036306285,15.0,0.0,-0.005194578967348207,0.252254152437672,2.2861922010779385,0.011582310320591205,0.11710103352864583,0.985101405531168
46011.195378949866,1730,113436672,113377280,2909.8199177784836,2184.498237393818,1719,100,9.589999961853028,5.249942858332266,17.0,0.0,8.230000019073486,5.464165036306285,15.0,0.0,-0.00551011691519913,0.320692704912896,2.3118845969438557,0.011634262204703798,0.11585489908854167,0.9828149620443583
46076.97217628639,1733,113573888,113573888,2086.085147897634,2989.0175253458638,1719,100,9.589999961853028,5.249942858332266,17.0,0.0,8.230000019073486,5.464165036306285,15.0,0.0,-0.0024440758279524744,0.3075724377607306,2.2960120191176734,0.013827199425577419,0.11822001139322917,0.9836116582155228
46136.9724718174,1735,113730560,113704960,2611.187138554026,2184.522573430819,1726,100,8.720000076293946,5.48102180528238,17.0,0.0,7.459999990463257,5.503489770656975,15.0,0.0,-0.0041262440984913456,0.30467714151988423,2.335388757288456,0.008880691092902756,0.08874511718750001,0.9829026802132527
46208.95814909786,1738,113901568,113901568,2375.5836780382856,2731.2099771458134,1726,100,8.720000076293946,5.48102180528238,17.0,0.0,7.459999990463257,5.503489770656975,15.0,0.0,-0.004245855828533725,0.2991533998865634,2.305414952337742,0.01062720084094811,0.09972127278645834,0.9816525503993034
46268.95837027859,1740,114051328,114032640,2495.990798915568,2184.525280418412,1726,100,8.720000076293946,5.48102180528238,17.0,0.0,7.459999990463257,5.503489770656975,15.0,0.0,-0.0051993786861809594,0.22533950783933204,2.3416859060525894,0.008057449203382324,0.0843505859375,0.9881876744329929
46328.95875886828,1742,114228736,114163712,2956.780850424215,2184.519185306202,1734,100,8.619999933242799,5.384756222794442,16.0,0.0,7.9,5.330103200417698,16.0,0.0,-0.0034681564963345104,0.3098816565082719,2.3356983959674835,0.007067582883488892,0.0706787109375,0.9809968583285809
46394.369847098365,1745,114360320,114360320,2011.6467033409308,3005.728926392675,1734,100,8.619999933242799,5.384756222794442,16.0,0.0,7.9,5.330103200417698,16.0,0.0,-0.004055086292889125,0.2384615372866392,2.3259322320421534,0.014385293700494609,0.13644917805989584,0.9873574537535509
46454.370666221716,1747,114504960,114491392,2410.633756560025,2184.5035103694386,1734,100,8.619999933242799,5.384756222794442,16.0,0.0,7.9,5.330103200417698,16.0,0.0,-0.004063092269158612,0.25668635110681254,2.36589544514815,0.008972010473977813,0.08719889322916666,0.9862836431711911
46514.37071635295,1749,114679808,114622464,2914.1308985171527,2184.531508112419,1740,100,8.910000085830688,5.3274665966097805,16.0,0.0,7.570000028610229,5.346503560980449,15.0,0.0,-0.00479250339170297,0.18332542036660013,2.3142200584212937,0.009976159533835016,0.09855143229166667,0.9890913938482603
46580.73037410341,1752,114819072,114819072,2098.62444625137,2962.763924119581,1740,100,8.910000085830688,5.3274665966097805,16.0,0.0,7.570000028610229,5.346503560980449,15.0,0.0,-0.005605875953430465,0.23011144390329719,2.321505514283975,0.013238347429554173,0.12945556640625,0.986315076549848
46640.7306612907,1754,114966784,114950144,2461.854883109638,2184.522877213405,1740,100,8.910000085830688,5.3274665966097805,16.0,0.0,7.570000028610229,5.346503560980449,15.0,0.0,-0.004165580127543459,0.22155008069239557,2.348068351546923,0.011266515011205533,0.12317911783854167,0.9891493339091539
46700.730716482736,1756,115135232,115081216,2807.4640841722403,2184.5313238543877,1747,100,8.489999961853027,5.479954297038883,16.0,0.0,7.690000057220459,5.432669710345213,16.0,0.0,-0.005321439673328617,0.31404545592765015,2.3072668934861817,0.009728090361628952,0.10619608561197917,0.9793185237795116
46768.15078653488,1759,115277824,115277824,2114.978520338386,2916.1642793893725,1747,100,8.489999961853027,5.479954297038883,16.0,0.0,7.690000057220459,5.432669710345213,16.0,0.0,-0.00576458104478661,0.26277423456000787,2.3305441265304885,0.011671852326495962,0.12097676595052083,0.9852188595881065
46828.15477866866,1761,115428864,115408896,2517.1658522864445,2184.3879938485757,1747,100,8.489999961853027,5.479954297038883,16.0,0.0,7.690000057220459,5.432669710345213,16.0,0.0,-0.0026172357805383704,0.1950323146302253,2.337283819913864,0.006294140703175799,0.06959025065104167,0.9899226526419322
46888.155153337866,1763,115601664,115539968,2879.982015990263,2184.5196921289107,1755,100,9.370000123977661,5.110097879393294,16.0,0.0,7.119999957084656,5.607637668103341,16.0,0.0,-0.004585780373114782,0.27658128179609776,2.307187373439471,0.01264291658177778,0.118408203125,0.9835600480437278
46955.007875605486,1766,115736576,115736576,2018.0479631020778,2940.912401636425,1755,100,9.370000123977661,5.110097879393294,16.0,0.0,7.119999957084656,5.607637668103341,16.0,0.0,-0.005918908211848853,0.22629122459329662,2.3182999963561697,0.007710713545141819,0.09261067708333334,0.9882199180622895
47015.00809714943,1768,115884288,115867648,2461.8575765059927,2184.5252671942258,1761,100,9.190000009536742,5.189788060136177,17.0,0.0,8.15999994277954,5.36417738321623,16.0,0.0,-0.0024488020499120466,0.27169249129171175,2.32981825619936,0.012786447076602297,0.1273040771484375,0.985077941790223
47075.008885130286,1770,116056320,115998720,2867.1623455160825,2184.5046442027297,1761,100,9.190000009536742,5.189788060136177,17.0,0.0,8.15999994277954,5.36417738321623,16.0,0.0,-0.006228801951995896,0.22028530070868632,2.3479204550385475,0.010250366225591279,0.10509745279947917,0.987999401986599
47140.617538477294,1773,116195328,116195328,2118.7449049560387,2996.6778766229054,1761,100,9.190000009536742,5.189788060136177,17.0,0.0,8.15999994277954,5.36417738321623,16.0,0.0,-0.00568177833823332,0.2533496354396144,2.3556390628218646,0.00847547383151929,0.0873565673828125,0.986348702882727
47200.61817736644,1775,116346368,116326400,2517.306528669576,2184.510072336988,1766,100,8.940000009536742,5.266535991047582,17.0,0.0,7.65,5.40624633325556,16.0,0.0,-0.005391090606281068,0.21817875451718768,2.3558086529374123,0.01101186516340628,0.11232503255208333,0.9890757544587055
47260.618554178625,1777,116518656,116457472,2871.4486333862314,2184.519614106613,1766,100,8.940000009536742,5.266535991047582,17.0,0.0,7.65,5.40624633325556,16.0,0.0,-0.003675387022667565,0.2682713939963529,2.282532076040904,0.011746641367305225,0.11744181315104166,0.9847501634309689
47326.25048635341,1780,116654080,116654080,2063.3858475985003,2995.6149923547223,1773,100,9.580000114440917,5.024300975219115,17.0,0.0,8.039999961853027,5.281893483195503,15.0,0.0,-0.005300048952146123,0.27408850006759167,2.3199268008271856,0.009998205143953479,0.10927836100260417,0.9865877814590931
47386.25083725713,1782,116798720,116785152,2410.65256821745,2184.5205573935123,1773,100,9.580000114440917,5.024300975219115,17.0,0.0,8.039999961853027,5.281893483195503,15.0,0.0,-0.0034111715940525755,0.17380406276788563,2.350102387368679,0.013888292972599933,0.12462870279947916,0.9919268097728491
47446.250844850205,1784,116967936,116916224,2820.266309758536,2184.533056878019,1773,100,9.580000114440917,5.024300975219115,17.0,0.0,8.039999961853027,5.281893483195503,15.0,0.0,-0.006889573628238091,0.18610902507013333,2.328232722977797,0.010905957090168764,0.11213175455729167,0.9902660598357519
47513.000649794936,1787,117112832,117112832,2170.732935024658,2945.4468093620803,1779,100,9.199999952316285,5.249761864987471,17.0,0.0,7.989999866485595,5.527196428668252,16.0,0.0,-0.003160563382455924,0.2165577463650455,2.3377617398897805,0.007397483833604686,0.0737457275390625,0.9897986662884554
47573.001034104265,1789,117267200,117243904,2572.7835209215195,2184.5193411472937,1779,100,9.199999952316285,5.249761864987471,17.0,0.0,7.989999866485595,5.527196428668252,16.0,0.0,-0.004833889853519698,0.28679636113035184,2.329718192418416,0.01117153975853095,0.10665893554687499,0.9855987299233676
47633.001061707735,1791,117439488,117374976,2871.4653456265514,2184.532328322131,1784,100,8.810000085830689,5.642153874247728,17.0,0.0,8.069999837875367,5.510453672331259,16.0,0.0,-0.003530792935634963,0.27980493614450097,2.300312094390392,0.010437024382554227,0.11487833658854167,0.9843322231123844
47698.84971426241,1794,117571584,117571584,2006.0547160067865,2985.755856382194,1784,100,8.810000085830689,5.642153874247728,17.0,0.0,8.069999837875367,5.510453672331259,16.0,0.0,-0.0040061291413924964,0.3422017266663412,2.284591088692347,0.007994520021990564,0.101837158203125,0.9771633942921957
47758.84971989039,1796,117721856,117702656,2504.533098408867,2184.5331284247695,1784,100,8.810000085830689,5.642153874247728,17.0,0.0,8.069999837875367,5.510453672331259,16.0,0.0,-0.0036479647630282366,0.4328096901687483,2.306798512736956,0.01106073770582346,0.11722310384114583,0.975761458898584
47830.97043620888,1799,117899264,117899264,2459.8757341310757,2726.0960516777286,1791,100,9.009999895095826,5.363757968514454,17.0,0.0,8.280000114440918,5.2461032618575425,16.0,0.0,-0.00476487595490956,0.2241856649828454,2.325701241691907,0.00873112218202247,0.092132568359375,0.9885502985368173
47890.97410600819,1801,118044672,118030336,2423.3184484606804,2184.399728189909,1791,100,9.009999895095826,5.363757968514454,17.0,0.0,8.280000114440918,5.2461032618575425,16.0,0.0,-0.004590751857904252,0.29915019768911105,2.2914698347449303,0.007967736412562468,0.08447265625,0.9816667127112548
47950.97454725858,1803,118219776,118161408,2918.378537738804,2184.5172680150113,1791,100,9.009999895095826,5.363757968514454,17.0,0.0,8.280000114440918,5.2461032618575425,16.0,0.0,-0.0033305891750690835,0.2625255699579915,2.3157173792521157,0.009669696044511511,0.09928385416666666,0.9854340547074875
48016.5689379815,1806,118358016,118358016,2107.497279514937,2997.3294641990215,1791,100,9.009999895095826,5.363757968514454,17.0,0.0,8.280000114440918,5.2461032618575425,16.0,0.0,-0.00609314482183739,0.2364045764164378,2.2961584130922956,0.012596425629453732,0.12464396158854166,0.9862709095080694
48076.572441016324,1808,118504192,118489088,2436.1244361877957,2184.4057991736454,1798,100,8.580000066757203,5.589597420004199,17.0,0.0,7.380000126361847,5.371740951298862,15.0,0.0,-0.003985338092509967,0.3260509658915301,2.297424639264743,0.007567931689360799,0.08382670084635416,0.9792678741117319
48136.57269380428,1810,118677248,118620160,2884.2545149199864,2184.5241296435397,1798,100,8.580000066757203,5.589597420004199,17.0,0.0,7.380000126361847,5.371740951298862,15.0,0.0,-0.0050106022172258236,0.33369649869079393,2.2988399043679237,0.006296654553807456,0.06615702311197917,0.9794233093659084
48202.920574858785,1813,118816768,118816768,2102.855400692938,2963.2898123526174,1798,100,8.580000066757203,5.589597420004199,17.0,0.0,7.380000126361847,5.371740951298862,15.0,0.0,-0.00489472695577812,0.2739837768021971,2.354457413156827,0.012308217701502146,0.112548828125,0.9869018426785866
48262.92067458574,1815,118961664,118947840,2414.92931944097,2184.5297023918315,1806,100,8.829999923706055,5.398249715594643,17.0,0.0,8.2,5.39999995935936,16.0,0.0,-0.004275484126992524,0.28733760747127235,2.31328247487545,0.007606793021598908,0.08545430501302083,0.9854126485685507
48322.92095546145,1817,119136256,119078912,2909.8530448825395,2184.5231070085924,1806,100,8.829999923706055,5.398249715594643,17.0,0.0,8.2,5.39999995935936,16.0,0.0,-0.0036119941966414135,0.23240792130430538,2.3289810940623283,0.010118917246776011,0.10860188802083333,0.9892437358697256
48389.954152935185,1820,119275520,119275520,2077.537776033544,2932.9945073414738,1813,100,9.15999994277954,5.121952860330644,16.0,0.0,8.97999997138977,4.987945431624585,16.0,0.0,-0.0044871691934531555,0.267602730775252,2.323917828500271,0.010419328678229553,0.11357625325520834,0.9852228239178658
48449.95450758282,1822,119426816,119406592,2521.585095430098,2184.5204210832662,1813,100,9.15999994277954,5.121952860330644,16.0,0.0,8.97999997138977,4.987945431624585,16.0,0.0,-0.0026054561264269673,0.4625271088443696,2.3307141164938607,0.010790830713328129,0.10759989420572917,0.9743344535430272
48509.954851990566,1824,119602944,119537664,2935.449816805815,2184.520793902002,1813,100,9.15999994277954,5.121952860330644,16.0,0.0,8.97999997138977,4.987945431624585,16.0,0.0,-0.002003877018675363,0.25660293688997626,2.3314953570564585,0.00846749924979425,0.08137003580729167,0.9860702287405729
48574.84561863635,1827,119734272,119734272,2023.8318452435349,3029.8301308909063,1819,100,9.099999856948852,5.189412317558434,17.0,0.0,7.500000095367431,5.46534541393632,15.0,0.0,-0.0029348280004342087,0.24733526213094595,2.32439224421978,0.010051852557201832,0.1017303466796875,0.985228655859828
48634.84572388977,1829,119886592,119865344,2538.6622132852976,2184.529501179954,1819,100,9.099999856948852,5.189412317558434,17.0,0.0,7.500000095367431,5.46534541393632,15.0,0.0,-0.006907144163657601,0.2724181207207342,2.3324436619877815,0.010957328515360132,0.10282389322916667,0.9841328989714384
48706.580288304016,1832,120061952,120061952,2444.5677119797233,2740.7708070079234,1825,100,9.409999990463257,5.2423181851265195,16.0,0.0,7.259999990463257,5.687916914125078,16.0,0.0,-0.004719767200488908,0.2223432471510023,2.337217112382253,0.011724173857752856,0.11149088541666666,0.9884017656246822
48766.58066323958,1834,120210944,120193024,2483.1844827636173,2184.519682431224,1825,100,9.409999990463257,5.2423181851265195,16.0,0.0,7.259999990463257,5.687916914125078,16.0,0.0,-0.006192331655862897,0.18331803559946516,2.3422636787096662,0.010804192602639281,0.10420735677083333,0.9908267706632614
48838.50200940948,1837,120389632,120389632,2484.491872244628,2733.6529482577,1825,100,9.409999990463257,5.2423181851265195,16.0,0.0,7.259999990463257,5.687916914125078,16.0,0.0,-0.007281504202789317,0.19424650577517846,2.314563992122809,0.009898003881365488,0.10235087076822917,0.9884551900128523
48898.5022815587,1839,120541952,120520704,2538.6551517830053,2184.5234247275607,1831,100,8.810000085830689,5.507622112261916,16.0,0.0,9.069999933242798,5.079872086042895,16.0,0.0,-0.003565710826175443,0.2439042739570141,2.3327829663952193,0.010434311130666174,0.09095255533854167,0.9862047756711642
48970.031948212534,1842,120717312,120717312,2451.5702114012297,2748.6217844615244,1831,100,8.810000085830689,5.507622112261916,16.0,0.0,9.069999933242798,5.079872086042895,16.0,0.0,-0.0042207185955097275,0.2546116762484113,2.3342201163371405,0.010019917752894495,0.1000823974609375,0.9859193333735069
49030.03241293784,1844,120868352,120848384,2517.313835675868,2184.5164133322787,1837,100,8.97000002861023,5.448770612381107,17.0,0.0,7.590000057220459,5.471919280822676,15.0,0.0,-0.007098247381994345,0.2301093453230957,2.318185475965341,0.009710019349464952,0.11214701334635416,0.9870852728684744
49101.73461576551,1847,121044992,121044992,2463.5226399464973,2742.007807940449,1837,100,8.97000002861023,5.448770612381107,17.0,0.0,7.590000057220459,5.471919280822676,15.0,0.0,-0.004674250766887174,0.19596469953345755,2.3377799888451896,0.007598610862866432,0.08311971028645833,0.989755888779958
49161.73508505151,1849,121197568,121176064,2542.9134441055794,2184.51624728533,1837,100,8.97000002861023,5.448770612381107,17.0,0.0,7.590000057220459,5.471919280822676,15.0,0.0,-0.006333104087389074,0.2143974533925454,2.3325756763418513,0.011197299891136936,0.10742696126302083,0.9899956285953522
49233.945193413645,1852,121372672,121372672,2424.9236564199896,2722.7212984364796,1843,100,9.22000002861023,5.152824327425803,16.0,0.0,7.689999914169311,5.375304610559069,15.0,0.0,-0.0056979881968194,0.19278768287040293,2.34966242313385,0.009386269170136076,0.10333760579427083,0.9909320424000422
49293.94559369236,1854,121522688,121503744,2500.249986719041,2184.5187597272165,1843,100,9.22000002861023,5.152824327425803,16.0,0.0,7.689999914169311,5.375304610559069,15.0,0.0,-0.0035849333750472097,0.22012810944579542,2.3074681237339973,0.009049265544187316,0.1068878173828125,0.9882866038630406
49353.94608312752,1856,121697536,121634816,2914.109562205401,2184.5155136883823,1849,100,8.709999942779541,5.61835384490334,17.0,0.0,7.959999942779541,5.349616850241051,16.0,0.0,-0.006059864933680122,0.23797711885223788,2.3016570061445236,0.009049474062824933,0.09508260091145833,0.9856002777814866
49420.646541283466,1859,121831424,121831424,2007.3025538590953,2947.625929949876,1849,100,8.709999942779541,5.61835384490334,17.0,0.0,7.959999942779541,5.349616850241051,16.0,0.0,-0.005599805115101238,0.2988844135931383,2.3432145714759827,0.009245690681685423,0.10178629557291667,0.9850316184262435
49480.65191136859,1861,121982208,121962496,2512.8417637636044,2184.3378319982435,1854,100,8.580000019073486,5.648327256667468,16.0,0.0,8.290000009536744,5.374560366449953,16.0,0.0,-0.005786815536945748,0.2028487768645088,2.348709208269914,0.009912776346633716,0.11219278971354166,0.9893463005622228
49540.6521850694,1863,122154752,122093568,2875.7202152177733,2184.523368236647,1854,100,8.580000019073486,5.648327256667468,16.0,0.0,8.290000009536744,5.374560366449953,16.0,0.0,-0.0030750443668997227,0.3549934579835584,2.359237064917882,0.006512296364841555,0.06911722819010417,0.9825030112018188
49605.482852128334,1866,122290176,122290176,2088.8879621875044,3032.638856257095,1854,100,8.580000019073486,5.648327256667468,16.0,0.0,8.290000009536744,5.374560366449953,16.0,0.0,-0.004515254465028798,0.17644555028527975,2.327533572912216,0.0076028998500987655,0.07785542805989583,0.9906856020291646
49665.48343921825,1868,122440192,122421248,2500.242202216819,2184.5119582508723,1861,100,8.170000028610229,5.55887567629696,16.0,0.0,7.400000047683716,5.449770596582154,14.0,0.0,-0.004625196277629584,0.17780431973127028,2.342844121158123,0.011874800689838594,0.11366271972656249,0.9910069337735574
49725.48399709351,1870,122617088,122552320,2948.2392541709573,2184.5130219038065,1861,100,8.170000028610229,5.55887567629696,16.0,0.0,7.400000047683716,5.449770596582154,14.0,0.0,-0.003772913648087221,0.2103474079631269,2.3468592390418057,0.011813928690874793,0.11074320475260416,0.9888686736424763
49790.844673831016,1873,122748928,122748928,2017.1149777026974,3008.047190049848,1866,100,9.770000171661376,5.051445299285777,17.0,0.0,8.129999923706055,5.30406438574954,15.0,0.0,-0.002896353934678094,0.34718951551864546,2.2901956662535663,0.010232648530897373,0.09308878580729166,0.9775546646366516
49850.84471444879,1875,122900992,122880000,2534.3982843064955,2184.531854486407,1866,100,9.770000171661376,5.051445299285777,17.0,0.0,8.129999923706055,5.30406438574954,15.0,0.0,-0.002677840277707825,0.32907703635282815,2.343917712569237,0.00844898075592937,0.09747823079427083,0.9827790328611931
49910.84494094644,1877,123074560,123011072,2892.7890798345175,2184.5250868366857,1866,100,9.770000171661376,5.051445299285777,17.0,0.0,8.129999923706055,5.30406438574954,15.0,0.0,-0.006155438961286563,0.25195137139720225,2.3238158499201136,0.010798572808198514,0.10265096028645834,0.9863096829503775
49976.94789236039,1880,123207680,123207680,2013.8283866687295,2974.269617233816,1872,100,8.950000047683716,5.348597894709102,17.0,0.0,8.139999985694885,5.334829025811601,15.0,0.0,-0.004590466329924918,0.23495263163931668,2.3600671241680784,0.01270654215174242,0.12008158365885416,0.9875945144643387
50036.951255710796,1882,123358976,123338752,2521.458657516663,2184.410884346077,1872,100,8.950000047683716,5.348597894709102,17.0,0.0,8.139999985694885,5.334829025811601,15.0,0.0,-0.003692020681531479,0.2668236065655947,2.34524334470431,0.007278012248813562,0.06907653808593749,0.9845855341603359
50108.92564064637,1885,123535360,123535360,2450.6496326142783,2731.6384874423306,1872,100,8.950000047683716,5.348597894709102,17.0,0.0,8.139999985694885,5.334829025811601,15.0,0.0,-0.005622145055288759,0.2509165566880256,2.348498155673345,0.011927410647331271,0.12606302897135416,0.9849734517435232
50168.92601205502,1887,123686144,123666432,2513.051110518045,2184.5198108408135,1877,100,8.739999914169312,5.66324994189331,17.0,0.0,7.239999938011169,5.716852185342772,16.0,0.0,-0.005488409393971476,0.24643350990178686,2.3142359231909118,0.007366135291401103,0.06878662109375,0.9858568720519542
50240.991567139514,1890,123863040,123863040,2454.6539576721466,2728.182691016221,1877,100,8.739999914169312,5.66324994189331,17.0,0.0,7.239999938011169,5.716852185342772,16.0,0.0,-0.005494694426791588,0.20355260636036593,2.31538083901008,0.01153740111597775,0.11292012532552083,0.9885347901533048
50300.99194024224,1892,124008960,123994112,2431.9848769969385,2184.5197491621625,1877,100,8.739999914169312,5.66324994189331,17.0,0.0,7.239999938011169,5.716852185342772,16.0,0.0,-0.005224026904519027,0.1761437689419836,2.350191024442514,0.011788984647864709,0.12308247884114583,0.9907813301930825
50360.99205978587,1894,124185088,124125184,2935.4608180724217,2184.5289808911043,1885,100,7.540000057220459,5.760937289498824,16.0,0.0,6.489999938011169,5.661263104687405,16.0,0.0,-0.0054773374734698645,0.14920493758593997,2.3174652357896166,0.00899271815554433,0.09698994954427084,0.9919154848903418
50427.043944590725,1897,124321792,124321792,2069.645709640029,2976.569110493525,1885,100,7.540000057220459,5.760937289498824,16.0,0.0,6.489999938011169,5.661263104687405,16.0,0.0,-0.005362185824196786,0.23054573444339138,2.3429488192001977,0.008575064050091896,0.08532206217447916,0.9889277325322231
50487.043979525566,1899,124466944,124452864,2419.198591428027,2184.5320613953263,1885,100,7.540000057220459,5.760937289498824,16.0,0.0,6.489999938011169,5.661263104687405,16.0,0.0,-0.0028902876195691833,0.21857077853443724,2.3350373283028603,0.011684086914707828,0.1289520263671875,0.9881419092416763
50547.044087095186,1901,124645120,124583936,2969.594676030485,2184.5294168500122,1893,100,8.95,5.322358411480387,16.0,0.0,7.619999933242798,5.49505228962673,16.0,0.0,-0.0072142964248390245,0.24929860373958945,2.3594202399253845,0.009848110254703593,0.10316975911458333,0.9869116445382436
50613.303684709594,1904,124780544,124780544,2043.8397587031723,2967.238061784568,1893,100,8.95,5.322358411480387,16.0,0.0,7.619999933242798,5.49505228962673,16.0,0.0,-0.006655509253808608,0.20109622545229894,2.346327039102713,0.00856881611434801,0.08722941080729167,0.990476700787743
50673.30426131189,1906,124933888,124911616,2555.7087728742686,2184.512340086186,1899,100,8.730000114440918,5.353232669946438,16.0,0.0,8.139999985694885,5.630310764876238,16.0,0.0,-0.002964620112228052,0.20683850922311348,2.3304411197702093,0.010467283254304979,0.10214742024739584,0.9906334883222977
50733.30454696249,1908,125107968,125042688,2901.319520605468,2184.522933161764,1899,100,8.730000114440918,5.353232669946438,16.0,0.0,8.139999985694885,5.630310764876238,16.0,0.0,-0.00538281055924017,0.17689786843645075,2.3311690613627434,0.006383540072420147,0.06673685709635417,0.9910270341982444
50799.249100526795,1911,125239296,125239296,1991.4912286416784,2981.4137691945593,1899,100,8.730000114440918,5.353232669946438,16.0,0.0,8.139999985694885,5.630310764876238,16.0,0.0,-0.004247826773886724,0.21066359616816044,2.293056070804596,0.0079140413896918,0.07621256510416667,0.9879948794841766
50859.249147425406,1913,125385728,125370368,2440.5314257077716,2184.531625808355,1905,100,8.809999990463258,5.406838223103749,16.0,0.0,8.110000014305115,5.427513249906435,16.0,0.0,-0.003084764740682052,0.26411389342198766,2.3143863206108413,0.006851369522943665,0.07750956217447917,0.9874461181461812
50919.24941965565,1915,125557760,125501440,2867.186991083041,2184.523421777555,1905,100,8.809999990463258,5.406838223103749,16.0,0.0,8.110000014305115,5.427513249906435,16.0,0.0,-0.004584934053127654,0.2304877545684576,2.329302310943603,0.013846113921924067,0.14078267415364584,0.9888711205373207
50985.995734245516,1918,125698048,125698048,2101.808929257358,2945.600835163597,1911,100,9.329999923706055,5.422278036291687,17.0,0.0,8.469999980926513,5.330018784226055,16.0,0.0,-0.004728576602550068,0.25709503958933055,2.3310132374366126,0.012951845654849118,0.1283111572265625,0.9873968716710806
51045.996098866686,1920,125853696,125829120,2594.1175688302883,2184.520057962348,1911,100,9.329999923706055,5.422278036291687,17.0,0.0,8.469999980926513,5.330018784226055,16.0,0.0,-0.004557047759590205,0.21752980087573331,2.33062485853831,0.009405823987132559,0.09383646647135417,0.9893321686734755
51117.70330387261,1923,126025728,126025728,2399.089463684911,2741.8165299256125,1911,100,9.329999923706055,5.422278036291687,17.0,0.0,8.469999980926513,5.330018784226055,16.0,0.0,-0.005304873132748374,0.27367220539599657,2.355479752024015,0.01029529639284495,0.1130218505859375,0.9875627321501572
51177.70355126262,1925,126173184,126156800,2457.5898669469925,2184.5243261751048,1916,100,8.959999990463256,5.617686275882275,17.0,0.0,7.840000057220459,5.520362223321687,15.0,0.0,-0.0038194531443878077,0.22250019712373614,2.29571055372556,0.009950620464830232,0.08050537109375,0.988441010316213
51237.70391385723,1927,126348800,126287872,2926.91564526929,2184.5201317461756,1916,100,8.959999990463256,5.617686275882275,17.0,0.0,7.840000057220459,5.520362223321687,15.0,0.0,-0.004560644813561036,0.23168927058577538,2.318328494826953,0.010045678559739219,0.11140950520833333,0.9889230926831564
51303.95392570272,1930,126484480,126484480,2047.999633817918,2967.667393909738,1916,100,8.959999990463256,5.617686275882275,17.0,0.0,7.840000057220459,5.520362223321687,15.0,0.0,-0.004843818271183409,0.3544952018807332,2.28285181025664,0.008718502048092583,0.1029205322265625,0.9821560432513555
51363.95417289343,1932,126630912,126615552,2440.523278755444,2184.524333431447,1923,100,9.009999990463257,5.447008328783585,17.0,0.0,7.300000023841858,5.575840741615554,16.0,0.0,-0.005953189878103633,0.2949500856921077,2.352414051691691,0.008895583558720924,0.08738199869791667,0.9871424324810505
51423.95431416202,1934,126806272,126746624,2922.6597853325898,2184.5281899128263,1923,100,9.009999990463257,5.447008328783585,17.0,0.0,7.300000023841858,5.575840741615554,16.0,0.0,-0.0067720383740379475,0.24019447395888466,2.317847443123658,0.010702213521047573,0.11285909016927084,0.9877301007509232
51489.24016129691,1937,126943232,126943232,2097.8513109744085,3011.4949660342913,1930,100,9.27999997138977,5.132406725132055,16.0,0.0,7.88999993801117,5.384969811953149,15.0,0.0,-0.005478778955875896,0.24260367817866307,2.297525701423486,0.0064562921149142,0.06755574544270833,0.9878981554259857
51549.24063922651,1939,127090688,127074304,2457.5804241595324,2184.515932586251,1930,100,9.27999997138977,5.132406725132055,16.0,0.0,7.88999993801117,5.384969811953149,15.0,0.0,-0.0047119717370757526,0.27465006584922474,2.3460783337553344,0.010880249362041164,0.11023457845052083,0.9873555010805527
51609.24147600774,1941,127259648,127205376,2815.960727615495,2184.5028674835357,1930,100,9.27999997138977,5.132406725132055,16.0,0.0,7.88999993801117,5.384969811953149,15.0,0.0,-0.004436266429062623,0.22638639730090895,2.2989686156312623,0.011558597670349021,0.11946614583333334,0.9887689637641112
51675.84936078824,1944,127401984,127401984,2136.924186514055,2951.722617343155,1936,100,9.220000076293946,5.258478788353148,16.0,0.0,8.519999885559082,5.048722557573181,15.0,0.0,-0.005467386610689573,0.2263204947424432,2.3638531242807703,0.009939060091104087,0.09993489583333333,0.990384733925263
51735.84964225441,1946,127551232,127533056,2487.4549977594315,2184.5230855108557,1936,100,9.220000076293946,5.258478788353148,16.0,0.0,8.519999885559082,5.048722557573181,15.0,0.0,-0.003705190856029124,0.29522250103764236,2.3511634543538094,0.010401687452637514,0.1082000732421875,0.985147483025988
51795.85393301584,1948,127724800,127664128,2892.593142882019,2184.377122648368,1942,100,9.450000047683716,5.052474645639943,16.0,0.0,8.380000019073487,5.324997612839261,15.0,0.0,-0.005901637865463272,0.19227749466275176,2.3773238634069758,0.01109203310564529,0.11614990234375,0.990602987507979
51862.06570268795,1951,127860736,127860736,2053.048886522333,2969.3814403938827,1942,100,9.450000047683716,5.052474645639943,16.0,0.0,8.380000019073487,5.324997612839261,15.0,0.0,-0.002990461087999089,0.24847167474217713,2.3249401450157166,0.011370641725079622,0.10728963216145834,0.9878409821540117
51922.06756558642,1953,128006912,127991808,2436.1910270577596,2184.465509375784,1942,100,9.450000047683716,5.052474645639943,16.0,0.0,8.380000019073487,5.324997612839261,15.0,0.0,-0.002948112681527467,0.3264978483784944,2.3292156706253686,0.00784770578199338,0.08246866861979167,0.9830695670098066
51982.06789290253,1955,128187392,128122880,3007.9835906417284,2184.5214161823615,1947,100,8.430000114440919,5.544826425882406,16.0,0.0,7.389999961853027,5.587298157600431,15.0,0.0,-0.006145064609881956,0.2103458334070941,2.362574204802513,0.008804451453518899,0.09955342610677083,0.9896858191738527
52047.81121756043,1958,128319488,128319488,2009.2686320225898,2990.539359289436,1947,100,8.430000114440919,5.544826425882406,16.0,0.0,7.389999961853027,5.587298157600431,15.0,0.0,-0.003121360551934534,0.30086202158903086,2.3330332537492118,0.00865187078791981,0.10333251953125,0.9838328963766496
52107.811484050006,1960,128475648,128450560,2602.655106992539,2184.52363078718,1954,100,9.530000066757202,5.004907569475811,16.0,0.0,8.509999990463257,5.214393555998578,15.0,0.0,-0.0052759603240701836,0.19371042090157664,2.3412954782446227,0.010526872802074648,0.10838317871093751,0.9904247205704451
52179.24172913376,1963,128647168,128647168,2401.223736512192,2752.447506927408,1954,100,9.530000066757202,5.004907569475811,16.0,0.0,8.509999990463257,5.214393555998578,15.0,0.0,-0.00601023369866501,0.2963642840428899,2.3205970401565232,0.010747174987045584,0.1080322265625,0.9849148206412792
52239.242091475986,1965,128797696,128778240,2508.7848493553224,2184.5201409352467,1958,100,9.649999952316284,5.117372281100112,17.0,0.0,8.859999942779542,4.855965464388986,15.0,0.0,-0.002813352936451944,0.2681193030439317,2.340262991686662,0.012142364505052685,0.10630289713541667,0.9878735591967901
52311.36462072097,1968,128974848,128974848,2456.2643858240212,2726.0275264636534,1958,100,9.649999952316284,5.117372281100112,17.0,0.0,8.859999942779542,4.855965464388986,15.0,0.0,-0.004160797766720256,0.25024971590998274,2.3240751847624774,0.013541084644505949,0.12593587239583334,0.987317131832242
52371.365263883956,1970,129122816,129105920,2466.1068981886388,2184.5099167345725,1963,100,8.849999952316285,5.316718915424499,16.0,0.0,7.969999980926514,5.42854479626769,15.0,0.0,-0.005496467994817067,0.20810954505577686,2.318312662343184,0.00918862211619853,0.10355631510416667,0.9887263358881075
52443.16501303855,1973,129302528,129302528,2502.9613907570674,2738.2825471530314,1963,100,8.849999952316285,5.316718915424499,16.0,0.0,7.969999980926514,5.42854479626769,15.0,0.0,-0.005144669727693933,0.2914034541075428,2.322635732591152,0.005845336438142112,0.06792704264322917,0.9847285406043133
52503.16508927476,1975,129455872,129433600,2555.730086014026,2184.5305576614046,1968,100,8.570000076293946,5.433700388772247,17.0,0.0,8.1,5.397221416933,16.0,0.0,-0.002555924887322665,0.3030610606074333,2.355817556381225,0.0067202094129849375,0.065155029296875,0.9859895122547945
52575.31767277513,1978,129630208,129630208,2416.212858117618,2724.8920338242738,1968,100,8.570000076293946,5.433700388772247,17.0,0.0,8.1,5.397221416933,16.0,0.0,-0.00482820934606328,0.221813758291925,2.352364366253217,0.009295412524807036,0.0965423583984375,0.9885550712545713
52635.31793495454,1980,129783808,129761280,2559.9888137273038,2184.5237877139657,1968,100,8.570000076293946,5.433700388772247,17.0,0.0,8.1,5.397221416933,16.0,0.0,-0.005813728256422715,0.22960835640939573,2.3294329966108003,0.01216306513864159,0.11760965983072917,0.987710978835821
52707.37327309325,1983,129957888,129957888,2415.9209365568017,2728.569528346505,1974,100,9.579999876022338,5.071843798850003,17.0,0.0,7.829999923706055,5.411201327602113,15.0,0.0,-0.005378193287469912,0.2591395589212577,2.314278468489647,0.010635565867535965,0.10811360677083334,0.9861857704818249
52767.373530469835,1985,130101248,130088960,2389.323084069878,2184.523962578174,1974,100,9.579999876022338,5.071843798850003,17.0,0.0,7.829999923706055,5.411201327602113,15.0,0.0,-0.004932782282897582,0.26684231512869394,2.3332516054312387,0.010246589000720025,0.10439046223958334,0.9870164344708124
52827.37625908945,1987,130280704,130220032,2990.7973208628755,2184.433991842785,1980,100,9.379999923706055,5.2379003241001305,17.0,0.0,7.500000095367431,5.52901437122017,15.0,0.0,-0.004390846409175235,0.24817820615135133,2.294311096270879,0.013392308300656927,0.137786865234375,0.9871039061496655
52893.92516542133,1990,130416640,130416640,2042.6481439391669,2954.338558465688,1980,100,9.379999923706055,5.2379003241001305,17.0,0.0,7.500000095367431,5.52901437122017,15.0,0.0,-0.0047363971049586935,0.1733580968187501,2.3074765553077063,0.012706508567134733,0.1280517578125,0.9916009455919266
52953.925241771154,1992,130562048,130547712,2423.4635828163396,2184.5305535245875,1980,100,9.379999923706055,5.2379003241001305,17.0,0.0,7.500000095367431,5.52901437122017,15.0,0.0,-0.00512288666019837,0.20051442692056298,2.312059037387371,0.011851588992916126,0.12075297037760417,0.9905734304338694
53013.925480149686,1994,130737920,130678784,2931.188354460373,2184.5246542703217,1987,100,8.92999997138977,5.357714006086822,16.0,0.0,7.790000033378601,5.528643617962249,16.0,0.0,-0.006119310690943773,0.1829940808626513,2.304747022688389,0.010276961330115833,0.10750834147135416,0.9906555513540904
53079.629355869256,1997,130875392,130875392,2092.2966643055206,2992.3348942023085,1987,100,8.92999997138977,5.357714006086822,16.0,0.0,7.790000033378601,5.528643617962249,16.0,0.0,-0.0035336402615939733,0.2250861410672466,2.3080582742889724,0.013253682597375397,0.13116455078125,0.9886644842724005
53139.6296212608,1999,131024640,131006464,2487.455664171698,2184.5236707648533,1987,100,8.92999997138977,5.357714006086822,16.0,0.0,7.790000033378601,5.528643617962249,16.0,0.0,-0.004312919450361127,0.17278252390678972,2.329707570374012,0.00874371930937438,0.09348042805989584,0.9916275907307863
53199.6299097212,2001,131193088,131137536,2807.4531693487575,2184.5228308610394,1993,100,7.930000114440918,5.604025330434759,16.0,0.0,7.719999980926514,5.291653767677853,15.0,0.0,-0.00540913773390154,0.22638533466185132,2.3125732342402143,0.011874141978599559,0.11292012532552084,0.988953006764253
53266.347645774484,2004,131334144,131334144,2114.2204208990725,2946.8625830317383,1993,100,7.930000114440918,5.604025330434759,16.0,0.0,7.719999980926514,5.291653767677853,15.0,0.0,-0.0070717407822182094,0.16367689927574247,2.304122137526671,0.009663029679965499,0.10313924153645833,0.9919530693441629
53326.34767732397,2006,131482880,131465216,2478.932029849579,2184.5321846522966,1993,100,7.930000114440918,5.604025330434759,16.0,0.0,7.719999980926514,5.291653767677853,15.0,0.0,-0.005408604915525453,0.22317795959922176,2.2980524723728495,0.010650566745728913,0.10866800944010417,0.9891805027921995
53398.68637335114,2009,131661824,131661824,2473.696787854433,2717.881449316458,2000,100,8.190000057220459,5.673966889219248,17.0,0.0,7.899999904632568,5.399074009084364,15.0,0.0,-0.005694239118990178,0.18333299923688173,2.311916080613931,0.012863213968860995,0.11127726236979167,0.99150452700754
53458.68679186143,2011,131813376,131792896,2525.8490484364547,2184.518095945042,2000,100,8.190000057220459,5.673966889219248,17.0,0.0,7.899999904632568,5.399074009084364,15.0,0.0,-0.0053043717198306695,0.27883592674819135,2.327019197245439,0.012447662939545504,0.10767110188802083,0.9871980945269268
53530.131946537644,2014,131989504,131989504,2465.2196611261315,2751.8731100942864,2000,100,8.190000057220459,5.673966889219248,17.0,0.0,7.899999904632568,5.399074009084364,15.0,0.0,-0.004008863812487107,0.22220280727682015,2.30191300312678,0.012277531115614693,0.11284891764322917,0.9885927258680264
53590.13248765655,2016,132139520,132120576,2500.244117844014,2184.513631972927,2007,100,8.860000038146973,5.455309350120113,17.0,0.0,7.5,5.369357471517007,15.0,0.0,-0.004486394808433639,0.19405469042249027,2.316267261902491,0.011797616796684451,0.11580912272135417,0.9905626351634661
53650.13265073113,2018,132312832,132251648,2888.525482581866,2184.5273959851042,2007,100,8.860000038146973,5.455309350120113,17.0,0.0,7.5,5.369357471517007,15.0,0.0,-0.00634642927616369,0.22482299734838307,2.320196121931076,0.01172885761964911,0.11408487955729166,0.9888571289678415
53716.39567418117,2021,132448256,132448256,2043.7340910365542,2967.084653905621,2014,100,9.120000076293945,5.290141858456417,16.0,0.0,7.66000006198883,5.310781333316255,14.0,0.0,-0.004453913468751125,0.26220107373471063,2.353015142182509,0.007267779470566893,0.08020528157552083,0.9875158506135145
53776.395863649435,2023,132597504,132579328,2487.458811758262,2184.5264350261236,2014,100,9.120000076293945,5.290141858456417,16.0,0.0,7.66000006198883,5.310781333316255,14.0,0.0,-0.005368444804238,0.24830190868427357,2.3196103324492774,0.009738978764289639,0.10083516438802083,0.9865669757127762
53848.86029738281,2026,132775936,132775936,2462.338982134655,2713.165478162719,2014,100,9.120000076293945,5.290141858456417,16.0,0.0,7.66000006198883,5.310781333316255,14.0,0.0,-0.0035407002360443585,0.3360073391037683,2.297254820664724,0.006991966057588192,0.07467142740885417,0.982002405449748
53908.86073068902,2028,132925952,132907008,2500.248610445853,2184.517557249619,2020,100,7.759999990463257,5.510208618566249,16.0,0.0,7.190000033378601,5.434510161377308,15.0,0.0,-0.004871784614806529,0.2797656982050588,2.3145360300938287,0.012174887703319351,0.10998026529947917,0.9869433026760817
53968.8609202262,2030,133095168,133038080,2820.2577576048475,2184.5264325169164,2020,100,7.759999990463257,5.510208618566249,16.0,0.0,7.190000033378601,5.434510161377308,15.0,0.0,-0.007462586601225969,0.17700755518550673,2.3043333142995834,0.009503110371952062,0.0967559814453125,0.9914265405386686
54035.56528686453,2033,133234688,133234688,2091.6171913674757,2947.4532164591214,2020,100,7.759999990463257,5.510208618566249,16.0,0.0,7.190000033378601,5.434510161377308,15.0,0.0,-0.0023309408522133404,0.24717634179008505,2.320757674674193,0.008884027203142372,0.07605997721354167,0.9874655958265066
54095.56555534899,2035,133384448,133365760,2495.9888310962015,2184.523558155992,2020,100,7.759999990463257,5.510208618566249,16.0,0.0,7.190000033378601,5.434510161377308,15.0,0.0,-0.006087889889992463,0.22482950806928176,2.3218413392702737,0.011626756329254325,0.11248779296874999,0.9895172876616319
54167.94858221803,2038,133562368,133562368,2458.0348141825216,2716.216888190182,2028,100,8.42999997138977,5.484988612587878,16.0,0.0,7.240000009536743,5.632264198691211,16.0,0.0,-0.004881735777113742,0.2459255818588038,2.321750027438005,0.007116732815726816,0.07281494140625,0.9873867177714903
54227.94862945471,2040,133719552,133693440,2619.731270876495,2184.531613499618,2028,100,8.42999997138977,5.484988612587878,16.0,0.0,7.240000009536743,5.632264198691211,16.0,0.0,-0.005091043858556077,0.20403948744448525,2.3200711458921437,0.010039795761864905,0.10413106282552083,0.9900509249418975
54298.57511284668,2043,133890048,133890048,2414.0519506509067,2783.7716187686133,2035,100,8.340000009536743,5.466662615835863,16.0,0.0,7.55,5.439439242776573,15.0,0.0,-0.0033515549924535057,0.27623902703635395,2.2808299735188484,0.007607695342206473,0.0751953125,0.984712935363253
54358.57538164221,2045,134041344,134021120,2521.588703470571,2184.523546830681,2035,100,8.340000009536743,5.466662615835863,16.0,0.0,7.55,5.439439242776573,15.0,0.0,-0.003680397744271128,0.2751844475666682,2.3049149562915168,0.007881033548983396,0.07913716634114583,0.984629570816954
54418.575611834414,2047,134217472,134152192,2935.4554046840403,2184.524952323007,2042,100,9.569999980926514,5.014489022043046,17.0,0.0,9.129999923706055,4.991302374659035,16.0,0.0,-0.002790183537096406,0.24261096981354058,2.3215564986069994,0.008948804131553818,0.08801778157552083,0.9868784273664156
54483.97852811031,2050,134348800,134348800,2007.983855735194,3006.104485779004,2042,100,9.569999980926514,5.014489022043046,17.0,0.0,9.129999923706055,4.991302374659035,16.0,0.0,-0.004311711032642052,0.2124170040866981,2.273251046737035,0.012270665573547982,0.11982727050781251,0.9872613530606031
54543.97864037659,2052,134494464,134479872,2427.7287907986733,2184.529245850476,2046,100,9.619999933242799,5.049316740990698,16.0,0.0,8.189999914169311,5.270094845938289,16.0,0.0,-0.004237247892888263,0.22656678703303137,2.293902327617009,0.00572626005547742,0.05216979980468749,0.988483615219593
54616.4274038272,2055,134676480,134676480,2512.3410163389526,2713.752321446295,2046,100,9.619999933242799,5.049316740990698,16.0,0.0,8.189999914169311,5.270094845938289,16.0,0.0,-0.004012505628149181,0.2254036320373416,2.274029441177845,0.00478161249520781,0.0435028076171875,0.9882681220769882
54676.42763133068,2057,134826752,134807552,2504.523836868584,2184.525050215869,2052,100,9.72000002861023,5.126558317597176,17.0,0.0,8.040000009536744,5.310216482315278,15.0,0.0,-0.006928838295910585,0.13136304239742458,2.2904784207542734,0.008949788893611792,0.09597269694010417,0.9933681922654312
54748.97440792341,2060,135004160,135004160,2445.429119421064,2710.0859505272397,2052,100,9.72000002861023,5.126558317597176,17.0,0.0,8.040000009536744,5.310216482315278,15.0,0.0,-0.0031316058569548963,0.19809165767704448,2.321583521862825,0.013304101064932183,0.12725321451822916,0.990220441793402
54808.976685634814,2062,135158016,135135232,2564.169326037971,2184.450407539836,2052,100,9.72000002861023,5.126558317597176,17.0,0.0,8.040000009536744,5.310216482315278,15.0,0.0,-0.003002218232722953,0.1813412953633815,2.284027310709159,0.006812786970234205,0.07137044270833333,0.9910223794480165
54868.977022449486,2064,135330560,135266304,2875.717190270975,2184.5210703542125,2057,100,9.719999980926513,5.108972570170574,17.0,0.0,8.429999923706054,5.204334715769079,16.0,0.0,-0.0037464022292018244,0.23133328487165272,2.3047464986642203,0.009290345091358176,0.08612569173177083,0.9889485314488411
54934.69497516751,2067,135462912,135462912,2013.9397915798866,2991.6939263701215,2057,100,9.719999980926513,5.108972570170574,17.0,0.0,8.429999923706054,5.204334715769079,16.0,0.0,-0.004861131848883814,0.21947133517824113,2.2801500062147775,0.00773139995544625,0.07316080729166667,0.9893199739356835
54994.695373583585,2069,135617024,135593984,2568.516277697224,2184.5188275431537,2063,100,9.6,5.165268681011732,17.0,0.0,8.309999990463258,5.375304578449409,16.0,0.0,-0.00368926743491708,0.2575698138680309,2.2783926824728646,0.010160244100916316,0.09936014811197917,0.9867687529573838
55066.58863949962,2072,135790592,135790592,2414.245587378283,2734.7206653488515,2063,100,9.6,5.165268681011732,17.0,0.0,8.309999990463258,5.375304578449409,16.0,0.0,-0.002653575948594759,0.1822339673526585,2.29856334378322,0.0074893319469993,0.08437601725260416,0.9913269927104313
55126.58890398592,2074,135937792,135921664,2453.322518830155,2184.5237037235465,2063,100,9.6,5.165268681011732,17.0,0.0,8.309999990463258,5.375304578449409,16.0,0.0,-0.0026315000286558643,0.27969841348628205,2.286823416749636,0.008880800850723366,0.09237162272135416,0.9846277001003425
55186.589176739566,2076,136115712,136052736,2965.319853303186,2184.523402721196,2069,100,9.25999994277954,5.320939755138728,17.0,0.0,7.270000004768372,5.635343799799918,16.0,0.0,-0.0032552192351431586,0.17628073738887906,2.3014255041877427,0.008244023330310785,0.0810089111328125,0.990543944761157
55253.26124874689,2079,136249344,136249344,2004.3174897178349,2948.880904412447,2069,100,9.25999994277954,5.320939755138728,17.0,0.0,7.270000004768372,5.635343799799918,16.0,0.0,-0.0033765006931692674,0.21394525794312358,2.319132735331853,0.011354192546302027,0.10842895507812501,0.989891953766346
55313.26442479901,2081,136395008,136380416,2427.604830008752,2184.4177029252737,2075,100,10.090000104904174,4.899173388808109,17.0,0.0,8.010000038146973,5.514517070364148,16.0,0.0,-0.0043496192956808954,0.2486311993561685,2.3361494566003485,0.009308322397070393,0.09796651204427083,0.9879206418991089
55373.264526139945,2083,136569088,136511488,2901.3284329444155,2184.5296436287363,2075,100,10.090000104904174,4.899173388808109,17.0,0.0,8.010000038146973,5.514517070364148,16.0,0.0,-0.0037141473148949444,0.1582829577382654,2.3303109804789224,0.009759441621402706,0.09873453776041667,0.9923475012183189
55440.69517443888,2086,136708096,136708096,2061.495825811263,2915.7068033573664,2080,100,9.510000085830688,5.064573079276721,17.0,0.0,8.039999961853027,5.342134292946102,16.0,0.0,-0.002776220751305421,0.1727133400272578,2.3354869733254113,0.010926307904204197,0.1138458251953125,0.9921891434739033
55500.6954030795,2088,136858880,136839168,2513.0570902176714,2184.525008814003,2080,100,9.510000085830688,5.064573079276721,17.0,0.0,8.039999961853027,5.342134292946102,16.0,0.0,-0.005391872977876726,0.15070381058224788,2.3130443145831427,0.012852647386049892,0.11136881510416666,0.9923338803152243
55573.37068108935,2091,137035776,137035776,2434.0601762270835,2705.294088773372,2080,100,9.510000085830688,5.064573079276721,17.0,0.0,8.039999961853027,5.342134292946102,16.0,0.0,-0.0032582976079235473,0.18267873410756388,2.3195409377415976,0.01038389741855402,0.088775634765625,0.9913284704089164
55633.37091745902,2093,137190144,137166848,2572.7898645085033,2184.5247274102053,2085,100,9.200000047683716,5.217279051422367,17.0,0.0,6.789999938011169,5.543094742033442,15.0,0.0,-0.004643403437512461,0.1720179662030811,2.291457695265611,0.013271427125800983,0.12409464518229166,0.9906318243592978
55704.75121491123,2096,137363456,137363456,2428.0089350430517,2754.373503859769,2085,100,9.200000047683716,5.217279051422367,17.0,0.0,6.789999938011169,5.543094742033442,15.0,0.0,-0.005394783128091755,0.21632658139181635,2.336438439786434,0.008143774701238726,0.07750447591145833,0.9889763916532198
55764.75166553259,2098,137514752,137494528,2521.581062028581,2184.5169268335594,2085,100,9.200000047683716,5.217279051422367,17.0,0.0,6.789999938011169,5.543094742033442,15.0,0.0,-0.006044536935708795,0.2728993225221833,2.35665321846803,0.009969109071486551,0.10110982259114584,0.9843343353519838
55837.36824004352,2101,137691136,137691136,2428.977147268858,2707.481058203894,2091,100,9.969999933242798,4.873304816405369,17.0,0.0,7.639999985694885,5.358208570124915,15.0,0.0,-0.004084096304723062,0.21249550526651245,2.3400414213538174,0.01114203793319272,0.10150655110677084,0.9892518085738022
55897.3683687672,2103,137842688,137822208,2525.8612476973763,2184.52864665719,2091,100,9.969999933242798,4.873304816405369,17.0,0.0,7.639999985694885,5.358208570124915,15.0,0.0,-0.004207103374938015,0.2586954226717353,2.352929669121901,0.00812816836090254,0.09055582682291666,0.9864989345272382
55970.058794660494,2106,138018816,138018816,2422.987592046201,2704.730335307387,2098,100,8.259999990463257,5.656182289832372,17.0,0.0,7.4999998807907104,5.602677838646313,16.0,0.0,-0.00413647384508901,0.25426911811033887,2.3302860533197722,0.005734886131904205,0.05297342936197917,0.987385431304574
56030.05905266479,2108,138170880,138149888,2534.3891019455327,2184.5239397240953,2098,100,8.259999990463257,5.656182289832372,17.0,0.0,7.4999998807907104,5.602677838646313,16.0,0.0,-0.0032274081737947804,0.2356813942703108,2.30390664190054,0.008346650069749256,0.07373555501302083,0.9872052576392889
56090.059663963504,2110,138345216,138280960,2905.570397142374,2184.511076853004,2105,100,9.059999895095824,5.362499403296242,17.0,0.0,6.899999880790711,5.636488249488777,16.0,0.0,-0.005995287375602251,0.1252405373767639,2.3370505968729653,0.011925499497010605,0.115234375,0.9938061473270258
56155.89064192958,2113,138477568,138477568,2010.482057067424,2986.557485160119,2105,100,9.059999895095824,5.362499403296242,17.0,0.0,6.899999880790711,5.636488249488777,16.0,0.0,-0.004078744241269305,0.22329746559262276,2.310486157735189,0.007131077200635143,0.06922403971354167,0.9886128852764765
56215.89090004377,2115,138625536,138608640,2466.122724312221,2184.523935722936,2105,100,9.059999895095824,5.362499403296242,17.0,0.0,6.899999880790711,5.636488249488777,16.0,0.0,-0.00538419209139344,0.18257420362594226,2.333402765293916,0.006490017694886774,0.0652618408203125,0.9911142271012069
56275.8912595585,2117,138803968,138739712,2973.8488476256643,2184.5202438799715,2110,100,8.420000076293945,5.5410828617898815,16.0,0.0,7.549999952316284,5.512485764150095,15.0,0.0,-0.00316998928853233,0.2996585292275995,2.3205020974079766,0.010934837893122069,0.10879007975260417,0.9851992422093947
56341.3255583765,2120,138936320,138936320,2022.670104070751,3004.6627464726052,2110,100,8.420000076293945,5.5410828617898815,16.0,0.0,7.549999952316284,5.512485764150095,15.0,0.0,-0.00563461781227185,0.17662954741778472,2.311973224083583,0.00810631642646816,0.09131368001302083,0.9908109108606974
56401.325658473186,2122,139087104,139067392,2513.062474179507,2184.5296889302335,2116,100,8.22000002861023,5.507413089623319,16.0,0.0,7.949999904632568,5.370986909972377,15.0,0.0,-0.0028848601505160327,0.2549251284605513,2.3353235150376954,0.013135164491662483,0.12795003255208331,0.9872613747914633
56461.32580040302,2124,139261696,139198464,2909.859783401347,2184.5281658379618,2116,100,8.22000002861023,5.507413089623319,16.0,0.0,7.949999904632568,5.370986909972377,15.0,0.0,-0.0018096056010108441,0.23148314623783034,2.341717541217804,0.012901061177520509,0.11297098795572917,0.988413071880738
56527.72908976488,2127,139395072,139395072,2008.575196827724,2960.8171807364533,2116,100,8.22000002861023,5.507413089623319,16.0,0.0,7.949999904632568,5.370986909972377,15.0,0.0,-0.005177618385156771,0.15292969338285425,2.3133000036080675,0.012348833279247629,0.12396240234375,0.9923731020341318
56587.72945635859,2129,139549696,139526144,2577.0509211556528,2184.5199861451893,2122,100,8.4,5.394441605514146,17.0,0.0,7.229999923706055,5.498827196047595,15.0,0.0,-0.0041561285058075255,0.1905774581246078,2.3257758418718972,0.011264624901741627,0.10926310221354166,0.990605960910519
56659.170267880894,2132,139722752,139722752,2422.368899686547,2752.0404067444797,2122,100,8.4,5.394441605514146,17.0,0.0,7.229999923706055,5.498827196047595,15.0,0.0,-0.0025838851021641553,0.289362836163491,2.2953385288516683,0.009315221668657614,0.09676106770833333,0.9839264303445815
56719.17047044728,2134,139869696,139853824,2449.058398384882,2184.525958141219,2128,100,8.869999933242799,5.36964607235797,16.0,0.0,8.300000023841857,5.384236205098684,15.0,0.0,-0.0026961987847850346,0.3109425404109061,2.311874618132909,0.007442272105132967,0.0749969482421875,0.9839417294909557
56779.17077317368,2136,140048640,139984896,2982.384952555522,2184.5223114569776,2128,100,8.869999933242799,5.36964607235797,16.0,0.0,8.300000023841857,5.384236205098684,15.0,0.0,-0.004951306994674573,0.2088789076854785,2.3398082057634992,0.011655952898460479,0.11233011881510416,0.98999647423625
56845.61335998867,2139,140181504,140181504,1999.6813244188052,2959.066006076382,2128,100,8.869999933242799,5.36964607235797,16.0,0.0,8.300000023841857,5.384236205098684,15.0,0.0,-0.00490684193209745,0.2758741678359608,2.3423063879211745,0.012090752319636522,0.117340087890625,0.9853064808994532
56905.61351907719,2141,140334592,140312576,2551.4599015335803,2184.527541112363,2134,100,9.150000095367432,5.185315750567717,17.0,0.0,8.009999990463257,5.410166329369916,16.0,0.0,-0.0031470110067554438,0.19806661487867433,2.327745981514454,0.010123213312302445,0.09650166829427083,0.9907760123411815
56965.613918200135,2143,140507904,140443648,2888.514118795591,2184.5188018070053,2134,100,9.150000095367432,5.185315750567717,17.0,0.0,8.009999990463257,5.410166329369916,16.0,0.0,-0.003255791438277811,0.2616464349751671,2.3249460731943445,0.013109151550452225,0.11940002441406249,0.9872449475030104
57031.59110303968,2146,140640256,140640256,2006.026785196635,2979.939208957477,2139,100,8.940000104904176,5.362499407798615,17.0,0.0,7.5,5.465345282938907,15.0,0.0,-0.0028230361979998024,0.3072985866262267,2.32467241336902,0.008103816401368627,0.07073974609375001,0.9846778195351362
57091.59111866634,2148,140788736,140771328,2474.666022153863,2184.5327643841,2139,100,8.940000104904176,5.362499407798615,17.0,0.0,7.5,5.465345282938907,15.0,0.0,-0.005289128753550661,0.238840263724948,2.314940425256888,0.006557737577774485,0.07039388020833334,0.9871767442673445
57164.0857429849,2151,140967936,140967936,2471.9074232671587,2712.0355729559687,2145,100,9.02999997138977,5.426702467113814,17.0,0.0,7.919999957084656,5.693294373660147,16.0,0.0,-0.004444450557154293,0.2509435118796925,2.344601864616076,0.01201910452376372,0.103057861328125,0.9878393206745386
57224.08605027944,2153,141117952,141099008,2500.253861427325,2184.5221451378675,2145,100,9.02999997138977,5.426702467113814,17.0,0.0,7.919999957084656,5.693294373660147,16.0,0.0,-0.003736658676643856,0.3203549405249457,2.3242638881007833,0.013192992704716744,0.116790771484375,0.9808852008233467
57296.67501812987,2156,141295616,141295616,2447.5344568347264,2708.510753384827,2145,100,9.02999997138977,5.426702467113814,17.0,0.0,7.919999957084656,5.693294373660147,16.0,0.0,-0.005732812722271774,0.22107309914038828,2.3807865008711815,0.007203558437443765,0.08003743489583333,0.9897834484775861
57356.67510765791,2158,141444864,141426688,2487.4629550386553,2184.530073721769,2150,100,9.069999980926514,5.28063445959716,16.0,0.0,7.199999856948852,5.665686156833958,15.0,0.0,-0.0030561960447812453,0.329379144590348,2.3399555186430616,0.012142981220070698,0.11068216959635417,0.9826299721995989
57416.67553199269,2160,141621504,141557760,2943.979179454073,2184.5178838847614,2150,100,9.069999980926514,5.28063445959716,16.0,0.0,7.199999856948852,5.665686156833958,15.0,0.0,-0.004233246999016653,0.27361781274278957,2.337797671556473,0.010848146310308948,0.09946187337239584,0.9854662182430426
57482.20009170286,2163,141754368,141754368,2027.697714989279,3000.523786342517,2156,100,9.419999933242797,5.075785642525455,17.0,0.0,7.8199999809265135,5.367271213328592,15.0,0.0,-0.006102461244154256,0.2150274917948991,2.3481110706925388,0.006864518382523481,0.06709798177083334,0.9892313256859779
57542.200342037715,2165,141906944,141885440,2542.922723630296,2184.5242189575697,2156,100,9.419999933242797,5.075785642525455,17.0,0.0,7.8199999809265135,5.367271213328592,15.0,0.0,-0.004436930942271525,0.24114840330245596,2.3325183242559433,0.008461530599258063,0.08406575520833333,0.9879959026972452
57602.2006606115,2167,142075392,142016512,2807.4517603243103,2184.521734477275,2156,100,9.419999933242797,5.075785642525455,17.0,0.0,7.8199999809265135,5.367271213328592,15.0,0.0,-0.004889936048130039,0.21962093321296075,2.3215169683098793,0.010703329487417552,0.1121063232421875,0.987685431415836
57668.877758500166,2170,142213120,142213120,2065.596799518427,2948.6586283088322,2162,100,9.040000057220459,5.313981502231828,17.0,0.0,7.959999990463257,5.372001429902034,15.0,0.0,-0.004242221254874797,0.22809677144202092,2.3211396212379136,0.01139371649393676,0.1079864501953125,0.9878381434828044
57728.87817239389,2172,142363904,142344192,2513.0493310776465,2184.518264026749,2162,100,9.040000057220459,5.313981502231828,17.0,0.0,7.959999990463257,5.372001429902034,15.0,0.0,-0.005388214660342782,0.20721565784576038,2.2988473027944565,0.008809170010863456,0.08976236979166667,0.9891658419122299
57788.87849247735,2174,142539776,142475264,2931.18436293937,2184.521679512311,2162,100,9.040000057220459,5.313981502231828,17.0,0.0,7.959999990463257,5.372001429902034,15.0,0.0,-0.0028657354390209853,0.3529362523307403,2.32389676074187,0.010305137928298791,0.09559122721354166,0.9829187206923962
57854.37439109478,2177,142671872,142671872,2016.859113142133,3001.8368195603844,2168,100,8.759999990463257,5.4719648774691825,17.0,0.0,7.8799999237060545,5.568267284681373,15.0,0.0,-0.0045004795344236,0.26943336815262836,2.3151776020725565,0.009699597307189832,0.11598714192708333,0.9863375698526701
57914.37475066725,2179,142820096,142802944,2470.38519529155,2184.520241777675,2168,100,8.759999990463257,5.4719648774691825,17.0,0.0,7.8799999237060545,5.568267284681373,15.0,0.0,-0.003952010139376701,0.2802723813802004,2.3196334739526114,0.011909763629470643,0.12285868326822916,0.9845051572968563
57974.37506837491,2181,142993664,142934016,2892.7846823359005,2184.5217660117714,2174,100,8.469999933242798,5.530741421862983,17.0,0.0,8.129999995231628,5.404914372994641,15.0,0.0,-0.006261497558928871,0.24923310273637375,2.327490987877051,0.009743798546575514,0.09720865885416667,0.986611212293307
58040.143437769264,2184,143130624,143130624,2082.4600223668685,2989.4005554724395,2174,100,8.469999933242798,5.530741421862983,17.0,0.0,8.129999995231628,5.404914372994641,15.0,0.0,-0.003488515552210932,0.22879698080942035,2.3267099410295486,0.01017100509670854,0.09355672200520833,0.9879083794852097
58100.14365305379,2186,143281408,143261696,2513.057649626237,2184.525495091058,2174,100,8.469999933242798,5.530741421862983,17.0,0.0,8.129999995231628,5.404914372994641,15.0,0.0,-0.004694269521375341,0.1811478106925885,2.2980434025327368,0.010722188617971065,0.11728922526041667,0.9899996177603801
58160.14375995286,2188,143457280,143392768,2931.194777633514,2184.5294412639873,2181,100,9.569999933242798,5.022459652510468,17.0,0.0,8.650000095367432,5.223743896359321,16.0,0.0,-0.0060279554381850176,0.18737938239549598,2.3079723020394645,0.007566240112889015,0.08112080891927083,0.9902733930697044
58226.42687279824,2191,143589376,143589376,1992.9057995229637,2966.1853760341787,2181,100,9.569999933242798,5.022459652510468,17.0,0.0,8.650000095367432,5.223743896359321,16.0,0.0,-0.005604184397573894,0.19873312387305003,2.309955241779486,0.01079884341985841,0.09926350911458334,0.9899596559504669
58286.42709243577,2193,143741440,143720448,2534.390722544776,2184.525336604251,2187,100,9.169999885559083,5.4130489483587585,17.0,0.0,8.169999933242797,5.3554738436046305,16.0,0.0,-0.004130373146229734,0.1695207328690837,2.345829822123051,0.008424625943613744,0.08390299479166666,0.9923518002033233
58358.01404187642,2196,143917056,143917056,2453.184573056782,2746.4223791656104,2187,100,9.169999885559083,5.4130489483587585,17.0,0.0,8.169999933242797,5.3554738436046305,16.0,0.0,-0.006098278735104637,0.20976759225595742,2.3483120277523994,0.007461202300570828,0.0743255615234375,0.9902875845630964
58418.014421873726,2198,144064000,144048128,2449.0511561193243,2184.5194981412787,2187,100,9.169999885559083,5.4130489483587585,17.0,0.0,8.169999933242797,5.3554738436046305,16.0,0.0,-0.006677809384806702,0.18198575680920234,2.2862008834878607,0.01197273029902135,0.117279052734375,0.9909013534585634
58478.01507883426,2200,144236800,144179200,2879.9684662397344,2184.5094143922133,2192,100,9.85,5.070256380910336,17.0,0.0,8.520000171661376,5.305619662580414,15.0,0.0,-0.005983333966772382,0.16929331189021465,2.334827500085036,0.010612494935533809,0.10235087076822916,0.9920803060134252
58545.4183210535,2203,144375808,144375808,2062.334027610348,2916.892326343918,2192,100,9.85,5.070256380910336,17.0,0.0,8.520000171661376,5.305619662580414,15.0,0.0,-0.004707563113091359,0.27101496964072186,2.3087911084294324,0.010280785281793214,0.10217285156249999,0.9864818397909403
58605.41844961047,2205,144529664,144506880,2564.261172439042,2184.5286527267713,2198,100,9.619999980926513,5.228345903695105,17.0,0.0,8.630000066757201,5.149087268265173,16.0,0.0,-0.003567270604738345,0.19395621148093292,2.3166941851377483,0.008358685402223879,0.07275899251302083,0.9912957164148489
58677.50907666981,2208,144703488,144703488,2411.1872387643266,2727.2338724167935,2203,100,10.389999914169312,4.84746323595711,17.0,0.0,9.069999980926514,4.810935500921802,16.0,0.0,-0.005453956639636695,0.14749283634591848,2.2923504735032716,0.00759047519629045,0.069488525390625,0.992463763182362
58737.50921331346,2210,144858880,144834560,2589.86076853294,2184.5283583012606,2203,100,10.389999914169312,4.84746323595711,17.0,0.0,9.069999980926514,4.810935500921802,16.0,0.0,-0.0059221501360298134,0.16259137715678662,2.3186894059181213,0.008709298200604584,0.09265645345052084,0.9927256498485804
58808.53424445633,2213,145031168,145031168,2425.7363527717384,2768.1508453621027,2203,100,10.389999914169312,4.84746323595711,17.0,0.0,9.069999980926514,4.810935500921802,16.0,0.0,-0.006318586340057664,0.19276813875573376,2.3193414881825447,0.007921294343153324,0.09392293294270833,0.990779584273696
58868.53430875391,2215,145176576,145162240,2423.464069618783,2184.530992332424,2207,100,9.600000095367431,5.112729260045424,16.0,0.0,8.390000104904175,5.106652601533907,15.0,0.0,-0.004117689396177108,0.246438859263435,2.337689332664013,0.009930640574869662,0.10204060872395834,0.9884772213796774
58928.535538085736,2217,145349120,145293312,2875.6744140318997,2184.4885756444105,2207,100,9.600000095367431,5.112729260045424,16.0,0.0,8.390000104904175,5.106652601533907,15.0,0.0,-0.0027830442874498358,0.15426314847233394,2.29771388322115,0.008663309617380339,0.08623250325520834,0.9917997953792413
58995.767398014665,2220,145489920,145489920,2094.2452008443843,2924.3278440881586,2213,100,10.130000019073487,4.861388659261226,17.0,0.0,8.740000009536743,5.08649189134548,16.0,0.0,-0.006535850833946219,0.19933566288091242,2.346795524160067,0.008888761117001803,0.094451904296875,0.9905176249643167
59055.767882106826,2222,145642240,145620992,2538.6461843547077,2184.5157082178325,2217,100,10.309999942779541,4.807691769563924,17.0,0.0,8.430000114440919,5.2768456336060705,16.0,0.0,-0.0051289615366840735,0.21810737578198314,2.2936607549587884,0.009048220907061477,0.09011332194010417,0.9876299680521091
59126.63468492683,2225,145817600,145817600,2474.501360607435,2774.331452476657,2217,100,10.309999942779541,4.807691769563924,17.0,0.0,8.430000114440919,5.2768456336060705,16.0,0.0,-0.0053477721254845765,0.2021023111107449,2.335566595196724,0.011694488008288317,0.11136372884114583,0.9887055202076833
59186.63501939364,2227,145968640,145948672,2517.319300670832,2184.521155836383,2217,100,10.309999942779541,4.807691769563924,17.0,0.0,8.430000114440919,5.2768456336060705,16.0,0.0,-0.005065792875636059,0.32047604241718847,2.332292308410009,0.011302999395411463,0.10024007161458334,0.9828322840233644
59246.635317313485,2229,146144256,146079744,2926.918800213311,2184.5224864565816,2222,100,9.85,4.8833902285466815,17.0,0.0,8.869999933242799,5.033199740500588,16.0,0.0,-0.0054154975902444375,0.23271319922059774,2.318427376449108,0.010154822644835804,0.10297139485677083,0.9866886523862679
59312.06735416781,2232,146276352,146276352,2018.8275705689741,3004.7666166607987,2222,100,9.85,4.8833902285466815,17.0,0.0,8.869999933242799,5.033199740500588,16.0,0.0,-0.004121853414593109,0.24749485092858473,2.2921715701619787,0.00828405559999131,0.07566324869791667,0.984472742304206
59372.06767449342,2234,146425344,146407424,2483.1867428617143,2184.521670696216,2222,100,9.85,4.8833902285466815,17.0,0.0,8.869999933242799,5.033199740500588,16.0,0.0,-0.0031574316975214365,0.32611830454940594,2.29072983811299,0.011158599895982965,0.07965596516927083,0.9823291537662348
59432.06785450317,2236,146603520,146538496,2969.591090744045,2184.5267793979183,2227,100,9.789999866485596,4.958416983454561,16.0,0.0,7.900000023841858,5.505451820916574,16.0,0.0,-0.005407152484015872,0.2803101693280041,2.3122007325291634,0.00909847656233372,0.09156290690104166,0.985827771325906
59496.86182731949,2239,146735104,146735104,2030.8061734850244,3034.356305907585,2227,100,9.789999866485596,4.958416983454561,16.0,0.0,7.900000023841858,5.505451820916574,16.0,0.0,-0.004641926410840824,0.29795380068632465,2.341048141320546,0.00789900934372175,0.07860819498697917,0.9858024238298336
59556.861870518886,2241,146889216,146866176,2568.531484016452,2184.5317604923976,2234,100,10.219999885559082,4.771959735138683,17.0,0.0,8.7,5.185556839348961,15.0,0.0,-0.004833801996331506,0.28636139926190174,2.335526677469413,0.011132394218293483,0.11120096842447917,0.9856857508420944
59629.64714873303,2244,147062784,147062784,2384.6580552916926,2701.2055847551915,2234,100,10.219999885559082,4.771959735138683,17.0,0.0,8.7,5.185556839348961,15.0,0.0,-0.002878062664725197,0.2974811637153228,2.3196968336900072,0.010744419485490653,0.12414042154947917,0.9851354596515496
59689.64831034839,2246,147216128,147193856,2555.683854639471,2184.4910410273947,2239,100,10.030000114440918,4.9768564440641,17.0,0.0,8.930000019073486,5.07593336680156,16.0,0.0,-0.004241401732239561,0.2331614742676417,2.3346944227814674,0.008816465751200061,0.08599853515625,0.9889043377091487
59761.488067169674,2249,147390464,147390464,2426.7342724127056,2736.757593557941,2244,100,10.030000019073487,5.0900982391539715,17.0,0.0,8.829999876022338,5.202028353017142,16.0,0.0,-0.0033560395289290073,0.2698084750057509,2.3315710226694746,0.011176089449387899,0.11180623372395833,0.9851041734218597
59821.48827936314,2251,147542272,147521536,2530.124385402257,2184.525607632303,2244,100,10.030000019073487,5.0900982391539715,17.0,0.0,8.829999876022338,5.202028353017142,16.0,0.0,-0.0028536727356064753,0.24750150678058463,2.3317975054184594,0.014334146696152553,0.14136759440104166,0.9870323234548172
59881.48864549678,2253,147714048,147652608,2862.9158631700084,2184.5200028957443,2248,100,10.660000038146972,4.474863167537271,17.0,0.0,8.869999980926513,5.055007477765915,16.0,0.0,-0.004139443901901055,0.309976079268381,2.3249248464902244,0.007223358060703807,0.07808430989583333,0.9834025949239731
59947.92883291934,2256,147849216,147849216,2034.4313471052303,2959.1728685166986,2248,100,10.660000038146972,4.474863167537271,17.0,0.0,8.869999980926513,5.055007477765915,16.0,0.0,-0.005089783836107623,0.2649206524559607,2.3181010484695435,0.0140786595929967,0.12795511881510416,0.986120351900657
60007.929098757915,2258,148001792,147980288,2542.92206655355,2184.5236544889553,2252,100,9.620000076293945,4.9694667102202,17.0,0.0,8.65999984741211,5.067977878110691,16.0,0.0,-0.0039888697914041895,0.373621741309762,2.342043235898018,0.007403595154755749,0.06982930501302083,0.9814812187105417
60080.16238078475,2261,148176896,148176896,2424.1456996921247,2721.8478031630875,2252,100,9.620000076293945,4.9694667102202,17.0,0.0,8.65999984741211,5.067977878110691,16.0,0.0,-0.004838139553612564,0.19581103386978307,2.329005385438601,0.009953144481187337,0.10235087076822917,0.9900473766028881
60140.1626062179,2263,148325376,148307968,2474.657368836634,2184.5251255937183,2257,100,10.719999980926513,4.496843383010226,17.0,0.0,8.869999933242799,5.164600722790285,16.0,0.0,-0.005697388763413376,0.19254552495355406,2.3458684931198754,0.009262697677816808,0.10371907552083334,0.9908519585927328
60200.16298264824,2265,148502784,148439040,2956.7814496292212,2184.519628008891,2257,100,10.719999980926513,4.496843383010226,17.0,0.0,8.869999933242799,5.164600722790285,16.0,0.0,-0.0075749414633416254,0.19607180698464316,2.3205224573612218,0.011922277618092872,0.10400390625,0.9884705611815054
60265.87837495841,2268,148635648,148635648,2021.8094319956379,2991.8104889646434,2261,100,10.100000095367431,4.689349656202032,16.0,0.0,8.819999980926514,5.002759175600692,15.0,0.0,-0.004007763825939037,0.2596085690117131,2.2924091170231504,0.009602317707200806,0.0990142822265625,0.9857458186646303
60325.87890237942,2270,148790272,148766720,2577.0440135472845,2184.5141306890887,2261,100,10.100000095367431,4.689349656202032,16.0,0.0,8.819999980926514,5.002759175600692,15.0,0.0,-0.005781414693046827,0.23027848964557052,2.3109768629074097,0.010787763639503586,0.09889729817708333,0.9883316600074371
60397.660237712786,2273,148963328,148963328,2410.877412579531,2738.9849894394674,2266,100,9.870000076293945,4.8096881363562085,16.0,0.0,8.769999885559082,5.092847887715613,16.0,0.0,-0.004458694721203452,0.15733181304919222,2.3352598771452904,0.009814742000647431,0.10198974609375,0.9927635484685501
60457.66042201687,2275,149116928,149094400,2559.9921363833696,2184.526623047142,2266,100,9.870000076293945,4.8096881363562085,16.0,0.0,8.769999885559082,5.092847887715613,16.0,0.0,-0.005933307535694135,0.1489264614259203,2.2839850013454757,0.009470587751517694,0.09808858235677084,0.9926336624970039
60530.181548754685,2278,149291008,149291008,2400.40396268721,2711.044475505555,2270,100,10.720000076293946,4.582750237625866,17.0,0.0,8.389999866485596,5.296970713827513,15.0,0.0,-0.005472561560357765,0.18804156644425044,2.3043806528051696,0.013645884780999042,0.10669962565104166,0.9897299787650505
60590.181823699735,2280,149435904,149422080,2414.922267151256,2184.5233229354117,2270,100,10.720000076293946,4.582750237625866,17.0,0.0,8.389999866485596,5.296970713827513,15.0,0.0,-0.00272780611703638,0.2620424436560521,2.2851673463980355,0.009830749681592957,0.09352620442708333,0.9854989418139061
60650.18594306242,2282,149616640,149553152,3012.05987054955,2184.3833622115717,2276,100,10.749999904632569,4.669850110744343,17.0,0.0,7.6999999523162845,5.618718701728943,16.0,0.0,-0.004168216143928778,0.2549879236612469,2.3206914265950522,0.012207951847206761,0.11370340983072917,0.9857872451345125
60715.85145382304,2285,149749760,149749760,2027.2438066503607,2994.083160591302,2276,100,10.749999904632569,4.669850110744343,17.0,0.0,7.6999999523162845,5.618718701728943,16.0,0.0,-0.004361984247225337,0.2532539324990163,2.339772365987301,0.008877637291637559,0.08428955078125001,0.9879058922330539
60775.851532921195,2287,149902592,149880832,2547.196642023977,2184.530453461099,2281,100,10.219999885559082,4.778242254537342,17.0,0.0,9.209999942779541,4.835897035039861,16.0,0.0,-0.0030049467071269946,0.2768680138203005,2.3150326708952584,0.012070050169010454,0.12615966796875,0.985631674528122
60848.31145211775,2290,150077440,150077440,2413.030568329925,2713.33451900056,2281,100,10.219999885559082,4.778242254537342,17.0,0.0,9.209999942779541,4.835897035039861,16.0,0.0,-0.006445875760012616,0.15479616859617332,2.2760762944817543,0.009090695223373283,0.0821990966796875,0.9913651229192812
60908.31166018639,2292,150236928,150208512,2658.124115462215,2184.525757811644,2285,100,10.629999923706055,4.627428942576359,17.0,0.0,7.690000009536743,5.57977599335076,16.0,0.0,-0.005203299137065187,0.1673445371367658,2.3017258768280344,0.010523858300075515,0.0892791748046875,0.9909457545727491
60979.2695350172,2295,150405120,150405120,2370.3077410509704,2770.7706927353806,2285,100,10.629999923706055,4.627428942576359,17.0,0.0,7.690000009536743,5.57977599335076,16.0,0.0,-0.0039432323586273315,0.21232528041582552,2.2946800018350286,0.009506009704030777,0.100555419921875,0.9898158020029465
61039.269809789956,2297,150556416,150536192,2521.588452269866,2184.523329208412,2285,100,10.629999923706055,4.627428942576359,17.0,0.0,7.690000009536743,5.57977599335076,16.0,0.0,-0.0047669384245333886,0.11951239570043981,2.27296523998181,0.008809757183674568,0.08626302083333333,0.9934819247573614
61099.27318101376,2299,150730240,150667264,2896.903898143517,2184.4105977164663,2292,100,9.769999980926514,5.151417391128616,17.0,0.0,8.170000028610229,5.301047142463145,16.0,0.0,-0.0056993502245556256,0.2580806348317613,2.270374327898025,0.010024904995589168,0.09913126627604167,0.9873321677247683
61164.8487139456,2302,150863872,150863872,2037.8332287273975,2998.19141697824,2292,100,9.769999980926514,5.151417391128616,17.0,0.0,8.170000028610229,5.301047142463145,16.0,0.0,-0.0035063085379078984,0.22487470701647302,2.291944118837516,0.008950500127563524,0.10775248209635417,0.9872951774547497
61224.84893736895,2304,151013376,150994944,2491.724054844227,2184.5251987675415,2298,100,9.919999980926514,4.772169213564115,16.0,0.0,8.17999997138977,5.444961000578242,16.0,0.0,-0.006531489952370369,0.155696969324102,2.3229178786277767,0.011291472108496238,0.11881001790364583,0.9922783287862937
61284.8536072569,2306,151190784,151126016,2956.5698858321907,2184.3633211343167,2298,100,9.919999980926514,4.772169213564115,16.0,0.0,8.17999997138977,5.444961000578242,16.0,0.0,-0.0023697124124737456,0.29296043639381725,2.2841781278451285,0.009265278323558354,0.09132893880208333,0.9806103948503733
61349.91127736401,2309,151322624,151322624,2026.5097072019,3022.0571944292415,2298,100,9.919999980926514,4.772169213564115,16.0,0.0,8.17999997138977,5.444961000578242,16.0,0.0,-0.004304981904473,0.22342323899889985,2.3223314061760902,0.011434940879553324,0.11943562825520834,0.98835430915157
61409.91131318081,2311,151480320,151453696,2628.265097732421,2184.53202928409,2298,100,9.919999980926514,4.772169213564115,16.0,0.0,8.17999997138977,5.444961000578242,16.0,0.0,-0.005747098356854016,0.19067004160024223,2.3005607649683952,0.008029017782367493,0.07082112630208334,0.9901303127408028
61481.378772383556,2314,151650304,151650304,2378.4810863049865,2751.0142684973334,2304,100,8.75,5.450458750014154,16.0,0.0,8.430000019073486,5.290094477138567,16.0,0.0,-0.007538440760981757,0.12746566941495985,2.2861492931842804,0.009766271890839562,0.10295613606770833,0.9925971832126379
61541.37908864487,2316,151800064,151781376,2495.9868435986914,2184.5218186709913,2304,100,8.75,5.450458750014154,16.0,0.0,8.430000019073486,5.290094477138567,16.0,0.0,-0.0052943035649756585,0.20700131511936584,2.2963529030481977,0.01117431102526704,0.09689839680989583,0.9893833951403697
61601.38093488943,2318,151975680,151912448,2926.8432721922427,2184.466115688671,2311,100,9.230000066757203,5.0554030185604315,16.0,0.0,8.059999990463258,5.260836457813673,14.0,0.0,-0.005235383532029421,0.26746964012272656,2.3353633383909864,0.01075427203977597,0.10928853352864583,0.9872925585756699
61667.84357074555,2321,152109056,152109056,2006.781679389487,2958.1733776797046,2311,100,9.230000066757203,5.0554030185604315,16.0,0.0,8.059999990463258,5.260836457813673,14.0,0.0,-0.0036105757123247413,0.17873630789108574,2.338319999476274,0.007678991085413145,0.06798299153645834,0.9916230328381062
61727.84443211276,2323,152262144,152240128,2551.430038030412,2184.5019723604864,2317,100,10.080000114440917,4.553416297237961,16.0,0.0,9.019999933242797,5.0773614492359425,16.0,0.0,-0.0047051825337499995,0.2508576789405197,2.299429503579934,0.00957913454233979,0.0993499755859375,0.9859017133712769
61800.21731884964,2326,152436736,152436736,2412.395136796961,2716.597456099804,2317,100,10.080000114440917,4.553416297237961,16.0,0.0,9.019999933242797,5.0773614492359425,16.0,0.0,-0.006230627305437034,0.19955641908260682,2.3017524008949595,0.012870165474547928,0.12508646647135416,0.9890075145910184
61860.21740030125,2328,152586240,152567808,2491.729950743075,2184.5303677747506,2317,100,10.080000114440917,4.553416297237961,16.0,0.0,9.019999933242797,5.0773614492359425,16.0,0.0,-0.004652707342756912,0.26521948523198563,2.3255406444271407,0.009181254671905966,0.09615580240885416,0.9856308959424496
61920.21754444018,2330,152759296,152698880,2884.2597377646857,2184.5280854075722,2322,100,8.969999980926513,5.218150873977987,16.0,0.0,8.530000019073487,5.410092324885582,16.0,0.0,-0.005375451224002367,0.15434164934170744,2.31212101628383,0.013540892943031697,0.12880961100260416,0.9915987563629944
61986.35326203238,2333,152895488,152895488,2059.2805969048413,2972.796049667139,2322,100,8.969999980926513,5.218150873977987,16.0,0.0,8.530000019073487,5.410092324885582,16.0,0.0,-0.0056003058804587145,0.2319494744297117,2.325890858968099,0.014325925826293922,0.12326558430989586,0.9876040518283844
62046.35351868812,2335,153048320,153026560,2547.189104155021,2184.5239888230667,2328,100,9.510000038146973,5.1758959593503375,16.0,0.0,7.470000004768371,5.534356431138704,15.0,0.0,-0.004412929338286631,0.17052493042623004,2.3210865060488386,0.008484083095027017,0.08271280924479167,0.9915734585374594
62118.18985031918,2338,153223168,153223168,2433.9772929664473,2736.888083452755,2328,100,9.510000038146973,5.1758959593503375,16.0,0.0,7.470000004768371,5.534356431138704,15.0,0.0,-0.0063490832641643164,0.21918735466897488,2.2932074715693793,0.008613316143358436,0.0887908935546875,0.9881206179658573
62178.19005242828,2340,153373440,153354240,2504.5248968785404,2184.525974790141,2334,100,9.379999923706055,5.253151445947139,17.0,0.0,8.279999923706054,5.346176262702548,16.0,0.0,-0.004123642077805319,0.2660311399959028,2.3079903051257133,0.011870231555197583,0.12356567382812501,0.9854086674749851
62238.19032704458,2342,153548800,153485312,2922.653289863101,2184.5233349049745,2334,100,9.379999923706055,5.253151445947139,17.0,0.0,8.279999923706054,5.346176262702548,16.0,0.0,-0.007021478091094953,0.18033573396193486,2.2898074388504033,0.0076334073231312995,0.09097798665364583,0.9905471689999104
62304.68048579153,2345,153681920,153681920,2002.1007997082838,2956.9488734153115,2334,100,9.379999923706055,5.253151445947139,17.0,0.0,8.279999923706054,5.346176262702548,16.0,0.0,-0.005445128668119045,0.16979404624241093,2.2995349690318108,0.009976800403213323,0.09505208333333333,0.991057863458991
62364.68335947953,2347,153831424,153812992,2491.613997979019,2184.4287105569483,2340,100,9.510000085830688,5.231624998126795,17.0,0.0,8.279999923706054,5.407550262764852,16.0,0.0,-0.00435976044779333,0.23835582627604407,2.2726802676916122,0.009195105153291175,0.09587605794270834,0.9879842201868693
62424.683931060135,2349,154003712,153944064,2871.4393123497384,2184.512522916889,2340,100,9.510000085830688,5.231624998126795,17.0,0.0,8.279999923706054,5.407550262764852,16.0,0.0,-0.007305540909631721,0.25802319302844506,2.2813767890135446,0.012779715173868073,0.13472493489583331,0.9855118145545323
62489.84576773364,2352,154140672,154140672,2101.8437630332646,3017.226186933733,2346,100,9.84000005722046,5.003438791427198,17.0,0.0,8.560000038146972,5.208300939004906,16.0,0.0,-0.0038878667667934987,0.25208604700552917,2.3201312273740773,0.009749853400232194,0.088714599609375,0.9876342229545116
62549.84577120561,2354,154290688,154271744,2500.266521985804,2184.53320692275,2346,100,9.84000005722046,5.003438791427198,17.0,0.0,8.560000038146972,5.208300939004906,16.0,0.0,-0.005977320676417245,0.18151577453439435,2.3479693184296293,0.009842970256916791,0.09910074869791667,0.9912201489011446
62609.84753564466,2356,154467328,154402816,2943.9134274033254,2184.46909395725,2346,100,9.84000005722046,5.003438791427198,17.0,0.0,8.560000038146972,5.208300939004906,16.0,0.0,-0.004458093710127287,0.33811108659332,2.2737232397,0.014014404643603484,0.13294474283854166,0.9800161321957906
62674.83259709738,2359,154599424,154599424,2032.7133197542403,3025.4337782388693,2351,100,10.099999952316285,5.050742404353144,17.0,0.0,9.209999990463256,4.829689286700264,16.0,0.0,-0.0027103076354251248,0.3663667438862224,2.320255644619465,0.013490551861347436,0.13964335123697916,0.9818177757163843
62734.83267837949,2361,154751488,154730496,2534.396566648366,2184.5303739460664,2356,100,9.819999980926514,5.140778119081228,17.0,0.0,9.149999952316284,5.02866782048214,16.0,0.0,-0.006266047278283319,0.2531652416413029,2.333465884129206,0.008369517548999283,0.0919189453125,0.9874584494779507
62806.58645514399,2364,154927104,154927104,2447.4809260060097,2740.0369550621213,2356,100,9.819999980926514,5.140778119081228,17.0,0.0,9.149999952316284,5.02866782048214,16.0,0.0,-0.004719831279847615,0.2810193314217031,2.3208631748954454,0.011842048313458994,0.13065083821614584,0.9851865520079931
62866.58675246872,2366,155079168,155058176,2534.387441065557,2184.5225081238473,2361,100,9.860000038146973,5.033924929637703,17.0,0.0,8.860000038146973,5.089243535878634,16.0,0.0,-0.004325515145562046,0.22643956270379326,2.3110150371988616,0.013149074631655822,0.12046305338541667,0.9884871542453766
62938.291764214635,2369,155254784,155254784,2449.1454045400837,2741.900394587149,2361,100,9.860000038146973,5.033924929637703,17.0,0.0,8.860000038146973,5.089243535878634,16.0,0.0,-0.0050213038484798736,0.18903160553115111,2.314195337394873,0.00979792615119853,0.09786478678385417,0.9908568120251099
62998.292303450406,2371,155407104,155385856,2538.643851207106,2184.513700534518,2365,100,9.489999866485595,5.33759298561945,17.0,0.0,9.280000066757202,4.8725352163075035,16.0,0.0,-0.003920813760487363,0.2785813088218371,2.3069331770141916,0.0068983018979148865,0.07583109537760416,0.9853306369235119
63070.55113790184,2374,155582464,155582464,2426.8312841089933,2720.88529371636,2365,100,9.489999866485595,5.33759298561945,17.0,0.0,9.280000066757202,4.8725352163075035,16.0,0.0,-0.004056788769958075,0.27532567184728884,2.317484704156717,0.013323530551133445,0.11961364746093749,0.9865137940893571
63130.55136271473,2376,155731712,155713536,2487.4573464588525,2184.5251481765563,2371,100,9.969999980926513,4.9888976076232,17.0,0.0,9.309999990463258,4.904477528101632,15.0,0.0,-0.0028352428368331557,0.20584661373868585,2.3273874993125596,0.011991457787492738,0.11023966471354167,0.9909439298013846
63190.5515962448,2378,155906560,155844608,2914.1219910816076,2184.5248307961683,2371,100,9.969999980926513,4.9888976076232,17.0,0.0,9.309999990463258,4.904477528101632,15.0,0.0,-0.004267470629808183,0.37384541550030315,2.3347099646925926,0.008234532603334324,0.08714803059895833,0.9830066524446011
63256.03153127525,2381,156041216,156041216,2056.4467563594135,3002.568648068497,2371,100,9.969999980926513,4.9888976076232,17.0,0.0,9.309999990463258,4.904477528101632,15.0,0.0,-0.004266601194103714,0.23804941742370525,2.301675217847029,0.00914922453375766,0.0880889892578125,0.9868215409417946
63316.03189857397,2383,156193536,156172288,2538.6511259447525,2184.519960476829,2376,100,10.080000019073486,5.039206211636016,17.0,0.0,8.610000014305115,5.2304779356010895,16.0,0.0,-0.0055018383330510305,0.19371753271358708,2.304009534418583,0.011580360716834548,0.114837646484375,0.9898962744822105
63376.03204254527,2385,156365824,156303360,2871.459776536997,2184.528091511059,2376,100,10.080000019073486,5.039206211636016,17.0,0.0,8.610000014305115,5.2304779356010895,16.0,0.0,-0.004429694153562498,0.3441551021921138,2.2853732258081436,0.007017689410834767,0.06925455729166666,0.9825531436751286
63441.63693571463,2388,156499968,156499968,2044.7255306657291,2996.84963273145,2381,100,9.45,5.309190118495227,17.0,0.0,8.789999961853027,5.152271302676284,15.0,0.0,-0.002817069947923301,0.20184918749146163,2.3023171300689382,0.008624618661997374,0.096343994140625,0.9905845616012812
63501.63706415985,2390,156651776,156631040,2530.1279169529066,2184.528656795764,2381,100,9.45,5.309190118495227,17.0,0.0,8.789999961853027,5.152271302676284,15.0,0.0,-0.003253215727454517,0.20532123542701206,2.3069409926732383,0.008233259019107209,0.08230082194010417,0.9906933524956306
63574.46867487859,2393,156827648,156827648,2414.775648436157,2699.4871877714245,2385,100,9.649999952316284,5.235217233737494,17.0,0.0,8.77000002861023,5.193948361804827,16.0,0.0,-0.003384497550238545,0.24195815327887737,2.31283504764239,0.00849908570307889,0.090667724609375,0.9883976702888806
63634.46891412698,2395,156977408,156958720,2495.9900473067655,2184.524622600109,2385,100,9.649999952316284,5.235217233737494,17.0,0.0,8.77000002861023,5.193948361804827,16.0,0.0,-0.004644671721810785,0.3018187910007934,2.329105806847413,0.01216986938804136,0.11333211263020833,0.9851599639902513
63694.468940835446,2397,157155072,157089792,2961.0653485746425,2184.5323609080933,2391,100,9.420000076293945,5.167552583437205,17.0,0.0,8.430000019073486,5.229254156805888,16.0,0.0,-0.004919339749903884,0.2790544987656176,2.2895136127869287,0.006978000340798948,0.07242838541666666,0.9847945279131333
63760.41535201296,2400,157286400,157286400,1991.4351312687575,2981.329787162584,2395,100,10.74000005722046,4.629513963271145,17.0,0.0,9.380000114440918,4.679273397687261,16.0,0.0,-0.0065685056324582556,0.13694982048279297,2.331924090782801,0.008723715885328906,0.10938008626302083,0.9931057405968506
63820.41554844938,2402,157434880,157417472,2474.6585647821767,2184.5261813249563,2395,100,10.74000005722046,4.629513963271145,17.0,0.0,9.380000114440918,4.679273397687261,16.0,0.0,-0.0044804184629659485,0.21606521556774777,2.353718174000581,0.011696925707534927,0.11213684082031249,0.9895356403042873
63880.41560708266,2404,157610752,157548544,2931.197135571855,2184.531198563013,2395,100,10.74000005722046,4.629513963271145,17.0,0.0,9.380000114440918,4.679273397687261,16.0,0.0,-0.0043899383284345585,0.29012866752843064,2.3013757963975268,0.011123167503683364,0.10055033365885417,0.9826237720747789
63946.3744690679,2407,157745152,157745152,2037.6337000791132,2980.76701268716,2399,100,10.239999961853027,4.749989479820753,17.0,0.0,9.150000143051148,4.82778413604326,16.0,0.0,-0.005195752875200318,0.1708467757174124,2.3298852294683456,0.01097900677511158,0.10584004720052083,0.9914538953453302
64006.37468350865,2409,157896448,157876224,2521.59098780237,2184.525525811867,2399,100,10.239999961853027,4.749989479820753,17.0,0.0,9.150000143051148,4.82778413604326,16.0,0.0,-0.004645222688850481,0.21155667048878968,2.3070808947086334,0.008265234803426816,0.08492533365885417,0.9890025146305561
64078.337018523365,2412,158072832,158072832,2451.059988033055,2732.0958937726946,2404,100,9.390000200271606,5.274267756858014,17.0,0.0,8.900000023841859,5.1855567609966995,16.0,0.0,-0.004448301740922034,0.2326540507686635,2.33524548014005,0.012859143884876781,0.126708984375,0.988856613015135
64138.337165251374,2414,158226688,158203904,2564.26039585296,2184.5279911426214,2404,100,9.390000200271606,5.274267756858014,17.0,0.0,8.900000023841859,5.1855567609966995,16.0,0.0,-0.003551918923524984,0.13711693797570965,2.3181329195698104,0.011256061059005637,0.11176554361979166,0.9935168406615654
64209.88133256696,2417,158400512,158400512,2429.6040686761726,2748.0646903435945,2404,100,9.390000200271606,5.274267756858014,17.0,0.0,8.900000023841859,5.1855567609966995,16.0,0.0,-0.002832535693111519,0.2556159490098556,2.312228791415692,0.011025539989229097,0.11444600423177084,0.9872030268112818
64269.881592452526,2419,158551552,158531584,2517.3224297373245,2184.5238712296778,2411,100,9.620000076293945,5.159030892591401,17.0,0.0,8.409999966621399,5.435246030454163,16.0,0.0,-0.005094375786332724,0.21249218851638335,2.286458094914754,0.011055290806325502,0.11449686686197917,0.9881324196855228
64341.59589112457,2422,158728192,158728192,2463.1071246724973,2741.5453213746055,2411,100,9.620000076293945,5.159030892591401,17.0,0.0,8.409999966621399,5.435246030454163,16.0,0.0,-0.003519910855781442,0.34196847560815513,2.3416366850336394,0.008179896816121376,0.08132425944010417,0.9825436292837064
64401.596422484145,2424,158882048,158859264,2564.243957740311,2184.5139872929103,2418,100,9.42999997138977,5.159951521294273,17.0,0.0,8.6,5.15363940266464,16.0,0.0,-0.0033728392202950395,0.28283616791789734,2.341741882264614,0.009874690458673285,0.08812459309895833,0.9873741958290339
64473.14894667361,2427,159055872,159055872,2429.3203065726857,2747.743734091049,2418,100,9.42999997138977,5.159951521294273,17.0,0.0,8.6,5.15363940266464,16.0,0.0,-0.0048751162297169985,0.23462854969936114,2.325877293944359,0.011744754509588043,0.11761983235677083,0.9880297780036926
64533.15114530362,2429,159212032,159186944,2602.5712984772217,2184.453286590717,2418,100,9.42999997138977,5.159951521294273,17.0,0.0,8.6,5.15363940266464,16.0,0.0,-0.0033338988941977736,0.2795674994122237,2.3586879894137383,0.009593679875251837,0.09712727864583333,0.985958947489659
64604.75102987327,2432,159383552,159383552,2395.5345882319566,2745.9262145703624,2423,100,9.040000009536744,5.355221883484775,17.0,0.0,8.509999990463257,5.109784677825352,16.0,0.0,-0.003575571783585474,0.23407434586745995,2.3365731810530024,0.008300090479679056,0.08128356933593749,0.9883260931819677
64664.75106997602,2434,159529216,159514624,2427.731710688033,2184.531873237738,2423,100,9.040000009536744,5.355221883484775,17.0,0.0,8.509999990463257,5.109784677825352,16.0,0.0,-0.0036544360239834837,0.23695645201951263,2.3395035887757936,0.00966096331346004,0.09692382812500001,0.9876020153363546
64724.756357130595,2436,159700480,159645696,2854.1484945953575,2184.3408508711855,2429,100,9.609999990463256,5.11056759612973,17.0,0.0,8.389999961853027,5.067336417980924,16.0,0.0,-0.003659132266572366,0.2570032478931049,2.321733223895232,0.008594546473735438,0.08142598470052083,0.9863415006548166
64791.4285266418,2439,159842304,159842304,2127.184416522726,2948.87659185822,2429,100,9.609999990463256,5.11056759612973,17.0,0.0,8.389999961853027,5.067336417980924,16.0,0.0,-0.004259152624096411,0.39904686373968923,2.3294227371613183,0.0073753761971602225,0.0778961181640625,0.9767453397313753
64851.428633644246,2441,159990272,159973376,2466.128935302922,2184.529437500166,2435,100,9.799999904632568,5.0398410642184635,17.0,0.0,8.430000019073486,5.2559584917057975,16.0,0.0,-0.006715899311529939,0.15355929670234522,2.3552314961949983,0.006691498457560859,0.076324462890625,0.9924101370076338
64911.42909286823,2443,160168960,160104448,2978.110539670137,2184.516613626232,2435,100,9.799999904632568,5.0398410642184635,17.0,0.0,8.430000019073486,5.2559584917057975,16.0,0.0,-0.0030061294164625,0.18936292415795225,2.3526591385404267,0.009525476201209434,0.09593709309895833,0.9908031454930702
64977.06401624251,2446,160301056,160301056,2012.587098589698,2995.4784723195503,2435,100,9.799999904632568,5.0398410642184635,17.0,0.0,8.430000019073486,5.2559584917057975,16.0,0.0,-0.003189331422618124,0.21300075249746442,2.327437996864319,0.010561366407879783,0.11309814453124999,0.9892993588000536
65037.06796117686,2448,160450560,160432128,2491.5695153640654,2184.3897121000027,2441,100,10.439999866485596,4.484016051952073,17.0,0.0,8.650000047683715,5.13103300835766,16.0,0.0,-0.004091225414110037,0.22404867651251453,2.328756608068943,0.012137661839005888,0.11773173014322917,0.9883959498256445
65097.06806597393,2450,160625664,160563200,2918.3949026792866,2184.5295177950215,2441,100,10.439999866485596,4.484016051952073,17.0,0.0,8.650000047683715,5.13103300835766,16.0,0.0,-0.004496259103082896,0.2068877938048293,2.3281422431270284,0.012631222869458725,0.11168416341145834,0.9900384092082579
65162.337387158535,2453,160759808,160759808,2055.2381664977333,3012.2574654012583,2446,100,10.160000038146972,4.78689879088829,17.0,0.0,9.05,5.093868753128785,16.0,0.0,-0.003992164890708713,0.2211618599637101,2.356080529590448,0.008335575454718008,0.08730570475260417,0.9903448286155859
65222.337656343356,2455,160912128,160890880,2538.6552772089212,2184.5235326570883,2446,100,10.160000038146972,4.78689879088829,17.0,0.0,9.05,5.093868753128785,16.0,0.0,-0.00591355238672501,0.1844369451282546,2.2879177182912827,0.011667014553192228,0.11492919921875,0.9904262150327365
65294.26045875996,2458,161087488,161087488,2438.169733490634,2733.597599008477,2451,100,10.459999942779541,4.639870698141843,17.0,0.0,8.72000012397766,5.144083915573226,16.0,0.0,-0.0036696968685040092,0.1632802290453886,2.318687324722608,0.009278631095488285,0.09553019205729166,0.9921399081746738
65354.260772632435,2460,161238784,161218560,2521.586809055271,2184.5219056451756,2451,100,10.459999942779541,4.639870698141843,17.0,0.0,8.72000012397766,5.144083915573226,16.0,0.0,-0.004958736875172083,0.23380836029537022,2.30784193923076,0.01010089387758247,0.10689290364583333,0.9879415482282639
65425.90384298377,2463,161415168,161415168,2461.9827030726856,2744.270995587551,2451,100,10.459999942779541,4.639870698141843,17.0,0.0,8.72000012397766,5.144083915573226,16.0,0.0,-0.004249383622664027,0.20376565710951886,2.3050425375501313,0.00951142993896307,0.10122172037760416,0.9895375637958447
65485.90393006522,2465,161564160,161546240,2483.196395994092,2184.5301627989265,2457,100,10.12999997138977,4.851092720615988,17.0,0.0,8.450000023841858,5.216080894525903,15.0,0.0,-0.0046128702961141235,0.24588648633410531,2.2829938555757203,0.008747052638379197,0.08601379394531249,0.9862854623546203
65557.21923869476,2468,161742848,161742848,2505.605085834216,2756.8835328376476,2457,100,10.12999997138977,4.851092720615988,17.0,0.0,8.450000023841858,5.216080894525903,15.0,0.0,-0.0035717946545143304,0.18738401184479395,2.290994313855966,0.007141770600962142,0.070709228515625,0.9901407180974882
65617.21956038754,2470,161893120,161873920,2504.519905233522,2184.5216209191876,2457,100,10.12999997138977,4.851092720615988,17.0,0.0,8.450000023841858,5.216080894525903,15.0,0.0,-0.0035540713397494983,0.23079730935084325,2.289582396547,0.013489428036336903,0.11319986979166667,0.9893611464649439
65677.21959579736,2472,162065408,162004992,2871.46497203258,2184.532044102052,2464,100,9.769999980926514,4.957529570673229,17.0,0.0,8.84000005722046,5.070936672109386,16.0,0.0,-0.004547389558865689,0.21573612218101818,2.2877718284726143,0.010089441248661993,0.10817464192708334,0.9876381438225509
65743.06607392523,2475,162201600,162201600,2068.326262423845,2985.8544540254006,2464,100,9.769999980926514,4.957529570673229,17.0,0.0,8.84000005722046,5.070936672109386,16.0,0.0,-0.006008744521144156,0.20586105094601714,2.3001495078206067,0.012508624595284346,0.11492919921875,0.9901035868873199
65803.06639576703,2477,162354688,162332672,2551.4529805963894,2184.5216154938985,2470,100,9.62999997138977,4.904396039758082,16.0,0.0,8.140000057220458,5.302867190512548,15.0,0.0,-0.005842774024737689,0.19400730364335078,2.3082400585214295,0.013515095525387249,0.122161865234375,0.9895955764998992
65875.07432958856,2480,162529280,162529280,2424.62171505607,2730.3658022918794,2470,100,9.62999997138977,4.904396039758082,16.0,0.0,8.140000057220458,5.302867190512548,15.0,0.0,-0.005144252987520304,0.2615588147503634,2.283071773747603,0.013679903879771398,0.126495361328125,0.985676545649767
65935.07433267403,2482,162678784,162660352,2491.733205197129,2184.5332209947433,2476,100,10.200000095367432,4.800000031558602,16.0,0.0,8.799999952316284,5.083305924123854,15.0,0.0,-0.0024498654844743823,0.18780099685924748,2.2737345074613886,0.01247967441061822,0.11148579915364583,0.9897686981906493
66007.34702269547,2485,162856960,162856960,2465.3295725835133,2720.363666299049,2476,100,10.200000095367432,4.800000031558602,16.0,0.0,8.799999952316284,5.083305924123854,15.0,0.0,-0.004950470635473417,0.15354152310950062,2.2943030645449958,0.010299258082644275,0.1038970947265625,0.9920493798951308
66067.34711645637,2487,163009280,162988032,2538.6626995449997,2184.52991960847,2476,100,10.200000095367432,4.800000031558602,16.0,0.0,8.799999952316284,5.083305924123854,15.0,0.0,-0.00471203877532389,0.1561948099018385,2.264241131643454,0.012440947715125125,0.13116963704427084,0.9910467055936655
66127.34717661422,2489,163182080,163119104,2879.997112426077,2184.531143055039,2481,100,10.419999980926514,4.800374908257822,17.0,0.0,8.000000047683717,5.3814496706689114,15.0,0.0,-0.005972490282147192,0.2245212820513795,2.3034635732571287,0.009740623357477792,0.09116109212239583,0.9882885372887055
66192.8749989206,2492,163315712,163315712,2039.3169694423038,3000.37439182316,2481,100,10.419999980926514,4.800374908257822,17.0,0.0,8.000000047683717,5.3814496706689114,15.0,0.0,-0.00525582033151295,0.20495986938476562,2.2906838158766427,0.010401979635692745,0.1001739501953125,0.9895942881703377
66252.87519265339,2494,163464192,163446784,2474.6586762911456,2184.5262797604596,2487,100,9.609999895095825,4.931318184683202,17.0,0.0,8.400000095367432,5.351635288056425,16.0,0.0,-0.004305862409334319,0.3473135218955577,2.253426094849904,0.009897670412101434,0.09586079915364583,0.9782558934142193
66312.87538759131,2496,163642880,163577856,2978.1236575127095,2184.5262358832483,2487,100,9.609999895095825,4.931318184683202,17.0,0.0,8.400000095367432,5.351635288056425,16.0,0.0,-0.004463601384486538,0.3241839862118165,2.2703833083311715,0.011591906513785943,0.10744730631510416,0.9813972171396017
66377.68859961443,2499,163774464,163774464,2030.2033473216618,3033.4555851031837,2493,100,9.549999904632568,5.076169783632618,17.0,0.0,8.620000076293945,5.279734854840035,16.0,0.0,-0.004981494547488788,0.27269194764085114,2.289519975582759,0.009450960391404806,0.08803304036458334,0.982875448341171
66437.6886438448,2501,163927296,163905536,2547.1981222746704,2184.5317229558314,2493,100,9.549999904632568,5.076169783632618,17.0,0.0,8.620000076293945,5.279734854840035,16.0,0.0,-0.0068724203229066924,0.22749121421171972,2.301638411978881,0.007708222846607289,0.07278951009114583,0.9876499318828185
66509.69598205853,2504,164102144,164102144,2428.1969634957336,2730.388386478365,2498,100,9.3,5.086256068569083,17.0,0.0,8.829999971389771,5.106965830772047,16.0,0.0,-0.004946573043222695,0.17725052249928314,2.3174618209401765,0.009412952461692232,0.0898284912109375,0.9911513229211172
66569.69611024577,2506,164248832,164233216,2444.7947768084537,2184.5286661883565,2498,100,9.3,5.086256068569083,17.0,0.0,8.829999971389771,5.106965830772047,16.0,0.0,-0.0031052789806077876,0.23784174257889393,2.2775870809952417,0.009648235947073166,0.10120646158854166,0.9852907775590817
66629.69642619323,2508,164419840,164364288,2850.1183252059955,2184.5218300980086,2498,100,9.3,5.086256068569083,17.0,0.0,8.829999971389771,5.106965830772047,16.0,0.0,-0.0039033738479095823,0.18428462860174477,2.2897905508677168,0.009630477227498583,0.084136962890625,0.9904643495877583
66696.04735019896,2511,164560896,164560896,2125.9086005767517,2963.1539115116975,2503,100,10.269999980926514,4.989699382442442,17.0,0.0,9.030000019073487,5.105790722106342,16.0,0.0,-0.004483579153505465,0.29931349322820705,2.2779069816072783,0.009124965197164178,0.10201009114583333,0.9840101581066847
66756.04756471887,2513,164711424,164691968,2508.791030239545,2184.5255229296718,2503,100,10.269999980926514,4.989699382442442,17.0,0.0,9.030000019073487,5.105790722106342,16.0,0.0,-0.0031383775834304592,0.28460886670897406,2.32010110716025,0.012703610219735612,0.12447611490885417,0.9862055325259765
66828.49971743487,2516,164888576,164888576,2445.089529560501,2713.6253738474925,2509,100,9.55,5.14465733906379,17.0,0.0,9.02999997138977,5.058567026652543,16.0,0.0,-0.00362883294049728,0.2850683591483782,2.3474154671033225,0.014214847548525238,0.122894287109375,0.985635240872701
66888.50049730297,2518,165040640,165019648,2534.367058799469,2184.504939571259,2509,100,9.55,5.14465733906379,17.0,0.0,9.02999997138977,5.058567026652543,16.0,0.0,-0.006017785672156606,0.2099158191898217,2.31458913286527,0.012276934957602256,0.11079915364583333,0.9890481910357873
66960.79461805057,2521,165216256,165216256,2429.1878535066035,2719.5572470744482,2509,100,9.55,5.14465733906379,17.0,0.0,9.02999997138977,5.058567026652543,16.0,0.0,-0.005024634667885645,0.2104896109861632,2.3046479051311812,0.01314383822803696,0.12740071614583331,0.9890708668778341
67020.79549079668,2523,165366016,165347328,2495.96369428992,2184.501558079383,2515,100,9.219999933242798,5.218390530462726,16.0,0.0,8.12000002861023,5.31089445581406,16.0,0.0,-0.005322438616227979,0.24191339639946818,2.296526250739892,0.009832535094877432,0.09264628092447916,0.9872731032470863
67092.08900761046,2526,165543936,165543936,2495.598589486571,2757.7262111160962,2515,100,9.219999933242798,5.218390530462726,16.0,0.0,8.12000002861023,5.31089445581406,16.0,0.0,-0.004722399537664994,0.20083875985195238,2.3135085503260293,0.011863639438767375,0.11481730143229167,0.990513521557053
67152.0891060885,2528,165698048,165675008,2568.5291176043934,2184.5297478628727,2521,100,9.290000057220459,5.325964748654867,17.0,0.0,7.67000002861023,5.580421052065475,16.0,0.0,-0.0065656939065471915,0.17517870742206773,2.316644534468651,0.011140417973971731,0.1040496826171875,0.9914044278363386
67223.82559492067,2531,165871616,165871616,2419.5218197267855,2740.6972825223766,2521,100,9.290000057220459,5.325964748654867,17.0,0.0,7.67000002861023,5.580421052065475,16.0,0.0,-0.003944773225763735,0.25923141301609576,2.2711261436343193,0.013097691857789567,0.12225850423177083,0.9854838916411003
67283.82611488644,2533,166020096,166002688,2474.6452211529827,2184.5144021212536,2521,100,9.290000057220459,5.325964748654867,17.0,0.0,7.67000002861023,5.580421052065475,16.0,0.0,-0.0038289455114863813,0.35904029927526915,2.2800471633672714,0.008990020805867971,0.088623046875,0.9807326750208935
67343.82627329044,2535,166198272,166133760,2969.5921600787196,2184.5275660349203,2527,100,9.620000076293945,5.191878203460823,17.0,0.0,8.579999876022338,5.340748876538405,16.0,0.0,-0.004669276374139978,0.26870604728659,2.3009588842590647,0.010569070290027108,0.09307352701822917,0.9855237075438102
67409.01926600281,2538,166330368,166330368,2026.2300364519606,3015.7842403005925,2527,100,9.620000076293945,5.191878203460823,17.0,0.0,8.579999876022338,5.340748876538405,16.0,0.0,-0.004956170482425175,0.21742754646887383,2.312967337667942,0.009946691282190537,0.10301717122395834,0.9871758886923392
67469.01994798891,2540,166479872,166461440,2491.7050115302404,2184.508503259389,2533,100,8.880000066757201,5.31654016714878,16.0,0.0,9.169999885559083,5.169245587383726,16.0,0.0,-0.004062128777150065,0.24599642337610325,2.3198873922228813,0.009158061247944715,0.10002136230468749,0.98622858338058
67529.02015789412,2542,166657792,166592512,2965.322959387832,2184.525690944705,2533,100,8.880000066757201,5.31654016714878,16.0,0.0,9.169999885559083,5.169245587383726,16.0,0.0,-0.0040921918480307795,0.24641813772420088,2.30871274570624,0.011775502462114673,0.12233988444010417,0.9863031512747208
67593.48551265243,2545,166789120,166789120,2037.1872689192207,3049.824215458015,2538,100,8.509999990463257,5.4945337224866835,17.0,0.0,9.049999904632568,5.000749887828568,16.0,0.0,-0.003172725783466982,0.3617057539522648,2.3152767221132917,0.014573723024417026,0.13681538899739584,0.9787857482830683
67653.48570879735,2547,166939136,166920192,2500.2584931167935,2184.526191938222,2538,100,8.509999990463257,5.4945337224866835,17.0,0.0,9.049999904632568,5.000749887828568,16.0,0.0,-0.003942356929959109,0.2778691024674724,2.321987551947435,0.011158294604077431,0.10788472493489583,0.983924084653457
67713.48610362317,2549,167116288,167051264,2952.513904521099,2184.5189582583853,2538,100,8.509999990463257,5.4945337224866835,17.0,0.0,9.049999904632568,5.000749887828568,16.0,0.0,-0.004606853986236577,0.19432210557473203,2.3535613119602203,0.007145643908491669,0.07904052734375,0.990910720701019
67778.63533171266,2552,167247872,167247872,2019.732295511715,3017.810122476648,2544,100,9.230000066757203,5.313859253117002,17.0,0.0,8.859999895095825,4.998039568407186,15.0,0.0,-0.0042469091567909345,0.21672483378400403,2.3211004063487053,0.008779057052379358,0.08441670735677083,0.9881869492431481
67838.63546215091,2554,167408384,167378944,2675.194184206056,2184.528584232058,2544,100,9.230000066757203,5.313859253117002,17.0,0.0,8.859999895095825,4.998039568407186,15.0,0.0,-0.0064700244935617475,0.1737586665743341,2.302818643550078,0.00811230607481169,0.07039388020833334,0.9912058139840761
67909.2992565129,2557,167575552,167575552,2365.681060709195,2782.301768184781,2544,100,9.230000066757203,5.313859253117002,17.0,0.0,8.859999895095825,4.998039568407186,15.0,0.0,-0.005031256441725418,0.17771158534257364,2.2951005920767784,0.008195167288552815,0.09326680501302084,0.9910894551624855
67969.2993960604,2559,167731712,167706624,2602.660613419783,2184.528252575293,2550,100,9.249999952316283,5.333619700451257,17.0,0.0,8.759999895095826,5.136379958946716,16.0,0.0,-0.006473129200458061,0.1425826104435449,2.286266898115476,0.011478645098274379,0.11609903971354167,0.9919050727039576
68040.55331146996,2562,167903232,167903232,2407.165964342129,2759.258896439933,2550,100,9.249999952316283,5.333619700451257,17.0,0.0,8.759999895095826,5.136379958946716,16.0,0.0,-0.004121057434531394,0.20834857054675618,2.2694174746672315,0.009768464333319571,0.10356648763020834,0.9882049386699995
68100.55338409636,2564,168055808,168034304,2542.930255268962,2184.5306890901147,2557,100,9.410000038146972,5.312428769457914,17.0,0.0,8.579999971389771,5.177219211526452,16.0,0.0,-0.0050395467890969785,0.229162572339798,2.267209646602472,0.008377357969341876,0.09850565592447916,0.9874174160261948
68160.55342169944,2566,168227328,168165376,2858.6648750899203,2184.53196424782,2557,100,9.410000038146972,5.312428769457914,17.0,0.0,8.579999971389771,5.177219211526452,16.0,0.0,-0.007906058417574968,0.0826048042702799,2.310165929297606,0.004847380664311156,0.050669352213541664,0.9962839552511772
68226.91626123525,2569,168361984,168361984,2029.0873769398952,2962.621873554828,2557,100,9.410000038146972,5.312428769457914,17.0,0.0,8.579999971389771,5.177219211526452,16.0,0.0,-0.005177148341317661,0.11741454437530288,2.263682323197524,0.012833600332669448,0.12008158365885417,0.9939708684881529
68286.9164999174,2571,168513536,168493056,2525.8566187188057,2184.5246432162644,2564,100,8.869999980926513,5.4049144387718515,17.0,0.0,8.540000081062317,5.152513963512202,16.0,0.0,-0.006508922400826123,0.1394354848889634,2.302462413907051,0.010489838241483083,0.09454345703125,0.9936681551237901
68358.58361278754,2574,168689664,168689664,2457.5846988441876,2743.3503615004884,2564,100,8.869999980926513,5.4049144387718515,17.0,0.0,8.540000081062317,5.152513963512202,16.0,0.0,-0.0058211753639625385,0.22209498790713647,2.270069606602192,0.010484202329583544,0.10179646809895833,0.988403353219231
68418.58406248316,2576,168841728,168820736,2534.381004999191,2184.5169605380233,2570,100,9.709999942779541,5.295837928960394,17.0,0.0,9.530000019073487,4.754902745787654,16.0,0.0,-0.003855512116084962,0.20508351495179036,2.2384268542130785,0.007742207149325016,0.0696563720703125,0.9881208228568236
68489.62747063581,2579,169017344,169017344,2471.953479802981,2767.4347995461944,2570,100,9.709999942779541,5.295837928960394,17.0,0.0,9.530000019073487,4.754902745787654,16.0,0.0,-0.004554763460570636,0.12419336991539845,2.2492457181215286,0.014205163800094546,0.12067667643229166,0.9916535013665756
68549.6276806388,2581,169174272,169148416,2615.4575124347734,2184.525687384346,2575,100,10.360000038146973,4.805247178444762,17.0,0.0,8.329999923706055,5.387123533120844,16.0,0.0,-0.003968285309383646,0.19787821608285108,2.234473630785942,0.011057321843206108,0.10479736328125,0.9874967529127995
68621.21988256183,2584,169345024,169345024,2385.064230649056,2746.2208832660795,2575,100,10.360000038146973,4.805247178444762,17.0,0.0,8.329999923706055,5.387123533120844,16.0,0.0,-0.00447301141442343,0.1975309660968681,2.256452878316243,0.012212780068997139,0.11725870768229167,0.9899420222888391
68681.22020234168,2586,169492480,169476096,2457.5869018871304,2184.521690566338,2575,100,10.360000038146973,4.805247178444762,17.0,0.0,8.329999923706055,5.387123533120844,16.0,0.0,-0.004945856097037904,0.2078881007619202,2.2655541375279427,0.01221691090237679,0.11958821614583333,0.9876685744772354
68741.22023296542,2588,169670400,169607168,2965.3318198403826,2184.5322183572316,2580,100,9.409999871253968,5.228948144140639,17.0,0.0,8.559999895095824,5.20638068802719,16.0,0.0,-0.004276174098777119,0.29962334285179776,2.2618796452879906,0.01594190006168598,0.1368408203125,0.9833747570713361
68807.38445679843,2591,169803776,169803776,2015.8326097291595,2971.51524812283,2580,100,9.409999871253968,5.228948144140639,17.0,0.0,8.559999895095824,5.20638068802719,16.0,0.0,-0.00440357587406955,0.20526067322740954,2.305367906888326,0.011969512737171803,0.11364237467447917,0.9893075345704953
68867.3844921058,2593,169952000,169934848,2470.398546278736,2184.532047831974,2587,100,9.230000066757203,5.224662625258224,17.0,0.0,8.399999952316284,5.165268632087989,16.0,0.0,-0.004406401948169029,0.26157589683619636,2.307858263452848,0.007386197265077499,0.06994120279947917,0.9845736008137465
68927.3847356448,2595,170130432,170065920,2973.8545958408913,2184.5244663852745,2587,100,9.230000066757203,5.224662625258224,17.0,0.0,8.399999952316284,5.165268632087989,16.0,0.0,-0.003461685560372037,0.31142746781309444,2.316310852766037,0.006523777853241578,0.06293233235677083,0.982964842269818
68993.09380621929,2598,170262528,170262528,2010.3160620761955,2992.0983249506166,2587,100,9.230000066757203,5.224662625258224,17.0,0.0,8.399999952316284,5.165268632087989,16.0,0.0,-0.003331247067156559,0.26861578497725225,2.3227463761965432,0.012290116341925264,0.11896769205729166,0.9853775426745415
69053.09385702573,2600,170412288,170393600,2495.9978864538684,2184.531483528856,2592,100,9.450000095367432,5.1814572664468885,16.0,0.0,7.9799998760223385,5.287683790097358,15.0,0.0,-0.004263763640968439,0.3277770577309032,2.3226196045676866,0.009081715744590232,0.09518941243489584,0.9818173814564943
69124.56993861403,2603,170590208,170590208,2489.22431177467,2750.68240495388,2592,100,9.450000095367432,5.1814572664468885,16.0,0.0,7.9799998760223385,5.287683790097358,15.0,0.0,-0.002901003295846749,0.25357694108970463,2.3354803894956904,0.011087374169316414,0.10089619954427084,0.9869941547513008
69184.57016771659,2605,170742528,170721280,2538.656973119834,2184.524991995555,2598,100,9.839999914169312,5.135601227942258,17.0,0.0,8.319999933242798,5.22662415907653,16.0,0.0,-0.002931835309330684,0.2669343058951199,2.310639883081118,0.009426079965123792,0.08729044596354167,0.985686227058371
69255.63619318698,2608,170917888,170917888,2467.5644773898425,2766.554041803502,2603,100,9.829999971389771,5.3461294296226045,17.0,0.0,8.50999994277954,5.199028709551015,16.0,0.0,-0.006105057288853763,0.23053351091220972,2.296929083764553,0.010042446941952221,0.11525980631510417,0.9860475119203328
69315.63674374856,2610,171073024,171048960,2585.5762746838213,2184.5132881817103,2603,100,9.829999971389771,5.3461294296226045,17.0,0.0,8.50999994277954,5.199028709551015,16.0,0.0,-0.0032265072028773525,0.2170935575850308,2.3054914325475693,0.011305044980569315,0.10329182942708333,0.9888010838379462
69387.00453719497,2613,171245568,171245568,2417.673178162234,2754.856084315424,2603,100,9.829999971389771,5.3461294296226045,17.0,0.0,8.50999994277954,5.199028709551015,16.0,0.0,-0.003509469842053174,0.20617934378484884,2.266517957051595,0.01144103258169101,0.10794576009114583,0.984625572959582
69447.0045377519,2615,171398144,171376640,2542.9333097293643,2184.5333130560985,2607,100,9.989999866485595,4.954785473700553,17.0,0.0,9.210000133514404,4.827618466831239,15.0,0.0,-0.0036196851845791875,0.25329382671043277,2.3079265480240183,0.010821418103660108,0.1098480224609375,0.9854145403951406
69519.4592494024,2618,171573248,171573248,2416.7372419429944,2713.5295348131867,2607,100,9.989999866485595,4.954785473700553,17.0,0.0,9.210000133514404,4.827618466831239,15.0,0.0,-0.004153678521106485,0.2461615866826226,2.3068170249462128,0.0092700084351236,0.09361775716145833,0.9870758733401697
69579.45941555128,2620,171727360,171704320,2568.5262207041446,2184.5272840540233,2613,100,9.790000057220459,5.1093933318567455,17.0,0.0,8.459999990463256,5.1076805030986945,15.0,0.0,-0.003372663210029714,0.2660387658203641,2.297452134390672,0.008077173348889724,0.0867462158203125,0.985709863404433
69651.59124012385,2623,171900928,171900928,2406.2610509093133,2725.676234658337,2613,100,9.790000057220459,5.1093933318567455,17.0,0.0,8.459999990463256,5.1076805030986945,15.0,0.0,-0.004962672011364097,0.1977184449788183,2.3097178861498833,0.009616941550727157,0.08046976725260417,0.9883939692129692
69711.59147275984,2625,172049664,172032000,2478.9237218851313,2184.5248633479987,2618,100,9.729999923706055,4.949454512046413,16.0,0.0,9.330000019073486,4.947837818427512,16.0,0.0,-0.0046211625303840265,0.22944155513929823,2.317493125796318,0.009588197603079607,0.09445190429687501,0.9878357686102389
69771.59201870486,2627,172227584,172163072,2965.306351762814,2184.513456262677,2618,100,9.729999923706055,4.949454512046413,16.0,0.0,9.330000019073486,4.947837818427512,16.0,0.0,-0.004535685679002199,0.24526107249160606,2.326652983824412,0.011727407491586442,0.1200408935546875,0.9855658697585266
69837.60841312073,2630,172359680,172359680,2000.957507128626,2978.1693129356295,2618,100,9.729999923706055,4.949454512046413,16.0,0.0,9.330000019073486,4.947837818427512,16.0,0.0,-0.002301883803738747,0.20881409477442503,2.2793954436977706,0.015826453979267775,0.15287780761718753,0.9861368866016467
69897.60867048893,2632,172511232,172490752,2525.8558320838706,2184.5239628833474,2624,100,9.52999997138977,5.372997349303906,17.0,0.0,8.319999933242798,5.215131756727607,15.0,0.0,-0.0032992303907424985,0.3012911363815268,2.298703409731388,0.012057611920075336,0.13252766927083334,0.982362619911631
69968.95624627545,2635,172687360,172687360,2468.5912318448795,2755.6367239198657,2624,100,9.52999997138977,5.372997349303906,17.0,0.0,8.319999933242798,5.215131756727607,15.0,0.0,-0.004696105473461405,0.2169222510419786,2.3270297870039935,0.010747700611924907,0.102630615234375,0.9885160680860281
70028.9564391058,2637,172838144,172818432,2513.0585901009995,2184.526312617507,2624,100,9.52999997138977,5.372997349303906,17.0,0.0,8.319999933242798,5.215131756727607,15.0,0.0,-0.003161845864572873,0.2607650051359087,2.2837879881262775,0.011706379944977622,0.10909525553385417,0.9825529841085274
70101.02591888886,2640,173015040,173015040,2454.5202842100407,2728.034121958482,2631,100,8.440000200271607,5.6556519959216285,17.0,0.0,7.3799999237060545,5.561978037986211,16.0,0.0,-0.0037747685588935083,0.25178401280815405,2.2791789745291076,0.012570856639285921,0.13085428873697919,0.9843595226605732
70161.02608012687,2642,173165568,173146112,2508.793258119263,2184.5274628521474,2631,100,8.440000200271607,5.6556519959216285,17.0,0.0,7.3799999237060545,5.561978037986211,16.0,0.0,-0.00459396191581618,0.2590397611881296,2.296141989529133,0.009196721633391764,0.09595743815104166,0.98382408109804
70233.27818998694,2645,173342720,173342720,2451.859196127124,2721.1385298058253,2639,100,9.659999990463257,4.988426696738144,16.0,0.0,9.0,4.961854403120615,15.0,0.0,-0.003999024203949375,0.2814879602131744,2.3009329165021577,0.01125748064077925,0.10603841145833333,0.9833480188002189
70293.27838573139,2647,173496576,173473792,2564.2583010112644,2184.5262065187476,2639,100,9.659999990463257,4.988426696738144,16.0,0.0,9.0,4.961854403120615,15.0,0.0,-0.00514785661410618,0.16144390664218616,2.3316825528939567,0.006508008737000637,0.06409708658854166,0.9920311147967974
70353.28199659102,2649,173669376,173604864,2879.826689168016,2184.401873857814,2639,100,9.659999990463257,4.988426696738144,16.0,0.0,9.0,4.961854403120615,15.0,0.0,-0.0031314807492890395,0.20298924087546766,2.276337832212448,0.013644273203074894,0.13147481282552081,0.9896911984930435
70418.03494307958,2652,173801472,173801472,2039.999832646058,3036.278820682505,2644,100,9.470000076293946,5.243005011891104,17.0,0.0,8.7,5.1273775556159915,15.0,0.0,-0.005423148225721282,0.20948126035121578,2.31619477023681,0.008504786692355992,0.0884552001953125,0.989671948676308
70478.0351121286,2654,173957120,173932544,2594.126024425754,2184.527178463793,2644,100,9.470000076293946,5.243005011891104,17.0,0.0,8.7,5.1273775556159915,15.0,0.0,-0.0037367588277750956,0.18928896631890288,2.317167244851589,0.010449908681039234,0.10490417480468749,0.9905387548108896
70549.37460633926,2657,174129152,174129152,2411.455280184406,2755.948891639321,2650,100,9.32000002861023,5.279924316973212,17.0,0.0,9.830000019073486,4.617477710363244,16.0,0.0,-0.0036841544667064836,0.21697046421468258,2.2900181487202644,0.009567290699123987,0.08780415852864584,0.9884041852007309
70609.37480128463,2659,174285056,174260224,2598.391557593159,2184.5262356119824,2650,100,9.32000002861023,5.279924316973212,17.0,0.0,9.830000019073486,4.617477710363244,16.0,0.0,-0.005789475952042267,0.1568667662795633,2.2939799452821417,0.007114930636817007,0.07784525553385416,0.9917697062095007
70681.41938082036,2662,174456832,174456832,2384.301513132244,2728.9769926759514,2650,100,9.32000002861023,5.279924316973212,17.0,0.0,9.830000019073486,4.617477710363244,16.0,0.0,-0.0032828918168282444,0.18130191888970634,2.2894077772895494,0.016717130067869828,0.12564595540364584,0.9905824090043704
70741.41958420165,2664,174611200,174587904,2572.791279039738,2184.525928471552,2656,100,10.289999961853027,4.790187891432218,17.0,0.0,9.099999856948852,4.796873894007087,15.0,0.0,-0.004506947157400039,0.2789610573090613,2.301822173098723,0.009967710311684641,0.1036224365234375,0.9847870438049238
70812.58601288497,2667,174784512,174784512,2435.3055676181084,2762.6509245652987,2656,100,10.289999961853027,4.790187891432218,17.0,0.0,9.099999856948852,4.796873894007087,15.0,0.0,-0.005120862103164351,0.2608096553788831,2.3076500669121747,0.011709932255447104,0.09819539388020833,0.9873867053538561
70872.58605369832,2669,174937344,174915584,2547.198267338461,2184.5318473656484,2663,100,10.030000019073487,4.994907467277637,17.0,0.0,9.27999997138977,4.8622628273186725,16.0,0.0,-0.005225232870240386,0.1312968656808759,2.293360121548176,0.01287204927757557,0.1124114990234375,0.9931292223433654
70932.58606313914,2671,175108864,175046656,2858.6662168642592,2184.5329896037324,2663,100,10.030000019073487,4.994907467277637,17.0,0.0,9.27999997138977,4.8622628273186725,16.0,0.0,-0.0014154017335386015,0.26481156361599767,2.3010973657170934,0.014814981037488906,0.14532470703125,0.9852533557762703
70999.06889338885,2674,175243264,175243264,2021.5745854261002,2957.274822109038,2668,100,9.609999990463256,5.345830219779895,17.0,0.0,8.670000052452087,5.144035278423676,16.0,0.0,-0.005700176778191235,0.11523554256806771,2.3087975333134336,0.008604520192117585,0.08987935384114583,0.9943661279976368
71059.06890210137,2676,175390464,175374336,2453.332977088013,2184.533016120109,2668,100,9.609999990463256,5.345830219779895,17.0,0.0,8.670000052452087,5.144035278423676,16.0,0.0,-0.005461666340124793,0.17814685916528106,2.3012595375378924,0.012160616975355273,0.122344970703125,0.9901911386599144
71119.06910747197,2678,175567104,175505408,2943.9899231838385,2184.52585604366,2668,100,9.609999990463256,5.345830219779895,17.0,0.0,8.670000052452087,5.144035278423676,16.0,0.0,-0.005281094595072014,0.244657788076438,2.292297065258026,0.008969780306870234,0.08428955078125,0.9851249220470587
71184.80008511338,2681,175702016,175702016,2052.487348293887,2991.1011071910916,2673,100,9.949999952316285,5.054453544659843,17.0,0.0,9.35,4.829854991182201,16.0,0.0,-0.005156256714447712,0.15475626169548679,2.3328340922792754,0.010688489748645225,0.1057891845703125,0.9916911348700524
71244.80046034325,2683,175855104,175833088,2551.4507103248934,2184.5196717162967,2673,100,9.949999952316285,5.054453544659843,17.0,0.0,9.35,4.829854991182201,16.0,0.0,-0.0011927902790678975,0.28214696282520896,2.3288908849159875,0.00718613509828477,0.0670013427734375,0.9853356536477804
71317.1599404607,2686,176029696,176029696,2412.8421005321943,2717.1007818309754,2678,100,9.949999952316285,5.078139481057903,17.0,0.0,9.090000104904174,4.9458972343997525,16.0,0.0,-0.0037992213547113356,0.3383722399982313,2.286659163733323,0.007912154169995725,0.07344563802083334,0.9792321951438984
71377.1619845787,2688,176176384,176160768,2444.716711842353,2184.458911803289,2678,100,9.949999952316285,5.078139481057903,17.0,0.0,9.090000104904174,4.9458972343997525,16.0,0.0,-0.0016781713469147994,0.2039436165553828,2.3540138925115266,0.010845736233022762,0.10382080078125,0.9902043913801511
71437.16236197483,2690,176348416,176291840,2867.18196561077,2184.519592846301,2684,100,9.669999980926514,5.144035273565483,17.0,0.0,9.489999961853027,4.778064401457278,16.0,0.0,-0.003454340211950087,0.2721432175797721,2.345148789385955,0.007497906260444628,0.07129414876302083,0.9851073150833448
71504.25518398732,2693,176488448,176488448,2087.1383226946164,2930.387992375622,2684,100,9.669999980926514,5.144035273565483,17.0,0.0,9.489999961853027,4.778064401457278,16.0,0.0,-0.003765581928746542,0.2492779518167178,2.307463345428308,0.010741532299410514,0.09981791178385416,0.9846854178855816
71564.25542879198,2695,176639488,176619520,2517.3230624598104,2184.5244203041066,2689,100,9.869999885559082,4.926773650615447,17.0,0.0,8.959999990463256,5.011825911064051,16.0,0.0,-0.003181391347122068,0.1832362481703361,2.3288276592890425,0.006367842290273984,0.07196553548177084,0.9908612860987583
71624.25589653105,2697,176812800,176750592,2888.5108155107223,2184.5163036063364,2689,100,9.869999885559082,4.926773650615447,17.0,0.0,8.959999990463256,5.011825911064051,16.0,0.0,-0.004419163354517272,0.24245775522043309,2.277503214776516,0.011261583225253464,0.1160888671875,0.9868847684313853
71690.82237921655,2700,176947200,176947200,2019.034123148333,2953.5584887198474,2693,100,9.040000057220459,5.372001444404115,17.0,0.0,8.839999914169312,4.91471254132694,16.0,0.0,-0.004920998859840135,0.17504161898978055,2.305024695893129,0.009466008397794212,0.0947265625,0.9910621649275223
71750.82421221025,2702,177099264,177078272,2534.322576711339,2184.4665981080902,2693,100,9.040000057220459,5.372001444404115,17.0,0.0,8.839999914169312,4.91471254132694,16.0,0.0,-0.0041088735742960125,0.20126054156571627,2.276250253121058,0.012667744619344983,0.11714680989583334,0.9880161080509424
71810.82428503875,2704,177273600,177209344,2905.5964731630775,2184.5306817320056,2693,100,9.040000057220459,5.372001444404115,17.0,0.0,8.839999914169312,4.91471254132694,16.0,0.0,-0.006579687527846545,0.18456308776512742,2.3056549206376076,0.009564823067800415,0.10202534993489584,0.9895732402801514
71876.72960043512,2707,177405952,177405952,2008.2143481749858,2983.188818952397,2699,100,9.739999961853027,5.064819853247446,16.0,0.0,9.750000143051148,4.5593310609064766,16.0,0.0,-0.001619073791516712,0.15583757776767015,2.289515882730484,0.007785575790573299,0.08000183105468749,0.9902525587628285
71936.72996293474,2709,177555200,177537024,2487.451638328895,2184.520135204793,2699,100,9.739999961853027,5.064819853247446,16.0,0.0,9.750000143051148,4.5593310609064766,16.0,0.0,-0.0026511398985652095,0.2888672815946241,2.3182644471526146,0.01591811758347224,0.13602193196614584,0.9855912035952012
72009.8934256928,2712,177733632,177733632,2438.8129439695326,2687.2429569133446,2705,100,9.899999904632569,5.148786267916365,17.0,0.0,9.02000002861023,4.839380125518196,15.0,0.0,-0.006843990476530355,0.26072233030572534,2.2642305344343185,0.0147405586928168,0.13902791341145834,0.9821090052525203
72069.89367022365,2714,177889024,177864704,2589.8561116714304,2184.5244302731007,2705,100,9.899999904632569,5.148786267916365,17.0,0.0,9.02000002861023,4.839380125518196,15.0,0.0,-0.004266312227021748,0.22347662209843597,2.304882583518823,0.013597800352727063,0.11994425455729167,0.9867311107615631
72141.68852674682,2717,178061312,178061312,2399.726224738866,2738.4691539367745,2711,100,10.029999828338623,5.042727441292709,17.0,0.0,9.440000009536742,4.852463168366372,16.0,0.0,-0.003881506347776546,0.19274944699524593,2.326668021579583,0.012122700017547079,0.11172485351562499,0.9904013096044461
72201.68873924669,2719,178223360,178192384,2700.790434706312,2184.5255964765115,2711,100,10.029999828338623,5.042727441292709,17.0,0.0,9.440000009536742,4.852463168366372,16.0,0.0,-0.0034518147779939077,0.34867026230009895,2.321254236002763,0.012544414596050046,0.12465413411458333,0.9792999196797609
72272.74231180828,2722,178388992,178388992,2331.086165391952,2767.038910387974,2711,100,10.029999828338623,5.042727441292709,17.0,0.0,9.440000009536742,4.852463168366372,16.0,0.0,-0.004241498017411989,0.28897396847605705,2.3050577541192374,0.01034752955699029,0.1074981689453125,0.9829531647264957
72332.74265699461,2724,178537472,178520064,2474.652429730147,2184.5207655548884,2715,100,9.380000019073487,5.313717990637151,17.0,0.0,8.37000002861023,5.2452930585273805,15.0,0.0,-0.0034418352637051917,0.19512696828072268,2.2961824287970862,0.01279314167671449,0.11933390299479167,0.9881911662717661
72405.0739049064,2727,178716672,178716672,2477.490782663436,2718.1613158364557,2715,100,9.380000019073487,5.313717990637151,17.0,0.0,8.37000002861023,5.2452930585273805,15.0,0.0,-0.003136873133674574,0.16955114947631955,2.3173971200982733,0.013851261603122111,0.11646016438802083,0.9911439847201109
72465.07443698682,2729,178871808,178847744,2585.577071084462,2184.5139610482584,2722,100,9.25999994277954,5.300226368026532,17.0,0.0,8.389999961853027,5.364503702902031,16.0,0.0,-0.004424957163185657,0.26531233615241945,2.2764695957303047,0.013758219822799825,0.1295166015625,0.9851458923270305
72536.95779108535,2732,179044352,179044352,2400.333180940341,2735.09774920205,2722,100,9.25999994277954,5.300226368026532,17.0,0.0,8.389999961853027,5.364503702902031,16.0,0.0,-0.0021223364310571924,0.223292066094776,2.3008670558532076,0.00998126851906515,0.09384663899739584,0.9896358270198106
72596.9580768412,2734,179187712,179175424,2389.3219539548504,2184.522929330149,2728,100,9.789999961853027,5.115261539996188,17.0,0.0,9.380000114440918,4.935139271842972,16.0,0.0,-0.00295712030492723,0.24190128012560305,2.2865782901644707,0.006618785030999182,0.07198588053385416,0.986964422588547
72656.95811382215,2736,179366912,179306496,2986.664825837952,2184.531986898616,2728,100,9.789999961853027,5.115261539996188,17.0,0.0,9.380000114440918,4.935139271842972,16.0,0.0,-0.002622759187943302,0.18679351654524604,2.3108165065447492,0.00993906063316293,0.09850565592447916,0.9904050435870886
72723.51341811754,2739,179503104,179503104,2046.298209314129,2954.054557806863,2733,100,9.619999885559082,5.25695729170357,17.0,0.0,8.859999895095825,5.095134887252275,16.0,0.0,-0.004860718984370275,0.230312211633039,2.315214144686858,0.00912787143048869,0.0963897705078125,0.9885216945161421
72783.51567969657,2741,179655680,179634176,2542.837486200791,2184.450994857055,2733,100,9.619999885559082,5.25695729170357,17.0,0.0,8.859999895095825,5.095134887252275,16.0,0.0,-0.005564233875096155,0.15167741019589207,2.322498641908169,0.007918566908604891,0.07704671223958333,0.9919057339429855
72856.41131902114,2744,179830784,179830784,2402.1189967258047,2697.116066499149,2733,100,9.619999885559082,5.25695729170357,17.0,0.0,8.859999895095825,5.095134887252275,16.0,0.0,-0.003702850835300827,0.2307165958918631,2.328312896192074,0.00908407549347127,0.092529296875,0.9879505708813667
72916.41136125382,2746,179980800,179961856,2500.2649067850048,2184.5317956892877,2738,100,9.580000019073486,4.968259214517809,17.0,0.0,8.919999885559083,5.187831849499766,16.0,0.0,-0.003964476207329426,0.15847459342330694,2.2933604642748833,0.007317390977429265,0.06511942545572916,0.9901732417444388
72976.41151846852,2748,180151808,180092928,2850.1258653052296,2184.5276093357447,2738,100,9.580000019073486,4.968259214517809,17.0,0.0,8.919999885559083,5.187831849499766,16.0,0.0,-0.00461433003511047,0.2042051018991818,2.2970950454473495,0.009683282282518727,0.07594807942708333,0.9881843800346056
73043.62060160097,2751,180289536,180289536,2049.246821721788,2925.3188830526638,2744,100,10.100000047683716,4.856953683997881,17.0,0.0,8.640000009536744,5.1624024601557625,15.0,0.0,-0.0035009577865518318,0.2449279461676876,2.316486510137717,0.013314902559310818,0.116729736328125,0.9869095471998055
73103.62065962516,2753,180441344,180420608,2530.130886520063,2184.5312207390766,2744,100,10.100000047683716,4.856953683997881,17.0,0.0,8.640000009536744,5.1624024601557625,15.0,0.0,-0.0018977517829625867,0.2375728018426647,2.301908887922764,0.009517636062810197,0.08910115559895833,0.9883068135629098
73175.6437921552,2756,180617216,180617216,2441.8821262271995,2729.78962582604,2744,100,10.100000047683716,4.856953683997881,17.0,0.0,8.640000009536744,5.1624024601557625,15.0,0.0,-0.0063607831931828205,0.16486392860921723,2.3001146987080574,0.009681723242465523,0.09834798177083334,0.9917296376079321
73235.64425898436,2758,180766720,180748288,2491.7139465876144,2184.5163367343466,2750,100,9.860000038146973,4.929543602911206,16.0,0.0,9.129999876022339,4.991302362366353,16.0,0.0,-0.005626303670093573,0.23563625609191755,2.3269380629062653,0.010371748980711951,0.09493001302083334,0.989154489710927
73295.64466950204,2760,180939776,180879360,2884.246932760789,2184.518386943083,2750,100,9.860000038146973,4.929543602911206,16.0,0.0,9.129999876022339,4.991302362366353,16.0,0.0,-0.0024344019717924916,0.14440800187488398,2.3413650691509247,0.011856716873201853,0.12301127115885416,0.9937639236450195
73361.90823010076,2763,181075968,181075968,2055.3076045032017,2967.060601989584,2756,100,9.840000009536743,4.987424171413335,17.0,0.0,8.980000019073486,4.90709690799502,15.0,0.0,-0.003636781548266299,0.2899438309638451,2.326433775325616,0.008079415125394007,0.079376220703125,0.9849614320943753
73421.90883974917,2765,181228288,181207040,2538.640872026979,2184.5111369375018,2756,100,9.840000009536743,4.987424171413335,17.0,0.0,8.980000019073486,4.90709690799502,15.0,0.0,-0.005416401591598212,0.18830225577888388,2.365034341812134,0.007666343921907052,0.07218424479166666,0.9919896243760984
73481.90919060074,2767,181402368,181338112,2901.316367810168,2184.5205592923617,2762,100,9.37999997138977,5.292976462299928,17.0,0.0,8.659999895095826,5.2157836127345165,16.0,0.0,-0.0036849918202885115,0.2376357737618188,2.330748667319616,0.01207075429071362,0.12211100260416666,0.9877033215016128
73547.44757558499,2770,181534720,181534720,2019.4577579507297,2999.8908280583373,2762,100,9.37999997138977,5.292976462299928,17.0,0.0,8.659999895095826,5.2157836127345165,16.0,0.0,-0.0034503209850906087,0.3504054934407274,2.329740012685458,0.011410187179232404,0.1128997802734375,0.9810208734124899
73607.44833739102,2772,181688576,181665792,2564.23410918307,2184.505597174262,2767,100,10.349999856948852,4.786177956609846,17.0,0.0,9.360000038146973,4.8466896185559065,16.0,0.0,-0.00341113470979811,0.3116782451203714,2.3493873278299966,0.009312631772142293,0.08772786458333333,0.9836908672004938
73679.46889442392,2775,181862400,181862400,2413.533123891272,2729.8872446958717,2767,100,10.349999856948852,4.786177956609846,17.0,0.0,9.360000038146973,4.8466896185559065,16.0,0.0,-0.0030110913479196215,0.28441884252242744,2.3519346863031387,0.008636969553966386,0.08980814615885417,0.9857352823019028
73739.46913317963,2777,182014720,181993472,2538.6565646871577,2184.5246405375206,2772,100,9.65999994277954,5.142411842352043,17.0,0.0,8.48999981880188,5.125417072066099,16.0,0.0,-0.002619535317838502,0.23126266431063416,2.3140682180722556,0.008459833578550994,0.08223978678385416,0.9872895336399475
73811.99872033112,2780,182190080,182190080,2417.771931249924,2710.72823824809,2772,100,9.65999994277954,5.142411842352043,17.0,0.0,8.48999981880188,5.125417072066099,16.0,0.0,-0.003375627825638124,0.24534236468995613,2.304829741517703,0.007301680846164042,0.0702972412109375,0.9887262172996997
73871.99927063845,2782,182344192,182321152,2568.5097755039073,2184.513297438539,2772,100,9.65999994277954,5.142411842352043,17.0,0.0,8.48999981880188,5.125417072066099,16.0,0.0,-0.0031802946565827974,0.3337154829253753,2.352711657683055,0.009196586897814996,0.10222371419270833,0.984995777408282
73944.12993140891,2785,182517760,182517760,2406.2998750606175,2725.7202124580444,2776,100,9.439999961853028,5.326011685216844,17.0,0.0,8.790000104904175,5.0720704920152935,15.0,0.0,-0.0069421278652347,0.1395576602468888,2.3128375907739,0.007476286444822715,0.08380126953125,0.9936044663190841
74004.13048405014,2787,182668544,182648832,2513.04351980906,2184.5132124656006,2776,100,9.439999961853028,5.326011685216844,17.0,0.0,8.790000104904175,5.0720704920152935,15.0,0.0,-0.005315180462882077,0.23344935127533972,2.2878459841012955,0.008401001263943424,0.08922322591145833,0.988582281395793
74064.13094718195,2789,182843648,182779904,2918.3774734423882,2184.5164713486884,2776,100,9.439999961853028,5.326011685216844,17.0,0.0,8.790000104904175,5.0720704920152935,15.0,0.0,-0.006408664429424487,0.14964103644403318,2.2955321346720057,0.013043823041395324,0.11019388834635417,0.9927563748011987
74129.44330028258,2792,182976512,182976512,2034.2859151819957,3010.272799344456,2783,100,9.599999904632568,5.061620294171646,17.0,0.0,8.670000028610229,5.28593412132843,16.0,0.0,-0.005434832293152188,0.1541084056176866,2.368602752685547,0.009495245138168684,0.094635009765625,0.9936473611742258
74189.44335883576,2794,183126016,183107584,2491.730901687134,2184.531201479131,2783,100,9.599999904632568,5.061620294171646,17.0,0.0,8.670000028610229,5.28593412132843,16.0,0.0,-0.005476346479554195,0.24555574504969022,2.331666345397631,0.009692513909612897,0.0935516357421875,0.9888175620386999
74249.44398821983,2796,183299584,183238656,2892.7696556143123,2184.510418399009,2789,100,9.610000085830688,5.270474397327567,17.0,0.0,8.680000019073486,5.166971948945697,15.0,0.0,-0.005721268287743442,0.19812085836504897,2.363125244776408,0.008977789110455586,0.07388814290364583,0.9918836137900751
74315.46048669983,2799,183435264,183435264,2055.2438121376736,2978.164618342893,2789,100,9.610000085830688,5.270474397327567,17.0,0.0,8.680000019073486,5.166971948945697,15.0,0.0,-0.0015160218560292074,0.20379987522028384,2.360227311650912,0.0108260020333546,0.10353597005208333,0.9906887530038755
74375.46078577824,2801,183591424,183566336,2602.6536933744246,2184.522444274927,2789,100,9.610000085830688,5.270474397327567,17.0,0.0,8.680000019073486,5.166971948945697,15.0,0.0,-0.0038123331833048724,0.35183114977553487,2.3409115398923555,0.010297322660941669,0.08989969889322917,0.9811493859936794
74447.79650323186,2804,183762944,183762944,2371.1660855506348,2717.9933637356526,2795,100,10.089999961853028,4.949939229150704,17.0,0.0,8.309999895095824,5.17435016176028,15.0,0.0,-0.003952182965197911,0.18566722500448427,2.33615326633056,0.00889954595125649,0.0757293701171875,0.9908649735152723
74507.7970458772,2806,183915776,183894016,2547.1769631047346,2184.51357639803,2795,100,10.089999961853028,4.949939229150704,17.0,0.0,8.309999895095824,5.17435016176028,15.0,0.0,-0.0027142307299072854,0.22847743285819888,2.3243379170695944,0.010839034509748064,0.11696879069010416,0.9883938729763031
74580.14399441332,2809,184090624,184090624,2416.79854559066,2717.571424617316,2801,100,10.669999885559083,4.595769853480196,17.0,0.0,8.560000038146972,5.1231240147883925,15.0,0.0,-0.007211115761795857,0.2405584074246387,2.328399839500586,0.01172788758594834,0.11816914876302084,0.988675855100155
74640.14399602078,2811,184243200,184221696,2542.933265205491,2184.5332748074015,2801,100,10.669999885559083,4.595769853480196,17.0,0.0,8.560000038146972,5.1231240147883925,15.0,0.0,-0.00678032850070546,0.20110880878443518,2.3250509972373643,0.008979984497273108,0.09189351399739583,0.9901843679447968
74712.31441782601,2814,184418304,184418304,2426.257123348335,2724.2185244612883,2806,100,9.690000057220459,5.153047526907289,17.0,0.0,9.110000014305115,4.9272608649262395,16.0,0.0,-0.0051464586188861485,0.2707163145920883,2.3396639873584113,0.009573139783242368,0.09517415364583334,0.9869077478845915
74772.31448309682,2816,184568576,184549376,2504.5306087875865,2184.5309568982016,2806,100,9.690000057220459,5.153047526907289,17.0,0.0,9.110000014305115,4.9272608649262395,16.0,0.0,-0.00223726323019946,0.22009550485139093,2.2869975194334984,0.008923196504838415,0.08533732096354166,0.9892163382222255
74832.31468291674,2818,184738304,184680448,2828.7905791884486,2184.526058136479,2811,100,9.969999837875367,4.990901829809432,17.0,0.0,8.42999997138977,5.314611816128066,16.0,0.0,-0.005632268434662061,0.13971342569372308,2.3074837823708854,0.009033007467830128,0.08885192871093749,0.9932191465049982
74898.9849433722,2821,184877056,184877056,2081.1678108366855,2948.9610308534584,2811,100,9.969999837875367,4.990901829809432,17.0,0.0,8.42999997138977,5.314611816128066,16.0,0.0,-0.0029304797765992894,0.2623940451691548,2.287706849475702,0.00824711351803368,0.07454427083333333,0.986423738921682
74958.98531419225,2823,185021440,185008128,2406.38512773566,2184.5198322706697,2817,100,9.709999895095825,5.109393249128961,17.0,0.0,8.559999942779541,5.37460687027281,16.0,0.0,-0.0014207466204728305,0.16593036979126433,2.2928478568792343,0.00965141805318126,0.09103902180989584,0.9906108944366376
75018.98546986375,2825,185196288,185139200,2914.1257725611795,2184.527665521704,2817,100,9.709999895095825,5.109393249128961,17.0,0.0,8.559999942779541,5.37460687027281,16.0,0.0,-0.002335483094308681,0.23905478999949992,2.3034945478041964,0.01165443717824625,0.10661824544270834,0.9867742241670687
75085.87112633605,2828,185335808,185335808,2085.9479798600782,2939.4643092340184,2817,100,9.709999895095825,5.109393249128961,17.0,0.0,8.559999942779541,5.37460687027281,16.0,0.0,-0.004200048753167114,0.2215223767949889,2.332074868182341,0.011627841078128162,0.11229451497395834,0.9886140953749418
75145.87148216832,2830,185484032,185466880,2470.385349285864,2184.5203779522662,2822,100,9.620000123977661,5.078936869650463,17.0,0.0,9.130000066757201,4.969215149872791,16.0,0.0,-0.0034875777176542515,0.23333655204623938,2.345175728201866,0.01068296933347786,0.09487406412760416,0.9878468395521244
75205.87229945324,2832,185660416,185597952,2939.6932905501035,2184.5035773028344,2822,100,9.620000123977661,5.078936869650463,17.0,0.0,9.130000066757201,4.969215149872791,16.0,0.0,-0.003946857292855081,0.3083515416365117,2.336498332520326,0.00631074045971521,0.05408732096354167,0.9850277807563543
75272.55266921874,2835,185794560,185794560,2011.7464925848356,2948.513943330446,2828,100,9.739999866485595,4.983211757722038,17.0,0.0,8.139999961853027,5.297206803827368,15.0,0.0,-0.004231053952632162,0.23041475843638182,2.368320581813653,0.013281986848596716,0.11553955078125,0.9887306876480579
75332.55306623783,2837,185946880,185925632,2538.6498684590633,2184.5188784051097,2828,100,9.739999866485595,4.983211757722038,17.0,0.0,8.139999961853027,5.297206803827368,15.0,0.0,-0.0023942547243981003,0.20923622169842324,2.3385834520061812,0.01285927901881223,0.11159769694010417,0.9881071566293637
75404.36941465363,2840,186122240,186122240,2441.7838537920034,2737.649634616436,2833,100,9.53999991416931,5.018804526391258,16.0,0.0,8.170000076293945,5.265083091439287,15.0,0.0,-0.0036276980026741516,0.2443706359093388,2.3425897881388664,0.010903372328660529,0.0944976806640625,0.988649928321441
75464.3697637599,2842,186277632,186253312,2589.8515977762727,2184.5206228359993,2833,100,9.53999991416931,5.018804526391258,16.0,0.0,8.170000076293945,5.265083091439287,15.0,0.0,-0.004568693657347467,0.2287745447829366,2.3438102702299757,0.010311204016034027,0.10153706868489583,0.9896491163720688
75535.68949112389,2845,186449920,186449920,2415.7131044639245,2756.71272545066,2839,100,9.95,5.0207071397354746,17.0,0.0,9.359999942779542,4.928529205122075,16.0,0.0,-0.004142880236031488,0.28995219555993873,2.349396472175916,0.008045509113799199,0.074371337890625,0.9849486909806727
75595.68977646064,2847,186598144,186580992,2470.388251790842,2184.522944588793,2839,100,9.95,5.0207071397354746,17.0,0.0,9.359999942779542,4.928529205122075,16.0,0.0,-0.0024965560054018474,0.2595554646104574,2.3318198397755627,0.009650484267694992,0.09249877929687499,0.9858755966027578
75655.68991166353,2849,186774784,186712064,2943.9933660597085,2184.528410757349,2839,100,9.95,5.0207071397354746,17.0,0.0,9.359999942779542,4.928529205122075,16.0,0.0,-0.0036406164751194106,0.29593517662336427,2.3775162498156233,0.01156417985900286,0.10482279459635417,0.9867324021955332
75720.71665789466,2852,186908672,186908672,2058.968159411023,3023.49435263416,2844,100,9.520000123977661,5.218198924322747,17.0,0.0,8.3,5.3169539494221985,15.0,0.0,-0.0025264034387267507,0.25097606781249243,2.36351698388656,0.009390793132600569,0.08511861165364583,0.987092894812425
75780.72077895142,2854,187060480,187039744,2529.959564883967,2184.3833005406254,2844,100,9.520000123977661,5.218198924322747,17.0,0.0,8.3,5.3169539494221985,15.0,0.0,0.0009361251892793607,0.16854379081632942,2.385171726346016,0.01052154886565404,0.1087188720703125,0.9915406070649624
75852.3739245059,2857,187236352,187236352,2454.4909876467377,2743.8851215614186,2850,100,10.519999980926514,4.836279448307215,17.0,0.0,9.140000009536744,5.018007481406933,16.0,0.0,-0.0041183320063282736,0.2066745930351317,2.3640435064832372,0.006980785366370886,0.06884256998697917,0.989391265437007
75912.37429891434,2859,187385856,187367424,2491.717784663905,2184.5197016231496,2850,100,10.519999980926514,4.836279448307215,17.0,0.0,9.140000009536744,5.018007481406933,16.0,0.0,-0.003414455127009812,0.2881595212190102,2.369524970650673,0.010348094464158445,0.09047444661458334,0.9847359899431467
75972.37444999721,2861,187560704,187498496,2914.125995424522,2184.5278325876357,2850,100,10.519999980926514,4.836279448307215,17.0,0.0,9.140000009536744,5.018007481406933,16.0,0.0,-0.004185439671952433,0.21893905824981633,2.3521395151813826,0.011801981358682193,0.10684712727864583,0.9876951246211926
76038.74257105868,2864,187695104,187695104,2025.0686300959276,2962.386110311757,2855,100,9.799999904632568,5.124451156499263,17.0,0.0,8.269999885559082,5.26470322451096,15.0,0.0,-0.003998501641035546,0.23346641023332876,2.3351233154535294,0.010339496279508845,0.10582987467447916,0.9873492668072383
76098.7427451415,2866,187844352,187826176,2487.45944960092,2184.5269951898304,2855,100,9.799999904632568,5.124451156499263,17.0,0.0,8.269999885559082,5.26470322451096,15.0,0.0,-0.0026495181300560944,0.3010442000813782,2.3191834464669228,0.007371319516096265,0.0759124755859375,0.9836848185708126
76158.74315187056,2868,188022016,187957248,2961.0465942718283,2184.5185248806574,2862,100,9.480000066757203,5.24686569324056,17.0,0.0,8.060000038146972,5.414462131776451,16.0,0.0,-0.0030468017212115233,0.19715402298606932,2.315890150765578,0.0124352106868173,0.1097869873046875,0.9896101889510949
76225.12187398877,2871,188153856,188153856,1986.1786396732123,2961.9130005223824,2862,100,9.480000066757203,5.24686569324056,17.0,0.0,8.060000038146972,5.414462131776451,16.0,0.0,-0.0028305903639799603,0.26826215783754986,2.339031959573428,0.0077808434646916185,0.08139546712239583,0.9866146023074785
76285.12194777094,2873,188305920,188284928,2534.396883445042,2184.530647009868,2862,100,9.480000066757203,5.24686569324056,17.0,0.0,8.060000038146972,5.414462131776451,16.0,0.0,-0.004297260942015177,0.336142700475951,2.351452807585398,0.0070773513052699855,0.06794230143229167,0.9834872502833605
76356.75658536144,2876,188481536,188481536,2451.551454813185,2744.5940485372103,2868,100,10.110000038146973,5.098813459488145,17.0,0.0,9.030000066757202,5.076327372959303,16.0,0.0,-0.003267623350742118,0.2451030925537149,2.3511961027979846,0.008707658887336342,0.07548014322916667,0.9875045393904051
76416.75661066175,2878,188631808,188612608,2504.5322772426557,2184.53241217758,2868,100,10.110000038146973,5.098813459488145,17.0,0.0,9.030000066757202,5.076327372959303,16.0,0.0,-0.002633224226883612,0.28945960151031613,2.346152998507023,0.0086688380955214,0.10898335774739584,0.9860367594907682
76476.75676411763,2880,188800000,188743680,2803.1928305594706,2184.5277461894198,2873,100,10.25999994277954,5.0371022427385075,17.0,0.0,9.280000066757202,4.882786123711902,15.0,0.0,-0.0034497745752256983,0.2582867310848087,2.3031502664089203,0.00985499111690539,0.0981597900390625,0.9844115966310104
76542.31030889135,2883,188940288,188940288,2140.052082374043,2999.197078947564,2873,100,10.25999994277954,5.0371022427385075,17.0,0.0,9.280000066757202,4.882786123711902,15.0,0.0,-0.003224876815996443,0.2783799178432673,2.3432051315903664,0.015146669424818054,0.12179565429687499,0.9849655864139398
76602.31038449798,2885,189092096,189071360,2530.1301450898027,2184.530580583438,2879,100,9.989999961853027,5.044789315307996,17.0,0.0,8.769999933242797,5.090883963507578,15.0,0.0,-0.004779342101149572,0.17656504032978168,2.3651333947976427,0.007140630888291829,0.067230224609375,0.9909051874031624
76673.87661467772,2888,189267968,189267968,2457.4719048116567,2747.2175005754766,2879,100,9.989999961853027,5.044789315307996,17.0,0.0,8.769999933242797,5.090883963507578,15.0,0.0,-0.004838014351359258,0.2529648038713882,2.3358953346808753,0.0076052794265706325,0.0745391845703125,0.9871270569662254
76733.87701569777,2890,189417472,189399040,2491.716679527541,2184.5187327364742,2879,100,9.989999961853027,5.044789315307996,17.0,0.0,8.769999933242797,5.090883963507578,15.0,0.0,-0.0028562278360671676,0.27055467176251113,2.302221601208051,0.005651421632743829,0.05585734049479167,0.9857132403800885
76793.87723401934,2892,189593088,189530112,2926.9226831607784,2184.5253845164993,2885,100,9.539999961853027,5.175751078783581,16.0,0.0,8.900000047683715,5.144900416202198,16.0,0.0,-0.004502887153648771,0.18870937816488245,2.3227632964650793,0.007309295070929996,0.0784149169921875,0.9899310301989318
76861.44789472502,2895,189726720,189726720,1977.6630656620248,2909.665200054473,2885,100,9.539999961853027,5.175751078783581,16.0,0.0,8.900000047683715,5.144900416202198,16.0,0.0,-0.004315812286222354,0.13102028433543939,2.300092466175556,0.00893570206790173,0.09128824869791666,0.992689782132705
76921.44824799802,2897,189876736,189857792,2500.251945474729,2184.5204711315037,2890,100,10.060000038146972,4.8720017524193135,17.0,0.0,8.669999885559083,5.15762541616153,16.0,0.0,0.006528512737228691,0.2097081859440853,2.2871796240409217,0.014388810757130463,0.13614400227864581,0.9890595146765311
76981.4482559273,2899,190052096,189988864,2922.666280422659,2184.5330446370826,2890,100,10.060000038146972,4.8720017524193135,17.0,0.0,8.669999885559083,5.15762541616153,16.0,0.0,-0.0029775076667040894,0.1774783046372856,2.32418322066466,0.012931071614730172,0.11154683430989583,0.9917168977359931
77046.82834817283,2902,190185472,190185472,2040.0093578810415,3007.1539095060266,2896,100,10.129999923706055,4.8096881764031,17.0,0.0,9.699999904632568,4.661544809124179,15.0,0.0,-0.005360258908088629,0.1875285205896944,2.271497252086798,0.010775677497804281,0.10503641764322916,0.9890087650467952
77106.82873124257,2904,190339328,190316544,2564.2502952218224,2184.5193862788237,2896,100,10.129999923706055,4.8096881764031,17.0,0.0,9.699999904632568,4.661544809124179,15.0,0.0,-0.004338973281846847,0.11345689852411547,2.3058746705452604,0.00997862460462784,0.09893798828125,0.9943542666733265
77166.82896218635,2906,190510592,190447616,2854.3890132766655,2184.524924959122,2896,100,10.129999923706055,4.8096881764031,17.0,0.0,9.699999904632568,4.661544809124179,15.0,0.0,-0.005728538783538776,0.19155720147925118,2.29122307151556,0.011135148350755724,0.1009063720703125,0.9905098297943671
77231.80092469696,2909,190644224,190644224,2056.7641000251697,3026.0437333703644,2901,100,9.140000057220458,5.215400359913449,17.0,0.0,9.030000114440918,5.101872137499155,16.0,0.0,-0.004350188236761217,0.24525321546631554,2.314854480326176,0.007166058980146772,0.07432047526041667,0.988959973057111
77291.8012507055,2911,190800128,190775296,2598.3858817337155,2184.521463789265,2901,100,9.140000057220458,5.215400359913449,17.0,0.0,9.030000114440918,5.101872137499155,16.0,0.0,-0.006083823204486786,0.12349310622084886,2.2771883755922318,0.009361956381326308,0.09053548177083334,0.9940707323451837
77363.84361388255,2914,190971904,190971904,2384.3748653530115,2729.0609487199895,2907,100,9.319999980926514,5.358880376124625,17.0,0.0,8.240000009536743,5.278484500302834,15.0,0.0,-0.0023018396944583706,0.28654461936093867,2.2808717985947924,0.011477813170737743,0.10309346516927084,0.9873226825147867
77423.84424375836,2916,191120384,191102976,2474.640688061579,2184.510400495739,2907,100,9.319999980926514,5.358880376124625,17.0,0.0,8.240000009536743,5.278484500302834,15.0,0.0,-0.0036953258289334676,0.20623856169792515,2.310204640030861,0.010835340267173402,0.10659281412760417,0.990057572722435
77483.84429395851,2918,191295744,191234048,2922.6642213636565,2184.5315056032,2907,100,9.319999980926514,5.358880376124625,17.0,0.0,8.240000009536743,5.278484500302834,15.0,0.0,-0.0037035055671973778,0.22654433571733534,2.2777318681279817,0.01377974442402774,0.13352457682291669,0.9876577357451121
77549.38445986435,2921,191430656,191430656,2058.4629003506557,2999.8093120859653,2913,100,8.92999987602234,5.2957624310497415,16.0,0.0,8.589999961853028,5.321832219967775,16.0,0.0,-0.003970006842185588,0.20442423472801846,2.3145308817426367,0.012763226824972662,0.12157694498697917,0.9902018699795008
77609.3850142667,2923,191585792,191561728,2585.5761091751024,2184.513148345961,2913,100,8.92999987602234,5.2957624310497415,16.0,0.0,8.589999961853028,5.321832219967775,16.0,0.0,-0.004068704673651761,0.3126315990618119,2.277885573605696,0.00864330166344492,0.07964070638020833,0.9846200483540694
77680.58641184215,2926,191758336,191758336,2423.323219424019,2761.2941135276656,2913,100,8.92999987602234,5.2957624310497415,16.0,0.0,8.589999961853028,5.321832219967775,16.0,0.0,-0.002355565971811302,0.19574894996670386,2.2880798752109213,0.008718713232762337,0.086700439453125,0.9902848725517591
77740.58705683891,2928,191912192,191889408,2564.2391012347002,2184.5098499703267,2920,100,9.680000066757202,5.133965305340134,17.0,0.0,8.480000019073486,5.131237626394552,15.0,0.0,-0.005186066914272184,0.2501813979664197,2.2891601398587227,0.012747809113837622,0.10730997721354166,0.9878874414910873
77811.87402036414,2931,192086016,192086016,2438.3700946735416,2757.9797241668334,2920,100,9.680000066757202,5.133965305340134,17.0,0.0,8.480000019073486,5.131237626394552,15.0,0.0,-0.003973657973498727,0.19835920554275313,2.321281902492047,0.010384587869339157,0.11035156249999999,0.9896699246019125
77871.8745107716,2933,192235520,192217088,2491.7129674229,2184.5154782885697,2926,100,10.119999933242799,4.919918579265286,17.0,0.0,8.650000047683715,5.103675078037401,16.0,0.0,-0.004743327267836624,0.3214099803008139,2.3266927674412727,0.01160428050692038,0.11434936523437501,0.9849086869508028
77943.83218522649,2936,192413696,192413696,2476.122267009601,2732.2728463554217,2926,100,10.119999933242799,4.919918579265286,17.0,0.0,8.650000047683715,5.103675078037401,16.0,0.0,-0.003970585536687091,0.1814425669144839,2.2943167686462402,0.008617766035968089,0.08478291829427084,0.9908539131283761
78003.83241081517,2938,192562176,192544768,2474.6573624218977,2184.5251199310546,2926,100,10.119999933242799,4.919918579265286,17.0,0.0,8.650000047683715,5.103675078037401,16.0,0.0,-0.004127368905756157,0.16163307374032834,2.295852286120256,0.011856284440000309,0.10582987467447917,0.9917544418325027
78063.83260264061,2940,192735232,192675840,2884.2574454340106,2184.526349204458,2932,100,9.399999856948853,5.278257228710574,17.0,0.0,8.159999966621399,5.268244422902883,15.0,0.0,-0.00438538555924121,0.2812457541779925,2.302953700224559,0.008777443049136005,0.08637491861979166,0.9870557536681492
78129.77290621866,2943,192872448,192872448,2080.9124701344826,2981.605927356871,2932,100,9.399999856948853,5.278257228710574,17.0,0.0,8.159999966621399,5.268244422902883,15.0,0.0,-0.0022944736701902,0.28888747142627835,2.282266919811567,0.010377061581190597,0.11434427897135417,0.9850430085013311
78189.77332499251,2945,193024256,193003520,2530.1156742285393,2184.518086349093,2939,100,9.27000002861023,5.343884211455113,17.0,0.0,8.860000038146973,5.104938721908571,16.0,0.0,-0.0045131367005524226,0.20871860013964277,2.323723879953225,0.008925089259112914,0.08719889322916667,0.989998343711098
78262.32109748013,2948,193200128,193200128,2424.2232941059438,2710.0487479961644,2939,100,9.27000002861023,5.343884211455113,17.0,0.0,8.860000038146973,5.104938721908571,16.0,0.0,-0.005179682804737241,0.13429414651667076,2.290786790351073,0.010449027190891986,0.0935516357421875,0.9938220928112665
78322.32119398098,2950,193354240,193331200,2568.52920224576,2184.5298198502146,2944,100,9.770000076293945,5.063309138070265,17.0,0.0,8.559999990463258,5.152319728758742,15.0,0.0,-0.003689367469632998,0.18783822221060595,2.3022810394565263,0.007411353399826718,0.06581624348958334,0.9916553484896818
78394.44968003687,2953,193527808,193527808,2406.372426360509,2725.802394461462,2944,100,9.770000076293945,5.063309138070265,17.0,0.0,8.559999990463258,5.152319728758742,15.0,0.0,-0.004871907350510204,0.19092636881396177,2.3176280558109283,0.009290842323631901,0.09063720703125,0.9906845943381389
78454.44987786934,2955,193679104,193658880,2521.591685788031,2184.5261304965684,2944,100,9.770000076293945,5.063309138070265,17.0,0.0,8.559999990463258,5.152319728758742,15.0,0.0,-0.001201746371710518,0.23131456893558303,2.329705407222112,0.00735130752400437,0.07552083333333333,0.9885894004255533
78525.31839580648,2958,193855488,193855488,2488.890767497847,2774.264309779893,2950,100,9.039999961853027,5.502581062768153,16.0,0.0,8.459999942779541,5.183473635019496,16.0,0.0,-0.004588961914123502,0.15217187678596625,2.310969213644664,0.01148754907141362,0.10834248860677084,0.9925542722145716
78585.31878988538,2960,194005248,193986560,2495.9836064253122,2184.5189854525806,2955,100,9.709999942779541,5.221675882071474,17.0,0.0,8.539999961853027,5.282840100928676,16.0,0.0,-0.0031376007924942923,0.16499790099139014,2.304118630786737,0.013342588859207657,0.11989847819010417,0.992424875497818
78645.31892828085,2962,194182912,194117632,2961.0598367124053,2184.5282945198146,2955,100,9.709999942779541,5.221675882071474,17.0,0.0,8.539999961853027,5.282840100928676,16.0,0.0,-0.004365172945351029,0.2738574845716357,2.297722744445006,0.009190626441219743,0.08864847819010416,0.9863277673721313
78710.3542993823,2965,194314240,194314240,2019.3319077877768,3023.093382419128,2955,100,9.709999942779541,5.221675882071474,17.0,0.0,8.539999961853027,5.282840100928676,16.0,0.0,-0.004219049575719207,0.2101157599827275,2.33175345013539,0.011355257866550042,0.11278788248697916,0.9893535679827133
78770.35435340833,2967,194467840,194445312,2559.99769489178,2184.531366307652,2960,100,9.210000133514404,5.3652493729568915,17.0,0.0,8.429999923706054,5.132747699921992,15.0,0.0,-0.005069188424386084,0.2551177024530868,2.3187020594875016,0.009914527320991814,0.09221394856770833,0.9877703400949637
78830.35449447762,2969,194641408,194576384,2892.7931985951436,2184.528197169194,2960,100,9.210000133514404,5.3652493729568915,17.0,0.0,8.429999923706054,5.132747699921992,15.0,0.0,-0.0005149254842156854,0.22136071083756784,2.319626140097777,0.012318693728957442,0.1056365966796875,0.9887331736584505
78895.82140341867,2972,194772992,194772992,2009.9314619924196,3003.1660755061835,2965,100,9.569999885559081,5.310847204028437,17.0,0.0,8.62000002861023,5.268358345558859,15.0,0.0,-0.0037398077887094887,0.2665060417105754,2.3456746836503344,0.011055577758573538,0.108123779296875,0.9875478787968557
78955.82141167112,2974,194924288,194904064,2521.59965317711,2184.5330328708637,2965,100,9.569999885559081,5.310847204028437,17.0,0.0,8.62000002861023,5.268358345558859,15.0,0.0,-0.003904372853867244,0.19608478900045154,2.319463573396206,0.007746349213145247,0.07486979166666666,0.9900032474348942
79027.99054550193,2977,195100672,195100672,2444.036538023208,2724.2671425280455,2965,100,9.569999885559081,5.310847204028437,17.0,0.0,8.62000002861023,5.268358345558859,15.0,0.0,-0.00454469718412535,0.25017710371563834,2.337459959089756,0.008874848572910802,0.08419291178385417,0.988317554195722
79087.99056045432,2979,195254784,195231744,2568.53269323855,2184.5327889337836,2971,100,9.560000038146972,5.097685665206857,16.0,0.0,8.619999933242799,5.304300107237902,16.0,0.0,-0.004543799839060132,0.1887665099153916,2.3583609039584794,0.009666678040351448,0.08435567220052083,0.9918474567433199
79160.22565128561,2982,195428352,195428352,2402.821094326146,2721.779646670325,2971,100,9.560000038146972,5.097685665206857,16.0,0.0,8.619999933242799,5.304300107237902,16.0,0.0,-0.0024443156726192683,0.3395428575264911,2.2898112560311956,0.010799930344849903,0.109344482421875,0.9825839580347141
79220.22574222274,2984,195577088,195559424,2478.929576220975,2184.530022418484,2978,100,9.790000057220459,5.11135007921306,17.0,0.0,9.219999933242798,4.896080090559728,16.0,0.0,-0.0031380658474517986,0.28553664932648337,2.3130369782447815,0.011281770426649018,0.10941569010416667,0.9842169800152382
79280.22619878035,2986,195749376,195690496,2871.444817000326,2184.516710704557,2978,100,9.790000057220459,5.11135007921306,17.0,0.0,9.219999933242798,4.896080090559728,16.0,0.0,-0.005813248945438923,0.19810683590670425,2.335277532537778,0.01174502844272259,0.1025848388671875,0.9905560923119386
79346.00355226547,2989,195887104,195887104,2093.851344006524,2988.9922531542948,2982,100,10.089999866485595,5.114870476073378,17.0,0.0,8.909999990463257,5.10900178682907,16.0,0.0,-0.004568934394531729,0.18372590599271157,2.312357318898042,0.011469704668343184,0.10530598958333334,0.991549759482344
79406.00363107398,2991,196038912,196018176,2530.1300100701324,2184.53046400659,2986,100,10.480000019073486,4.798916522567343,17.0,0.0,8.910000038146972,5.073647643149478,15.0,0.0,-0.004752545765465281,0.19548138797593614,2.2818367208043733,0.010714030984066387,0.1007080078125,0.9900466899077097
79466.00400179718,2993,196211712,196149248,2879.98220539657,2184.519835797102,2986,100,10.480000019073486,4.798916522567343,17.0,0.0,8.910000038146972,5.073647643149478,15.0,0.0,-0.007122448012523819,0.16471697459928689,2.260763540863991,0.008597911362812738,0.08781941731770833,0.9914596813420455
79530.64717314113,2996,196345856,196345856,2075.1457147151496,3041.434940651211,2991,100,10.489999866485595,4.725452271843912,17.0,0.0,9.370000123977661,4.7405801155103955,15.0,0.0,-0.004609554268730184,0.12951419250263524,2.3213741655151052,0.010192352512603973,0.10226949055989584,0.993967986976107
79590.64751572441,2998,196495872,196476928,2500.252390922094,2184.520860327836,2991,100,10.489999866485595,4.725452271843912,17.0,0.0,9.370000123977661,4.7405801155103955,15.0,0.0,-0.005077507938646401,0.2007644606443743,2.2768630757927895,0.014340964170211617,0.12216695149739583,0.9891167357563972
79662.87481060997,3001,196673536,196673536,2459.7903089339643,2722.073425448537,2994,100,10.280000019073487,4.849907209676521,17.0,0.0,9.130000019073487,4.851092621788948,15.0,0.0,-0.0038880204908006513,0.21431157947517931,2.2882637654741607,0.009460450065186404,0.083099365234375,0.9899136784176032
79722.8752617063,3003,196818176,196804608,2410.648542754681,2184.516909540525,2994,100,10.280000019073487,4.849907209676521,17.0,0.0,9.130000019073487,4.851092621788948,15.0,0.0,-0.004977812158661739,0.17938685739257684,2.2753109236558275,0.010370779850442583,0.09968058268229167,0.9912010642389456
79782.87544042524,3005,196998400,196935680,3003.7243862927226,2184.5268263947073,2994,100,10.280000019073487,4.849907209676521,17.0,0.0,9.130000019073487,4.851092621788948,15.0,0.0,-0.0035794504777489538,0.22188247616092363,2.272324698666732,0.005822132513155035,0.05829874674479167,0.9896872925261656
79848.66168358084,3008,197132288,197132288,2035.1975364108578,2988.5883517467278,3000,100,10.200000095367432,4.8867166585104815,17.0,0.0,9.149999904632569,4.966638566454747,16.0,0.0,0.00034113810155152657,0.18105043230267862,2.2995437060793242,0.01178653539561007,0.09319559733072917,0.9914448006699482
79908.66202428471,3010,197283584,197263360,2521.5856814331273,2184.520928754249,3000,100,10.200000095367432,4.8867166585104815,17.0,0.0,9.149999904632569,4.966638566454747,16.0,0.0,-0.003624541510362178,0.2132711426044504,2.3111629982789355,0.010500611106787499,0.08592224121093751,0.9901639924695095
79980.97877859045,3013,197459968,197459968,2439.04751662799,2718.7060852979625,3006,100,10.85,4.557137204873704,17.0,0.0,8.870000219345092,4.9772583693829135,15.0,0.0,-0.0010218857108460118,0.3327952787900964,2.319825515151024,0.013428289726410489,0.120269775390625,0.9829806790997585
80040.97913274448,3015,197611776,197591040,2530.118399139313,2184.5204390545164,3006,100,10.85,4.557137204873704,17.0,0.0,8.870000219345092,4.9772583693829135,15.0,0.0,-0.003975292083244616,0.18917581318722415,2.319522649049759,0.010524009792789002,0.10707600911458333,0.9910148587077856
80100.97945898212,3017,197781760,197722112,2833.051262533975,2184.5214554478844,3012,100,10.419999885559083,4.752220347721632,17.0,0.0,9.090000009536743,4.874617847338102,16.0,0.0,-0.0033693205962966504,0.2749835141003132,2.303395340840022,0.009332707419768365,0.08706156412760417,0.9862358843286831
80167.47636526078,3020,197918720,197918720,2059.644691229241,2956.648827783284,3012,100,10.419999885559083,4.752220347721632,17.0,0.0,9.090000009536743,4.874617847338102,16.0,0.0,-0.003771932550686567,0.29376247750284773,2.3305942962567014,0.010135996801182044,0.09517415364583333,0.9854698833078146
80227.47683471628,3022,198070272,198049792,2525.8469037881714,2184.516241114094,3016,100,9.850000047683716,5.113462580901096,17.0,0.0,9.260000085830688,4.855141530719798,16.0,0.0,-0.004833130432719675,0.13514802147013447,2.2881800855199494,0.01038028864725978,0.10491943359374999,0.9930180435379347
80299.71207770333,3025,198246400,198246400,2438.255797541534,2721.7739135347356,3016,100,9.850000047683716,5.113462580901096,17.0,0.0,9.260000085830688,4.855141530719798,16.0,0.0,-0.005113003448059317,0.18127014127094299,2.3115175366401672,0.008651126539310402,0.08496602376302083,0.9918719474226235
80359.7121640062,3027,198402816,198377472,2606.92958357496,2184.530191146284,3021,100,10.209999990463256,5.012574149167647,17.0,0.0,8.460000038146973,5.109637834651154,15.0,0.0,-0.0041193561264663,0.20527091156691313,2.3157678345839185,0.004654536094676587,0.046117146809895836,0.9902801339824995
80432.64335853886,3030,198574080,198574080,2348.2955557967516,2695.8011761612934,3021,100,10.209999990463256,5.012574149167647,17.0,0.0,8.460000038146973,5.109637834651154,15.0,0.0,-0.0038945061630026125,0.12133384154488644,2.3592864697178206,0.010586400518150185,0.09613545735677084,0.9950438216328621
80492.64344878681,3032,198723328,198705152,2487.462925192778,2184.5300475106387,3027,100,10.439999961853028,4.806911510419792,17.0,0.0,8.900000047683715,5.004997566493499,16.0,0.0,-0.0019518114349921234,0.16394511175652343,2.3156931400299072,0.010087870519176553,0.1035003662109375,0.9913552359988292
80552.64349258877,3034,198895616,198836224,2871.4645704035697,2184.5317385536814,3027,100,10.439999961853028,4.806911510419792,17.0,0.0,8.900000047683715,5.004997566493499,16.0,0.0,-0.005102106811439929,0.20089799033788344,2.295844202240308,0.010102048500508925,0.09179178873697917,0.9893924680848917
80620.68196034431,3037,199032832,199032832,2016.741477674221,2889.659430697391,3027,100,10.439999961853028,4.806911510419792,17.0,0.0,8.900000047683715,5.004997566493499,16.0,0.0,-0.004040476531372406,0.20852074710031354,2.293919595579306,0.009720595015702807,0.08650716145833333,0.9904995417843263
80680.68484603334,3039,199179776,199163904,2448.948884917894,2184.4282736549853,3032,100,10.3,4.940647701105321,17.0,0.0,8.680000114440919,5.174707647128975,16.0,0.0,-0.005263326282147318,0.14756337987879914,2.2622714142004647,0.010586254596394914,0.0952301025390625,0.9918273376921812
80740.68534752727,3041,199356928,199294976,2952.5086555808425,2184.515074649409,3032,100,10.3,4.940647701105321,17.0,0.0,8.680000114440919,5.174707647128975,16.0,0.0,-0.0039171984705414315,0.17803026239077252,2.306592606008053,0.009856454740050442,0.102325439453125,0.9919560234993696
80806.33984643314,3044,199491584,199491584,2050.9790226721375,2994.585341087836,3032,100,10.3,4.940647701105321,17.0,0.0,8.680000114440919,5.174707647128975,16.0,0.0,-0.003932689445112676,0.16876440778529891,2.2915473332007723,0.009448244017524607,0.08719380696614583,0.9921673604597647
80866.34007055126,3046,199639808,199622656,2470.3907723443676,2184.5251734720487,3038,100,10.310000038146972,4.9349671488819595,17.0,0.0,8.980000019073486,4.945664788260501,15.0,0.0,-0.0045656849930916605,0.23250056826509535,2.2890454779068627,0.008998927500215359,0.08029683430989583,0.987734232097864
80926.34039616399,3048,199814144,199753728,2905.584231746733,2184.521478200187,3038,100,10.310000038146972,4.9349671488819595,17.0,0.0,8.980000019073486,4.945664788260501,15.0,0.0,-0.005538183143168378,0.15812003934600702,2.2945089936256413,0.009170256816408559,0.09043375651041667,0.9923631101846695
80992.88785623387,3051,199950336,199950336,2046.5394149827514,2954.402764486378,3044,100,10.309999942779541,4.784756951665659,17.0,0.0,9.440000009536742,4.731426794730756,16.0,0.0,-0.002801039627229329,0.2202489566989243,2.3116288855671883,0.01145940941448013,0.09727986653645833,0.9893236768742402
81019.72275012545,3052,200015872,200015872,2442.1933719866165,2442.1933719866165,3044,100,10.309999942779541,4.784756951665659,17.0,0.0,9.440000009536742,4.731426794730756,16.0,0.0,-0.003958193495539793,0.1799780756312733,2.3357614800333977,0.011772667818756116,0.10088094075520833,0.9917552558084328
