wall_time,updates,collected_samples,trained_samples,sampler_fps,learner_fps,version,num_episodes,train_return_mean,train_return_std,train_return_max,train_return_min,test_return_mean,test_return_std,test_return_max,test_return_min,actor_loss,critic_loss,spr_loss,entropy,approx_kl,clip_frac,explained_var,policy_reg,raw_reward_mean,raw_reward_std,reward_running_std
60.00028380937874,1,77056,65536,1284.2605919133212,1092.2615000990372,0,0,0,0,0,0,0,0,0,0,0.0017264682113212377,0.2571340132089972,0.015150938495935407,2.6744270672400794,0.010296047155255414,0.15591430664062497,0.03875342259804408,6.35278735193386e-05,0.0018310546875,0.11451024003326893,0.13530412316322327
147.54668334126472,3,196608,196608,1365.5844288200224,1497.1717934814808,0,0,0,0,0,0,0,0,0,0,-0.0002973527613600406,0.32027059048414236,0.00011021833377829655,2.671528212726116,0.005630391626861335,0.06676228841145833,0.015431232129534084,2.3262690675096568e-05,0.0034027099609375,0.18153417855501175,0.1827678233385086
207.55145495943725,4,320768,262144,2069.168778610899,1092.1798089162685,0,0,0,0,0,0,0,0,0,0,-0.0010210510057125552,0.4715108247473836,5.368262407046131e-05,2.6750311056772866,0.005765687635478874,0.07538350423177083,0.04466923885047436,0.00023616500084244763,0.00518798828125,0.2267325259745121,0.19497771561145782
288.84253311529756,6,393216,393216,891.2171131633244,1612.3786640976045,0,0,0,0,0,0,0,0,0,0,-0.0006354288531535227,0.3182407408797493,0.00012261788545705107,2.6740173300107317,0.00601887726103693,0.0598602294921875,0.271681172773242,0.001029442245150373,0.00396728515625,0.19546573609113693,0.20085318386554718
348.84294538013637,7,519168,458752,2099.185576326612,1092.2591616658794,0,100,0.0,0.0,0.0,0.0,0.0,0.0,0.0,0.0,-0.0015762908951728603,0.23825840062151352,0.0002848977950028105,2.679521935681502,0.005193968173747028,0.057759602864583336,0.4892048196246227,0.0010754446763409458,0.002899169921875,0.16961483657360077,0.19677351415157318
430.3454416189343,9,589824,589824,866.9182327002812,1608.1961418208116,0,100,0.0,0.0,0.0,0.0,0.0,0.0,0.0,0.0,-0.0018160927368929456,0.23284052746991316,0.0009015732982030992,2.6817301337917647,0.0030618108661049823,0.0291900634765625,0.7128838803619146,0.0015631414898962248,0.00335693359375,0.17929423972964287,0.199011892080307
490.34585149772465,10,716800,655360,2116.2522098850677,1092.2592051019706,0,100,0.0,0.0,0.0,0.0,0.0,0.0,0.0,0.0,-0.0006319788032366583,0.33709289133548737,0.0012577185043483041,2.6830791185299554,0.0037961213220114587,0.0260009765625,0.7843179932485024,0.0016859093630046118,0.006256103515625,0.24693117663264275,0.20468908548355103
571.534998388961,12,786432,786432,857.6515786436499,1614.4029715645174,0,100,0.0,0.0,0.0,0.0,0.0,0.0,0.0,0.0,-0.0011721241347307416,0.33152611336360377,0.0019360006735951174,2.6852566152811055,0.002943637991847936,0.018086751302083336,0.8058991866807144,0.0014904807115575143,0.0058441162109375,0.2393527291715145,0.2098444402217865
631.5392877981067,13,903168,851968,1945.4609187023782,1092.1885859381773,0,100,0.0,0.0,0.0,0.0,0.0,0.0,0.0,0.0,-0.002332045420189388,0.3099511777982116,0.001969435343198711,2.682036839425564,0.003622224131201316,0.025777180989583332,0.8675198468069236,0.001747001141969425,0.0048828125,0.21693262457847595,0.2107168287038803
713.8667158968747,15,983040,983040,970.1748474904108,1592.081801009905,7,100,0.0,0.0,0.0,0.0,0.0,0.0,0.0,0.0,-0.001113241432904033,0.2937285453081131,0.002369686090484417,2.682575255632401,0.0019978759579923158,0.0097198486328125,0.8743391328801711,0.0016826966808973036,0.00518798828125,0.2257329598069191,0.21472415328025818
773.8669634759426,16,1101568,1048576,1975.4585152970337,1092.262159645876,7,100,0.0,0.0,0.0,0.0,0.0,0.0,0.0,0.0,-0.002157867927356468,0.24196912542295954,0.0022894346911925822,2.6787619839111962,0.0033529633637954244,0.022186279296875,0.880453131472071,0.0017269857307837808,0.0042724609375,0.2053062543272972,0.21422883868217468
855.549765933305,18,1179648,1179648,955.8927662987195,1604.6462175244078,7,100,0.0,0.0,0.0,0.0,0.0,0.0,0.0,0.0,-0.0017656984358230452,0.2632641719343762,0.002284391419379972,2.675937997798125,0.002494052660646654,0.015467325846354166,0.9126261745889982,0.0017382362918093956,0.00640869140625,0.2511608377099037,0.22315964102745056
915.5498738344759,19,1300224,1245184,2009.5963860366169,1092.264702389329,7,100,0.0,0.0,0.0,0.0,0.0,0.0,0.0,0.0,-0.0019003576580871595,0.2746491514456769,0.0023455421905964613,2.6743120128909745,0.002487281441669135,0.021392822265624997,0.9101159585018952,0.002014211828888316,0.0052337646484375,0.22570515424013138,0.22421115636825562
996.9674514550716,21,1376256,1376256,933.8523967675337,1609.8734920706304,14,100,0.7,2.5514701644346145,10.0,0.0,0.7,2.5514701644346145,10.0,0.0,-0.002789706632029265,0.1919298762610803,0.0021348083343279236,2.6818170746167502,0.0031875203543071016,0.021387736002604168,0.9183419731756051,0.0015076518126685794,0.0049285888671875,0.22039232775568962,0.22424636781215668
1056.9677801541984,22,1500416,1441792,2069.3219969277743,1092.260682914454,14,100,0.7,2.5514701644346145,10.0,0.0,0.7,2.5514701644346145,10.0,0.0,-0.003038423893788907,0.1608507807056109,0.0021193150023464113,2.682315945625305,0.003833479049717425,0.034154256184895836,0.9415785316377878,0.0016542413444161261,0.0027923583984375,0.16404160112142563,0.22389274835586548
1137.6181507688016,24,1572864,1572864,898.2971739361359,1625.1878199833977,14,100,0.7,2.5514701644346145,10.0,0.0,0.7,2.5514701644346145,10.0,0.0,-0.0015837877702627643,0.22961652015025416,0.0018010866867067914,2.685036530097326,0.003199282047110804,0.014200846354166666,0.9230885847161213,0.0015703122844570314,0.0067138671875,0.2572478801012039,0.22663161158561707
1197.6182064395398,25,1691392,1638400,1975.4648337402396,1092.265653212746,14,100,0.7,2.5514701644346145,10.0,0.0,0.7,2.5514701644346145,10.0,0.0,-0.0017843170656609195,0.24573037028312683,0.0020039610147553804,2.677597490449746,0.0024988012246467406,0.016357421875,0.9399882946163416,0.002036619265709305,0.0059967041015625,0.23705676943063736,0.22735841572284698
1279.4661414213479,27,1769472,1769472,953.9642022410761,1601.4087591719049,14,100,0.7,2.5514701644346145,10.0,0.0,0.7,2.5514701644346145,10.0,0.0,-0.0031003953420925727,0.23707475746050477,0.00201594421378104,2.679179665942987,0.0037380842471369156,0.025390625,0.9374388779203097,0.0017589150193089156,0.005889892578125,0.24039730429649353,0.23100896179676056
1339.4663720913231,28,1891072,1835008,2026.658875177456,1092.2624674640606,20,100,0.6300000011920929,2.3860217948817066,10.0,0.0,0.9,2.8618176347699875,10.0,0.0,-0.0014555718516930938,0.260303512836496,0.002097715352041026,2.6744112074375153,0.0037393572298848685,0.0283050537109375,0.9401303995400667,0.0021374561571671316,0.0069122314453125,0.26201945543289185,0.23314513266086578
1420.6849288456142,30,1966080,1966080,923.5327860715411,1613.8183838519763,20,100,0.6300000011920929,2.3860217948817066,10.0,0.0,0.9,2.8618176347699875,10.0,0.0,-0.0026737996886367905,0.22494630220656592,0.0019995433030999266,2.67846941947937,0.0027448535911389627,0.025426228841145832,0.945973057920734,0.0020222374429674046,0.0047149658203125,0.21391981467604637,0.2362969070672989
1480.6853975653648,31,2091520,2031616,2090.650334514942,1092.2581339506637,20,100,0.6300000011920929,2.3860217948817066,10.0,0.0,0.9,2.8618176347699875,10.0,0.0,-0.002157560345949605,0.23766336714227992,0.002143626968366637,2.683619712789853,0.0014643922040704638,0.00811767578125,0.9373974489669005,0.0020120072294957936,0.00457763671875,0.2120855413377285,0.23560845851898193
1561.4022398460656,33,2162688,2162688,881.6995064364169,1623.8494507030412,20,100,0.6300000011920929,2.3860217948817066,10.0,0.0,0.9,2.8618176347699875,10.0,0.0,-0.003316910344437929,0.21988737241675457,0.002187536107764269,2.6790891985098524,0.003029504012374673,0.026311238606770836,0.9416486670573553,0.002107546926708892,0.005950927734375,0.24292033538222313,0.23725807666778564
1621.4036241378635,34,2290432,2228224,2129.0175469745363,1092.2414669849325,27,100,0.8300000011920929,2.7204962792059986,10.0,0.0,0.9300000011920929,2.867943514948519,10.0,0.0,-0.0015049905681128923,0.24953100038692358,0.002127460103414099,2.674668406446775,0.002524926084637021,0.021962483723958332,0.956704872349898,0.0022712894691115557,0.006805419921875,0.25627442449331284,0.2379436194896698
1702.120579522103,36,2359296,2359296,853.154082338518,1623.8471753060269,27,100,0.8300000011920929,2.7204962792059986,10.0,0.0,0.9300000011920929,2.867943514948519,10.0,0.0,-0.0031535689643836426,0.17334685497917235,0.002050821864637934,2.6777001470327373,0.003483170108665945,0.027486165364583336,0.9636852896461884,0.0019758098060265183,0.007171630859375,0.2641238756477833,0.23941683769226074
1762.1213495973498,37,2485760,2424832,2107.7062817927517,1092.2526480545434,27,100,0.8300000011920929,2.7204962792059986,10.0,0.0,0.9300000011920929,2.867943514948519,10.0,0.0,-0.0030214325864411267,0.19762979486646753,0.0019583461301711695,2.6750511849919953,0.0034765454426330202,0.0265655517578125,0.9575522436449925,0.0018191657873103395,0.00506591796875,0.219939436763525,0.24295783042907715
1843.0209895614535,39,2555904,2555904,867.0495941777228,1620.1802635729712,27,100,0.8300000011920929,2.7204962792059986,10.0,0.0,0.9300000011920929,2.867943514948519,10.0,0.0,-0.0024740437814519583,0.22951481281779706,0.0020845363202776452,2.668202246228854,0.003532015084298716,0.023991902669270832,0.9586839607606331,0.002151527619086361,0.006439208984375,0.2430545538663864,0.2476598471403122
1903.0210555177182,40,2684416,2621440,2141.8643121771734,1092.2654659708294,27,100,0.8300000011920929,2.7204962792059986,10.0,0.0,0.9300000011920929,2.867943514948519,10.0,0.0,-0.0018073392141862616,0.2289387627194325,0.0020914681153954007,2.6616668427983923,0.002654846723089577,0.014979044596354168,0.9626883938908576,0.0024630359184811823,0.005828857421875,0.2364024557173252,0.2511707544326782
1983.6601891182363,42,2752512,2752512,844.4535172878207,1625.414288914903,34,100,0.9300000011920929,2.867943531419085,10.0,0.0,0.8,2.7129319932501073,10.0,0.0,-0.0017832291068771156,0.273445936695983,0.0018270934548733444,2.6636657615502677,0.0029597252250823662,0.0212554931640625,0.9558456676701704,0.0020471766705062082,0.0070343017578125,0.2591528929769993,0.25481918454170227
2043.660695200786,43,2878720,2818048,2103.4489246867506,1092.2574537927144,34,100,0.9300000011920929,2.867943531419085,10.0,0.0,0.8,2.7129319932501073,10.0,0.0,-0.0024538075437400644,0.21361968332591158,0.002000612919800915,2.6642207577824593,0.0021054173436520314,0.016398111979166668,0.9570410270243883,0.0018921421469713096,0.00604248046875,0.24250635132193565,0.25594598054885864
2124.4163228143007,45,2949120,2949120,871.7658704471313,1623.0695478870225,34,100,0.9300000011920929,2.867943531419085,10.0,0.0,0.8,2.7129319932501073,10.0,0.0,-0.0029117284417831497,0.2677433673137178,0.0019939850450706826,2.6601703291138015,0.003647012474175426,0.032521565755208336,0.9437208690991005,0.0024520338544486244,0.0058135986328125,0.23575741797685623,0.25929751992225647
2184.4163887426257,46,3071488,3014656,2039.4644256921067,1092.2654664794545,34,100,0.9300000011920929,2.867943531419085,10.0,0.0,0.8,2.7129319932501073,10.0,0.0,-0.0018071312212365833,0.2753612388235827,0.0019789978117235782,2.66035083681345,0.0016104254403520222,0.008819580078125,0.9537925577412049,0.002556046109627156,0.00677490234375,0.2535431683063507,0.2648162543773651
2264.918243886903,48,3145728,3145728,922.2147721558146,1628.186080495783,40,100,0.9599999964237214,2.873743161018804,10.0,0.0,0.9899999916553497,2.8792186526710593,10.0,0.0,-0.0025930348480566563,0.1700771845256289,0.001974676915172798,2.658145231505235,0.0036267810883146012,0.0305023193359375,0.9607888174553713,0.0025896228714069975,0.0059814453125,0.23970738425850868,0.2678613066673279
2324.920600257814,49,3268352,3211264,2043.6530732557667,1092.2237719279253,40,100,0.9599999964237214,2.873743161018804,10.0,0.0,0.9899999916553497,2.8792186526710593,10.0,0.0,-0.002219371388491709,0.18562971210728088,0.0022194472003320698,2.6618042066693306,0.003940559655044732,0.03326416015625,0.9593554977327585,0.0026986570228473288,0.00537109375,0.22697483375668526,0.2685182988643646
2405.667157754302,51,3342336,3342336,916.2495875222642,1623.2518643993053,40,100,0.9599999964237214,2.873743161018804,10.0,0.0,0.9899999916553497,2.8792186526710593,10.0,0.0,-0.002413936428638408,0.20432468379537266,0.002167141969645551,2.662964967389901,0.003652651694210362,0.026148478190104168,0.9621213184048731,0.0026760713808471337,0.00537109375,0.22881408035755157,0.2686910033226013
2465.6675382703543,52,3461888,3407872,1992.5206968981734,1092.2597396272643,40,100,0.9599999964237214,2.873743161018804,10.0,0.0,0.9899999916553497,2.8792186526710593,10.0,0.0,-0.002527115929600162,0.20431602404763302,0.0023369065214258926,2.662021371225516,0.0030246225912075415,0.020787556966145832,0.9628358551611503,0.0028278523896005936,0.0045623779296875,0.20653850957751274,0.26912710070610046
2547.7614023331553,54,3538944,3538944,938.6328793227824,1596.611409346394,40,100,0.9599999964237214,2.873743161018804,10.0,0.0,0.9899999916553497,2.8792186526710593,10.0,0.0,-0.0011539928394389183,0.2454405850730836,0.0022749441559426486,2.657963511844476,0.0022173015113367,0.011383056640625,0.9620798950393994,0.003057609608125252,0.005828857421875,0.23788674548268318,0.27149784564971924
2607.761625535786,55,3664640,3604480,2094.925540118466,1092.2626034018886,47,100,0.3599999964237213,1.7465394285837974,10.0,0.0,0.8199999868869782,2.586039428599056,10.0,0.0,-0.0023303894292136342,0.2479143775999546,0.0023715761587178954,2.6546223387122154,0.003331776966660982,0.022933959960937503,0.9531481179098288,0.0029698735864561363,0.0062713623046875,0.2436818704009056,0.27430254220962524
2688.0680270828307,57,3735552,3735552,883.0180238926388,1632.1488383863937,47,100,0.3599999964237213,1.7465394285837974,10.0,0.0,0.8199999868869782,2.586039428599056,10.0,0.0,-0.0026019124440305554,0.27737671035962796,0.0023437579099360546,2.660363199810187,0.003115260544291232,0.022679646809895836,0.9517758792887132,0.0029785022416035645,0.0059967041015625,0.2360060028731823,0.27806293964385986
2748.0684955772012,58,3856896,3801088,2022.3842087397177,1092.2581380535185,47,100,0.3599999964237213,1.7465394285837974,10.0,0.0,0.8199999868869782,2.586039428599056,10.0,0.0,-0.0017507072443549987,0.21524943745074174,0.0023587799587403424,2.6603363131483393,0.0033911092032212764,0.021163940429687503,0.9582050976653893,0.0029661722752886512,0.0069427490234375,0.2575075663626194,0.2798498570919037
2830.7146553099155,60,3932160,3932160,910.6775226267147,1585.9418081118297,47,100,0.3599999964237213,1.7465394285837974,10.0,0.0,0.8199999868869782,2.586039428599056,10.0,0.0,-0.0027533969914657064,0.23729918524622914,0.00234185038425494,2.6553716982404394,0.0033952485567472954,0.0375213623046875,0.9565246235579252,0.00290656790699965,0.0058135986328125,0.23584522679448128,0.28355672955513
2890.7148715872318,61,4045824,3997696,1894.3931714288171,1092.2627294724712,47,100,0.3599999964237213,1.7465394285837974,10.0,0.0,0.8199999868869782,2.586039428599056,10.0,0.0,-0.0016074636744936772,0.23635888759357232,0.002481951579587379,2.659661553800106,0.003745613951347574,0.027460734049479168,0.9556210928906996,0.002902708452893421,0.0064849853515625,0.250522967427969,0.2851632535457611
2974.652513541281,63,4128768,4128768,988.1621411929415,1561.540173736994,54,100,0.7300000011920929,2.56068350356152,10.0,0.0,0.9199999928474426,2.741094671214625,10.0,0.0,-0.002645778005292717,0.24469004509349665,0.0023915986239444464,2.664057550330957,0.002958583968090049,0.0167388916015625,0.9551702408740917,0.003263517476928731,0.0068817138671875,0.2563657872378826,0.28799188137054443
3034.652570158243,64,4249600,4194304,2013.8647663515856,1092.2656359873006,54,100,0.7300000011920929,2.56068350356152,10.0,0.0,0.9199999928474426,2.741094671214625,10.0,0.0,-0.0013609525752447857,0.29187849008788663,0.0025708455505082384,2.6565774182478585,0.0024846156872323872,0.012995402018229168,0.9572086694339912,0.0035311957569016767,0.0078582763671875,0.27600744366645813,0.29011139273643494
3116.259338133037,66,4325376,4325376,928.5504362016288,1606.1412950514662,54,100,0.7300000011920929,2.56068350356152,10.0,0.0,0.9199999928474426,2.741094671214625,10.0,0.0,-0.0006882911002321634,0.25800025633846724,0.002505194403056521,2.662375502288342,0.002805324162181932,0.016652425130208332,0.9478167165070772,0.00332194943621289,0.006378173828125,0.24416827410459518,0.2920338809490204
3176.2593406978995,67,4447488,4390912,2035.1999129998721,1092.2666199747741,54,100,0.7300000011920929,2.56068350356152,10.0,0.0,0.9199999928474426,2.741094671214625,10.0,0.0,-0.0018100894521921873,0.31832109577953815,0.0024677953867164133,2.663505899409453,0.0030412132873607334,0.024434407552083332,0.9479202957202991,0.0031162950156916245,0.0070648193359375,0.2567724958062172,0.2938786745071411
3258.6711365971714,69,4521984,4521984,903.9482659867397,1590.4519319079407,61,100,1.0199999988079071,2.884371669039651,10.0,0.0,1.359999990463257,3.366065960755066,10.0,0.0,-0.002378250367958875,0.18205123743973672,0.002268320276925806,2.665634031097094,0.002663282307063734,0.024180094401041668,0.9653928174326817,0.002821985700090105,0.005828857421875,0.2354569137096405,0.2944251298904419
3318.671548901126,70,4645888,4587520,2065.0524761783017,1092.2591609538124,61,100,1.0199999988079071,2.884371669039651,10.0,0.0,1.359999990463257,3.366065960755066,10.0,0.0,-0.002827868024420847,0.2155068474821746,0.002284698646690231,2.660750389099121,0.0029904971349120992,0.023747762044270832,0.9683245941996574,0.0029868794299545702,0.0070953369140625,0.2607947811484337,0.29493027925491333
3401.160415314138,72,4718592,4718592,881.379550495694,1588.9659501894203,61,100,1.0199999988079071,2.884371669039651,10.0,0.0,1.359999990463257,3.366065960755066,10.0,0.0,-0.0022125751953960084,0.2294831310864538,0.0024030131341229812,2.6631340235471725,0.0024295220646308735,0.019622802734374997,0.9613380332787832,0.003164426236859678,0.0061798095703125,0.24474185705184937,0.29476913809776306
3461.1610543057323,73,4834816,4784128,1937.0460373977385,1092.2550343035705,61,100,1.0199999988079071,2.884371669039651,10.0,0.0,1.359999990463257,3.366065960755066,10.0,0.0,-0.0025635292828762126,0.17659368528984487,0.0022947708809321434,2.6570928916335106,0.0028790015494450927,0.020807902018229168,0.9734349822004635,0.003485131982112459,0.00726318359375,0.26723334193229675,0.2951682209968567
3544.777752181515,75,4915200,4915200,961.3390870734312,1567.533798030563,67,100,0.9599999904632568,2.873743188606135,10.0,0.0,0.42000000476837157,1.7842645612702164,10.0,0.0,-0.0028667928248372236,0.17796512596153966,0.0020656992370883627,2.666900912920634,0.003463858476607129,0.023844401041666664,0.9663505920519432,0.0029184128992104283,0.0070037841796875,0.25810424983501434,0.2970810532569885
3604.7777699381113,76,5037824,4980736,2043.7327285043864,1092.2663434177932,67,100,0.9599999904632568,2.873743188606135,10.0,0.0,0.42000000476837157,1.7842645612702164,10.0,0.0,-0.002319677730459565,0.20936558318013945,0.0021522534334508236,2.6551109155019126,0.0028316908070943705,0.028004964192708336,0.9691145432492098,0.0032020379973497866,0.0069427490234375,0.2595585957169533,0.2976319491863251
3686.6341693401337,78,5111808,5111808,903.8267079967866,1601.2431643403277,67,100,0.9599999904632568,2.873743188606135,10.0,0.0,0.42000000476837157,1.7842645612702164,10.0,0.0,-0.002634179693510911,0.1698245688651999,0.002393222498843291,2.6662977958718934,0.0027239543336084657,0.026606241861979168,0.9700861802945534,0.0030566319692297834,0.0057373046875,0.23344561085104942,0.29810631275177
3746.634202942252,79,5233152,5177344,2022.398867385227,1092.2660549591099,67,100,0.9599999904632568,2.873743188606135,10.0,0.0,0.42000000476837157,1.7842645612702164,10.0,0.0,-0.0013539675977275085,0.2756664095601688,0.0023256442242806465,2.6618200317025185,0.0019459204807693216,0.01617431640625,0.9575662811597188,0.003347739579718715,0.0084075927734375,0.28447505086660385,0.2996847927570343
3828.0531044434756,81,5308416,5308416,924.4045131076724,1609.8473153439738,73,100,0.9300000011920929,2.867943531419085,10.0,0.0,0.8899999916553497,2.734574893284253,10.0,0.0,-0.0019981540074998825,0.24475116174047193,0.002312634448268606,2.6633237649997077,0.00303944711049553,0.022649129231770836,0.9664668086916208,0.0033305648151629916,0.0071868896484375,0.25999001413583755,0.30186623334884644
3888.056702129543,82,5428992,5373952,2009.4795087261514,1092.2011767173985,73,100,0.9300000011920929,2.867943531419085,10.0,0.0,0.8899999916553497,2.734574893284253,10.0,0.0,-0.0020861178794196653,0.1608302486905207,0.0020288269224693067,2.665931644539038,0.002358140519087707,0.017364501953125003,0.9767174491037924,0.0028092885792527036,0.0070648193359375,0.2638171501457691,0.3018476068973541
3969.5273068454117,84,5505024,5505024,933.2445765581816,1608.8256673326227,73,100,0.9300000011920929,2.867943531419085,10.0,0.0,0.8899999916553497,2.734574893284253,10.0,0.0,-0.002584304646006785,0.19281012564897537,0.0022577492951919944,2.6583757027983665,0.0019699471831700066,0.016001383463541668,0.9698348411669333,0.0031713935653291023,0.0078125,0.27164965122938156,0.3029007315635681
4029.5277006495744,85,5624832,5570560,1996.786894283482,1092.2594977277167,73,100,0.9300000011920929,2.867943531419085,10.0,0.0,0.8899999916553497,2.734574893284253,10.0,0.0,-0.001383343145183365,0.19728333658228317,0.002091201802007466,2.662560207148393,0.0022335727838556827,0.013621012369791668,0.9681824687868357,0.002931664823942507,0.0054779052734375,0.22757572680711746,0.303011417388916
4112.3291494213045,87,5701632,5701632,927.5200028410726,1582.9674715154306,73,100,0.9300000011920929,2.867943531419085,10.0,0.0,0.8899999916553497,2.734574893284253,10.0,0.0,-0.0025577763311351496,0.1952296607972433,0.0022237695229705427,2.6604102104902267,0.0029159200530557428,0.022374471028645832,0.9643899332731962,0.0031098200464233137,0.0056304931640625,0.23259713873267174,0.3028259575366974
4172.3294388037175,88,5823744,5767168,2035.190184195892,1092.2613986460133,80,100,0.6599999964237213,2.396747791851196,10.0,0.0,0.9599999964237214,2.8737432000596974,10.0,0.0,-0.0024709374592930544,0.2600266345155736,0.002126006090596396,2.6548540418346724,0.0032612209536940404,0.0319366455078125,0.9628159950176874,0.003030276573554147,0.0077362060546875,0.2721114531159401,0.30444028973579407
4254.633451653644,90,5898240,5898240,905.1320515299288,1592.5347435853043,80,100,0.6599999964237213,2.396747791851196,10.0,0.0,0.9599999964237214,2.8737432000596974,10.0,0.0,-0.0013688958303343195,0.2139461915940046,0.002104560685741793,2.6562357097864155,0.003405096466546335,0.0306243896484375,0.9670319141199192,0.0033338826542603783,0.006622314453125,0.25157080218195915,0.3065031170845032
4314.636279832572,91,6023168,5963776,2082.0351938656468,1092.2151836672244,80,100,0.6599999964237213,2.396747791851196,10.0,0.0,0.9599999964237214,2.8737432000596974,10.0,0.0,-0.0015405764910004414,0.268052611577635,0.002119752656047543,2.6524081776539483,0.003287806662531996,0.022552490234375,0.9591887605686982,0.0032580084589426406,0.00640869140625,0.246429231017828,0.30906739830970764
4396.545781735331,93,6094848,6094848,875.112146147546,1600.205067241227,80,100,0.6599999964237213,2.396747791851196,10.0,0.0,0.9599999964237214,2.8737432000596974,10.0,0.0,-0.002135673256513352,0.24901792764042815,0.002176607011885305,2.6558109298348427,0.0035278325231047347,0.032389322916666664,0.9606677411744993,0.002954556356902079,0.0072784423828125,0.2630566209554672,0.31051403284072876
4456.546091476455,94,6213632,6160384,1979.7231133056112,1092.261028030682,87,100,0.9599999964237214,2.8737432000596974,10.0,0.0,1.2599999964237214,3.254596789996426,10.0,0.0,-0.002849497116888718,0.16972839762456715,0.0020645018897387977,2.66179466744264,0.002644631061533194,0.024881998697916668,0.9728064319739739,0.0025941495211251704,0.0070953369140625,0.2621082551777363,0.3109225630760193
4540.246288213879,96,6291456,6291456,929.7947081790286,1565.9700348278377,87,100,0.9599999964237214,2.8737432000596974,10.0,0.0,1.2599999964237214,3.254596789996426,10.0,0.0,-0.002314676148671424,0.17783899636318284,0.002099492579873185,2.6633931770920753,0.0026093873978728275,0.017873128255208332,0.9749466280142466,0.002661456984545415,0.0057830810546875,0.23474203795194626,0.3108510971069336
4600.24654343538,97,6416640,6356992,2086.391125135423,1092.262020520794,87,100,0.9599999964237214,2.8737432000596974,10.0,0.0,1.2599999964237214,3.254596789996426,10.0,0.0,-0.002092754527742121,0.2251647290152808,0.0020572081605981416,2.6595601812005043,0.0024035641375424652,0.018269856770833332,0.9693816794703404,0.002763838090080147,0.008056640625,0.2783975638449192,0.3122224807739258
4682.407982042059,99,6488064,6488064,869.3129187028801,1595.298259411737,87,100,0.9599999964237214,2.8737432000596974,10.0,0.0,1.2599999964237214,3.254596789996426,10.0,0.0,-0.002544585501406497,0.21182167856022716,0.002159767353684098,2.666573556760947,0.0021989877883849354,0.017110188802083336,0.9651319521168867,0.002480463190295268,0.0084075927734375,0.2821943834424019,0.3137989640235901
4742.408510942012,100,6607872,6553600,1996.7823983647302,1092.257038421733,93,100,1.2899999856948852,3.2566700628904894,10.0,0.0,1.0199999928474426,2.884371705470274,10.0,0.0,-0.0009722207360027824,0.2565441220843544,0.0022248209764560065,2.659426753719648,0.0022817359767941525,0.012013753255208332,0.967224668711424,0.0028577290019408488,0.0087738037109375,0.2928779199719429,0.3149985074996948
4825.650847619399,102,6684672,6684672,922.6074503127517,1574.5833818670963,93,100,1.2899999856948852,3.2566700628904894,10.0,0.0,1.0199999928474426,2.884371705470274,10.0,0.0,-0.0029039731950130467,0.15958099187506986,0.002109472364584993,2.6626547649502754,0.002030575313862452,0.018666585286458332,0.9812742993235588,0.0026009748859602646,0.007781982421875,0.27839208394289017,0.3151269257068634
4885.650933779776,103,6802176,6750208,1958.397187729344,1092.2650981671286,93,100,1.2899999856948852,3.2566700628904894,10.0,0.0,1.0199999928474426,2.884371705470274,10.0,0.0,-0.0033933179881084166,0.14503286173567176,0.0020734020945383236,2.653927750885487,0.0038267107138381107,0.025614420572916664,0.9829443184038003,0.002645986642164644,0.00726318359375,0.26609697565436363,0.3151648938655853
4968.289369454607,105,6881280,6881280,957.2301236589389,1586.0900430853615,93,100,1.2899999856948852,3.2566700628904894,10.0,0.0,1.0199999928474426,2.884371705470274,10.0,0.0,-0.0024142562736718296,0.193210724197949,0.0021383654263142184,2.6545773074030876,0.002707016677959473,0.0190582275390625,0.9794002566486597,0.0027728854523350797,0.0089874267578125,0.2961026728153229,0.3153735101222992
5028.289838172495,106,7006976,6946816,2094.916967915721,1092.2581339845715,93,100,1.2899999856948852,3.2566700628904894,10.0,0.0,1.0199999928474426,2.884371705470274,10.0,0.0,-0.0021518878008161364,0.16453795596801984,0.0020637616338111306,2.6617825776338577,0.0016354646122636039,0.0135040283203125,0.9786189229538044,0.002639595736885288,0.0060882568359375,0.24377727508544922,0.3152609169483185
5110.350566413254,108,7077888,7077888,864.1405154479144,1597.256115196145,100,100,0.9899999856948852,2.8792186248953158,10.0,0.0,1.1599999964237213,3.135984718712824,10.0,0.0,-0.0028553135659118802,0.12493872491177171,0.001941351196971179,2.665018933514754,0.0021797060520232963,0.0160675048828125,0.9799955853571494,0.002404940799654772,0.006500244140625,0.25327905640006065,0.3154250681400299
5170.35073566623,109,7200768,7143424,2047.9942228480227,1092.2635855189455,100,100,0.9899999856948852,2.8792186248953158,10.0,0.0,1.1599999964237213,3.135984718712824,10.0,0.0,-0.002291187902301317,0.13976703126293918,0.001979474902327638,2.657119115193685,0.0027577652435866185,0.021250406901041668,0.98409185372293,0.002864827651743932,0.007781982421875,0.2782334014773369,0.3151112198829651
5253.037951473147,111,7274496,7274496,891.6493230605672,1585.154352107675,100,100,0.9899999856948852,2.8792186248953158,10.0,0.0,1.1599999964237213,3.135984718712824,10.0,0.0,-0.0010059425876534076,0.1814494989036272,0.001943431514519034,2.662572130560875,0.001761857355328781,0.012079874674479166,0.9739374623944362,0.00290460282121785,0.0086212158203125,0.2898101285099983,0.31573620438575745
5313.038036916405,112,7392000,7340032,1958.397211136021,1092.2651112218332,100,100,0.9899999856948852,2.8792186248953158,10.0,0.0,1.1599999964237213,3.135984718712824,10.0,0.0,-0.001885004504098712,0.17010106123052537,0.0018443486029961302,2.667791984975338,0.002201460594733362,0.017852783203125,0.9769314620643854,0.0026111708696892793,0.0067901611328125,0.2503950893878937,0.31620460748672485
5395.477782242,114,7471104,7471104,959.5371709068164,1589.9127233148542,106,100,1.1199999809265138,3.017548679534611,10.0,0.0,1.3199999928474426,3.2584658915342644,10.0,0.0,-0.0032537791072779023,0.15390033011014262,0.0018855648001287286,2.6726586172978086,0.0019837735192898736,0.019073486328125,0.9616659246385098,0.0022111850048531782,0.0051727294921875,0.22281493246555328,0.315861314535141
5455.478334099054,115,7590144,7536640,1983.9817520945774,1092.2566205079822,106,100,1.1199999809265138,3.017548679534611,10.0,0.0,1.3199999928474426,3.2584658915342644,10.0,0.0,-0.0010694502331413485,0.26452435234872007,0.0019655820081728357,2.6656786228219667,0.003354960482586951,0.027720133463541664,0.9530456680804491,0.0026192891576404995,0.007415771484375,0.26390574499964714,0.3169921040534973
5539.34455925785,117,7667712,7667712,924.9015304209722,1562.8699127905538,106,100,1.1199999809265138,3.017548679534611,10.0,0.0,1.3199999928474426,3.2584658915342644,10.0,0.0,-0.0019740818521919814,0.1406192104332149,0.001899540719023207,2.6736917669574423,0.001999585145919506,0.01513671875,0.9747960828244686,0.00245768027525628,0.0067901611328125,0.25588148459792137,0.31682509183883667
5599.344868063927,118,7784704,7733248,1949.8566312070616,1092.2610450525333,106,100,1.1199999809265138,3.017548679534611,10.0,0.0,1.3199999928474426,3.2584658915342644,10.0,0.0,-0.001105636252759723,0.17455133722008515,0.0019885185744594005,2.6778307805458703,0.002039501447143266,0.019414265950520836,0.9697324316948652,0.0022062744695479828,0.0078125,0.2697763405740261,0.31686678528785706
5682.296144906431,120,7864320,7864320,959.79233871424,1580.1082875295526,112,100,1.2299999952316285,3.2522453892770513,10.0,0.0,1.5199999988079071,3.4712534072368304,10.0,0.0,-0.0017570401153837643,0.189777549666663,0.001890692884141269,2.66835368424654,0.0023370566371643995,0.01556396484375,0.9701497287799915,0.0025077588603987047,0.0084228515625,0.2749878652393818,0.3179098069667816
5742.296753363684,121,7988992,7929856,2077.8455953296366,1092.2555901527453,112,100,1.2299999952316285,3.2522453892770513,10.0,0.0,1.5199999988079071,3.4712534072368304,10.0,0.0,-0.001951681459710623,0.18002300344717997,0.0017451859639550094,2.6720574125647545,0.0029756664971500872,0.019775390625,0.9667789712548257,0.002420073806812676,0.0063323974609375,0.24817677214741707,0.3180420696735382
5824.200481431559,123,8060928,8060928,878.2994583639161,1600.317874314324,112,100,1.2299999952316285,3.2522453892770513,10.0,0.0,1.5199999988079071,3.4712534072368304,10.0,0.0,-0.00232306977219802,0.17878881415041784,0.0017286758362994683,2.6703365271290145,0.002912748276988471,0.024129231770833336,0.9774717111140488,0.002578872386948206,0.0071563720703125,0.26426705345511436,0.3187859356403351
5884.200589638203,124,8182016,8126464,2018.1296937492893,1092.264696828368,112,100,1.2299999952316285,3.2522453892770513,10.0,0.0,1.5199999988079071,3.4712534072368304,10.0,0.0,-0.0017695928642448657,0.2274579710016648,0.0018909461626511377,2.6669574255744615,0.0031553301741951145,0.023925781250000003,0.9738381629188855,0.00301675291605837,0.00958251953125,0.3051402047276497,0.3194044828414917
5966.455268327147,126,8257536,8257536,918.1240654478581,1593.4899034213674,118,100,1.0599999964237212,3.0093853317709107,10.0,0.0,0.7599999904632568,2.5695135621818634,10.0,0.0,-0.0015366728548542596,0.17543795402161777,0.0016418599673973706,2.662870024641355,0.0019133978433577186,0.013702392578125,0.9824274859080712,0.0027586581030239663,0.009307861328125,0.3010674938559532,0.31938013434410095
6026.458112422377,127,8382464,8323072,2082.0346415867825,1092.2148939471647,118,100,1.0599999964237212,3.0093853317709107,10.0,0.0,0.7599999904632568,2.5695135621818634,10.0,0.0,-0.0022972229598963168,0.12131014144203316,0.001631547193634712,2.6764008179306984,0.002807427492977392,0.021601359049479164,0.9765365651498238,0.0021782108366702837,0.0067138671875,0.2560388818383217,0.31895196437835693
6107.353909295052,129,8454144,8454144,886.0781742816569,1620.2572329721725,118,100,1.0599999964237212,3.0093853317709107,10.0,0.0,0.7599999904632568,2.5695135621818634,10.0,0.0,-0.0016335419992780467,0.20093947330800196,0.0018676844447327314,2.667556663354238,0.0023760568013434145,0.013773600260416666,0.9764889484892288,0.003269662222010084,0.010009765625,0.3126964122056961,0.31982365250587463
6167.3586926255375,130,8566528,8519680,1872.917353622102,1092.179595734073,118,100,1.0599999964237212,3.0093853317709107,10.0,0.0,0.7599999904632568,2.5695135621818634,10.0,0.0,-0.0014921781451751788,0.150655033144479,0.001709032504246958,2.670394962032636,0.0019393830619568084,0.0133056640625,0.9813501760363579,0.0028103465689734244,0.008544921875,0.2898532524704933,0.3196220099925995
6250.9576358012855,132,8650752,8650752,1007.4768507891059,1567.8667100426208,118,100,1.0599999964237212,3.0093853317709107,10.0,0.0,0.7599999904632568,2.5695135621818634,10.0,0.0,-0.0018228117793720835,0.1622906488676866,0.001778530435937379,2.674723856151104,0.001990528472257817,0.0162200927734375,0.975628338754177,0.002699185262220756,0.0091400146484375,0.2967614009976387,0.3198341429233551
6310.95809931308,133,8774656,8716288,2065.050713743955,1092.2582287571333,125,100,1.1,3.1288975996262027,10.0,0.0,1.1200000047683716,3.0175486831671487,10.0,0.0,-0.002750067008795061,0.12997528747655449,0.0017165146843278005,2.674107447266579,0.003013988255891794,0.025258382161458332,0.9842162771771351,0.0029010583190635466,0.009552001953125,0.3070492520928383,0.3199685513973236
6392.5870001502335,135,8847360,8847360,890.6649391866973,1605.705805857708,125,100,1.1,3.1288975996262027,10.0,0.0,1.1200000047683716,3.0175486831671487,10.0,0.0,-0.00234681320701687,0.15463684499263763,0.001954937489548077,2.670435617367427,0.0027678736641973956,0.023259480794270832,0.9721278951813778,0.003092819347026913,0.008636474609375,0.2883382700383663,0.31995028257369995
6452.5875378903,136,8967936,8912896,2009.5819894541175,1092.2568774952317,125,100,1.1,3.1288975996262027,10.0,0.0,1.1200000047683716,3.0175486831671487,10.0,0.0,-0.0024417860477115028,0.11205277382396163,0.0018312361923259839,2.678124412894249,0.002429202328736816,0.017852783203125,0.9794274419546127,0.002615531688206829,0.0075225830078125,0.27186690643429756,0.31964051723480225
6535.083031490445,138,9043968,9043968,921.650343333013,1588.8383023114568,125,100,1.1,3.1288975996262027,10.0,0.0,1.1200000047683716,3.0175486831671487,10.0,0.0,-0.0023922040927573107,0.15626355280013132,0.0018175869275485943,2.671930886805058,0.002678050869993361,0.0238494873046875,0.976019182552894,0.003249482348716507,0.009033203125,0.2971313074231148,0.3204112648963928
6595.083353187889,139,9167616,9109504,2060.7889508243743,1092.2608103748237,132,100,1.4599999904632568,3.4710805022099156,10.0,0.0,2.1599999964237213,4.136955412809164,13.0,0.0,-0.0016169718195063374,0.16360341392767927,0.0018373970572914309,2.6634336362282434,0.00270418119422781,0.02215576171875,0.9811822728564342,0.0035921697126468644,0.0106048583984375,0.32123807072639465,0.3209713101387024
6676.747677374631,141,9240576,9240576,893.4133812601194,1605.0093024743198,132,100,1.4599999904632568,3.4710805022099156,10.0,0.0,2.1599999964237213,4.136955412809164,13.0,0.0,-0.0006345184835178468,0.17040571958447498,0.0019043517762232418,2.6704098830620446,0.0027026205552829197,0.019037882486979164,0.9726350673784813,0.002850825313847357,0.0087738037109375,0.28734521195292473,0.32219094038009644
6736.747977185994,142,9363456,9306112,2047.9897664899374,1092.2612087946334,132,100,1.4599999904632568,3.4710805022099156,10.0,0.0,2.1599999964237213,4.136955412809164,13.0,0.0,-0.0011600320988994401,0.183997753309086,0.0019038482265993175,2.6706714406609535,0.002377795544816763,0.0171356201171875,0.9643966307242712,0.0030516617722848123,0.0074005126953125,0.26671629771590233,0.3227649927139282
6818.183666549623,144,9437184,9437184,905.3524391595427,1609.5154473947425,132,100,1.4599999904632568,3.4710805022099156,10.0,0.0,2.1599999964237213,4.136955412809164,13.0,0.0,-0.00194683581382075,0.20497508416883647,0.0018252986143731202,2.67246292779843,0.0032365975105979787,0.028671264648437497,0.9574421190967162,0.0026980118976401477,0.0058135986328125,0.23509357124567032,0.3234592080116272
6878.183845030144,145,9560064,9502720,2047.9939078830105,1092.2634175376056,138,100,1.2899999856948852,3.256670099612626,10.0,0.0,1.5599999904632569,3.5702100674195973,10.0,0.0,-0.0019205666770479486,0.16678016105045876,0.0019656253013332994,2.665192869802316,0.0029783343422119897,0.026418050130208332,0.9705271851271391,0.0032152433365505812,0.0108184814453125,0.3247270807623863,0.3240453004837036
6958.840812249109,147,9633792,9633792,914.0933826565197,1625.0549025004793,138,100,1.2899999856948852,3.256670099612626,10.0,0.0,1.5599999904632569,3.5702100674195973,10.0,0.0,-0.0014227108137371638,0.22480261938956875,0.0017952127394285828,2.667497778932254,0.003383422797924141,0.029795328776041664,0.9562898470709721,0.0031395038386108354,0.0077362060546875,0.2672554850578308,0.3256787359714508
7018.840896306559,148,9756928,9699328,2052.2637915323057,1092.2651364496264,138,100,1.2899999856948852,3.256670099612626,10.0,0.0,1.5599999904632569,3.5702100674195973,10.0,0.0,-0.00209587654171628,0.19077410603252548,0.0019117205968844548,2.661012977361679,0.003308152176638638,0.029378255208333336,0.9738879017531872,0.003330196338841536,0.0099945068359375,0.31072741001844406,0.3258333206176758
7100.002861076966,150,9830400,9830400,905.2516188813307,1614.943654589691,138,100,1.2899999856948852,3.256670099612626,10.0,0.0,1.5599999904632569,3.5702100674195973,10.0,0.0,-0.0006363566899381112,0.22912709228694436,0.0019422750992816873,2.654526010155678,0.0027550268047586237,0.024998982747395836,0.9731658815095822,0.003451641273083321,0.010284423828125,0.3160221353173256,0.32748088240623474
7160.003127004951,151,9954816,9895936,2073.590809569561,1092.261825616888,144,100,1.2599999904632568,3.2545967224618746,10.0,0.0,2.1199999928474424,3.9831646138922476,10.0,0.0,-0.0018287614899842688,0.18414043285883963,0.001868248829850927,2.6667623793085418,0.003817786863995328,0.032079060872395836,0.9713782096902529,0.002824499322741758,0.008514404296875,0.285755667835474,0.3281216025352478
7240.73907946609,153,10027008,10027008,894.1741293601393,1623.4650859304659,144,100,1.2599999904632568,3.2545967224618746,10.0,0.0,2.1199999928474424,3.9831646138922476,10.0,0.0,-0.0012908145484592144,0.19521282357163727,0.0019832226595705533,2.6570282330115638,0.0023278576130299675,0.0201416015625,0.9753340606888136,0.0035651569414767437,0.010040283203125,0.31267648190259933,0.32988134026527405
7300.739124074578,154,10152704,10092544,2094.9317758043267,1092.2658545945164,144,100,1.2599999904632568,3.2545967224618746,10.0,0.0,2.1199999928474424,3.9831646138922476,10.0,0.0,-0.0018134719648514874,0.22187370915586752,0.0018626509348299198,2.6559718598922095,0.001993313987137905,0.014002482096354168,0.9705876304457585,0.0031078455819321484,0.0102996826171875,0.314265601336956,0.3311007618904114
7381.311501514167,156,10223616,10223616,880.1031104384194,1626.7609839150568,144,100,1.2599999904632568,3.2545967224618746,10.0,0.0,2.1199999928474424,3.9831646138922476,10.0,0.0,-0.001124842592010585,0.20607947853083414,0.0019144569984443174,2.6529149065415067,0.00352486484068019,0.0348663330078125,0.9758948994179567,0.003388562921221213,0.00982666015625,0.3055759035050869,0.33300548791885376
7441.311772558838,157,10349056,10289152,2090.6572223083313,1092.2617324712915,150,100,1.8199999928474426,3.748012769686448,10.0,0.0,2.3799999833106993,4.180382756843822,13.0,0.0,-0.0006823172358660183,0.21972734302592775,0.0021245675986089436,2.6550077373782797,0.003416184951371785,0.032196044921875,0.965269993369778,0.0038066786679943716,0.010650634765625,0.3207518681883812,0.33369898796081543
7522.716233242303,159,10420224,10420224,874.2518456910034,1610.1328956611285,150,100,1.8199999928474426,3.748012769686448,10.0,0.0,2.3799999833106993,4.180382756843822,13.0,0.0,-0.0015950801086243398,0.17462105855035284,0.0020119236323807854,2.651456393301487,0.002469162053481947,0.020955403645833332,0.975175442174077,0.0034257133641707087,0.0100860595703125,0.3129691481590271,0.3345840871334076
7582.716593658552,160,10547200,10485760,2116.253954461483,1092.2601055285074,150,100,1.8199999928474426,3.748012769686448,10.0,0.0,2.3799999833106993,4.180382756843822,13.0,0.0,-0.0018327793938321217,0.21712608130959174,0.0020796213563395822,2.645057951410611,0.003326233590996708,0.0338592529296875,0.9724470973014832,0.003740305544245833,0.0136871337890625,0.36544671654701233,0.3358535170555115
7663.091166965663,162,10616832,10616832,866.343634994311,1630.7644894010557,150,100,1.8199999928474426,3.748012769686448,10.0,0.0,2.3799999833106993,4.180382756843822,13.0,0.0,-0.0011631777973282928,0.15498176434387761,0.0020540062275055484,2.653768772880236,0.003324232838470683,0.030202229817708332,0.9738551465173563,0.003315965341850339,0.0086669921875,0.29034731537103653,0.33751529455184937
7723.091551950201,163,10737920,10682368,2018.1203842476054,1092.2596582820022,156,100,1.5599999904632569,3.5702100806503743,10.0,0.0,2.4199999928474427,4.183730423989305,10.0,0.0,-0.001262586973704553,0.13296457686616728,0.0019291361192396532,2.652288056910038,0.00295281490131553,0.025339762369791668,0.976007583240668,0.0030248081238823943,0.007598876953125,0.27036940678954124,0.33787834644317627
7806.334868749604,165,10813440,10813440,907.2199775747318,1574.564842434789,156,100,1.5599999904632569,3.5702100806503743,10.0,0.0,2.4199999928474427,4.183730423989305,10.0,0.0,-0.00029202537674185197,0.1876190701344361,0.002052326000314982,2.645273240904013,0.0038093945992538165,0.037928263346354164,0.9747025767962139,0.004084092610961913,0.0097808837890625,0.30874835699796677,0.3393329977989197
7866.335481097922,166,10937856,10878976,2073.578837458107,1092.255519319497,156,100,1.5599999904632569,3.5702100806503743,10.0,0.0,2.4199999928474427,4.183730423989305,10.0,0.0,0.00018842331337509677,0.21193015730629364,0.002063125690862459,2.649369108180205,0.003010651257379019,0.027109781901041668,0.9713620953261852,0.004017688785097562,0.0114898681640625,0.3304176479578018,0.3404812812805176
7947.326131992042,168,11010048,11010048,891.3621412226595,1618.3596322907858,156,100,1.5599999904632569,3.5702100806503743,10.0,0.0,2.4199999928474427,4.183730423989305,10.0,0.0,0.0003310558070855526,0.2839483925296615,0.0021535609133328153,2.6379751091202097,0.0035398702954504797,0.03410847981770833,0.9724406798680623,0.004665969786098382,0.015625,0.38946256786584854,0.3420308232307434
8007.32625053823,169,11131904,11075584,2030.9293206845198,1092.2645086034393,162,100,1.6899999856948853,3.662499182534247,10.0,0.0,2.7499999821186067,4.345975176421005,10.0,0.0,-0.0003156391164035691,0.24778367299586535,0.0020406207743993337,2.6540741870800653,0.0037437043550501885,0.0319366455078125,0.9656213540583849,0.004136065292793015,0.0100860595703125,0.31069227680563927,0.3425562083721161
8088.488299554214,171,11206656,11206656,921.0215969939158,1614.9419782907016,162,100,1.6899999856948853,3.662499182534247,10.0,0.0,2.7499999821186067,4.345975176421005,10.0,0.0,0.00040704144339542836,0.20908460502202314,0.0020377462521234215,2.6627807170152664,0.003414441215378853,0.027857462565104164,0.9735014028847218,0.0037144636420028596,0.010894775390625,0.3233702629804611,0.3434503376483917
8148.488338897005,172,11332608,11272192,2099.1986235277936,1092.265950453486,162,100,1.6899999856948853,3.662499182534247,10.0,0.0,2.7499999821186067,4.345975176421005,10.0,0.0,-0.0005681166621798184,0.16710147816532603,0.0018548206038152177,2.6694284255305925,0.0022640832721663178,0.017954508463541668,0.975661928455035,0.003365443910297472,0.0084686279296875,0.28615278750658035,0.3436618149280548
8229.772678058594,174,11403264,11403264,869.2449336340046,1612.5123406543855,162,100,1.6899999856948853,3.662499182534247,10.0,0.0,2.7499999821186067,4.345975176421005,10.0,0.0,-0.001042597352352459,0.15272310585714877,0.0018722067470662296,2.6605946024258933,0.0027966711974537852,0.024668375651041664,0.982380981867512,0.004080486030337246,0.0099029541015625,0.3095427341759205,0.34435051679611206
8289.773655129597,175,11527168,11468800,2065.033038601659,1092.2488799215387,168,100,1.2799999833106994,3.146680804832383,10.0,0.0,1.5499999940395355,3.470950915108958,10.0,0.0,-0.0004496316614677198,0.15138690662570298,0.0018341289372377407,2.66268548121055,0.002495154621404557,0.022226969401041664,0.9830872261275848,0.0040342624827947775,0.012237548828125,0.34649569541215897,0.3444988429546356
8371.161167038605,177,11599872,11599872,893.3065810057411,1610.4682023765474,168,100,1.2799999833106994,3.146680804832383,10.0,0.0,1.5499999940395355,3.470950915108958,10.0,0.0,-0.0018864585569341823,0.16164962582600614,0.0020041462945907065,2.654695063829422,0.0028820603953742343,0.026143391927083332,0.9821479991078377,0.0046102359289458645,0.0115814208984375,0.3357125595211983,0.34534135460853577
8431.16122472845,178,11722240,11665408,2039.4647057266016,1092.2656164560879,168,100,1.2799999833106994,3.146680804832383,10.0,0.0,1.5499999940395355,3.470950915108958,10.0,0.0,0.000167619463657805,0.17619794238513956,0.0018906888847899002,2.6659278447429338,0.002692425254887591,0.025126139322916664,0.9766633243610461,0.0038458257962095863,0.01019287109375,0.3149222284555435,0.34590664505958557
8512.331508412957,180,11796480,11796480,914.6204328736404,1614.7781435562204,168,100,1.2799999833106994,3.146680804832383,10.0,0.0,1.5499999940395355,3.470950915108958,10.0,0.0,-0.0007806156330237475,0.18063920976904532,0.002020125086952855,2.6596624702215195,0.0029682764288736507,0.026453653971354168,0.9780920923997959,0.003948851178089778,0.0116729736328125,0.33886978030204773,0.34674763679504395
8572.333709547296,181,11914240,11862016,1962.594667758055,1092.2265977088307,174,100,1.8199999809265137,3.827218314119253,13.0,0.0,2.189999985694885,4.132057605430697,13.0,0.0,-0.0015658787051506804,0.13480901264119893,0.0019013076489500236,2.664213145772616,0.002685974033132273,0.0217132568359375,0.9813941232860088,0.003884184916387312,0.0118865966796875,0.3398580551147461,0.34700170159339905
8656.08677060157,183,11993088,11993088,941.4342473871395,1564.981606046154,174,100,1.8199999809265137,3.827218314119253,13.0,0.0,2.189999985694885,4.132057605430697,13.0,0.0,-0.00153248971037101,0.1692230492675056,0.001776102687775468,2.6604191760222116,0.0032536736198380822,0.0324859619140625,0.9725841339677572,0.004118006048277796,0.0120697021484375,0.34048107266426086,0.3479379713535309
8716.087021891028,184,12108288,12058624,1919.9919587710513,1092.2620921008647,174,100,1.8199999809265137,3.827218314119253,13.0,0.0,2.189999985694885,4.132057605430697,13.0,0.0,0.0005312322039875047,0.24846563938384258,0.0020022883072670083,2.655238082011541,0.0033868582813738612,0.029352823893229164,0.9678188841789961,0.004695274949578258,0.012969970703125,0.354943685233593,0.3487347662448883
8798.716515561566,186,12189696,12189696,985.2172194663515,1586.261686687962,180,100,2.1199999809265138,3.9831646292423506,10.0,0.0,2.480000007152557,4.170083968460997,10.0,0.0,-9.590309249081959e-05,0.1923361624746273,0.0018523250922347263,2.655169760187467,0.0029605845229525585,0.029693603515625,0.9722923114895821,0.004140329845540691,0.0107879638671875,0.3233361840248108,0.3505743145942688
8858.716842010617,187,12310528,12255232,2013.855709645229,1092.2607238753783,180,100,2.1199999809265138,3.9831646292423506,10.0,0.0,2.480000007152557,4.170083968460997,10.0,0.0,-0.0004486909116773556,0.2569915010438611,0.002062597373878816,2.6499770482381186,0.0030130088386310185,0.025934855143229168,0.9687016935398182,0.004739295375960258,0.0134735107421875,0.3608382120728493,0.351541131734848
8939.529874518514,189,12386304,12386304,937.6705420947513,1621.9166133530834,180,100,2.1199999809265138,3.9831646292423506,10.0,0.0,2.480000007152557,4.170083968460997,10.0,0.0,1.4468256267718917e-05,0.22452882941191396,0.002012175550286581,2.6509818161527314,0.0034490642677459014,0.033833821614583336,0.9694286826997995,0.004810417366873783,0.012359619140625,0.34143880009651184,0.3537594676017761
8999.530360072851,190,12510464,12451840,2069.3165872392565,1092.2578274912366,180,100,2.1199999809265138,3.9831646292423506,10.0,0.0,2.480000007152557,4.170083968460997,10.0,0.0,-0.0013412843957970229,0.15995448851026595,0.002034376895608147,2.6531369338432946,0.003524828293545094,0.032480875651041664,0.980020002151529,0.0045322175695522065,0.01080322265625,0.3216504529118538,0.35397544503211975
9079.960621606559,192,12582912,12582912,900.7554944930508,1629.635382263046,185,100,2.249999976158142,4.048147770234316,10.0,0.0,2.359999990463257,4.196474781917422,10.0,0.0,0.00015723487861881344,0.286918790700535,0.0019735772293643095,2.64757830897967,0.0036156344049231848,0.038909912109375,0.9661148395389318,0.0048129105077047525,0.0128631591796875,0.35295532643795013,0.35535287857055664
9139.960878521204,193,12704000,12648448,2018.1246919035057,1092.2619896983033,185,100,2.249999976158142,4.048147770234316,10.0,0.0,2.359999990463257,4.196474781917422,10.0,0.0,-0.0010481046956556384,0.20326220298496384,0.001963607810466783,2.6444187462329865,0.0032374688325944594,0.0312652587890625,0.975383302817742,0.005021252722751039,0.01348876953125,0.3596760630607605,0.35608717799186707
9222.023893902078,195,12779520,12779520,920.2684016605219,1597.211598814194,185,100,2.249999976158142,4.048147770234316,10.0,0.0,2.359999990463257,4.196474781917422,10.0,0.0,0.00014179377709903446,0.20044810872059315,0.0020082372914960915,2.6465122401714325,0.0038441308291415526,0.038482666015625,0.9680953584611416,0.004813896363581686,0.0110015869140625,0.3227003216743469,0.35738202929496765
9282.024105792865,196,12901888,12845056,2039.4594642888214,1092.2628093262308,185,100,2.249999976158142,4.048147770234316,10.0,0.0,2.359999990463257,4.196474781917422,10.0,0.0,-0.00016983138387634733,0.2455006984528154,0.002026318219577661,2.6417094171047206,0.003877854065043114,0.039494832356770836,0.9717415366321802,0.0055538003507535905,0.0128631591796875,0.3511810377240181,0.35814207792282104
9363.536469060928,198,12976128,12976128,910.7820829075156,1608.001470512579,191,100,1.359999990463257,3.3660659413757106,10.0,0.0,1.3899999856948853,3.367179786259153,10.0,0.0,-0.0005820019990399791,0.17467405550026646,0.0018029337346282168,2.6570300459861755,0.0025585727859530985,0.028544108072916668,0.9751501977443695,0.004396236952743493,0.011505126953125,0.332286112010479,0.3592230975627899
9423.539294388145,199,13101568,13041664,2090.568224344926,1092.2152355761245,191,100,1.359999990463257,3.3660659413757106,10.0,0.0,1.3899999856948853,3.367179786259153,10.0,0.0,-0.00041646267588172725,0.20613877894356847,0.001977826216413329,2.6545135527849197,0.0037034852581806867,0.034525553385416664,0.9756438607970873,0.00468228200043086,0.0120697021484375,0.34320688992738724,0.359581857919693
9504.152024975047,201,13172736,13172736,882.838225201666,1625.9466593642194,191,100,1.359999990463257,3.3660659413757106,10.0,0.0,1.3899999856948853,3.367179786259153,10.0,0.0,-0.0008726868036319502,0.2570688513418039,0.0020124366407496077,2.6495323305328684,0.003288843749032822,0.034998575846354164,0.9725371214250724,0.004900460000499152,0.013671875,0.36352676153182983,0.3617742657661438
9564.152103589848,202,13292800,13238272,2001.0640447791332,1092.2652355297614,196,100,2.259999990463257,4.131876119451274,10.0,0.0,2.460000014305115,4.327632181448561,13.0,0.0,7.623697941501939e-05,0.23882428913687667,0.002079027880730185,2.6482996766765914,0.004087569051383373,0.039510091145833336,0.9751601479947568,0.0051843462327572825,0.014068603515625,0.3670099452137947,0.36267536878585815
9645.60269907862,204,13369344,13369344,939.7598573794567,1609.2208929039525,196,100,2.259999990463257,4.131876119451274,10.0,0.0,2.460000014305115,4.327632181448561,13.0,0.0,0.0008217170810288128,0.2248361405606071,0.0019637466248241253,2.659472237030665,0.003188536034334296,0.0343017578125,0.9701265872766573,0.004122522443746372,0.009765625,0.3045840561389923,0.36436739563941956
9705.60290605016,205,13491968,13434880,2043.7262834470273,1092.2628988777433,196,100,2.259999990463257,4.131876119451274,10.0,0.0,2.460000014305115,4.327632181448561,13.0,0.0,-0.0001492651475321812,0.2557651740498841,0.0019993111139532025,2.655436786512534,0.0026862512683389164,0.02679443359375,0.9668255082021158,0.0044895926500127335,0.01202392578125,0.3371526151895523,0.36558297276496887
9786.38558441028,207,13565952,13565952,915.8398991203068,1622.526049652585,201,100,2.5299999952316283,4.32308921109274,10.0,0.0,2.419999986886978,4.183730443879486,10.0,0.0,-8.994194771124353e-05,0.23603356334691245,0.0019826749897523164,2.6490449532866474,0.003972416978892094,0.0362701416015625,0.9725196361541748,0.005053504787307854,0.013397216796875,0.36249372363090515,0.3679686486721039
9846.38585315831,208,13688064,13631488,2035.1908841076515,1092.2617742799973,201,100,2.5299999952316283,4.32308921109274,10.0,0.0,2.419999986886978,4.183730443879486,10.0,0.0,0.0003241315159054162,0.18515205499716103,0.001918138624508477,2.6542502070466676,0.003799587760416519,0.03894042968750001,0.9781599044799805,0.005273108875068525,0.012298583984375,0.34204746782779694,0.36876270174980164
9927.322219725698,210,13762560,13762560,920.4267890871296,1619.445072208283,201,100,2.5299999952316283,4.32308921109274,10.0,0.0,2.419999986886978,4.183730443879486,10.0,0.0,-0.0005161107498376319,0.21815509186126292,0.0019292342997990395,2.6522110824783645,0.00327769573838547,0.035105387369791664,0.9730632392068704,0.005332884034335923,0.0117034912109375,0.32682284340262413,0.37141960859298706
9987.322353754193,211,13889792,13828096,2120.528596479083,1092.2642267578374,201,100,2.5299999952316283,4.32308921109274,10.0,0.0,2.419999986886978,4.183730443879486,10.0,0.0,-0.0007014425427769311,0.1862295059642444,0.0019439069328655025,2.6528471360603967,0.0037810377343703294,0.03762308756510417,0.9786033251633247,0.004934027596997718,0.0121002197265625,0.3407561555504799,0.3720342516899109
10067.586117386818,213,13959168,13959168,864.3501981484492,1633.0158725166273,206,100,1.859999990463257,3.83671734678757,10.0,0.0,2.560000002384186,4.3158313779950985,10.0,0.0,-0.000730744543640564,0.19221839689028758,0.001998236706034125,2.6541774148742356,0.002273421905556461,0.027659098307291664,0.9780364638815323,0.004269680299330503,0.01507568359375,0.3806990161538124,0.37397292256355286
10127.586247297004,214,14079488,14024704,2005.328991455631,1092.2643017290245,206,100,1.859999990463257,3.83671734678757,10.0,0.0,2.560000002384186,4.3158313779950985,10.0,0.0,-0.0010547841169075884,0.19647160180223486,0.001778901301198251,2.6545181175072985,0.003937349719611423,0.03338114420572917,0.9744660637030998,0.0037917683148407377,0.0127105712890625,0.3435850068926811,0.37547582387924194
10209.042666362599,216,14155776,14155776,936.5498861245952,1609.1058446167542,206,100,1.859999990463257,3.83671734678757,10.0,0.0,2.560000002384186,4.3158313779950985,10.0,0.0,-0.000795646640957178,0.23807432859515149,0.0018099687343540911,2.654022566974163,0.0037253343883397365,0.031153361002604164,0.971194775775075,0.004271087093608609,0.0107269287109375,0.3159280940890312,0.37846410274505615
10269.042837081477,217,14282240,14221312,2107.727336185883,1092.26355883317,206,100,1.859999990463257,3.83671734678757,10.0,0.0,2.560000002384186,4.3158313779950985,10.0,0.0,2.9553795078148426e-05,0.17896621379380426,0.0018379970012271467,2.660350499053796,0.0028012226612190716,0.029780069986979168,0.9791108916203181,0.004079079558626593,0.0119476318359375,0.33676058053970337,0.37896329164505005
10349.595184253529,219,14352384,14352384,870.787785366198,1627.1654967426766,211,100,2.1900000095367433,4.132057603662704,13.0,0.0,2.8199999809265135,4.405405786328792,10.0,0.0,-0.00110454823031129,0.2109582386134813,0.0018018619387779229,2.653299706677596,0.0036487559288313296,0.0351104736328125,0.9782601681848367,0.004442345222438841,0.0128021240234375,0.350891537964344,0.3809868395328522
10409.595729310066,220,14474240,14417920,2030.9148839427805,1092.256744305361,211,100,2.1900000095367433,4.132057603662704,13.0,0.0,2.8199999809265135,4.405405786328792,10.0,0.0,-0.000986256077643096,0.17552441187823814,0.0018495091159517567,2.6460316876570387,0.004065748318680562,0.03721110026041667,0.9790661428123713,0.005011626950969609,0.010711669921875,0.3177672252058983,0.38177987933158875
10491.549249783158,222,14548992,14548992,912.1267709853024,1599.345571042722,211,100,2.1900000095367433,4.132057603662704,13.0,0.0,2.8199999809265135,4.405405786328792,10.0,0.0,0.0010116086596099194,0.3521119289410611,0.0019277626791639098,2.6490931709607444,0.003419598262553336,0.029022216796875,0.958305178831021,0.005103572824737057,0.013214111328125,0.3482586294412613,0.38513317704200745
10551.54962120764,223,14672384,14614528,2056.520602631699,1092.2599051321886,217,100,2.3899999856948853,4.331039148332967,13.0,0.0,2.689999997615814,4.362785845077838,10.0,0.0,0.000247623524046503,0.2426454513333738,0.0017869365534958586,2.6498608191808066,0.00364176257426152,0.032231648763020836,0.9701493574927251,0.004674659913386373,0.012237548828125,0.3366412818431854,0.3868182897567749
10633.211245058104,225,14745600,14745600,896.5778115565021,1605.0623759333184,217,100,2.3899999856948853,4.331039148332967,13.0,0.0,2.689999997615814,4.362785845077838,10.0,0.0,-0.001440019308574847,0.1781301147614916,0.0017679147252541345,2.6493281771739325,0.0032703794186090818,0.0304107666015625,0.9788026629636685,0.004422767451615073,0.0137481689453125,0.3620186373591423,0.3892982304096222
10693.211368149146,226,14868992,14811136,2056.529114328139,1092.2644258672271,217,100,2.3899999856948853,4.331039148332967,13.0,0.0,2.689999997615814,4.362785845077838,10.0,0.0,-0.0014509339052892756,0.2338674288087835,0.0018933256154317253,2.6460049326221147,0.0038950996646841913,0.032857259114583336,0.961595934505264,0.004850469801264505,0.01025390625,0.3010091707110405,0.3916023373603821
10774.09924997203,228,14942208,14942208,905.1541263043233,1620.4157785587886,217,100,2.3899999856948853,4.331039148332967,13.0,0.0,2.689999997615814,4.362785845077838,10.0,0.0,-0.0008538822742896931,0.18148533961114785,0.0018505624442089659,2.646493713061015,0.002737953338510124,0.027028401692708336,0.9782037492841483,0.00457134115761922,0.0133209228515625,0.350527323782444,0.3951064646244049
10834.099371457472,229,15066112,15007744,2065.0624854161892,1092.2644550961663,222,100,2.55,4.30668085083494,13.0,0.0,3.2100000202655794,4.57448366144817,13.0,0.0,-0.0004052798600847988,0.1991065429368367,0.001775986156038319,2.652283065021038,0.003472834474450792,0.033538818359375,0.9737838252137104,0.004873238891984026,0.0116424560546875,0.3278108164668083,0.39613252878189087
10914.727895714343,231,15138816,15138816,901.7156232250534,1625.6281658141806,222,100,2.55,4.30668085083494,13.0,0.0,3.2100000202655794,4.57448366144817,13.0,0.0,-0.0002586288925764772,0.18960557765482616,0.0017123891217731093,2.6580976943175,0.0025052698753521936,0.0227203369140625,0.9738875050097704,0.004675852159076991,0.0104827880859375,0.3136740028858185,0.39807021617889404
10974.728386254981,232,15258368,15204352,1992.517043156955,1092.2577367198726,222,100,2.55,4.30668085083494,13.0,0.0,3.2100000202655794,4.57448366144817,13.0,0.0,0.00039240387923200615,0.21858034174268445,0.002002777023638676,2.648994393646717,0.003757249856183383,0.03369649251302083,0.9662170391529797,0.005475504862261005,0.012969970703125,0.3454204350709915,0.39965853095054626
11056.418986773118,234,15335424,15335424,943.2664163472733,1604.4930404312422,228,100,2.3499999761581423,4.1143043319474115,10.0,0.0,2.050000011920929,3.9048047415722467,10.0,0.0,-0.0002822997970118497,0.2502868218968312,0.0019215987340430731,2.648461220165094,0.004972763305583309,0.045567830403645836,0.9642021215210358,0.005033255142431396,0.010833740234375,0.3121873363852501,0.40295419096946716
11116.419359274209,235,15460608,15400960,2086.3870469758413,1092.259885533365,228,100,2.3499999761581423,4.1143043319474115,10.0,0.0,2.050000011920929,3.9048047415722467,10.0,0.0,0.000189052368417227,0.231931720705082,0.0019423383176520779,2.6469553411006927,0.003414659440750256,0.036956787109375,0.9736442305147648,0.00555216905195266,0.0155792236328125,0.3818884342908859,0.4047803282737732
11197.572978597134,237,15532032,15532032,880.1086211052426,1615.1097276196565,228,100,2.3499999761581423,4.1143043319474115,10.0,0.0,2.050000011920929,3.9048047415722467,10.0,0.0,0.00029902684764238074,0.24352610111236572,0.001929122456203913,2.642963337401549,0.003398999483276081,0.030980428059895836,0.9752093938489754,0.0060924897067404045,0.01312255859375,0.3476686328649521,0.4084967374801636
11257.572980245575,238,15655168,15597568,2052.266610282661,1092.2666366577157,228,100,2.3499999761581423,4.1143043319474115,10.0,0.0,2.050000011920929,3.9048047415722467,10.0,0.0,-0.00030755098123336216,0.2394384212481479,0.0017934847940826633,2.649911254644394,0.004040898971652496,0.038691202799479164,0.9722901955246925,0.004921214063263809,0.0121307373046875,0.32674434036016464,0.4100203812122345
11338.663804193959,240,15728640,15728640,906.0457943646875,1616.3604415147038,233,100,2.3899999856948853,4.1902147674342425,10.0,0.0,1.9599999904632568,3.916426982726331,10.0,0.0,-9.547026760022466e-05,0.28438356208304566,0.0021255405275345156,2.6423255875706673,0.0037422257355501647,0.038380940755208336,0.9698617855707804,0.005752274291201805,0.015777587890625,0.37700118124485016,0.41428521275520325
11398.666134120896,241,15845120,15794176,1941.2579501801438,1092.2242532881687,233,100,2.3899999856948853,4.1902147674342425,10.0,0.0,1.9599999904632568,3.916426982726331,10.0,0.0,-0.00028586856448479614,0.2404472156583021,0.001836227089370368,2.64776398986578,0.003907617281583953,0.041168212890625,0.9756146160264809,0.005354825358760233,0.0153961181640625,0.3780597671866417,0.41647493839263916
11480.324310366064,243,15925248,15925248,981.2611998512715,1605.1301416097476,233,100,2.3899999856948853,4.1902147674342425,10.0,0.0,1.9599999904632568,3.916426982726331,10.0,0.0,-0.0002215280437667389,0.21155740056807798,0.0019421947399678174,2.6489363312721252,0.0036493145865582237,0.03834533691406249,0.9751254227012395,0.00512624444187774,0.0133514404296875,0.35183118283748627,0.4188310205936432
11540.32461652346,244,16050944,15990784,2094.922643732336,1092.2610932698126,233,100,2.3899999856948853,4.1902147674342425,10.0,0.0,1.9599999904632568,3.916426982726331,10.0,0.0,0.0005675476798690701,0.202059394835184,0.0019193677411143049,2.65589252859354,0.0034183343195763882,0.032358805338541664,0.9718045343955358,0.00459405972166375,0.01141357421875,0.3208538554608822,0.42023077607154846
11621.101242849603,246,16121856,16121856,877.8777132098297,1622.6476143084217,239,100,2.310000002384186,4.110218893325046,13.0,0.0,2.480000001192093,4.234335827394542,10.0,0.0,-0.0005750956067155737,0.19599934077511233,0.0018859444486831005,2.644519885381063,0.003433598284876401,0.030034383138020832,0.9787125171472629,0.004997791082132608,0.01531982421875,0.3779657557606697,0.4231831729412079
11681.10145884566,247,16246016,16187392,2069.3258838961474,1092.2627345926057,239,100,2.310000002384186,4.110218893325046,13.0,0.0,2.480000001192093,4.234335827394542,10.0,0.0,-0.00023371545588209605,0.17205766503078243,0.0018199435871792955,2.645817679663499,0.003761661588214338,0.03298441569010417,0.9824255555868149,0.005116368901023331,0.0151519775390625,0.37934809923171997,0.4242747128009796
11762.144889404997,249,16318464,16318464,893.9404403291657,1617.3056729630134,239,100,2.310000002384186,4.110218893325046,13.0,0.0,2.480000001192093,4.234335827394542,10.0,0.0,-8.433710900135338e-05,0.23737162017884356,0.0018650386688629323,2.654349038998286,0.00272989569081498,0.0241546630859375,0.973555937409401,0.004703709222667385,0.012115478515625,0.3341417461633682,0.4274129867553711
11822.144892478362,250,16442112,16384000,2060.7998944401793,1092.2666107177763,244,100,2.4,4.270831343383523,10.0,0.0,2.8899999856948853,4.48306815763724,10.0,0.0,-0.00017490654136054218,0.20284836979893345,0.0018243501993614095,2.6480231607953706,0.003988852015633408,0.038604736328125,0.9757028122742971,0.0052912135288352155,0.0129852294921875,0.34730658680200577,0.428506076335907
11903.48681794852,252,16515072,16515072,896.9544251416387,1611.3707567456809,244,100,2.4,4.270831343383523,10.0,0.0,2.8899999856948853,4.48306815763724,10.0,0.0,6.198784831212834e-05,0.252979264051343,0.0019646349586158367,2.637646575768789,0.0028359792140690843,0.028762817382812503,0.9741674574712913,0.00544635516901811,0.0150604248046875,0.37071237713098526,0.4324677586555481
11963.487347764894,253,16638464,16580608,2056.5151737431197,1092.2570217390844,244,100,2.4,4.270831343383523,10.0,0.0,2.8899999856948853,4.48306815763724,10.0,0.0,-0.0002475302656724428,0.21520344074815512,0.0018524783663451672,2.6518797601262727,0.00313130743355335,0.034693400065104164,0.96846878901124,0.004755611385917291,0.010162353515625,0.29644259065389633,0.4334757924079895
12044.349714685231,255,16711680,16711680,905.439734062323,1620.9270763633197,244,100,2.4,4.270831343383523,10.0,0.0,2.8899999856948853,4.48306815763724,10.0,0.0,-0.0006338065456172142,0.2519171570893377,0.0018387940544926096,2.643510396281878,0.0034837216917367186,0.030680338541666668,0.9761032505581776,0.005526973312953487,0.0141754150390625,0.35301098227500916,0.43695268034935
12104.350018566474,256,16834304,16777216,2043.7229825153331,1092.2611347054808,250,100,2.649999976158142,4.29272637642959,10.0,0.0,3.35,4.671991017348892,13.0,0.0,-0.0002223471165052615,0.2884499652621647,0.0020177696836375008,2.6408758039275804,0.0037754533865760704,0.034922281901041664,0.9696064616243045,0.0058211765766221415,0.0141754150390625,0.35519421100616455,0.4390857219696045
12185.213626516983,258,16908288,16908288,914.9233119214869,1620.9021996671324,250,100,2.649999976158142,4.29272637642959,10.0,0.0,3.35,4.671991017348892,13.0,0.0,0.0006169622841601571,0.2710474419873208,0.002103133344159384,2.6322059656182923,0.003973194145146408,0.042287190755208336,0.9765209543208281,0.006327364778068538,0.016998291015625,0.3913748040795326,0.44427603483200073
12245.214383870363,259,17028864,16973824,2009.5746340309652,1092.2528796431573,250,100,2.649999976158142,4.29272637642959,10.0,0.0,3.35,4.671991017348892,13.0,0.0,0.0008831807256986698,0.33302308230971295,0.002183693520540449,2.635900765657425,0.0034059513612495116,0.032633463541666664,0.9703503617395958,0.006511951185530052,0.0157928466796875,0.37385186553001404,0.4469447731971741
12326.788816262037,261,17104896,17104896,932.0567458555915,1606.7779591853969,255,100,2.6200000047683716,4.369851307564306,13.0,0.0,3.1700000286102297,4.5056742132579455,10.0,0.0,0.0002519607041904237,0.2513616483192891,0.002143527741282014,2.6428071980675063,0.0037344339531652317,0.041447957356770836,0.9747000659505527,0.006560322144650855,0.0136871337890625,0.3507683351635933,0.4506635367870331
12386.788904132321,262,17222912,17170432,1966.9304527543452,1092.2650670392893,255,100,2.6200000047683716,4.369851307564306,13.0,0.0,3.1700000286102297,4.5056742132579455,10.0,0.0,0.0006113325944170355,0.2241924185461054,0.002154660440282896,2.6449725081523257,0.003265899203446073,0.028411865234375,0.9746644950161378,0.006318333529634401,0.012725830078125,0.3364827260375023,0.4520297050476074
12469.037382857874,264,17301504,17301504,955.5435093486224,1593.6100221058457,255,100,2.6200000047683716,4.369851307564306,13.0,0.0,3.1700000286102297,4.5056742132579455,10.0,0.0,0.00031352706961721805,0.2604244870599359,0.0021377914041901627,2.6407685801386833,0.003465450100217519,0.03793334960937499,0.9730813434968392,0.00626544072777809,0.0137481689453125,0.3430970385670662,0.455935001373291
12529.041157256812,265,17417472,17367040,1932.678421676968,1092.1979601529886,260,100,2.689999985694885,4.564416736980075,13.0,0.0,3.0100000143051147,4.491091184529908,13.0,0.0,-0.00020933806808898228,0.18958560454969606,0.0018996181837186061,2.6441812415917716,0.003636017855872827,0.039586385091145836,0.979646007840832,0.005067705215575795,0.0140838623046875,0.35478273779153824,0.45788460969924927
12612.7197947409,267,17498112,17498112,963.6868192952313,1566.3734967592331,260,100,2.689999985694885,4.564416736980075,13.0,0.0,3.0100000143051147,4.491091184529908,13.0,0.0,-0.00047506005527490436,0.22519325294221443,0.0020618063184277466,2.637292904158433,0.004822419621632434,0.044804890950520836,0.9794091048340002,0.005749984193244018,0.01666259765625,0.3928884193301201,0.4610443711280823
12672.720073193312,268,17619712,17563648,2026.657261206646,1092.2615976187396,260,100,2.689999985694885,4.564416736980075,13.0,0.0,3.0100000143051147,4.491091184529908,13.0,0.0,0.00010591010504867871,0.2678572864582141,0.00214114126477701,2.6311578626434007,0.0035051596939107794,0.04184468587239583,0.9752115365117788,0.0065387331463474165,0.0161895751953125,0.38168158382177353,0.4633219242095947
12754.325401915237,270,17694720,17694720,919.155662684647,1606.169622165663,265,100,2.6799999952316282,4.422397473115416,13.0,0.0,2.6199999928474424,4.300651180162555,10.0,0.0,-0.0007172443438321352,0.23108911452194053,0.002160980677823924,2.6398325810829797,0.004167215001871227,0.04344177246093749,0.973599516476194,0.005900448023263986,0.012939453125,0.3368562385439873,0.4679383337497711
12814.32563627325,271,17817600,17760256,2047.9920006110792,1092.262400325909,265,100,2.6799999952316282,4.422397473115416,13.0,0.0,2.6199999928474424,4.300651180162555,10.0,0.0,0.0012389432279936348,0.2984239387636384,0.002313404331895678,2.6283797298868494,0.0036157338187573864,0.03827412923177083,0.9720526567349831,0.0072979670512722805,0.0148162841796875,0.35859038680791855,0.47032609581947327
12895.78570112586,273,17891328,17891328,905.0815283955366,1609.0338282587318,265,100,2.6799999952316282,4.422397473115416,13.0,0.0,2.6199999928474424,4.300651180162555,10.0,0.0,5.336655643380557e-05,0.2414070088416338,0.002172148981723391,2.635743754605452,0.004014287710864058,0.043248494466145836,0.9718988022456566,0.006246107921469957,0.0149688720703125,0.36445410549640656,0.4740731716156006
12955.788414811715,274,18013952,17956864,2043.6409033431225,1092.2172677574933,265,100,2.6799999952316282,4.422397473115416,13.0,0.0,2.6199999928474424,4.300651180162555,10.0,0.0,0.0009600914648520605,0.21946174465119841,0.0022890367545187473,2.6339686140418053,0.005057676341190624,0.0531158447265625,0.9782367311418056,0.00678502609662246,0.012847900390625,0.3386824205517769,0.47533589601516724
13036.916985746473,276,18087936,18087936,911.9352054099024,1615.6083915912457,269,100,2.509999990463257,4.162919645831678,10.0,0.0,2.9099999964237213,4.445435837917004,13.0,0.0,-0.00030116209624490387,0.2071257869247347,0.002165566527158565,2.641150290767352,0.004503691562907382,0.049891153971354164,0.9742080966631572,0.005733479401290727,0.01220703125,0.32682596519589424,0.47830092906951904
13096.917496265844,277,18211328,18153472,2056.515835147176,1092.2573730242261,269,100,2.509999990463257,4.162919645831678,10.0,0.0,2.9099999964237213,4.445435837917004,13.0,0.0,-0.0006624086357381505,0.1816907935620596,0.002042973507438243,2.6383983020981154,0.003914504106433014,0.0387725830078125,0.9810601944724718,0.0059384858565560234,0.0134735107421875,0.34591999650001526,0.48016557097435
13178.432682877406,279,18284544,18284544,898.1884608679075,1607.945776099191,269,100,2.509999990463257,4.162919645831678,10.0,0.0,2.9099999964237213,4.445435837917004,13.0,0.0,-0.00025658827750400326,0.21516884118318558,0.0020103841452510096,2.6383704468607903,0.0037674163892612946,0.041453043619791664,0.9761526975780725,0.00595793557780174,0.0128021240234375,0.3364212065935135,0.48302218317985535
13238.433244945481,280,18405120,18350080,2009.5811746429622,1092.2564346254742,274,100,2.1799999713897704,3.9733612633287634,10.0,0.0,2.919999986886978,4.453493120880683,10.0,0.0,-0.0002328880242809343,0.1584703279659152,0.0019016150605845419,2.6486169745524726,0.0030618951902094222,0.03414408365885417,0.9800040666013956,0.00517985669527358,0.0121612548828125,0.3295324221253395,0.4843433201313019
13320.20549598895,282,18481152,18481152,929.8019686358238,1602.8909358301069,274,100,2.1799999713897704,3.9733612633287634,10.0,0.0,2.919999986886978,4.453493120880683,10.0,0.0,0.0014735558919104126,0.24650482491900522,0.0020650688032522644,2.63132955133915,0.0045502760670691105,0.045221964518229164,0.9740201073388258,0.006518535878664504,0.0144805908203125,0.35464611649513245,0.48744404315948486
13380.205824770033,283,18605312,18546688,2069.3219941012208,1092.2606814224998,274,100,2.1799999713897704,3.9733612633287634,10.0,0.0,2.919999986886978,4.453493120880683,10.0,0.0,0.0005760592709217841,0.19093825481832027,0.002004666797195872,2.6267803187171617,0.0050350711820404594,0.054239908854166664,0.9810404876867931,0.006677086562073479,0.014129638671875,0.3452969342470169,0.4902534484863281
13462.701416175812,285,18677760,18677760,878.2045048158143,1588.8364186067029,279,100,2.8399999737739563,4.455827583539886,13.0,0.0,2.979999977350235,4.433914819141934,10.0,0.0,0.0007336238862383956,0.25314501362542313,0.0019399970951781143,2.641412705183029,0.0034094772696941313,0.03757731119791667,0.9700034620861212,0.005807934149440068,0.013885498046875,0.3499731570482254,0.4935312569141388
13522.70182013698,286,18803712,18743296,2099.185866840467,1092.25931282756,279,100,2.8399999737739563,4.455827583539886,13.0,0.0,2.979999977350235,4.433914819141934,10.0,0.0,-0.00012589493053383194,0.2137006278305004,0.0019158879816435122,2.6417946542302766,0.0037231800433801254,0.037190755208333336,0.9771277612696091,0.005707370262825862,0.0137481689453125,0.35254310816526413,0.49479940533638
13603.42869224213,288,18874368,18874368,875.2475868006687,1623.6476972534144,279,100,2.8399999737739563,4.455827583539886,13.0,0.0,2.979999977350235,4.433914819141934,10.0,0.0,0.0009033203714352566,0.2197245539476474,0.0020054035085195205,2.6426896130045257,0.0038749913910578466,0.043238321940104164,0.9777746157099804,0.005787418539208981,0.0171356201171875,0.3957075998187065,0.49829381704330444
13663.429319813848,289,18991872,18939904,1958.3795162734104,1092.255242191706,283,100,2.169999969005585,3.9624613413199814,13.0,0.0,2.6799999952316282,4.305531381618507,10.0,0.0,-7.328549691010268e-05,0.18036881958444914,0.0018944024874751144,2.6410837223132453,0.004767635008344466,0.041910807291666664,0.9815412188569704,0.00537603299987192,0.01776123046875,0.40509894490242004,0.49976885318756104
13747.106515515596,291,19070976,19070976,945.3471682052009,1566.4004858286823,283,100,2.169999969005585,3.9624613413199814,13.0,0.0,2.6799999952316282,4.305531381618507,10.0,0.0,-0.0006867026349937078,0.19450631784275174,0.0019399394865710446,2.6411187748114267,0.004428569471201627,0.042683919270833336,0.9749408072481552,0.006063583908447375,0.0120697021484375,0.3249235115945339,0.5024010539054871
13807.106739314273,292,19194112,19136512,2052.259011785794,1092.262592551275,283,100,2.169999969005585,3.9624613413199814,13.0,0.0,2.6799999952316282,4.305531381618507,10.0,0.0,-0.0008820443278333794,0.21296770855163533,0.0020016538170845406,2.639156644543012,0.00350761522592317,0.039164225260416664,0.9786194786429405,0.006525134997597585,0.0124359130859375,0.33065326511859894,0.5036213397979736
13888.37989997305,294,19267584,19267584,904.0130764505427,1612.7341294169962,288,100,2.5300000071525575,4.288251311732719,13.0,0.0,3.6000000059604647,4.724404760836058,13.0,0.0,0.0009255200311599765,0.20742297312244773,0.002106807409290923,2.6287660971283913,0.0036017594217507094,0.037994384765625,0.9781948359062275,0.006867012086634834,0.0145416259765625,0.35618457943201065,0.506903350353241
13948.380063885823,295,19388160,19333120,2009.5945100298497,1092.2636827338463,288,100,2.5300000071525575,4.288251311732719,13.0,0.0,3.6000000059604647,4.724404760836058,13.0,0.0,-2.4408470684041575e-05,0.15435220184735954,0.0019187778185975428,2.639143054684003,0.0037060605585187054,0.04027811686197917,0.9811785264561573,0.005656822768893713,0.0116424560546875,0.3188778907060623,0.5083511471748352
14028.913480110466,297,19464192,19464192,944.1049885169762,1627.547993672363,288,100,2.5300000071525575,4.288251311732719,13.0,0.0,3.6000000059604647,4.724404760836058,13.0,0.0,-0.0004600210692539501,0.22314366822441417,0.0020315050714998506,2.625358832379182,0.0044267184997200575,0.04511515299479167,0.9802405977000793,0.00660930629237555,0.0172271728515625,0.39232249557971954,0.5125447511672974
14088.913485813886,298,19587328,19529728,2052.2664715843916,1092.2665628390941,288,100,2.5300000071525575,4.288251311732719,13.0,0.0,3.6000000059604647,4.724404760836058,13.0,0.0,0.0007952471920968188,0.2947997410471241,0.0019174452099832706,2.623465086023013,0.004804719896734848,0.04688008626302083,0.9742273061225811,0.0065387494541937485,0.01898193359375,0.41125597059726715,0.5143298506736755
14170.696247177199,300,19660800,19660800,898.3800348047337,1602.6849401394552,293,100,2.4699999928474425,4.16042062093827,13.0,0.0,2.979999989271164,4.501066595524965,13.0,0.0,0.00027873574921007577,0.21861385003042716,0.001933499525572794,2.636238907774289,0.0032669965785316886,0.037567138671875,0.9770350356896719,0.005859694623116715,0.0124359130859375,0.3296625092625618,0.5173715949058533
14230.696635898203,301,19783680,19726336,2047.9867317423532,1092.2595902625883,293,100,2.4699999928474425,4.16042062093827,13.0,0.0,2.979999989271164,4.501066595524965,13.0,0.0,0.0014978077039510631,0.2855880690428118,0.0020298760888787606,2.6284033109744387,0.004121587833045244,0.0467681884765625,0.9726780224591492,0.0065672532218741244,0.0160980224609375,0.3762146085500717,0.5192763209342957
14311.872198658064,303,19857408,19857408,908.2536356182316,1614.6731299879673,293,100,2.4699999928474425,4.16042062093827,13.0,0.0,2.979999989271164,4.501066595524965,13.0,0.0,-0.0005961942273036888,0.2084360757532219,0.002004809908006185,2.6265243118007975,0.004951185351577199,0.052515665690104164,0.9794171719501417,0.0061058156861690804,0.01507568359375,0.35779232531785965,0.5227988362312317
14371.872392293066,304,19984640,19922944,2120.5264898641562,1092.2631416604104,298,100,3.1700000286102297,4.512327553884014,13.0,0.0,3.5700000405311583,4.737626005015365,13.0,0.0,0.00027660296715718385,0.19355974618035057,0.001982332939708916,2.6369811892509456,0.004155059481490752,0.040868123372395836,0.9799072301636139,0.005766912921293018,0.014434814453125,0.3587757870554924,0.5241284370422363
14452.657618226483,306,20054016,20054016,858.770885374251,1622.4748830686956,298,100,3.1700000286102297,4.512327553884014,13.0,0.0,3.5700000405311583,4.737626005015365,13.0,0.0,0.0007916770118754356,0.3240703737052778,0.0023146596007184903,2.6165522982676825,0.004562085460444602,0.049204508463541664,0.9716173764318228,0.007546374967205338,0.01824951171875,0.4020790010690689,0.5279912948608398
14512.657929942012,307,20174336,20119552,2005.322915161799,1092.260992088129,298,100,3.1700000286102297,4.512327553884014,13.0,0.0,3.5700000405311583,4.737626005015365,13.0,0.0,0.0012839922565035522,0.2120155590431144,0.0020292085719120223,2.628034469981988,0.004517561238268779,0.046503702799479164,0.9791513240585725,0.006920022162375972,0.0146942138671875,0.3601655662059784,0.529254674911499
14593.908998526633,309,20250624,20250624,938.9168823121133,1613.1726300127584,303,100,3.1199999809265138,4.671787714374261,13.0,0.0,3.210000014305115,4.594115871412696,13.0,0.0,0.0004112283034676996,0.2131293333756427,0.0020735103547243248,2.6226265728473663,0.00430601748303161,0.04624938964843749,0.9810184308638176,0.007011883848463185,0.0184783935546875,0.4067337065935135,0.5325901508331299
14653.909421365708,310,20372224,20316160,2026.6523842029976,1092.2589691704577,303,100,3.1199999809265138,4.671787714374261,13.0,0.0,3.210000014305115,4.594115871412696,13.0,0.0,-9.84586052557764e-05,0.24091639881953597,0.0020432854629082917,2.6254788041114807,0.0040860998190813316,0.039306640625,0.9778732887158791,0.006112047107308172,0.0160980224609375,0.3753223493695259,0.5341005325317383
14735.479769902304,312,20447232,20447232,919.5498284079101,1606.858403224744,303,100,3.1199999809265138,4.671787714374261,13.0,0.0,3.210000014305115,4.594115871412696,13.0,0.0,0.0002205153299049319,0.216398746939376,0.0019715895723493304,2.622144031027953,0.005103322689440878,0.055623372395833336,0.9807992589970429,0.006749321371898986,0.0177764892578125,0.398449145257473,0.53813236951828
14795.481287170202,313,20567296,20512768,2001.0160653760195,1092.2390463459724,303,100,3.1199999809265138,4.671787714374261,13.0,0.0,3.210000014305115,4.594115871412696,13.0,0.0,-0.001139019808761077,0.17482423440863687,0.0019434900738512322,2.620381616055966,0.006122813098045298,0.05441792805989583,0.9854431077837943,0.006997410353505985,0.0156707763671875,0.37206633388996124,0.53970867395401
14877.367580002174,315,20643840,20643840,934.7596203563099,1600.6586141218418,308,100,2.95,4.510820345524913,13.0,0.0,3.5200000047683715,4.648612765525716,13.0,0.0,0.00024451862069933367,0.1955665003042668,0.002028952478819216,2.6281075725952783,0.0037978091422701254,0.04254150390624999,0.9812410920858382,0.006703031322103925,0.015594482421875,0.36804620176553726,0.5426617860794067
14937.368053931743,316,20768512,20709376,2077.8502540887393,1092.2580391103024,308,100,2.95,4.510820345524913,13.0,0.0,3.5200000047683715,4.648612765525716,13.0,0.0,0.0002006707412268345,0.2449063064996153,0.0019682993661263026,2.63377196341753,0.004132242342166137,0.04469299316406249,0.976646504054467,0.0064100481346637634,0.0142364501953125,0.35231879353523254,0.5439180731773376
15017.90527581796,318,20840448,20840448,893.2019048487997,1627.471086414895,308,100,2.95,4.510820345524913,13.0,0.0,3.5200000047683715,4.648612765525716,13.0,0.0,-0.0004736590314375159,0.21599737694486976,0.0019514368868840393,2.629421939452489,0.0050619649512858205,0.04852294921874999,0.9774796832352876,0.006384526990586893,0.0140228271484375,0.3501688167452812,0.5471054315567017
15077.905709773302,319,20964608,20905984,2069.3183668040215,1092.2587668078959,313,100,3.140000009536743,4.654073469333604,13.0,0.0,3.4299999833106996,4.622239795534588,13.0,0.0,-0.0002923173233284615,0.20320800870346525,0.0020169965937384404,2.6242754931251207,0.0055763073251000606,0.051579793294270836,0.9789459512879451,0.006747485492572499,0.014404296875,0.35544446110725403,0.5482887625694275
15158.956543633714,321,21037056,21037056,893.8587865088685,1617.1579459100378,313,100,3.140000009536743,4.654073469333604,13.0,0.0,3.4299999833106996,4.622239795534588,13.0,0.0,-0.000153922570461873,0.23277840499455732,0.002248302166359887,2.6219296231865883,0.004582218014547834,0.055348714192708336,0.9758276299883922,0.007432732517675807,0.01922607421875,0.41218791902065277,0.551478385925293
15218.956806052476,322,21160960,21102592,2065.0576348355385,1092.261889499789,313,100,3.140000009536743,4.654073469333604,13.0,0.0,3.4299999833106996,4.622239795534588,13.0,0.0,-0.00035274259183400625,0.1934578282137712,0.0019213849373045377,2.6289084628224373,0.0038399528742350717,0.03939310709635417,0.9785239504029353,0.00582003706949763,0.015655517578125,0.37450234591960907,0.5527294278144836
15299.512083876878,324,21233664,21233664,902.5355254621995,1627.1062994248105,318,100,3.2400000154972077,4.692803012003008,13.0,0.0,3.2399999678134916,4.563156811575397,13.0,0.0,-2.4347737053176388e-05,0.19230919913388791,0.00195476447333931,2.6326769962906833,0.0034870906116945357,0.039825439453125,0.9792005382478237,0.006121218427627658,0.0158538818359375,0.3729099631309509,0.5554257035255432
15359.512474330142,325,21353216,21299200,1992.5203668986487,1092.2595587281671,318,100,3.2400000154972077,4.692803012003008,13.0,0.0,3.2399999678134916,4.563156811575397,13.0,0.0,0.00014647427694095924,0.22439803594412902,0.0020933743981004227,2.6146425555149717,0.0038073588505843268,0.048166910807291664,0.9806439969688654,0.007468440007263173,0.018341064453125,0.40173640847206116,0.5571776032447815
15441.257056206465,327,21430272,21430272,942.6435150966173,1603.4334874733158,318,100,3.2400000154972077,4.692803012003008,13.0,0.0,3.2399999678134916,4.563156811575397,13.0,0.0,7.079909240322499e-05,0.17071491898968816,0.0018687750404448402,2.61857391645511,0.004754539008596718,0.05039469401041667,0.9843493054310481,0.007315060021937826,0.0146484375,0.35656609386205673,0.5602040886878967
15501.257385825738,328,21550336,21495808,2001.0556735580426,1092.2606661638783,318,100,3.2400000154972077,4.692803012003008,13.0,0.0,3.2399999678134916,4.563156811575397,13.0,0.0,0.0027954722172580664,0.24403368689430255,0.0021917208044518093,2.6222211023171744,0.005067904756894373,0.06070454915364584,0.9748347047716379,0.007651785757237425,0.0147552490234375,0.3606843799352646,0.5616441369056702
15583.384565008804,330,21626880,21626880,932.0178869090257,1595.963739456258,323,100,2.649999976158142,4.362052270426357,13.0,0.0,3.3700000286102294,4.653289220749295,13.0,0.0,0.0008608326461398974,0.2047117589196811,0.00205998772798921,2.622698098421097,0.004722188095911406,0.0495452880859375,0.9810636478165786,0.006791928128222935,0.0137939453125,0.3438503295183182,0.5642092227935791
15643.384671933949,331,21749248,21692416,2039.4630321686664,1092.2647201572775,323,100,2.649999976158142,4.362052270426357,13.0,0.0,3.3700000286102294,4.653289220749295,13.0,0.0,-0.0009576904267305506,0.19020744475225607,0.0019579999716370367,2.6236546312769256,0.004954773354863088,0.045705159505208336,0.9838013382007679,0.0069050669359664125,0.0158538818359375,0.3747917115688324,0.5656968355178833
15724.20984812826,333,21823488,21823488,918.5256809279463,1621.6729263279603,323,100,2.649999976158142,4.362052270426357,13.0,0.0,3.3700000286102294,4.653289220749295,13.0,0.0,0.0007337979671622937,0.26076498604379594,0.00208437970407734,2.6137015720208487,0.005350314685832321,0.0525054931640625,0.9774024933576584,0.007710749424101474,0.0158538818359375,0.36571863293647766,0.5695972442626953
15784.210432775319,334,21946112,21889024,2043.7134191493192,1092.2560235954609,328,100,3.3,4.6054315548995595,13.0,0.0,3.2000000298023226,4.5210618979867485,13.0,0.0,-0.00048063990107038984,0.18154391886976856,0.0020527031289627,2.6102661366264024,0.0055188472961162915,0.0560455322265625,0.9845520860205094,0.00803349669149611,0.0188140869140625,0.40866386890411377,0.5714297294616699
15865.077680014074,336,22020096,22020096,914.882137406843,1620.8292538141993,328,100,3.3,4.6054315548995595,13.0,0.0,3.2000000298023226,4.5210618979867485,13.0,0.0,0.0012829659851073907,0.23034282013153037,0.0020435707823101743,2.6258784060676894,0.003105860422389621,0.036376953125,0.976075304672122,0.007327955473253192,0.0152740478515625,0.3620244190096855,0.5739333629608154
15925.078006505966,337,22137088,22085632,1949.856056463439,1092.2607230954932,328,100,3.3,4.6054315548995595,13.0,0.0,3.2000000298023226,4.5210618979867485,13.0,0.0,-0.00035677323709630093,0.18073302499639493,0.0020458652179513592,2.6213119849562645,0.0042942488695795564,0.045766194661458336,0.9845110718160868,0.007769664686444837,0.0188446044921875,0.41033437103033066,0.5752339363098145
16006.873612301424,339,22216704,22216704,973.3530209323421,1602.4332691876502,333,100,2.6699999809265136,4.413739782567443,13.0,0.0,3.5700000286102296,4.7817465690618715,13.0,0.0,-7.447142464419207e-05,0.24074058529610434,0.002102616968234846,2.620112972954909,0.003753346570495826,0.03728230794270833,0.974493275086085,0.007345560671334776,0.0145416259765625,0.3485259488224983,0.5788922905921936
16066.873626202345,340,22337280,22282240,2009.5995344119356,1092.2664136081858,333,100,2.6699999809265136,4.413739782567443,13.0,0.0,3.5700000286102296,4.7817465690618715,13.0,0.0,-0.00021063355719282603,0.22755700761141878,0.0019408572334214116,2.611829042434692,0.004659537991149894,0.05902099609375,0.9830741689850886,0.007536486965060855,0.0222015380859375,0.4454490840435028,0.580619752407074
16148.470031317323,342,22413312,22413312,931.8057565509451,1606.3452772864778,333,100,2.6699999809265136,4.413739782567443,13.0,0.0,3.5700000286102296,4.7817465690618715,13.0,0.0,-0.0004517963049390043,0.25480187179831165,0.0021300492238272755,2.615878509978453,0.0055571616285305945,0.05425008138020833,0.9788072345157464,0.007956126350715445,0.016815185546875,0.38373713940382004,0.5838141441345215
16208.470406439155,343,22530048,22478848,1945.5878361254468,1092.2598378248122,338,100,2.6699999809265136,4.345238743459987,13.0,0.0,3.5399999618530273,4.856788984451442,13.0,0.0,0.00040802012275283534,0.26767835548768437,0.0021551793106482364,2.618215029438337,0.0057480855860679485,0.0600128173828125,0.9768898263573647,0.007570036415321132,0.01806640625,0.39269737154245377,0.5863866209983826
16290.445368405432,345,22609920,22609920,974.3462892103407,1598.927243832354,338,100,2.6699999809265136,4.345238743459987,13.0,0.0,3.5399999618530273,4.856788984451442,13.0,0.0,0.0009546619852092892,0.28473858752598363,0.0021252067781460933,2.6129171997308727,0.004268349147726743,0.0396881103515625,0.9767288770526648,0.007723825353120143,0.0189666748046875,0.4114401936531067,0.5892066359519958
16350.44558591023,346,22732544,22675456,2043.72592466338,1092.262707126984,338,100,2.6699999809265136,4.345238743459987,13.0,0.0,3.5399999618530273,4.856788984451442,13.0,0.0,-0.0007801131941960193,0.19841155114894113,0.001962533392846429,2.6324105635285378,0.003761403529400316,0.03815714518229167,0.9809209164232014,0.006201236450579018,0.014495849609375,0.35209017246961594,0.5907779335975647
16431.971203928813,348,22806528,22806528,907.4938871746612,1607.7400354097804,343,100,2.8099999904632567,4.397033133787691,13.0,0.0,3.8700000286102294,4.879866855848148,13.0,0.0,0.0012168659074328994,0.26318438320110243,0.0021357224395615053,2.6101386000712714,0.005512356599259268,0.058008829752604164,0.9728985410183668,0.007620510208653285,0.0176849365234375,0.39790839701890945,0.5929173827171326
16491.97162519023,349,22929408,22872064,2047.9856210446603,1092.2589978904855,343,100,2.8099999904632567,4.397033133787691,13.0,0.0,3.8700000286102294,4.879866855848148,13.0,0.0,-0.0003513030266428056,0.1653495739835004,0.0018542185971455183,2.6214416523774466,0.003960360194469104,0.04501342773437501,0.984655768920978,0.0068311236779360724,0.0165252685546875,0.38051939755678177,0.5946189165115356
16573.634918274358,351,23003136,23003136,902.8291318603239,1605.029567751687,343,100,2.8099999904632567,4.397033133787691,13.0,0.0,3.8700000286102294,4.879866855848148,13.0,0.0,0.0009063390619606555,0.26541819889098406,0.0020803036604775116,2.6080244183540344,0.0035132092859081845,0.036112467447916664,0.9765691223243872,0.008330312858258063,0.0174407958984375,0.3901224359869957,0.5975779891014099
16633.63523775339,352,23123968,23068672,2013.8559435874972,1092.2608507593206,347,100,3.2699999690055845,4.745218624408234,13.0,0.0,3.3899999856948853,4.666679797346101,10.0,0.0,-0.0007165769929997623,0.19020593957975504,0.001989340287157878,2.6141042162974673,0.004686366741225356,0.041015625,0.9820344926168522,0.007428962441432911,0.0167388916015625,0.381925106048584,0.5986679196357727
16715.432065609843,354,23199744,23199744,926.3928930469348,1602.4093285136169,347,100,3.2699999690055845,4.745218624408234,13.0,0.0,3.3899999856948853,4.666679797346101,10.0,0.0,0.000708834929052197,0.22320681259346506,0.0019468256893257299,2.6093044926722846,0.0057905852512097535,0.050074259440104164,0.9802185532947382,0.007663558411877602,0.0179901123046875,0.40156494081020355,0.601481020450592
16775.43244996108,355,23323392,23265280,2060.786798900689,1092.259669810717,347,100,3.2699999690055845,4.745218624408234,13.0,0.0,3.3899999856948853,4.666679797346101,10.0,0.0,0.0005402519770238237,0.21886825584806502,0.0019953885457653087,2.61045453697443,0.0053633187872037524,0.06296793619791667,0.9811191540211439,0.00804937673577418,0.019378662109375,0.4104164093732834,0.6034920811653137
16856.23211636953,357,23396352,23396352,902.9740250557569,1622.1849151878862,347,100,3.2699999690055845,4.745218624408234,13.0,0.0,3.3899999856948853,4.666679797346101,10.0,0.0,-0.0005336667418305296,0.19941970496438446,0.0020114298931730445,2.6135296995441117,0.004036405313551465,0.03974914550781251,0.9822332474092643,0.007170045403957677,0.0168304443359375,0.3810587152838707,0.6063089966773987
16916.232324929908,358,23520512,23461888,2069.326140342655,1092.2628699540612,352,100,3.7299999713897707,4.783001183723407,13.0,0.0,3.800000023841858,4.816637837244047,13.0,0.0,0.0006041922630780997,0.2353529600271334,0.002089996931317728,2.6133068054914474,0.0046935268637753325,0.045166015625,0.9762970712035894,0.0070894764648983255,0.0167694091796875,0.38767410069704056,0.6070235967636108
16997.235939085484,360,23592960,23592960,894.3798465690221,1618.1006411425417,352,100,3.7299999713897707,4.783001183723407,13.0,0.0,3.800000023841858,4.816637837244047,13.0,0.0,0.0004574944299141255,0.214488691650331,0.0019920840447108885,2.610439156492551,0.005576706615708341,0.05621337890625,0.9827271414299805,0.007837309269234538,0.02032470703125,0.4252329170703888,0.6098426580429077
17057.236481701955,361,23713536,23658496,2009.5818261300003,1092.2567887245862,352,100,3.7299999713897707,4.783001183723407,13.0,0.0,3.800000023841858,4.816637837244047,13.0,0.0,7.737073853301469e-06,0.21525634468222657,0.002004644550955466,2.612983286380768,0.004423864595689035,0.05112711588541667,0.9823146338264147,0.007487684502848424,0.0197906494140625,0.41421088576316833,0.6117498278617859
17138.963605046272,363,23789568,23789568,930.3153823202185,1603.7760126193666,357,100,3.3699999809265138,4.653289113398619,13.0,0.0,3.4399999618530273,4.6932291873430785,13.0,0.0,0.002135144658192682,0.23076877867182097,0.002125759246458377,2.6039774417877197,0.005656028653902467,0.055658976236979164,0.9804420651247104,0.008259246305290919,0.0194091796875,0.41455432772636414,0.6146849989891052
17198.964000504464,364,23913472,23855104,2065.0530559642143,1092.2594676174358,357,100,3.3699999809265138,4.653289113398619,13.0,0.0,3.4399999618530273,4.6932291873430785,13.0,0.0,0.000247737304259014,0.21974999651623267,0.0020658047615143005,2.6139486407240233,0.004706045359246976,0.0512237548828125,0.9782962414125601,0.008129048025390754,0.016815185546875,0.37904946506023407,0.6160365343093872
17279.939429005608,366,23986176,23986176,897.8526121534857,1618.6638641640304,357,100,3.3699999809265138,4.653289113398619,13.0,0.0,3.4399999618530273,4.6932291873430785,13.0,0.0,0.0010278123324193682,0.25545630836859345,0.0021745227738089548,2.6098240489761038,0.004462235723015814,0.05370076497395833,0.9776100479066372,0.008399987889182134,0.020172119140625,0.42006056755781174,0.6191286444664001
17339.940471362323,367,24108288,24051712,2035.1646438744688,1092.247691471413,361,100,3.790000021457672,4.817250178296764,13.0,0.0,3.5,4.73180724460413,13.0,0.0,0.0007579615000092114,0.20924099433856705,0.00195863719030361,2.613632172346115,0.004591298646725288,0.0476837158203125,0.9804179246226946,0.008057291459408589,0.0165557861328125,0.377029687166214,0.6202709674835205
17421.22663105838,369,24182784,24182784,916.4659799226955,1612.4762258433682,361,100,3.790000021457672,4.817250178296764,13.0,0.0,3.5,4.73180724460413,13.0,0.0,0.00015435918612638486,0.27395589983401203,0.0021965155647194483,2.6016064931948977,0.006200524712767219,0.06532796223958334,0.9757386992375056,0.009121536214176254,0.0220794677734375,0.44488371908664703,0.6233166456222534
17481.226649286225,370,24308736,24248320,2099.199362268642,1092.266334838968,361,100,3.790000021457672,4.817250178296764,13.0,0.0,3.5,4.73180724460413,13.0,0.0,0.0007658106478629634,0.24445693621722359,0.002089879537379602,2.6070118248462677,0.004920779246579817,0.05922953287760417,0.9756988783677418,0.008006906922673807,0.017974853515625,0.3971439152956009,0.6245365738868713
17562.523481709883,372,24379392,24379392,869.1113527252173,1612.264538388809,366,100,3.1100000143051147,4.728414144657403,13.0,0.0,3.8200000047683718,4.740000055613504,13.0,0.0,0.00175842382547368,0.31926248967647547,0.0023180972906023576,2.6060008332133293,0.004566214058286278,0.044148763020833336,0.9707735696186622,0.008534713808330707,0.01971435546875,0.4119512736797333,0.6282745003700256
17622.52383234538,373,24504320,24444928,2082.1211655734437,1092.2602835795115,366,100,3.1100000143051147,4.728414144657403,13.0,0.0,3.8200000047683718,4.740000055613504,13.0,0.0,0.00021717613708460703,0.17893407222193977,0.0019438197390021137,2.614255897700786,0.004100482853270174,0.03765869140624999,0.9854092740764221,0.007319804048165679,0.020751953125,0.4296010360121727,0.6295903921127319
17703.581533480436,375,24576000,24576000,884.3083259981728,1617.0209389680874,366,100,3.1100000143051147,4.728414144657403,13.0,0.0,3.8200000047683718,4.740000055613504,13.0,0.0,0.0018680731154745445,0.2649245993234217,0.0022036655088110515,2.623132179180781,0.00622087572204085,0.058842976888020836,0.9729119185358286,0.007827545487089083,0.017181396484375,0.38756972551345825,0.6323432326316833
17763.58197188936,376,24700160,24641536,2069.318213207072,1092.2586857340423,371,100,3.6899999618530273,4.853236032445515,13.0,0.0,3.3899999976158144,4.717827822161097,13.0,0.0,-0.0007675905956906111,0.21356309740804133,0.0021479705295253857,2.624329174558322,0.004899395272635351,0.0536346435546875,0.9788896366953851,0.007246031969164809,0.0153350830078125,0.36063017696142197,0.6335825324058533
17845.068251337856,378,24772608,24772608,889.0821926136999,1608.516192997224,371,100,3.6899999618530273,4.853236032445515,13.0,0.0,3.3899999976158144,4.717827822161097,13.0,0.0,4.868286244648815e-06,0.23607439066593844,0.002065343262074748,2.612386641403039,0.0052682793545197155,0.05315653483072917,0.9799337691317002,0.007915941615162108,0.0190887451171875,0.4066759869456291,0.6370904445648193
17905.06870952435,379,24893184,24838144,2009.5846539242732,1092.2583256998173,371,100,3.6899999618530273,4.853236032445515,13.0,0.0,3.3899999976158144,4.717827822161097,13.0,0.0,-0.00043512604800829036,0.23583973936426142,0.0022417247904134756,2.6069562758008638,0.006334881337655436,0.06383768717447916,0.9812409908821186,0.008159489205960805,0.0215606689453125,0.43345464020967484,0.6385647058486938
17986.896637950093,381,24969216,24969216,929.1693125165234,1601.8002963247811,376,100,3.500000023841858,4.801041597599364,13.0,0.0,3.1399999618530274,4.456500898164718,10.0,0.0,0.0009600012890587095,0.2685565288799504,0.00225353069981793,2.612942313154538,0.003716241604100408,0.041346232096354164,0.9751423578709363,0.007618096142929668,0.0181884765625,0.3965955078601837,0.6411923766136169
18046.896645298228,382,25094144,25034752,2082.133078336747,1092.2665328979656,376,100,3.500000023841858,4.801041597599364,13.0,0.0,3.1399999618530274,4.456500898164718,10.0,0.0,-0.0004319419846675979,0.18980907322838902,0.001970970179778912,2.625610408683618,0.005026137637590485,0.046483357747395836,0.9842253712316354,0.006417025506380014,0.0181427001953125,0.40092163532972336,0.6422836184501648
18127.78606412001,384,25165824,25165824,886.1480406717675,1620.3849886569462,376,100,3.500000023841858,4.801041597599364,13.0,0.0,3.1399999618530274,4.456500898164718,10.0,0.0,0.0013362096554677312,0.307106242980808,0.0022448695611577323,2.60247649004062,0.004931914774109221,0.05496724446614583,0.9750155912091335,0.007662038682610728,0.0195465087890625,0.4079207107424736,0.6454845666885376
18187.78642398119,385,25284608,25231360,1979.7214595849853,1092.2601156330952,376,100,3.500000023841858,4.801041597599364,13.0,0.0,3.1399999618530274,4.456500898164718,10.0,0.0,0.0008823468112192738,0.25445440326196456,0.00207285569558735,2.6092382098237676,0.00508818066615883,0.053853352864583336,0.9776451084762812,0.007298977764245743,0.0174713134765625,0.3868636041879654,0.6468405723571777
18269.67743092589,387,25362432,25362432,950.3363422134079,1600.5664710962658,380,100,2.769999957084656,4.32863721398278,13.0,0.0,3.4199999570846558,4.569857714460198,13.0,0.0,-0.000767518461846824,0.2278124279497812,0.002065071756078396,2.613766719897588,0.004563508743255322,0.04844156901041667,0.979451471939683,0.007076729850571913,0.0174407958984375,0.38299668580293655,0.6497204303741455
18329.677924307063,388,25482496,25427968,2001.0502119916723,1092.2576850103799,380,100,2.769999957084656,4.32863721398278,13.0,0.0,3.4199999570846558,4.569857714460198,13.0,0.0,0.0007736459338048008,0.21494628147532543,0.001907978856858487,2.6284990484515824,0.003647677591288811,0.0360565185546875,0.9782206403712431,0.005956771196603465,0.0178985595703125,0.39583994448184967,0.6506146788597107
18411.45804508403,390,25559040,25559040,935.9731836145564,1602.736688998839,380,100,2.769999957084656,4.32863721398278,13.0,0.0,3.4199999570846558,4.569857714460198,13.0,0.0,0.002138087288282501,0.2745330875429014,0.0020787056067395797,2.6166329383850098,0.004569699526958478,0.041554768880208336,0.9760128023723761,0.007316145648170883,0.021148681640625,0.42890405654907227,0.6540919542312622
18471.458380445838,391,25682176,25624576,2052.255195866432,1092.2605616253777,385,100,3.209999990463257,4.703817603084097,13.0,0.0,3.9400000095367433,4.97758986191806,13.0,0.0,0.0008380839572055265,0.2332423694897443,0.0021723391425136165,2.625216968357563,0.004926360811926619,0.048431396484375,0.9777750577777624,0.00706629168901903,0.0162811279296875,0.3774302154779434,0.6551122069358826
18552.703464252874,393,25755648,25755648,904.3254872442745,1613.2914615646987,385,100,3.209999990463257,4.703817603084097,13.0,0.0,3.9400000095367433,4.97758986191806,13.0,0.0,0.0009130671096500008,0.26819256351639825,0.002152359465981135,2.614903671046098,0.00521667620826823,0.05297342936197917,0.9772332149247329,0.007907062628267642,0.018402099609375,0.40310705453157425,0.6580361723899841
18612.70405163057,394,25876480,25821184,2013.8469518535808,1092.2559738866878,385,100,3.209999990463257,4.703817603084097,13.0,0.0,3.9400000095367433,4.97758986191806,13.0,0.0,-0.00011309761854742345,0.23291108912477893,0.0019679159425625885,2.620873654882113,0.005129714811118901,0.05135091145833333,0.9777520510057608,0.006816256102562572,0.0165863037109375,0.37793228030204773,0.6590871810913086
18694.321344405413,396,25952256,25952256,928.4306967770219,1605.9341782089027,390,100,3.0200000047683715,4.56504107726655,13.0,0.0,4.4500000953674315,4.9545434431488635,13.0,0.0,0.00025030058289606433,0.23630398822327453,0.002021464526478667,2.6191812629501023,0.005190244681216427,0.05875142415364583,0.9767308154453834,0.007394313070108184,0.0145111083984375,0.34735696762800217,0.661457359790802
18754.321390341967,397,26074880,26017792,2043.731768633398,1092.2658304178494,390,100,3.0200000047683715,4.56504107726655,13.0,0.0,4.4500000953674315,4.9545434431488635,13.0,0.0,-0.0011154507786462395,0.2154242421966046,0.0021356065044528805,2.609412973125776,0.004561824801688393,0.05366007486979167,0.980407706151406,0.007559291130746714,0.0186767578125,0.4048469364643097,0.6625550985336304
18835.694513700902,399,26148864,26148864,909.194546627615,1610.7529684198578,390,100,3.0200000047683715,4.56504107726655,13.0,0.0,4.4500000953674315,4.9545434431488635,13.0,0.0,0.0012817526633928842,0.2549464274197817,0.0019435216915250444,2.6121101478735604,0.004951865732437,0.054102579752604164,0.9778558406978846,0.007719469872730163,0.0181884765625,0.4005093425512314,0.6647260785102844
18895.69492560625,400,26269952,26214400,2018.1194787632198,1092.2591682101147,390,100,3.0200000047683715,4.56504107726655,13.0,0.0,4.4500000953674315,4.9545434431488635,13.0,0.0,0.001236878932104446,0.22501276099743944,0.0020978641684147683,2.6195286015669503,0.0043794055479035405,0.057184855143229164,0.979095550874869,0.007602066815403911,0.01898193359375,0.4042745307087898,0.6663026809692383
18977.357488725334,402,26345472,26345472,924.7811618387938,1605.0439147846182,395,100,3.1,4.59238497814591,13.0,0.0,3.949999976158142,4.988737314556305,13.0,0.0,0.0006111420564896737,0.24343537019255262,0.001987344464093136,2.6078058183193207,0.005379478016645104,0.05765279134114583,0.9784538000822067,0.007708267124447351,0.020233154296875,0.4260215610265732,0.6683219075202942
19037.361846506596,403,26469120,26411008,2060.6503356096932,1092.1873414411623,395,100,3.1,4.59238497814591,13.0,0.0,3.949999976158142,4.988737314556305,13.0,0.0,0.0021682841058160798,0.23909810503634316,0.0019700831968899974,2.611274011433124,0.0057931075843953295,0.059885660807291664,0.9789069344600042,0.00779779298560849,0.020416259765625,0.43042732030153275,0.668943464756012
19118.372324904427,405,26542080,26542080,900.624233345512,1617.9635349926393,400,100,4.000000023841858,4.989989984051222,13.0,0.0,4.240000057220459,4.9540287293427125,13.0,0.0,0.0009607590036466718,0.20188759709708393,0.001837796486749236,2.619581709305445,0.005230551478234702,0.06287129720052084,0.9804536867886782,0.006927508332106906,0.018035888671875,0.3922782242298126,0.671809732913971
19178.555548530072,406,26666496,26607616,2067.287069464726,1088.9413370019956,400,100,4.000000023841858,4.989989984051222,13.0,0.0,4.240000057220459,4.9540287293427125,13.0,0.0,0.0004746255047696953,0.2074955842302491,0.002112835577766721,2.6083525692423186,0.005553262936397611,0.059417724609375,0.9813455380499363,0.008989267157933984,0.0189361572265625,0.40043385326862335,0.6735625863075256
19259.036210477352,408,26738688,26738688,897.0105147406745,1628.6148352738487,400,100,4.000000023841858,4.989989984051222,13.0,0.0,4.240000057220459,4.9540287293427125,13.0,0.0,0.0010139901908890654,0.2316284275148064,0.001983085609632932,2.6158698499202733,0.005538343714457976,0.05762736002604167,0.9800523202866316,0.008148912568382608,0.0179443359375,0.3918127045035362,0.675483226776123
19319.036397198215,409,26863616,26804224,2082.1268537246174,1092.263267527668,400,100,4.000000023841858,4.989989984051222,13.0,0.0,4.240000057220459,4.9540287293427125,13.0,0.0,0.0016589594136651913,0.24650841990175343,0.0020659982474171557,2.6097086196144423,0.005163619594895863,0.055908203125,0.9797463628153006,0.008871705203394715,0.020294189453125,0.42002516239881516,0.6768829822540283
19400.58649110049,411,26935296,26935296,878.9689449762899,1607.2574993852159,404,100,3.3899999856948853,4.634425564505094,13.0,0.0,4.320000004768372,4.959596776058112,13.0,0.0,0.0019721015778486617,0.23518068250268695,0.002093234521453269,2.5981115897496543,0.005377042406204661,0.06548563639322917,0.9805449390163024,0.009104397497139871,0.0215606689453125,0.4381810650229454,0.6790118217468262
19460.586665466428,412,27058688,27000832,2056.5273568613165,1092.2634924408653,404,100,3.3899999856948853,4.634425564505094,13.0,0.0,4.320000004768372,4.959596776058112,13.0,0.0,7.104551332304254e-05,0.20980129476326206,0.0019321438242817144,2.6111007084449134,0.005667551353932746,0.0537872314453125,0.9812617724140485,0.008196967319236137,0.016204833984375,0.36991243809461594,0.6798410415649414
19541.393703876063,414,27131904,27131904,906.0596878807246,1622.0369237585,409,100,3.5899999380111693,4.825132091940177,13.0,0.0,4.070000034570694,4.903580382651673,13.0,0.0,0.00014726680819876487,0.19050841328377524,0.001971459038031753,2.612066738307476,0.004579389509672183,0.049479166666666664,0.9842116367071867,0.007792483505909331,0.01959228515625,0.41264139860868454,0.6824038028717041
19601.393841091543,415,27251200,27197440,1988.2621196609746,1092.264168740793,409,100,3.5899999380111693,4.825132091940177,13.0,0.0,4.070000034570694,4.903580382651673,13.0,0.0,0.0012353551440658825,0.25206772323387366,0.0020861710230140793,2.60926927626133,0.004983270612986719,0.04829406738281249,0.9769790632029375,0.008409780430762718,0.0185089111328125,0.40436916798353195,0.6832276582717896
19682.7845491264,417,27328512,27328512,949.8873012247138,1610.4049610167333,409,100,3.5899999380111693,4.825132091940177,13.0,0.0,4.070000034570694,4.903580382651673,13.0,0.0,0.0011591388065426145,0.2628601890367766,0.0020839411287549106,2.599865103761355,0.006869550049790026,0.07100423177083333,0.9805460975815853,0.008905549514262626,0.0216064453125,0.4335402250289917,0.685458242893219
19742.785026704893,418,27446528,27394048,1966.9176773737295,1092.257972684761,409,100,3.5899999380111693,4.825132091940177,13.0,0.0,4.070000034570694,4.903580382651673,13.0,0.0,0.0012694780586267977,0.22719488401586807,0.0020543935012635,2.6107561737298965,0.005300962219431919,0.054026285807291664,0.9807505489637455,0.007757423193349192,0.0191802978515625,0.4060835540294647,0.6866965293884277
19824.763059210032,420,27525120,27525120,958.6958554424026,1598.867355004919,413,100,3.210000014305115,4.703817663540229,13.0,0.0,3.140000009536743,4.582619246198921,13.0,0.0,0.0015745957716717385,0.2482544605930646,0.002073785156729476,2.612301826477051,0.006534478958201362,0.06146240234374999,0.9808789535115162,0.008950099285963612,0.020263671875,0.4205557852983475,0.6887875199317932
19884.763387653977,421,27637760,27590656,1877.323056743504,1092.2606875598567,413,100,3.210000014305115,4.703817663540229,13.0,0.0,3.140000009536743,4.582619246198921,13.0,0.0,0.0017628494861128277,0.197357472187529,0.0020722026129078586,2.6183408225576086,0.004374289058129459,0.04217529296875001,0.982187744230032,0.007846030581276864,0.015655517578125,0.36847279965877533,0.6894806623458862
19968.68781470135,423,27721728,27721728,1000.5191927328087,1561.7860569487748,418,100,3.1800000190734865,4.650548384969127,13.0,0.0,3.9400000095367433,4.736707775130359,13.0,0.0,0.00016203802564026168,0.19701695799206692,0.0019645140431142254,2.616987782220046,0.006888809498074503,0.0668487548828125,0.9818997643887997,0.00825540835406476,0.0190887451171875,0.40266577154397964,0.691662073135376
20028.687982061878,424,27842560,27787264,2013.8610493191475,1092.263619969707,418,100,3.1800000190734865,4.650548384969127,13.0,0.0,3.9400000095367433,4.736707775130359,13.0,0.0,-0.0003449434382976809,0.1895509430517753,0.0020047928677134523,2.608343506852786,0.005111746215940609,0.050440470377604164,0.9830152497937282,0.008196232394160083,0.0182342529296875,0.39419788867235184,0.6926095485687256
20109.8939524889,426,27918336,27918336,933.1333595489605,1614.068513814418,418,100,3.1800000190734865,4.650548384969127,13.0,0.0,3.9400000095367433,4.736707775130359,13.0,0.0,0.00110804721043678,0.26092839202222723,0.002011406738650597,2.599007949233055,0.006688312587357359,0.064849853515625,0.978051882237196,0.00830060433266529,0.0197296142578125,0.41314076632261276,0.6950563788414001
20169.894355710596,427,28040704,27983872,2039.452960805283,1092.2593262890218,418,100,3.1800000190734865,4.650548384969127,13.0,0.0,3.9400000095367433,4.736707775130359,13.0,0.0,0.0006482992806316664,0.25664195472685003,0.0022310258318611886,2.6015337705612183,0.005273491711098662,0.054667154947916664,0.9742025900632143,0.009513683093246074,0.016143798828125,0.37186120450496674,0.6960619688034058
20250.771901283413,429,28114944,28114944,917.9309222874317,1620.6228696936726,422,100,2.999999988079071,4.5497252643611015,13.0,0.0,3.6299999952316284,4.710955273146359,13.0,0.0,0.0025069253654995314,0.24640779895707965,0.002097642529406585,2.585907826821009,0.0058164065558230504,0.061065673828125,0.9798043587555487,0.009163453563814983,0.022003173828125,0.43394333869218826,0.6987713575363159
20310.77230559662,430,28233984,28180480,1983.986630800055,1092.259306418955,422,100,2.999999988079071,4.5497252643611015,13.0,0.0,3.6299999952316284,4.710955273146359,13.0,0.0,-0.0004677809665736276,0.2339070457189033,0.0019576377768923217,2.603785668810209,0.005681205918032598,0.05820719401041667,0.9809226617217064,0.00827806448796764,0.020599365234375,0.42196543514728546,0.6999166011810303
20392.753498593345,432,28311552,28311552,946.1682266943625,1598.8057163944343,422,100,2.999999988079071,4.5497252643611015,13.0,0.0,3.6299999952316284,4.710955273146359,13.0,0.0,-0.0005183624161873014,0.20161734141098955,0.0019754013252774407,2.6098327164848643,0.004738308825835703,0.050623575846354164,0.9809088464826347,0.007657809638961529,0.019805908203125,0.41569627076387405,0.70209801197052
20452.754704525694,433,28434688,28377088,2052.2254192496594,1092.2447137794445,428,100,3.4200000762939453,4.874792481183803,13.0,0.0,4.010000061988831,4.99498748190096,13.0,0.0,0.0010650277690729126,0.25887097961579764,0.0020721890420342484,2.6016204232970876,0.005310181522872881,0.06551615397135417,0.9764341302216053,0.008647344759083353,0.0220489501953125,0.4424487426877022,0.7029001712799072
20534.522110881284,435,28508160,28508160,898.5487405640016,1602.9859065113897,428,100,3.4200000762939453,4.874792481183803,13.0,0.0,4.010000061988831,4.99498748190096,13.0,0.0,0.0011705425070734539,0.2562346604342262,0.002162546187416107,2.603580350677172,0.0047276353998313425,0.05769856770833333,0.9746393896639347,0.008232757638324983,0.0179595947265625,0.38996752351522446,0.7053591012954712
20594.524999359623,436,28627968,28573696,1996.703876068419,1092.2140860545198,428,100,3.4200000762939453,4.874792481183803,13.0,0.0,4.010000061988831,4.99498748190096,13.0,0.0,0.0020954285658566127,0.22344961467509467,0.0020761355541859907,2.5972166607777276,0.007529235861511552,0.07179768880208333,0.9815925372143586,0.008104384503288506,0.0212860107421875,0.4290328547358513,0.7066651582717896
20676.331820853055,438,28704768,28704768,938.7970171431986,1602.2135759243922,432,100,3.3200000286102296,4.606256592449901,13.0,0.0,4.120000088214875,4.903631372334202,16.0,0.0,0.0004991108265433771,0.23904987129693228,0.0018765215669797424,2.601048871874809,0.0053897616429215605,0.05711873372395833,0.9805314925809702,0.007612972466934783,0.0201873779296875,0.4177967309951782,0.7085567712783813
20736.332101769745,439,28828672,28770304,2065.056998183695,1092.261552758318,432,100,3.3200000286102296,4.606256592449901,13.0,0.0,4.120000088214875,4.903631372334202,16.0,0.0,-0.00028404644641947624,0.22757851580778757,0.0020974197359464597,2.602306567132473,0.005786909629629615,0.05951944986979167,0.9807764030992985,0.008537044918436248,0.0213165283203125,0.43274492770433426,0.7094956040382385
20817.015849921852,441,28901376,28901376,901.098445041703,1624.5155065540562,432,100,3.3200000286102296,4.606256592449901,13.0,0.0,4.120000088214875,4.903631372334202,16.0,0.0,0.0003869099879617959,0.2197942933999002,0.0020331616202990217,2.602560694019,0.005950554352845454,0.05990600585937501,0.9833653581639131,0.007809771055084032,0.0221099853515625,0.439577154815197,0.7114048600196838
20877.01595608145,442,29023232,28966912,2030.9297399552663,1092.2647340935887,437,100,3.459999990463257,4.86912730951814,13.0,0.0,3.6699999630451203,4.747746837022694,13.0,0.0,0.00021673193502162275,0.20849606565510234,0.0019598948820203077,2.615721431871255,0.004898380703404351,0.05045064290364583,0.9811360767732064,0.007444456675633166,0.0178985595703125,0.39366818964481354,0.7123931646347046
20958.474231386557,444,29097984,29097984,917.6722649726078,1609.069176938271,437,100,3.459999990463257,4.86912730951814,13.0,0.0,3.6699999630451203,4.747746837022694,13.0,0.0,0.0006067451225438465,0.2258262577621887,0.0020801870390035524,2.608339322110017,0.004862239159289554,0.0506744384765625,0.9795049956689278,0.008137517429228563,0.0189361572265625,0.4035225808620453,0.7148124575614929
21018.474691702053,445,29223168,29163520,2086.38399341863,1092.2582869430864,437,100,3.459999990463257,4.86912730951814,13.0,0.0,3.6699999630451203,4.747746837022694,13.0,0.0,-0.0002969558602975061,0.20658470457419756,0.0019246401061536744,2.613010538121064,0.005219318478945448,0.05296834309895833,0.98072435396413,0.007740068166943576,0.0191802978515625,0.4122966527938843,0.7152183055877686
21099.165711235255,447,29294592,29294592,885.1542639216631,1624.369115153733,441,100,3.5199999809265137,4.78221707378505,13.0,0.0,4.050000023841858,4.850515475478037,13.0,0.0,0.0007446514379504757,0.22530205400350195,0.001877140575137067,2.603889281551043,0.005889537485321246,0.058812459309895836,0.9806519219030936,0.008044445591319043,0.0179901123046875,0.39816296845674515,0.7165154218673706
21159.16897169687,448,29415936,29360128,2022.290106678929,1092.2073149995904,441,100,3.5199999809265137,4.78221707378505,13.0,0.0,4.050000023841858,4.850515475478037,13.0,0.0,-1.82036601472646e-05,0.20077315795545775,0.0021268833309780653,2.6020870928963022,0.005620991499502755,0.06513468424479166,0.9807970505207778,0.008918168794480152,0.015869140625,0.3676198497414589,0.7174075245857239
21241.336830481887,450,29491200,29491200,915.9785968978285,1595.1736109241097,441,100,3.5199999809265137,4.78221707378505,13.0,0.0,4.050000023841858,4.850515475478037,13.0,0.0,-0.0005453969182174963,0.20410102489404378,0.0020072904032228203,2.5927972123026852,0.0054512900787813115,0.056299845377604164,0.9818643337736527,0.008703543188554857,0.0224151611328125,0.44688115268945694,0.7190573811531067
21301.339142356068,451,29616128,29556736,2082.0531092528863,1092.2245819031534,446,100,3.4199999570846558,4.750115707349984,13.0,0.0,3.519999992847443,4.687174045041042,13.0,0.0,0.0008083600356864432,0.2369187939912081,0.0020996664728348455,2.596513052781423,0.005479458604289296,0.056004842122395836,0.9785665900756915,0.009190954961619962,0.0200653076171875,0.41389089077711105,0.7202023267745972
21382.742281826213,453,29687808,29687808,880.5557189386891,1610.15902891646,446,100,3.4199999570846558,4.750115707349984,13.0,0.0,3.519999992847443,4.687174045041042,13.0,0.0,0.00015627864074000783,0.22194808123943707,0.0020113012821335965,2.59344753374656,0.0054453798917772165,0.05652872721354167,0.9809290754298369,0.009146256280170443,0.0198211669921875,0.41277074068784714,0.72257000207901
21442.742425864562,454,29808640,29753344,2013.8618321110966,1092.264044534832,446,100,3.4199999570846558,4.750115707349984,13.0,0.0,3.519999992847443,4.687174045041042,13.0,0.0,-6.063531327527018e-05,0.2517937480782469,0.0019820735372680547,2.60042974849542,0.004721525370162756,0.04960123697916667,0.9766504745930433,0.008636005581744637,0.0186309814453125,0.40015918761491776,0.7234777212142944
21524.61447650008,456,29884416,29884416,925.5417375258445,1600.9370595041635,450,100,3.249999976158142,4.490823930441187,13.0,0.0,3.6600000143051146,4.690884796029882,13.0,0.0,0.0010833802371053025,0.2495849768165499,0.0020074109464379335,2.592604604860147,0.005812739386480341,0.0591888427734375,0.9807747236142556,0.009361854778641526,0.018951416015625,0.401857428252697,0.7258320450782776
21584.615856157616,457,30008064,29949952,2060.7526144520684,1092.2415513451956,450,100,3.249999976158142,4.490823930441187,13.0,0.0,3.6600000143051146,4.690884796029882,13.0,0.0,0.0008407760700113918,0.24054037081077695,0.0020207692590095876,2.5937902952233953,0.006832688313807012,0.07066853841145833,0.9809592695285877,0.008737295948473426,0.0210418701171875,0.4264993965625763,0.7269687056541443
21665.883140178397,459,30081024,30081024,897.7782496255542,1612.8507502045043,450,100,3.249999976158142,4.490823930441187,13.0,0.0,3.6600000143051146,4.690884796029882,13.0,0.0,-0.0009349177635158412,0.20398214164500433,0.001990630068272973,2.599314697086811,0.004424075398977341,0.047017415364583336,0.9815946724265814,0.008572204174318662,0.0175628662109375,0.3910520076751709,0.7288950085639954
21725.88330821693,460,30200064,30146560,1983.9944435414322,1092.263607627111,455,100,3.0699999809265135,4.66745115781809,13.0,0.0,4.030000019073486,4.974846667608697,13.0,0.0,0.0004632046693586744,0.22172696383980414,0.0020322309210314415,2.589309411744277,0.004892656072115642,0.0507659912109375,0.9803288709372282,0.009111820569766376,0.019439697265625,0.4055371657013893,0.729900062084198
21807.98760819249,462,30277632,30277632,944.7495444585791,1596.4084711643316,455,100,3.0699999809265135,4.66745115781809,13.0,0.0,4.030000019073486,4.974846667608697,13.0,0.0,-0.00031994350623184187,0.173506890811647,0.0019250465484219603,2.6066378504037857,0.005086226206913125,0.04771423339843751,0.9851753364006679,0.007488470820438428,0.017059326171875,0.3897317573428154,0.731486976146698
21867.987835098058,463,30396416,30343168,1979.7258464863246,1092.262535992455,455,100,3.0699999809265135,4.66745115781809,13.0,0.0,4.030000019073486,4.974846667608697,13.0,0.0,0.0002165065840623962,0.2065699266580244,0.0020591385267228666,2.5923033083478613,0.006604037932144516,0.07394917805989584,0.9815232151498398,0.00897131762758363,0.0180816650390625,0.3939146474003792,0.7324462532997131
21949.746342385188,465,30474240,30474240,951.876478452425,1603.1603847619788,459,100,3.560000014305115,4.838016149864471,13.0,0.0,3.799999988079071,4.8228621777343825,13.0,0.0,0.0001409989927196875,0.19564662361517549,0.001977101779630175,2.5985681066910424,0.006500447233217225,0.06694539388020833,0.9839371424168348,0.009098213059284415,0.020721435546875,0.4256613925099373,0.7346674799919128
22009.746699161828,466,30595328,30539776,2018.121333024201,1092.2601717847683,459,100,3.560000014305115,4.838016149864471,13.0,0.0,3.799999988079071,4.8228621777343825,13.0,0.0,0.0008566563277175494,0.17520069618088502,0.0019990362549530496,2.6035046751300492,0.006019961460575966,0.05759684244791667,0.985777707149585,0.008510232015396468,0.020599365234375,0.4275960326194763,0.7354837656021118
22091.141922632232,468,30670848,30670848,927.8185719025519,1610.3156230986663,459,100,3.560000014305115,4.838016149864471,13.0,0.0,3.799999988079071,4.8228621777343825,13.0,0.0,-0.0020263151679197713,0.14357140272234878,0.0018303864805299477,2.599954731762409,0.004557278977396588,0.051417032877604164,0.9860630886008342,0.007752678201844294,0.018890380859375,0.3960054889321327,0.7384352087974548
22151.142777981237,469,30793728,30736384,2047.9708045035266,1092.2510957352142,459,100,3.560000014305115,4.838016149864471,13.0,0.0,3.799999988079071,4.8228621777343825,13.0,0.0,0.0001519585566711612,0.2036565871288379,0.0018885598547058178,2.6001802782217665,0.0068092247359648654,0.0679931640625,0.9836591947823763,0.008038573296895873,0.0199127197265625,0.41746947914361954,0.7392485737800598
22232.38943205774,471,30867456,30867456,907.4589081610404,1613.2602811751829,464,100,3.489999973773956,4.9183228224336455,13.0,0.0,3.660000020265579,4.760714301872847,13.0,0.0,-0.0007366871941485442,0.1817475593027969,0.001856244982870218,2.6107025245825453,0.005739962170991931,0.0602264404296875,0.983175802975893,0.007521809471654706,0.01910400390625,0.40402936190366745,0.7412545680999756
22292.390032798052,472,30987520,30932992,2001.04663151032,1092.2557306324989,464,100,3.489999973773956,4.9183228224336455,13.0,0.0,3.660000020265579,4.760714301872847,13.0,0.0,-0.0007563388341319902,0.21404089763139686,0.001952578829029032,2.6070264826218286,0.006268708545879539,0.05832417805989583,0.9828894572953383,0.007785294680312896,0.021148681640625,0.4295003414154053,0.7420753240585327
22374.217310946435,474,31064064,31064064,935.4337787112706,1601.8130257530788,464,100,3.489999973773956,4.9183228224336455,13.0,0.0,3.660000020265579,4.760714301872847,13.0,0.0,0.0005613489435442413,0.20616554670656723,0.002101288149181831,2.60483980178833,0.004887575558920314,0.05408732096354167,0.9818793851882219,0.00828684305694575,0.0212554931640625,0.4258761629462242,0.7442696690559387
22434.217655701563,475,31188224,31129600,2069.321443180349,1092.2603906271531,469,100,3.3799999952316284,4.6276992150818606,13.0,0.0,3.7,4.796873954400716,13.0,0.0,0.0015425234693490588,0.18735798549217483,0.0019343646684622704,2.5990475341677666,0.006457073922623143,0.0666656494140625,0.9852578255037466,0.008477568422676995,0.019866943359375,0.413156233727932,0.7454405426979065
22515.027526125312,477,31260672,31260672,896.5241451334931,1621.9800788280866,469,100,3.3799999952316284,4.6276992150818606,13.0,0.0,3.7,4.796873954400716,13.0,0.0,0.0012933039033669047,0.2054617936567714,0.0019334401149535552,2.60327922552824,0.0072457173864677316,0.0728912353515625,0.9831460366646448,0.008133150350962145,0.020721435546875,0.42053409665822983,0.7476884722709656
22575.02770656161,478,31385856,31326208,2086.393725647324,1092.2633819339774,469,100,3.3799999952316284,4.6276992150818606,13.0,0.0,3.7,4.796873954400716,13.0,0.0,-0.000859005558595527,0.19676277212177715,0.00187928003288107,2.6044083784023924,0.0052523318166398285,0.0512237548828125,0.983063147092859,0.007594174331946609,0.019744873046875,0.4108837619423866,0.7484959959983826
22655.58699842915,480,31457280,31457280,886.6016364374191,1627.0252252901741,474,100,4.0,4.898979514983798,13.0,0.0,3.9600000202655794,4.957660783475923,13.0,0.0,0.001558418614877155,0.2144491022918373,0.001965478419151623,2.6084595968325934,0.004650797102537277,0.04732259114583333,0.9806245354314646,0.008967901871073991,0.0206298828125,0.429812990128994,0.7497844696044922
22715.590294558555,481,31580416,31522816,2052.1539305847464,1092.2066657582018,474,100,4.0,4.898979514983798,13.0,0.0,3.9600000202655794,4.957660783475923,13.0,0.0,-0.000597716430396152,0.19750028072545925,0.0019668735052012685,2.596176048119863,0.006241733008816179,0.0665740966796875,0.9844412902990978,0.008751271569053642,0.0213775634765625,0.42550837993621826,0.7510606646537781
22797.540276180953,483,31653888,31653888,896.5468758557871,1599.4146356730416,474,100,4.0,4.898979514983798,13.0,0.0,3.9600000202655794,4.957660783475923,13.0,0.0,0.0009913652926722232,0.2946874708868563,0.0020406209599362533,2.597163448731105,0.00542624422754064,0.05576578776041667,0.975506592541933,0.00866136679542251,0.021942138671875,0.43309198319911957,0.7528612613677979
22857.540453733876,484,31776000,31719424,2035.193977422655,1092.2634344238986,474,100,4.0,4.898979514983798,13.0,0.0,3.9600000202655794,4.957660783475923,13.0,0.0,0.0005818284116685389,0.24415143354174992,0.0019525674639832384,2.603789667288462,0.005758069471388201,0.062530517578125,0.9804523369918268,0.008327149504718061,0.0219879150390625,0.43545661866664886,0.7536055445671082
22938.584526909515,486,31850496,31850496,919.2035528440443,1617.2928489902085,479,100,4.139999985694885,5.145911019138847,13.0,0.0,4.449999976158142,4.930263697790706,13.0,0.0,-0.0002342555623423929,0.263717758624504,0.0021110372108523734,2.5925433933734894,0.007039657784844167,0.06789652506510416,0.9777482058852911,0.00858329296170268,0.02117919921875,0.4232880547642708,0.7562429308891296
22998.584822049364,487,31973888,31916032,2056.5232173007967,1092.2612938361078,479,100,4.139999985694885,5.145911019138847,13.0,0.0,4.449999976158142,4.930263697790706,13.0,0.0,0.000406877927161986,0.25754434056580067,0.002184061750692005,2.5901829351981482,0.0061090158784888144,0.0625762939453125,0.9804124534130096,0.008364244000404142,0.0255279541015625,0.46606071293354034,0.7575035095214844
23080.180822407827,489,32047104,32047104,897.2988832583968,1606.3532455534937,484,100,4.07999997138977,4.999359989994555,13.0,0.0,4.540000033378601,5.056520590616688,16.0,0.0,0.0013354721704672556,0.2650909690807263,0.0021434391674119983,2.5976469218730927,0.005013165152073877,0.05390421549479167,0.9787826047589382,0.008821986421632271,0.022796630859375,0.4412478879094124,0.7598693370819092
23140.18084942922,490,32166400,32112640,1988.2657712381474,1092.2661747574373,484,100,4.07999997138977,4.999359989994555,13.0,0.0,4.540000033378601,5.056520590616688,16.0,0.0,-0.000536453168024309,0.24087628535926342,0.0020848177761460347,2.6044414142767587,0.005276607094856446,0.05498758951822917,0.9810425428052744,0.008180726760959562,0.0240478515625,0.46165765821933746,0.7607285380363464
23221.849426390603,492,32243712,32243712,946.655407459307,1604.9257239045203,484,100,4.07999997138977,4.999359989994555,13.0,0.0,4.540000033378601,5.056520590616688,16.0,0.0,0.0001253607770195231,0.2403269965822498,0.002056600082141813,2.60439562300841,0.004457161718164571,0.05034891764322917,0.9809500469515722,0.008234933280618861,0.0198211669921875,0.4082188978791237,0.7626794576644897
23281.849650137126,493,32363520,32309248,1996.7925537434737,1092.2625935007036,484,100,4.07999997138977,4.999359989994555,13.0,0.0,4.540000033378601,5.056520590616688,16.0,0.0,-0.000780105549589886,0.21613922994583845,0.002055697369845196,2.597957454621792,0.00647890345135238,0.06566365559895833,0.9815574754029512,0.008100462558407647,0.0207977294921875,0.42236923426389694,0.7632876038551331
23364.6498431731,495,32440320,32440320,927.5340694753196,1582.9914785712122,488,100,3.4199999809265136,4.750115790629588,13.0,0.0,3.8200000047683718,4.980722793553982,16.0,0.0,0.0010925097170305282,0.2431563584444424,0.002142994936245183,2.5866139431794486,0.007542264496805728,0.07571919759114584,0.9827834907919168,0.008917917579916926,0.026336669921875,0.48146697878837585,0.7654398679733276
23424.65013051778,496,32555520,32505856,1919.9908050143,1092.2614357414684,488,100,3.4199999809265136,4.750115790629588,13.0,0.0,3.8200000047683718,4.980722793553982,16.0,0.0,0.0008399196910128617,0.24184272872904938,0.0021205973462201655,2.5897712036967278,0.006519249733173638,0.06757100423177084,0.981791972493132,0.008677913778228685,0.0244903564453125,0.46092547476291656,0.7665630578994751
23507.00080755353,498,32636928,32636928,988.5528927061555,1591.6323303948163,488,100,3.4199999809265136,4.750115790629588,13.0,0.0,3.8200000047683718,4.980722793553982,16.0,0.0,0.0009398299601646917,0.24666034763989347,0.0021013400134203644,2.5850695371627808,0.005355815057555446,0.059661865234375,0.9811937734484673,0.009089632042256806,0.02545166015625,0.4668394476175308,0.7688838839530945
23567.003245817497,499,32758272,32702464,2022.3178175889045,1092.2222812294506,493,100,3.640000009536743,4.885734415649072,13.0,0.0,3.370000010728836,4.98328199209321,16.0,0.0,0.0008791617001406848,0.2145439408098658,0.0019310682218929285,2.5958249395092325,0.004315341050945183,0.047907511393229164,0.9841692124803861,0.008669094134044522,0.0218048095703125,0.43311985582113266,0.7701187133789062
23649.6704587806,501,32833536,32833536,910.4455962921064,1585.5379091889745,493,100,3.640000009536743,4.885734415649072,13.0,0.0,3.370000010728836,4.98328199209321,16.0,0.0,-5.862074613105506e-05,0.16496521770022812,0.0019345415469918712,2.5985872770349183,0.005483146022015716,0.05702718098958333,0.9867906893293062,0.00831066026391151,0.0187530517578125,0.3981214389204979,0.7720494866371155
23709.67066344805,502,32952832,32899072,1988.2598844653585,1092.2629408221712,493,100,3.640000009536743,4.885734415649072,13.0,0.0,3.370000010728836,4.98328199209321,16.0,0.0,-0.0002321866146909694,0.19822249864228073,0.001935011071812672,2.599951282143593,0.007213321617503728,0.07280985514322917,0.9835854768753052,0.008061519746358195,0.0218353271484375,0.4351862668991089,0.7730501294136047
23791.055068079382,504,33030144,33030144,949.9608721132826,1610.5296904702009,498,100,3.949999976158142,5.054453517986471,13.0,0.0,3.9600000023841857,4.939473637129878,13.0,0.0,0.0001663890058504573,0.23259988419401148,0.0020106579322600737,2.5988904436429343,0.005512853244605746,0.054840087890625,0.9813257952531179,0.00799777823946594,0.0238037109375,0.4553113952279091,0.7753332853317261
23851.055442214012,505,33152000,33095680,2030.9206693707813,1092.2598557960505,498,100,3.949999976158142,5.054453517986471,13.0,0.0,3.9600000023841857,4.939473637129878,13.0,0.0,0.0008239487627482351,0.22639254022700092,0.0021173370332689956,2.5907937685648603,0.006865131286758697,0.062957763671875,0.9805932423720757,0.008889698190614581,0.0191802978515625,0.40610265731811523,0.7760037779808044
23932.321617797017,507,33226752,33226752,919.8414895708806,1612.8727488366126,498,100,3.949999976158142,5.054453517986471,13.0,0.0,3.9600000023841857,4.939473637129878,13.0,0.0,0.00020761378012442344,0.22836557775735855,0.0022054494535647486,2.5892850433786707,0.004729656039974846,0.053309122721354164,0.9802082466582457,0.008076763968953554,0.021575927734375,0.427597239613533,0.7776361703872681
23992.322592929006,508,33347584,33292288,2013.8339374351337,1092.2489152190556,498,100,3.949999976158142,5.054453517986471,13.0,0.0,3.9600000023841857,4.939473637129878,13.0,0.0,0.0008255096120895663,0.21646599370675784,0.0020508417316401997,2.6042731255292892,0.005563075049697848,0.052363077799479164,0.982332139586409,0.007376553437400919,0.0205230712890625,0.42432447522878647,0.7781864404678345
24073.946883926168,510,33423360,33423360,928.3510959088666,1605.796490220742,503,100,3.509999990463257,4.744459931145554,13.0,0.0,2.969999986886978,4.44624558366628,13.0,0.0,-0.0011390567475852247,0.15160656056832522,0.0018765646357981796,2.603037543594837,0.005628875103866449,0.05861918131510417,0.9868142002572616,0.007346570385076726,0.0203399658203125,0.4200604632496834,0.7798857688903809
24133.946992442012,511,33542400,33488896,1983.9964117492564,1092.2646911995905,503,100,3.509999990463257,4.744459931145554,13.0,0.0,2.969999986886978,4.44624558366628,13.0,0.0,0.00031037263640124973,0.21478290661859015,0.00205858548846057,2.6027092784643173,0.005966178558689232,0.0609893798828125,0.9815193216005962,0.008215468381725563,0.018951416015625,0.39637769758701324,0.7808132171630859
24215.245469201356,513,33619968,33619968,954.1138172811391,1612.2319288710999,503,100,3.509999990463257,4.744459931145554,13.0,0.0,2.969999986886978,4.44624558366628,13.0,0.0,-0.0010031274093004565,0.1811331519080947,0.001965556288875329,2.5905501395463943,0.00478518829428746,0.053349812825520836,0.9863533489406109,0.00848617507047796,0.0210418701171875,0.42214128375053406,0.7826023101806641
24275.24591180496,514,33744896,33685504,2082.1179741180463,1092.2586093734012,508,100,4.049999952316284,5.074199386884571,13.0,0.0,3.9000000238418577,4.986983057430461,13.0,0.0,0.0007042065990390256,0.2632311521253238,0.0020008029496239033,2.584188910822074,0.006302257550487411,0.0550079345703125,0.9794847251226505,0.008702068424706036,0.0194854736328125,0.4035114422440529,0.7835968136787415
24356.406468909234,516,33816576,33816576,883.1876290339645,1614.9716645192495,508,100,4.049999952316284,5.074199386884571,13.0,0.0,3.9000000238418577,4.986983057430461,13.0,0.0,0.00039229196045198483,0.2093127908495565,0.0019614233994313204,2.5854781890908876,0.005196449979242364,0.051279703776041664,0.9843474520991247,0.00799820710866091,0.0226593017578125,0.4378894865512848,0.7854159474372864
24416.406745016575,517,33944064,33882112,2124.790222163691,1092.261640309046,508,100,4.049999952316284,5.074199386884571,13.0,0.0,3.9000000238418577,4.986983057430461,13.0,0.0,0.0009634627155416334,0.22008555343685052,0.002096296775562223,2.5679064815243082,0.005713856012638037,0.056386311848958336,0.9838193772981564,0.008609958579957796,0.02423095703125,0.45854438841342926,0.7862386703491211
24497.207986444235,519,34013184,34013184,855.432401516776,1622.1532947281087,513,100,3.6599999904632567,4.885120223599185,13.0,0.0,4.089999961853027,5.140223658899825,16.0,0.0,-0.0013592838222393764,0.17292541032657027,0.0018275862433559573,2.5821235229571657,0.0064023259261981975,0.062021891276041664,0.9877554283787807,0.008128642706045259,0.02197265625,0.4351019561290741,0.7880465984344482
24557.208220658824,520,34133760,34078720,2009.5921554033212,1092.262402936837,513,100,3.6599999904632567,4.885120223599185,13.0,0.0,4.089999961853027,5.140223658899825,16.0,0.0,0.001480312331599028,0.24012397361608845,0.0019091957959365875,2.587111053367456,0.005628465663903625,0.051060994466145836,0.9808672480285168,0.00835523731560291,0.024261474609375,0.4637954980134964,0.7889533638954163
24639.039892824367,522,34209792,34209792,929.1268036927036,1601.7270151200817,513,100,3.6599999904632567,4.885120223599185,13.0,0.0,4.089999961853027,5.140223658899825,16.0,0.0,0.0015900250158059255,0.24530159472487867,0.0022217845750371152,2.5724652782082558,0.005770698779694309,0.06322224934895833,0.9811433566113313,0.009277285552040363,0.025482177734375,0.46487562358379364,0.7908739447593689
24699.044993402436,523,34326272,34275328,1941.1683153243548,1092.1738213693072,513,100,3.6599999904632567,4.885120223599185,13.0,0.0,4.089999961853027,5.140223658899825,16.0,0.0,-0.00010646145650146843,0.1944591891951859,0.0018682633187078561,2.5847133050362268,0.005000079932869994,0.050669352213541664,0.9835540093481541,0.008537065776181409,0.0203399658203125,0.41602328419685364,0.7916030883789062
24781.37186600454,525,34406400,34406400,973.2909494481524,1592.092543506243,518,100,3.790000009536743,5.0005900244682335,13.0,0.0,4.12999997138977,4.871662975225956,13.0,0.0,0.0002597382796617846,0.2289283259306103,0.0020329654071247205,2.5864343270659447,0.005380013541071094,0.06241861979166667,0.9808658001323541,0.008764431782765316,0.01922607421875,0.3988242447376251,0.7928476929664612
24841.37664439343,526,34529536,34471936,2052.1032375448904,1092.1796856787773,518,100,3.790000009536743,5.0005900244682335,13.0,0.0,4.12999997138977,4.871662975225956,13.0,0.0,0.000796350160574851,0.26129097235389054,0.00215295578285198,2.56610639890035,0.005337113030085069,0.055486043294270836,0.9793146252632141,0.009140903605536248,0.02410888671875,0.45931942015886307,0.7935553789138794
24923.057559313253,528,34603008,34603008,899.5002084895702,1604.68329876885,518,100,3.790000009536743,5.0005900244682335,13.0,0.0,4.12999997138977,4.871662975225956,13.0,0.0,9.955712327306782e-05,0.2603202499449253,0.0020550325061776675,2.577398123840491,0.005589371728395539,0.056981404622395836,0.9802531910439332,0.008613534868345598,0.0220794677734375,0.4303700104355812,0.7954923510551453
24983.057900190353,529,34721536,34668544,1975.45544354126,1092.260461223677,523,100,3.390000033378601,4.762132022746865,13.0,0.0,3.9399999618530273,5.019601527544495,13.0,0.0,0.0012537409565993585,0.20859239785932004,0.0020539104734780267,2.566783395906289,0.006647839975509365,0.071014404296875,0.9827958792448044,0.00821828985256919,0.023834228515625,0.44932621717453003,0.7965155839920044
25065.06695590727,531,34799616,34799616,952.0899773498254,1598.2625193544611,523,100,3.390000033378601,4.762132022746865,13.0,0.0,3.9399999618530273,5.019601527544495,13.0,0.0,0.0014901771974109579,0.24414632539264858,0.002022544899470328,2.5745461707313853,0.006159183911222499,0.062352498372395836,0.9811630236605803,0.00884538268049558,0.027557373046875,0.4841085374355316,0.7986533045768738
25125.071894232184,532,34921216,34865152,2026.4998747530258,1092.176774603736,523,100,3.390000033378601,4.762132022746865,13.0,0.0,3.9399999618530273,5.019601527544495,13.0,0.0,0.0008818239645430974,0.21941943668449918,0.002014676266602085,2.5781726986169815,0.005569653444884655,0.056610107421875,0.9829045354078213,0.008809165902979052,0.0221710205078125,0.43351344019174576,0.7993587255477905
25206.779464438558,534,34996224,34996224,918.0055141836625,1604.159806355069,523,100,3.390000033378601,4.762132022746865,13.0,0.0,3.9399999618530273,5.019601527544495,13.0,0.0,0.000949369420898923,0.24481574391635755,0.0020517023197802096,2.5772574121753373,0.006730291447335428,0.06621805826822916,0.979698034003377,0.00878443974458302,0.02447509765625,0.46048206835985184,0.8010664582252502
25266.779742021114,535,35118336,35061760,2035.1905844432601,1092.261613453825,529,100,4.210000014305114,5.000589923940018,13.0,0.0,3.4400000154972075,4.718728631162548,13.0,0.0,0.00023723429330857463,0.2621597780380398,0.0020701135217677798,2.571083528300126,0.006512066218419932,0.06243896484375,0.9812331752230723,0.009445695172568474,0.0275726318359375,0.4884483069181442,0.802005410194397
25348.3653572537,537,35192832,35192832,913.1021416903511,1606.5577200874907,529,100,4.210000014305114,5.000589923940018,13.0,0.0,3.4400000154972075,4.718728631162548,13.0,0.0,-0.00011564871480610844,0.17705365429477146,0.0018092720941543425,2.597269428273042,0.005910439722962716,0.05808003743489583,0.9862772524356842,0.007913726464418383,0.02349853515625,0.4494212195277214,0.803959846496582
25408.365602258593,538,35312896,35258368,2001.0584955146453,1092.262206506928,529,100,4.210000014305114,5.000589923940018,13.0,0.0,3.4400000154972075,4.718728631162548,13.0,0.0,0.0003585645148026136,0.1846273266710341,0.0017723646099814991,2.5938054571549096,0.005797640507201626,0.057642618815104164,0.9836544953286648,0.007854464177701932,0.0183868408203125,0.39495962113142014,0.8046152591705322
25489.93897006102,540,35389440,35389440,938.3454681605455,1606.7989287565194,534,100,3.2600000143051147,4.738396377280165,13.0,0.0,3.3800000309944154,4.761890338814224,13.0,0.0,0.0012484334595986488,0.2468215802218765,0.0020888229519187007,2.5702413618564606,0.006968899451142836,0.0731353759765625,0.9814208894968032,0.009123609081143513,0.0254974365234375,0.46503841131925583,0.8066117763519287
25549.94062110223,541,35508480,35454976,1983.945407072919,1092.236611205736,534,100,3.2600000143051147,4.738396377280165,13.0,0.0,3.3800000309944154,4.761890338814224,13.0,0.0,0.0007575345577303476,0.22043303904744488,0.0020075337003315026,2.5839654182394347,0.006365673349743399,0.064453125,0.9821719639003277,0.009064382393262349,0.0203094482421875,0.4133715406060219,0.8075888156890869
25631.52495251037,543,35586048,35586048,950.7707995049872,1606.5830011437408,534,100,3.2600000143051147,4.738396377280165,13.0,0.0,3.3800000309944154,4.761890338814224,13.0,0.0,-9.544369216503895e-05,0.23502009501680732,0.0020359995748246242,2.5831005871295925,0.006322389373963233,0.063385009765625,0.9822969865053891,0.008576285598489145,0.0245361328125,0.4657614603638649,0.8088371157646179
25691.525315878913,544,35706880,35651584,2013.8544704773212,1092.2600517843098,534,100,3.2600000143051147,4.738396377280165,13.0,0.0,3.3800000309944154,4.761890338814224,13.0,0.0,-0.0003013344685314223,0.17190185678191486,0.0019316658629880596,2.5906942014892893,0.004680747836270408,0.05145263671875,0.985989975432555,0.008322578515314186,0.020263671875,0.41240812093019485,0.8097304701805115
25773.307564496994,546,35782656,35782656,926.5580401667595,1602.694988396557,539,100,3.1700000047683714,4.643393123897016,13.0,0.0,3.3700000286102294,4.736359369222239,13.0,0.0,0.0015725678592085994,0.21263219928368926,0.0021726791880306946,2.5800547674298286,0.0060035805678732386,0.06202189127604167,0.9811038281768562,0.008737845889603099,0.0217132568359375,0.42699023336172104,0.8112235069274902
25833.30773183331,547,35902208,35848192,1992.5277762957423,1092.263620410514,539,100,3.1700000047683714,4.643393123897016,13.0,0.0,3.3700000286102294,4.736359369222239,13.0,0.0,0.0010204458764443793,0.232113485224545,0.0020772799543919973,2.5851865087946257,0.006258707426847347,0.0686187744140625,0.9792505155007044,0.008454853591198724,0.0175018310546875,0.37326110154390335,0.8120195865631104
25914.817751681432,549,35979264,35979264,945.3561677886679,1608.0477006903586,539,100,3.1700000047683714,4.643393123897016,13.0,0.0,3.3700000286102294,4.736359369222239,13.0,0.0,0.0006501480408284501,0.20200238384616873,0.0019101688036850344,2.581900035341581,0.005860053931731575,0.067138671875,0.9842636374135811,0.008053128578467295,0.023773193359375,0.4503485783934593,0.8138310313224792
25974.817910453305,550,36099072,36044800,1996.794716086065,1092.2637763205826,544,100,3.880000042915344,4.958386919467527,13.0,0.0,3.990000033378601,5.044789379549098,13.0,0.0,0.0013025187921205845,0.24485584480377537,0.0020889156197275343,2.573899768292904,0.005112858342423957,0.06016031901041667,0.9790288346509138,0.008080609225241156,0.0246734619140625,0.4641110673546791,0.8144469857215881
26055.91603546217,552,36175872,36175872,947.000932408779,1616.2149246443162,544,100,3.880000042915344,4.958386919467527,13.0,0.0,3.990000033378601,5.044789379549098,13.0,0.0,0.0006644315144512803,0.24244855941894156,0.002172084184470198,2.5763134931524596,0.0065738301260959515,0.06778462727864583,0.9778316076844931,0.008760757855876971,0.0187835693359375,0.39374127984046936,0.8159130215644836
26115.916126325727,553,36296448,36241408,2009.596956681251,1092.2650125486205,544,100,3.880000042915344,4.958386919467527,13.0,0.0,3.990000033378601,5.044789379549098,13.0,0.0,0.0009663029256140968,0.21665444046569368,0.002195624287802881,2.579988308250904,0.005844246013415007,0.05607604980468751,0.9811971286932627,0.008222480144468138,0.0250701904296875,0.46386631578207016,0.8167940974235535
26197.638094851747,555,36372480,36372480,930.3740642981583,1603.877174817027,549,100,3.719999980926514,4.962015677766399,13.0,0.0,4.110000014305115,4.953574436482376,13.0,0.0,0.002151192883805682,0.23368705545241633,0.0021451482146706744,2.564015030860901,0.007416417748269547,0.06908671061197916,0.9810448822875817,0.00943874266037407,0.02392578125,0.45183277130126953,0.8187527656555176
26257.638328120112,556,36497152,36438016,2077.8585883553974,1092.2624201621802,549,100,3.719999980926514,4.962015677766399,13.0,0.0,4.110000014305115,4.953574436482376,13.0,0.0,0.0012248709972482175,0.2454383421378831,0.0020545448617970883,2.5812372018893557,0.005655343202306539,0.053705851236979164,0.9808963586886723,0.008650381336337887,0.0244903564453125,0.45268646627664566,0.8197622895240784
26338.37708115764,558,36569088,36569088,890.9723929791719,1623.4087729727262,549,100,3.719999980926514,4.962015677766399,13.0,0.0,4.110000014305115,4.953574436482376,13.0,0.0,0.0008287168917983461,0.19443450813802582,0.0020157506599692474,2.58392770588398,0.006520188536039011,0.0686187744140625,0.9841821677982808,0.00830745710118208,0.0230865478515625,0.4371408149600029,0.8214491009712219
26398.37709340453,559,36691200,36634624,2035.199584585513,1092.2664437188498,549,100,3.719999980926514,4.962015677766399,13.0,0.0,4.110000014305115,4.953574436482376,13.0,0.0,0.0011327495982792848,0.19343665715617436,0.0019729857510052775,2.581027117868264,0.00562852905144003,0.0626983642578125,0.9862465225160122,0.008603827872624,0.027923583984375,0.4925966188311577,0.8224965929985046
26480.417352641,561,36765696,36765696,908.0419868649541,1597.6546298105034,554,100,3.6100000143051147,4.806027588961283,13.0,0.0,4.179999995231628,5.193033805408909,13.0,0.0,-0.00018440724670654168,0.23072225103775662,0.001857519178884104,2.57936684290568,0.005274415910510774,0.05715433756510417,0.9835461260130008,0.008275088631004715,0.0241851806640625,0.45824817568063736,0.823832631111145
26540.420224137604,562,36887552,36831232,2030.836141015334,1092.2143951679107,554,100,3.6100000143051147,4.806027588961283,13.0,0.0,4.179999995231628,5.193033805408909,13.0,0.0,0.0008930587331027103,0.20996028231456876,0.001992594060235812,2.5719386090834933,0.007273089403194414,0.07709757486979167,0.9849536145726839,0.009188736429981267,0.028289794921875,0.49645671993494034,0.8247952461242676
26622.68856988661,564,36962304,36962304,908.6362357164995,1593.22518043441,554,100,3.6100000143051147,4.806027588961283,13.0,0.0,4.179999995231628,5.193033805408909,13.0,0.0,-0.0004742486635223031,0.17609320759462813,0.0018149980957484029,2.5849168449640274,0.00539386351253294,0.05770365397135417,0.9856021503607432,0.00807837399285442,0.0203399658203125,0.4200069308280945,0.826058030128479
26682.689106753096,565,37086464,37027840,2069.314817570422,1092.2568933979958,559,100,3.9699999332427978,5.094025773002037,13.0,0.0,4.0799999833106995,5.035235722885469,16.0,0.0,1.923684855379787e-05,0.19069460096458593,0.001946115204191301,2.5793212900559106,0.0058546122212040546,0.0586700439453125,0.9855631043513615,0.008783987563219853,0.0222625732421875,0.4383912533521652,0.8267861008644104
26763.833164324984,567,37158912,37158912,892.831861850341,1615.3000468811824,559,100,3.9699999332427978,5.094025773002037,13.0,0.0,4.0799999833106995,5.035235722885469,16.0,0.0,0.0017865023158568267,0.24410235703301927,0.0019479588821316913,2.5782782758275666,0.005381570107905039,0.061879475911458336,0.9813581543664137,0.00873156530239309,0.0220184326171875,0.42742592841386795,0.8286563158035278
26823.83349902928,568,37279232,37224448,2005.3221468344166,1092.2605735949162,559,100,3.9699999332427978,5.094025773002037,13.0,0.0,4.0799999833106995,5.035235722885469,16.0,0.0,0.000156911142160728,0.254920516628772,0.0020075688165282677,2.5840065901478133,0.00690612246762612,0.0676727294921875,0.9804316442459821,0.008973858100944199,0.0233612060546875,0.4483069181442261,0.8292238116264343
26905.646567817777,570,37355520,37355520,932.4671611722337,1602.091229933502,559,100,3.9699999332427978,5.094025773002037,13.0,0.0,4.0799999833106995,5.035235722885469,16.0,0.0,-0.0007359175069723278,0.2402753938610355,0.001937461211734141,2.590978605051835,0.00564662690461167,0.058990478515625,0.9801787342876196,0.008482991193886846,0.0189361572265625,0.3991507217288017,0.8307239413261414
26965.646662667394,571,37478144,37421056,2043.730102549733,1092.264939984826,565,100,3.2400000214576723,4.530165595771622,13.0,0.0,4.219999992847443,5.08247977149187,13.0,0.0,0.0013042510011776662,0.240652021796753,0.0019147657840221657,2.5936394582192106,0.005526660873632258,0.0618896484375,0.9796218151847521,0.008876092033460736,0.0220794677734375,0.43696781247854233,0.8314045667648315
27046.694869866595,573,37552128,37552128,912.8394391027242,1617.2103557806047,565,100,3.2400000214576723,4.530165595771622,13.0,0.0,4.219999992847443,5.08247977149187,13.0,0.0,0.0016800850959649933,0.25159356758619345,0.0019445047449456374,2.579115646580855,0.005827274881085032,0.07067362467447917,0.9803915303200483,0.009499147801155535,0.02166748046875,0.4281366541981697,0.8328373432159424
27106.695126783103,574,37673984,37617664,2030.9246370322346,1092.261989664395,565,100,3.2400000214576723,4.530165595771622,13.0,0.0,4.219999992847443,5.08247977149187,13.0,0.0,0.0006663408445698831,0.23262654865781465,0.0019112905186678595,2.5846519097685814,0.005869854666646764,0.057902018229166664,0.9814555719494819,0.008025758109094266,0.02056884765625,0.417293518781662,0.8335098028182983
27188.018145972863,576,37748736,37748736,919.1985337579856,1611.7453742605776,570,100,4.15,5.22565770006541,16.0,0.0,4.6400000095367435,5.1059182671455305,13.0,0.0,0.0008911419681680854,0.2294523790478706,0.0019682551283040084,2.5699672624468803,0.005809036099284034,0.06067403157552083,0.9818932625154655,0.008942566802337144,0.025238037109375,0.46783918142318726,0.8350105285644531
27248.020782409236,577,37872640,37814272,2064.9759303724636,1092.2186739160138,570,100,4.15,5.22565770006541,16.0,0.0,4.6400000095367435,5.1059182671455305,13.0,0.0,0.0006285499633425692,0.26419754116795957,0.0018768658446788322,2.600072262187799,0.004831022446524003,0.046356201171875,0.9784202991674344,0.007790106940471257,0.0196380615234375,0.408826120197773,0.8355809450149536
27329.053565859795,579,37945344,37945344,897.217112680814,1617.518174973862,570,100,4.15,5.22565770006541,16.0,0.0,4.6400000095367435,5.1059182671455305,13.0,0.0,0.002017076166036228,0.25598756643012166,0.0019856106919178274,2.5734439715743065,0.005626432890494471,0.060506184895833336,0.9814900166044632,0.00855695660963344,0.0276641845703125,0.4922553077340126,0.8372344374656677
27389.053710857406,580,38067968,38010880,2043.7283944043995,1092.26402707208,574,100,3.749999976158142,5.06828367012317,13.0,0.0,3.700000047683716,4.689349644837629,13.0,0.0,0.0031061968050683695,0.26349906281878555,0.0018576180591480806,2.5844992821415267,0.0061176412812831895,0.061004638671875,0.9792350797603528,0.0077210231199084465,0.0260162353515625,0.4689938947558403,0.8380964994430542
27469.662133060396,582,38141952,38141952,917.8197262525778,1626.0335634647745,574,100,3.749999976158142,5.06828367012317,13.0,0.0,3.700000047683716,4.689349644837629,13.0,0.0,0.000984213528378556,0.2877063548658043,0.001974799076075821,2.5745648021499314,0.005544174991882755,0.06336466471354166,0.9788535945117474,0.008756024501053616,0.029632568359375,0.5148555859923363,0.8394703269004822
27529.662910046056,583,38264064,38207488,2035.1736449876973,1092.2525222575482,574,100,3.749999976158142,5.06828367012317,13.0,0.0,3.700000047683716,4.689349644837629,13.0,0.0,0.001340023166752265,0.24081373199199635,0.0020060586684849113,2.5866849546631174,0.006024576430718297,0.058298746744791664,0.9819816779345274,0.008634877308698682,0.025390625,0.47077563405036926,0.8399887681007385
27610.895900901407,585,38338560,38338560,917.0658277577465,1613.531628219815,579,100,4.080000019073486,5.059011691624387,13.0,0.0,4.230000019073486,5.009700625999034,13.0,0.0,0.0021548946606344543,0.24740811344236133,0.0020236608737225956,2.56751728306214,0.005209222796717465,0.04802958170572917,0.9811892447372278,0.009765162705055747,0.0259552001953125,0.47065023332834244,0.8418582677841187
27670.895946994424,586,38460416,38404096,2030.9317731371254,1092.2658275695464,579,100,4.080000019073486,5.059011691624387,13.0,0.0,4.230000019073486,5.009700625999034,13.0,0.0,0.0017393622122957217,0.21543356799520552,0.001880004942601469,2.57801466435194,0.0055498098651393475,0.055089314778645836,0.9838978163897991,0.009365912982805943,0.0267181396484375,0.48086292296648026,0.8427200317382812
27752.073619253933,588,38535168,38535168,920.8443395744595,1614.631170760696,579,100,4.080000019073486,5.059011691624387,13.0,0.0,4.230000019073486,5.009700625999034,13.0,0.0,0.0008990419846668374,0.19611867556038,0.001975653608193776,2.5769212568799653,0.005478063748038646,0.053059895833333336,0.986348715921243,0.009079618762674121,0.0254669189453125,0.4646362215280533,0.844240665435791
27812.074286149815,589,38658048,38600704,2047.9772368735958,1092.2545263325844,584,100,4.379999995231628,5.277840450999217,13.0,0.0,4.320000034570694,5.155346893094355,13.0,0.0,-0.00018881538077645624,0.24320119029531878,0.001898853872262407,2.5742968569199243,0.0063204749894794085,0.064788818359375,0.9828638068089882,0.008760810718134357,0.02740478515625,0.48690853267908096,0.8451833128929138
27893.99394585751,591,38731776,38731776,900.0037385784483,1600.0066463616859,584,100,4.379999995231628,5.277840450999217,13.0,0.0,4.320000034570694,5.155346893094355,13.0,0.0,-0.00011607119085965684,0.19667635159567,0.0019480987575661857,2.5760425801078477,0.006480612096008069,0.06565348307291666,0.9852907477567593,0.00918183897738345,0.0252227783203125,0.4644286036491394,0.8465894460678101
27953.993998633698,592,38853632,38797312,2030.9315469195926,1092.2657059063356,584,100,4.379999995231628,5.277840450999217,13.0,0.0,4.320000034570694,5.155346893094355,13.0,0.0,-0.0007889631124271546,0.21813163192321855,0.0019344536376593169,2.573041851321856,0.00682235200535312,0.06790669759114583,0.9843671352912983,0.009054043504875153,0.028076171875,0.4889608100056648,0.8474008440971375
28035.326362958178,594,38928384,38928384,919.0929173259055,1611.5601838043276,584,100,4.379999995231628,5.277840450999217,13.0,0.0,4.320000034570694,5.155346893094355,13.0,0.0,0.0021218912952463143,0.29588732480381924,0.0022129917342681438,2.5547364254792533,0.004263385964198581,0.0442352294921875,0.9794445397953192,0.010265338273408512,0.02978515625,0.5030388161540031,0.8495391011238098
28095.326779469848,595,39051264,38993920,2047.9857831670304,1092.2590843557496,589,100,3.8300000429153442,4.992103920456642,13.0,0.0,4.579999995231629,5.159806150028588,16.0,0.0,0.0013004702292770767,0.3045303986097376,0.002168071279205227,2.5574472645918527,0.006182448611677198,0.07082621256510417,0.9788190983235836,0.010267393935161332,0.02825927734375,0.49330028891563416,0.8504787087440491
28176.972624346614,597,39124992,39124992,903.0220718676234,1605.3725722091083,589,100,3.8300000429153442,4.992103920456642,13.0,0.0,4.579999995231629,5.159806150028588,16.0,0.0,0.0010192217232543044,0.22487911162897942,0.0018195498366064082,2.5878588631749153,0.004388772406552259,0.0523223876953125,0.9843049794435501,0.008618520000406232,0.0262908935546875,0.47873998433351517,0.852150559425354
28236.973076906055,598,39247616,39190528,2043.7179182693446,1092.2584281355996,589,100,3.8300000429153442,4.992103920456642,13.0,0.0,4.579999995231629,5.159806150028588,16.0,0.0,0.0008165748586179689,0.23927822903109092,0.002025597230385756,2.555688284337521,0.005504296660850135,0.0618438720703125,0.984302886451284,0.009766371164005251,0.0301666259765625,0.5090236738324165,0.8531505465507507
28317.87655359693,600,39321600,39321600,914.4724432880389,1620.103428939363,594,100,4.05,5.191098128738599,13.0,0.0,3.8,4.760252111994219,13.0,0.0,0.0019597201244323514,0.3421080969274044,0.0021843640812827894,2.563410388926665,0.007372999782698268,0.071533203125,0.9750005124757687,0.010003858284714322,0.0305938720703125,0.5117949694395065,0.8547183275222778
28377.876777390018,601,39441920,39387136,2005.325853698866,1092.2625926529995,594,100,4.05,5.191098128738599,13.0,0.0,3.8,4.760252111994219,13.0,0.0,0.0010994067682380166,0.20509157523823282,0.0019857490139353713,2.592962508400281,0.004643902508784474,0.0462799072265625,0.9846030957996846,0.008075676940885993,0.023468017578125,0.4463055729866028,0.8555799722671509
28459.32506600581,603,39518208,39518208,936.6433757726322,1609.2664711261332,594,100,4.05,5.191098128738599,13.0,0.0,3.8,4.760252111994219,13.0,0.0,0.0011567628813888102,0.2174962048108379,0.0019777670095209032,2.5842307582497597,0.00593930586001079,0.05803426106770833,0.9858723512540261,0.00861414012130505,0.0282440185546875,0.4900972321629524,0.8571614027023315
28519.325187662616,604,39640576,39583744,2039.4625314250657,1092.2644519766043,599,100,4.869999957084656,5.36592023080949,13.0,0.0,4.5500000476837155,5.235217186501095,16.0,0.0,0.0008870311964225645,0.23944525676779452,0.001964024419673175,2.581906132400036,0.005622641553903426,0.0649871826171875,0.9843441173434258,0.008687670260163335,0.030548095703125,0.517190083861351,0.8579137921333313
28600.475445557386,606,39714816,39714816,914.8461375966283,1615.1766291361162,599,100,4.869999957084656,5.36592023080949,13.0,0.0,4.5500000476837155,5.235217186501095,16.0,0.0,0.0002978523940934489,0.22428812552243474,0.00196328257273611,2.573769025504589,0.006989757159923707,0.0662689208984375,0.9836022860060135,0.00937780979438685,0.028045654296875,0.4951958432793617,0.8596596717834473
28660.475478533655,607,39837440,39780352,2043.7322100889232,1092.2660663523266,599,100,4.869999957084656,5.36592023080949,13.0,0.0,4.5500000476837155,5.235217186501095,16.0,0.0,-0.0009473888458160217,0.17655089598459503,0.0017951974550669545,2.589559550086657,0.006699183021434388,0.0603485107421875,0.9865096832315128,0.008082175142286966,0.0234832763671875,0.44016018509864807,0.860359251499176
28741.468534152955,609,39911424,39911424,913.4610298907002,1618.3115823669152,603,100,4.3,5.204805483280651,16.0,0.0,4.3099999785423275,5.051128655847935,16.0,0.0,0.0014643388919163651,0.24117561825551093,0.00190721533120571,2.576723362008731,0.006510934283748307,0.06510925292968749,0.9818657754609982,0.00932777897105552,0.022705078125,0.4385936111211777,0.8616808652877808
28801.468626545742,610,40033792,39976960,2039.4635261380024,1092.2649847098926,603,100,4.3,5.204805483280651,16.0,0.0,4.3099999785423275,5.051128655847935,16.0,0.0,0.0016202773379821638,0.16834669761980572,0.0018598750514987237,2.5823084538181624,0.004756654802501241,0.05475362141927083,0.9880984413127105,0.009094638803314107,0.0261077880859375,0.4747590944170952,0.8623700737953186
28883.7429768499,612,40108032,40108032,902.3468398783498,1593.1089035093623,603,100,4.3,5.204805483280651,16.0,0.0,4.3099999785423275,5.051128655847935,16.0,0.0,0.0007254281348044362,0.2109564389878263,0.0021033531180970995,2.555712476372719,0.005830013339921909,0.05950927734375001,0.9853836546341578,0.010481329867616296,0.0302734375,0.5104714557528496,0.8640528321266174
28943.743167875335,613,40225792,40173568,1962.6604180323013,1092.2631891658025,608,100,4.079999995231629,4.999359974859342,13.0,0.0,4.710000014305114,5.1308771071477555,16.0,0.0,-0.0011499532071563106,0.2226195684634149,0.0020400429602887016,2.575479825337728,0.005529357330184818,0.05816650390625,0.9835670354465643,0.009369451979485651,0.02362060546875,0.447570838034153,0.8646392226219177
29025.92058720626,615,40304640,40304640,959.4849855589,1594.9880279420674,608,100,4.079999995231629,4.999359974859342,13.0,0.0,4.710000014305114,5.1308771071477555,16.0,0.0,0.0021632578354910947,0.22717725609739622,0.0019966371376843504,2.5723009159167605,0.007543001778685721,0.07540384928385416,0.9835235780725876,0.009657230596834173,0.0259246826171875,0.46946629136800766,0.8663124442100525
29085.921159941703,616,40418048,40370176,1890.1152910663352,1092.2562404356247,608,100,4.079999995231629,4.999359974859342,13.0,0.0,4.710000014305114,5.1308771071477555,16.0,0.0,0.0005782211616557712,0.23505540378391743,0.0020897809348146743,2.5596308459838233,0.00640952771694477,0.0646820068359375,0.9837669767439364,0.010188384136805931,0.02435302734375,0.45107609778642654,0.8672602772712708
29168.204473609105,618,40501248,40501248,1011.1406103101739,1592.9353614732586,612,100,4.479999971389771,5.1156230651863535,13.0,0.0,5.1,5.363767342945477,13.0,0.0,0.002156476792151807,0.28275418157378834,0.001916852910653688,2.566715116302172,0.006982008537306683,0.0707855224609375,0.9795527340223391,0.010253400027674314,0.0251617431640625,0.4630148410797119,0.8688234686851501
29228.204753289,619,40625152,40566784,2065.0570407510804,1092.2615752732986,612,100,4.479999971389771,5.1156230651863535,13.0,0.0,5.1,5.363767342945477,13.0,0.0,3.3854563904848534e-05,0.20875173488942284,0.0019076143277440378,2.5842131401101747,0.0054388540453752885,0.0540313720703125,0.9856309952835242,0.009557582302174222,0.0228424072265625,0.4335915669798851,0.8694328665733337
29309.086691802368,621,40697856,40697856,898.8904239477804,1620.5348488072661,612,100,4.479999971389771,5.1156230651863535,13.0,0.0,5.1,5.363767342945477,13.0,0.0,0.0008204003861465026,0.176163975847885,0.0019156070666213054,2.579161254068216,0.004257770635983131,0.048472086588541664,0.9887477351973454,0.009997335340206822,0.027984619140625,0.4873749762773514,0.8710585236549377
29369.0869443845,622,40818944,40763392,2018.124837628737,1092.2620685686188,617,100,5.290000057220459,5.51959237864602,16.0,0.0,3.7399999856948853,4.912473953916506,13.0,0.0,0.001560443365936711,0.2150602269296845,0.0019552898932791627,2.572538318733374,0.005237396323233649,0.056081136067708336,0.9854306324074665,0.009624206325194487,0.028106689453125,0.4895261526107788,0.8718464374542236
29450.68548371084,624,40894464,40894464,925.5067630312616,1606.3032632949355,617,100,5.290000057220459,5.51959237864602,16.0,0.0,3.7399999856948853,4.912473953916506,13.0,0.0,0.002778701515732488,0.21835778537206352,0.0020267116039273487,2.5536652356386185,0.0062379959654208506,0.0680084228515625,0.9862018649776777,0.010521726188017055,0.027862548828125,0.48771169036626816,0.8735491633415222
29510.69026069343,625,41018624,40960000,2069.168593627522,1092.179711275558,617,100,5.290000057220459,5.51959237864602,16.0,0.0,3.7399999856948853,4.912473953916506,13.0,0.0,0.0005549170879627734,0.2202147013352563,0.001839879575224283,2.571870972712835,0.005112176933835144,0.052622477213541664,0.9851419876019161,0.009775231427435452,0.0265350341796875,0.4810032621026039,0.8740627765655518
29591.493587175384,627,41091072,41091072,896.596751077824,1622.1114365789608,621,100,3.9399999618530273,5.067188614733836,13.0,0.0,4.7200000286102295,5.306750567843458,16.0,0.0,-0.0009324157399532851,0.20225312747061253,0.0018499921073574417,2.569744656483332,0.006869836388432304,0.0680694580078125,0.9869593847543001,0.009710881946375594,0.0250396728515625,0.4641244634985924,0.875288724899292
29651.493832312524,628,41211648,41156608,2009.591789573597,1092.2622040994497,621,100,3.9399999618530273,5.067188614733836,13.0,0.0,4.7200000286102295,5.306750567843458,16.0,0.0,-0.0002767563661715637,0.20159266097471118,0.001991946136210269,2.575204707682133,0.007224029222318981,0.06908162434895833,0.986053950463732,0.010022594341232132,0.0215606689453125,0.4215734079480171,0.875972330570221
29733.321071425453,630,41287680,41287680,929.1771398405538,1601.81378989348,621,100,3.9399999618530273,5.067188614733836,13.0,0.0,4.7200000286102295,5.306750567843458,16.0,0.0,0.0016999417736466662,0.22169349109753966,0.0018677040837549914,2.5700306693712873,0.006266135522916254,0.0689544677734375,0.9861126958082119,0.010312472246975329,0.0273284912109375,0.48221804946660995,0.8770184516906738
29793.321350160986,631,41409024,41353216,2022.3906047979353,1092.2615924647077,621,100,3.9399999618530273,5.067188614733836,13.0,0.0,4.7200000286102295,5.306750567843458,16.0,0.0,0.002511640235752566,0.22924947870584822,0.002015045899800801,2.568018247683843,0.0069449736341387815,0.070953369140625,0.9834514961888393,0.010815243605369082,0.025726318359375,0.4724595248699188,0.8775053024291992
29874.84358666092,633,41484288,41484288,923.2327672960696,1607.8067239985974,626,100,3.8099999904632567,5.041220082567718,13.0,0.0,4.280000007152557,5.126558294970374,16.0,0.0,0.003082672971989571,0.23440877456838885,0.0019567419913073536,2.5737535332640014,0.0057491892651645084,0.06693013509114584,0.9841321979959805,0.010046214980926987,0.02703857421875,0.4791058301925659,0.8791900277137756
29934.844047762454,634,41608704,41549824,2073.5840644535197,1092.2582726339529,626,100,3.8099999904632567,5.041220082567718,13.0,0.0,4.280000007152557,5.126558294970374,16.0,0.0,0.002825662484004473,0.2315667188571145,0.002086759732871239,2.5557384664813676,0.007556753401028497,0.08089192708333334,0.9834278915077448,0.010845328768482432,0.0278778076171875,0.4848039969801903,0.8800193071365356
30015.86525043659,636,41680896,41680896,891.0260230319425,1617.7493751501936,626,100,3.8099999904632567,5.041220082567718,13.0,0.0,4.280000007152557,5.126558294970374,16.0,0.0,0.0016895571146354391,0.28114496140430373,0.002217134618452595,2.5357117479046183,0.007125442341324136,0.07265218098958334,0.9814304088552793,0.010856326640350744,0.02935791015625,0.49470554292201996,0.8817319273948669
30075.86551048979,637,41802240,41746432,2022.391234511379,1092.2619325631076,631,100,3.9099999904632567,5.063782999567697,13.0,0.0,4.830000007152558,5.342387041313031,16.0,0.0,1.1091179961416231e-05,0.21538360835984352,0.0020332768520650766,2.56122970332702,0.006629405962182015,0.06920369466145833,0.9860387941201528,0.009701207765222838,0.0329132080078125,0.5309328585863113,0.8827744126319885
30157.912636207417,639,41877504,41877504,917.3264674624927,1597.5209229278785,631,100,3.9099999904632567,5.063782999567697,13.0,0.0,4.830000007152558,5.342387041313031,16.0,0.0,-0.00034388722027263913,0.23500110170183083,0.0019587207486135108,2.5630335360765457,0.005790933240253556,0.06280517578125,0.9844565521925687,0.008811002509901302,0.0258026123046875,0.46484486013650894,0.8845224380493164
30217.912868265063,640,41999616,41943040,2035.192128635094,1092.2624422024824,631,100,3.9099999904632567,5.063782999567697,13.0,0.0,4.830000007152558,5.342387041313031,16.0,0.0,0.0012227143997733947,0.2251233174465597,0.002081237120971006,2.5689420650402703,0.006323898515499119,0.0630035400390625,0.9843254933754603,0.009687928114241611,0.026123046875,0.47309713065624237,0.8853194117546082
30299.53442364931,642,42074112,42074112,912.7000784204168,1605.8503097981218,636,100,4.100000023841858,5.133225080120816,16.0,0.0,3.9200000166893005,4.985338568909484,13.0,0.0,0.00027544436306925496,0.2496880884282291,0.0020278365348834386,2.572027097145716,0.006123111427465726,0.06219482421875,0.9835958040008942,0.009555603426027423,0.023529052734375,0.4446454271674156,0.8866092562675476
30359.5348032061,643,42199040,42139648,2082.1201619525823,1092.2597570898793,636,100,4.100000023841858,5.133225080120816,16.0,0.0,3.9200000166893005,4.985338568909484,13.0,0.0,0.0013064528514708702,0.19121365598402917,0.002021851099319368,2.5625278626879058,0.005835585954021857,0.06085205078125,0.9874889173855385,0.00933970590995159,0.024688720703125,0.4529177248477936,0.8872940540313721
30440.4670504611,645,42270720,42270720,885.6791011147145,1619.5274991811923,636,100,4.100000023841858,5.133225080120816,16.0,0.0,3.9200000166893005,4.985338568909484,13.0,0.0,0.0012457154807634652,0.21287060948088765,0.0017870225722920925,2.5784539381663003,0.006134874223183336,0.06374104817708333,0.9859884064644574,0.008680699276737869,0.0242462158203125,0.4568607211112976,0.888536810874939
30500.467404209077,646,42388736,42336256,1966.9217367568526,1092.2602269192066,636,100,4.100000023841858,5.133225080120816,16.0,0.0,3.9200000166893005,4.985338568909484,13.0,0.0,0.0012096183066508577,0.263141677249223,0.0020385143967966237,2.5602781300743422,0.005495513040538451,0.0545501708984375,0.9810459557920694,0.009456387866521256,0.0287322998046875,0.49172011762857437,0.8895279169082642
30582.468863600865,648,42467328,42467328,958.421966912834,1598.4105767406222,641,100,3.990000009536743,4.984967372439894,13.0,0.0,3.999999988079071,4.886716654205939,13.0,0.0,0.0013005232128004232,0.21943875068488222,0.0019296196660434362,2.5730309883753457,0.005593876695153692,0.062220255533854164,0.9848121547450622,0.009625973170235131,0.0254058837890625,0.464991070330143,0.8908998966217041
30642.469196004793,649,42586880,42532864,1992.522294629376,1092.2606154713496,641,100,3.990000009536743,4.984967372439894,13.0,0.0,3.999999988079071,4.886716654205939,13.0,0.0,1.4874409923019283e-06,0.18052613211330026,0.0016714189465953193,2.591994881629944,0.005397417934242791,0.054148356119791664,0.9867907979836066,0.007345993096047702,0.0243988037109375,0.4596429020166397,0.8914063572883606
30723.781455934048,651,42663936,42663936,947.6553728434336,1611.9586408499601,641,100,3.990000009536743,4.984967372439894,13.0,0.0,3.999999988079071,4.886716654205939,13.0,0.0,0.0013132182308860743,0.23121620000650486,0.001851630222517997,2.569085250298182,0.005903052586290869,0.05746459960937499,0.9855541059126456,0.009255353768821807,0.025115966796875,0.45803749561309814,0.8928216099739075
30783.78159412183,652,42784768,42729472,2013.8620284812516,1092.2641510406788,641,100,3.990000009536743,4.984967372439894,13.0,0.0,3.999999988079071,4.886716654205939,13.0,0.0,0.0015189719779300506,0.27388320537284017,0.0019030204299876155,2.565048878391584,0.006791812912827784,0.06371561686197917,0.9808501824736595,0.009349466898129322,0.0291748046875,0.5002359822392464,0.8935980200767517
30865.92712480016,654,42860544,42860544,922.4604111053361,1595.6071975876084,647,100,3.3800000190734862,4.916868975794829,16.0,0.0,4.220000052452088,5.06474079850511,13.0,0.0,0.0009685380440108324,0.23606385228534538,0.0019001794231977935,2.565514015654723,0.005095626055966325,0.053288777669270836,0.9829993775735298,0.009104590348821754,0.026336669921875,0.4722289815545082,0.8950803875923157
30925.92742295377,655,42978560,42926080,1966.9235592440352,1092.2612389728265,647,100,3.3800000190734862,4.916868975794829,16.0,0.0,4.220000052452088,5.06474079850511,13.0,0.0,-0.0003679553119582124,0.21188104633862775,0.001806085844388387,2.57826779037714,0.006346570343642573,0.064453125,0.9855331555008888,0.00874187154113315,0.026702880859375,0.4740371108055115,0.8957648873329163
31007.89899466932,657,43057152,43057152,958.7714173972879,1598.9933736397766,647,100,3.3800000190734862,4.916868975794829,16.0,0.0,4.220000052452088,5.06474079850511,13.0,0.0,0.000949507376693267,0.21487339376471937,0.00187913950382305,2.5714946687221527,0.0063935911039152415,0.06439208984375,0.9845030270516872,0.00894616759615019,0.026641845703125,0.4750998094677925,0.8972068428993225
31067.89981582202,658,43179008,43122688,2030.9055386071586,1092.2517182425056,652,100,4.210000038146973,5.119169892465201,13.0,0.0,4.320000004768372,5.207456065101998,16.0,0.0,0.0005525429830110321,0.18969582417048514,0.0018953730577777606,2.567311609784762,0.004195085267686712,0.049001057942708336,0.9875827319920063,0.009384600091531563,0.0260467529296875,0.4708995223045349,0.8976856470108032
31148.564190402627,660,43253760,43253760,926.7040175871114,1624.905674673291,652,100,4.210000038146973,5.119169892465201,13.0,0.0,4.320000004768372,5.207456065101998,16.0,0.0,-0.00010637755379624048,0.25700541345092154,0.0019437087952004124,2.560336117943128,0.0073383455316313,0.070648193359375,0.9826222024857998,0.00942360180003258,0.02435302734375,0.45077884942293167,0.8989222049713135
31208.565079580992,661,43376128,43319296,2039.436442953953,1092.2504799083931,652,100,4.210000038146973,5.119169892465201,13.0,0.0,4.320000004768372,5.207456065101998,16.0,0.0,0.0002871481192414649,0.2124573803351571,0.0017987855098908767,2.583885302146276,0.006661461146601747,0.061742146809895836,0.9843073599040508,0.008034712887213876,0.02313232421875,0.4386013448238373,0.8996496796607971
31289.512276750058,663,43450368,43450368,917.141082043188,1619.2283931245252,657,100,3.789999985694885,4.9402326938418595,13.0,0.0,3.640000009536743,4.946756434942872,13.0,0.0,0.0009624805134080816,0.2770108531694859,0.0020250032600112413,2.5606585294008255,0.006442166345853669,0.06702168782552084,0.9814081502457459,0.009943783312337471,0.031982421875,0.5276783630251884,0.9010311961174011
31349.512628596276,664,43575296,43515904,2082.1211235592837,1092.2602615392964,657,100,3.789999985694885,4.9402326938418595,13.0,0.0,3.640000009536743,4.946756434942872,13.0,0.0,0.0005823919794541629,0.2372480113990605,0.0019291864846309181,2.5759283651908236,0.006360170558764366,0.05959065755208333,0.9819378188500802,0.008882813694071956,0.0242156982421875,0.45324498414993286,0.9017051458358765
31430.95074828528,666,43646976,43646976,880.1774927237132,1609.4674152662185,657,100,3.789999985694885,4.9402326938418595,13.0,0.0,3.640000009536743,4.946756434942872,13.0,0.0,-0.0006049753258897302,0.23417729162611067,0.00188496513995536,2.569233765204747,0.005481661282222679,0.05346679687499999,0.9829529828081529,0.009612487357420225,0.0241546630859375,0.4489311948418617,0.9030613303184509
31490.9512461368,667,43770624,43712512,2060.782900601649,1092.2576036315158,657,100,3.789999985694885,4.9402326938418595,13.0,0.0,3.640000009536743,4.946756434942872,13.0,0.0,0.0023419611873881268,0.18159922173557183,0.001754510599615363,2.578427774210771,0.006664906920074524,0.06299845377604167,0.9877724237740039,0.008184404005684579,0.026092529296875,0.4729870781302452,0.9037142992019653
31572.182183245197,669,43843584,43843584,898.179961935433,1613.5724228454094,662,100,4.570000028610229,5.236897974556709,13.0,0.0,4.060000002384186,5.037499294621714,13.0,0.0,0.0003388117014158828,0.18503032663526636,0.0018443308872519992,2.5847229038675628,0.005434689022877137,0.05579630533854167,0.9880168388287227,0.00878433807035132,0.025482177734375,0.4674324542284012,0.9050522446632385
31632.184331241995,670,43964672,43909120,2018.061086854116,1092.227564978126,662,100,4.570000028610229,5.236897974556709,13.0,0.0,4.060000002384186,5.037499294621714,13.0,0.0,-0.0003151419781109629,0.23214120627380908,0.0018801529064755111,2.5665513252218566,0.006211247620740323,0.06799825032552083,0.983676624794801,0.009619371587177739,0.028717041015625,0.4996012821793556,0.9057254791259766
31713.927502909675,672,44040192,44040192,923.8692169545376,1603.4611494261806,662,100,4.570000028610229,5.236897974556709,13.0,0.0,4.060000002384186,5.037499294621714,13.0,0.0,0.0007006890094392777,0.23006067044722536,0.0019355432923475746,2.5720535616079965,0.007438258250355526,0.07728068033854167,0.9825773028035959,0.009295732161263004,0.0256805419921875,0.4655560925602913,0.9070627093315125
31773.92765519023,673,44156672,44105728,1941.3284062239077,1092.263894490814,667,100,3.9700000047683717,4.992905021037074,13.0,0.0,3.4400000095367433,4.718728659006055,13.0,0.0,0.0011729057138533487,0.18553267357250053,0.001842790513668054,2.584572739899158,0.007282632281203405,0.07119242350260416,0.9867322873324156,0.009285792883019894,0.0258331298828125,0.46849318593740463,0.90789794921875
31856.739456823096,675,44236800,44236800,967.5915560349176,1582.7695740890665,667,100,3.9700000047683717,4.992905021037074,13.0,0.0,3.4400000095367433,4.718728659006055,13.0,0.0,0.00023391178062108026,0.26060947915539145,0.002001999049146737,2.57807577898105,0.006138456821039048,0.062372843424479164,0.9793883630385002,0.009394207207757669,0.023590087890625,0.4420613795518875,0.9093079566955566
31916.739648357034,676,44359936,44302336,2052.260115375637,1092.2631799088626,667,100,3.9700000047683717,4.992905021037074,13.0,0.0,3.4400000095367433,4.718728659006055,13.0,0.0,0.00020156506313166272,0.2498111769091338,0.0019469539656711277,2.5747061247626943,0.007639212723612824,0.06812540690104167,0.9821883675952752,0.009844598777514571,0.0244598388671875,0.45391587167978287,0.9097998738288879
31997.679588649422,678,44433408,44433408,907.7347936579772,1619.373569173813,672,100,4.139999961853027,5.1633709396960645,13.0,0.0,3.769999957084656,4.959546344216899,13.0,0.0,0.00041089318256126706,0.19829728182715675,0.0018528370746935252,2.5719219942887626,0.005897888428080479,0.06138102213541667,0.9865366239100695,0.00905484713439364,0.0284271240234375,0.49647949635982513,0.9108718037605286
32057.679967554286,679,44559360,44498944,2099.186743465534,1092.2597689576764,672,100,4.139999961853027,5.1633709396960645,13.0,0.0,3.769999957084656,4.959546344216899,13.0,0.0,-0.0007270640477751538,0.18717123568058014,0.0017988336088213448,2.5691694716612496,0.005705851680128641,0.056081136067708336,0.9879915534208219,0.009213974461696731,0.0245208740234375,0.45727357268333435,0.9113574028015137
32140.41545807384,681,44630016,44630016,853.9986837124196,1584.2294422491264,672,100,4.139999961853027,5.1633709396960645,13.0,0.0,3.769999957084656,4.959546344216899,13.0,0.0,-0.0003146821109112352,0.20979137532413003,0.0017473810342683767,2.572866740326087,0.005724090955482097,0.057428995768229164,0.9859936280796925,0.008869948636856861,0.0260467529296875,0.47119103372097015,0.9124197363853455
32200.41583761759,682,44753408,44695552,2056.520324342685,1092.2597573272353,677,100,5.0499999761581424,5.395136476092892,16.0,0.0,4.450000011920929,4.972675255661343,13.0,0.0,0.0014200753491119638,0.20927891841468713,0.0018277180655180323,2.5667940229177475,0.006636675687332172,0.066925048828125,0.9867601518829664,0.00928251083435801,0.0270233154296875,0.483946330845356,0.9127300381660461
32281.75980104506,684,44826624,44826624,900.0790828846632,1611.3303861431732,677,100,5.0499999761581424,5.395136476092892,16.0,0.0,4.450000011920929,4.972675255661343,13.0,0.0,0.0004753989378514234,0.24889514921233055,0.001852658602729207,2.5727458770076437,0.007328592604608274,0.07455444335937501,0.9838627067704996,0.008597464834262306,0.02740478515625,0.4892662987112999,0.9138129949569702
32341.76016801782,685,44942080,44892160,1924.254897514509,1092.2599861723154,677,100,5.0499999761581424,5.395136476092892,16.0,0.0,4.450000011920929,4.972675255661343,13.0,0.0,0.0007173695909538462,0.26574168509493273,0.0019121482425058882,2.5748311281204224,0.007360714059056287,0.06790669759114583,0.9822019226849079,0.008493219696295757,0.0225372314453125,0.4368569254875183,0.9142993092536926
32423.413293037564,687,45023232,45023232,993.8627576149368,1605.2294381667118,682,100,4.630000019073487,5.270019005187064,16.0,0.0,4.65,5.339241620890222,16.0,0.0,0.0011092462979528741,0.22872548977223534,0.0018702009304737053,2.5719407945871353,0.0062146203241961,0.0724029541015625,0.9846242517232895,0.009569944765341159,0.0257720947265625,0.47619928419589996,0.9152098894119263
32483.413476020098,688,45143040,45088768,1996.7939103598344,1092.2633355814478,682,100,4.630000019073487,5.270019005187064,16.0,0.0,4.65,5.339241620890222,16.0,0.0,0.000668153035803698,0.21211221115663648,0.0018733523744837535,2.585763707756996,0.006771454804644842,0.06451416015625,0.9850171493987243,0.008462868126419684,0.0247650146484375,0.45892811566591263,0.9157931208610535
32566.60422342643,690,45219840,45219840,923.1795890098334,1575.5598319101157,682,100,4.630000019073487,5.270019005187064,16.0,0.0,4.65,5.339241620890222,16.0,0.0,0.0005984800191072281,0.15497087749342123,0.0017115182138998837,2.589769499997298,0.006273744894012149,0.062286376953125,0.9890586442003647,0.009760612689812357,0.0229339599609375,0.44514311105012894,0.9166864156723022
32626.604366438463,691,45336832,45285376,1949.8620191045115,1092.2640632182822,686,100,4.839999985694885,5.440073339380985,13.0,0.0,3.939999985694885,4.8986120768459545,13.0,0.0,-0.0003195032501632038,0.2306822368409485,0.001727708500159982,2.5737948392828307,0.006435853440658926,0.07036336263020834,0.9826702730109295,0.009431648567745773,0.0252532958984375,0.46272388845682144,0.9172101616859436
32708.532480020076,693,45416448,45416448,971.7787523655174,1599.841547302717,686,100,4.839999985694885,5.440073339380985,13.0,0.0,3.939999985694885,4.8986120768459545,13.0,0.0,0.0003198354970663786,0.20141442484843233,0.0017702426497028985,2.5672513569394746,0.004233662782401856,0.044342041015625,0.9860106607278187,0.010183076810790226,0.028656005859375,0.49337057769298553,0.9185876846313477
32768.532735642046,694,45542656,45481984,2103.457705166637,1092.2620132305458,686,100,4.839999985694885,5.440073339380985,13.0,0.0,3.939999985694885,4.8986120768459545,13.0,0.0,-0.0001472617514082231,0.2433188286765168,0.0016673298111224235,2.5854833126068115,0.0077483866231583915,0.06944274902343749,0.9833316436658303,0.00875385217659641,0.0230865478515625,0.4482552334666252,0.91899573802948
32849.228091046214,696,45613056,45613056,872.4170015411252,1624.2818355965676,690,100,4.529999995231629,5.250628472901526,13.0,0.0,4.12999997138977,5.0530287550527015,13.0,0.0,-0.00025526407262077555,0.2669624217475454,0.0019107806438114494,2.5552133917808533,0.006338763920211932,0.06866963704427084,0.9811616198470196,0.010698910724992555,0.0279388427734375,0.49026058614254,0.9199679493904114
32909.22863825224,697,45730816,45678592,1962.6487671126874,1092.2567051757565,690,100,4.529999995231629,5.250628472901526,13.0,0.0,4.12999997138977,5.0530287550527015,13.0,0.0,-0.0007159563125848459,0.20512832794338465,0.0016729592959260722,2.5819903140266733,0.006748295346672724,0.06431070963541666,0.985857792198658,0.009403383592143655,0.0255889892578125,0.47174598276615143,0.920326292514801
32991.29442932643,699,45809664,45809664,960.7901047188137,1597.1575766754306,690,100,4.529999995231629,5.250628472901526,13.0,0.0,4.12999997138977,5.0530287550527015,13.0,0.0,-0.0002531338492796446,0.21379516428957382,0.0017732048157389122,2.5692783668637276,0.0049671217439026805,0.053263346354166664,0.9852629297723373,0.00929918159575512,0.027069091796875,0.4803057238459587,0.9214602708816528
33051.29495850578,700,45930240,45875200,2009.5822761759707,1092.2570333355595,690,100,4.529999995231629,5.250628472901526,13.0,0.0,4.12999997138977,5.0530287550527015,13.0,0.0,0.00012204677962775656,0.2070001989292602,0.0017209561374329498,2.5784932151436806,0.006776736341635115,0.06853739420572916,0.9862755984067917,0.008845408282165105,0.0242767333984375,0.4530976936221123,0.9218146800994873
33133.65816982463,702,46006272,46006272,923.1305917111383,1591.390110963309,695,100,5.019999957084655,5.398110782190061,13.0,0.0,4.4300000190734865,5.269259854791433,13.0,0.0,0.0011497358112440754,0.23129170256045956,0.0018098548304503008,2.5691764404376345,0.009134395115931207,0.08632405598958333,0.9843697647253672,0.009356052721462524,0.027557373046875,0.4809153378009796,0.9233083724975586
33193.65837964602,703,46122240,46071808,1932.7932409773202,1092.2628469982208,695,100,5.019999957084655,5.398110782190061,13.0,0.0,4.4300000190734865,5.269259854791433,13.0,0.0,0.0013752005725109486,0.21033575067607063,0.0017774281465487245,2.57349103440841,0.008252278985916442,0.08155314127604167,0.9862211861958106,0.008664192724002836,0.0264892578125,0.47990602999925613,0.9236847162246704
33277.15125721693,705,46202880,46202880,965.8308869700984,1569.858457551398,695,100,5.019999957084655,5.398110782190061,13.0,0.0,4.4300000190734865,5.269259854791433,13.0,0.0,-5.8344442853316026e-05,0.22880662721581754,0.0017590286576402527,2.583523360391458,0.006535579783909876,0.061492919921875,0.9842060630520185,0.008041808866740515,0.02801513671875,0.4910976365208626,0.9251439571380615
33337.15144052915,706,46321664,46268416,1979.7272848631958,1092.263329579694,700,100,4.050000023841858,5.1504853935702615,16.0,0.0,4.290000033378601,5.0364571272580445,13.0,0.0,0.00044248101767152553,0.27231608300159377,0.0019251586042325168,2.5645303850372634,0.006810760865240202,0.07073974609375,0.9824369102716446,0.009655285306507722,0.028472900390625,0.4942062124609947,0.9257049560546875
33419.729225281626,708,46399488,46399488,942.4326437585763,1587.2549789618126,700,100,4.050000023841858,5.1504853935702615,16.0,0.0,4.290000033378601,5.0364571272580445,13.0,0.0,0.0004407216862697775,0.23173886196066934,0.0019109131086831137,2.5715216398239136,0.007130550162401051,0.06279500325520833,0.9828203711658716,0.009567168647966659,0.0252685546875,0.4664473831653595,0.9265914559364319
33479.72953181155,709,46519296,46465024,1996.7897987362367,1092.2610864881979,700,100,4.050000023841858,5.1504853935702615,16.0,0.0,4.290000033378601,5.0364571272580445,13.0,0.0,0.0008158990579734866,0.21623425868650278,0.0018603017403317304,2.579497108856837,0.006810584916214188,0.06658935546875,0.9831727289905151,0.008935409307014197,0.02105712890625,0.4206276088953018,0.9271038174629211
33561.87848200649,711,46596096,46596096,934.8871752804281,1595.540779145264,705,100,3.8099999904632567,4.939018105819528,13.0,0.0,4.000000047683716,5.067543708864091,13.0,0.0,0.00013737533784781897,0.22357728720332185,0.0019225785314726334,2.561055411895116,0.00713188537095751,0.06769307454427083,0.9830846128364403,0.009754750984332835,0.02825927734375,0.49465546756982803,0.9283401370048523
33621.88294192217,712,46719744,46661632,2060.646828148245,1092.1854824139766,705,100,3.8099999904632567,4.939018105819528,13.0,0.0,4.000000047683716,5.067543708864091,13.0,0.0,0.0006621078828175087,0.22207054503572485,0.00174328418628041,2.5744020914038024,0.006746516145237062,0.06485493977864583,0.9850141772379478,0.008327445379109122,0.02978515625,0.509471982717514,0.9289548397064209
33702.80201953463,714,46792704,46792704,901.6415183255358,1619.7910785356994,705,100,3.8099999904632567,4.939018105819528,13.0,0.0,4.000000047683716,5.067543708864091,13.0,0.0,0.0019550518481992185,0.24943235345805687,0.0018310534578631632,2.557476672033469,0.006769352684689996,0.07206217447916667,0.9814325328916311,0.009964761721979206,0.024749755859375,0.45449861884117126,0.9302359223365784
33762.802085481584,715,46914816,46858240,2035.1977630818635,1092.2654661403712,705,100,3.8099999904632567,4.939018105819528,13.0,0.0,4.000000047683716,5.067543708864091,13.0,0.0,4.681174201929629e-05,0.2555661150254309,0.0018690135790772426,2.5691565871238704,0.005352511827974619,0.0615997314453125,0.9808412957936525,0.008943958528107032,0.0273590087890625,0.48251499235630035,0.930944561958313
33844.33756522089,717,46989312,46989312,913.6636006580751,1607.5455791647232,710,100,4.460000014305114,5.006835296962253,13.0,0.0,4.65,5.3392414053326345,16.0,0.0,0.0007379283160844351,0.2668531735738119,0.001940204742519806,2.5408698916435246,0.007140557304713487,0.07879130045572917,0.9809745171417793,0.01011385291349143,0.0360870361328125,0.5584228038787842,0.9321959614753723
33904.337976882234,718,47110400,47054848,2018.1194869704018,1092.2591726520568,710,100,4.460000014305114,5.006835296962253,13.0,0.0,4.65,5.3392414053326345,16.0,0.0,0.0019119876233162358,0.25338903496352333,0.001706419390150889,2.558999928335349,0.00664195623236689,0.0634765625,0.9821689054369925,0.008685420320640938,0.0283966064453125,0.4896547421813011,0.9329266548156738
33987.17884233035,720,47185920,47185920,911.6273664149215,1582.2142766252198,710,100,4.460000014305114,5.006835296962253,13.0,0.0,4.65,5.3392414053326345,16.0,0.0,0.0023279544402612373,0.24063114472664895,0.001870513183045356,2.5330031787355742,0.0072196741978890104,0.07580057779947916,0.9825744535773993,0.011030285609497998,0.0337066650390625,0.536587730050087,0.9343158602714539
34047.17902408913,721,47308288,47251456,2039.4604885026213,1092.2633578591444,715,100,4.730000019073486,5.166923589397206,16.0,0.0,4.940000057220459,5.40336931276816,16.0,0.0,9.0302698178372e-05,0.27009659532147146,0.0020588696764510432,2.5211652169624967,0.006088308013810698,0.06403605143229167,0.9793566266695659,0.011024573216369996,0.0323944091796875,0.5231808498501778,0.9353026747703552
34128.44397434406,723,47382528,47382528,913.5549799403748,1612.8970680326618,715,100,4.730000019073486,5.166923589397206,16.0,0.0,4.940000057220459,5.40336931276816,16.0,0.0,0.0014012546210627381,0.2529695733295133,0.001762521933414973,2.5552584528923035,0.007074723522237036,0.06901041666666667,0.9827304737021526,0.010300611737572277,0.0310516357421875,0.5144758746027946,0.9365890026092529
34188.44398102909,724,47507200,47448064,2077.8664351565567,1092.2665449693604,715,100,4.730000019073486,5.166923589397206,16.0,0.0,4.940000057220459,5.40336931276816,16.0,0.0,0.0007682890815582748,0.2469874891297271,0.0018568069026514424,2.549137204885483,0.007655431655318049,0.06656901041666666,0.9828778424610695,0.010266191772340488,0.0310516357421875,0.5092937350273132,0.937495768070221
34269.473733469844,726,47579136,47579136,887.7726740261239,1617.5786800760693,720,100,4.470000004768371,5.146756169321477,16.0,0.0,4.489999997615814,5.1371100152782185,13.0,0.0,0.0010805212914419826,0.29162894569647807,0.0016987082174940344,2.5689974005023637,0.006676634591713082,0.06083170572916667,0.9805168366680542,0.009627187265626466,0.0281219482421875,0.4894029349088669,0.9389790892601013
34329.474821349606,727,47703552,47644672,2073.562403557097,1092.246862779047,720,100,4.470000004768371,5.146756169321477,16.0,0.0,4.489999997615814,5.1371100152782185,13.0,0.0,0.0018191961038003983,0.20694633053305247,0.001744616152185093,2.5534738103548684,0.006216973142727511,0.06414794921875,0.9885859694331884,0.010109914117492735,0.0336761474609375,0.5363218784332275,0.9397226572036743
34410.428711913526,729,47775744,47775744,891.7668996155056,1619.0945127770883,720,100,4.470000004768371,5.146756169321477,16.0,0.0,4.489999997615814,5.1371100152782185,13.0,0.0,0.00077498300379375,0.29947690696765983,0.0018429165635704217,2.5469746813178062,0.00957770968003994,0.08415222167968749,0.9806063553939264,0.010755846208970373,0.0351715087890625,0.5511156320571899,0.9411212205886841
34470.42920804769,730,47897856,47841280,2035.1831712683818,1092.2576348945613,725,100,4.590000033378601,5.1924849068281205,13.0,0.0,4.35000005364418,5.0027491799658845,13.0,0.0,0.0026900303770768614,0.2623049644753337,0.0019274289309881474,2.566229706009229,0.007473188749524221,0.06964619954427084,0.9831229497989019,0.010113809335355956,0.03021240234375,0.5097341388463974,0.9417295455932617
34551.343024423346,732,47972352,47972352,920.683306471889,1619.896401764973,725,100,4.590000033378601,5.1924849068281205,13.0,0.0,4.35000005364418,5.0027491799658845,13.0,0.0,0.0011260848429325658,0.261674517688031,0.001932027016058176,2.5652830054362616,0.007282006390596507,0.0670623779296875,0.9808702052881321,0.01097672043639856,0.0309600830078125,0.518856979906559,0.9428718686103821
34611.34307527356,733,48096000,48037888,2060.798253466179,1092.2657409675815,725,100,4.590000033378601,5.1924849068281205,13.0,0.0,4.35000005364418,5.0027491799658845,13.0,0.0,0.0012809184821283757,0.22670768620446324,0.0018875939555679604,2.5547761941949525,0.008095108810569704,0.07256062825520833,0.9850041307508945,0.011426293553085998,0.0312652587890625,0.5147749111056328,0.9435247778892517
34693.204698374495,735,48168960,48168960,891.2601196538627,1601.1409868869393,729,100,5.179999971389771,5.389582487842162,16.0,0.0,4.539999997615814,5.138910365096211,13.0,0.0,0.0016393042169511318,0.20641469846790034,0.001826922342540153,2.5633011733492213,0.006501155541627668,0.06649271647135417,0.9862232363472383,0.010297833068761975,0.0316162109375,0.5212110355496407,0.9447587132453918
34753.204988550395,736,48287744,48234496,1979.7237588646133,1092.2613842011658,729,100,5.179999971389771,5.389582487842162,16.0,0.0,4.539999997615814,5.138910365096211,13.0,0.0,0.002634070966450963,0.2636062044960757,0.001901689918061796,2.563147157430649,0.009196703082125168,0.0836181640625,0.9810088810821374,0.01025762053905055,0.02960205078125,0.5063703879714012,0.9452289938926697
34835.74866320938,738,48365568,48365568,942.8220917171118,1587.9108913130303,729,100,5.179999971389771,5.389582487842162,16.0,0.0,4.539999997615814,5.138910365096211,13.0,0.0,0.001959748510368324,0.27265245801148313,0.001939884783496382,2.5577922612428665,0.00803332917651763,0.07062276204427084,0.9805345187584559,0.010461486963322388,0.031341552734375,0.5168003365397453,0.9465823769569397
34895.748784409836,739,48487424,48431104,2030.9292308408108,1092.2644602841335,729,100,5.179999971389771,5.389582487842162,16.0,0.0,4.539999997615814,5.138910365096211,13.0,0.0,0.001165957767322349,0.2478075441904366,0.001880971669985835,2.5647052402297654,0.006194587558032557,0.06534830729166666,0.9821201184143623,0.010688039105540764,0.029815673828125,0.5029171332716942,0.947269856929779
34978.6734077353,741,48562176,48562176,901.4451558810132,1580.616163736571,734,100,5.78000009059906,5.631305284599867,16.0,0.0,4.830000019073486,5.153746108235245,13.0,0.0,0.001999917386759383,0.24383446294814348,0.0018794584284478333,2.561782069504261,0.0068048193334107054,0.06930033365885417,0.9831828909615675,0.011079082731157541,0.028106689453125,0.4830641746520996,0.9484648108482361
35038.67366396263,742,48679936,48627712,1962.6582852218185,1092.2620022104034,734,100,5.78000009059906,5.631305284599867,16.0,0.0,4.830000019073486,5.153746108235245,13.0,0.0,0.0004614223447182061,0.22620492824353278,0.001765981000062311,2.561038220922152,0.007371707779384451,0.07532755533854167,0.9853651132434607,0.01029442037300517,0.03131103515625,0.5170116499066353,0.9491114020347595
35121.24525064975,744,48758784,48758784,954.90474585129,1587.374122973573,739,100,4.499999976158142,5.2678269675774505,13.0,0.0,5.040000057220459,5.291351405652332,16.0,0.0,0.0006723676366770329,0.2461493137913446,0.0018273477677818544,2.5468262334664664,0.005735074825376311,0.05940755208333333,0.9828435126692057,0.010553234295609096,0.028228759765625,0.4891592562198639,0.9503471255302429
35181.24543827027,745,48880384,48824320,2026.6603292822326,1092.2632511500033,739,100,4.499999976158142,5.2678269675774505,13.0,0.0,5.040000057220459,5.291351405652332,16.0,0.0,0.0007417707371738894,0.19658735130603114,0.0016879445453620672,2.5569538498918214,0.006365106299805726,0.06702677408854167,0.9863788560032843,0.009651626237124827,0.0299530029296875,0.5060692578554153,0.9508465528488159
35262.24863281287,747,48955392,48955392,925.9881714979936,1618.1090232319887,739,100,4.499999976158142,5.2678269675774505,13.0,0.0,5.040000057220459,5.291351405652332,16.0,0.0,0.0015969678521893609,0.2743662241846323,0.0017774390168293999,2.559280142188072,0.00676253336071871,0.07096354166666667,0.982243612408638,0.010212513569664832,0.0307464599609375,0.5118723809719086,0.9521135091781616
35322.24892741442,748,49077504,49020928,2035.1900071646676,1092.261303635545,739,100,4.499999976158142,5.2678269675774505,13.0,0.0,5.040000057220459,5.291351405652332,16.0,0.0,0.0014687524453620426,0.24147706214959425,0.001817190526101816,2.56554007033507,0.007107983830792363,0.070587158203125,0.984148904060324,0.009976114815799518,0.025665283203125,0.4656622111797333,0.9525683522224426
35403.70815981366,750,49152000,49152000,914.5188065962541,1609.0502713995947,743,100,4.730000019073486,5.321381459802742,13.0,0.0,4.409999966621399,5.004188147895088,13.0,0.0,0.0008775693301383096,0.2665381107944995,0.0018477854221904029,2.554029536743959,0.007671795413140595,0.06815083821614584,0.9817846591273944,0.010722038811460758,0.0285186767578125,0.4953218027949333,0.953335165977478
35463.70851395093,751,49274112,49217536,2035.1879877346457,1092.2602198324305,743,100,4.730000019073486,5.321381459802742,13.0,0.0,4.409999966621399,5.004188147895088,13.0,0.0,0.0026275109181976104,0.2755329164986809,0.0020143310490918034,2.5503132194280624,0.008774259016111804,0.08320109049479166,0.9811651638398569,0.012170106133756539,0.02862548828125,0.49619606882333755,0.9539011120796204
35545.56731555611,753,49348608,49348608,910.0548571344588,1601.1961747520375,743,100,4.730000019073486,5.321381459802742,13.0,0.0,4.409999966621399,5.004188147895088,13.0,0.0,0.002490206917476219,0.2519456084507207,0.0017633767068521895,2.5660777961214385,0.009637567884055898,0.09000651041666666,0.9825899557520946,0.010227908157200243,0.0280914306640625,0.4877699017524719,0.9547266960144043
35605.567540170625,754,49471744,49414144,2052.258983880697,1092.2625776994978,749,100,4.55,5.359804047751424,16.0,0.0,5.029999995231629,5.097950614558821,13.0,0.0,0.000307033735831889,0.1789698093974342,0.0016683298199495766,2.581554353237152,0.00630329523543575,0.061955769856770836,0.9870348125696182,0.008972084237029778,0.028564453125,0.49314530938863754,0.9550722241401672
35686.37314615026,756,49545216,49545216,909.2438465038621,1622.0656773866808,749,100,4.55,5.359804047751424,16.0,0.0,5.029999995231629,5.097950614558821,13.0,0.0,0.000715906426194124,0.23137256906678277,0.0017550213754778572,2.545550622045994,0.00730745028098075,0.07364400227864583,0.9850195199251175,0.010432316543301567,0.0360107421875,0.5559784397482872,0.9562572836875916
35746.3735402897,757,49665792,49610752,2009.5867990431111,1092.2594916242813,749,100,4.55,5.359804047751424,16.0,0.0,5.029999995231629,5.097950614558821,13.0,0.0,0.0007329419847034538,0.2416818957620611,0.0017325794397038408,2.557520921031634,0.006131815107437434,0.0663909912109375,0.9833265052487453,0.010123136715264991,0.0297088623046875,0.5016048550605774,0.9568164348602295
35828.194986118004,759,49741824,49741824,929.242929287116,1601.927204696981,753,100,4.1400000095367435,5.278295129587975,16.0,0.0,4.749999976158142,5.208406656978623,13.0,0.0,0.0005424822375061922,0.23851156428766745,0.0018554982804441047,2.557943858206272,0.006882046624014038,0.06927998860677083,0.9842860884964466,0.010194074226698529,0.0287017822265625,0.49393516033887863,0.9580333828926086
35888.19518245943,760,49868800,49807360,2116.259741509105,1092.2630923917961,753,100,4.1400000095367435,5.278295129587975,16.0,0.0,4.749999976158142,5.208406656978623,13.0,0.0,0.0008824539763736539,0.22148498194292188,0.001782650012804273,2.5564827993512154,0.006978199896063113,0.06762186686197917,0.9857842965672413,0.01003777359922727,0.031158447265625,0.5141522139310837,0.9587128758430481
35968.56258604117,762,49938432,49938432,866.4209231194097,1630.9099729306536,753,100,4.1400000095367435,5.278295129587975,16.0,0.0,4.749999976158142,5.208406656978623,13.0,0.0,0.001270947581360815,0.21790332021191716,0.0017440013095135025,2.569015632073085,0.006677396901674608,0.068634033203125,0.98536510579288,0.00968555583191725,0.030853271484375,0.5169946029782295,0.9596996903419495
36028.562968609855,763,50061312,50003968,2047.9869417387383,1092.2597022606603,758,100,5.3900000095367435,5.403508065168515,16.0,0.0,5.009999990463257,5.086246205910474,13.0,0.0,0.0002512328307299564,0.2761057955212891,0.0018130280307862754,2.5697072446346283,0.006805517127456065,0.06732177734375,0.9816145362953346,0.010005896493870145,0.0300750732421875,0.5069063976407051,0.960326075553894
36110.07890584506,765,50135040,50135040,904.4611704244408,1607.9309696434502,758,100,5.3900000095367435,5.403508065168515,16.0,0.0,5.009999990463257,5.086246205910474,13.0,0.0,-4.167795608130592e-05,0.2631602743640542,0.0017595340674840068,2.569163272778193,0.006109865022760156,0.0653076171875,0.9824860971421003,0.009694376834280169,0.0252532958984375,0.46335890889167786,0.961378276348114
36170.078924741596,766,50253312,50200576,1971.1993791860311,1092.2663226658526,758,100,5.3900000095367435,5.403508065168515,16.0,0.0,5.009999990463257,5.086246205910474,13.0,0.0,0.0013352750368843167,0.28069513384252787,0.0019348081380788549,2.5569988042116165,0.008492364138874109,0.081695556640625,0.9811368143806855,0.010492586715069288,0.030487060546875,0.5035741999745369,0.9622407555580139
36251.57799383812,768,50331648,50331648,961.1888929335564,1608.263768568565,763,100,5.320000004768372,5.366339468400119,16.0,0.0,4.579999995231629,5.240572334533988,13.0,0.0,0.0037792940565850586,0.288184797236075,0.00186853307968704,2.559205152094364,0.007179900376286242,0.07702128092447916,0.9814031794667244,0.010431953278991083,0.0323638916015625,0.5270808264613152,0.9635647535324097
36311.580818962306,769,50454784,50397184,2052.17003941302,1092.2152392717942,763,100,5.320000004768372,5.366339468400119,16.0,0.0,4.579999995231629,5.240572334533988,13.0,0.0,0.0021442404201176637,0.24619277690847716,0.001899540566228097,2.5482831870516143,0.006484310364612611,0.06548055013020833,0.9836615100502968,0.010755184058022374,0.0363616943359375,0.5542859733104706,0.9643259048461914
36392.786479748785,771,50528256,50528256,904.7645113458972,1614.074668324388,763,100,5.320000004768372,5.366339468400119,16.0,0.0,4.579999995231629,5.240572334533988,13.0,0.0,0.0005164193001595171,0.2198772009772559,0.0019019291418468736,2.551346704363823,0.006756591628194049,0.06983439127604167,0.9849908438821633,0.01093300043915709,0.036163330078125,0.5609168410301208,0.965537428855896
36452.7865711879,772,50653184,50593792,2082.1301601977493,1092.2650020709505,763,100,5.320000004768372,5.366339468400119,16.0,0.0,4.579999995231629,5.240572334533988,13.0,0.0,0.0005700281908502802,0.31201152068873245,0.0017788560702077423,2.5710702687501907,0.0068691561009472935,0.07120259602864583,0.9774933283527693,0.009954444084238881,0.0301055908203125,0.5059798583388329,0.9661728143692017
36534.37126519531,774,50724864,50724864,878.5961738544756,1606.5758607624698,767,100,4.619999957084656,5.191878256477046,16.0,0.0,4.779999995231629,5.3095761687717875,13.0,0.0,0.0005128490132240888,0.22277709756356973,0.0018023997642255078,2.56924294680357,0.006210418738191947,0.067901611328125,0.9857846448818842,0.010017027797099823,0.0274200439453125,0.483826719224453,0.9672993421554565
36594.37147256918,775,50842880,50790400,1966.9265351804613,1092.262891553575,767,100,4.619999957084656,5.191878256477046,16.0,0.0,4.779999995231629,5.3095761687717875,13.0,0.0,-0.000420329938303136,0.250599173673739,0.0018532879318324074,2.5586867903669677,0.010100057603267487,0.09052022298177084,0.9827821689347426,0.010935683433975404,0.031341552734375,0.5191478505730629,0.9678723812103271
36676.26647828519,777,50921472,50921472,959.6678004094067,1600.4883185980987,767,100,4.619999957084656,5.191878256477046,16.0,0.0,4.779999995231629,5.3095761687717875,13.0,0.0,0.001072222301445436,0.20318775073004267,0.001783446333623336,2.564223115642865,0.006893183054368516,0.07142130533854166,0.9866569675505161,0.009846342485010004,0.0282440185546875,0.48238975554704666,0.969178318977356
36736.26653454825,778,51045888,50987008,2073.598055550491,1092.2656424298884,772,100,5.570000028610229,5.325889609060192,16.0,0.0,4.509999990463257,5.231624885645503,16.0,0.0,0.00021896377196147418,0.2267139378624658,0.0017451694378299483,2.5689525132377944,0.006704105927686517,0.07012430826822916,0.9850292888780435,0.009221210595569573,0.02935791015625,0.494015671312809,0.9697669148445129
36817.29621595703,780,51118080,51118080,890.932788391533,1617.5800980725705,772,100,5.570000028610229,5.325889609060192,16.0,0.0,4.509999990463257,5.231624885645503,16.0,0.0,0.002228160861704964,0.22378336630451182,0.0018122646882450986,2.5565647507707276,0.006078450548860322,0.059300740559895836,0.9867042750120162,0.010226423929755887,0.03424072265625,0.5419627875089645,0.9710984826087952
36877.29666540213,781,51233024,51183616,1915.718983158211,1092.2584848296258,772,100,5.570000028610229,5.325889609060192,16.0,0.0,4.509999990463257,5.231624885645503,16.0,0.0,-9.610977576812725e-05,0.2646615165285766,0.0018540001268168755,2.554344763358434,0.008177978294042987,0.07481892903645833,0.982585858553648,0.011350512213539332,0.032257080078125,0.5196965038776398,0.9719291925430298
36958.88562014699,783,51314688,51314688,1000.9197967466815,1606.491962176492,777,100,4.8,5.471745603180805,16.0,0.0,4.789999997615814,5.128927781740812,13.0,0.0,0.0018489205055326843,0.31429802610849344,0.001980696266400628,2.557984948158264,0.00785457251125384,0.080352783203125,0.9787190059820812,0.010507838713238016,0.03271484375,0.524387814104557,0.9732623100280762
37018.88609720953,784,51432448,51380224,1962.6510615450475,1092.257982077244,777,100,4.8,5.471745603180805,16.0,0.0,4.789999997615814,5.128927781740812,13.0,0.0,0.0011244667172528957,0.2252257453898589,0.0018977263304501926,2.553712449967861,0.006560420952761585,0.06904602050781251,0.9842326280971369,0.010197889282911394,0.0364837646484375,0.5563254356384277,0.9741030931472778
37100.122345661744,786,51511296,51511296,970.6011971537414,1613.466925138687,777,100,4.8,5.471745603180805,16.0,0.0,4.789999997615814,5.128927781740812,13.0,0.0,0.0026248269435503366,0.24832939744616547,0.0019565512993722223,2.5575469310084977,0.006626146742443476,0.06584676106770833,0.9827214740216732,0.010740681473786633,0.0329742431640625,0.5296294912695885,0.9751243591308594
37160.12835201621,787,51633664,51576832,2039.2625244404803,1092.1573352651944,777,100,4.8,5.471745603180805,16.0,0.0,4.789999997615814,5.128927781740812,13.0,0.0,0.00045646858658680384,0.21602327190339565,0.0018306014559736166,2.5596655309200287,0.0072202368725508385,0.0702056884765625,0.985751264418165,0.009766462370559262,0.0321044921875,0.5217651054263115,0.9757328629493713
37241.16806776263,789,51707904,51707904,916.0940326136543,1617.3798093041069,782,100,4.570000004768372,5.1966430733437,13.0,0.0,3.9199999809265136,4.826344346778356,13.0,0.0,0.0010997023406768374,0.23404076307391128,0.0018551296064591345,2.5633485540747643,0.00604594041396922,0.06085713704427083,0.9835622999817133,0.010166993228873858,0.031494140625,0.525370329618454,0.9766086339950562
37301.16825229861,790,51830528,51773440,2043.7270476470992,1092.2633073019988,782,100,4.570000004768372,5.1966430733437,13.0,0.0,3.9199999809265136,4.826344346778356,13.0,0.0,0.0002698826635120592,0.2560684501659125,0.0018728991926764138,2.550726709266504,0.006911894969258962,0.06903584798177083,0.9817358205715816,0.010121517019191135,0.0327301025390625,0.5310630276799202,0.977124035358429
37382.460951630026,792,51904512,51904512,910.0940257670464,1612.3465093173972,787,100,5.439999985694885,5.468674494117445,13.0,0.0,4.699999988079071,4.948737148740745,13.0,0.0,0.0004472653502792432,0.3201989415101707,0.0018758903703807543,2.549175627529621,0.008970997550932225,0.08115132649739584,0.9771800568948189,0.010776444881533582,0.029998779296875,0.5033590123057365,0.9782626628875732
37442.462617293,793,52028416,51970048,2065.0093398400236,1092.2363450393514,787,100,5.439999985694885,5.468674494117445,13.0,0.0,4.699999988079071,4.948737148740745,13.0,0.0,0.0005579376229434273,0.22666337030629316,0.0018516695684714553,2.560547699530919,0.005195006945844701,0.057912190755208336,0.9838876302043597,0.009868767655765017,0.02801513671875,0.49010099470615387,0.9786828756332397
37523.433385085315,795,52101120,52101120,897.9042928984185,1618.7570350844728,787,100,5.439999985694885,5.468674494117445,13.0,0.0,4.699999988079071,4.948737148740745,13.0,0.0,0.0012384455985738898,0.23051183437928555,0.0017648020620981697,2.554970857997735,0.007276378687796144,0.07604471842447917,0.9835337518403928,0.009082525706617162,0.0321044921875,0.5203799530863762,0.9798915982246399
37583.43370180018,796,52224256,52166656,2052.255833667744,1092.2609010788824,791,100,5.839999985694885,5.4767142662934365,13.0,0.0,4.520000028610229,5.1603875614731525,13.0,0.0,0.000800295774145828,0.2024879182378451,0.001831265498670594,2.5524930531779924,0.007415583996892868,0.07631429036458334,0.9858501559744278,0.01021084240831745,0.0321807861328125,0.5272045880556107,0.9805837273597717
37664.69471499324,798,52297728,52297728,904.1482146604396,1612.9752122165335,791,100,5.839999985694885,5.4767142662934365,13.0,0.0,4.520000028610229,5.1603875614731525,13.0,0.0,0.0010661308454776492,0.22041090678734085,0.0017671695046980556,2.562529650827249,0.0074197306906474605,0.06945292154947917,0.9850644612063965,0.010094607258603599,0.03094482421875,0.5131906121969223,0.981602132320404
37724.694920038804,799,52418560,52363264,2013.8597844496787,1092.2629339388088,791,100,5.839999985694885,5.4767142662934365,13.0,0.0,4.520000028610229,5.1603875614731525,13.0,0.0,0.0006365245208144188,0.17773538664914668,0.0016462167125913159,2.573377584417661,0.006140023790067062,0.060114542643229164,0.987872090190649,0.009264341342107704,0.0267333984375,0.4790731221437454,0.9819130301475525
37805.78521878831,801,52494336,52494336,934.4644324727091,1616.3709102230644,796,100,4.229999971389771,5.157237621129485,13.0,0.0,5.030000042915344,5.305572624668237,16.0,0.0,0.00022058811130894657,0.2615736766407887,0.001785287371603772,2.559116827944915,0.00746176093222554,0.07023111979166666,0.9828480401386818,0.00981714310667788,0.032196044921875,0.5285219848155975,0.983039915561676
37865.78535300493,802,52612096,52559872,1962.6622763016683,1092.2642233331023,796,100,4.229999971389771,5.157237621129485,13.0,0.0,5.030000042915344,5.305572624668237,16.0,0.0,8.247592631960285e-05,0.25105209834873676,0.0017757446876203173,2.5555317973097167,0.006434780169001897,0.06921895345052083,0.9832983662684759,0.010084809890637795,0.0318603515625,0.5169239789247513,0.983685314655304
37948.96071191691,804,52690944,52690944,947.9730659586835,1575.8513304248245,796,100,4.229999971389771,5.157237621129485,13.0,0.0,5.030000042915344,5.305572624668237,16.0,0.0,0.0012899348366772756,0.17961902714644867,0.001858168026956264,2.5594704896211624,0.005949955402077952,0.0599365234375,0.9875346204886833,0.010693364437126244,0.030731201171875,0.5095373168587685,0.9846619963645935
38008.96087927185,805,52813056,52756480,2035.1943233362224,1092.2636200714317,796,100,4.229999971389771,5.157237621129485,13.0,0.0,5.030000042915344,5.305572624668237,16.0,0.0,-0.0003820102817068497,0.17170300350214043,0.001660471225477522,2.551498219370842,0.006880386195916799,0.06597391764322917,0.9885694086551665,0.010581918545843411,0.0338287353515625,0.54048091173172,0.9853290915489197
38091.52745498903,807,52887552,52887552,902.2537189282807,1587.4704607947756,800,100,4.16000006198883,5.066991321498769,13.0,0.0,4.409999966621399,5.105085625264162,13.0,0.0,0.002218143873809216,0.2988104368560016,0.0017786263924790546,2.5558312212427454,0.006580652895233167,0.06717427571614584,0.9807715291778246,0.010430388598858068,0.0321502685546875,0.5242234244942665,0.9864914417266846
38151.5276655145,808,53011200,52953088,2060.792769177297,1092.2628341809277,800,100,4.16000006198883,5.066991321498769,13.0,0.0,4.409999966621399,5.105085625264162,13.0,0.0,0.00107794609599902,0.24564580394265553,0.0017544406230930083,2.5429255689183874,0.007463691995629536,0.07923380533854167,0.9853454368809859,0.010562480107182637,0.0326995849609375,0.5259304568171501,0.9871506094932556
38233.483275230974,810,53084160,53084160,890.2380233934532,1599.3047999208702,800,100,4.16000006198883,5.066991321498769,13.0,0.0,4.409999966621399,5.105085625264162,13.0,0.0,0.0018273385345916418,0.22561150315838555,0.001873154871039636,2.5479928900798163,0.009022092795324472,0.0812225341796875,0.9843747261911631,0.011114607700922837,0.029388427734375,0.49569157510995865,0.9881204962730408
38293.48334113695,811,53207808,53149696,2060.7977363519894,1092.2654668863547,805,100,5.6099999904632565,5.509800328858712,13.0,0.0,4.5799999833106995,5.101333238996188,16.0,0.0,0.0016393902042182162,0.21410777303390205,0.001789812644953296,2.553757799168428,0.0074372155571230305,0.07453409830729167,0.9868965937445562,0.010912925053465491,0.03265380859375,0.5263510197401047,0.9886233806610107
38374.02767870575,813,53280768,53280768,905.8364895939986,1627.3273076214994,805,100,5.6099999904632565,5.509800328858712,13.0,0.0,4.5799999833106995,5.101333238996188,16.0,0.0,0.0007644175663396406,0.2454686327061305,0.0018589112017555938,2.5666907976071043,0.0052651364258053945,0.051701863606770836,0.9827219167103369,0.010067314219971498,0.0277862548828125,0.48266982287168503,0.9896188378334045
38434.03261348978,814,53401600,53346304,2013.7010470040368,1092.176839053037,805,100,5.6099999904632565,5.509800328858712,13.0,0.0,4.5799999833106995,5.101333238996188,16.0,0.0,0.00033386825210376025,0.14899337004559735,0.0016446218251076061,2.5821466694275537,0.0056254144850148196,0.051859537760416664,0.9909356478601695,0.00891414662085784,0.0281829833984375,0.4935185834765434,0.9899047017097473
38515.52536973916,816,53477376,53477376,929.8495165399886,1608.3883529340342,810,100,5.57999997138977,5.400333314602982,16.0,0.0,5.590000033378601,5.329343402456992,16.0,0.0,0.0007067339101922698,0.22741880159204206,0.0018575285054491055,2.555579274892807,0.00793085316278545,0.07906595865885417,0.9851263823608557,0.010543371589543918,0.03021240234375,0.5014229863882065,0.9913069009780884
38575.52580596879,817,53596928,53542912,1992.518846737302,1092.2587254063155,810,100,5.57999997138977,5.400333314602982,16.0,0.0,5.590000033378601,5.329343402456992,16.0,0.0,0.0005939825399157902,0.2102211695940544,0.001698559660629447,2.577399196724097,0.006452950368839083,0.06452433268229167,0.9857073370367289,0.009936668133984009,0.027923583984375,0.47689222544431686,0.9918863773345947
38657.24892048165,819,53673984,53673984,942.8911325678084,1603.8546839691626,810,100,5.57999997138977,5.400333314602982,16.0,0.0,5.590000033378601,5.329343402456992,16.0,0.0,0.0009209735859864546,0.2105360155304273,0.001677966391677425,2.564498655498028,0.00611606862366898,0.06455485026041667,0.9870487370838721,0.00994764057880578,0.02783203125,0.486484169960022,0.9927360415458679
38717.24933900125,820,53796096,53739520,2035.1858039141487,1092.2590478029813,814,100,4.970000052452088,5.311223967411766,13.0,0.0,4.570000052452087,5.2139332212869025,16.0,0.0,0.0004662764889265721,0.2651270623318851,0.0017110564695030919,2.568995048602422,0.006298908952279211,0.06071980794270833,0.9825653141985337,0.00970439765175494,0.0279693603515625,0.4850296750664711,0.9932729601860046
38798.13065157831,822,53870592,53870592,921.0533017627433,1620.54739004304,814,100,4.970000052452088,5.311223967411766,13.0,0.0,4.570000052452087,5.2139332212869025,16.0,0.0,0.001994453661609441,0.22304053495948514,0.0017132315903533404,2.551252581179142,0.006726559599580166,0.07314046223958334,0.9858295060694218,0.0103214966172042,0.0309906005859375,0.5097516104578972,0.9944937825202942
38858.13075198978,823,53995008,53936128,2073.5965297852417,1092.264838734613,814,100,4.970000052452088,5.311223967411766,13.0,0.0,4.570000052452087,5.2139332212869025,16.0,0.0,0.000767589973596235,0.21212396646539372,0.0016828151650164123,2.57746584713459,0.008064015471973107,0.07293701171875,0.9860470859954755,0.009222546374076046,0.0295257568359375,0.50248634070158,0.994918167591095
38939.40770472586,825,54067200,54067200,888.2222766694994,1612.6588853006513,819,100,5.2000000238418576,5.416641000038,16.0,0.0,4.389999985694885,5.10861037552799,13.0,0.0,0.0013831554315402175,0.2521556743110219,0.0017440985284338242,2.5591435035069785,0.00580193806126772,0.06305440266927084,0.9830878426631292,0.009530208675035585,0.0321502685546875,0.5239253416657448,0.9959039092063904
38999.408234436065,826,54190336,54132736,2052.2485483834,1092.2570236718302,819,100,5.2000000238418576,5.416641000038,16.0,0.0,4.389999985694885,5.10861037552799,13.0,0.0,0.0009211121371966631,0.19555813780364892,0.001648551415807257,2.554087040325006,0.005143294195780375,0.05333964029947917,0.988331314176321,0.009240600653962852,0.0339813232421875,0.538737952709198,0.9965161681175232
39080.936523580924,828,54263808,54263808,901.1841260333039,1607.6873607284028,819,100,5.2000000238418576,5.416641000038,16.0,0.0,4.389999985694885,5.10861037552799,13.0,0.0,0.0007162865755769114,0.27055088508253294,0.0018201711997486805,2.5589095304409666,0.006061634419893379,0.06471761067708333,0.981593823681275,0.01079374205437489,0.0334625244140625,0.5365540832281113,0.9975671172142029
39140.9370369222,829,54387968,54329344,2069.3156289145136,1092.2573216538462,823,100,4.939999985694885,5.330703433374851,13.0,0.0,3.8000000357627868,4.8846699571243,13.0,0.0,-0.0006095152554432085,0.2271789682563394,0.0017966906537670486,2.5378688002626104,0.008094253923748813,0.07991536458333333,0.9843493849039078,0.010940007293053593,0.0347747802734375,0.5441214740276337,0.9980818629264832
39222.07433759794,831,54460416,54460416,892.906214486212,1615.4345647241714,823,100,4.939999985694885,5.330703433374851,13.0,0.0,3.8000000357627868,4.8846699571243,13.0,0.0,0.001078050062157369,0.19464306789450347,0.0017483712508692406,2.5648121088743205,0.006230093951065403,0.06465657552083333,0.9882402898122867,0.009360672964248806,0.03131103515625,0.511136531829834,0.999180793762207
39282.07477725856,832,54580736,54525952,2005.318639005942,1092.2586629479174,823,100,4.939999985694885,5.330703433374851,13.0,0.0,3.8000000357627868,4.8846699571243,13.0,0.0,8.348873476885887e-05,0.2001509324181825,0.0015549928260346255,2.5749593550960226,0.007006453517533373,0.06684875488281249,0.9879485573619605,0.008868955061188899,0.03033447265625,0.5110753253102303,0.9995058178901672
39362.921178555116,834,54657024,54657024,943.6165219050984,1621.2471785752025,828,100,5.439999914169311,5.485107031186901,16.0,0.0,4.719999980926514,5.346176224386573,13.0,0.0,-0.0011110439360588011,0.1776968784009417,0.0015920531332085375,2.583674371242523,0.007357135336254336,0.0663299560546875,0.988861721009016,0.00864154276981329,0.0295867919921875,0.49946897476911545,1.0002262592315674
39422.92158714123,835,54776320,54722560,1988.2531271229977,1092.2592286340932,828,100,5.439999914169311,5.485107031186901,16.0,0.0,4.719999980926514,5.346176224386573,13.0,0.0,0.000808320631525324,0.20645927924973267,0.0016926395680153898,2.5639342069625854,0.006232970492419553,0.06406656901041667,0.9864577849706013,0.009754182392498478,0.0331573486328125,0.5310116857290268,1.0007253885269165
39504.687824409455,837,54853632,54853632,945.5247371404316,1603.008825880467,828,100,5.439999914169311,5.485107031186901,16.0,0.0,4.719999980926514,5.346176224386573,13.0,0.0,0.001106585618496562,0.2662641434775045,0.0016528421632150032,2.566167563199997,0.007196912189707898,0.06859842936197916,0.9834738603482645,0.01003237275290303,0.0334625244140625,0.5355050414800644,1.0017690658569336
39564.68789406121,838,54977792,54919168,2069.3309311245616,1092.265398696676,833,100,5.459999990463257,5.333704096114238,13.0,0.0,4.350000023841858,5.191098045450352,19.0,0.0,0.0006615815921880615,0.227550590566049,0.001693553202737045,2.549762686093648,0.007391250119932616,0.07471211751302083,0.9850649156918129,0.010204218376505498,0.037200927734375,0.5627138316631317,1.002338171005249
39645.11698412523,840,55050240,55050240,900.7686142207219,1629.6591183074545,833,100,5.459999990463257,5.333704096114238,13.0,0.0,4.350000023841858,5.191098045450352,19.0,0.0,0.0010711251573714737,0.20231453515589237,0.0015397409527698378,2.5622211123506227,0.0068487400737164235,0.06233215332031251,0.9885252409925064,0.0095098664072187,0.0377349853515625,0.5662436932325363,1.0039011240005493
39705.11726874113,841,55169792,55115776,1992.5238816002336,1092.2614854168303,833,100,5.459999990463257,5.333704096114238,13.0,0.0,4.350000023841858,5.191098045450352,19.0,0.0,-0.00018485772792094696,0.24960239798141026,0.001601537717457783,2.5662464151779814,0.006703873511166117,0.069610595703125,0.984894153351585,0.009175165876513347,0.0285797119140625,0.49226442724466324,1.004352331161499
39785.99157502502,843,55246848,55246848,952.7871525662565,1620.6877811093798,838,100,5.749999952316284,5.29221127205984,13.0,0.0,5.220000076293945,5.309576268464747,16.0,0.0,-0.0012656887132228196,0.25300711494249606,0.001634334388654679,2.5498891174793243,0.006714419583052707,0.06711324055989584,0.9848029812177022,0.01018264151449936,0.03515625,0.5471187084913254,1.0053126811981201
39845.99188746512,844,55369728,55312384,2047.989335433545,1092.2609788978907,838,100,5.749999952316284,5.29221127205984,13.0,0.0,5.220000076293945,5.309576268464747,16.0,0.0,0.0012776238036167342,0.2938351465078692,0.001710277304179423,2.5460224002599716,0.006672517531114863,0.0658416748046875,0.9820263075331847,0.01076689606998116,0.0377960205078125,0.5645318478345871,1.0061603784561157
39926.99115063995,846,55443456,55443456,910.2305022313932,1618.1875595224767,838,100,5.749999952316284,5.29221127205984,13.0,0.0,5.220000076293945,5.309576268464747,16.0,0.0,0.0018904780808952637,0.2743753958493471,0.0017404492658291322,2.550479955971241,0.006927156846359139,0.074951171875,0.9824964497238398,0.011213711492018774,0.0370941162109375,0.5569230020046234,1.0075480937957764
39986.991533022374,847,55568128,55508992,2077.853424422893,1092.2597056514592,842,100,4.849999952316284,5.376569471664004,16.0,0.0,5.030000042915344,5.271536759543325,13.0,0.0,0.0014758154769272853,0.24405856019196412,0.0016921376809477806,2.538955733180046,0.008021165694420537,0.077850341796875,0.9844639319926499,0.01122322769757981,0.034271240234375,0.53731669485569,1.0081738233566284
40068.52774788439,849,55640064,55640064,882.2582716371496,1607.5310856876179,842,100,4.849999952316284,5.376569471664004,16.0,0.0,5.030000042915344,5.271536759543325,13.0,0.0,0.0012686995178228246,0.2724820775911212,0.0017577798147006736,2.5362467070420585,0.007943527782723928,0.07480875651041666,0.983601836487651,0.01144723177033787,0.0366363525390625,0.5574257373809814,1.0093220472335815
40128.52806657739,850,55759360,55705600,1988.2561059450434,1092.2608650685218,842,100,4.849999952316284,5.376569471664004,16.0,0.0,5.030000042915344,5.271536759543325,13.0,0.0,0.0020729204491847972,0.2385247161146253,0.001640240676351823,2.5426880220572152,0.00643940718085408,0.067108154296875,0.9853530370940764,0.01104220287137044,0.036956787109375,0.5569748431444168,1.0098618268966675
40210.22378370538,852,55836672,55836672,946.3409186906863,1604.3925508928191,846,100,6.060000038146972,5.6494601132674775,16.0,0.0,5.230000066757202,5.429281754644252,16.0,0.0,0.0014517909124454793,0.2700479772562782,0.0016442754628466598,2.5472968593239784,0.007151263813284459,0.0713653564453125,0.9832954822729032,0.011163466988364235,0.0341033935546875,0.536018006503582,1.011022686958313
40270.223984016106,853,55960320,55902208,2060.7931200173707,1092.2630201334305,846,100,6.060000038146972,5.6494601132674775,16.0,0.0,5.230000066757202,5.429281754644252,16.0,0.0,0.0006153796093713026,0.24278982581260306,0.0016077529629304386,2.568865805864334,0.0064533519131752355,0.058430989583333336,0.9850393260518711,0.01015360156695048,0.0308685302734375,0.5136051774024963,1.0114195346832275
40351.22842945345,855,56033280,56033280,900.6913090521134,1618.0840359111653,846,100,6.060000038146972,5.6494601132674775,16.0,0.0,5.230000066757202,5.429281754644252,16.0,0.0,-4.361134536641961e-05,0.2836678798000018,0.0016445761114785757,2.5663340215881667,0.005970267883943355,0.06970214843750001,0.9806661115338404,0.010117543948581442,0.03173828125,0.5193010941147804,1.0125467777252197
40411.22848464735,856,56157440,56098816,2069.3314297587635,1092.2656618932854,851,100,6.339999985694885,5.54656652458098,16.0,0.0,5.709999966621399,5.381997704904266,16.0,0.0,0.0010183980023915258,0.26349520233149326,0.0016570735485098946,2.57564040273428,0.007741180426213153,0.07059733072916667,0.9809937595079343,0.009817814056683954,0.0321502685546875,0.5244975909590721,1.0130380392074585
40492.39072420262,858,56229888,56229888,892.6318494533989,1614.9381869969618,851,100,6.339999985694885,5.54656652458098,16.0,0.0,5.709999966621399,5.381997704904266,16.0,0.0,0.001078346782984833,0.2875187674847742,0.0017034793139221924,2.5490594804286957,0.00912027205110159,0.08627827962239583,0.9797335018714269,0.011367849636978159,0.035400390625,0.5488747656345367,1.014155387878418
40552.39143306948,859,56349952,56295424,2001.0430254484156,1092.2537622916725,851,100,6.339999985694885,5.54656652458098,16.0,0.0,5.709999966621399,5.381997704904266,16.0,0.0,0.0017986974659531065,0.24499443445044258,0.0015331068085894608,2.5731032341718674,0.007186272453206281,0.07410176595052083,0.9840604228278,0.009837485762545839,0.029296875,0.4953124225139618,1.0145894289016724
40634.521398285404,861,56426496,56426496,931.9862707693133,1595.9096007822354,855,100,4.62000002861023,5.0985880812083835,13.0,0.0,5.219999933242798,5.320864589944608,13.0,0.0,0.0011157853562811701,0.23809328046627345,0.0017483793756885766,2.5476186921199164,0.007924233192170504,0.08089701334635416,0.9827284092704455,0.010541433546071252,0.037933349609375,0.5664251297712326,1.0159125328063965
40694.5216152519,862,56547072,56492032,2009.5927330951415,1092.2627169264463,855,100,4.62000002861023,5.0985880812083835,13.0,0.0,5.219999933242798,5.320864589944608,13.0,0.0,0.0013161205303428385,0.27712120503808063,0.0016670221508926866,2.5570168271660805,0.008752627936701174,0.08228556315104166,0.9806838898609083,0.010613438139747208,0.0333709716796875,0.5265476331114769,1.016588807106018
40776.25399880111,864,56623104,56623104,930.255508261532,1603.6727953868835,855,100,4.62000002861023,5.0985880812083835,13.0,0.0,5.219999933242798,5.320864589944608,13.0,0.0,0.0014684304575591034,0.21817739106093842,0.0015979501222318504,2.565763932963212,0.00805200323278162,0.07872517903645834,0.9846814274787903,0.009624883813861135,0.0350799560546875,0.5484453663229942,1.0175848007202148
40836.254010245204,865,56744448,56688640,2022.399614257886,1092.266458333373,859,100,4.8599999904632565,5.506396210263919,16.0,0.0,4.549999952316284,5.194949428524797,13.0,0.0,0.0006705954607847768,0.2841010002108912,0.0016365954919213739,2.553454784055551,0.007298345749101524,0.06860860188802083,0.9809052832424641,0.010551713940609867,0.0350341796875,0.5435089319944382,1.0182502269744873
40917.63024433702,867,56819712,56819712,924.889199407756,1610.6913948869765,859,100,4.8599999904632565,5.506396210263919,16.0,0.0,4.549999952316284,5.194949428524797,13.0,0.0,0.0005993506177522553,0.2736387912494441,0.0016894118355897567,2.5320635487635927,0.0074517814725065055,0.07065327962239583,0.9807933270931245,0.011152428807690741,0.039031982421875,0.5758520215749741,1.0195051431655884
40977.63029425591,868,56943360,56885248,2060.7982854539514,1092.265757921763,859,100,4.8599999904632565,5.506396210263919,16.0,0.0,4.549999952316284,5.194949428524797,13.0,0.0,0.0017770990016288124,0.3020933493195722,0.0016813658221508376,2.53997416049242,0.008876254147253348,0.08850606282552083,0.9792260471731424,0.01163663545351786,0.0371246337890625,0.5604684352874756,1.0201494693756104
41058.768739171326,870,57016320,57016320,899.2038247227955,1615.4117833616538,864,100,6.190000009536743,5.5887297312188275,13.0,0.0,5.310000038146972,5.302254166776082,16.0,0.0,0.001975525214220397,0.3025009850971401,0.0017287228790034228,2.5427968775232634,0.007603065680693059,0.07966613769531249,0.9793726528684298,0.010805600002640858,0.0348663330078125,0.5434253588318825,1.0210646390914917
41118.76910432801,871,57138176,57081856,2030.920973260656,1092.2600192326217,864,100,6.190000009536743,5.5887297312188275,13.0,0.0,5.310000038146972,5.302254166776082,16.0,0.0,8.861560005849847e-05,0.20743132599939904,0.0016734530084553019,2.54539497445027,0.007559446719218007,0.07402038574218749,0.9862581981966894,0.010886018639818456,0.0388031005859375,0.5766022950410843,1.0216389894485474
41200.05959474482,873,57212928,57212928,919.5663553844444,1612.3903217699847,864,100,6.190000009536743,5.5887297312188275,13.0,0.0,5.310000038146972,5.302254166776082,16.0,0.0,0.0014742358374254156,0.22341762591774264,0.0016724828443936228,2.5496841967105865,0.008164173135204086,0.08197021484375,0.9849916771054268,0.010372843282918135,0.03704833984375,0.5641051530838013,1.0229082107543945
41260.06006314233,874,57335552,57278464,2043.7173787977072,1092.2581398167288,868,100,5.029999947547912,5.439586294497582,13.0,0.0,5.15,5.246665556144687,13.0,0.0,0.0020541598108441876,0.2788997155148536,0.0015348858505603857,2.5518573001027107,0.005352107939567456,0.054896036783854164,0.9827643614262342,0.010265890421578662,0.0345611572265625,0.5427882373332977,1.0234469175338745
41341.35783802718,876,57409536,57409536,910.0372071042655,1612.2458478802212,868,100,5.029999947547912,5.439586294497582,13.0,0.0,5.15,5.246665556144687,13.0,0.0,0.0028313908223935864,0.2589668560152253,0.0015062498326490945,2.5399263029297194,0.007299950305120244,0.07361348470052083,0.9826531944175562,0.01205183896430147,0.035186767578125,0.5451794415712357,1.0243580341339111
41401.358278907835,877,57533440,57475072,2065.0514926457126,1092.258640738228,868,100,5.029999947547912,5.439586294497582,13.0,0.0,5.15,5.246665556144687,13.0,0.0,0.0029180005561405173,0.2658110302872956,0.0015653949449188076,2.5414356241623564,0.00850972579125179,0.08624267578125,0.9809072228769461,0.01170595342409797,0.034210205078125,0.5358786657452583,1.0250589847564697
41482.91019681282,879,57606144,57606144,891.5057041908419,1607.2215512172925,873,100,5.499999976158142,5.408327040291027,13.0,0.0,5.6099999904632565,5.471553664599065,16.0,0.0,0.003715603840343344,0.2341294396513452,0.0016193659903365187,2.5455903286735215,0.006887773157359334,0.07611083984374999,0.9836999146888654,0.01060493857949041,0.03424072265625,0.5364561900496483,1.0260958671569824
41542.91065690108,880,57727744,57671680,2026.6511260270656,1092.25829107985,873,100,5.499999976158142,5.408327040291027,13.0,0.0,5.6099999904632565,5.471553664599065,16.0,0.0,0.0012475379359481544,0.2778119888001432,0.001712962318075976,2.5315308695038157,0.00799795533384895,0.07622782389322916,0.980484134828051,0.012170231202617288,0.0370941162109375,0.5618602484464645,1.0266616344451904
41624.854680500925,882,57802752,57802752,915.3565654315637,1599.530926624439,873,100,5.499999976158142,5.408327040291027,13.0,0.0,5.6099999904632565,5.471553664599065,16.0,0.0,0.002400055217246215,0.27650055817017954,0.0017402296361979097,2.5240283037225404,0.008334931989641822,0.07806396484375,0.9817044828087091,0.011867701881177101,0.0453033447265625,0.6202194541692734,1.0283232927322388
41684.8548631873,883,57925632,57868288,2047.993764324101,1092.263340972854,877,100,5.539999961853027,5.546927112384364,16.0,0.0,4.610000014305115,5.353307409919544,16.0,0.0,5.326056149594179e-05,0.20725815921711424,0.0015134443965507671,2.5442130267620087,0.008130738512894217,0.07246907552083334,0.9866278277089199,0.011104841076303273,0.0375518798828125,0.5655147433280945,1.0288541316986084
41765.63527541049,885,57999360,57999360,912.6965061318974,1622.5715664567067,877,100,5.539999961853027,5.546927112384364,16.0,0.0,4.610000014305115,5.353307409919544,16.0,0.0,0.0009549436836095992,0.25466279584604007,0.0016451351148134565,2.536359027028084,0.0062574591629527285,0.062398274739583336,0.9823522220055262,0.010882127564400434,0.0390777587890625,0.5766370818018913,1.0300759077072144
41825.63549900614,886,58124544,58064896,2086.39222486294,1092.2625962472653,882,100,5.599999976158142,5.556977553616862,16.0,0.0,5.570000076293946,5.470383890553806,16.0,0.0,0.0020840628785663284,0.31234327346707386,0.0016324891827631898,2.5390099212527275,0.008604040616774,0.0784912109375,0.978631321961681,0.01103537892534708,0.03765869140625,0.5612825751304626,1.0307495594024658
41907.180442785844,888,58195968,58195968,875.8850848306597,1607.3590087214973,882,100,5.599999976158142,5.556977553616862,16.0,0.0,5.570000076293946,5.470383890553806,16.0,0.0,0.0010882868652212587,0.17544514352145293,0.0014797656537363462,2.546566193302472,0.008291050003511677,0.0761871337890625,0.9894652552902699,0.010317173631240923,0.0306396484375,0.5087633430957794,1.031741738319397
41967.18046159297,889,58318592,58261504,2043.7326927209583,1092.266324293456,882,100,5.599999976158142,5.556977553616862,16.0,0.0,5.570000076293946,5.470383890553806,16.0,0.0,-0.0001864851656137034,0.2160608461126685,0.0015634069374452035,2.533339743812879,0.00860729437590635,0.0799713134765625,0.9859169156601031,0.010741302607736241,0.037353515625,0.5615016296505928,1.03232741355896
42048.188519505784,891,58392576,58392576,913.2918614050521,1618.0118790290196,886,100,5.449999976158142,5.5414348439918175,16.0,0.0,5.459999990463257,5.559532344865824,16.0,0.0,0.00027887577016372244,0.18048907521491248,0.0014388550540995009,2.551612143715223,0.006495935513157748,0.06702168782552083,0.9888777260979016,0.01085276662100417,0.0347747802734375,0.5431956946849823,1.0334855318069458
42108.18858698942,892,58514432,58458112,2030.9310490898815,1092.2654381659868,886,100,5.449999976158142,5.5414348439918175,16.0,0.0,5.459999990463257,5.559532344865824,16.0,0.0,0.0016177835980973518,0.19645893674654266,0.0014737466978355467,2.5425383175412817,0.0066026312282095505,0.0653839111328125,0.9880701856066784,0.011486291662246611,0.0373992919921875,0.5664577037096024,1.0340056419372559
42189.8188730292,894,58589184,58589184,915.7385527666503,1605.6785582757705,886,100,5.449999976158142,5.5414348439918175,16.0,0.0,5.459999990463257,5.559532344865824,16.0,0.0,0.002533035525023782,0.26950631888272863,0.0015843467820862618,2.55963288495938,0.005742179014002128,0.06134541829427083,0.9819322563707829,0.010297199876125282,0.032379150390625,0.5256665721535683,1.0348178148269653
42249.819930749014,895,58709760,58654720,2009.5645740622822,1092.2474118045525,890,100,4.1800000190734865,5.2675990609668535,16.0,0.0,4.980000019073486,5.124412126585537,16.0,0.0,0.00042248340954150387,0.23721763864159584,0.0015267465605575126,2.5562370866537094,0.007767945876063702,0.0771331787109375,0.9839466586709023,0.010020411767375966,0.0317840576171875,0.5167510956525803,1.0352411270141602
42330.9656197615,897,58785792,58785792,936.98138404252,1615.2675711440074,890,100,4.1800000190734865,5.2675990609668535,16.0,0.0,4.980000019073486,5.124412126585537,16.0,0.0,0.0033619333189562894,0.24550420503752926,0.0017528335047245491,2.553982985516389,0.006027719134484262,0.061426798502604164,0.9827780400713285,0.00951183243402435,0.033172607421875,0.531787320971489,1.0361576080322266
42390.96606525406,898,58907392,58851328,2026.65161902951,1092.25855678222,890,100,4.1800000190734865,5.2675990609668535,16.0,0.0,4.980000019073486,5.124412126585537,16.0,0.0,0.00046905457080962764,0.24717657011933625,0.0015997498085198458,2.542492759724458,0.008828021808464353,0.0811767578125,0.9840208652118841,0.010110806217805173,0.031036376953125,0.504920519888401,1.0367329120635986
42471.73667061515,900,58982400,58982400,928.6546716428942,1622.7685729732486,894,100,5.590000081062317,5.641090389369688,13.0,0.0,4.9,5.135172751784568,13.0,0.0,1.5572330691308422e-05,0.2079029061521093,0.001541679634101456,2.5495454693833985,0.00785145748826229,0.07426961263020833,0.9859240042666594,0.009977761908279112,0.0311279296875,0.5119194760918617,1.037701964378357
42531.73702372797,901,59101952,59047936,1992.5216069180472,1092.2602384818417,894,100,5.590000081062317,5.641090389369688,13.0,0.0,4.9,5.135172751784568,13.0,0.0,0.00017669648029065377,0.20982536347582936,0.0016165273736987729,2.546107692023118,0.006463524793313506,0.065093994140625,0.9848973955959082,0.010557406494626774,0.03265380859375,0.5263683795928955,1.0381214618682861
42613.84247253835,903,59179008,59179008,938.5004420103105,1596.3861339178702,894,100,5.590000081062317,5.641090389369688,13.0,0.0,4.9,5.135172751784568,13.0,0.0,0.0012831142036399494,0.21173843927681446,0.0015973611734807491,2.551385921736558,0.008087338335220315,0.07669067382812501,0.9871356027821699,0.009904619888402523,0.0355072021484375,0.5502090752124786,1.0393251180648804
42673.843408845365,904,59305216,59244544,2103.4338423356994,1092.2496219836491,894,100,5.590000081062317,5.641090389369688,13.0,0.0,4.9,5.135172751784568,13.0,0.0,0.0017247059901516577,0.18985405432370803,0.0015196514165533397,2.538266862432162,0.0059667281851337375,0.06177775065104167,0.9880654557297628,0.010109022434335202,0.035675048828125,0.5479227676987648,1.0399127006530762
42754.09823491052,906,59375616,59375616,877.2058136771427,1633.1977331007167,899,100,4.669999980926514,5.357340682384894,13.0,0.0,4.490000015497207,5.066547174498547,16.0,0.0,0.0012802123431659613,0.2885804186419894,0.0016946674998810825,2.5304254914323487,0.009350010426715016,0.08092753092447916,0.9800722251335781,0.01109799057788526,0.0327911376953125,0.5252704173326492,1.041003704071045
42814.09835115448,907,59496192,59441152,2009.596106609894,1092.2645505140824,899,100,4.669999980926514,5.357340682384894,13.0,0.0,4.490000015497207,5.066547174498547,16.0,0.0,0.0018270197081922863,0.2827636432678749,0.0016190966016438324,2.555196836590767,0.007857902806790662,0.07367451985677083,0.9798149385799964,0.010670470500675341,0.032562255859375,0.5231056585907936,1.0415111780166626
42895.64368034154,909,59572224,59572224,932.3893932119918,1607.3514118671374,899,100,4.669999980926514,5.357340682384894,13.0,0.0,4.490000015497207,5.066547174498547,16.0,0.0,0.003481175937243582,0.25182990869507194,0.0016712894830561709,2.550886017580827,0.007221517191283056,0.06882222493489584,0.9819311207781235,0.011239736350641277,0.0324554443359375,0.5197933912277222,1.042478322982788
42955.64554391056,910,59693568,59637760,2022.3371872511227,1092.232742481619,904,100,4.53000009059906,5.267741471232451,16.0,0.0,4.449999976158142,5.0919053555832425,13.0,0.0,0.0012058749998686835,0.24631190137006342,0.0016961859316021826,2.5423111766576767,0.007423208491066665,0.07864888509114583,0.9816024856021006,0.011050663316079104,0.0389556884765625,0.5795911997556686,1.04302179813385
43037.0193536859,912,59768832,59768832,924.9167540243482,1610.7393811580484,904,100,4.53000009059906,5.267741471232451,16.0,0.0,4.449999976158142,5.0919053555832425,13.0,0.0,0.002278442380581206,0.17071363135861853,0.0015780664810639187,2.541208195189635,0.007672938225368853,0.073211669921875,0.988213274627924,0.010286324822421497,0.0370330810546875,0.5606022775173187,1.0439947843551636
43097.01981002092,913,59890432,59834368,2026.6512528008975,1092.258359404273,904,100,4.53000009059906,5.267741471232451,16.0,0.0,4.449999976158142,5.0919053555832425,13.0,0.0,0.00022091599627553174,0.20502450115357834,0.0017069636390563878,2.5212061355511346,0.008595286644776934,0.08637491861979166,0.9840970418105522,0.011473222587180013,0.040802001953125,0.5905399769544601,1.0446064472198486
43178.36257788725,915,59965440,59965440,922.1225434971875,1611.3540691827986,909,100,4.029999947547912,5.273433365920157,16.0,0.0,4.179999971389771,5.034640051997408,16.0,0.0,0.0029353759916072404,0.3340950709146758,0.0018006169787743906,2.509286100665728,0.009271080566880602,0.08599853515625,0.9765140302479267,0.011626055502953628,0.042999267578125,0.6012318134307861,1.046040415763855
43238.362892817706,916,60086272,60030976,2013.8560962564254,1092.260933562807,909,100,4.029999947547912,5.273433365920157,16.0,0.0,4.179999971389771,5.034640051997408,16.0,0.0,0.00044585230837886536,0.2592058530232559,0.0016267361619005292,2.538506679236889,0.007588861233671196,0.0722503662109375,0.9827061531444391,0.010715370968682691,0.0369110107421875,0.5580025315284729,1.0465943813323975
43320.00036560558,918,60162048,60162048,928.2011974684408,1605.5372064318976,909,100,4.029999947547912,5.273433365920157,16.0,0.0,4.179999971389771,5.034640051997408,16.0,0.0,0.0010112764794030227,0.20878270532314977,0.0015155034670897294,2.560501483579477,0.007021731125253912,0.076171875,0.9870299889395634,0.010209281948239854,0.037078857421875,0.5665339976549149,1.047691822052002
43380.000530373305,919,60285184,60227584,2052.26103089357,1092.2636671699665,914,100,5.3700000762939455,5.738736906286619,16.0,0.0,4.869999980926513,5.2529134241329265,13.0,0.0,0.0008102280698949472,0.23496635809230307,0.0016781374906713609,2.5474938849608106,0.006846010983281304,0.06715901692708334,0.9838825991998116,0.010702142365820084,0.0347442626953125,0.5373421162366867,1.0483651161193848
43461.35593313351,921,60358656,60358656,903.0992104673893,1611.1038179766667,914,100,5.3700000762939455,5.738736906286619,16.0,0.0,4.869999980926513,5.2529134241329265,13.0,0.0,0.001875868267234182,0.2485177240644892,0.0016668254332519912,2.560858887930711,0.008098862096327744,0.07237752278645834,0.9826456997543573,0.010034553027556589,0.0367279052734375,0.5625807046890259,1.0496258735656738
43521.36009911634,922,60480256,60424192,2026.5259587942683,1092.1908325291213,914,100,5.3700000762939455,5.738736906286619,16.0,0.0,4.869999980926513,5.2529134241329265,13.0,0.0,0.0021436627454628856,0.2919223938758175,0.001854842058188903,2.535059774915377,0.007331075813150771,0.07321675618489583,0.9785865402470032,0.011845522851217536,0.0344085693359375,0.5335335433483124,1.0501500368118286
43602.681203244254,924,60555264,60555264,922.3681946326806,1611.7833298700766,919,100,5.459999990463257,5.367345612803058,16.0,0.0,5.210000061988831,5.312805285684252,16.0,0.0,0.0006831663510335299,0.2792370405513793,0.0017265021633647848,2.5366815899809203,0.006957086088732467,0.06961568196614583,0.9800544194877148,0.011424824207400283,0.0351715087890625,0.5417397320270538,1.0514346361160278
43662.68156195246,925,60675584,60620800,2005.3213445797396,1092.260136622156,919,100,5.459999990463257,5.367345612803058,16.0,0.0,5.210000061988831,5.312805285684252,16.0,0.0,0.0011900398264212222,0.25409729522652924,0.0015848316907067783,2.54377019405365,0.008259553065120901,0.07280985514322917,0.9834220862636964,0.011208313206831615,0.036529541015625,0.5579885691404343,1.051895260810852
43743.675688598305,927,60751872,60751872,941.8954578468882,1618.2901826094187,919,100,5.459999990463257,5.367345612803058,16.0,0.0,5.210000061988831,5.312805285684252,16.0,0.0,5.09732841843894e-05,0.2393590552577128,0.0016991414013318715,2.5489485984047255,0.00762503743074679,0.08222452799479166,0.981241694961985,0.010816112742759287,0.0330352783203125,0.5281021073460579,1.0528571605682373
43803.67589348182,928,60870912,60817408,1983.9932252082106,1092.2629368888213,919,100,5.459999990463257,5.367345612803058,16.0,0.0,5.210000061988831,5.312805285684252,16.0,0.0,0.0033315044517318406,0.26768835657276213,0.0016678430644484858,2.541800523797671,0.00882540647156323,0.08693949381510416,0.9787795736143986,0.010989110897450399,0.0340576171875,0.5350649505853653,1.0533552169799805
43886.4009934105,930,60948480,60948480,937.6597920930483,1584.4284275631708,923,100,4.5299999713897705,5.3074571083973785,13.0,0.0,5.160000038146973,5.26064642391972,19.0,0.0,0.002602184720065755,0.2970469558301071,0.0017789939277766582,2.5218941246469817,0.008855158204217636,0.08896891276041667,0.9764240415145954,0.012446287815691903,0.0403289794921875,0.5821853280067444,1.0545202493667603
43946.40137249045,931,61070848,61014016,2039.453781399279,1092.2597657703252,923,100,4.5299999713897705,5.3074571083973785,13.0,0.0,5.160000038146973,5.26064642391972,19.0,0.0,0.0001265945320483298,0.2356976302495847,0.0015826243349389795,2.5312825540701547,0.009174946785302987,0.09347025553385417,0.9833925676842531,0.010746842851707092,0.0335540771484375,0.5248712971806526,1.0552550554275513
44027.2765753977,933,61145088,61145088,917.9575114654263,1620.669813345856,923,100,4.5299999713897705,5.3074571083973785,13.0,0.0,5.160000038146973,5.26064642391972,19.0,0.0,0.0011116186433355322,0.24251937307417396,0.0016091589131974615,2.5460374106963477,0.007782956414909374,0.07465108235677084,0.9814286672820648,0.011087473064738637,0.038970947265625,0.5743891298770905,1.056349754333496
44087.276813982055,934,61268224,61210624,2052.258506053817,1092.26232338831,928,100,4.509999966621399,5.373071633022341,16.0,0.0,4.82999997138977,5.285934141196437,16.0,0.0,0.0003068371527964094,0.21309815525698167,0.0015739910571331468,2.551132927338282,0.0086924386487226,0.07818094889322917,0.9845801275223494,0.010347308125346899,0.03521728515625,0.5424213334918022,1.0567777156829834
44168.650917744264,936,61341696,61341696,902.8916645853224,1610.7335619083103,928,100,4.509999966621399,5.373071633022341,16.0,0.0,4.82999997138977,5.285934141196437,16.0,0.0,0.0037681256483968655,0.29057927057147026,0.0017749027756508442,2.5452105179429054,0.005807197943189142,0.06233723958333333,0.9773293398320674,0.010319095958645146,0.0309295654296875,0.5064139515161514,1.0577069520950317
44228.653355292976,937,61465088,61407232,2056.4497883911204,1092.2222942492258,928,100,4.509999966621399,5.373071633022341,16.0,0.0,4.82999997138977,5.285934141196437,16.0,0.0,0.0012415170664705024,0.1985721610641728,0.0016652327224922678,2.554593769212564,0.008095172326041697,0.07677205403645833,0.9851444450517496,0.010081283709344765,0.028594970703125,0.4861927554011345,1.0580406188964844
44310.07049291767,939,61538304,61538304,899.2701307862205,1609.8821921767305,934,100,4.769999957084655,5.328892954615817,16.0,0.0,5.2,5.26497865445435,16.0,0.0,0.0013034410476393536,0.215443915532281,0.0016759369403492503,2.545798823237419,0.007409107790711763,0.07407124837239583,0.9828252090762059,0.010438726361220082,0.036224365234375,0.5565973073244095,1.0590605735778809
44370.07089210488,940,61658112,61603840,1996.7867151381295,1092.2593997336776,934,100,4.769999957084655,5.328892954615817,16.0,0.0,5.2,5.26497865445435,16.0,0.0,0.0004276857592534119,0.2232067797643443,0.0017177972076751757,2.5411925092339516,0.007386214497576778,0.07259623209635416,0.9810007450481255,0.010727280634455383,0.037353515625,0.5641778409481049,1.0595800876617432
44451.66997863725,942,61734912,61734912,941.1870066650131,1606.2924913749557,934,100,4.769999957084655,5.328892954615817,16.0,0.0,5.2,5.26497865445435,16.0,0.0,0.0009903958610569439,0.23485835152678192,0.001659604886905678,2.5468619664510093,0.007072176479899402,0.071136474609375,0.9806926567107439,0.010698311515928555,0.0370330810546875,0.5597672164440155,1.0604217052459717
44511.66998773441,943,61859840,61800448,2082.133017641751,1092.2665010579678,934,100,4.769999957084655,5.328892954615817,16.0,0.0,5.2,5.26497865445435,16.0,0.0,0.00020845766024043158,0.19913400360383093,0.0015377348099718802,2.5563658724228544,0.005222723389427604,0.053660074869791664,0.9858225472271442,0.009936797549016774,0.0345611572265625,0.5412839651107788,1.0607872009277344
44593.06123012118,945,61931520,61931520,880.6844311255852,1610.3943883439272,938,100,5.309999990463257,5.583359227623106,16.0,0.0,4.6099999904632565,5.296970795601694,16.0,0.0,0.0013908168160317775,0.2870404585264623,0.001627692066297944,2.528030882279078,0.008888622553664996,0.08143615722656251,0.9772905595600604,0.01160798012278974,0.0367279052734375,0.5568204820156097,1.0617698431015015
44653.061676254496,946,62054400,61997056,2047.9847720960568,1092.2585451178968,938,100,5.309999990463257,5.583359227623106,16.0,0.0,4.6099999904632565,5.296970795601694,16.0,0.0,0.0008314582373714074,0.1552070801456769,0.0015872345162885417,2.5372435400883355,0.006226193610321691,0.06859842936197917,0.988319003333648,0.011134448373923078,0.0309295654296875,0.5055544525384903,1.0622687339782715
44733.86595470831,948,62128128,62128128,912.4269334592619,1622.092326149799,938,100,5.309999990463257,5.583359227623106,16.0,0.0,4.6099999904632565,5.296970795601694,16.0,0.0,0.0012254837129148655,0.24144277240460116,0.001603690250097619,2.528630370895068,0.006141116394549802,0.0611419677734375,0.981146247436603,0.011893455686125284,0.03546142578125,0.5452898517251015,1.0630840063095093
44793.8664233461,949,62247424,62193664,1988.2511371728774,1092.2581354426109,943,100,5.590000009536743,5.630444130584583,16.0,0.0,5.190000009536743,5.358535381268882,16.0,0.0,0.0011973955697612837,0.2000729782351603,0.0014832981469226068,2.531196907162666,0.007360400040852255,0.07256571451822917,0.9847377979507049,0.010442394918451706,0.03863525390625,0.5726689398288727,1.0635617971420288
44876.02843318321,951,62324736,62324736,940.9701655701767,1595.2871681189752,943,100,5.590000009536743,5.630444130584583,16.0,0.0,5.190000009536743,5.358535381268882,16.0,0.0,0.001097242486139294,0.23580131951409083,0.0015548988667433152,2.5275788083672523,0.00813543307534322,0.07495625813802083,0.9826330672949553,0.011852448156181103,0.0362701416015625,0.5565473586320877,1.0643309354782104
44936.02849348821,952,62452480,62390272,2129.0645267794184,1092.2655688487596,943,100,5.590000009536743,5.630444130584583,16.0,0.0,5.190000009536743,5.358535381268882,16.0,0.0,-0.0005472582427804202,0.1913895084677885,0.0015449611613197096,2.532775496443113,0.007855743352896145,0.07321675618489583,0.9856159817427396,0.01151646938524209,0.0352325439453125,0.5414794608950615,1.0648956298828125
45016.404102174565,954,62521344,62521344,856.777337372605,1630.7434822854043,948,100,5.17000002861023,5.409353074742962,13.0,0.0,4.480000007152557,5.191300292007732,16.0,0.0,9.935793180678348e-05,0.304459412349388,0.0016927375496986012,2.513224706053734,0.006505457424888542,0.06734720865885417,0.9754074215888977,0.011117093585198745,0.0356903076171875,0.5436793193221092,1.0660192966461182
45076.40432775766,955,62642944,62586880,2026.6590469997834,1092.2625600672518,948,100,5.17000002861023,5.409353074742962,13.0,0.0,4.480000007152557,5.191300292007732,16.0,0.0,0.0015574213963797472,0.23186450048039356,0.0016372155951103196,2.519473674396674,0.007822906798537588,0.0763397216796875,0.9813866590460141,0.01176141591470999,0.038421630859375,0.5703063607215881,1.0664904117584229
45157.1668136213,957,62717952,62717952,928.748034410967,1622.9317188341813,948,100,5.17000002861023,5.409353074742962,13.0,0.0,4.480000007152557,5.191300292007732,16.0,0.0,-4.982866084901619e-05,0.24223461064199608,0.0016556363516428974,2.5194475253423056,0.007816101137602042,0.07557169596354166,0.9825166619072359,0.011150906444527209,0.0367279052734375,0.5554072260856628,1.0676467418670654
45217.167217802256,958,62840064,62783488,2035.1862902742287,1092.2593088264205,948,100,5.17000002861023,5.409353074742962,13.0,0.0,4.480000007152557,5.191300292007732,16.0,0.0,0.0022496951981641664,0.2517219039921959,0.0016332518583415854,2.5275571073095002,0.009564332059502098,0.090667724609375,0.9813298707207043,0.010893170721828938,0.03729248046875,0.5571658313274384,1.0682446956634521
45298.37417594902,960,62914560,62914560,917.3598137411196,1614.048881908774,953,100,5.210000038146973,5.463140181050224,16.0,0.0,5.570000052452087,5.154134278761833,13.0,0.0,0.0017452846817225995,0.2756654549545298,0.0015781582769704983,2.521018519997597,0.00813356997302132,0.07816569010416667,0.981609653060635,0.011300613958155736,0.03765869140625,0.5672389268875122,1.0691070556640625
45358.37451460026,961,63037184,62980096,2043.7217981846516,1092.2605017437804,953,100,5.210000038146973,5.463140181050224,16.0,0.0,5.570000052452087,5.154134278761833,13.0,0.0,0.0012844004013459198,0.23513100955945748,0.0015106641476450022,2.527064546942711,0.008017050764465239,0.072784423828125,0.9841984286904335,0.010713663252924258,0.038421630859375,0.5732703804969788,1.069641351699829
45439.81210101023,963,63111168,63111168,908.4748610739953,1609.477954567078,953,100,5.210000038146973,5.463140181050224,16.0,0.0,5.570000052452087,5.154134278761833,13.0,0.0,0.001450725605536718,0.23978029269104204,0.0016875224973773584,2.5094131802519164,0.008953386509650349,0.08087666829427084,0.9809755738824606,0.012331554151993865,0.03900146484375,0.570778951048851,1.0709432363510132
45499.81225019321,964,63233536,63176704,2039.4615957841859,1092.2639508802333,958,100,5.309999966621399,5.496717236349624,13.0,0.0,5.0299999713897705,5.288582025008876,13.0,0.0,0.0010777675512751255,0.16476573632098734,0.0015921051478168617,2.534884129961332,0.006693266685639779,0.0756683349609375,0.9877365579207738,0.01069954305421561,0.027740478515625,0.4723454564809799,1.071510910987854
45581.338342109695,966,63307776,63307776,910.6287110640565,1607.7306898786098,958,100,5.309999966621399,5.496717236349624,13.0,0.0,5.0299999713897705,5.288582025008876,13.0,0.0,0.00031061160310249153,0.18384141280936697,0.0015152607945007426,2.5225197250644364,0.006923785795758401,0.07577514648437501,0.9865220909317335,0.010990945855155589,0.034881591796875,0.544294536113739,1.0724201202392578
45641.33842208423,967,63426560,63373312,1979.7306945327327,1092.26521077668,958,100,5.309999966621399,5.496717236349624,13.0,0.0,5.0299999713897705,5.288582025008876,13.0,0.0,-0.0005065175779842928,0.15065712986203533,0.0013896251657570247,2.5395613188544908,0.006190030692475072,0.0630340576171875,0.9898204803466797,0.009998364131509636,0.030120849609375,0.501757800579071,1.0728421211242676
45723.06829627417,969,63504384,63504384,952.2099571465669,1603.7220330889547,963,100,4.909999966621399,5.521041569658708,16.0,0.0,5.320000028610229,5.259049360257768,13.0,0.0,0.0019612640341316965,0.2650504414923489,0.001436303231457714,2.5170924216508865,0.006922888189365039,0.07615152994791667,0.982762803013126,0.01113791496027261,0.0368499755859375,0.5516103208065033,1.073909878730774
45783.068405564874,970,63625472,63569920,2018.1296572864787,1092.264677093739,963,100,4.909999966621399,5.521041569658708,16.0,0.0,5.320000028610229,5.259049360257768,13.0,0.0,0.0016881629320171974,0.20315728693579635,0.0014772128318630469,2.5287686487038927,0.0074114692791530015,0.07419840494791666,0.985394636169076,0.011401646537706254,0.0330352783203125,0.5218133106827736,1.0744467973709106
45864.686021709815,972,63700992,63700992,925.2904405574425,1605.927815475968,963,100,4.909999966621399,5.521041569658708,16.0,0.0,5.320000028610229,5.259049360257768,13.0,0.0,0.0001723564758625192,0.2751188539744665,0.0015633714974683242,2.50225917249918,0.010147074307193785,0.09149678548177083,0.9804987050592899,0.011444062033357719,0.0414276123046875,0.5849511027336121,1.0758042335510254
45924.68816062622,973,63823360,63766528,2039.393965113262,1092.2277302698642,967,100,5.389999914169311,5.716458547302785,16.0,0.0,4.5699999809265135,5.2368979752256175,13.0,0.0,0.00019323031301610175,0.19174919129970172,0.001354443680611439,2.5417165507872896,0.0069294418511465965,0.06504313151041666,0.988406236593922,0.010262652494323751,0.0375518798828125,0.5627475678920746,1.0762240886688232
46006.14498874545,975,63897600,63897600,911.403030465788,1609.0977641327015,967,100,5.389999914169311,5.716458547302785,16.0,0.0,4.5699999809265135,5.2368979752256175,13.0,0.0,0.0024422227446242077,0.24026749857390922,0.001475185052792464,2.539271391928196,0.008807159966939556,0.08177693684895833,0.9838392039140065,0.010141686458761493,0.0337677001953125,0.5327458679676056,1.0771117210388184
46066.14520296827,976,64016896,63963136,1988.259567823854,1092.2627668731902,967,100,5.389999914169311,5.716458547302785,16.0,0.0,4.5699999809265135,5.2368979752256175,13.0,0.0,0.0011765618983190507,0.22283066964397827,0.0015226312510397595,2.5270109648505845,0.0069096042552700965,0.06700134277343751,0.985145203769207,0.010577440795411045,0.03631591796875,0.5484835207462311,1.0778127908706665
46146.741974990815,978,64094208,64094208,959.2443724467465,1626.2686049428285,972,100,5.239999985694885,5.727337847297642,19.0,0.0,4.889999961853027,5.247656652659891,13.0,0.0,0.00015380774736210398,0.20702701822544137,0.0014016620589245574,2.541391300658385,0.005168063224724999,0.05432128906249999,0.9853618312627076,0.010774799496478712,0.0312652587890625,0.510360911488533,1.0784049034118652
46206.742427069694,979,64216576,64159744,2039.4513001190453,1092.2584368838402,972,100,5.239999985694885,5.727337847297642,19.0,0.0,4.889999961853027,5.247656652659891,13.0,0.0,0.00021885415238405897,0.18737645144574344,0.0015052631570142692,2.515780198077361,0.009152124851122306,0.079498291015625,0.987543523311615,0.01143769880097049,0.0403900146484375,0.5831931084394455,1.0789824724197388
46287.81672075391,981,64290816,64290816,915.7033213161988,1616.6900017720475,972,100,5.239999985694885,5.727337847297642,19.0,0.0,4.889999961853027,5.247656652659891,13.0,0.0,0.0011356761751812883,0.18356037706447142,0.0013800142902861505,2.542902206381162,0.006408461590884447,0.06516520182291667,0.9878384352972109,0.010234904397899905,0.033233642578125,0.5262378305196762,1.0798646211624146
46347.81694588438,982,64414464,64356352,2060.7922675478517,1092.262568306936,972,100,5.239999985694885,5.727337847297642,19.0,0.0,4.889999961853027,5.247656652659891,13.0,0.0,0.000664376435452141,0.19092595088295636,0.001439896047183235,2.5415000170469284,0.008475958858980448,0.08587646484374999,0.9863769753525654,0.010934790538158268,0.0345458984375,0.5367672592401505,1.0803626775741577
46430.86699584499,984,64487424,64487424,878.5063950545666,1578.229032519081,977,100,4.750000023841858,5.570233246656504,19.0,0.0,5.1999999523162845,5.366563141669513,16.0,0.0,0.0033297080857058368,0.24520857244109115,0.0015205706719522518,2.5362238511443143,0.007487236756181422,0.07047526041666667,0.9828756557156643,0.010682457737857476,0.036529541015625,0.5594042539596558,1.0811216831207275
46490.867302397266,985,64605696,64552960,1971.1899287873478,1092.261086081301,977,100,4.750000023841858,5.570233246656504,19.0,0.0,5.1999999523162845,5.366563141669513,16.0,0.0,0.0025131296351901256,0.258467859433343,0.0016577256525730868,2.5189061189691224,0.009061007556738332,0.08105977376302084,0.9795158654451369,0.01160821769735776,0.0410919189453125,0.5855277627706528,1.0817914009094238
46572.75400186889,987,64684032,64684032,956.6388742673262,1600.650665440755,982,100,4.999999952316284,5.447935346970557,16.0,0.0,5.409999990463257,5.39647107145561,16.0,0.0,-0.0003865640755975619,0.18948774319142103,0.001474555726114583,2.5439530114332833,0.0068576012684692005,0.06831868489583334,0.9871980908016365,0.009899139025947079,0.0361785888671875,0.5562387555837631,1.0825906991958618
46632.754263650626,988,64804864,64749568,2013.8578801464273,1092.2619010963674,982,100,4.999999952316284,5.447935346970557,16.0,0.0,5.409999990463257,5.39647107145561,16.0,0.0,-0.0004915229243730815,0.20114867792775232,0.001520884994533844,2.5407204280296964,0.006854864638929333,0.0645599365234375,0.9853066559880973,0.010459156415890904,0.0407562255859375,0.5896579623222351,1.0830605030059814
46713.46727421321,990,64880640,64880640,938.8325311102636,1623.9265402988344,982,100,4.999999952316284,5.447935346970557,16.0,0.0,5.409999990463257,5.39647107145561,16.0,0.0,0.0026062569328738996,0.19325355013522008,0.0015314894044422542,2.5230723222096763,0.007070917936895663,0.072845458984375,0.9875177703797817,0.011382529356827337,0.03973388671875,0.5789912045001984,1.0840481519699097
46773.467653717846,991,65001984,64946176,2022.3872082446471,1092.259758039303,982,100,4.999999952316284,5.447935346970557,16.0,0.0,5.409999990463257,5.39647107145561,16.0,0.0,0.0012756282909928511,0.21149669929097095,0.0016562569944653658,2.5196216305096946,0.007190781844959322,0.07179768880208334,0.9844012334942818,0.011176639556651935,0.0399322509765625,0.5765751600265503,1.0847045183181763
46854.385891081765,993,65077248,65077248,930.1240666119506,1619.8078983174105,986,100,6.0100000381469725,5.650654939405389,16.0,0.0,5.280000042915344,5.272722249011366,16.0,0.0,0.001629440208489541,0.2369136898778379,0.0016039008781566129,2.5275713553031283,0.0045046422728773905,0.0539398193359375,0.9840388049681981,0.011499670528185863,0.041229248046875,0.5868661999702454,1.0857703685760498
46914.38735635951,994,65198336,65142784,2018.0840491058773,1092.2399927507497,986,100,6.0100000381469725,5.650654939405389,16.0,0.0,5.280000042915344,5.272722249011366,16.0,0.0,-7.088133619011694e-05,0.173476516501978,0.0015539989969208061,2.5492360442876816,0.006073505242966348,0.057378133138020836,0.9877361264079809,0.010457496944582088,0.0337982177734375,0.529576912522316,1.0863007307052612
46995.45438353345,996,65273856,65273856,931.5748046115625,1616.8349151224406,986,100,6.0100000381469725,5.650654939405389,16.0,0.0,5.280000042915344,5.272722249011366,16.0,0.0,0.0005773922045288297,0.203463617246598,0.0015716961036863115,2.536157476405303,0.005588033756187845,0.050837198893229164,0.9855832053969303,0.010919189662672578,0.0378265380859375,0.5621326118707657,1.0872026681900024
47055.454407889396,997,65393920,65339392,2001.0658543690695,1092.266223280345,991,100,5.210000038146973,5.609447361371104,16.0,0.0,4.670000004768371,5.186626999456837,13.0,0.0,0.001265089003330407,0.18216818877651045,0.0014475106957737203,2.546969319383303,0.006414281992571584,0.06049092610677084,0.9882182975610098,0.01036705001994657,0.0404815673828125,0.5888789594173431,1.0875945091247559
47137.12754367292,999,65470464,65470464,937.1992303917629,1604.8361403363965,991,100,5.210000038146973,5.609447361371104,16.0,0.0,4.670000004768371,5.186626999456837,13.0,0.0,0.0008826385407398143,0.2240211849566549,0.0015102388921756453,2.53293073674043,0.0070576441115311654,0.07064310709635417,0.9839231303582588,0.010944454251633337,0.0410308837890625,0.5908441990613937,1.088464617729187
47197.12783618644,1000,65584896,65536000,1907.190702015589,1092.261341646512,991,100,5.210000038146973,5.609447361371104,16.0,0.0,4.670000004768371,5.186626999456837,13.0,0.0,0.0008322002128503906,0.19057853201714656,0.0015143083001021296,2.5528677875796952,0.0077848331172087155,0.07729085286458333,0.9861862038572629,0.009732272708788514,0.037353515625,0.5578376799821854,1.0890413522720337
47279.91024094634,1002,65667072,65667072,992.6747143712774,1583.3316316451528,996,100,5.519999980926514,5.666533260386942,16.0,0.0,5.429999995231628,5.510453801215137,16.0,0.0,0.0011671964966808446,0.19709553554033238,0.0015296499805117492,2.5513120790322623,0.006457007011704263,0.06629435221354167,0.9847480449825525,0.010291967395460233,0.0355987548828125,0.5504333525896072,1.0901349782943726
47339.910570828244,1003,65789440,65732608,2039.4554536757782,1092.2606613828436,996,100,5.519999980926514,5.666533260386942,16.0,0.0,5.429999995231628,5.510453801215137,16.0,0.0,0.0006867743383433359,0.22075988181556266,0.001566750075047215,2.536110137899717,0.007720640870805559,0.06984456380208333,0.983306755622228,0.01052790783190479,0.0360107421875,0.5512990057468414,1.0905826091766357
47420.91969816014,1005,65863680,65863680,916.4399425738259,1617.9905193027546,996,100,5.519999980926514,5.666533260386942,16.0,0.0,5.429999995231628,5.510453801215137,16.0,0.0,0.00035256480380970357,0.19393586600199342,0.0016150278437028949,2.5321333681543665,0.007077804128130082,0.0646820068359375,0.9859413808832566,0.011036657369307552,0.03656005859375,0.5527851283550262,1.0915849208831787
47480.92010056414,1006,65984000,65929216,2005.3198841877759,1092.2593411746184,1001,100,5.269999980926514,5.349495320372304,13.0,0.0,5.229999971389771,5.3960262631606914,16.0,0.0,0.0007987887292983943,0.14139225299004465,0.0013403552159919248,2.554205117126306,0.005658788285169673,0.053492228190104164,0.9912008680403233,0.009731225087307394,0.03570556640625,0.5508531481027603,1.091952919960022
47561.46055335365,1008,66060288,66060288,947.2010320002963,1627.405799946818,1001,100,5.269999980926514,5.349495320372304,13.0,0.0,5.229999971389771,5.3960262631606914,16.0,0.0,0.0014108120691768513,0.19433591600197056,0.0015329909717062642,2.548544590671857,0.005810819825759002,0.063568115234375,0.9864493142813444,0.010352651055048531,0.0339813232421875,0.5354719683527946,1.0929478406906128
47621.4607688915,1009,66181632,66125824,2022.392734963766,1092.262742934017,1001,100,5.269999980926514,5.349495320372304,13.0,0.0,5.229999971389771,5.3960262631606914,16.0,0.0,0.001254236779156296,0.19090158569936952,0.0015956551542331,2.5187872971097627,0.008184816563395241,0.07885233561197916,0.9860194269567728,0.012248845159774646,0.0406341552734375,0.580016702413559,1.0934717655181885
47702.706432381645,1011,66256896,66256896,926.3755967618891,1613.279950823426,1005,100,5.389999961853027,5.431196799252088,16.0,0.0,5.489999914169312,5.3953591057277075,16.0,0.0,0.002911853494879324,0.22065945838888487,0.0015886637241540786,2.532656940321128,0.0063686212361062635,0.06873575846354167,0.9846290461719035,0.010318560486969847,0.03216552734375,0.5163645669817924,1.0942193269729614
47762.706479828805,1012,66379008,66322432,2035.1983905936092,1092.2658029181634,1005,100,5.389999961853027,5.431196799252088,16.0,0.0,5.489999914169312,5.3953591057277075,16.0,0.0,0.002121927376720123,0.16947923942158621,0.0014624271461798344,2.539452863236268,0.006259533151630118,0.06362406412760416,0.9889377014090617,0.01063321857751968,0.039581298828125,0.5801405608654022,1.094648003578186
47843.98080821708,1014,66453504,66453504,916.5993921734862,1612.7109580509448,1005,100,5.389999961853027,5.431196799252088,16.0,0.0,5.489999914169312,5.3953591057277075,16.0,0.0,0.0009725902151937286,0.2097772661751757,0.0014319000668668498,2.5461990237236027,0.0054971368493473465,0.050481160481770836,0.98624447795252,0.01021868662792258,0.035552978515625,0.5487941801548004,1.0955181121826172
47903.98345725238,1015,66581504,66519040,2133.239149569654,1092.218444579663,1010,100,6.189999961853028,5.534789947504956,13.0,0.0,4.500000011920929,5.262128811991234,16.0,0.0,0.0024152072898383876,0.196080979037409,0.0015812927134296237,2.5363555202881494,0.0038037019979431843,0.04195149739583333,0.986318364739418,0.011020806123269722,0.0352783203125,0.5433600768446922,1.095953106880188
47985.02186107449,1017,66650112,66650112,846.6109494284264,1617.405992937889,1010,100,6.189999961853028,5.534789947504956,13.0,0.0,4.500000011920929,5.262128811991234,16.0,0.0,-0.00010066889080917457,0.17009040301976103,0.0015500032544271865,2.5352030446132026,0.00861362066765044,0.07527669270833333,0.9881206521143516,0.011559744840875888,0.0333099365234375,0.520239345729351,1.0969759225845337
48045.02207046561,1018,66770176,66715648,2001.0596832646258,1092.262854831011,1010,100,6.189999961853028,5.534789947504956,13.0,0.0,4.500000011920929,5.262128811991234,16.0,0.0,0.0006674988520292876,0.17727928080906472,0.0014948091411497444,2.532879109183947,0.008231658101673627,0.07614644368489584,0.9879045393317938,0.011168502959966038,0.035980224609375,0.5491559654474258,1.097439169883728
48126.42673046142,1020,66846720,66846720,940.2901505139948,1610.1289533885129,1014,100,5.280000042915344,5.424168201203712,16.0,0.0,4.849999976158142,5.348597934424031,16.0,0.0,0.0008643851227437456,0.1900506119709462,0.0014784027747130797,2.534878539542357,0.009059528967554797,0.08333333333333333,0.987431600689888,0.010846552196502065,0.0360565185546875,0.5484684407711029,1.0983412265777588
48186.42705216259,1021,66966528,66912256,1996.7892938424982,1092.2608103070077,1014,100,5.280000042915344,5.424168201203712,16.0,0.0,4.849999976158142,5.348597934424031,16.0,0.0,0.0004658246398321353,0.21442598189848164,0.0014583600083521258,2.550914078950882,0.008968491144817865,0.08803304036458333,0.985194306820631,0.00975318898175222,0.033172607421875,0.5254300981760025,1.0987329483032227
48267.88720689714,1023,67043328,67043328,942.792218481077,1609.0320528743714,1014,100,5.280000042915344,5.424168201203712,16.0,0.0,4.849999976158142,5.348597934424031,16.0,0.0,0.002748886158466727,0.21929055203994116,0.0014497604255060044,2.5345677559574447,0.0069436998498228295,0.06137593587239583,0.9851024101177851,0.010412438423372805,0.039031982421875,0.5756584703922272,1.0995535850524902
48327.887747881934,1024,67167232,67108864,2065.048047340108,1092.2568184278257,1014,100,5.280000042915344,5.424168201203712,16.0,0.0,4.849999976158142,5.348597934424031,16.0,0.0,0.0005299982270419907,0.2365497585851699,0.0014411643824132627,2.5557624424497285,0.007258766097947954,0.0766754150390625,0.9823509783794483,0.009771301071547592,0.033050537109375,0.5282457321882248,1.0999091863632202
48409.126858839765,1026,67239936,67239936,894.9384002705117,1613.4100737271197,1019,100,6.589999985694885,5.477399087148749,16.0,0.0,6.130000066757202,5.360326419333073,16.0,0.0,0.0006557745048970295,0.1940365117819359,0.001471231553296093,2.551410687466462,0.007043434245739869,0.07307942708333334,0.98599072607855,0.010381361314405998,0.0323028564453125,0.5159367173910141,1.1009308099746704
48469.12702602148,1027,67363072,67305472,2052.2609483249043,1092.2636232248972,1019,100,6.589999985694885,5.477399087148749,16.0,0.0,6.130000066757202,5.360326419333073,16.0,0.0,0.0017099496884232697,0.22341705625876784,0.0014158619633235505,2.5250289986530943,0.007511841219942046,0.07085164388020833,0.9854283779859543,0.01133269069638724,0.03753662109375,0.5621538311243057,1.1013808250427246
48549.888854069635,1029,67436544,67436544,909.7367131931671,1622.9449378219565,1024,100,5.459999990463257,5.6239130764114575,16.0,0.0,5.570000004768372,5.62717515722051,19.0,0.0,0.0004709988643298857,0.21435490537745258,0.001552866830024868,2.5209326346715293,0.007856008560338523,0.07943216959635417,0.9840796602269013,0.011365433000416184,0.041168212890625,0.5863357409834862,1.1024677753448486
48609.88907698728,1030,67558144,67502080,2026.6591370319263,1092.2626085898382,1024,100,5.459999990463257,5.6239130764114575,16.0,0.0,5.570000004768372,5.62717515722051,19.0,0.0,-0.00023157798447452177,0.1565329604782164,0.001386096745894368,2.540501115222772,0.0068072135145484935,0.07054646809895834,0.9894451082994541,0.01016461835630859,0.0360107421875,0.5558346509933472,1.1027705669403076
48691.64861332625,1032,67633152,67633152,917.4220324467276,1603.140206869367,1024,100,5.459999990463257,5.6239130764114575,16.0,0.0,5.570000004768372,5.62717515722051,19.0,0.0,0.00047497537889285013,0.17750396362195411,0.0015240409035565488,2.5351822252074876,0.006255997743210173,0.06764729817708333,0.9879468325525522,0.00976009027605566,0.0362548828125,0.550360843539238,1.1035338640213013
48751.64892449044,1033,67746048,67698688,1881.5902419417516,1092.261002124917,1028,100,6.2100000262260435,5.664441625547849,16.0,0.0,4.860000038146973,5.396332275940065,16.0,0.0,0.0014872169764809466,0.2475570716584722,0.0016184497362701222,2.510508954524994,0.00687299684068421,0.067626953125,0.98234030790627,0.011233774537686259,0.0391387939453125,0.5680970698595047,1.1041189432144165
48835.097572477534,1035,67829760,67829760,1003.1558571559268,1570.6905164031637,1028,100,6.2100000262260435,5.664441625547849,16.0,0.0,4.860000038146973,5.396332275940065,16.0,0.0,-0.0005411384984957598,0.23390495458928248,0.0015404416056602106,2.5303024674455323,0.008546037531535452,0.075897216796875,0.9828461439659198,0.011152850803531086,0.0350799560546875,0.5449275076389313,1.1048980951309204
48895.09765114635,1036,67953920,67895296,2069.330620136772,1092.2652345464198,1028,100,6.2100000262260435,5.664441625547849,16.0,0.0,4.860000038146973,5.396332275940065,16.0,0.0,0.00029060595746462537,0.17281861952506009,0.0014746888894781782,2.5171278938651085,0.00834804469438192,0.08134969075520833,0.9880266102651756,0.010890287725487724,0.038238525390625,0.5648893415927887,1.1055001020431519
48975.195747936144,1038,68026368,68026368,904.4909043236204,1636.3934382109314,1033,100,5.419999957084656,5.459267249836911,16.0,0.0,5.780000019073486,5.375090634765099,16.0,0.0,0.0022569064603885636,0.18762919873309633,0.0015333913712917515,2.5159489636619887,0.00831874957778685,0.083343505859375,0.9866864706079165,0.012033076423297947,0.039764404296875,0.5802420675754547,1.1064194440841675
49035.195910502225,1039,68150016,68091904,2060.7944164121436,1092.2637072495006,1033,100,5.419999957084656,5.459267249836911,16.0,0.0,5.780000019073486,5.375090634765099,16.0,0.0,-0.0005417174349228541,0.1664908293945094,0.001493003163583732,2.519691449900468,0.00944737277253201,0.09189860026041666,0.9882733921209971,0.011993116184991473,0.0376129150390625,0.5631549507379532,1.106887936592102
49116.07552835345,1041,68222976,68222976,902.0814135670731,1620.581346478391,1033,100,5.419999957084656,5.459267249836911,16.0,0.0,5.780000019073486,5.375090634765099,16.0,0.0,0.0031962311622919515,0.197647260579591,0.0014785951243538877,2.5287363529205322,0.007154877107192685,0.0791168212890625,0.9849803696076075,0.01174593542236835,0.0397186279296875,0.5833996534347534,1.1077256202697754
49176.07585891336,1042,68344320,68288512,2022.3888579887075,1092.2606490403145,1037,100,6.62999997138977,5.536524010563292,16.0,0.0,5.900000047683716,5.29433652971456,16.0,0.0,0.0012622603911343808,0.24623349790150922,0.001392751618065328,2.5249236002564435,0.008040668528944177,0.0707244873046875,0.9827970899641514,0.01198798189094911,0.040985107421875,0.5878915339708328,1.1080646514892578
49257.11460547522,1044,68419584,68419584,928.7409195372076,1617.3991523913273,1037,100,6.62999997138977,5.536524010563292,16.0,0.0,5.900000047683716,5.29433652971456,16.0,0.0,0.0015463830495718867,0.2891822417732328,0.001425274973977745,2.5404958377281828,0.00747566151888653,0.06925455729166667,0.9809087533503771,0.010783407546114177,0.037933349609375,0.566438190639019,1.1088001728057861
49317.11570950225,1045,68540416,68485120,2013.829611294493,1092.246568837691,1037,100,6.62999997138977,5.536524010563292,16.0,0.0,5.900000047683716,5.29433652971456,16.0,0.0,0.0007882886626854694,0.24283341450306278,0.0014618186578445602,2.52909275641044,0.007352489027349899,0.07454935709635417,0.9826359351476033,0.011032535684838269,0.0416259765625,0.5955178886651993,1.1093565225601196
49398.319697294384,1047,68616192,68616192,933.1561424541263,1614.1079220828133,1037,100,6.62999997138977,5.536524010563292,16.0,0.0,5.900000047683716,5.29433652971456,16.0,0.0,0.001066706536221318,0.20068783514822522,0.0014091099219513126,2.541266719500224,0.007385365983888429,0.06911722819010417,0.9853902415682871,0.010664042444356406,0.0362091064453125,0.5555298924446106,1.110208511352539
49458.32102366164,1048,68736768,68681728,2009.5555765213019,1092.2425214213445,1041,100,5.360000038146973,5.430506371648819,13.0,0.0,5.369999885559082,5.377090287178483,16.0,0.0,0.0006814143283312053,0.21106875113522014,0.001587316194976059,2.5288245553771653,0.009734451165059001,0.08153279622395833,0.9842734547952812,0.011342381447320804,0.0364990234375,0.5535314828157425,1.1106033325195312
49539.30997885391,1050,68812800,68812800,938.7946766259662,1618.393516607726,1041,100,5.360000038146973,5.430506371648819,13.0,0.0,5.369999885559082,5.377090287178483,16.0,0.0,-9.60852048592642e-05,0.2172332766931504,0.0014399208606240184,2.5311388249198594,0.008949169944874788,0.07735188802083333,0.9839069110651811,0.01090070031932555,0.0394439697265625,0.5765277147293091,1.1114312410354614
49599.310025142506,1051,68934144,68878336,2022.398439766975,1092.2658240091678,1041,100,5.360000038146973,5.430506371648819,13.0,0.0,5.369999885559082,5.377090287178483,16.0,0.0,0.0002231457692687399,0.16575758842130503,0.001323173629013278,2.5414523432652154,0.006724776779568249,0.07177225748697916,0.9891370938469967,0.010500326151183497,0.0351409912109375,0.5461783856153488,1.1117488145828247
49681.43068338558,1053,69009408,69009408,916.5050744871104,1596.0904698551037,1047,100,6.309999990463257,5.463872243622431,16.0,0.0,5.249999976158142,5.367261864868199,16.0,0.0,0.0001137203774608982,0.15606165297018984,0.001425944718600173,2.5311024710536003,0.0077616528966852165,0.07830301920572916,0.9887181892991066,0.010874600101184722,0.0388336181640625,0.5713042467832565,1.1127853393554688
49741.430921377614,1054,69131264,69074944,2030.925277599393,1092.262334171102,1047,100,6.309999990463257,5.463872243622431,16.0,0.0,5.249999976158142,5.367261864868199,16.0,0.0,-0.0009403392153520447,0.15187623708819348,0.001312910712537511,2.5357168118158975,0.007206299489553204,0.06622314453125001,0.9900493541111549,0.010189163285152365,0.0360870361328125,0.5503641813993454,1.1133110523223877
49822.834329353645,1056,69206016,69206016,918.2907922234685,1610.1537178712872,1047,100,6.309999990463257,5.463872243622431,16.0,0.0,5.249999976158142,5.367261864868199,16.0,0.0,1.3502953758385627e-05,0.23222636330562335,0.0013789972908853088,2.5164110312859216,0.009204657784115017,0.08567301432291667,0.9816256382813057,0.011921733152121305,0.0385894775390625,0.5650101602077484,1.1139801740646362
49882.834657097235,1057,69326848,69271552,2013.8556661952412,1092.2607003092833,1051,100,6.139999961853027,5.734143389485125,16.0,0.0,5.020000004768372,5.431353402972651,16.0,0.0,0.0013451405029627495,0.19698815296093622,0.001466778315564928,2.524382635951042,0.007585601373042057,0.07498677571614583,0.9852959060420593,0.011285665823379532,0.03851318359375,0.5689647793769836,1.1144407987594604
49964.55229423009,1059,69402624,69402624,927.2906395568732,1603.9621873416186,1051,100,6.139999961853027,5.734143389485125,16.0,0.0,5.020000004768372,5.431353402972651,16.0,0.0,0.0012533353995725824,0.21059536670024195,0.0015077256757649593,2.515654330452283,0.008070183803283726,0.07518513997395833,0.9834929512192806,0.01214272629780074,0.0415496826171875,0.5918515473604202,1.1154876947402954
50024.55255240947,1060,69528064,69468160,2090.6576705882617,1092.2619666746837,1051,100,6.139999961853027,5.734143389485125,16.0,0.0,5.020000004768372,5.431353402972651,16.0,0.0,0.001767497398153258,0.2200063633887718,0.001457487279064177,2.515002690255642,0.008386765418132807,0.07368977864583333,0.9830816127359867,0.011572728535005202,0.0363311767578125,0.5492896735668182,1.115883231163025
50105.62240231782,1062,69599232,69599232,877.8602659367722,1616.778619279235,1056,100,6.520000028610229,5.698210231900156,16.0,0.0,5.7000000238418576,5.419409525981891,16.0,0.0,0.00030781451278016897,0.1548168765148148,0.0014078654203331098,2.5249100749691324,0.007776278816891136,0.07196553548177083,0.9875526614487171,0.011367102221508201,0.03863525390625,0.5755405128002167,1.1164923906326294
50165.62258794904,1063,69721856,69664768,2043.7270103411795,1092.2632873639707,1056,100,6.520000028610229,5.698210231900156,16.0,0.0,5.7000000238418576,5.419409525981891,16.0,0.0,0.0013870890519077268,0.16626771368707222,0.0014136963630638397,2.5351107989748316,0.006651261138661842,0.065704345703125,0.9877030576268832,0.01100320336020862,0.036712646484375,0.5512220039963722,1.1169705390930176
50246.955348214135,1065,69795840,69795840,909.6457535543565,1611.5523384769222,1056,100,6.520000028610229,5.698210231900156,16.0,0.0,5.7000000238418576,5.419409525981891,16.0,0.0,0.0003501360066972362,0.14394576684571803,0.00143497697232912,2.524956646064917,0.005639702935998988,0.060811360677083336,0.9887321802477042,0.011967824248131365,0.04156494140625,0.5912740975618362,1.1179232597351074
50306.955405386165,1066,69918976,69861376,2052.264711130999,1092.2656258826107,1060,100,5.589999961853027,5.699289433386134,16.0,0.0,4.929999995231628,5.173499797839804,13.0,0.0,0.00012533472545328545,0.14251168654300272,0.0013444112628349103,2.530537356932958,0.007398732064757497,0.0727996826171875,0.9900520431498687,0.011022261596129585,0.04193115234375,0.6004579961299896,1.118240237236023
50388.252231353894,1068,69992448,69992448,903.7499204355755,1612.264666421654,1060,100,5.589999961853027,5.699289433386134,16.0,0.0,4.929999995231628,5.173499797839804,13.0,0.0,0.000359126839612145,0.16273726670381924,0.001384450798165441,2.5275755176941552,0.008159985814321166,0.07612101236979167,0.9879559005300205,0.011377207769934708,0.03680419921875,0.5563340485095978,1.1190019845962524
50448.252883857116,1069,70112768,70057984,2005.311525462801,1092.2547883371853,1060,100,5.589999961853027,5.699289433386134,16.0,0.0,4.929999995231628,5.173499797839804,13.0,0.0,0.00022309556031056366,0.17140005171919864,0.0014634189404508409,2.541486106812954,0.0076272588903520955,0.07300313313802083,0.9863477305819591,0.012035889366719251,0.0343475341796875,0.5369215309619904,1.1193573474884033
50530.32627743296,1071,70189056,70189056,929.5095118675622,1597.0096311281607,1066,100,5.550000071525574,5.54323913692002,16.0,0.0,5.699999976158142,5.430469509877112,16.0,0.0,0.001297726219490869,0.16020930876644948,0.0014284050970066648,2.5324776470661163,0.007973597997382361,0.07543436686197917,0.9879419437299172,0.011398381708810726,0.0334625244140625,0.5255226120352745,1.1201742887496948
50590.326634505764,1072,70309120,70254592,2001.0547579628972,1092.2601663933938,1066,100,5.550000071525574,5.54323913692002,16.0,0.0,5.699999976158142,5.430469509877112,16.0,0.0,0.002483730410555533,0.2626851572810362,0.0015674686243679994,2.5043906942009926,0.010912167373438328,0.09376017252604166,0.9788369486729305,0.012545472864682477,0.040985107421875,0.5870815515518188,1.1206464767456055
50672.0703636352,1074,70385664,70385664,936.3898713111028,1603.4502144190121,1066,100,5.550000071525574,5.54323913692002,16.0,0.0,5.699999976158142,5.430469509877112,16.0,0.0,0.000836868127710962,0.18104308595259985,0.0012882505676922544,2.5543836007515592,0.0073953925875684945,0.07244364420572916,0.9877283697326978,0.010701701995761443,0.0325164794921875,0.5160483494400978,1.1213171482086182
50732.07043726556,1075,70507776,70451200,2035.1975024611604,1092.2653262684635,1070,100,5.309999966621399,5.4857906267925145,16.0,0.0,5.3000000476837155,5.191338893063337,13.0,0.0,-0.0006386631636511689,0.21657165916015705,0.0014421889548733209,2.5292587727308273,0.008143836914920636,0.07850138346354167,0.9827339351177214,0.011678039581359675,0.037109375,0.5564712584018707,1.1217511892318726
50813.30224628933,1077,70582272,70582272,917.0791700355107,1613.5551032927199,1070,100,5.309999966621399,5.4857906267925145,16.0,0.0,5.3000000476837155,5.191338893063337,13.0,0.0,0.0015905133962708837,0.2099474105828752,0.0014446675001333156,2.5339961672822637,0.0067548290019961614,0.06247965494791667,0.9842273282508055,0.010200463536117846,0.03692626953125,0.5539401918649673,1.1226096153259277
50873.30241503753,1078,70703872,70647808,2026.6609667434996,1092.2635947080755,1070,100,5.309999966621399,5.4857906267925145,16.0,0.0,5.3000000476837155,5.191338893063337,13.0,0.0,-0.0007872438582126051,0.15961684255550304,0.0014848418674470547,2.5401560366153717,0.007624285031852196,0.0704803466796875,0.9873589190344015,0.01108343934174627,0.03765869140625,0.5634218603372574,1.1230177879333496
50955.07022934221,1080,70778880,70778880,917.3291549717654,1602.97790902916,1070,100,5.309999966621399,5.4857906267925145,16.0,0.0,5.3000000476837155,5.191338893063337,13.0,0.0,-0.00023566858847819577,0.17923480699149272,0.0013866723711544184,2.5444133852918944,0.006571489912554776,0.07057698567708333,0.985752002025644,0.010477729937216889,0.0355377197265625,0.5430738627910614,1.1238645315170288
51015.07034226507,1081,70903296,70844416,2073.5960973932283,1092.2646109725647,1075,100,4.450000047683716,5.327992155532506,16.0,0.0,4.730000019073486,5.149475645803168,13.0,0.0,-0.0012803002100554295,0.181015498470515,0.001405649915492783,2.532584585249424,0.00745386298209875,0.07097880045572917,0.9864688490827879,0.011020068506089348,0.0383758544921875,0.5675135105848312,1.1242563724517822
51096.75491688214,1083,70975488,70975488,883.7898751193485,1604.6114044720086,1075,100,4.450000047683716,5.327992155532506,16.0,0.0,4.730000019073486,5.149475645803168,13.0,0.0,0.0008027897250334111,0.21703453478403387,0.0013707988352204363,2.5456731791297593,0.00598154302254746,0.06456502278645833,0.9839409186194341,0.010453494003741069,0.0386505126953125,0.570417508482933,1.1250320672988892
51156.75502298772,1084,71094784,71041024,1988.263150569723,1092.2647350769294,1075,100,4.450000047683716,5.327992155532506,16.0,0.0,4.730000019073486,5.149475645803168,13.0,0.0,0.0008953343179503767,0.20947232283651832,0.0014796486272340796,2.541309170424938,0.005246260171285637,0.051722208658854164,0.9836182973037163,0.010868030833080411,0.041595458984375,0.5984423607587814,1.1253410577774048
51239.281278282404,1086,71172096,71172096,936.8170132515792,1588.2460622013527,1080,100,6.009999990463257,5.634704897490705,16.0,0.0,5.590000033378601,5.232771726090643,16.0,0.0,-0.001082072045392124,0.16735735706364116,0.001369603854982415,2.544715935985247,0.008329215561388992,0.08060201009114583,0.9863746861616771,0.011220560855387399,0.0373992919921875,0.5640417337417603,1.1262099742889404
51299.28188783862,1087,71288576,71237632,1941.313611003783,1092.2555701471836,1080,100,6.009999990463257,5.634704897490705,16.0,0.0,5.590000033378601,5.232771726090643,16.0,0.0,0.0008490752200790059,0.19395115661124387,0.0013921350364398677,2.5422892893354097,0.005074086851285149,0.05750020345052083,0.9849122719218333,0.010497911095929643,0.0328216552734375,0.5192258358001709,1.1266225576400757
51382.527329009026,1089,71368704,71368704,962.5512084916735,1574.5246605359002,1080,100,6.009999990463257,5.634704897490705,16.0,0.0,5.590000033378601,5.232771726090643,16.0,0.0,-0.00046718766922519234,0.17603744104659805,0.0013538621715269983,2.534437410533428,0.0072716338363534305,0.07810465494791667,0.9854364929099877,0.01063234981847927,0.037261962890625,0.5596508011221886,1.1272825002670288
51442.52733451128,1090,71485440,71434240,1945.5998215802674,1092.2665665012028,1085,100,6.710000014305114,5.555708816503009,16.0,0.0,6.619999933242798,5.410693110244641,16.0,0.0,-0.0008080367745909218,0.15752057529365024,0.0012894182861297547,2.534228354692459,0.007233524841164277,0.06800333658854166,0.9884598571807147,0.01096921418987525,0.0399169921875,0.5805994421243668,1.1276450157165527
51524.96001119353,1092,71565312,71565312,968.9361454060349,1590.0490591278522,1085,100,6.710000014305114,5.555708816503009,16.0,0.0,6.619999933242798,5.410693110244641,16.0,0.0,0.0014497528112163611,0.20925447919095555,0.0014435262031232317,2.5191448653737707,0.006109025778035479,0.06499735514322916,0.9831692688167096,0.012027327339941014,0.0405120849609375,0.5782777369022369,1.1285109519958496
51584.96423264593,1093,71678976,71630848,1894.266724053189,1092.1898228775144,1085,100,6.710000014305114,5.555708816503009,16.0,0.0,6.619999933242798,5.410693110244641,16.0,0.0,0.0008753256915952079,0.17779237815799814,0.0014795031323349879,2.5234755352139473,0.007302963570206582,0.07683308919270833,0.9847547324995201,0.011813856981461868,0.0440216064453125,0.6128370761871338,1.1289360523223877
51667.7569482103,1095,71761920,71761920,1001.8272674666919,1583.1344473547722,1089,100,5.960000014305114,5.823950561805564,16.0,0.0,5.1800000190734865,5.156316465592613,16.0,0.0,0.0005257261533794614,0.18190007330849767,0.001328854814346414,2.5456079865495362,0.008147440170432674,0.07651774088541666,0.9870990297446648,0.010697069975625103,0.03564453125,0.5410333424806595,1.1298037767410278
51727.75872612931,1096,71877120,71827456,1919.943108277516,1092.2343015978759,1089,100,5.960000014305114,5.823950561805564,16.0,0.0,5.1800000190734865,5.156316465592613,16.0,0.0,-0.0006979121147499731,0.16992047025511664,0.0013961925966820368,2.5329170698920884,0.008279191602317344,0.07571411132812499,0.9871459075560172,0.011413616894666728,0.039703369140625,0.5793549418449402,1.1301779747009277
51811.04938454926,1098,71958528,71958528,977.3965237438822,1573.6698747071312,1089,100,5.960000014305114,5.823950561805564,16.0,0.0,5.1800000190734865,5.156316465592613,16.0,0.0,-0.0011245270907238591,0.20668994115355113,0.0013511997228003263,2.5277314856648445,0.0073417256244283635,0.07403055826822916,0.9850190468132496,0.011900943597235406,0.0423583984375,0.5997762233018875,1.130940318107605
51871.04956706427,1099,72079360,72024064,2013.86054067038,1092.2633440924096,1094,100,6.169999980926514,5.603668411781668,16.0,0.0,6.549999952316284,5.361669323822908,16.0,0.0,0.00206685211257233,0.15652107412461191,0.0013318712032438877,2.523327171802521,0.006789738904141511,0.07437642415364583,0.9880820121616125,0.011494656044912215,0.044403076171875,0.6160947680473328,1.1313458681106567
51951.71788368933,1101,72155136,72155136,939.3526872787263,1624.8262698875267,1094,100,6.169999980926514,5.603668411781668,16.0,0.0,6.549999952316284,5.361669323822908,16.0,0.0,0.0013043299453177801,0.17819260456599295,0.001411953184287995,2.5184353391329446,0.0075831561013425626,0.075592041015625,0.9870536345988512,0.01211320236325264,0.0422821044921875,0.5948798805475235,1.132187008857727
52011.71801677346,1102,72276224,72220672,2018.1288569845042,1092.26424394933,1094,100,6.169999980926514,5.603668411781668,16.0,0.0,6.549999952316284,5.361669323822908,16.0,0.0,0.000609056864050217,0.15835319785401225,0.0012987435790516126,2.5323977544903755,0.005821049453516025,0.06626383463541667,0.9884030322233835,0.011202088634793956,0.0380096435546875,0.565298542380333,1.1325628757476807
52092.85213480517,1104,72351744,72351744,930.804473285626,1615.4979332957307,1099,100,6.759999942779541,5.827726714023299,16.0,0.0,5.409999966621399,5.267057963413968,16.0,0.0,0.0005066445325307237,0.22595744556747377,0.0014511034314637072,2.5098340089122453,0.011051354687272882,0.09028625488281251,0.9832254455735286,0.01187152797744299,0.0436248779296875,0.6016869395971298,1.1335070133209229
52152.85253265686,1105,72471552,72417280,1996.7867595835305,1092.259424045692,1099,100,6.759999942779541,5.827726714023299,16.0,0.0,5.409999966621399,5.267057963413968,16.0,0.0,0.0006337348507562032,0.20831388506727916,0.001532463532688174,2.4870220000545182,0.010136943554243771,0.098297119140625,0.9834893600394328,0.012831122148782015,0.043670654296875,0.5993870049715042,1.1341899633407593
52235.34597730078,1107,72548352,72548352,930.9830657637026,1588.8777655700524,1099,100,6.759999942779541,5.827726714023299,16.0,0.0,5.409999966621399,5.267057963413968,16.0,0.0,0.0015459717384752973,0.26750469316417974,0.0015649124300883461,2.5178977946440377,0.007343144390688395,0.07428995768229167,0.9791932478547096,0.011128907014305392,0.0382080078125,0.560773953795433,1.1348751783370972
52295.34814109281,1108,72671232,72613888,2047.9261452288488,1092.227277455386,1099,100,6.759999942779541,5.827726714023299,16.0,0.0,5.409999966621399,5.267057963413968,16.0,0.0,-0.0002562427859326514,0.23208057205192745,0.0014683330906943108,2.5250576535860696,0.006088828916593532,0.069122314453125,0.9824719478686651,0.010526892699999736,0.0387115478515625,0.5669207721948624,1.1353201866149902
52378.70756576955,1110,72744960,72744960,884.4590792931311,1572.371696521122,1103,100,6.650000095367432,5.753911658235748,16.0,0.0,5.810000061988831,5.672204115134438,16.0,0.0,0.001402178672530378,0.2139078910307338,0.0015630942204249247,2.5112477838993073,0.006929719769686926,0.07039388020833333,0.9820851770540079,0.011178726213984191,0.0454559326171875,0.6166551113128662,1.136300802230835
52438.70801236853,1111,72863744,72810496,1979.7185976616638,1092.258536640918,1103,100,6.650000095367432,5.753911658235748,16.0,0.0,5.810000061988831,5.672204115134438,16.0,0.0,0.000528582199573672,0.1986468529018263,0.0013857582768347736,2.5278471683462462,0.008240387499123852,0.083404541015625,0.9856581892818213,0.010529228515224531,0.044677734375,0.6152483075857162,1.1368193626403809
52521.42266780697,1113,72941568,72941568,940.8731691800612,1584.6284954611558,1108,100,5.719999957084656,5.749921768239139,16.0,0.0,5.810000061988831,5.5329829457927655,16.0,0.0,0.000453746872760045,0.18177612219005823,0.001464741567663926,2.5104388122757277,0.008297541691717925,0.08585611979166667,0.9854159752527873,0.012403627401605869,0.0436248779296875,0.5990157201886177,1.1380527019500732
52581.42309289053,1114,73061376,73007104,1996.7858533192577,1092.258928311389,1108,100,5.719999957084656,5.749921768239139,16.0,0.0,5.810000061988831,5.5329829457927655,16.0,0.0,0.0007877860310448644,0.14834490697830915,0.0013335675175767392,2.5457620794574423,0.0068055239262321265,0.07395426432291667,0.9889383806536596,0.010605267734111598,0.036712646484375,0.5534681528806686,1.138521432876587
52663.09198061004,1116,73138176,73138176,940.3825880886984,1604.9196170047119,1108,100,5.719999957084656,5.749921768239139,16.0,0.0,5.810000061988831,5.5329829457927655,16.0,0.0,-0.0005583104248216841,0.18137270871860287,0.0014578851235758823,2.5363725597659745,0.0072358218452185,0.07413228352864583,0.9857748759289583,0.0102918114765392,0.0389556884765625,0.5698677152395248,1.1392860412597656
52723.09201568365,1117,73257472,73203712,1988.265504405913,1092.2660281714886,1112,100,6.4300000190734865,5.950218474840584,16.0,0.0,5.469999957084656,5.313106477647644,16.0,0.0,0.0008487668261902097,0.264887837615485,0.0013380086311372,2.524263722201188,0.00825496569632378,0.0839996337890625,0.9813979417085648,0.01089097437215969,0.0484466552734375,0.6433533877134323,1.1398210525512695
52806.64341952838,1119,73334784,73334784,925.3225731990775,1568.7587995957872,1112,100,6.4300000190734865,5.950218474840584,16.0,0.0,5.469999957084656,5.313106477647644,16.0,0.0,-0.0001871691092674155,0.18102332150253156,0.0013787348652840592,2.5375287135442095,0.0061464968118040515,0.0587158203125,0.9866631651918093,0.010215278084312255,0.0371551513671875,0.553582489490509,1.1407965421676636
52866.64349286631,1120,73448704,73400320,1898.6643459315321,1092.2653315920725,1112,100,6.4300000190734865,5.950218474840584,16.0,0.0,5.469999957084656,5.313106477647644,16.0,0.0,-0.0002670930989552289,0.17368382013713318,0.0014380138478979159,2.520530804991722,0.006243839507684848,0.06987508138020834,0.9855709113180637,0.011092239835609991,0.0438079833984375,0.6038021296262741,1.1413639783859253
52951.14900671691,1122,73531392,73531392,978.4923637786195,1551.0467190546537,1117,100,5.630000042915344,5.747442938365599,16.0,0.0,6.259999918937683,5.640248119558619,16.0,0.0,0.0017249468922576248,0.16845921993566057,0.0013553877409625177,2.5258089900016785,0.006084102627937682,0.06682840983072917,0.98731617256999,0.0107817949319724,0.044891357421875,0.6149293780326843,1.1424469947814941
53011.152365449816,1123,73650176,73596928,1979.6225162784542,1092.2055262225954,1117,100,5.630000042915344,5.747442938365599,16.0,0.0,6.259999918937683,5.640248119558619,16.0,0.0,0.0003503995576465968,0.2527179077733308,0.0015896617745359738,2.505395568907261,0.0067828049050149275,0.07194010416666667,0.9781570676714182,0.01217062518117018,0.0468292236328125,0.6264185756444931,1.1430628299713135
53093.87414185703,1125,73728000,73728000,940.792175652734,1584.492085309868,1117,100,5.630000042915344,5.747442938365599,16.0,0.0,6.259999918937683,5.640248119558619,16.0,0.0,0.001346536936277213,0.2006629519164562,0.001501677561464021,2.5259945119420686,0.008138683693687199,0.07822672526041667,0.9845460647096237,0.011190031412600849,0.0397491455078125,0.5715052932500839,1.1439597606658936
53153.874479914084,1126,73844736,73793536,1945.5890379982916,1092.2605125604443,1120,100,6.380000042915344,5.816837509315258,16.0,0.0,5.979999971389771,5.45340248417038,16.0,0.0,-0.0005221802772818288,0.19410230894573036,0.0015192260798357893,2.5203493237495422,0.008289673331698093,0.08388264973958333,0.9836516914268335,0.011531682636511201,0.0423431396484375,0.5898354202508926,1.1445807218551636
53236.30655026063,1128,73924608,73924608,968.9432724935032,1590.0607548611335,1120,100,6.380000042915344,5.816837509315258,16.0,0.0,5.979999971389771,5.45340248417038,16.0,0.0,-0.0002997186796468062,0.18425458491158983,0.0014071181200658127,2.5136935288707414,0.008558714071114082,0.09224446614583333,0.9856406456480424,0.011526841544158136,0.045440673828125,0.6187772303819656,1.145493745803833
53296.30691664107,1129,74045696,73990144,2018.121009999,1092.2599969550613,1125,100,5.20999995470047,5.5340671252204725,16.0,0.0,6.089999961853027,5.435246031038892,16.0,0.0,0.00030532445877421804,0.20872667393026254,0.0014184841784299351,2.5343374088406563,0.0079824447681555,0.07934061686197917,0.9829933419823647,0.011520247178850695,0.0397491455078125,0.5762458890676498,1.1458584070205688
53377.64412884228,1131,74121216,74121216,928.4803100109019,1611.4641312731585,1125,100,5.20999995470047,5.5340671252204725,16.0,0.0,6.089999961853027,5.435246031038892,16.0,0.0,0.0020035547155809277,0.17502942630865923,0.0015170694787229877,2.505944843093554,0.008183800305535746,0.08339945475260416,0.9847229576359193,0.012761315912939608,0.0438690185546875,0.6038543283939362,1.147007942199707
53437.64420235716,1132,74243328,74186752,2035.1975063783682,1092.2653283707805,1125,100,5.20999995470047,5.5340671252204725,16.0,0.0,6.089999961853027,5.435246031038892,16.0,0.0,0.0014224783020229856,0.2109350184133897,0.0014564289534367467,2.541077996293704,0.008189233103621518,0.07796732584635417,0.9827928133308887,0.011688119266182184,0.0368804931640625,0.5482740178704262,1.1473506689071655
53519.224098302424,1134,74317824,74317824,913.1661561566754,1606.670350351264,1129,100,6.960000085830688,5.866719733387772,16.0,0.0,6.439999938011169,5.2996603398559605,16.0,0.0,-0.0002911906097627555,0.17104750980312625,0.0016232404644445826,2.5603568404912944,0.005594987903047391,0.05333964029947917,0.985284465054671,0.01084908023282575,0.033782958984375,0.5279291123151779,1.1481082439422607
53579.22443320602,1135,74441216,74383360,2056.5218543905326,1092.2605699667558,1129,100,6.960000085830688,5.866719733387772,16.0,0.0,6.439999938011169,5.2996603398559605,16.0,0.0,0.0002004396798535405,0.2630470409834137,0.001640938885733097,2.530386428038279,0.007293637181646773,0.07207234700520833,0.9764722467710574,0.011544507472232604,0.0416107177734375,0.5889336466789246,1.1486423015594482
53660.46223863587,1137,74514432,74514432,901.2552667147886,1613.4360019509502,1132,100,6.6,5.775811659784539,16.0,0.0,6.570000076293946,5.242623359897595,16.0,0.0,0.0014522909987135792,0.21660945378243923,0.0015149347188222841,2.535877359410127,0.008925321956970341,0.08129374186197917,0.9820370295395454,0.011503495062546184,0.035797119140625,0.5400455445051193,1.149457573890686
53720.46262972243,1138,74638080,74579968,2060.786567567721,1092.2595471994546,1132,100,6.6,5.775811659784539,16.0,0.0,6.570000076293946,5.242623359897595,16.0,0.0,-0.000607721574245564,0.1502861918027823,0.0014281792100518942,2.5401358405749,0.007472098815317924,0.075225830078125,0.9879484282185633,0.010712024377426133,0.039276123046875,0.5712557584047318,1.1499050855636597
53801.87856531143,1140,74711040,74711040,896.1390601504924,1609.9059606914107,1132,100,6.6,5.775811659784539,16.0,0.0,6.570000076293946,5.242623359897595,16.0,0.0,0.0003195023964508437,0.2086922901216894,0.0015477419110538906,2.5196825787425046,0.008945767961146581,0.0854339599609375,0.9819870765010515,0.012144599750172347,0.0427398681640625,0.5963399261236191,1.1508045196533203
53861.878686064854,1141,74832640,74776576,2026.6625878926084,1092.2644684221216,1132,100,6.6,5.775811659784539,16.0,0.0,6.570000076293946,5.242623359897595,16.0,0.0,0.00035214621311752126,0.2126162424683571,0.001514008234759482,2.5312314381202063,0.0094094702314275,0.08965047200520833,0.982648649563392,0.011745019951680055,0.0421600341796875,0.5932103395462036,1.151240348815918
53943.274440485984,1143,74907648,74907648,921.5222653004663,1610.3051188868217,1136,100,5.829999947547913,5.8771676559290205,16.0,0.0,5.240000009536743,5.234730313000673,16.0,0.0,0.0004789146065983611,0.19698290658804277,0.0015112083856365643,2.5185045947631197,0.007992767599110568,0.080657958984375,0.9836333921800058,0.011286857246886939,0.0424652099609375,0.5932323485612869,1.1520639657974243
54003.27514773421,1144,75026176,74973184,1975.4433811862245,1092.253791757394,1136,100,5.829999947547913,5.8771676559290205,16.0,0.0,5.240000009536743,5.234730313000673,16.0,0.0,-0.0004150689104183887,0.21187460174163184,0.0015642454551804499,2.5238506967822714,0.008454348263209493,0.07894388834635417,0.981318865592281,0.01144373953381243,0.03656005859375,0.5519692674279213,1.1524320840835571
54085.0494945012,1146,75104256,75104256,954.8226685623057,1602.8498567341,1141,100,7.269999980926514,5.714639084374529,16.0,0.0,5.649999988079071,5.2485712176014,16.0,0.0,0.00016451274617187062,0.23230051334636906,0.0015592171706278652,2.521612760921319,0.008806454306977685,0.086639404296875,0.981648859878381,0.01135726409847848,0.044586181640625,0.6122530996799469,1.1533796787261963
54145.04994219728,1147,75224832,75169792,2009.585005278018,1092.2585166691563,1141,100,7.269999980926514,5.714639084374529,16.0,0.0,5.649999988079071,5.2485712176014,16.0,0.0,0.002383811096175729,0.23403305397368968,0.0017491220824012998,2.5191057125727334,0.009226207134512759,0.08925374348958334,0.9802207965403795,0.012690923671470955,0.0436248779296875,0.6063950508832932,1.153806209564209
54226.752474850044,1149,75300864,75300864,930.5953870871398,1604.258714439783,1141,100,7.269999980926514,5.714639084374529,16.0,0.0,5.649999988079071,5.2485712176014,16.0,0.0,0.0018027996435800255,0.2095842732427021,0.001650847797767104,2.5287341326475143,0.008835035963177992,0.09254964192708333,0.9821833384533722,0.01176857206155546,0.040283203125,0.5858971625566483,1.1546266078948975
54286.75306975283,1150,75422976,75366400,2035.179821097654,1092.2558368993698,1145,100,7.529999876022339,5.55059454501617,16.0,0.0,5.710000133514404,5.165839651974927,16.0,0.0,7.64892053363534e-05,0.21399103159395358,0.0016726316777445995,2.5119162425398827,0.008171682694713429,0.089691162109375,0.9775366745889187,0.012042380491038784,0.04364013671875,0.6078940033912659,1.1550769805908203
54368.07653009705,1152,75497472,75497472,916.0456242844813,1611.7366310434859,1145,100,7.529999876022339,5.55059454501617,16.0,0.0,5.710000133514404,5.165839651974927,16.0,0.0,0.0012122887140625003,0.18982035767597455,0.0015044814075129882,2.5329623296856885,0.00799512163454589,0.07671610514322917,0.9843291913469633,0.010536255984334275,0.040130615234375,0.5804456323385239,1.1558709144592285
54428.07653966546,1153,75620096,75563008,2043.7330074121412,1092.2664924791402,1145,100,7.529999876022339,5.55059454501617,16.0,0.0,5.710000133514404,5.165839651974927,16.0,0.0,-0.00023743178705141566,0.27817539537015057,0.0015474038615745183,2.5173584868510566,0.008322955954402763,0.082000732421875,0.9787923855086168,0.01125362787085275,0.03912353515625,0.5678405463695526,1.1562800407409668
54509.43210728094,1155,75694080,75694080,909.3907420040338,1611.1005533081845,1149,100,5.710000014305114,5.659142905797396,16.0,0.0,5.3999999284744264,5.242136974449249,16.0,0.0,-0.00031002218747744337,0.22965959226712584,0.0014737183749578737,2.531799130141735,0.007841743526417607,0.07074991861979167,0.9816622218737999,0.0106748572094754,0.0460662841796875,0.6271241456270218,1.1572037935256958
54569.432301241904,1156,75817472,75759616,2056.526685235004,1092.2631357264752,1149,100,5.710000014305114,5.659142905797396,16.0,0.0,5.3999999284744264,5.242136974449249,16.0,0.0,0.0013215585252813373,0.1896607355835537,0.0015754089933276796,2.5351836904883385,0.008624047303480134,0.0793304443359375,0.9847639501094819,0.010933308774838224,0.037109375,0.55735282599926,1.1575586795806885
54650.723076201975,1158,75890688,75890688,900.6680036690868,1612.3846778971065,1153,100,5.999999976158142,5.649778758878338,16.0,0.0,6.500000047683716,5.423098749921132,16.0,0.0,0.0022800277826415067,0.1751047053063909,0.001548448475659825,2.5263188779354095,0.0060800086697175475,0.06480916341145834,0.9857059015582005,0.012017631718966488,0.045806884765625,0.6208508461713791,1.1583797931671143
54710.7231416516,1159,76014336,75956224,2060.79775202599,1092.2654751938994,1153,100,5.999999976158142,5.649778758878338,16.0,0.0,6.500000047683716,5.423098749921132,16.0,0.0,0.00018030580152602252,0.17959910344022015,0.0016457524749663812,2.518070201079051,0.00554208205054844,0.054865519205729164,0.9852053827295701,0.012175728916190565,0.0471038818359375,0.6333096027374268,1.1588106155395508
54792.09907620028,1161,76087296,76087296,896.5795650108089,1610.697323808892,1153,100,5.999999976158142,5.649778758878338,16.0,0.0,6.500000047683716,5.423098749921132,16.0,0.0,0.001111753571118849,0.17254905278484028,0.0015036447875900192,2.517322316765785,0.01056025512358853,0.0911712646484375,0.9859405321379502,0.01210748962087867,0.0390625,0.5683553814888,1.1596345901489258
54852.099518075585,1162,76207360,76152832,2001.0519297426786,1092.258622631398,1157,100,6.820000123977661,5.75739521519249,16.0,0.0,6.480000162124634,5.439632331568517,16.0,0.0,-0.001111517209210433,0.2024959047945837,0.0015560438041575253,2.50837421665589,0.00910199838835979,0.08957417805989583,0.9833452676733335,0.011409804457798598,0.0442657470703125,0.6060831546783447,1.1602146625518799
54933.94448320754,1164,76283904,76283904,935.2316281959806,1601.4668683489701,1157,100,6.820000123977661,5.75739521519249,16.0,0.0,6.480000162124634,5.439632331568517,16.0,0.0,0.0008822009913274087,0.24029684237514934,0.0016317712688760366,2.509159584840139,0.01100996137089775,0.09794616699218749,0.9791041004161041,0.01317244345167031,0.0414581298828125,0.5854179933667183,1.161014199256897
54993.944942805916,1165,76404992,76349440,2018.1178746049923,1092.258299997628,1157,100,6.820000123977661,5.75739521519249,16.0,0.0,6.480000162124634,5.439632331568517,16.0,0.0,0.0007650165910793778,0.1736216894350946,0.0015798428151659512,2.530773145457109,0.006326043305913723,0.06451924641927083,0.9849111897250017,0.0123016415842964,0.04046630859375,0.5797320604324341,1.161391258239746
55075.854790261015,1167,76480512,76480512,921.9892643726145,1600.1983164704359,1161,100,7.169999992847442,5.700973446085413,16.0,0.0,5.830000019073486,5.342387029679582,16.0,0.0,0.0005124026708169065,0.1461236540538569,0.0015099848739434187,2.5196468631426496,0.00611429295167909,0.06301371256510416,0.9885501060634851,0.01220431048811103,0.045166015625,0.6167915314435959,1.162169337272644
55135.85499970056,1168,76603904,76546048,2056.5261547016016,1092.2628539493983,1161,100,7.169999992847442,5.700973446085413,16.0,0.0,5.830000019073486,5.342387029679582,16.0,0.0,-0.000595434830756858,0.20881691932057342,0.0016370800646351806,2.4960504000385604,0.009634654484519464,0.08794148763020833,0.9799414811034998,0.013384174671955405,0.0513153076171875,0.6559755504131317,1.1626957654953003
55217.37775766291,1170,76677120,76677120,898.1050424449229,1607.79643962168,1165,100,7.8,5.754997731499035,16.0,0.0,5.380000066757202,5.362424846787756,16.0,0.0,-0.00028682379706879146,0.20104055805131793,0.0015244109284443161,2.5346169670422873,0.007300709269353926,0.063507080078125,0.9848432093858719,0.011091592158967007,0.039031982421875,0.5722499042749405,1.163578748703003
55277.377846444026,1171,76799488,76742656,2039.463648902272,1092.2650504581206,1165,100,7.8,5.754997731499035,16.0,0.0,5.380000066757202,5.362424846787756,16.0,0.0,0.0018402363057248294,0.22237310263638696,0.0016017085314767125,2.532052348057429,0.009189723252954234,0.08904012044270834,0.9804353049645821,0.010948573869730657,0.0450897216796875,0.6178726553916931,1.1639317274093628
55358.505928134546,1173,76873728,76873728,915.0962090192633,1615.6181345443545,1169,100,7.720000076293945,5.630417369215714,16.0,0.0,5.860000014305115,5.608957048397907,16.0,0.0,0.0007753452688727218,0.17742993193678558,0.0014282982580577177,2.5376278311014175,0.007312468809080504,0.0724639892578125,0.9864580302188795,0.011699805210810155,0.039947509765625,0.5786705166101456,1.1648544073104858
55418.505967222154,1174,76993024,76939264,1988.2653713910277,1092.2659550989335,1169,100,7.720000076293945,5.630417369215714,16.0,0.0,5.860000014305115,5.608957048397907,16.0,0.0,0.0004083562671439722,0.19605144020169973,0.0014724460136979662,2.53262373059988,0.00837115362143474,0.08223470052083334,0.9839880888660748,0.01104856789849388,0.0414581298828125,0.5873957276344299,1.1652257442474365
55499.97141735628,1176,77070336,77070336,949.0158082071614,1608.9274629207503,1169,100,7.720000076293945,5.630417369215714,16.0,0.0,5.860000014305115,5.608957048397907,16.0,0.0,9.549955939291975e-05,0.1490726967264588,0.0015000648818386253,2.4984027718504267,0.008407981702475809,0.07494099934895834,0.9864529787252346,0.013161413536484664,0.04290771484375,0.598162829875946,1.1661876440048218
55559.9742113892,1177,77188608,77135872,1971.1082109796114,1092.2158052181396,1172,100,7.040000009536743,5.798137655346584,19.0,0.0,5.940000057220459,5.43841880003145,16.0,0.0,-0.0005170384974917397,0.1878961706534028,0.001479674093085729,2.509851430853208,0.007134262727655974,0.07317606608072917,0.9832102085153261,0.012437195623836791,0.0428924560546875,0.600269541144371,1.1665843725204468
55642.325063712895,1179,77266944,77266944,951.2469851809808,1591.6289425250397,1172,100,7.040000009536743,5.798137655346584,19.0,0.0,5.940000057220459,5.43841880003145,16.0,0.0,-0.0003808842981622244,0.15181107679381967,0.001568038368228978,2.5270173102617264,0.0072512212076010964,0.0602569580078125,0.9886957624306282,0.012130334953932712,0.04248046875,0.6013663411140442,1.1674201488494873
55702.33028842136,1180,77392640,77332480,2094.7509256183525,1092.171562033194,1172,100,7.040000009536743,5.798137655346584,19.0,0.0,5.940000057220459,5.43841880003145,16.0,0.0,0.0007225854230152133,0.21915813613062102,0.0016025661110082485,2.5164999763170877,0.008703782372322166,0.081329345703125,0.9803015956034262,0.012433200172381474,0.04571533203125,0.6188255697488785,1.1679339408874512
55783.13817182183,1182,77463552,77463552,877.5381437547657,1622.0199624636823,1177,100,7.1099999904632565,5.498899908333435,16.0,0.0,5.940000009536743,5.493305000392876,16.0,0.0,-0.0021891867872909643,0.16757831714736918,0.0014867497375234962,2.525115224222342,0.007733988772694526,0.07441202799479167,0.9857775159180164,0.011685081582982093,0.0395660400390625,0.575425922870636,1.1686285734176636
55843.13819680177,1183,77582080,77529088,1975.4658442165567,1092.2662119210336,1177,100,7.1099999904632565,5.498899908333435,16.0,0.0,5.940000009536743,5.493305000392876,16.0,0.0,0.0013668321929192946,0.20339582216305038,0.0015203290070833948,2.5171354909737906,0.008036094249594802,0.0848388671875,0.9831209126859903,0.012577758306482186,0.0377655029296875,0.5599167793989182,1.1690021753311157
55924.63001121394,1185,77660160,77660160,958.1330414988672,1608.4069417948199,1177,100,7.1099999904632565,5.498899908333435,16.0,0.0,5.940000009536743,5.493305000392876,16.0,0.0,0.0005016756210049304,0.23785358504392207,0.0015731737063712594,2.5114600335558253,0.008772632660717743,0.08163960774739583,0.9798672962933779,0.012204616980549568,0.0461578369140625,0.6271150708198547,1.1697016954421997
55984.63082529791,1186,77780736,77725696,2009.5727339843918,1092.2518469214529,1181,100,6.499999904632569,5.719265706995055,16.0,0.0,5.460000038146973,5.417416377943295,16.0,0.0,0.0014498027606653827,0.18716765451245007,0.00164203791791806,2.5087370748321214,0.006839560095007376,0.07471720377604166,0.982920212050279,0.012604827323229983,0.041015625,0.5897143930196762,1.1700211763381958
56065.949395993724,1188,77856768,77856768,934.9893800323598,1611.8335440288492,1181,100,6.499999904632569,5.719265706995055,16.0,0.0,5.460000038146973,5.417416377943295,16.0,0.0,-0.0009611188785735673,0.18815929931588468,0.0014928190563902415,2.5103819742798805,0.006902244733282714,0.07447306315104167,0.9843653850257397,0.011837632919196038,0.0438232421875,0.6080298274755478,1.1707247495651245
56125.95002807863,1189,77980928,77922304,2069.3115336568926,1092.2551600333288,1181,100,6.499999904632569,5.719265706995055,16.0,0.0,5.460000038146973,5.417416377943295,16.0,0.0,-0.0011880819923438444,0.11301691826277724,0.0013782491829867163,2.5381555507580438,0.00641895184404954,0.06744384765625,0.9916110038757324,0.010474006276732931,0.038482666015625,0.5660257115960121,1.1710823774337769
56207.16858404502,1191,78053376,78053376,892.0129044153239,1613.8183995075824,1185,100,6.109999942779541,5.631864657596539,16.0,0.0,6.45,5.53240446705239,16.0,0.0,0.0018343394573700302,0.2179572683914254,0.00162489488866413,2.5050071477890015,0.006996995033356749,0.0715789794921875,0.9809337245921294,0.013667263915219033,0.0456390380859375,0.6148498952388763,1.1722222566604614
56267.16875444725,1192,78174464,78118912,2018.1276017759765,1092.2635645975686,1185,100,6.109999942779541,5.631864657596539,16.0,0.0,6.45,5.53240446705239,16.0,0.0,0.0019509639835935864,0.17073565154957274,0.0014967179558880161,2.513936604062716,0.008397613236714582,0.0829010009765625,0.9866008193542559,0.01182419591350481,0.0482635498046875,0.6446810215711594,1.172491192817688
56348.40234324522,1194,78249984,78249984,929.6647004949969,1613.5197513675876,1189,100,7.150000047683716,5.848717783156467,19.0,0.0,6.560000061988831,5.002639302299151,13.0,0.0,0.0011712179402820766,0.2003424185483406,0.0015320646695424027,2.4851567695538206,0.008533626484980534,0.0806884765625,0.9814325912545124,0.0127631514139163,0.0491790771484375,0.6433853954076767,1.1734864711761475
56408.40269284509,1195,78372608,78315520,2043.721425254323,1092.260302432373,1189,100,7.150000047683716,5.848717783156467,19.0,0.0,6.560000061988831,5.002639302299151,13.0,0.0,0.000347498901343594,0.13317347543003658,0.0014962848387464571,2.5179555291930837,0.007438634672629026,0.0688934326171875,0.9895668979734181,0.012046218238538131,0.042388916015625,0.5965795516967773,1.1739310026168823
56489.55858882144,1197,78446592,78446592,911.6281584958444,1615.0644192037105,1189,100,7.150000047683716,5.848717783156467,19.0,0.0,6.560000061988831,5.002639302299151,13.0,0.0,0.0007769725658969643,0.1788993541461726,0.001399380228879939,2.516468601922194,0.009342595743267642,0.08780924479166667,0.9862746919194857,0.01123787277416947,0.04510498046875,0.6165841221809387,1.1748608350753784
56549.55870804936,1198,78568704,78512128,2035.1959557971256,1092.2644961930066,1193,100,6.849999952316284,5.645130496695168,16.0,0.0,6.830000042915344,5.539052229690084,16.0,0.0,0.0005431091461408264,0.17152313973444205,0.0013880269337581315,2.5215375870466232,0.006095664402891998,0.06089274088541667,0.9875334271540244,0.011483771095906073,0.040069580078125,0.5771533697843552,1.1752406358718872
56631.20439586416,1200,78643200,78643200,912.4303070234441,1605.3756604673656,1193,100,6.849999952316284,5.645130496695168,16.0,0.0,6.830000042915344,5.539052229690084,16.0,0.0,0.0008367044999128362,0.18513554020319134,0.0014574517384365513,2.4992090910673137,0.00891258549381746,0.0846099853515625,0.9852018275608619,0.012992898894784352,0.047760009765625,0.6333049386739731,1.1761435270309448
56691.20447250642,1201,78761984,78708736,1979.7308044826173,1092.2652714386854,1193,100,6.849999952316284,5.645130496695168,16.0,0.0,6.830000042915344,5.539052229690084,16.0,0.0,0.0011160573764451935,0.1692121036661168,0.001493652118369937,2.505978599190712,0.00699002341934829,0.071502685546875,0.9834557566791774,0.013299836942072337,0.04693603515625,0.6276159733533859,1.176681637763977
56773.00949703343,1203,78839808,78839808,951.3352077084372,1602.2487708773679,1197,100,7.1999999523162845,5.770615271309332,19.0,0.0,6.500000047683716,5.406477701591893,16.0,0.0,0.00033019157732875714,0.2133491630665958,0.001431129209474117,2.51868017266194,0.009052043987442932,0.08376057942708333,0.9815458909918865,0.01170710906929647,0.045867919921875,0.6279484927654266,1.1775354146957397
56833.01009985432,1204,78961408,78905344,2026.6463049212414,1092.255692757553,1197,100,7.1999999523162845,5.770615271309332,19.0,0.0,6.500000047683716,5.406477701591893,16.0,0.0,0.0009258139592323762,0.17689850406410793,0.0015091216640333491,2.5085979004700976,0.007831042932593846,0.07619222005208334,0.9843503472705681,0.012078972523643944,0.0405731201171875,0.5815386921167374,1.1779261827468872
56914.37254888937,1206,79036416,79036416,921.8994866746061,1610.9642907078442,1201,100,7.049999952316284,5.75043471352013,16.0,0.0,5.5399999737739565,5.21233142350149,16.0,0.0,-0.0014499138172444266,0.18746105340930322,0.0014492422997136598,2.5295086205005646,0.00730245403550119,0.07251485188802084,0.9853742544849714,0.010753110400401058,0.038238525390625,0.561937689781189,1.178726077079773
56974.372894734144,1207,79156224,79101952,1996.7884903522158,1092.2603707909557,1201,100,7.049999952316284,5.75043471352013,16.0,0.0,5.5399999737739565,5.21233142350149,16.0,0.0,0.0007149928084497029,0.169631418849652,0.0015844037261558694,2.5324535196026163,0.0062524404802388744,0.05612182617187499,0.9840616571406523,0.012221629624643052,0.0403289794921875,0.5861993134021759,1.1790553331375122
57056.24952634424,1209,79233024,79233024,937.9965747214551,1600.8474875246168,1201,100,7.049999952316284,5.75043471352013,16.0,0.0,5.5399999737739565,5.21233142350149,16.0,0.0,0.001456671721825842,0.22977786790579557,0.0015177337554632684,2.5118602514266968,0.008378680129681015,0.08580525716145834,0.9811425705750783,0.012290393438888712,0.0443115234375,0.6112645715475082,1.179913878440857
57116.25302685052,1210,79354368,79298560,2022.2820164849602,1092.2029456121304,1205,100,6.7,5.768015173629065,16.0,0.0,7.070000123977661,5.274950330234254,16.0,0.0,-0.00011608696756108353,0.14575172270027298,0.001545143609594864,2.514351171751817,0.007511815253868312,0.06814066569010416,0.9869599243005116,0.011677945867025604,0.0428009033203125,0.5972011834383011,1.1804049015045166
57199.39132624678,1212,79429632,79429632,905.2867396441399,1576.5537778836722,1205,100,6.7,5.768015173629065,16.0,0.0,7.070000123977661,5.274950330234254,16.0,0.0,0.00019567131190948814,0.1598495307456081,0.001500727014596729,2.509071476757526,0.007627834673257894,0.082855224609375,0.9854555254181226,0.012883213164362434,0.04443359375,0.6099590063095093,1.1811959743499756
57259.39135511592,1213,79549696,79495168,2001.0657038493287,1092.2661411203158,1205,100,6.7,5.768015173629065,16.0,0.0,7.070000123977661,5.274950330234254,16.0,0.0,0.0019256881520656557,0.20308554257887107,0.0015324316215507376,2.5116819267471633,0.0061891107682943884,0.06394449869791667,0.9810587602357069,0.011886151235861082,0.040771484375,0.5834908783435822,1.1815375089645386
57341.38546838984,1215,79626240,79626240,933.5304321700343,1598.5537835152427,1209,100,6.259999942779541,5.543681092604905,19.0,0.0,6.0,5.427706771526656,16.0,0.0,0.001302705034807635,0.1853458208497614,0.0015585628801394098,2.5108375176787376,0.006303989752874865,0.06720479329427083,0.9826531385382016,0.011903227753161142,0.04486083984375,0.6132387816905975,1.1824767589569092
57401.38594175503,1216,79748352,79691776,2035.183943579511,1092.2580493843916,1209,100,6.259999942779541,5.543681092604905,19.0,0.0,6.0,5.427706771526656,16.0,0.0,-0.00035983157431473956,0.15113551984541118,0.00147425744580687,2.506463644405206,0.007213692015284324,0.0733489990234375,0.9876016080379486,0.01172082465685283,0.0488128662109375,0.6409173160791397,1.1829445362091064
57483.06910659745,1218,79822848,79822848,912.0116751561796,1604.6390985565772,1213,100,6.560000002384186,5.95032766150642,19.0,0.0,5.45,5.303536642973614,16.0,0.0,-0.0006725329694745596,0.17171488197830817,0.001462482852123988,2.5136486217379574,0.006936888841664768,0.07108561197916666,0.9855549167841672,0.011754132613229254,0.0424041748046875,0.5971285104751587,1.1838698387145996
57543.07169633731,1219,79944960,79888384,2035.1121598153663,1092.2195239260666,1213,100,6.560000002384186,5.95032766150642,19.0,0.0,5.45,5.303536642973614,16.0,0.0,0.0009363502249470912,0.18934732077953717,0.0014904697418387514,2.508456359306971,0.008850407774540752,0.0868682861328125,0.9834728601078192,0.012339850596617906,0.042816162109375,0.5973294079303741,1.1841906309127808
57624.59442018904,1221,80019456,80019456,913.806561904068,1607.7971123535492,1213,100,6.560000002384186,5.95032766150642,19.0,0.0,5.45,5.303536642973614,16.0,0.0,-0.000598428135466141,0.20882843007954457,0.0014057303827333574,2.5176911155382795,0.0078018827516643805,0.07208251953125001,0.9826098239670197,0.012352499383268878,0.04071044921875,0.5841882675886154,1.184945821762085
57684.59477286786,1222,80143104,80084992,2060.787886729314,1092.2602463824105,1217,100,7.7,5.543464619279061,16.0,0.0,6.42000002861023,5.383641920616137,16.0,0.0,0.0014332508423346249,0.1717543242654453,0.0014036752715279968,2.512260615825653,0.009742113073419508,0.08963521321614584,0.9863734220465024,0.012825913921309015,0.041290283203125,0.5883031636476517,1.185306429862976
57765.8554052189,1224,80216064,80216064,897.851738155536,1612.9827717039805,1217,100,7.7,5.543464619279061,16.0,0.0,6.42000002861023,5.383641920616137,16.0,0.0,-0.000880052990396507,0.19111373710135618,0.0013983828078683775,2.506313865383466,0.007599789039280344,0.07780965169270834,0.9833032867560784,0.012258709854601573,0.0469970703125,0.6283414512872696,1.1861993074417114
57825.85580815002,1225,80332800,80281600,1945.5869343744957,1092.2593315786644,1217,100,7.7,5.543464619279061,16.0,0.0,6.42000002861023,5.383641920616137,16.0,0.0,-0.000633618054659261,0.20404769759625196,0.00148124265858011,2.498192851742109,0.008878936852246019,0.07403564453125,0.9800552415351074,0.011939400797321772,0.047821044921875,0.628470167517662,1.1867245435714722
57908.1850275211,1227,80412672,80412672,970.1537389780773,1592.0471613999218,1221,100,6.949999904632568,5.800646412548711,19.0,0.0,6.290000033378601,5.374560484128601,16.0,0.0,1.1644261879458412e-05,0.19718263740651312,0.0015236200270010158,2.488237015902996,0.008368031220622168,0.08049519856770834,0.9811185710132122,0.012533693952718748,0.0443878173828125,0.6053982973098755,1.1876144409179688
57968.18548030965,1228,80531968,80478208,1988.251662373656,1092.2584239649268,1221,100,6.949999904632568,5.800646412548711,19.0,0.0,6.290000033378601,5.374560484128601,16.0,0.0,0.0004458368857740424,0.16183392183544734,0.0014978737320537523,2.493485674262047,0.0088857132159319,0.0908355712890625,0.9828209181626638,0.012279256431308264,0.046356201171875,0.623042032122612,1.1880180835723877
58050.36028274894,1230,80609280,80609280,940.8236795837744,1595.0388210162002,1221,100,6.949999904632568,5.800646412548711,19.0,0.0,6.290000033378601,5.374560484128601,16.0,0.0,0.00036590719416077866,0.1736837831946711,0.0013613691116916016,2.5105746388435364,0.006500938630172944,0.07243855794270834,0.9836529040088257,0.01204338467020231,0.04498291015625,0.6157436072826385,1.1887474060058594
58110.36071695387,1231,80731904,80674816,2043.718543455343,1092.2587622642334,1226,100,5.579999923706055,5.553701327563004,16.0,0.0,5.880000019073487,5.415311585242598,16.0,0.0,-0.00011157472181366762,0.14051177317742258,0.0014140387138468211,2.520321349302928,0.0077265973577596014,0.07950846354166667,0.9871083156516155,0.0118338818817089,0.0442352294921875,0.6097004115581512,1.1891849040985107
58191.4708827436,1233,80805888,80805888,912.1421375441662,1615.9749980021213,1226,100,5.579999923706055,5.553701327563004,16.0,0.0,5.880000019073487,5.415311585242598,16.0,0.0,0.0003790562259382568,0.15997452063796422,0.0013494050375205309,2.526301885644595,0.0072148688529220335,0.07596842447916667,0.9869924640903871,0.011786077957367525,0.045013427734375,0.6158498376607895,1.1899610757827759
58251.47106114961,1234,80921088,80871424,1919.994291024494,1092.2634188939344,1226,100,5.579999923706055,5.553701327563004,16.0,0.0,5.880000019073487,5.415311585242598,16.0,0.0,-0.001011943251796765,0.14383094369744262,0.001349140438833274,2.5344204107920327,0.006237771934441601,0.06717936197916667,0.9890389225135247,0.011560543673112988,0.0399017333984375,0.5726244300603867,1.1903367042541504
58336.27605587058,1236,81002496,81002496,959.9434593193151,1545.5693433065703,1231,100,7.699999904632568,5.575840667050791,16.0,0.0,6.17000002861023,5.446200453399538,16.0,0.0,0.000746724894270301,0.21172481472603977,0.0014615644237589245,2.5120261485377946,0.007591648597857178,0.07484944661458333,0.9765299496551355,0.01247445474533985,0.046356201171875,0.6250993013381958,1.1911555528640747
58396.27633002587,1237,81121792,81068032,1988.2575818111363,1092.2616758447443,1231,100,7.699999904632568,5.575840667050791,16.0,0.0,6.17000002861023,5.446200453399538,16.0,0.0,0.0016566252961638384,0.17603141147022447,0.0014869933571996323,2.5365477104981737,0.008556800631898417,0.07716878255208333,0.9844372533261776,0.011555407370906325,0.0374755859375,0.5578182935714722,1.19145667552948
58477.90412436053,1239,81199104,81199104,947.1283725127906,1605.7275719422146,1231,100,7.699999904632568,5.575840667050791,16.0,0.0,6.17000002861023,5.446200453399538,16.0,0.0,0.0005406866160531839,0.2588513289423039,0.0014488280273023217,2.499770311017831,0.008638752328503566,0.08499654134114584,0.9753352453311285,0.012496075777259344,0.047698974609375,0.6309784054756165,1.1921758651733398
58537.90464218147,1240,81320448,81264640,2022.382546132835,1092.2572401054972,1235,100,7.15,5.411792684961582,13.0,0.0,6.309999990463257,5.652778145885989,19.0,0.0,0.0011071611406805457,0.23724568309262395,0.0016065604504547082,2.50701442360878,0.008103152632732721,0.08437601725260417,0.9771779365837574,0.012289081758353861,0.04461669921875,0.6114866882562637,1.1925283670425415
58619.33403056115,1242,81395712,81395712,924.2854637329342,1609.639991262797,1235,100,7.15,5.411792684961582,13.0,0.0,6.309999990463257,5.652778145885989,19.0,0.0,0.0004139210723224096,0.21582804542655745,0.0016896753816884786,2.509163754681746,0.00745167182564425,0.08042399088541667,0.978576423600316,0.01256940052068482,0.043060302734375,0.598537877202034,1.1931790113449097
58679.33424118161,1243,81518592,81461248,2047.9928108467695,1092.2628324516104,1235,100,7.15,5.411792684961582,13.0,0.0,6.309999990463257,5.652778145885989,19.0,0.0,0.0012789399722047772,0.18144876005438468,0.0015281643839747026,2.530937338868777,0.007038126794820224,0.07320149739583334,0.9843042281766733,0.011106626897041375,0.039276123046875,0.5696210563182831,1.193577527999878
58760.140743797645,1245,81592320,81592320,912.4018193230343,1622.0476787965054,1239,100,6.490000057220459,5.472650154441961,13.0,0.0,6.8000000476837155,5.274466817748138,19.0,0.0,0.0023091529413553267,0.21841584440941614,0.0015230324194514349,2.500856891274452,0.008920342833638037,0.08272298177083333,0.9793851772944132,0.012683891739773875,0.045867919921875,0.6208114326000214,1.1943796873092651
58820.14604549855,1246,81716992,81657856,2077.6830790956556,1092.170160674513,1239,100,6.490000057220459,5.472650154441961,13.0,0.0,6.8000000476837155,5.274466817748138,19.0,0.0,-0.0001479755325514513,0.1661841960158199,0.0015226706624768362,2.4969468166430793,0.008429695487696637,0.08467610677083334,0.9827931597828865,0.012064159867198518,0.0491943359375,0.6415970772504807,1.1949355602264404
58900.93891873211,1248,81788928,81788928,890.3755631025373,1622.3213107064025,1243,100,7.369999945163727,5.673896309379739,16.0,0.0,5.7300000309944155,5.266602251781921,16.0,0.0,0.00026207935661659576,0.1479699722646425,0.0014813938287261408,2.4939082711935043,0.007723894799710251,0.08240763346354167,0.9859273694455624,0.01262250076009271,0.0498504638671875,0.6450045257806778,1.195937991142273
58960.93908420578,1249,81911296,81854464,2039.4610420482838,1092.2636543187461,1243,100,7.369999945163727,5.673896309379739,16.0,0.0,5.7300000309944155,5.266602251781921,16.0,0.0,-0.0009989592690544669,0.1761064858486255,0.0015204492531969058,2.500563755631447,0.007242969294869303,0.07638041178385417,0.9805478987594445,0.013145200044770414,0.04644775390625,0.6226666122674942,1.1964585781097412
59042.84341851063,1251,81985536,81985536,906.4233368123471,1600.3060291307645,1243,100,7.369999945163727,5.673896309379739,16.0,0.0,5.7300000309944155,5.266602251781921,16.0,0.0,-2.1796498913317926e-05,0.2033129852109899,0.0015303880378875572,2.5074557115634284,0.007860414972431801,0.0781402587890625,0.9792711362242699,0.012777135173867768,0.0454864501953125,0.61599400639534,1.1971253156661987
59102.844194633886,1252,82105344,82051072,1996.774170952166,1092.2525379567403,1247,100,6.4700000286102295,5.708686284550729,16.0,0.0,5.789999961853027,5.2920601139354915,16.0,0.0,-0.0006052050205956523,0.11333889421075583,0.0013741525144723708,2.5140479082862535,0.007120854331636414,0.0746612548828125,0.9902560245245695,0.012122474727220833,0.0422515869140625,0.596892312169075,1.197401523590088
59184.89513515122,1254,82182144,82182144,936.0038960647053,1597.4466492837637,1247,100,6.4700000286102295,5.708686284550729,16.0,0.0,5.789999961853027,5.2920601139354915,16.0,0.0,0.0002712627174332738,0.16245320028004548,0.001442935493590388,2.4888138646880784,0.008696486756283168,0.08108520507812501,0.9856439766784509,0.01259292742664305,0.0493927001953125,0.6435594856739044,1.1981854438781738
59244.89519559592,1255,82304000,82247680,2030.931287349537,1092.2655663056332,1247,100,6.4700000286102295,5.708686284550729,16.0,0.0,5.789999961853027,5.2920601139354915,16.0,0.0,-0.0006117747507232707,0.18673040764406323,0.0014026209282747004,2.496431589126587,0.008161487387042143,0.08249409993489583,0.9843228639413912,0.012352794020747144,0.0469818115234375,0.6315317451953888,1.198474645614624
59326.43309440091,1257,82378752,82378752,916.7761384037904,1607.4978865162352,1251,100,6.949999904632568,5.743474458488275,16.0,0.0,5.559999966621399,5.35783535463413,16.0,0.0,-0.00026523925528939196,0.15607353967304033,0.0014619640254143937,2.5076864163080854,0.0066550728145860685,0.0740814208984375,0.9868675675243139,0.012340350173568973,0.0441436767578125,0.6086837649345398,1.199225902557373
59386.43331972137,1258,82501120,82444288,2039.4590078026908,1092.262564848303,1251,100,6.949999904632568,5.743474458488275,16.0,0.0,5.559999966621399,5.35783535463413,16.0,0.0,0.000835368472811145,0.201282312705492,0.0015164800788625143,2.4953343967596693,0.008407515590685458,0.0767974853515625,0.9822063148021698,0.012106565816793593,0.047393798828125,0.6294933706521988,1.199627161026001
59468.44996095449,1260,82575360,82575360,905.1821543019204,1598.1147000089077,1251,100,6.949999904632568,5.743474458488275,16.0,0.0,5.559999966621399,5.35783535463413,16.0,0.0,-0.00129456300540672,0.16636855787752816,0.0014007324061822146,2.496508697668711,0.00877548972190804,0.08513387044270833,0.9861687757074833,0.01250342788019528,0.04730224609375,0.6261526197195053,1.2003414630889893
59528.45008537732,1261,82699264,82640896,2065.0623843181193,1092.2644016228069,1256,100,6.689999985694885,5.830428833258614,16.0,0.0,6.020000028610229,5.538916886078637,19.0,0.0,0.0006463460449595004,0.16738711988242963,0.0014167836343403906,2.5128867899378142,0.005670098424767882,0.0578155517578125,0.9856736604124308,0.011652822974914063,0.045257568359375,0.6165724992752075,1.2006834745407104
59610.8040226493,1263,82771968,82771968,882.8236075694534,1591.5693206885921,1256,100,6.689999985694885,5.830428833258614,16.0,0.0,6.020000028610229,5.538916886078637,19.0,0.0,-0.000825515318865655,0.23490910635640222,0.001405231122286447,2.4857707048455877,0.009140890747706482,0.08169047037760416,0.9804778924832741,0.012838245379195238,0.04779052734375,0.6343533843755722,1.2015137672424316
59670.80429871753,1264,82896384,82837504,2073.5904591260255,1092.2616410211162,1260,100,7.649999952316284,5.607807075330819,16.0,0.0,6.059999990463257,5.482371685220924,16.0,0.0,0.001049386458665443,0.16122156622198722,0.0015854929321600746,2.5106764535109205,0.005053090341486191,0.0492706298828125,0.9862533509731293,0.011545930242088314,0.0409088134765625,0.5808910578489304,1.2018848657608032
59752.49157391302,1266,82968576,82968576,883.760657057416,1604.558356075876,1260,100,7.649999952316284,5.607807075330819,16.0,0.0,6.059999990463257,5.482371685220924,16.0,0.0,-1.632475687074475e-05,0.16261022941519818,0.0014439371516346,2.4900417799750962,0.008768478384202657,0.08388264973958333,0.9856475082536539,0.012483170226914808,0.0518341064453125,0.6604353338479996,1.202848196029663
59812.4919096902,1267,83080960,83034112,1873.0561845079894,1092.2605540638845,1260,100,7.649999952316284,5.607807075330819,16.0,0.0,6.059999990463257,5.482371685220924,16.0,0.0,9.422514267498627e-05,0.17160879463578266,0.0013454265038793287,2.516196002562841,0.00790647746786514,0.07908630371093749,0.9876286145299673,0.011935931009550888,0.040313720703125,0.5787826627492905,1.2031511068344116
59895.82185012102,1269,83165184,83165184,1010.729151665748,1572.9280414980637,1263,100,6.710000085830688,5.662675977417763,16.0,0.0,6.12000002861023,5.486856938957972,19.0,0.0,0.001103222031815676,0.2054944601841271,0.0016197908043977804,2.494574827452501,0.010652223178719092,0.09726969401041667,0.9816166268040737,0.013784392106269175,0.042327880859375,0.5897077023983002,1.2038180828094482
59955.821953194216,1270,83286016,83230720,2013.8632070780952,1092.2647902796448,1263,100,6.710000085830688,5.662675977417763,16.0,0.0,6.12000002861023,5.486856938957972,19.0,0.0,0.0013379834417719394,0.19033304206095636,0.0015864675345558983,2.482460014522076,0.007900546187859922,0.0733795166015625,0.9837202671915294,0.01373888071975671,0.04541015625,0.6123338937759399,1.204209566116333
60037.280969178304,1272,83361792,83361792,930.2346595348233,1609.054546222397,1263,100,6.710000085830688,5.662675977417763,16.0,0.0,6.12000002861023,5.486856938957972,19.0,0.0,0.0011360029372250815,0.21290389091397324,0.00160185480126529,2.469876346488794,0.009891311117219933,0.098724365234375,0.9812139328569174,0.01405033790312397,0.051971435546875,0.6650323122739792,1.2049498558044434
60097.28117433749,1273,83481600,83427328,1996.7931723255922,1092.2629318704094,1268,100,6.6099999904632565,5.754815446554828,22.0,0.0,6.1099999904632565,5.480684224273049,16.0,0.0,-0.00018953768934200832,0.1894557225362708,0.0016497988823781875,2.472850968440374,0.006716532848561958,0.06558736165364583,0.9828489758074284,0.013684250327059999,0.046966552734375,0.6253881454467773,1.2053314447402954
60178.34568817727,1275,83558400,83558400,947.3935802759538,1616.8850436709613,1268,100,6.6099999904632565,5.754815446554828,22.0,0.0,6.1099999904632565,5.480684224273049,16.0,0.0,0.0005362200851474578,0.2472494647372514,0.0015564560671919025,2.483848735690117,0.007188658410692976,0.0712738037109375,0.9786246524502834,0.012872102980812391,0.0476226806640625,0.632950633764267,1.2062311172485352
60238.34635004215,1276,83682560,83623936,2069.3105066009434,1092.2546179171989,1268,100,6.6099999904632565,5.754815446554828,22.0,0.0,6.1099999904632565,5.480684224273049,16.0,0.0,0.0030454415840116176,0.20364687677162388,0.0016452406198368408,2.4596768816312156,0.00951347340984891,0.09760030110677083,0.9773669894784689,0.013646635372424498,0.0514678955078125,0.6542182266712189,1.206788182258606
60319.388047156855,1278,83755008,83755008,893.9595613040709,1617.340266387577,1272,100,7.560000085830689,5.793651601672655,19.0,0.0,7.060000061988831,5.493304962559122,19.0,0.0,0.0010571397421396493,0.1774445524594436,0.0015102897195902187,2.5098002453645067,0.008819364570323765,0.08072916666666666,0.9841410132745901,0.012234506090559686,0.0402069091796875,0.5779121220111847,1.2077198028564453
60379.388160865754,1279,83879424,83820544,2073.596070227918,1092.2645966632654,1272,100,7.560000085830689,5.793651601672655,19.0,0.0,7.060000061988831,5.493304962559122,19.0,0.0,0.0013102587981848046,0.1757862629213681,0.0014865480625303462,2.4887971406181655,0.007709386291026021,0.07817586263020833,0.983453885341684,0.011888371120827895,0.051116943359375,0.6533306241035461,1.2082933187484741
60459.86849234812,1281,83951616,83951616,897.0141980071018,1628.6215226228232,1276,100,6.6,5.989991632380713,19.0,0.0,6.4199999332427975,5.422508557873986,16.0,0.0,0.0024550946909585036,0.2302787876687944,0.0015037481995629303,2.5021285166343055,0.008361676861265247,0.082489013671875,0.9800272881984711,0.012480867677368222,0.04803466796875,0.6356287002563477,1.2091718912124634
60519.86901947297,1282,84075008,84017152,2056.515265994915,1092.2570707358884,1276,100,6.6,5.989991632380713,19.0,0.0,6.4199999332427975,5.422508557873986,16.0,0.0,0.0017524132150962637,0.14339943055529147,0.001428670851358523,2.500063978135586,0.006980434260791905,0.07598368326822916,0.9891788804282745,0.011555757412376504,0.0463104248046875,0.6228218972682953,1.209535837173462
60601.15023403801,1284,84148224,84148224,900.7739413319772,1612.5743285383646,1276,100,6.6,5.989991632380713,19.0,0.0,6.4199999332427975,5.422508557873986,16.0,0.0,0.0013817484990189164,0.15703733505991596,0.0013760498174330376,2.495309107005596,0.009689617640712337,0.08946736653645834,0.9865574675301712,0.011687363129264366,0.0443115234375,0.6039496511220932,1.2104138135910034
60661.15026800893,1285,84270592,84213760,2039.4655119579284,1092.2660482452502,1280,100,6.87999997138977,5.887750010695036,19.0,0.0,5.640000033378601,5.258364766866616,13.0,0.0,0.0005187099353255084,0.12812114180997014,0.0013749989860419494,2.4960267767310143,0.008149681768675995,0.077545166015625,0.9891936282316843,0.012341746468640244,0.046234130859375,0.6174806356430054,1.2108439207077026
60742.708904398605,1287,84344832,84344832,910.2653414323211,1607.0891545287875,1280,100,6.87999997138977,5.887750010695036,19.0,0.0,5.640000033378601,5.258364766866616,13.0,0.0,-0.0009588186161029928,0.13467215180086595,0.001383663461941372,2.500548332929611,0.007242733668438935,0.069091796875,0.9887219375620285,0.012005937188708533,0.04193115234375,0.5893622934818268,1.2116243839263916
60802.70911797322,1288,84465664,84410368,2013.8594981787794,1092.2627786732364,1280,100,6.87999997138977,5.887750010695036,19.0,0.0,5.640000033378601,5.258364766866616,13.0,0.0,-0.000616245336762707,0.15525870071724057,0.001368881916278042,2.4797161494692164,0.008990271434110278,0.08167012532552084,0.9876222970585028,0.013132755858047554,0.048736572265625,0.634946271777153,1.2120424509048462
60884.54678397253,1290,84541440,84541440,925.9306100034736,1601.609703789792,1284,100,5.779999995231629,5.604605313531073,16.0,0.0,5.35,5.384003942059799,16.0,0.0,0.0008794163307660104,0.16011724481359127,0.001466244705322121,2.495997612675031,0.008252366859475538,0.07523600260416667,0.9862167537212372,0.013522873690817503,0.0458221435546875,0.6205452084541321,1.2129995822906494
60944.54716836661,1291,84665856,84606976,2073.586715425723,1092.2596690308335,1284,100,5.779999995231629,5.604605313531073,16.0,0.0,5.35,5.384003942059799,16.0,0.0,-0.0002547752155805938,0.16184220657063025,0.00149521003428769,2.477341517806053,0.008722536417432519,0.08612569173177083,0.9836810696870089,0.013516213744878769,0.048187255859375,0.6303512006998062,1.2135378122329712
61025.3859178517,1293,84738048,84738048,893.0370702148831,1621.4006381206389,1284,100,5.779999995231629,5.604605313531073,16.0,0.0,5.35,5.384003942059799,16.0,0.0,0.0007748215017879072,0.20796652471957106,0.0016725163004593924,2.4571355357766147,0.008741896922704957,0.08642069498697917,0.9766257485995691,0.014686550130136311,0.0550537109375,0.6749245822429657,1.2145434617996216
61085.3863718193,1294,84861952,84803584,2065.0510422288717,1092.2584025012213,1284,100,5.779999995231629,5.604605313531073,16.0,0.0,5.35,5.384003942059799,16.0,0.0,0.0009398397147985331,0.15878470397243896,0.0013716927035905733,2.49283080548048,0.007875993738101291,0.08363850911458333,0.987204072996974,0.011970451916567981,0.047027587890625,0.6283923238515854,1.2148792743682861
61166.8576287739,1296,84934656,84934656,892.3883430510774,1608.812787472365,1289,100,6.740000009536743,5.925571677421394,16.0,0.0,6.13000009059906,5.454640274373775,16.0,0.0,0.001758032272239992,0.19078679002511006,0.0014488887294040371,2.504480761786302,0.009704324371947829,0.09187825520833333,0.9829989193628232,0.012137516770356646,0.0477294921875,0.6344360709190369,1.2156929969787598
61226.857856888324,1297,85052416,85000192,1962.6592048186965,1092.2625139860572,1289,100,6.740000009536743,5.925571677421394,16.0,0.0,6.13000009059906,5.454640274373775,16.0,0.0,-0.00014627935888711363,0.17695487088834247,0.0014817505010190266,2.4947628205021224,0.009446369813910374,0.09431966145833333,0.9840107193837563,0.012088325039561216,0.0483551025390625,0.6325012594461441,1.216253638267517
61310.65878874622,1299,85131264,85131264,940.8964584511123,1564.0876192434075,1294,100,7.080000019073486,5.835546224737054,16.0,0.0,6.440000069141388,5.596999129359951,19.0,0.0,0.0008307325600374801,0.1707248332289358,0.0014638530932037004,2.4905548145373664,0.009018608755771615,0.08936055501302083,0.984660874431332,0.01206090860068798,0.048492431640625,0.6345492601394653,1.21714448928833
61370.65889640525,1300,85251584,85196800,2005.3297351358656,1092.2647067974076,1294,100,7.080000019073486,5.835546224737054,16.0,0.0,6.440000069141388,5.596999129359951,19.0,0.0,0.001280293843592517,0.18552616743060452,0.0014429457247994528,2.491823899249236,0.008787480216900198,0.08381144205729167,0.982490132873257,0.013292520821172122,0.0453338623046875,0.6149609684944153,1.2175911664962769
61451.934494512156,1302,85327872,85327872,938.6335108805305,1612.6857636605087,1294,100,7.080000019073486,5.835546224737054,16.0,0.0,6.440000069141388,5.596999129359951,19.0,0.0,0.002670619791994492,0.15668977245998877,0.0014294298307504507,2.4923080454270043,0.0077410519346206765,0.08268229166666667,0.9866060807059208,0.012266130594071,0.04296875,0.5941256284713745,1.2185591459274292
61511.935041558,1303,85447936,85393408,2001.0484222463558,1092.2567080918275,1298,100,6.779999923706055,5.80099988445153,16.0,0.0,6.57999997138977,5.676583412514413,19.0,0.0,0.0008146028922055847,0.1712219126832982,0.0015076922196991898,2.480948952337106,0.00859059464164602,0.08548482259114584,0.9821759269883236,0.012601854745298626,0.0481109619140625,0.6337105184793472,1.2190102338790894
61593.600154394284,1305,85524480,85524480,937.2913027555268,1604.993802711805,1298,100,6.779999923706055,5.80099988445153,16.0,0.0,6.57999997138977,5.676583412514413,19.0,0.0,0.0016865047812946918,0.22433562646619976,0.001541461582140376,2.5116985787947974,0.007953031126210893,0.08179219563802083,0.9762548586974541,0.01236556728448098,0.04248046875,0.5954941958189011,1.2198121547698975
61653.60063591972,1306,85645056,85590016,2009.5838722374942,1092.2579008339671,1298,100,6.779999923706055,5.80099988445153,16.0,0.0,6.57999997138977,5.676583412514413,19.0,0.0,0.001789024936442729,0.16634405419851342,0.001538371655139296,2.5186649610598884,0.007014010517499022,0.0690460205078125,0.9854888425519068,0.012158645627399284,0.0440521240234375,0.6041090488433838,1.2201306819915771
61735.30250233039,1308,85721088,85721088,930.6029756753267,1604.2717964503947,1303,100,7.329999923706055,5.669312068364637,16.0,0.0,6.509999990463257,5.510889167302288,19.0,0.0,-0.0003888095573832592,0.1715670955212166,0.0015046008375065867,2.4925202677647276,0.0068697047330109244,0.07236226399739583,0.9790328809370598,0.013328357240728414,0.05145263671875,0.6552250534296036,1.2211642265319824
61795.302528075874,1309,85842688,85786624,2026.6657970418953,1092.2661979846846,1303,100,7.329999923706055,5.669312068364637,16.0,0.0,6.509999990463257,5.510889167302288,19.0,0.0,0.0011434107218519785,0.15576397596548003,0.0015412506375772257,2.509194480876128,0.0060901901112326105,0.05995686848958333,0.9859323340157669,0.012539502136254063,0.043731689453125,0.5999093651771545,1.2216180562973022
61876.24667498097,1311,85917696,85917696,926.6636670832492,1619.2894114219234,1306,100,6.889999985694885,5.825624472651637,16.0,0.0,6.659999895095825,5.748425729007777,19.0,0.0,0.0017964127485659747,0.21700759216522175,0.0015207504426750043,2.4906247034668922,0.008849419680700521,0.07995096842447916,0.9777356168876091,0.013269376174624389,0.0495758056640625,0.6436846703290939,1.2223095893859863
61936.246977921575,1312,86041856,85983232,2069.3228853011483,1092.2611518290598,1306,100,6.889999985694885,5.825624472651637,16.0,0.0,6.659999895095825,5.748425729007777,19.0,0.0,-0.0009764334827195853,0.14610676793381572,0.001371129100637821,2.510538501044114,0.006970106323327249,0.06830851236979167,0.9879861511290073,0.012172248020457726,0.0463714599609375,0.6218351721763611,1.2227845191955566
62017.46580210142,1314,86114304,86114304,892.0099586713814,1613.8130701051139,1306,100,6.889999985694885,5.825624472651637,16.0,0.0,6.659999895095825,5.748425729007777,19.0,0.0,0.00186047020542901,0.14092994353268296,0.0014047924645031646,2.50700685630242,0.008834020252834307,0.09392801920572916,0.9865173846483231,0.012640013960966218,0.0458831787109375,0.6183367669582367,1.2234083414077759
62077.46646421775,1315,86235904,86179840,2026.6443020950783,1092.2546133396631,1310,100,7.919999980926514,5.78909318114687,19.0,0.0,6.250000095367431,5.461455852488973,16.0,0.0,0.001879087125416845,0.11198830146652956,0.0013354185624242139,2.5224266772468886,0.006939676335605327,0.06667073567708334,0.9904012146095436,0.012177574040833862,0.042572021484375,0.5936340093612671,1.2237906455993652
62158.89147785492,1317,86310912,86310912,921.1911260369644,1609.7264728017947,1310,100,7.919999980926514,5.78909318114687,19.0,0.0,6.250000095367431,5.461455852488973,16.0,0.0,0.002268677918133714,0.2134020822898795,0.0014088528441789094,2.4960734943548837,0.008756025217129112,0.08176167805989583,0.9758059866726398,0.013558829591299096,0.046539306640625,0.6199907511472702,1.22472083568573
62218.89171060361,1318,86434816,86376448,2065.0586560051447,1092.2624296225558,1314,100,6.940000009536743,5.728560070350015,19.0,0.0,6.769999980926514,5.343884221505347,16.0,0.0,-6.464849138865253e-05,0.14782332221511751,0.0012008434544744282,2.5338784183065095,0.006910069920195383,0.0670928955078125,0.9885500756402811,0.011358201901506012,0.0389862060546875,0.5731833130121231,1.2249197959899902
62299.55860440992,1320,86507520,86507520,901.2867183726148,1624.8549288971083,1314,100,6.940000009536743,5.728560070350015,19.0,0.0,6.769999980926514,5.343884221505347,16.0,0.0,0.0008078365657032313,0.1205753506704544,0.0013539021007697252,2.5082606747746468,0.008112156293160904,0.08571879069010417,0.9885832120974859,0.013131026566649476,0.0482025146484375,0.6349541246891022,1.225738286972046
62359.558840129524,1321,86628864,86573056,2022.3920547090186,1092.262375539048,1314,100,6.940000009536743,5.728560070350015,19.0,0.0,6.769999980926514,5.343884221505347,16.0,0.0,-0.00027322693010016036,0.18452410384391746,0.0012524161599382446,2.51934652030468,0.006650273119400177,0.07279459635416666,0.9834338252743084,0.012026842353710284,0.0432281494140625,0.6044121533632278,1.2260380983352661
62440.784847902134,1323,86704128,86704128,926.5997685211847,1613.6703451797503,1317,100,6.209999990463257,5.79015542729126,16.0,0.0,6.230000066757202,5.287447308623501,13.0,0.0,-6.58913098353272e-05,0.180860511570548,0.0013222161505836993,2.507806566854318,0.007890009367353438,0.07266235351562499,0.9806222493449848,0.012828705298791949,0.0464935302734375,0.6258729696273804,1.2266329526901245
62500.78488410637,1324,86828800,86769664,2077.865412874581,1092.2660075891022,1317,100,6.209999990463257,5.79015542729126,16.0,0.0,6.230000066757202,5.287447308623501,13.0,0.0,-0.00025228776454847934,0.1737903143124034,0.0013337172713363543,2.5102377782265344,0.008139720289060884,0.08314514160156249,0.9797736033797264,0.012740581024748584,0.04534912109375,0.6156248599290848,1.2269891500473022
62581.45659185015,1326,86900736,86900736,891.7128695040859,1624.7579686337792,1317,100,6.209999990463257,5.79015542729126,16.0,0.0,6.230000066757202,5.287447308623501,13.0,0.0,-2.9037728381808305e-06,0.1980318974237889,0.0013194033975499528,2.5062665194272995,0.008111293382777754,0.08489990234375001,0.9823572219659884,0.012283292637827495,0.0469970703125,0.6271295845508575,1.227717638015747
62641.45694200322,1327,87026688,86966272,2099.1877493826223,1092.2602923616898,1322,100,7.880000162124634,5.555681785789578,16.0,0.0,7.3,5.222068556137504,16.0,0.0,0.0010093658468880071,0.16889291652478278,0.0013839966256152063,2.4881064792474112,0.009977112538763322,0.0863494873046875,0.9836793889602026,0.013382563493602598,0.050140380859375,0.6460600644350052,1.2281460762023926
62721.44607885368,1329,87097344,87097344,883.3199454582247,1638.6225075167067,1322,100,7.880000162124634,5.555681785789578,16.0,0.0,7.3,5.222068556137504,16.0,0.0,-0.0013970142596614703,0.09886305398928623,0.0012657250069120587,2.5098406275113425,0.007652049351236201,0.07476806640625,0.991900555168589,0.01233040313430441,0.04705810546875,0.6222167015075684,1.2288572788238525
62781.4464358408,1330,87221760,87162880,2073.587662598582,1092.2601679531624,1322,100,7.880000162124634,5.555681785789578,16.0,0.0,7.3,5.222068556137504,16.0,0.0,0.00035434675858899323,0.1678529083340739,0.0012837594404118136,2.5025125245253244,0.00869488954594999,0.08623250325520833,0.9829991509517034,0.012974979986514276,0.0447845458984375,0.6126110404729843,1.2292044162750244
62862.37995589338,1332,87293952,87293952,891.9913523234537,1619.502029750384,1326,100,7.779999923706055,6.049099047960309,22.0,0.0,6.940000057220459,5.326950261436515,16.0,0.0,-0.0014622582178465866,0.12174431517875442,0.0012502935363348418,2.5082364653547606,0.007936452169815311,0.07895406087239583,0.9885715960214536,0.012392222318643084,0.04638671875,0.6268356144428253,1.2298901081085205
62922.38023542613,1333,87418112,87359488,2069.3236926044488,1092.2615779520388,1326,100,7.779999923706055,6.049099047960309,22.0,0.0,6.940000057220459,5.326950261436515,16.0,0.0,-0.0006187129159419176,0.19673185609281063,0.0013729603476046273,2.5009652251998586,0.008444228399336376,0.07715861002604167,0.9826066593329112,0.0136363690738411,0.041229248046875,0.5791663080453873,1.230275273323059
63002.396126778796,1335,87490560,87490560,905.420145614412,1638.0746097334945,1326,100,7.779999923706055,6.049099047960309,22.0,0.0,6.940000057220459,5.326950261436515,16.0,0.0,-0.00033706459119760745,0.1431278371019289,0.0012298112524149474,2.507788556317488,0.008945824223095164,0.08510843912760417,0.98791096235315,0.010777504241559654,0.0487060546875,0.6359595507383347,1.231003761291504
63062.39622997306,1336,87616768,87556096,2103.4630489112237,1092.264788075605,1330,100,6.790000009536743,5.589803193173065,16.0,0.0,6.459999942779541,5.411875693995238,16.0,0.0,0.0011489901517052203,0.1950927870348096,0.0013581313069153111,2.4924845149119697,0.0069629331555916,0.06261189778645833,0.9797579248746237,0.012225624542528143,0.049530029296875,0.6399610787630081,1.2314860820770264
63143.41329731606,1338,87687168,87687168,868.9527072357752,1617.8319494716977,1330,100,6.790000009536743,5.589803193173065,16.0,0.0,6.459999942779541,5.411875693995238,16.0,0.0,-0.00016478019703451227,0.18607135543910167,0.0012644840438345757,2.506700813770294,0.007930900114539933,0.0748138427734375,0.9846112492183844,0.011165630052952718,0.0493316650390625,0.6472321003675461,1.232160210609436
63203.413828914985,1339,87807232,87752704,2001.0489374089136,1092.2569892893005,1330,100,6.790000009536743,5.589803193173065,16.0,0.0,6.459999942779541,5.411875693995238,16.0,0.0,-0.0009871121971324708,0.1584311684903999,0.0012881428980714797,2.5123067821065583,0.007085116476446274,0.069122314453125,0.9862311352044344,0.01117439869752464,0.0447845458984375,0.6104746311903,1.2325654029846191
63285.4740702305,1341,87883776,87883776,932.7781489905151,1597.265592920213,1335,100,6.5699999809265135,5.838244542576355,16.0,0.0,6.089999961853027,5.351812767435459,16.0,0.0,0.0007921785957781442,0.17528849568528435,0.001435084668628406,2.4889264230926833,0.009097147982174647,0.08786519368489584,0.9817201023300488,0.01195732796137842,0.05828857421875,0.7015836834907532,1.2334208488464355
63345.47414531745,1342,88004608,87949312,2013.8641464180166,1092.2652997521448,1335,100,6.5699999809265135,5.838244542576355,16.0,0.0,6.089999961853027,5.351812767435459,16.0,0.0,0.0016430860996479169,0.25228206627070904,0.001339981365163112,2.4975269958376884,0.009316940703987104,0.08720397949218751,0.9766650094340246,0.011996226569560045,0.05218505859375,0.6616045087575912,1.2337590456008911
63426.77585504949,1344,88080384,88080384,932.0345199350328,1612.1678182660028,1339,100,7.049999952316284,5.848717830629337,19.0,0.0,7.1400000095367435,5.538989020181662,19.0,0.0,0.0016351217079015137,0.17021669230113426,0.0013560851706036676,2.5136720140775046,0.007970652558166574,0.07576497395833333,0.9833154641091822,0.0121432135735328,0.040008544921875,0.5737949758768082,1.2344430685043335
63486.77878888883,1345,88199680,88145920,1988.1694505043233,1092.2132603628902,1339,100,7.049999952316284,5.848717830629337,19.0,0.0,7.1400000095367435,5.538989020181662,19.0,0.0,-0.000392802828476609,0.1273982754986112,0.0012620676340399466,2.511635385453701,0.0065619132268087315,0.06989034016927083,0.9889727861930927,0.011601162977361431,0.045013427734375,0.6113027930259705,1.2348275184631348
63568.3658712171,1347,88276992,88276992,947.6009901779112,1606.528831030101,1339,100,7.049999952316284,5.848717830629337,19.0,0.0,7.1400000095367435,5.538989020181662,19.0,0.0,0.000978487688068223,0.17173778824508193,0.001270500063886478,2.504234110315641,0.007638708483985587,0.0743408203125,0.9842752311378716,0.012163581578837087,0.049713134765625,0.644767701625824,1.2355787754058838
63628.366082774475,1348,88401152,88342528,2069.326036980315,1092.262815395795,1339,100,7.049999952316284,5.848717830629337,19.0,0.0,7.1400000095367435,5.538989020181662,19.0,0.0,0.0014311618106148671,0.23799378680996597,0.0012796359721202557,2.513678878545761,0.008713649314813665,0.08066304524739583,0.9789563858260711,0.011634229216724634,0.0511016845703125,0.6573101282119751,1.2359158992767334
63709.08050454594,1350,88473600,88473600,897.5843276822063,1623.8981476087972,1343,100,7.12999997138977,5.726526000796206,19.0,0.0,5.7000000238418576,5.5072678380129565,16.0,0.0,0.0003179212969068127,0.14993332085820535,0.0012787189613542675,2.496330333252748,0.007302266352174532,0.07493082682291667,0.9853007917602857,0.012097502331016587,0.0477142333984375,0.6309652030467987,1.2366124391555786
63769.082990022376,1351,88593408,88539136,1996.7172867706317,1092.2214218232516,1343,100,7.12999997138977,5.726526000796206,19.0,0.0,5.7000000238418576,5.5072678380129565,16.0,0.0,0.00028045104894166195,0.16359065131594738,0.0012904366218814782,2.491778875390689,0.007989546620592591,0.07860310872395833,0.9849996591607729,0.01247780445070627,0.052703857421875,0.6642782688140869,1.2370716333389282
63850.46651851013,1353,88670208,88670208,943.6798996931377,1610.5470288096217,1348,100,6.440000009536743,5.904777760379259,16.0,0.0,6.440000009536743,5.383901928562025,16.0,0.0,-0.0004416050239039275,0.1393555401979635,0.0013242832683317827,2.5166804045438766,0.006263671129393818,0.060994466145833336,0.9869746391971906,0.011331729241646825,0.04364013671875,0.5998330265283585,1.237796664237976
63910.47115893848,1354,88791552,88735744,2022.2435987245856,1092.182196779523,1348,100,6.440000009536743,5.904777760379259,16.0,0.0,6.440000009536743,5.383901928562025,16.0,0.0,0.0004996140390479316,0.19271038107884428,0.0012411571503131806,2.50321954737107,0.008616098001463493,0.0818328857421875,0.980139180396994,0.012019682724106437,0.0498046875,0.6444419622421265,1.2382309436798096
63991.34420141019,1356,88866816,88866816,930.6438548584447,1620.7131077806928,1348,100,6.440000009536743,5.904777760379259,16.0,0.0,6.440000009536743,5.383901928562025,16.0,0.0,-0.001030464888269004,0.1932183150202036,0.0013723285931822224,2.4942374750971794,0.005876537421499961,0.058624267578125,0.9821130484342575,0.01243463444795149,0.054290771484375,0.675470694899559,1.2390040159225464
64051.34430072643,1357,88993024,88932352,2103.463184865781,1092.2648586726975,1348,100,6.440000009536743,5.904777760379259,16.0,0.0,6.440000009536743,5.383901928562025,16.0,0.0,0.001331080685001022,0.18487858686906597,0.0013644815092751135,2.4883488044142723,0.007528156772120079,0.07859293619791667,0.9788767813394468,0.013018575205933303,0.0532073974609375,0.6636312454938889,1.2395000457763672
64131.66592980176,1359,89063424,89063424,876.4762469393144,1631.839412483378,1352,100,7.4700000286102295,5.901618399634934,19.0,0.0,5.85,5.2542840312156365,16.0,0.0,0.0007080106394520651,0.19920014427043498,0.0013382865327002946,2.4900527745485306,0.008662942539861737,0.08324686686197917,0.9786331423868736,0.013099977901826302,0.0501861572265625,0.6460361331701279,1.2403323650360107
64191.66802996211,1360,89186304,89128960,2047.928317035971,1092.228435752518,1352,100,7.4700000286102295,5.901618399634934,19.0,0.0,5.85,5.2542840312156365,16.0,0.0,0.001656233063840773,0.17798722558654845,0.0013019802512038343,2.510993947585424,0.009153737279727162,0.09132893880208334,0.9827176456650097,0.011984760601383945,0.0472564697265625,0.629233106970787,1.2407454252243042
64273.72348310985,1362,89260032,89260032,898.5143238104388,1597.3587978852245,1357,100,7.530000019073486,5.615077917184179,19.0,0.0,6.489999914169312,5.277300269892772,16.0,0.0,0.0011757883245688086,0.15268970963855583,0.001285596950765466,2.520038952430089,0.007178810107385895,0.0759124755859375,0.9860170378039281,0.011557376002504801,0.0443878173828125,0.6080413907766342,1.241454005241394
64333.72385672107,1363,89383936,89325568,2065.053807878561,1092.2598653241978,1357,100,7.530000019073486,5.615077917184179,19.0,0.0,6.489999914169312,5.277300269892772,16.0,0.0,0.0005438453905905287,0.18107957276515663,0.0013777253322283891,2.4897584343949952,0.008369261289772114,0.080596923828125,0.9787617834905783,0.013637164268099392,0.05303955078125,0.6704765558242798,1.2418367862701416
64414.86974704452,1365,89456640,89456640,895.9665081029234,1615.263563903862,1360,100,7.150000047683716,5.797197678692678,16.0,0.0,7.599999952316284,5.394441542725478,19.0,0.0,-0.00015621933319683498,0.1773348330752924,0.0013354499181635522,2.499365376929442,0.00875491395224041,0.08471171061197916,0.9785819767663876,0.013227478310000151,0.0485992431640625,0.6368414759635925,1.2425233125686646
64474.870231034234,1366,89582336,89522176,2094.9164346998436,1092.2578559738492,1360,100,7.150000047683716,5.797197678692678,16.0,0.0,7.599999952316284,5.394441542725478,19.0,0.0,0.000665809726342559,0.14933600230142474,0.001278152132726973,2.493701400856177,0.007816584052003842,0.08945719401041667,0.981133765851458,0.012965476625443745,0.05023193359375,0.6462912559509277,1.2430201768875122
64554.99075501785,1368,89653248,89653248,885.0666030904127,1635.9353818855284,1360,100,7.150000047683716,5.797197678692678,16.0,0.0,7.599999952316284,5.394441542725478,19.0,0.0,-0.0003844293605652637,0.17591360731360814,0.001257322260547274,2.500791981816292,0.008790380548816756,0.084136962890625,0.9835670168201129,0.011904282068523267,0.0497283935546875,0.6480436623096466,1.2437387704849243
64614.9913612809,1369,89776896,89718784,2060.779177095292,1092.2556300960555,1364,100,7.5,5.788782014983598,16.0,0.0,6.9,5.447017474649634,16.0,0.0,0.00019486339685196677,0.13785601252069077,0.0013025440930505283,2.490276793638865,0.007459944132278906,0.08060201009114583,0.9855408817529678,0.012015050218906252,0.0538787841796875,0.6727540493011475,1.2441370487213135
64696.3918462079,1371,89849856,89849856,896.3091567013613,1610.2115376529719,1364,100,7.5,5.788782014983598,16.0,0.0,6.9,5.447017474649634,16.0,0.0,0.00028200915524697245,0.20115263853222132,0.001226117964203392,2.495591645439466,0.010237782455684888,0.08944193522135417,0.98130974235634,0.013176893252724161,0.0521697998046875,0.6614933460950851,1.2449727058410645
64756.392340632156,1372,89970688,89915392,2013.8500717280203,1092.257666021977,1369,100,7.999999952316284,5.551576387780072,16.0,0.0,7.289999961853027,5.200567205601607,16.0,0.0,0.0002505045267753303,0.18740847978430492,0.0012092487522750162,2.523723229765892,0.007356793295305882,0.07459513346354167,0.9835681753853958,0.011560276655169826,0.0414581298828125,0.5875458717346191,1.245276689529419
64838.85845289752,1374,90046464,90046464,918.8744069341407,1589.404379561757,1369,100,7.999999952316284,5.551576387780072,16.0,0.0,7.289999961853027,5.200567205601607,16.0,0.0,0.0007168663238796094,0.20663932268507781,0.001245324788518095,2.5007720415790873,0.008640719592828342,0.08206685384114583,0.9808830407758553,0.01248084069811739,0.045318603515625,0.6090603321790695,1.2461105585098267
64898.85892986506,1375,90168576,90112000,2035.1838213895403,1092.2579838065458,1369,100,7.999999952316284,5.551576387780072,16.0,0.0,7.289999961853027,5.200567205601607,16.0,0.0,0.0013944940134630692,0.19246051623485982,0.0012471199030793894,2.5308849488695464,0.006687912355725227,0.06922403971354167,0.9821428668995699,0.011781430531603593,0.0394744873046875,0.5739954710006714,1.246330738067627
64980.20861359686,1377,90243072,90243072,915.7503334076799,1611.2170814595606,1372,100,7.959999990463257,5.605211804859382,16.0,0.0,6.5100000381469725,5.483602744928115,16.0,0.0,-0.0008101386289733151,0.1510839257389307,0.0012057170946112214,2.523135729134083,0.007933707762276754,0.0808563232421875,0.986952952419718,0.011352234772251299,0.0415191650390625,0.5807431638240814,1.2469933032989502
65040.208803933114,1378,90363648,90308608,2009.5936250245147,1092.263201711838,1372,100,7.959999990463257,5.605211804859382,16.0,0.0,6.5100000381469725,5.483602744928115,16.0,0.0,-0.0008356494896967586,0.16807859980811676,0.0012585218270639114,2.4950676560401917,0.007651353716331262,0.07658894856770834,0.9817792729785045,0.012211853958433494,0.0509185791015625,0.6545446217060089,1.2473673820495605
65121.921345125884,1380,90439680,90439680,930.4814033457985,1604.0622172156527,1372,100,7.959999990463257,5.605211804859382,16.0,0.0,6.5100000381469725,5.483602744928115,16.0,0.0,-0.0004007488678325899,0.10955273286284259,0.00120834936145305,2.5091324349244437,0.005609200369993536,0.05999247233072917,0.9894578227152427,0.012082227379626906,0.041900634765625,0.5880118012428284,1.2481166124343872
65181.92182746716,1381,90560512,90505216,2013.8504772798983,1092.2578859823177,1376,100,6.169999992847442,5.635698695513168,16.0,0.0,5.790000009536743,5.398694234431684,16.0,0.0,0.00026671074010664597,0.10954396958307674,0.0011092696865186251,2.504614549378554,0.005161525460304499,0.05628458658854167,0.9904272481799126,0.010777020099340007,0.0479278564453125,0.635153517127037,1.2483950853347778
65263.108853505924,1383,90636288,90636288,933.3510992731499,1614.4451446886917,1376,100,6.169999992847442,5.635698695513168,16.0,0.0,5.790000009536743,5.398694234431684,16.0,0.0,-0.0010740290890680626,0.11027816597682734,0.0011435616082356621,2.5039289742708206,0.007832383545367822,0.08155314127604167,0.9906533087293308,0.012636557900502035,0.0443878173828125,0.6103992164134979,1.2490508556365967
65323.1092115622,1384,90760960,90701824,2077.85426685395,1092.2601484899612,1376,100,6.169999992847442,5.635698695513168,16.0,0.0,5.790000009536743,5.398694234431684,16.0,0.0,-0.0006725115769465143,0.15572769823484123,0.0011506206210469827,2.4861253450314202,0.009406905224750517,0.084747314453125,0.9856755416840315,0.012909531641829139,0.04815673828125,0.6330345124006271,1.2493903636932373
65403.880664357916,1386,90832896,90832896,890.6116890325023,1622.7515472763032,1381,100,6.139999985694885,5.60717397853782,16.0,0.0,5.9,5.439669018302718,16.0,0.0,-0.0011319681689201386,0.1294402574809889,0.0011160761083980713,2.503333938618501,0.007366920784382576,0.0714111328125,0.9889628818879526,0.011664132218963156,0.046142578125,0.6208795011043549,1.2499152421951294
65463.88102401607,1387,90954752,90898432,2030.9211593774874,1092.2601193290689,1381,100,6.139999985694885,5.60717397853782,16.0,0.0,5.9,5.439669018302718,16.0,0.0,0.0005691204496542923,0.16964255770047507,0.001113256803364493,2.5040539180239043,0.005997308457153849,0.0626068115234375,0.9851175298293431,0.011611675979414334,0.0406951904296875,0.583765983581543,1.2501671314239502
65545.63711171411,1389,91029504,91029504,914.3294659119299,1603.2078306400963,1381,100,6.139999985694885,5.60717397853782,16.0,0.0,5.9,5.439669018302718,16.0,0.0,0.0010756493005222487,0.1419677691301331,0.0011108618303599846,2.5060358420014377,0.0083362985515123,0.08182779947916667,0.9876495599746704,0.012069573752038801,0.0408172607421875,0.579193189740181,1.2506957054138184
65605.64026303776,1390,91154688,91095040,2086.2904237275775,1092.2093015833534,1385,100,6.360000085830689,5.743727024353159,19.0,0.0,5.820000040531158,5.391437655584753,16.0,0.0,0.0013129068150495489,0.1818803212760637,0.0011334583590117593,2.484010102848212,0.010063060522952583,0.10048929850260416,0.9839284581442673,0.012695934089909619,0.051239013671875,0.6588583290576935,1.2510194778442383
65686.73740748689,1392,91226112,91226112,880.721515969068,1616.2344665812288,1385,100,6.360000085830689,5.743727024353159,19.0,0.0,5.820000040531158,5.391437655584753,16.0,0.0,-0.0003650699751839663,0.1827777090948075,0.001202968890235449,2.476811724404494,0.008117300453401791,0.08279927571614583,0.9814909293005865,0.013791009211369479,0.0502166748046875,0.6452686637639999,1.2516307830810547
65746.73748680577,1393,91349248,91291648,2052.2639536119937,1092.2652227124124,1385,100,6.360000085830689,5.743727024353159,19.0,0.0,5.820000040531158,5.391437655584753,16.0,0.0,-0.001375498176154603,0.12929927165775248,0.0011366256233789802,2.504643959303697,0.00701743377855261,0.06467183430989584,0.9887456055730581,0.011642634946232041,0.0441131591796875,0.6057074069976807,1.2519272565841675
65828.26645134017,1395,91422720,91422720,901.1766605842004,1607.674042575298,1389,100,7.100000095367432,5.838664191523007,19.0,0.0,5.62999997138977,5.1003038802334375,13.0,0.0,0.0010137959713271507,0.2495057185490926,0.0011953465764236173,2.4844220876693726,0.007153168256991194,0.0742950439453125,0.9740017323444287,0.012640843633562326,0.0536956787109375,0.6674310714006424,1.2526357173919678
65888.26647190563,1396,91539200,91488256,1941.332667926513,1092.2662922839281,1389,100,7.100000095367432,5.838664191523007,19.0,0.0,5.62999997138977,5.1003038802334375,13.0,0.0,0.0001528494734278259,0.23296127809832493,0.001203690634914286,2.5119282081723213,0.007923141867043643,0.07763163248697917,0.9782021809369326,0.0123186312460651,0.0456695556640625,0.6190426200628281,1.2529023885726929
65969.75383552536,1398,91619328,91619328,983.3181052945399,1608.4947920472985,1389,100,7.100000095367432,5.838664191523007,19.0,0.0,5.62999997138977,5.1003038802334375,13.0,0.0,0.001410839209711412,0.1523669157953312,0.0012116367518804811,2.5269538934032125,0.0066491705195706645,0.067657470703125,0.9871432644625504,0.011011233378667384,0.0422515869140625,0.5953265428543091,1.2536431550979614
66029.75396645814,1399,91741952,91684864,2043.7288734816811,1092.2642831133828,1393,100,6.4499999523162845,5.687486190861221,16.0,0.0,5.8900000095367435,5.477033890102092,16.0,0.0,0.0006517152166149268,0.16655182636653382,0.0013030029307022537,2.5034807125727334,0.006205175212623241,0.0626068115234375,0.9840270653367041,0.011406825040467085,0.048248291015625,0.6364303380250931,1.2539435625076294
66110.37299314141,1401,91815936,91815936,917.6989979135068,1625.8196779644134,1393,100,6.4499999523162845,5.687486190861221,16.0,0.0,5.8900000095367435,5.477033890102092,16.0,0.0,-1.3754535757470876e-05,0.18496812569598356,0.0012218137429348037,2.487201462189357,0.008415413355881658,0.08548990885416666,0.9824241536358992,0.012624890679338325,0.0441131591796875,0.6013197004795074,1.254565715789795
66170.37343693338,1402,91938048,91881472,2035.1849466876993,1092.2585877401489,1393,100,6.4499999523162845,5.687486190861221,16.0,0.0,5.8900000095367435,5.477033890102092,16.0,0.0,-4.7247645852621645e-05,0.14094372050991905,0.0012507027495303191,2.5065796126921973,0.007712461356277345,0.0701446533203125,0.9866109173744917,0.012306674626112606,0.0455169677734375,0.6147967129945755,1.2548933029174805
66251.1897507701,1404,92012544,92012544,921.7940841809149,1621.850759795974,1398,100,6.850000047683716,5.591734915751817,16.0,0.0,5.690000033378601,5.243462500502732,16.0,0.0,0.0007170136644466161,0.16786280080365637,0.0012017584934559031,2.4996795604626336,0.0095169311510593,0.08734130859375,0.9841515570878983,0.01271744924209391,0.0470428466796875,0.6274547129869461,1.2554399967193604
66311.19462524913,1405,92135680,92078080,2052.0999513638108,1092.1779366925894,1398,100,6.850000047683716,5.591734915751817,16.0,0.0,5.690000033378601,5.243462500502732,16.0,0.0,0.001094976414606208,0.16601142170839012,0.0011192754282092212,2.502793205281099,0.0075265982698814096,0.07549031575520833,0.9852041968454917,0.011545716833400851,0.048004150390625,0.6319509595632553,1.255691647529602
66392.40019900165,1407,92209152,92209152,904.7654810482484,1614.0763982463525,1398,100,6.850000047683716,5.591734915751817,16.0,0.0,5.690000033378601,5.243462500502732,16.0,0.0,0.00045578320714412257,0.1282951715790356,0.0011231426445495647,2.501280901332696,0.0071018794405972585,0.06673685709635417,0.9888551893333594,0.011829633285136273,0.0444793701171875,0.6043768227100372,1.256460189819336
66452.40032207035,1408,92329728,92274688,2009.5958780277876,1092.2644262741267,1403,100,7.070000123977661,5.61115847400321,16.0,0.0,6.640000033378601,5.487294546442692,19.0,0.0,0.0001976895679642136,0.16737795419370133,0.001169454136591715,2.482787743210792,0.008542823736206628,0.07903035481770833,0.9845258444547653,0.012495550404613216,0.057220458984375,0.6952837407588959,1.256784439086914
66533.71343076229,1410,92405760,92405760,935.0521855958905,1611.941814899313,1403,100,7.070000123977661,5.61115847400321,16.0,0.0,6.640000033378601,5.487294546442692,19.0,0.0,0.0006152123387437314,0.18729958916082978,0.0011712152069473327,2.488946723441283,0.008375583257172062,0.08061726888020833,0.9819098965575298,0.01234659515709306,0.051910400390625,0.6536035537719727,1.2576308250427246
66593.71361624822,1411,92519936,92471296,1902.9274505622257,1092.263290008811,1403,100,7.070000123977661,5.61115847400321,16.0,0.0,6.640000033378601,5.487294546442692,19.0,0.0,0.0002478484166203998,0.14516358585873,0.0011286381668469403,2.5019011422991753,0.008671062823850662,0.0838623046875,0.9867037869989872,0.012495506380219014,0.0465545654296875,0.6202738583087921,1.2579621076583862
66675.92553025298,1413,92602368,92602368,1002.6770571869822,1594.3187990053877,1407,100,6.879999887943268,5.717132107835183,16.0,0.0,5.9,5.197114546456727,16.0,0.0,0.0017124314787603603,0.16267721902113408,0.0011959009983305198,2.5072771683335304,0.008067635704113247,0.084259033203125,0.9830990023910999,0.012085974100045858,0.049072265625,0.6325004398822784,1.2589993476867676
66735.9258299414,1414,92722432,92667904,2001.0566717745069,1092.2612110325667,1407,100,6.879999887943268,5.717132107835183,16.0,0.0,5.9,5.197114546456727,16.0,0.0,-0.0006697974895359948,0.17189002557036775,0.0011826542589309004,2.501523867249489,0.00950378755442216,0.09380594889322916,0.983013157422344,0.012474049561812231,0.04864501953125,0.6354694068431854,1.259377360343933
66817.7999245692,1416,92798976,92798976,934.8988877125495,1600.8970920027602,1412,100,8.219999933242798,5.601035574356313,16.0,0.0,6.470000076293945,5.483529742366575,16.0,0.0,-0.0004099612572948293,0.16375781584065408,0.0010627047916689967,2.5330356558163962,0.00833582500066162,0.076873779296875,0.9869901860753695,0.010906846563254172,0.0427703857421875,0.6001763343811035,1.259871244430542
66877.80043845437,1417,92919552,92864512,2009.5827884201117,1092.257311752757,1412,100,8.219999933242798,5.601035574356313,16.0,0.0,6.470000076293945,5.483529742366575,16.0,0.0,0.0008489449658857969,0.15420504088979214,0.0012037626220262612,2.522606797516346,0.006713960675066725,0.06475321451822917,0.9854180191953976,0.012324921078591917,0.0412445068359375,0.5847361981868744,1.2601052522659302
66959.2954826206,1419,92995584,92995584,932.9647069694267,1608.3431985466211,1412,100,8.219999933242798,5.601035574356313,16.0,0.0,6.470000076293945,5.483529742366575,16.0,0.0,-0.0001601092420363178,0.15772309193077186,0.0011414873115427326,2.5205203046401343,0.008088955199127668,0.07701619466145833,0.9855416771024466,0.011372726109887784,0.0474853515625,0.6296032965183258,1.2608236074447632
67019.29758296162,1420,93114112,93061120,1975.3975165260208,1092.2284324636314,1415,100,6.820000004768372,5.788574962143969,16.0,0.0,6.740000057220459,5.4619043927593784,19.0,0.0,0.0007411542513485376,0.1943629753465454,0.0011623939656904743,2.518995337188244,0.0065133462612720905,0.07329305013020833,0.9826008938252926,0.011469027706577133,0.044464111328125,0.6042961925268173,1.2611966133117676
67100.85486122221,1422,93192192,93192192,957.3639737035096,1607.115916512121,1415,100,6.820000004768372,5.788574962143969,16.0,0.0,6.740000057220459,5.4619043927593784,19.0,0.0,-0.0010780344588662654,0.15127197338733822,0.0011251957548665814,2.5139012063543005,0.0073484946151438635,0.07080586751302084,0.9864648406704266,0.011117270264852172,0.04693603515625,0.6263072043657303,1.2618474960327148
67160.85780315101,1423,93319680,93257728,2124.695821602714,1092.2131131130418,1415,100,6.820000004768372,5.788574962143969,16.0,0.0,6.740000057220459,5.4619043927593784,19.0,0.0,-0.0003419969725655392,0.15762390413631996,0.0012080877301438402,2.522569753229618,0.005127203933928589,0.05214945475260417,0.9830782848099867,0.011473234820490083,0.042236328125,0.5907123982906342,1.2622184753417969
67241.96218420565,1425,93388800,93388800,852.2350963190759,1616.090256723581,1419,100,7.95,5.692758597481113,16.0,0.0,7.219999933242798,5.425089979610747,19.0,0.0,-0.0004323772373027167,0.1919396341157456,0.0011647188730421476,2.5207573225100837,0.00859471402266839,0.08684794108072917,0.980366250500083,0.012083736335625872,0.0439300537109375,0.6046282052993774,1.2627325057983398
67301.96218839847,1426,93510400,93454336,2026.6665250427293,1092.2665903388183,1419,100,7.95,5.692758597481113,16.0,0.0,7.219999933242798,5.425089979610747,19.0,0.0,-0.0001506600237917155,0.148333455552347,0.0011432755248582302,2.522167610625426,0.008398198030287555,0.0847625732421875,0.9847618341445923,0.011432417241546014,0.042816162109375,0.5985378473997116,1.2629715204238892
67382.80587562919,1428,93585408,93585408,927.8151772807374,1621.3016067158278,1423,100,8.140000009536744,5.709675971721838,19.0,0.0,7.5099998950958256,5.406468297716157,19.0,0.0,0.0006908703762746883,0.20186387289625904,0.0012918748883142446,2.5235307763020196,0.005787439712245638,0.06331380208333334,0.9800391377260287,0.012043661622252937,0.0393218994140625,0.5662772804498672,1.263702154159546
67442.80608532019,1429,93707520,93650944,2035.1928873060372,1092.2628493717937,1423,100,8.140000009536744,5.709675971721838,19.0,0.0,7.5099998950958256,5.406468297716157,19.0,0.0,2.7643050998449434e-05,0.15862567257136106,0.0012562986278984074,2.5105490212639174,0.007315528885252813,0.06946309407552083,0.9837036151438953,0.01253758481470868,0.044403076171875,0.6073040813207626,1.2640576362609863
67524.47377110831,1431,93782016,93782016,912.1845351816296,1604.9432371580563,1423,100,8.140000009536744,5.709675971721838,19.0,0.0,7.5099998950958256,5.406468297716157,19.0,0.0,-0.0001564458010155552,0.10498415019052725,0.0011003941811698799,2.5112653970718384,0.007569773364593858,0.0676422119140625,0.9898459110409021,0.012044348191314688,0.0435028076171875,0.599589928984642,1.264695405960083
67584.47391953692,1432,93904640,93847552,2043.7282775377466,1092.2639646130754,1427,100,8.049999904632568,5.687486257057356,19.0,0.0,6.860000085830689,5.51002736217254,19.0,0.0,-2.7343838155502453e-05,0.1582783063252767,0.0011385338996963887,2.5002698252598443,0.006691158493898305,0.06756591796875,0.9822544300307829,0.012440715208261583,0.0445709228515625,0.6075011938810349,1.2649531364440918
67665.80863130651,1434,93978624,93978624,909.623927967941,1611.5136716940685,1427,100,8.049999904632568,5.687486257057356,19.0,0.0,6.860000085830689,5.51002736217254,19.0,0.0,0.0003780026454478503,0.20079258906965455,0.0011869585468957666,2.501562843720118,0.007053708524229781,0.07271830240885417,0.9794605144610007,0.012800370925106108,0.045257568359375,0.6102063357830048,1.2654496431350708
67725.80871579424,1435,94099968,94044160,2022.39715220455,1092.2651286168034,1431,100,7.8199999809265135,5.687494975554524,19.0,0.0,6.899999952316284,5.799137922654498,19.0,0.0,0.00031415788544109086,0.17583617319663367,0.0011495615702491098,2.5128600026170416,0.008488785077133798,0.06951395670572917,0.9842359541604917,0.012157043228701998,0.0444488525390625,0.6091960519552231,1.265710473060608
67806.9405013062,1437,94175232,94175232,927.675873580956,1615.5443784811207,1431,100,7.8199999809265135,5.687494975554524,19.0,0.0,6.899999952316284,5.799137922654498,19.0,0.0,0.0003999749472617017,0.16911321979326507,0.0011075444793580877,2.51796967536211,0.008851021103813158,0.08219401041666667,0.98476259658734,0.011897995078470558,0.044708251953125,0.6083921790122986,1.2663053274154663
67866.94061857462,1438,94297600,94240768,2039.4626805907908,1092.264531864524,1434,100,8.02000002861023,5.674469042147184,19.0,0.0,6.860000038146973,5.601821168870273,16.0,0.0,-0.00027458124047067634,0.16538043747035167,0.0012248284983797928,2.515927605330944,0.00787764571820541,0.07654825846354167,0.9827180933207273,0.012506111321272328,0.0439910888671875,0.5948907732963562,1.2667162418365479
67947.93618365005,1440,94371840,94371840,916.5933953403973,1618.2614428078737,1434,100,8.02000002861023,5.674469042147184,19.0,0.0,6.860000038146973,5.601821168870273,16.0,0.0,0.0007479868036170955,0.20067485553833345,0.0011437802010429248,2.5109063759446144,0.010086304272893662,0.08929443359375,0.9776950143277645,0.0121912309647693,0.0447998046875,0.6117948293685913,1.2672369480133057
68007.93662343174,1441,94493184,94437376,2022.3851765336317,1092.2586607439023,1434,100,8.02000002861023,5.674469042147184,19.0,0.0,6.860000038146973,5.601821168870273,16.0,0.0,-0.0006170218657644,0.15582063538022337,0.0011833926267475667,2.5043274164199825,0.006944500727816679,0.07061767578125,0.9837888951102892,0.011369377432856709,0.0465850830078125,0.6173056066036224,1.2676312923431396
68088.60416368954,1443,94568448,94568448,933.0146891732653,1624.8419076758905,1437,100,7.4900001049041744,5.557868315617536,16.0,0.0,7.709999942779541,5.481414066728622,16.0,0.0,0.0007108733237449391,0.19094875850714746,0.00125445872254204,2.510692107180754,0.007501490756112616,0.08369445800781249,0.9772881877919037,0.01213685549252356,0.0475616455078125,0.6271963566541672,1.2682514190673828
68148.60436927713,1444,94691840,94633984,2056.5262867284205,1092.2629240715262,1437,100,7.4900001049041744,5.557868315617536,16.0,0.0,7.709999942779541,5.481414066728622,16.0,0.0,-0.00047750297138312214,0.18372689366030198,0.0011759804510802496,2.5083893040815988,0.006980591890169307,0.06981913248697917,0.9818880322078863,0.01140290655894205,0.0453948974609375,0.6108906120061874,1.2686134576797485
68230.01270429976,1446,94765056,94765056,899.3673679685113,1610.0562671324399,1437,100,7.4900001049041744,5.557868315617536,16.0,0.0,7.709999942779541,5.481414066728622,16.0,0.0,0.0016152450892453392,0.14522731242080528,0.0010461060616459386,2.5032130231459937,0.007722660047268922,0.08271280924479166,0.9872281520316998,0.011026097519788891,0.0489654541015625,0.6404260843992233,1.26922607421875
68290.01461604238,1447,94888448,94830592,2056.467809380952,1092.2318655633271,1442,100,7.329999923706055,5.669312160929002,16.0,0.0,6.349999952316284,5.376569484492866,19.0,0.0,0.00022306419486994855,0.13325062588167685,0.0011598456197437676,2.500561848282814,0.007267069645725617,0.07891845703124999,0.9849595191578071,0.012318365760923674,0.0471649169921875,0.6240711659193039,1.2695399522781372
68371.43658250198,1449,94961664,94961664,899.2167984093882,1609.78671603359,1442,100,7.329999923706055,5.669312160929002,16.0,0.0,6.349999952316284,5.376569484492866,19.0,0.0,-0.00010987701049695413,0.19283135343963903,0.0011449482384099003,2.493566115697225,0.0074059511413603705,0.07318115234375,0.9788472559303046,0.012786483052574718,0.051727294921875,0.6589410752058029,1.2702783346176147
68431.43906687386,1450,95086848,95027200,2086.313613685225,1092.2214419292793,1442,100,7.329999923706055,5.669312160929002,16.0,0.0,6.349999952316284,5.376569484492866,19.0,0.0,0.0012701073064818047,0.20039706064077714,0.0012338838617627819,2.5014519914984703,0.00936600566819834,0.08990478515625,0.9798735547810793,0.013025025099826356,0.0538177490234375,0.6688321232795715,1.2706587314605713
68512.21329280548,1452,95158272,95158272,884.2424569994548,1622.6958350670998,1446,100,7.290000057220459,5.9334560596303385,19.0,0.0,6.130000019073487,5.321005504223021,19.0,0.0,9.387347139030056e-06,0.15270454242515066,0.0011471109076713522,2.492067446311315,0.006656766651455352,0.07286580403645833,0.9814569937686125,0.013162392511731014,0.0525054931640625,0.6571571975946426,1.2714051008224487
68572.22097073123,1453,95283968,95223808,2094.665288590697,1092.1269121776343,1446,100,7.290000057220459,5.9334560596303385,19.0,0.0,6.130000019073487,5.321005504223021,19.0,0.0,-6.50585558711706e-05,0.11499654687941074,0.0010310195563458062,2.520526707172394,0.007449380250667066,0.07822163899739583,0.988384789476792,0.011591171389833713,0.0467529296875,0.6255229115486145,1.2716931104660034
68653.24822467752,1455,95354880,95354880,875.1623255923923,1617.6285584956854,1446,100,7.290000057220459,5.9334560596303385,19.0,0.0,6.130000019073487,5.321005504223021,19.0,0.0,0.0013079977773789628,0.10063778317999095,0.0010106250920216553,2.507331537703673,0.008040360611024273,0.08243306477864583,0.990364548439781,0.012713728462889168,0.0495758056640625,0.6460046321153641,1.2722193002700806
68713.24833729304,1456,95479808,95420416,2082.129425331669,1092.264616567433,1451,100,7.6,5.744562591565921,19.0,0.0,6.87000002861023,5.137421529407242,16.0,0.0,0.0007320999478300414,0.15952196290406087,0.0010579284711032717,2.506055526435375,0.008776007084331164,0.088134765625,0.9859848525375128,0.01282901611799995,0.0473785400390625,0.6240991353988647,1.272627830505371
68794.09339065291,1458,95551488,95551488,886.6343334691156,1621.274209772097,1451,100,7.6,5.744562591565921,19.0,0.0,6.87000002861023,5.137421529407242,16.0,0.0,-0.00017664454996217197,0.14693735501108068,0.0010292185367385778,2.5106270387768745,0.009860275909280366,0.09287007649739584,0.9870470054447651,0.011816619245413069,0.046417236328125,0.6192981451749802,1.2731974124908447
68854.09350487404,1459,95673856,95617024,2039.462784171078,1092.2645873384854,1451,100,7.6,5.744562591565921,19.0,0.0,6.87000002861023,5.137421529407242,16.0,0.0,-0.00015660453330686627,0.16654939662354687,0.0010824758931751906,2.5119480813543,0.008071972238515931,0.07114664713541667,0.9842530184735855,0.012275218449455375,0.044525146484375,0.6024258881807327,1.2735809087753296
68935.30855309032,1461,95748096,95748096,914.1163076366327,1613.8881017584688,1455,100,7.309999990463257,5.971088671543312,16.0,0.0,6.029999923706055,5.593665967921984,19.0,0.0,0.0018757653209225584,0.17899958735021454,0.0010933763702875392,2.5008504291375475,0.008994442191882019,0.08466593424479167,0.9817073071996371,0.013093920356671637,0.0459747314453125,0.6140246838331223,1.2741531133651733
68995.30885404162,1462,95868928,95813632,2013.8565654540746,1092.261188042888,1455,100,7.309999990463257,5.971088671543312,16.0,0.0,6.029999923706055,5.593665967921984,19.0,0.0,0.0008814246915183805,0.15653871007574102,0.001168323525538047,2.4662035877505937,0.008822536105071777,0.08632914225260416,0.9758024805535872,0.01449042945750989,0.05712890625,0.689306765794754,1.2745904922485352
69076.76498853043,1464,95944704,95944704,930.2675664091732,1609.1114662212726,1459,100,8.049999952316284,5.6398137912469295,16.0,0.0,7.380000019073487,5.5059604732343095,19.0,0.0,0.0012049855868099257,0.1345510312045614,0.0010775120669374396,2.5079039757450423,0.007758628937760174,0.0786590576171875,0.9863663036376238,0.012059311654108267,0.0475616455078125,0.6270119845867157,1.275225043296814
69136.76569681801,1465,96068096,96010240,2056.509056669555,1092.253772836942,1459,100,8.049999952316284,5.6398137912469295,16.0,0.0,7.380000019073487,5.5059604732343095,19.0,0.0,-0.00048075276815022033,0.13939931305746237,0.0011003281748950637,2.498406422634919,0.007193525689217495,0.07061258951822916,0.9845483675599098,0.011968907725531606,0.053619384765625,0.6707944273948669,1.275615930557251
69218.32261913083,1467,96141312,96141312,897.7288245278206,1607.1229306232315,1459,100,8.049999952316284,5.6398137912469295,16.0,0.0,7.380000019073487,5.5059604732343095,19.0,0.0,0.0006889040184129651,0.153036813911361,0.001094112387363566,2.5078571389118833,0.0063808876887681745,0.06864420572916667,0.984293596819043,0.012134236623145018,0.048370361328125,0.625120997428894,1.2762956619262695
69278.32266267203,1468,96262144,96206848,2013.8652052317734,1092.2658740240126,1463,100,7.4,5.958187561150094,19.0,0.0,6.6099999904632565,5.416447103410542,16.0,0.0,0.00046310204682716477,0.16666824448232848,0.0010373517695067374,2.515125572681427,0.008526461422661669,0.085540771484375,0.9846372995525599,0.012204383014856528,0.0466156005859375,0.623007133603096,1.2766239643096924
69359.55143671855,1470,96337920,96337920,932.8713979678903,1613.615391079594,1463,100,7.4,5.958187561150094,19.0,0.0,6.6099999904632565,5.416447103410542,16.0,0.0,0.00010480995842954145,0.15654340615340817,0.001075574420610792,2.49793886890014,0.007461991497621057,0.07708231608072916,0.9840672345211109,0.013030173732355857,0.0499420166015625,0.6471500545740128,1.2771364450454712
69419.55492344312,1471,96460800,96403456,2047.8809933837188,1092.2031964713167,1467,100,7.4700000286102295,5.8197164428752455,16.0,0.0,7.230000114440918,5.522417979081611,19.0,0.0,0.0005579505074517026,0.17924138046024987,0.0010486665820887233,2.502105598648389,0.007166305181575202,0.0807952880859375,0.9825692040224869,0.012652991358966876,0.046905517578125,0.625858947634697,1.2773624658584595
69500.18735201843,1473,96534528,96534528,914.3715661638704,1625.549450957992,1467,100,7.4700000286102295,5.8197164428752455,16.0,0.0,7.230000114440918,5.522417979081611,19.0,0.0,0.0003555637546620953,0.1225896553369239,0.0010146262290315158,2.48653390755256,0.009002465843271542,0.09049479166666666,0.9878443454702696,0.012982895956762757,0.0505828857421875,0.6462328433990479,1.2780170440673828
69560.1879381612,1474,96660224,96600064,2094.9128680330373,1092.2559963675308,1470,100,8.399999856948853,5.411099601528677,16.0,0.0,7.5,5.496362390548959,19.0,0.0,0.0008940828423268006,0.1697527034363399,0.0010394548656525633,2.486390774448713,0.007898293566540815,0.08221435546875,0.9798314633468787,0.013636662702386577,0.0502166748046875,0.6509291976690292,1.2782891988754272
69640.5157156866,1476,96731136,96731136,882.7830444775898,1631.7145082040647,1470,100,8.399999856948853,5.411099601528677,16.0,0.0,7.5,5.496362390548959,19.0,0.0,0.0014479126499888177,0.1335199234308675,0.0010100761943855712,2.469036926825841,0.007652409739118109,0.07781473795572917,0.9864987029383581,0.013728627915649364,0.056640625,0.6904189884662628,1.2789956331253052
69700.51633905433,1477,96853248,96796672,2035.178855586386,1092.2553187214146,1473,100,9.319999980926514,5.409029344135928,16.0,0.0,7.090000057220459,5.5174178695384315,19.0,0.0,-0.0004577267027343624,0.14086990888851383,0.0009766855831306507,2.4744285394748053,0.005787443401156149,0.06865437825520834,0.9858751483261584,0.014047629151415702,0.0496063232421875,0.640653520822525,1.2793641090393066
69781.50388088636,1479,96927744,96927744,919.8451800711097,1618.421760125114,1473,100,9.319999980926514,5.409029344135928,16.0,0.0,7.090000057220459,5.5174178695384315,19.0,0.0,-0.0013795363095899424,0.12211256998125462,0.0009350306718260982,2.4934878920515375,0.008169718419594574,0.07899983723958333,0.988653302192688,0.013136975903762504,0.0460968017578125,0.6208218485116959,1.280060887336731
69841.50409751944,1480,97051904,96993280,2069.325861926034,1092.2627229960096,1473,100,9.319999980926514,5.409029344135928,16.0,0.0,7.090000057220459,5.5174178695384315,19.0,0.0,-0.0004785735291079618,0.1588521699110667,0.001056388054469911,2.478999932607015,0.009408413940036553,0.08542378743489583,0.9803505254288515,0.013944175676442681,0.0461883544921875,0.612782433629036,1.2804529666900635
69922.41476391442,1482,97124352,97124352,895.407283464125,1619.9594669032933,1476,100,8.15,5.669876476409205,16.0,0.0,7.1800000190734865,5.158255516454962,16.0,0.0,0.0011010545713361353,0.13682305226878574,0.0009879072379893235,2.4648271376887956,0.009684705868494348,0.09475199381510417,0.9874411597847939,0.013097559742163867,0.0546417236328125,0.6765722632408142,1.2811628580093384
69982.4151038155,1483,97246208,97189888,2030.9218281247975,1092.2604789914878,1476,100,8.15,5.669876476409205,16.0,0.0,7.1800000190734865,5.158255516454962,16.0,0.0,0.0006436107772363662,0.17401188262738287,0.0010008611716330051,2.4837163115541143,0.010067521926127181,0.0932769775390625,0.9837733836223681,0.013118892665564394,0.0509796142578125,0.6508829742670059,1.2815401554107666
70063.73645247705,1485,97320960,97320960,919.2174162175156,1611.7784832307123,1480,100,9.410000038146972,5.438924508085958,19.0,0.0,7.1400000095367435,5.169177834862495,16.0,0.0,0.0009057191152047989,0.18755077896639705,0.0009874054776446428,2.4869664683938026,0.009860837332477484,0.09603373209635417,0.981889138619105,0.013317647525885452,0.0500335693359375,0.6426524668931961,1.2823506593704224
70123.73666214943,1486,97442048,97386496,2018.1262809111097,1092.2628497108753,1480,100,9.410000038146972,5.438924508085958,19.0,0.0,7.1400000095367435,5.169177834862495,16.0,0.0,0.0012211860230308957,0.14847662028235692,0.000962523420942792,2.4929775819182396,0.008750429767436193,0.09315999348958333,0.9857017776618401,0.012837072320204848,0.048583984375,0.6336684823036194,1.2826638221740723
70205.03732373752,1488,97517568,97517568,928.8977300409241,1612.188602647299,1480,100,9.410000038146972,5.438924508085958,19.0,0.0,7.1400000095367435,5.169177834862495,16.0,0.0,-0.0010539944366125078,0.12106733105611057,0.0009890923859832887,2.482518998285135,0.007016665715127601,0.07275899251302084,0.9878109513471525,0.012187345486988002,0.05316162109375,0.664943590760231,1.2833976745605469
70265.03776996955,1489,97639936,97583104,2039.451498856764,1092.2585433207773,1484,100,7.780000066757202,5.908603860799852,19.0,0.0,6.45,5.350467250841585,16.0,0.0,0.0019725645737101636,0.15189351599353057,0.000977701738520409,2.502720278998216,0.008210671458679522,0.07718912760416666,0.9871564793090026,0.011386345033921922,0.04351806640625,0.5950122326612473,1.283769965171814
70346.40816627629,1491,97714176,97714176,912.3711247532932,1610.806951288573,1484,100,7.780000066757202,5.908603860799852,19.0,0.0,6.45,5.350467250841585,16.0,0.0,0.0007818305457476526,0.14353612748285136,0.0010352189280335249,2.4896286129951477,0.007759915783632702,0.07747395833333333,0.9849073824783166,0.012863277409148093,0.0507659912109375,0.6486924737691879,1.284508466720581
70406.40836733021,1492,97832960,97779712,1979.7266994698612,1092.2630066040613,1484,100,7.780000066757202,5.908603860799852,19.0,0.0,6.45,5.350467250841585,16.0,0.0,0.0017467423458583653,0.15042744984384626,0.0010638200838002376,2.4845770075917244,0.008604982514346679,0.0796966552734375,0.9806371567149957,0.013217442765987167,0.05206298828125,0.6597752422094345,1.2848645448684692
70489.58532727137,1494,97910784,97910784,935.6437173833938,1575.8209976983476,1489,100,8.849999904632568,5.60780695455003,19.0,0.0,7.21999990940094,5.501963292196128,16.0,0.0,-0.00123933652866981,0.15577886261356372,0.0009923827959331295,2.4923255046208697,0.007505632622875662,0.07354736328125001,0.9842457628498474,0.012265868824518597,0.0518798828125,0.6573571711778641,1.2855854034423828
70549.58560419455,1495,98036224,97976320,2090.6570174768535,1092.261625457295,1489,100,8.849999904632568,5.60780695455003,19.0,0.0,7.21999990940094,5.501963292196128,16.0,0.0,-0.001592508585114653,0.10395963788808635,0.0009178877086621167,2.485242759188016,0.0066865420285466826,0.06925455729166666,0.9909803376843532,0.011942389518177757,0.0511474609375,0.6509401202201843,1.2859017848968506
70629.90187387727,1497,98107392,98107392,886.0969300633678,1631.9483028505192,1492,100,8.22999997138977,5.54951349454689,16.0,0.0,7.349999952316284,5.554052551700091,19.0,0.0,0.00047818783787079155,0.16253906891991696,0.0010046262941614261,2.4877178768316903,0.007261287332463931,0.06767781575520833,0.9842238804946343,0.013060914012991512,0.0528717041015625,0.6615096479654312,1.2867275476455688
70689.90193906426,1498,98227712,98172928,2005.3311546415582,1092.2654799749764,1492,100,8.22999997138977,5.54951349454689,16.0,0.0,7.349999952316284,5.554052551700091,19.0,0.0,0.0012755738583412797,0.13133195919605592,0.0009969284019462066,2.499335691332817,0.008337566237363111,0.07940673828125,0.9884886046250662,0.011501115436355272,0.049468994140625,0.637552946805954,1.2870880365371704
70771.63522426225,1500,98304000,98304000,933.3773849320058,1603.6551043127079,1496,100,8.37000002861023,5.377090141425938,16.0,0.0,7.960000038146973,5.409103492424108,19.0,0.0,0.0011348254435385268,0.162246371852234,0.0010661974223088086,2.4920669371883073,0.007967222128475745,0.0791168212890625,0.97860407953461,0.012871793151134625,0.0506744384765625,0.6481322944164276,1.2877006530761719
70831.63564174995,1501,98422016,98369536,1966.9196472541437,1092.2590665879843,1496,100,8.37000002861023,5.377090141425938,16.0,0.0,7.960000038146973,5.409103492424108,19.0,0.0,0.0005029843293110996,0.12502592336386442,0.0009604314600437647,2.502385231355826,0.007615325487374017,0.08095296223958333,0.988076701760292,0.011345459914688641,0.0496673583984375,0.6445243954658508,1.2880016565322876
70913.0834873598,1503,98500608,98500608,964.9365113530645,1609.2752241458275,1496,100,8.37000002861023,5.377090141425938,16.0,0.0,7.960000038146973,5.409103492424108,19.0,0.0,0.0012435620883479714,0.16056151889885467,0.0009721916315659959,2.496853051086267,0.009015371575515019,0.0828857421875,0.9858292912443479,0.011646249651676044,0.0481414794921875,0.6300261914730072,1.2885663509368896
70973.08402815089,1504,98621952,98566144,2022.3817718996436,1092.256821954238,1499,100,9.290000057220459,5.329718559210242,16.0,0.0,7.850000047683716,5.5738227227548025,19.0,0.0,-0.0005211030705443893,0.18668325097920996,0.0010260552850619813,2.4920491253336268,0.005916236971340064,0.0612640380859375,0.9817141971240441,0.011862229022275036,0.04278564453125,0.5936989337205887,1.2887686491012573
71054.6692381259,1506,98697216,98697216,922.5201482357572,1606.5657003289377,1499,100,9.290000057220459,5.329718559210242,16.0,0.0,7.850000047683716,5.5738227227548025,19.0,0.0,-7.917828891853182e-05,0.1528097833506763,0.001020590922659418,2.492272292574247,0.008191406572223059,0.07701619466145834,0.983651340007782,0.011855193365287656,0.052734375,0.6602746099233627,1.2893483638763428
71114.66947978176,1507,98821120,98762752,2065.058349442602,1092.262267473773,1499,100,9.290000057220459,5.329718559210242,16.0,0.0,7.850000047683716,5.5738227227548025,19.0,0.0,-0.0018495994033097911,0.13306614733301103,0.0009922378994815517,2.501356119910876,0.006350895201345944,0.06602986653645833,0.9873686370750269,0.011982373718637973,0.0422821044921875,0.5857571810483932,1.289689302444458
71195.44724659994,1509,98893824,98893824,900.0496406845019,1622.6247043326232,1503,100,8.340000104904174,5.392995375298972,16.0,0.0,6.659999942779541,5.568159462473317,19.0,0.0,-0.0007073335558137236,0.17096525298741957,0.0009778909510108256,2.5150703340768814,0.005758746083908287,0.05686442057291667,0.9830722045153379,0.011880537941275787,0.04327392578125,0.6016891300678253,1.2902177572250366
71255.44740976952,1510,99017216,98959360,2056.5277406206164,1092.263696263232,1503,100,8.340000104904174,5.392995375298972,16.0,0.0,6.659999942779541,5.568159462473317,19.0,0.0,0.0007307658015633933,0.1255051341916745,0.000962986873976964,2.4929483334223432,0.007423472659259763,0.06557718912760416,0.9889053863783678,0.011942286112268144,0.0513763427734375,0.6556704491376877,1.2905040979385376
71336.07178561017,1512,99090432,99090432,908.1124565194604,1625.7118102726004,1507,100,8.280000019073487,5.651689946568627,16.0,0.0,6.880000019073487,5.530424992549455,19.0,0.0,0.00029928913621309517,0.13880732492543757,0.000945852045333595,2.5008615280191107,0.008922462231566897,0.0715179443359375,0.9877299362172682,0.01128511654678732,0.0500640869140625,0.6444277614355087,1.2911193370819092
71396.07191201113,1513,99215616,99155968,2086.395604626458,1092.2643656122152,1507,100,8.280000019073487,5.651689946568627,16.0,0.0,6.880000019073487,5.530424992549455,19.0,0.0,0.000604527561032834,0.13058895959208408,0.001017810604632056,2.4761220663785934,0.007099456093177044,0.07071940104166666,0.9865158069878817,0.01260882728577902,0.0575103759765625,0.6951995342969894,1.2914735078811646
71476.21526730247,1515,99287040,99287040,891.2030166488512,1635.4693352122285,1507,100,8.280000019073487,5.651689946568627,16.0,0.0,6.880000019073487,5.530424992549455,19.0,0.0,-0.001389799916069023,0.12343344670565178,0.0009291153692174703,2.5103940814733505,0.0075596391725412096,0.06917826334635417,0.9896519271035988,0.010789136412010217,0.046600341796875,0.6218899041414261,1.2919502258300781
71536.21564158611,1516,99409152,99352576,2035.1873043780738,1092.2598530834107,1511,100,8.890000104904175,5.5531882472482845,16.0,0.0,7.479999971389771,5.40644055180406,19.0,0.0,-0.0008719958835475456,0.137369069775256,0.0009825870559628433,2.4944654603799186,0.007113689490021595,0.0720977783203125,0.9870145594080288,0.011321095303477099,0.049346923828125,0.6362231224775314,1.2923798561096191
71617.99166998453,1518,99483648,99483648,910.9760092168445,1602.8168959416648,1511,100,8.890000104904175,5.5531882472482845,16.0,0.0,7.479999971389771,5.40644055180406,19.0,0.0,0.0003118246944116739,0.11690531302398692,0.0009874927491182461,2.492598277827104,0.007903518138846266,0.07546488444010416,0.9891874101012945,0.012896998203359544,0.0503997802734375,0.6477261930704117,1.2931374311447144
71677.99206955172,1519,99605760,99549184,2035.1864467712796,1092.259392816452,1515,100,7.919999885559082,5.636807569479091,16.0,0.0,7.100000047683716,5.570457867029256,16.0,0.0,0.0005935909333250796,0.12585989804938436,0.0010282433989535396,2.4871023346980414,0.007854789811365967,0.07241312662760417,0.9855834767222404,0.013801383747098345,0.05670166015625,0.6895133256912231,1.2935211658477783
71758.59860952571,1521,99680256,99680256,924.1930000225672,1626.071532685754,1515,100,7.919999885559082,5.636807569479091,16.0,0.0,7.100000047683716,5.570457867029256,16.0,0.0,-0.00010485876434055781,0.13189253870708248,0.0010210946693405274,2.479902488489946,0.006223729225287873,0.06738789876302083,0.988354966044426,0.012854249701679995,0.055267333984375,0.6743508577346802,1.2942551374435425
71818.59895944595,1522,99803136,99745792,2047.9880561253615,1092.2602966001928,1518,100,8.399999952316284,5.607138253760821,19.0,0.0,7.0800000667572025,5.38642726406541,16.0,0.0,-6.145506510317017e-05,0.13475145756577453,0.0010263468405658689,2.4842350830634436,0.007100370609502231,0.06987508138020834,0.9860730438182752,0.013113926572259516,0.0567474365234375,0.6924399733543396,1.2945966720581055
71899.9069024492,1524,99876864,99876864,906.7748768044843,1612.0442254301943,1518,100,8.399999952316284,5.607138253760821,19.0,0.0,7.0800000667572025,5.38642726406541,16.0,0.0,-0.0001387268081695462,0.12228150692923616,0.0009956204800497894,2.499482852717241,0.007073279547815521,0.06928507486979167,0.9883268730094035,0.012112648497956494,0.0473175048828125,0.6252366900444031,1.2951998710632324
71959.90973617136,1525,99996928,99942400,2000.9721633473441,1092.2150827652881,1518,100,8.399999952316284,5.607138253760821,19.0,0.0,7.0800000667572025,5.38642726406541,16.0,0.0,-0.0007672575460067795,0.13737050319711366,0.0009485364565383254,2.4954475710789366,0.008014387606939028,0.08034261067708334,0.9876212092737356,0.01311678666388616,0.0460357666015625,0.6176123470067978,1.2954654693603516
72041.27269866318,1527,100073472,100073472,940.7720374943897,1610.9541244051088,1522,100,8.209999895095825,5.8039555149113715,19.0,0.0,6.709999990463257,5.27313000622401,16.0,0.0,-0.0010155386238087278,0.12387438425018142,0.0009694342134025646,2.4875203569730124,0.006439970930538645,0.062103271484375,0.9890458503117163,0.012997739482671022,0.0552520751953125,0.6797394305467606,1.2962162494659424
72101.27617685497,1528,100195328,100139008,2030.815607230365,1092.2033517877594,1522,100,8.209999895095825,5.8039555149113715,19.0,0.0,6.709999990463257,5.27313000622401,16.0,0.0,0.0006372516606158266,0.1386042091762647,0.0010181644781065795,2.4937216664354005,0.007704821003547598,0.07183329264322917,0.9865930744757255,0.013232274485441547,0.05096435546875,0.6523871719837189,1.2965049743652344
72183.81278346479,1530,100270080,100270080,905.6829820176421,1588.0468725788792,1525,100,7.9700000286102295,5.639955703807886,16.0,0.0,6.340000009536743,5.415200831562277,16.0,0.0,0.000564052703945587,0.1515040172574421,0.0010126553036874006,2.490052896241347,0.007023881707937107,0.068878173828125,0.9837255254387856,0.012793051690096034,0.055389404296875,0.6784060001373291,1.2972848415374756
72243.81308704242,1531,100393472,100335616,2056.522928093999,1092.2611402324974,1525,100,7.9700000286102295,5.639955703807886,16.0,0.0,6.340000009536743,5.415200831562277,16.0,0.0,-0.000262171513895737,0.16802780718232194,0.0010397528355194179,2.4969265485803285,0.0057021591959104025,0.06269327799479167,0.9829636154075463,0.013220141011212643,0.0483245849609375,0.6356927156448364,1.297558069229126
72325.37359416485,1533,100466688,100466688,897.6893668659807,1607.0522931307066,1525,100,7.9700000286102295,5.639955703807886,16.0,0.0,6.340000009536743,5.415200831562277,16.0,0.0,0.0033991326114725475,0.1448021709608535,0.001036336955318499,2.4812064146002135,0.009133738220649926,0.08306884765625,0.9846448712050915,0.013792072733243307,0.0500030517578125,0.6405451744794846,1.2982372045516968
72385.3744230289,1534,100588800,100532224,2035.1718853197133,1092.2515778655065,1529,100,7.92000002861023,5.856073650441316,19.0,0.0,6.960000038146973,5.251513972262831,16.0,0.0,0.0012258608621777967,0.1293731484329328,0.0010100798244820908,2.5015391955773034,0.007341417578572873,0.07534281412760417,0.9886152545611063,0.012605203470836084,0.0485687255859375,0.6370033323764801,1.2984836101531982
72466.87402361445,1536,100663296,100663296,914.0658293386555,1608.253280485882,1529,100,7.92000002861023,5.856073650441316,19.0,0.0,6.960000038146973,5.251513972262831,16.0,0.0,-0.00041290636242289713,0.1059121407646065,0.001049805633253224,2.480057957271735,0.007571489763601373,0.07591756184895833,0.9893763847649097,0.012906356035576513,0.051300048828125,0.6545462608337402,1.2990992069244385
72526.87447864935,1537,100788224,100728832,2082.1175427309827,1092.258383071991,1529,100,7.92000002861023,5.856073650441316,19.0,0.0,6.960000038146973,5.251513972262831,16.0,0.0,-0.0010633411754194337,0.14399680394368866,0.0009951051160896895,2.48814315845569,0.007234695618535625,0.07037353515625,0.9862183804313341,0.01293844923687478,0.0501708984375,0.6457381546497345,1.299422264099121
72607.3492124565,1539,100859904,100859904,890.7143473351193,1628.7348065556469,1533,100,8.109999990463256,5.760026032667682,16.0,0.0,7.9900001049041744,5.361893420441094,16.0,0.0,0.001695729458636682,0.15157978422939777,0.0010636859357570452,2.4774340664347014,0.00946894463171096,0.08916727701822917,0.9849562117209038,0.013699938252102584,0.04827880859375,0.6276844143867493,1.3000551462173462
72667.34927009791,1540,100983296,100925440,2056.531357643648,1092.2656173377052,1533,100,8.109999990463256,5.760026032667682,16.0,0.0,7.9900001049041744,5.361893420441094,16.0,0.0,0.00035484831338787143,0.18815625513282916,0.0010537438926500424,2.481741060813268,0.008849313359557225,0.08526102701822916,0.9820132187257211,0.013406362724102413,0.0552978515625,0.6789657026529312,1.3003572225570679
72748.15328094736,1542,101056512,101056512,906.0936360747731,1622.0976981478457,1537,100,8.22000002861023,5.775084406241834,16.0,0.0,7.439999961853028,5.267485096901729,19.0,0.0,-0.0005195572375669144,0.11709720521078756,0.0009672945525380783,2.4832133526603384,0.009547249309738012,0.08937072753906251,0.9886514892180761,0.012521946269165102,0.0597991943359375,0.7116367220878601,1.3009724617004395
72808.1535872072,1543,101178624,101122048,2035.1896117192277,1092.2610914048685,1540,100,8.910000085830688,5.855074685805469,22.0,0.0,8.279999923706054,5.351784651068877,19.0,0.0,0.0019006047490014073,0.11512033078664292,0.0009582059240832071,2.4886708557605743,0.007435999722777828,0.07464599609375,0.9897516587128241,0.012450027861632407,0.0534210205078125,0.6674215346574783,1.3013206720352173
72889.8196310196,1545,101253120,101253120,912.2028755442226,1604.9755061121718,1540,100,8.910000085830688,5.855074685805469,22.0,0.0,8.279999923706054,5.351784651068877,19.0,0.0,0.00020967650440676758,0.11627154956416537,0.0009708636771392776,2.48380584269762,0.005677103895626109,0.0582733154296875,0.9886711277067661,0.012345159280812368,0.0545654296875,0.67460897564888,1.3018563985824585
72949.82051511109,1546,101370624,101318656,1958.3711436792355,1092.2505725095518,1540,100,8.910000085830688,5.855074685805469,22.0,0.0,8.279999923706054,5.351784651068877,19.0,0.0,-0.0003278694621258184,0.15808708244003356,0.0009220023415158115,2.4929717654983206,0.0068853968659823295,0.06619771321614583,0.985757265239954,0.01270366448443383,0.0493927001953125,0.6371601074934006,1.3021713495254517
73032.02007341944,1548,101449728,101449728,962.3409374447492,1594.5584465103937,1543,100,8.12999997138977,5.707284796309508,16.0,0.0,7.779999923706055,5.5363886427563,19.0,0.0,0.00046169446189499763,0.17382219751986364,0.0010682070302815796,2.47082199404637,0.008585639953404705,0.08513895670572917,0.9818117891748747,0.014491926228705173,0.059234619140625,0.7000967562198639,1.3029146194458008
73092.02032951452,1549,101569536,101515264,1996.791477192063,1092.2620046178806,1543,100,8.12999997138977,5.707284796309508,16.0,0.0,7.779999923706055,5.5363886427563,19.0,0.0,0.0011392058125541857,0.1476440653204918,0.0010485515031177783,2.482009768486023,0.009253872416593367,0.08557637532552083,0.9823234248906374,0.013955243348997707,0.0514373779296875,0.6524797230958939,1.3031623363494873
73173.68063228205,1551,101646336,101646336,940.4814505603003,1605.0883422895793,1546,100,8.919999933242797,5.820102980932216,22.0,0.0,8.83000020980835,5.083414244459648,19.0,0.0,-2.8075609103931753e-05,0.13429883126324663,0.0010058558127639117,2.48958208411932,0.007080302169924835,0.07466634114583333,0.9862109410266081,0.013792514810726667,0.0512542724609375,0.6520478427410126,1.3037097454071045
73233.68064297177,1552,101768704,101711872,2039.4663033112538,1092.266472066278,1546,100,8.919999933242797,5.820102980932216,22.0,0.0,8.83000020980835,5.083414244459648,19.0,0.0,0.00016503296016405023,0.10527664547165234,0.0009083472699179159,2.4822031259536743,0.007448843914365474,0.07346598307291667,0.9905294657995303,0.013180895727903893,0.0523223876953125,0.6639575958251953,1.3039973974227905
73314.6654772833,1554,101842944,101842944,916.7148470590905,1618.4758679112217,1549,100,8.559999942779541,5.67859126355612,19.0,0.0,8.000000047683717,5.071488916371928,19.0,0.0,-0.00041433556058715715,0.11985044049409528,0.0009980974549155994,2.4733207573493323,0.008113108140605618,0.07542928059895833,0.9880020301789046,0.012843526220725229,0.054443359375,0.6742628067731857,1.3045910596847534
73374.6657011304,1555,101964288,101908480,2022.3924548883597,1092.2625916696625,1549,100,8.559999942779541,5.67859126355612,19.0,0.0,8.000000047683717,5.071488916371928,19.0,0.0,-0.0008770905988058075,0.146476508389848,0.001022670348296136,2.462143329282602,0.006691942356458942,0.07644144694010417,0.9844101468722026,0.014076358114834877,0.058563232421875,0.6987878531217575,1.3049501180648804
73455.50748098828,1557,102039552,102039552,931.0037474721601,1621.3398595433534,1552,100,9.299999904632568,5.324471656921447,16.0,0.0,7.250000023841858,5.263791416841682,16.0,0.0,0.001035752439444574,0.17910357223202786,0.0010399906677776016,2.4740456665555635,0.008996980104105507,0.08955383300781251,0.9837391941497724,0.013070704958712062,0.057342529296875,0.6910152584314346,1.3056201934814453
73515.50756007433,1558,102163712,102105088,2069.330605746924,1092.2652269509538,1552,100,9.299999904632568,5.324471656921447,16.0,0.0,7.250000023841858,5.263791416841682,16.0,0.0,0.002114537579473108,0.169789783617792,0.0010070101913394562,2.4968140174945197,0.006105832117706693,0.05874633789062499,0.9849990891913573,0.012342395872110501,0.0506591796875,0.6503982394933701,1.305867075920105
73596.31980695017,1560,102236160,102236160,896.497780977572,1621.9323811325685,1556,100,9.239999866485595,5.333141558235354,19.0,0.0,8.100000047683716,5.210566069360862,16.0,0.0,-0.000935420316333572,0.20940179579580823,0.0010952656442289783,2.488469148675601,0.008547533781893435,0.08339436848958333,0.9784841928631067,0.012540391568715373,0.0500335693359375,0.6385592520236969,1.3066353797912598
73656.3255692944,1561,102359040,102301696,2047.8033308716647,1092.1617764648877,1556,100,9.239999866485595,5.333141558235354,19.0,0.0,8.100000047683716,5.210566069360862,16.0,0.0,-0.0012770745112599493,0.15136683833164474,0.0010929022149260468,2.49297625819842,0.009174458660709206,0.07680257161458333,0.9852975172301134,0.013746725482633337,0.050140380859375,0.643121063709259,1.306968331336975
73737.36148009822,1563,102432768,102432768,909.8188601653904,1617.4557514051385,1559,100,9.27999997138977,5.255625543413516,16.0,0.0,7.889999914169311,5.281846203222221,16.0,0.0,-0.0004054684407795624,0.12737900620171178,0.0010340958451706683,2.482125865916411,0.007042413190598987,0.06441752115885416,0.9872388200213511,0.013121419780266782,0.058349609375,0.6965598613023758,1.3077752590179443
73797.36172961816,1564,102555904,102498304,2052.2581320110908,1092.262124313595,1559,100,9.27999997138977,5.255625543413516,16.0,0.0,7.889999914169311,5.281846203222221,16.0,0.0,-0.001166356853597487,0.1434749107575044,0.0010251021521980874,2.4746271297335625,0.0072371115602436475,0.07466634114583333,0.9830423841873804,0.012924538032772642,0.05487060546875,0.6770767420530319,1.308126449584961
73877.81867272593,1566,102629376,102629376,913.1840853260751,1629.094953613068,1562,100,8.990000104904174,5.6222682242295505,19.0,0.0,8.059999942779541,5.496944462390499,19.0,0.0,0.0009417733284256733,0.13845745501263687,0.0009754861512192291,2.4991151491800943,0.006718779910443118,0.06826273600260417,0.9873330431679884,0.01229109704339256,0.047607421875,0.6295299977064133,1.3087407350540161
73937.81932713091,1567,102752256,102694912,2047.9776632202045,1092.2547537174423,1562,100,8.990000104904174,5.6222682242295505,19.0,0.0,8.059999942779541,5.496944462390499,19.0,0.0,-0.0005419744605508944,0.12596042302902788,0.0010426741149179481,2.4700778250892954,0.007598781673247383,0.07247924804687501,0.9841966188202302,0.013385721870387593,0.0554656982421875,0.6793033629655838,1.3090498447418213
74019.41285428777,1569,102825984,102825984,903.6010890699879,1606.401936124423,1562,100,8.990000104904174,5.6222682242295505,19.0,0.0,8.059999942779541,5.496944462390499,19.0,0.0,0.0008227376456488854,0.18475494937350354,0.0010895606083067833,2.481367416679859,0.005472456118392681,0.06260172526041666,0.9810243391742308,0.013451391607911017,0.0568695068359375,0.6871824860572815,1.309695839881897
74079.41294257715,1570,102949120,102891520,2052.2636467819148,1092.265059409917,1565,100,8.469999837875367,5.62041815022618,16.0,0.0,6.799999952316284,5.403702318692255,16.0,0.0,0.0007708108629837322,0.1409584905098503,0.001017356783753106,2.4697160919507346,0.00810227807960473,0.07668558756510416,0.9842970768610636,0.014570154754134515,0.06048583984375,0.7150258421897888,1.3100218772888184
74160.2007740289,1572,103022592,103022592,909.443893711719,1622.422556029269,1565,100,8.469999837875367,5.62041815022618,16.0,0.0,6.799999952316284,5.403702318692255,16.0,0.0,-8.321519392969395e-05,0.12321108824107795,0.0010044283117167652,2.4704666435718536,0.0064561509091921225,0.07285054524739583,0.986739723632733,0.013033646314094463,0.0591278076171875,0.6969090700149536,1.3107770681381226
74220.2014066372,1573,103143680,103088128,2018.1120554257411,1092.2551505052636,1565,100,8.469999837875367,5.62041815022618,16.0,0.0,6.799999952316284,5.403702318692255,16.0,0.0,-0.0010927759952513345,0.14366782479919493,0.0009686597756323561,2.464707729717096,0.005983609895944634,0.06598917643229167,0.9843191343049208,0.013283911423059179,0.0595703125,0.7056102454662323,1.3111488819122314
74301.22218176536,1575,103219200,103219200,932.1066094535012,1617.757912000653,1569,100,8.990000009536743,5.563263485199736,19.0,0.0,6.960000038146973,5.578386815288451,19.0,0.0,0.0002711909995317304,0.14379163354169577,0.0009556257682561409,2.4822873348991075,0.007882036680409025,0.08303324381510417,0.985016889249285,0.012293030556368953,0.0552978515625,0.6811894476413727,1.3117352724075317
74361.22272239812,1576,103341568,103284736,2039.4482901242186,1092.2568248364016,1569,100,8.990000009536743,5.563263485199736,19.0,0.0,6.960000038146973,5.578386815288451,19.0,0.0,0.0004975348444228681,0.10828558060651025,0.0009801661472010892,2.4796577244997025,0.007007762986177113,0.06776936848958334,0.9883699665466945,0.012974746253651878,0.058807373046875,0.7037504315376282,1.3120390176773071
74442.47261743248,1578,103415808,103415808,913.72425734958,1613.1959302171895,1573,100,8.670000028610229,5.68516474138074,19.0,0.0,7.130000019073487,5.5725308274499845,16.0,0.0,-0.0017851422696063914,0.15632708153376978,0.0009925521383896314,2.4926233713825545,0.006859347465554795,0.06534322102864583,0.9832862292726835,0.012870222853962332,0.055633544921875,0.6843678206205368,1.3127421140670776
74502.47262589447,1579,103536128,103481344,2005.3330505146319,1092.2665126207357,1573,100,8.670000028610229,5.68516474138074,19.0,0.0,7.130000019073487,5.5725308274499845,16.0,0.0,-0.0002690399608885248,0.108114543176877,0.000992939990586213,2.493327878415584,0.008941008640249493,0.08318074544270833,0.9886865417162578,0.0128380317085733,0.0524139404296875,0.6603650152683258,1.313016414642334
74584.14542115293,1581,103612416,103612416,934.0686792778224,1604.8428315108895,1576,100,8.700000047683716,5.71576760484651,19.0,0.0,7.65,5.580994462600862,16.0,0.0,-0.000787965371273458,0.07982143460928152,0.000967653030481112,2.467955127358436,0.006952829249106193,0.07797749837239583,0.9915986408789953,0.013540766890704012,0.0548858642578125,0.6722432076931,1.3137097358703613
74644.14600450918,1582,103735040,103677952,2043.7134631164256,1092.2560470935384,1576,100,8.700000047683716,5.71576760484651,19.0,0.0,7.65,5.580994462600862,16.0,0.0,-0.00018852102706053597,0.12058933944596598,0.0010409947299194755,2.438685931265354,0.007225470079598987,0.07426452636718751,0.9860413540154696,0.014246047445340084,0.068511962890625,0.7569631189107895,1.3141698837280273
74725.53515262529,1584,103809024,103809024,909.0155347793125,1610.4358263218269,1579,100,8.369999980926513,5.659779181705554,19.0,0.0,7.290000057220459,5.632574840975018,19.0,0.0,0.0029346972733037546,0.1539293636645501,0.0009920825638497868,2.476977363228798,0.008180885911618436,0.0836944580078125,0.9848677242795626,0.013206878279258186,0.0560455322265625,0.6788109540939331,1.314985752105713
74785.53535357863,1585,103928832,103874560,1996.7933122954241,1092.2630084351038,1579,100,8.369999980926513,5.659779181705554,19.0,0.0,7.290000057220459,5.632574840975018,19.0,0.0,0.0004918833656120115,0.11664364498574287,0.0009820653194765327,2.4665700495243073,0.008082943031088991,0.08177693684895833,0.9887814397613207,0.013965883078829696,0.054931640625,0.6676297038793564,1.3154100179672241
74867.15997969359,1587,104005632,104005632,940.8925180475654,1605.7898974678449,1582,100,8.02999987602234,5.532549045383186,16.0,0.0,7.139999961853027,5.468125729480714,19.0,0.0,-0.000694605422419651,0.1418943393509835,0.001011136239564318,2.45848290870587,0.009652719931182217,0.09051005045572917,0.9856349360197783,0.013951071363408118,0.0626068115234375,0.7176188826560974,1.31630539894104
74927.16020316817,1588,104127488,104071168,2030.9257689953786,1092.262598451296,1582,100,8.02999987602234,5.532549045383186,16.0,0.0,7.139999961853027,5.468125729480714,19.0,0.0,0.0010103833798590736,0.14540746280302605,0.0010403496550376683,2.450549046198527,0.006045326050298172,0.06088256835937501,0.9825901569177707,0.013815374006905282,0.062652587890625,0.7199016511440277,1.3167543411254883
75008.18498969823,1590,104202240,104202240,922.5818814377849,1617.6778195073489,1586,100,8.82000002861023,6.012287472337548,22.0,0.0,7.979999971389771,5.409214319942588,16.0,0.0,-0.0010157817426564484,0.1131449977401644,0.0009487187847601793,2.4603745664159455,0.006821726075941115,0.07467142740885416,0.9896419352541368,0.013148569647455588,0.05816650390625,0.6921592652797699,1.3177154064178467
75068.1851191409,1591,104323840,104267776,2026.6622943906273,1092.2643102400014,1586,100,8.82000002861023,6.012287472337548,22.0,0.0,7.979999971389771,5.409214319942588,16.0,0.0,0.003105819503010328,0.18655848223716018,0.0010370237796450967,2.4543511817852655,0.00896255988482153,0.082855224609375,0.9828073699027299,0.013762525496228287,0.061737060546875,0.7115918844938278,1.3181113004684448
75149.05411169119,1593,104398848,104398848,927.5248477139965,1620.7942731384512,1589,100,8.300000047683715,5.985816475851577,19.0,0.0,8.02999997138977,5.322508755881754,16.0,0.0,-0.0021190593264085083,0.1398738132168849,0.0010038217302887156,2.4573781912525496,0.006789931589689029,0.06853739420572917,0.9851171392947435,0.013237973743040735,0.0593719482421875,0.700959637761116,1.3189284801483154
75209.05616497435,1594,104523776,104464384,2082.0620822833143,1092.2292890666567,1589,100,8.300000047683715,5.985816475851577,19.0,0.0,8.02999997138977,5.322508755881754,16.0,0.0,0.0028842234508677698,0.15803905300951254,0.0010382024277835928,2.4673879941304526,0.006304329847504657,0.06371561686197917,0.9826325171937546,0.013487717156143239,0.0548858642578125,0.6720352619886398,1.319311261177063
75290.0257131476,1596,104595456,104595456,885.2710879234237,1618.7814179171176,1589,100,8.300000047683715,5.985816475851577,19.0,0.0,8.02999997138977,5.322508755881754,16.0,0.0,0.0027000921157499156,0.13939427064421275,0.0010489320514655749,2.4529232109586396,0.008761046225117754,0.08737691243489583,0.9829770264526209,0.014127815792259451,0.0615234375,0.7118517756462097,1.3202104568481445
75350.02613295428,1597,104716032,104660992,2009.585939373008,1092.2590243725904,1592,100,8.549999952316284,5.537824433709454,19.0,0.0,7.919999980926514,5.375276731542259,19.0,0.0,0.002709200419000505,0.13480661316619566,0.00095796136217056,2.4791402568419776,0.007163042525765681,0.06699117024739584,0.9886380167057117,0.013470845229070013,0.054779052734375,0.675694614648819,1.3205472230911255
75431.44091239758,1599,104792064,104792064,933.8844927161786,1609.9288224602135,1592,100,8.549999952316284,5.537824433709454,19.0,0.0,7.919999980926514,5.375276731542259,19.0,0.0,0.0019323584165249486,0.16201378296439847,0.0010499225300009127,2.4679320777455964,0.007710818247990877,0.08268229166666667,0.9820840694010258,0.01403051091862532,0.0609588623046875,0.7067616432905197,1.32131028175354
75491.44121293351,1600,104914432,104857600,2039.4564511675717,1092.26119560439,1596,100,8.72999997138977,5.698868306195078,19.0,0.0,7.519999980926514,5.568626375709357,19.0,0.0,0.002640955979586579,0.14036905175695819,0.0009863114931552748,2.471715701123079,0.008420329797445447,0.08041381835937501,0.9866037846853336,0.013037486341393862,0.058258056640625,0.6972144991159439,1.3216521739959717
75574.76066928543,1602,104988672,104988672,891.0283774107747,1573.125962876954,1596,100,8.72999997138977,5.698868306195078,19.0,0.0,7.519999980926514,5.568626375709357,19.0,0.0,0.0008236827161454131,0.2133443811132262,0.0010552470430411631,2.4671045218904815,0.00820630241469189,0.09075419108072917,0.9772020733604828,0.012796513474313542,0.0610198974609375,0.7109591662883759,1.322513222694397
75634.76378108747,1603,105106688,105054208,1966.8313268376967,1092.2100209771156,1599,100,8.789999866485596,5.437453369556328,19.0,0.0,7.400000047683716,5.228766642030651,16.0,0.0,0.0011216862597696795,0.17730236278536418,0.0010902168160100703,2.4834869479139647,0.008170011540642008,0.07476298014322917,0.9804952529569466,0.012921793919910366,0.0582122802734375,0.6957743912935257,1.3229119777679443
75718.91256827861,1605,105185280,105185280,933.9647382140417,1557.6219738292812,1599,100,8.789999866485596,5.437453369556328,19.0,0.0,7.400000047683716,5.228766642030651,16.0,0.0,0.002535933771772155,0.130740896333009,0.001012357559375232,2.5073875735203424,0.007742517375542471,0.08194478352864583,0.9863693633427223,0.012211596137300756,0.0474395751953125,0.6242337077856064,1.323583722114563
75778.91449776478,1606,105299712,105250816,1907.1386700385185,1092.2315425723953,1603,100,8.120000076293945,5.45761846801266,16.0,0.0,8.039999961853027,5.409103510047106,19.0,0.0,0.0006816872070582274,0.17749097384512422,0.0009611008930126748,2.492345084746679,0.007397488940720601,0.08347574869791667,0.9802704782535632,0.012325368811919665,0.0558624267578125,0.6790188848972321,1.3239107131958008
75862.54961044155,1608,105381888,105381888,982.5538266157585,1567.1886580288733,1603,100,8.120000076293945,5.45761846801266,16.0,0.0,8.039999961853027,5.409103510047106,19.0,0.0,-1.632998949692877e-06,0.13850420278807482,0.0010132220183246925,2.5135678499937053,0.00771901859055409,0.0749664306640625,0.9822987411171198,0.012419275308881575,0.0480194091796875,0.6295684576034546,1.3245395421981812
75922.54978216812,1609,105498880,105447424,1949.8610859507442,1092.2635404888194,1603,100,8.120000076293945,5.45761846801266,16.0,0.0,8.039999961853027,5.409103510047106,19.0,0.0,0.000612176565482514,0.14308594982139766,0.0009709064488561125,2.478717781603337,0.008818046191057268,0.085418701171875,0.9807655674715836,0.013351704876792306,0.0617218017578125,0.7188946604728699,1.3248594999313354
76006.0710138008,1611,105578496,105578496,953.2426479310719,1569.3255168511537,1605,100,7.660000038146973,5.65901048341275,19.0,0.0,7.3199999809265135,5.4219554057848764,16.0,0.0,8.572735653918545e-05,0.16411704779602587,0.001075643157188703,2.50459265957276,0.006131606485723751,0.062067667643229164,0.9832432307302953,0.012489614959728593,0.05059814453125,0.6518214493989944,1.3253858089447021
76066.07149198651,1612,105704448,105644032,2099.183270009178,1092.257961630792,1605,100,7.660000038146973,5.65901048341275,19.0,0.0,7.3199999809265135,5.4219554057848764,16.0,0.0,0.001335541186563205,0.15502458259773752,0.001080725496043063,2.478134570022424,0.007037982859401382,0.0687103271484375,0.9774237523476282,0.014125026859498272,0.057220458984375,0.6911305040121078,1.3257067203521729
76147.20260825753,1614,105775104,105775104,870.886575305746,1615.557704915007,1609,100,7.62000002861023,5.880102038856827,19.0,0.0,7.240000057220459,5.6287121189408325,16.0,0.0,0.0008210676242015325,0.13469886151142418,0.0010541138605428082,2.479980781674385,0.007938915224561544,0.08009847005208333,0.983200006186962,0.013273692175668355,0.0569305419921875,0.6883439421653748,1.3264199495315552
76207.20280800946,1615,105898240,105840640,2052.2598342856736,1092.2630303058888,1609,100,7.62000002861023,5.880102038856827,19.0,0.0,7.240000057220459,5.6287121189408325,16.0,0.0,4.9483212933409905e-05,0.15476966719143093,0.0010178402008023113,2.499430326124032,0.007890291689060783,0.07496643066406249,0.9841789677739143,0.012470093691566339,0.0507965087890625,0.6481930464506149,1.3267027139663696
76288.86269036122,1617,105971712,105971712,899.7318865035077,1605.0966058877905,1609,100,7.62000002861023,5.880102038856827,19.0,0.0,7.240000057220459,5.6287121189408325,16.0,0.0,0.0005369033084813661,0.18511044777308902,0.0010065665937872836,2.4983524481455484,0.006478429442722699,0.07045491536458334,0.9762144287427266,0.012504795197552692,0.049346923828125,0.6420588344335556,1.3272271156311035
76348.86364210397,1618,106095104,106037248,2056.5007123391615,1092.2493409934136,1613,100,8.420000004768372,5.774391636404242,19.0,0.0,8.02000002861023,5.556941534846448,16.0,0.0,-0.0014538469088923496,0.16410291187154752,0.0009391241722672323,2.5116686522960663,0.007106957926225732,0.07501729329427083,0.9838116777439911,0.01109574367486251,0.0556793212890625,0.6831428706645966,1.3274424076080322
76429.29777507298,1620,106168320,106168320,910.2603247829102,1629.556945065909,1613,100,8.420000004768372,5.774391636404242,19.0,0.0,8.02000002861023,5.556941534846448,16.0,0.0,-2.969148287472001e-05,0.12446348539864024,0.0009986884585183968,2.5108969137072563,0.007968998440143574,0.0803070068359375,0.9872060033182303,0.012304894732854638,0.0475006103515625,0.6227107644081116,1.3280445337295532
76489.29820069484,1621,106295296,106233856,2116.251654616989,1092.2589185119944,1613,100,8.420000004768372,5.774391636404242,19.0,0.0,8.02000002861023,5.556941534846448,16.0,0.0,-0.0008556719306701174,0.13156323748019833,0.0009873777902006016,2.5144839982191725,0.007476489190594293,0.07469685872395833,0.9870616321762403,0.011558553591991464,0.0517425537109375,0.6594408303499222,1.3283394575119019
76570.23452355713,1623,106364928,106364928,860.3306591835495,1619.445946698446,1617,100,8.259999895095826,5.855971282742321,19.0,0.0,6.9700000286102295,5.5829293505154345,16.0,0.0,-0.0005397475154798789,0.16178590090324482,0.0011210433149244636,2.503897254665693,0.00785553092828195,0.0770111083984375,0.9789455855886142,0.012083568396822859,0.0430450439453125,0.5934729427099228,1.328881859779358
76630.23494172283,1624,106487296,106430464,2039.4524528490033,1092.2590542454914,1617,100,8.259999895095826,5.855971282742321,19.0,0.0,6.9700000286102295,5.5829293505154345,16.0,0.0,0.0005122006308132161,0.17461322969757023,0.00103121234496939,2.507876006265481,0.007044791843630567,0.0743560791015625,0.9793115394810835,0.011460903362603856,0.0537109375,0.667518362402916,1.3291923999786377
76710.37574506365,1626,106561536,106561536,926.3695509049547,1635.5214140115063,1621,100,8.650000047683715,5.920092921706081,22.0,0.0,7.4899999618530275,5.5362351018407585,16.0,0.0,0.00020510168542386964,0.16171461793904504,0.001048007311207281,2.4995538145303726,0.009429180640533257,0.09331766764322917,0.9791899720827738,0.013008652788509304,0.0534820556640625,0.6659780889749527,1.329912543296814
76770.37576832622,1627,106684672,106627072,2052.265870983512,1092.2662431845717,1621,100,8.650000047683715,5.920092921706081,22.0,0.0,7.4899999618530275,5.5362351018407585,16.0,0.0,-0.0010275669246766483,0.1457824264653027,0.001020655725975909,2.5024596229195595,0.008584562653898804,0.07838948567708333,0.9839870588233074,0.012144985327419514,0.050262451171875,0.6458109617233276,1.3301866054534912
76850.90430385433,1629,106758144,106758144,912.3722357319488,1627.6466365671004,1621,100,8.650000047683715,5.920092921706081,22.0,0.0,7.4899999618530275,5.5362351018407585,16.0,0.0,0.0018156944121680378,0.20287817778686681,0.0010374102075729752,2.4966657509406405,0.00837737150322937,0.074951171875,0.9799039730181297,0.01240612001856789,0.051971435546875,0.65743488073349,1.3307490348815918
76910.90795989707,1630,106884096,106823680,2099.072095045112,1092.2001144950175,1625,100,8.110000038146973,5.691915332827361,16.0,0.0,8.649999904632569,4.996748845596806,16.0,0.0,-0.0010475235491564188,0.155741374551629,0.0010378035858593648,2.506292882064978,0.008282483658452595,0.07309468587239583,0.9823569096624851,0.012486079678637907,0.049041748046875,0.633245050907135,1.3310743570327759
76991.1701925341,1632,106954752,106954752,880.314410384336,1633.0470221622465,1625,100,8.110000038146973,5.691915332827361,16.0,0.0,8.649999904632569,4.996748845596806,16.0,0.0,-0.0013404721576080192,0.12653693091124296,0.0009645599760309173,2.4852592597405114,0.0070893605643505,0.06824747721354167,0.9840486819545428,0.012754653706603373,0.0542755126953125,0.6714006811380386,1.3317561149597168
77051.17054207437,1633,107077888,107020288,2052.254710905796,1092.2603035174297,1629,100,8.390000009536744,5.763497149192903,22.0,0.0,7.729999971389771,5.4439967037839505,19.0,0.0,-0.0007297349317620198,0.11080429113159578,0.0009158909876229396,2.505921716491381,0.00647844655092437,0.063720703125,0.9889999106526375,0.011958178811861822,0.047088623046875,0.6272125542163849,1.331957459449768
77131.89071667008,1635,107151360,107151360,910.2061581009203,1623.782414451816,1629,100,8.390000009536744,5.763497149192903,22.0,0.0,7.729999971389771,5.4439967037839505,19.0,0.0,0.0006816781157491885,0.09868099920762081,0.0009245205043650154,2.4878202080726624,0.007243948618148957,0.0728912353515625,0.9905126554270585,0.012746412859996782,0.051605224609375,0.656544879078865,1.3325494527816772
77191.89110049047,1636,107277568,107216896,2103.4532108629887,1092.2596794744932,1629,100,8.390000009536744,5.763497149192903,22.0,0.0,7.729999971389771,5.4439967037839505,19.0,0.0,-0.0015568052852662124,0.12552542402409017,0.0009843410225585103,2.4656476626793546,0.009065386723401994,0.08756510416666667,0.985475859294335,0.014048629828418294,0.05865478515625,0.6944013983011246,1.3329938650131226
77272.15537101962,1638,107347968,107347968,877.1025954123836,1633.0055594586922,1633,100,8.659999990463257,6.002032928190758,22.0,0.0,8.060000038146972,5.431058837071614,16.0,0.0,0.0013056310951166477,0.15176325504823276,0.0009632041607498347,2.4714058240254717,0.008545373049855698,0.09086100260416667,0.9862159118056297,0.012728796961406866,0.0630950927734375,0.7272043824195862,1.3336251974105835
77332.1558294855,1639,107472896,107413504,2082.117423669736,1092.258320613632,1633,100,8.659999990463257,6.002032928190758,22.0,0.0,8.060000038146972,5.431058837071614,16.0,0.0,0.0015691109510953538,0.15310029522515833,0.0010284588746192942,2.4830586736400924,0.007965189160434724,0.07585652669270833,0.9839106599489847,0.013375359519462412,0.055633544921875,0.6815573573112488,1.333938717842102
77412.64891100489,1641,107544576,107544576,890.5113165873977,1628.3635503312414,1636,100,9.17999997138977,5.318608812777923,16.0,0.0,7.730000114440918,5.259001786521227,16.0,0.0,0.0014515513466903938,0.1178687671975543,0.0010151124915864784,2.4540403857827187,0.008293330478409189,0.0807952880859375,0.9867643521477779,0.014590635420366501,0.0605316162109375,0.7111075818538666,1.3347322940826416
77472.65381589532,1642,107665408,107610112,2013.702050201319,1092.1773831600376,1636,100,9.17999997138977,5.318608812777923,16.0,0.0,7.730000114440918,5.259001786521227,16.0,0.0,-0.0012451216631840603,0.20356042427010834,0.0009649995693810827,2.4788367425402007,0.008100666794537878,0.075653076171875,0.9799889909724394,0.013339010756074762,0.0549468994140625,0.6759523749351501,1.3350629806518555
77553.25144656375,1644,107741184,107741184,940.1765209666386,1626.2512795098614,1639,100,8.420000028610229,5.774391618134162,22.0,0.0,7.7000000953674315,5.445181338822505,19.0,0.0,0.0003551821549384235,0.17902529728598895,0.0009982620789135883,2.490060138205687,0.007931215777110385,0.08498636881510417,0.981277591859301,0.013400280081744615,0.0535125732421875,0.6630055159330368,1.335803508758545
77613.25487984158,1645,107866624,107806720,2090.54704285307,1092.2041693273181,1639,100,8.420000028610229,5.774391618134162,22.0,0.0,7.7000000953674315,5.445181338822505,19.0,0.0,-0.001217392162895218,0.1371822019573301,0.0009840564459106342,2.4940851430098214,0.0068384985243028495,0.07004801432291667,0.984857693935434,0.013150322192814203,0.0543060302734375,0.6690241545438766,1.33610999584198
77693.76104012132,1647,107937792,107937792,884.0068853453141,1628.099011858996,1643,100,9.589999961853028,5.1324361492672,19.0,0.0,8.709999990463256,5.177441326789855,19.0,0.0,0.0023849314529797994,0.16146483101571601,0.0009535820396801379,2.4933103919029236,0.007920818685912916,0.08060709635416667,0.9844122640788555,0.013101034429079542,0.0516510009765625,0.6565776914358139,1.3366336822509766
77753.76114507392,1648,108056064,108003328,1971.1965519631617,1092.2647560661676,1643,100,9.589999961853028,5.1324361492672,19.0,0.0,8.709999990463256,5.177441326789855,19.0,0.0,0.0017025415315098749,0.15939093326839307,0.0010068514523785175,2.4773972059289617,0.008893145641195588,0.090362548828125,0.983196389550964,0.013380960871775946,0.058441162109375,0.6979251652956009,1.3369364738464355
77836.32688952424,1650,108134400,108134400,948.7711946585657,1587.48644335028,1643,100,9.589999961853028,5.1324361492672,19.0,0.0,8.709999990463256,5.177441326789855,19.0,0.0,0.003444695942259083,0.17103745640876394,0.0009739360915167103,2.49276972313722,0.00847060155198657,0.08753967285156249,0.9824156972269217,0.012682169675827026,0.0540924072265625,0.6701505184173584,1.3376107215881348
77896.32728453912,1651,108261376,108199936,2116.2527341445957,1092.2594756875333,1646,100,7.610000085830689,5.815315989961891,16.0,0.0,8.809999990463258,5.334219628828181,19.0,0.0,-0.0016640440323196042,0.0795192364603281,0.0009284659736294997,2.505086975793044,0.0058545097563182935,0.06987508138020834,0.9923111492147049,0.011938932138339927,0.049163818359375,0.6383295804262161,1.3379205465316772
77976.45346301235,1653,108331008,108331008,869.0293400584466,1635.8199342276641,1646,100,7.610000085830689,5.815315989961891,16.0,0.0,8.809999990463258,5.334219628828181,19.0,0.0,-0.001288744783475219,0.13728074504372972,0.0009393282768238956,2.473213029404481,0.009602748337177522,0.08404541015624999,0.9870546944439411,0.013070916039093088,0.055023193359375,0.6732972264289856,1.3385471105575562
78036.4539454449,1654,108458496,108396544,2124.782915592868,1092.2578843208319,1646,100,7.610000085830689,5.815315989961891,16.0,0.0,8.809999990463258,5.334219628828181,19.0,0.0,-0.00043773147869311896,0.11178444131898384,0.0009859581762915088,2.472101094822089,0.008943273984186817,0.076690673828125,0.9867236409336329,0.013215626395928362,0.0556640625,0.6764502674341202,1.3389045000076294
78116.64603495412,1656,108527616,108527616,861.9304026496768,1634.4754302097576,1650,100,8.52999987602234,6.047238817885303,22.0,0.0,7.659999990463257,5.3258238133998415,16.0,0.0,0.0014133902041066904,0.11702139570843428,0.000958954572827982,2.458910077810287,0.009851378999883309,0.09071858723958333,0.9871888061364492,0.014033467828994617,0.0558319091796875,0.679100975394249,1.339611530303955
78176.64660121314,1657,108649216,108593152,2026.6475398756158,1092.2563583329636,1650,100,8.52999987602234,6.047238817885303,22.0,0.0,7.659999990463257,5.3258238133998415,16.0,0.0,0.0008384133689105511,0.14739623510589203,0.0009905061985288435,2.4698366920153303,0.007962819678141386,0.08594258626302084,0.984403299788634,0.014015843955955157,0.05670166015625,0.6804444640874863,1.340013027191162
78257.27874965034,1659,108724224,108724224,930.2493044497979,1625.555098560739,1654,100,8.03999991416931,5.825667305196611,19.0,0.0,7.419999980926514,5.510317627540005,16.0,0.0,-0.0008657260198863999,0.16531660431064665,0.0009998895287329408,2.464973953862985,0.006177458442228574,0.0636749267578125,0.9801466520875692,0.013583923505696779,0.0630340576171875,0.7292293757200241,1.340746283531189
78317.27888887376,1660,108848128,108789760,2065.061874917341,1092.2641321876843,1654,100,8.03999991416931,5.825667305196611,19.0,0.0,7.419999980926514,5.510317627540005,16.0,0.0,0.0013800555825582705,0.1484123655827716,0.000993514933725237,2.4921166424949965,0.00867026555412546,0.08371480305989583,0.9843511624882618,0.013315168374295656,0.0524749755859375,0.6578489691019058,1.3410234451293945
78398.04660632648,1662,108920832,108920832,900.1616276027587,1622.826596241593,1658,100,9.069999885559081,5.734553071846538,22.0,0.0,7.159999942779541,5.471233848562687,19.0,0.0,0.00013560566852296083,0.10921919536000739,0.0009737131567817414,2.4745064253608384,0.00834250112529844,0.08322652180989583,0.9877876335134109,0.013246636071320003,0.0617523193359375,0.7193351089954376,1.3417580127716064
78458.047716273,1663,109043712,108986368,2047.9621145263277,1092.246461080708,1658,100,9.069999885559081,5.734553071846538,22.0,0.0,7.159999942779541,5.471233848562687,19.0,0.0,0.0012667589714207377,0.13343936783106378,0.0009585060561221326,2.4703310057520866,0.007304320216765821,0.06973775227864583,0.9872516542673111,0.012949312940084686,0.05902099609375,0.7000826597213745,1.3420474529266357
78539.14538908936,1665,109117440,109117440,909.1259642794741,1616.223936496843,1658,100,9.069999885559081,5.734553071846538,22.0,0.0,7.159999942779541,5.471233848562687,19.0,0.0,0.00021350777872915688,0.10934218888481459,0.0009835702694545034,2.4682720030347505,0.006859337903733831,0.07102966308593749,0.9876555359611909,0.01321425152127631,0.062957763671875,0.7266304790973663,1.3428198099136353
78599.14547079057,1666,109241600,109182976,2069.330515553417,1092.2651793436594,1661,100,8.889999961853027,5.77562975387073,19.0,0.0,6.560000085830689,5.417231714851369,16.0,0.0,0.0010002043806404497,0.15570709373181063,0.0010477837683235218,2.4769027233123784,0.005921333933656569,0.06121826171875,0.9821356826772293,0.01423769696460416,0.05059814453125,0.6421568393707275,1.3431519269943237
78679.93592186086,1668,109314048,109314048,896.7396398983436,1622.3699492153778,1661,100,8.889999961853027,5.77562975387073,19.0,0.0,6.560000085830689,5.417231714851369,16.0,0.0,-0.00023959288591868244,0.14555973008585474,0.0010082185654027853,2.4748158877094584,0.008632226498472544,0.08379618326822917,0.9835911480089029,0.012937720447856313,0.05499267578125,0.6711385697126389,1.3437800407409668
78739.93614726141,1669,109436160,109379584,2035.1923544419928,1092.262563390252,1661,100,8.889999961853027,5.77562975387073,19.0,0.0,6.560000085830689,5.417231714851369,16.0,0.0,-0.0005777511638977254,0.1871764773192505,0.0010085933505858218,2.487639697889487,0.0069142444141713595,0.06801350911458333,0.9791217626382906,0.012366366951027885,0.0565643310546875,0.6869117170572281,1.3440667390823364
78821.12737105414,1671,109510656,109510656,917.5375923656035,1614.3616745401682,1666,100,7.929999995231628,5.863880887103723,16.0,0.0,7.250000023841858,5.701534882567953,19.0,0.0,0.0002225579470784093,0.13055656128562987,0.0010078690326433086,2.4832514549295106,0.006924243417718874,0.07003275553385416,0.9848948928217093,0.012897521228296682,0.0564727783203125,0.6871774196624756,1.3446675539016724
78881.1278580837,1672,109631488,109576192,2013.8503199229995,1092.257800636203,1666,100,7.929999995231628,5.863880887103723,16.0,0.0,7.250000023841858,5.701534882567953,19.0,0.0,-1.9730825442820815e-05,0.1645433617910991,0.0009846700019503865,2.48470355818669,0.009631507455196697,0.0893707275390625,0.9814734508593878,0.013157054238642255,0.0538787841796875,0.6709237843751907,1.3449397087097168
78962.9771124851,1674,109707264,109707264,925.7995146587829,1601.3829442746514,1669,100,7.399999976158142,5.711392009930921,16.0,0.0,7.5100000381469725,5.499990946688222,19.0,0.0,0.0005349843571214782,0.1753952470608056,0.0010820428469742183,2.502882289389769,0.004357619075866145,0.04155985514322917,0.9790115288148323,0.012565891374833882,0.05206298828125,0.6574078947305679,1.3453811407089233
79022.97772056796,1675,109830400,109772800,2052.245867741031,1092.2555969681996,1669,100,7.399999976158142,5.711392009930921,16.0,0.0,7.5100000381469725,5.499990946688222,19.0,0.0,0.00013818464988920218,0.10660047080212584,0.001049633109990585,2.485011264681816,0.007839037774829194,0.07773844401041666,0.9852322017153105,0.01271293381190238,0.055694580078125,0.6722415387630463,1.345754861831665
79103.95479277708,1677,109903872,109903872,907.3185532104906,1618.6310078180181,1672,100,10.190000057220459,5.209021042955207,22.0,0.0,7.8900000095367435,5.728690826591776,19.0,0.0,0.0015343025370384566,0.20791104575619102,0.001088425814183817,2.490198490520318,0.006937419258368512,0.0653533935546875,0.9715992609659831,0.013084678910672665,0.051177978515625,0.6501986235380173,1.3463104963302612
79163.95485022478,1678,110025472,109969408,2026.6647262128229,1092.265620864174,1672,100,10.190000057220459,5.209021042955207,22.0,0.0,7.8900000095367435,5.728690826591776,19.0,0.0,-0.0002454055902489927,0.17212144494988024,0.0010341062109849493,2.497838300963243,0.005865449530271386,0.05736796061197917,0.9800020934393009,0.012119165059023846,0.046539306640625,0.6153428703546524,1.346505880355835
79244.99592138454,1680,110100480,110100480,925.5553872446791,1617.3527585982106,1675,100,9.719999980926513,5.495598147836179,19.0,0.0,7.7,5.510898297102416,19.0,0.0,-0.0005102884388179519,0.14959049581860503,0.001015957874187734,2.4820494304100675,0.007423273595122737,0.075164794921875,0.981753916790088,0.01296342952021708,0.0551910400390625,0.6771895289421082,1.3469789028167725
79305.00171572715,1681,110224640,110166016,2069.1335121921697,1092.1611940643206,1675,100,9.719999980926513,5.495598147836179,19.0,0.0,7.7,5.510898297102416,19.0,0.0,0.0015593915983724098,0.15236487736304602,0.0010094661198915371,2.4608311677972474,0.00885059450471696,0.08063252766927084,0.9777485417822998,0.013362434615070622,0.061737060546875,0.7174542546272278,1.347298502922058
79385.9937072657,1683,110297088,110297088,894.5081930169941,1618.332843903537,1678,100,9.760000038146973,5.242365878345676,22.0,0.0,7.860000038146973,5.468125877457854,19.0,0.0,-0.0007941533452443157,0.17217462222712734,0.0010577490902505813,2.4773332203427954,0.007412754735923954,0.0780487060546875,0.978381022810936,0.012039995432132855,0.0528106689453125,0.6604767292737961,1.3478862047195435
79445.99397487566,1684,110420992,110362624,2065.057456167823,1092.261794997857,1678,100,9.760000038146973,5.242365878345676,22.0,0.0,7.860000038146973,5.468125877457854,19.0,0.0,0.0006963019841350615,0.15065679893208048,0.0010193783818976954,2.4702833170692124,0.008579350670819014,0.08424886067708333,0.9802530650049448,0.01204024091324148,0.059417724609375,0.7044732719659805,1.3481659889221191
79527.22869239375,1686,110493696,110493696,894.986801472026,1613.497332231258,1681,100,9.070000076293946,5.225428088618036,19.0,0.0,7.9899999618530275,5.339466280561693,19.0,0.0,0.0007492165314033626,0.14838238984035948,0.0009917539652330258,2.4737481822570166,0.008620599282342784,0.08652242024739583,0.984349150210619,0.013052279925129065,0.05364990234375,0.6638040691614151,1.34866464138031
79587.22886857018,1687,110614272,110559232,2009.594099281471,1092.2634594820734,1681,100,9.070000076293946,5.225428088618036,19.0,0.0,7.9899999618530275,5.339466280561693,19.0,0.0,0.000772857946382525,0.18666292075067759,0.0010632016498372348,2.469989669819673,0.009433066385099664,0.09588623046875,0.9746964567651352,0.014208743814378977,0.0583648681640625,0.695964053273201,1.3489934206008911
79668.37914522551,1689,110690304,110690304,936.9284139711556,1615.1762557347865,1684,100,8.59000005722046,5.533705787812334,19.0,0.0,7.5800000667572025,5.448265744188612,16.0,0.0,0.0006788779016157301,0.12342459758898865,0.0010009966645156965,2.4968197097380957,0.006802169669147892,0.06937154134114583,0.9841430255522331,0.012880415568361059,0.0501251220703125,0.645284503698349,1.349595069885254
79728.38026306778,1690,110813440,110755840,2052.228432205114,1092.246317348252,1684,100,8.59000005722046,5.533705787812334,19.0,0.0,7.5800000667572025,5.448265744188612,16.0,0.0,-0.0016174748598132285,0.1472158502632131,0.000992044149825233,2.4742839485406876,0.0066929417589562945,0.07253519694010417,0.9795535653829575,0.012897607618166754,0.0545501708984375,0.6709693372249603,1.3498839139938354
79809.7736687623,1692,110886912,110886912,902.6775495272294,1610.3515866130365,1687,100,8.529999923706054,5.523504261233002,19.0,0.0,6.8900000095367435,5.513429005870474,19.0,0.0,0.0011662576653179713,0.144087360589765,0.00095747960525235,2.495881264408429,0.007586412966702483,0.0762176513671875,0.9852122087031603,0.011441949822862323,0.049072265625,0.6353694796562195,1.3504066467285156
79869.77383398637,1693,111008512,110952448,2026.6610857799353,1092.2636588624493,1687,100,8.529999923706054,5.523504261233002,19.0,0.0,6.8900000095367435,5.513429005870474,19.0,0.0,0.0008309589005269421,0.17213198076933622,0.000995412372503779,2.472603308657805,0.008506866212580158,0.07709248860677083,0.9812824589510759,0.01262293808395043,0.0562286376953125,0.6856934875249863,1.350690245628357
79950.60571743175,1695,111083520,111083520,927.9506650452195,1621.5383634919876,1687,100,8.529999923706054,5.523504261233002,19.0,0.0,6.8900000095367435,5.513429005870474,19.0,0.0,0.00014059539777614796,0.23858744961520034,0.001016108390710239,2.4763114874561625,0.007501444947289808,0.07026163736979166,0.9706620158006747,0.012381052423734218,0.0561065673828125,0.6866144984960556,1.3512684106826782
80010.60602771863,1696,111204096,111149056,2009.5896075118587,1092.2610180956176,1691,100,8.270000171661376,5.785939866398185,19.0,0.0,6.740000057220459,5.50021819703802,16.0,0.0,-0.0004639423592986229,0.16180459262492758,0.0010835424515486618,2.4747577806313834,0.008774819358829214,0.081207275390625,0.9790687393397092,0.012779947894159704,0.0544281005859375,0.6718861162662506,1.351540207862854
80091.73246091045,1698,111280128,111280128,937.2037819069976,1615.6509640955649,1691,100,8.270000171661376,5.785939866398185,19.0,0.0,6.740000057220459,5.50021819703802,16.0,0.0,0.0013176707628493507,0.14463660155888647,0.001054285688951495,2.4786281560858088,0.008552050929817293,0.086761474609375,0.9829314481467007,0.013319652110415822,0.0535736083984375,0.6722451746463776,1.3520208597183228
80151.73271729425,1699,111403264,111345664,2052.257897238984,1092.2619993621204,1691,100,8.270000171661376,5.785939866398185,19.0,0.0,6.740000057220459,5.50021819703802,16.0,0.0,0.001177909556038988,0.14339445647783577,0.001108966664711867,2.4602593878904977,0.007375245109869866,0.07675170898437499,0.9832284729927777,0.01330191101684856,0.0538177490234375,0.6626051217317581,1.3523098230361938
80232.56707998179,1701,111476736,111476736,908.9203843172304,1621.4886298620972,1695,100,7.4700000286102295,5.668253674591039,16.0,0.0,7.4300000190734865,5.753703079223679,19.0,0.0,0.0016464145422408667,0.1729732199261586,0.0011134831244514014,2.4841866369048753,0.00838007884279553,0.08637491861979167,0.9786308308442433,0.012994436682978023,0.0493927001953125,0.6387517303228378,1.3527952432632446
80292.56747139804,1702,111599360,111542272,2043.7200009129633,1092.2595411977425,1695,100,7.4700000286102295,5.668253674591039,16.0,0.0,7.4300000190734865,5.753703079223679,19.0,0.0,0.0006896148200515502,0.18233381095342338,0.0011061112199968193,2.4991303558150926,0.009354281712755133,0.08702596028645834,0.9815906019260485,0.013124085710539173,0.045440673828125,0.6079423278570175,1.3530526161193848
80374.11978451721,1704,111673344,111673344,907.1968307249188,1607.2137623915514,1700,100,8.049999952316284,5.532404529066829,16.0,0.0,8.22000002861023,5.247056373475385,19.0,0.0,0.0012960085562857178,0.13751821739909548,0.0010808174126092733,2.481383800506592,0.006615679346092899,0.0742340087890625,0.9840365331619978,0.013477557920850813,0.055999755859375,0.6815647780895233,1.3535407781600952
80434.12014276162,1705,111796224,111738880,2047.987771997347,1092.2601450652517,1700,100,8.049999952316284,5.532404529066829,16.0,0.0,8.22000002861023,5.247056373475385,19.0,0.0,-0.0003301479434109448,0.13042032699255893,0.001016680881851547,2.4917228147387505,0.006326752694197543,0.06870524088541666,0.9861616976559162,0.013051302191646148,0.0494232177734375,0.6405897587537766,1.3537602424621582
80516.26852861047,1707,111869952,111869952,897.497853891576,1595.5517402516907,1700,100,8.049999952316284,5.532404529066829,16.0,0.0,8.22000002861023,5.247056373475385,19.0,0.0,0.0003614938711204256,0.12525604956317693,0.0010663418815965997,2.482757200797399,0.006957982666184155,0.07646687825520834,0.9841136808196704,0.013205258486171562,0.05169677734375,0.6540447324514389,1.354313611984253
80576.26897194795,1708,111993088,111935488,2052.2515026663305,1092.258596013681,1703,100,9.699999952316285,5.566866286880008,22.0,0.0,8.309999990463258,5.182074801208584,16.0,0.0,-0.0011997724674680892,0.13660877717969316,0.0010723279726031856,2.4670865411559744,0.009196466835419415,0.08521016438802083,0.9813153017312288,0.014493730549778169,0.0521240234375,0.6523115485906601,1.3546745777130127
80657.05516708642,1710,112066560,112066560,909.4623143727385,1622.4554179750596,1703,100,9.699999952316285,5.566866286880008,22.0,0.0,8.309999990463258,5.182074801208584,16.0,0.0,-0.0007536063834171122,0.10607621368641654,0.0010030668515052337,2.475520722568035,0.005664913948445853,0.06130472819010417,0.9872891288250684,0.013655733549967408,0.05078125,0.6443942040205002,1.3552255630493164
80717.0555011779,1711,112189952,112132096,2056.521882225856,1092.2605847506622,1707,100,8.530000019073487,5.662958575275734,19.0,0.0,8.890000200271606,5.031689662558614,19.0,0.0,0.00026119090277158347,0.10203622386325151,0.000943601055041654,2.4834545254707336,0.007264635161845945,0.07109578450520833,0.9889791558186214,0.012643446922690297,0.0558624267578125,0.6838559508323669,1.355527639389038
80797.74502448924,1713,112263168,112263168,907.3792605950083,1624.3992357505044,1707,100,8.530000019073487,5.662958575275734,19.0,0.0,8.890000200271606,5.031689662558614,19.0,0.0,0.00039857474378853414,0.11053381642947593,0.0009506852657068521,2.470463417470455,0.007140577936903961,0.06479899088541667,0.9873439818620683,0.012761388080737865,0.059478759765625,0.7045731395483017,1.3561830520629883
80857.74509335123,1714,112387584,112328704,2073.5976201323165,1092.2654130738129,1707,100,8.530000019073487,5.662958575275734,19.0,0.0,8.890000200271606,5.031689662558614,19.0,0.0,0.0016832280137653774,0.11223985724306355,0.000987013118598649,2.4655587399999304,0.008383517313632183,0.08062235514322917,0.9860012748589119,0.013859708075566838,0.0577239990234375,0.6932508647441864,1.3564989566802979
80939.31413147412,1716,112459776,112459776,885.0416979446921,1606.8842175449731,1710,100,8.880000019073487,5.552080684618031,19.0,0.0,7.8000000476837155,5.2649786173219715,16.0,0.0,-0.0008787372911077301,0.1278602690435946,0.000971767912536355,2.4570656890670457,0.008900262659153668,0.07676188151041667,0.9871081262826921,0.014117851998889819,0.06207275390625,0.7154645770788193,1.3572436571121216
80999.31425341219,1717,112580864,112525312,2018.1292318871194,1092.2644468564536,1710,100,8.880000019073487,5.552080684618031,19.0,0.0,7.8000000476837155,5.2649786173219715,16.0,0.0,0.0010033907577356633,0.11689371534157544,0.000952710336302213,2.4726504137118654,0.009754531052143042,0.08617655436197917,0.9887591109921534,0.013435742429768046,0.0557098388671875,0.6784550100564957,1.3574631214141846
81080.81389630958,1719,112656384,112656384,926.62982701746,1608.2524455353882,1715,100,8.750000143051148,5.638040267170998,19.0,0.0,8.550000047683715,5.254284009234362,19.0,0.0,0.003398211167223053,0.16572503574813408,0.0010162546817203595,2.4752997159957886,0.008195004452621408,0.08063761393229167,0.9841895873347919,0.013148972492975492,0.0548553466796875,0.6710739731788635,1.3581684827804565
81140.81405809522,1720,112776448,112721920,2001.0612709506145,1092.2637214570518,1715,100,8.750000143051148,5.638040267170998,19.0,0.0,8.550000047683715,5.254284009234362,19.0,0.0,0.0019694354208089257,0.18302906552950543,0.0010991100231573607,2.468229005734126,0.00905914836281833,0.085357666015625,0.9798854266603787,0.013533224419613058,0.0560150146484375,0.6827649772167206,1.3583937883377075
81222.22420026734,1722,112852992,112852992,940.226831174925,1610.0205269617445,1718,100,8.719999980926513,5.416788640268633,16.0,0.0,7.560000085830689,5.187137905510377,19.0,0.0,0.00012214168115557797,0.11245798451515535,0.0010161979341016074,2.4651504531502724,0.006911123846900106,0.07060750325520833,0.9880286784221729,0.013454016637600338,0.057403564453125,0.6868017017841339,1.3588427305221558
81282.22433399223,1723,112977920,112918528,2082.1286927930623,1092.2642322848853,1718,100,8.719999980926513,5.416788640268633,16.0,0.0,7.560000085830689,5.187137905510377,19.0,0.0,6.827566297336793e-05,0.17381792057616013,0.00109767927157615,2.4558718080321946,0.0095133041201431,0.08531697591145834,0.9766856928666432,0.014311092701973394,0.05450439453125,0.6688990741968155,1.3591234683990479
81364.55468605831,1725,113049600,113049600,870.6388130402268,1592.0252581307004,1721,100,8.420000123977662,5.711707217932606,19.0,0.0,7.960000038146973,5.342134320230014,19.0,0.0,-0.0003734161303630875,0.188345352653414,0.0010731045695138164,2.4514728014667826,0.009782707831618609,0.0886688232421875,0.978157534574469,0.013122268603183329,0.0614166259765625,0.7128988355398178,1.3597984313964844
81424.5550991334,1726,113171712,113115136,2035.1859885894285,1092.2591469159197,1721,100,8.420000123977662,5.711707217932606,19.0,0.0,7.960000038146973,5.342134320230014,19.0,0.0,0.0007281946842946732,0.1627247742532442,0.0010658893437115087,2.4573669930299125,0.009443967353339152,0.09250386555989584,0.982647246370713,0.012410225851150852,0.061553955078125,0.713761642575264,1.3601511716842651
81507.1662684828,1728,113246208,113246208,901.766681027365,1586.613541876326,1721,100,8.420000123977662,5.711707217932606,19.0,0.0,7.960000038146973,5.342134320230014,19.0,0.0,-0.0005793442081388396,0.15271967789158225,0.0010648328564760352,2.4659776836633682,0.007097476323906449,0.07645670572916666,0.9828380824377139,0.012596734838249784,0.0566558837890625,0.6840965449810028,1.3608760833740234
81567.16785014234,1729,113368064,113311744,2030.879797326548,1092.2378741924292,1724,100,7.7600000381469725,5.7898532223736865,19.0,0.0,7.820000123977661,5.333629201250257,19.0,0.0,0.001217770557559561,0.10373805537043759,0.0010569399122080845,2.4779114474852877,0.006382682702678722,0.06686909993489584,0.9878952627380688,0.011889563000295311,0.0631561279296875,0.7326336801052094,1.361144781112671
81649.67639491707,1731,113442816,113442816,905.9910122532907,1588.5869803893318,1724,100,7.7600000381469725,5.7898532223736865,19.0,0.0,7.820000123977661,5.333629201250257,19.0,0.0,-0.000782631849385022,0.11639652436133474,0.0009980422837543301,2.469335538645585,0.007917675686864337,0.07035319010416666,0.9880318492650987,0.012490409950260073,0.057861328125,0.69327312707901,1.361635446548462
81709.67834202386,1732,113562624,113508352,1996.7352023887095,1092.231221819465,1724,100,7.7600000381469725,5.7898532223736865,19.0,0.0,7.820000123977661,5.333629201250257,19.0,0.0,0.008316313722995497,0.11174121506822605,0.0009876141848508269,2.4921768630544348,0.007908380289639656,0.08264668782552084,0.9897564363976319,0.012191316617342332,0.04541015625,0.606224000453949,1.3619266748428345
81791.83212935925,1734,113639424,113639424,934.8321299719896,1595.4468351521955,1728,100,8.260000085830688,5.952512078375543,19.0,0.0,7.25,5.454126829166839,16.0,0.0,0.0003976130889592848,0.10997933320080241,0.0010893617794257202,2.446995367606481,0.005479405623797599,0.05876159667968751,0.9859666594614586,0.013995096068053195,0.063201904296875,0.7224498987197876,1.362640619277954
81851.83261102997,1735,113760256,113704960,2013.8504997862506,1092.257898189153,1728,100,8.260000085830688,5.952512078375543,19.0,0.0,7.25,5.454126829166839,16.0,0.0,-0.000928361759482262,0.17940916811736923,0.0010518444190286877,2.4638372510671616,0.007659460917542068,0.07836405436197916,0.9782122162481148,0.012893000365390133,0.0582427978515625,0.6922475546598434,1.3629950284957886
81933.03058534302,1737,113836032,113836032,933.2252515050851,1614.22746206285,1733,100,8.649999952316284,5.807538094842939,19.0,0.0,8.150000095367432,5.370986937946182,19.0,0.0,-0.0010872060471835236,0.08692599662269154,0.00099133983712818,2.474519170820713,0.008463769389588077,0.07929484049479167,0.9915681183338165,0.012473174933499347,0.051116943359375,0.6465841382741928,1.3636900186538696
81993.03092115745,1738,113958400,113901568,2039.455252024906,1092.2605533857238,1733,100,8.649999952316284,5.807538094842939,19.0,0.0,8.150000095367432,5.370986937946182,19.0,0.0,0.00029873138798090315,0.1527670748764649,0.0009755660030350555,2.473620812098185,0.006777936045788617,0.07067362467447917,0.9843389596790075,0.012450209372521689,0.0506439208984375,0.6469629555940628,1.3639605045318604
82073.75160318613,1740,114032640,114032640,919.7147265631579,1623.7722068977134,1735,100,7.619999885559082,5.76676675099744,16.0,0.0,7.730000162124634,5.349495274093729,19.0,0.0,-0.0003922136214290125,0.1366303691174835,0.001022378823715068,2.446830376982689,0.007537827214036952,0.07108561197916667,0.9850732057044904,0.013164169552813595,0.0572967529296875,0.6809005588293076,1.3647091388702393
82133.75195431896,1741,114157312,114098176,2077.8545066179518,1092.2602745260692,1735,100,7.619999885559082,5.76676675099744,16.0,0.0,7.730000162124634,5.349495274093729,19.0,0.0,0.0006991271463145192,0.18934219454725584,0.0010426077781933902,2.4709069654345512,0.010306090367521392,0.09319559733072917,0.9815702469398578,0.013199803167177985,0.0531005859375,0.6618329435586929,1.3649626970291138
82214.10353795439,1743,114229248,114229248,895.2654912986271,1631.2310731135128,1735,100,7.619999885559082,5.76676675099744,16.0,0.0,7.730000162124634,5.349495274093729,19.0,0.0,0.0021986561999559244,0.1648943064113458,0.0010758739554148633,2.4816596284508705,0.007470615882387695,0.07027689615885417,0.9841048928598563,0.012092225719243288,0.0526275634765625,0.6576502770185471,1.3655682802200317
82274.10397180915,1744,114355456,114294784,2103.451456792928,1092.2587686389243,1739,100,8.070000076293946,5.623619798218954,16.0,0.0,8.40999994277954,5.30112253063314,19.0,0.0,0.0009141761450640237,0.20078680097746351,0.0011297764746511045,2.454905030628045,0.006561595272311631,0.06475830078125,0.9723014980554581,0.013860297806483382,0.06005859375,0.7094717770814896,1.365939736366272
82354.5854494255,1746,114425856,114425856,874.7354308725298,1628.5983294790374,1739,100,8.070000076293946,5.623619798218954,16.0,0.0,8.40999994277954,5.30112253063314,19.0,0.0,0.0011347661917776954,0.20429621745521823,0.0010790405412990367,2.4674350817998247,0.006709732425709565,0.06958007812500001,0.9763183599958817,0.013217400264693424,0.0547332763671875,0.6717333495616913,1.3664677143096924
82414.58579034358,1747,114550016,114491392,2069.3215755143933,1092.2604604777005,1743,100,9.169999980926514,5.603668385984861,19.0,0.0,9.050000047683715,5.1427132762794665,19.0,0.0,-0.0005398901278870956,0.14171065688909343,0.0010769389664346818,2.4587549790740013,0.007506967902979038,0.07846069335937499,0.9833280860135952,0.013572379432541007,0.05645751953125,0.6864402443170547,1.3667465448379517
82495.30463872105,1749,114622464,114622464,897.5351043316529,1623.809093349139,1743,100,9.169999980926514,5.603668385984861,19.0,0.0,9.050000047683715,5.1427132762794665,19.0,0.0,0.00040249845187645406,0.12610964682729292,0.001062497400804811,2.467273799081643,0.008945338959165383,0.08249918619791667,0.98241706751287,0.013851775011668602,0.0557861328125,0.6812649071216583,1.3672629594802856
82555.30531649478,1750,114745344,114688000,2047.9768655847163,1092.2543283118487,1743,100,9.169999980926514,5.603668385984861,19.0,0.0,9.050000047683715,5.1427132762794665,19.0,0.0,-0.0008992912456354438,0.14227646236152697,0.0010073004286823561,2.4822575747966766,0.007988545186890406,0.07427978515625,0.9851040958116452,0.012633249318848055,0.0592498779296875,0.7077836990356445,1.3675003051757812
82636.754223153,1752,114819072,114819072,905.2055211665834,1609.2542598517036,1746,100,8.840000009536743,5.832186619719094,19.0,0.0,8.4,5.41664107493178,19.0,0.0,0.0006625296494651896,0.1063971979310736,0.001063609823177103,2.4693942765394845,0.009592056930462906,0.0843505859375,0.9881223359455665,0.013529264174091319,0.0606231689453125,0.7064083963632584,1.368080973625183
82696.75854028761,1753,114941184,114884608,2035.0535733294591,1092.1880812837348,1746,100,8.840000009536743,5.832186619719094,19.0,0.0,8.4,5.41664107493178,19.0,0.0,-0.001390487700215696,0.12119934141325454,0.001053331386477415,2.454595354696115,0.00816610941728868,0.08022562662760417,0.9829277501751978,0.013995933239736283,0.0663604736328125,0.7423294931650162,1.3685126304626465
82777.63294872083,1755,115015680,115015680,921.1319308940464,1620.6857340816211,1750,100,9.620000076293945,5.449366999155474,19.0,0.0,7.810000085830689,5.588729794440292,19.0,0.0,-0.0016139370842817393,0.12762359906143197,0.0009927763118563842,2.4711873903870583,0.006631236066217147,0.0689544677734375,0.9837592008213202,0.012439072035097826,0.055633544921875,0.6746847033500671,1.3691611289978027
82837.63373884559,1756,115141888,115081216,2103.438967013216,1092.2522830737998,1750,100,9.620000076293945,5.449366999155474,19.0,0.0,7.810000085830689,5.588729794440292,19.0,0.0,-0.00016369563187860575,0.19807320080387095,0.0009756985097434759,2.4679795429110527,0.008217435997721623,0.081085205078125,0.9781033837546905,0.012405302482269082,0.05975341796875,0.7020595371723175,1.3695083856582642
82918.23640922084,1758,115212288,115212288,873.4201940486874,1626.1495976470108,1753,100,8.35,5.543239051524264,19.0,0.0,7.930000066757202,5.660839256574169,19.0,0.0,-0.002021254096083188,0.12428154218165827,0.0009010318529666014,2.4738277569413185,0.006634999444334729,0.0698394775390625,0.9880090896040202,0.012146233028033747,0.05633544921875,0.6817566454410553,1.370062232017517
82978.23659680784,1759,115338240,115277824,2099.1934369769247,1092.263251760351,1753,100,8.35,5.543239051524264,19.0,0.0,7.930000066757202,5.660839256574169,19.0,0.0,0.0006350751403563967,0.13091861980501562,0.0009627166861415996,2.459584650894006,0.007501951862650458,0.07332356770833333,0.9849903242041668,0.013174926658393815,0.064239501953125,0.7318625599145889,1.3703749179840088
83058.5487209335,1761,115408896,115408896,879.767541566313,1632.0325408766384,1756,100,8.759999990463257,5.569775613352304,16.0,0.0,8.58000020980835,5.14427838256939,16.0,0.0,0.0004519656504271552,0.12061448240031798,0.0009937584842797758,2.465281488994757,0.007090674561065195,0.07263692220052083,0.9859482205162446,0.014157877148439486,0.055999755859375,0.6801522076129913,1.3710339069366455
83118.54877525382,1762,115536128,115474432,2120.5314135342337,1092.2656777963055,1756,100,8.759999990463257,5.569775613352304,16.0,0.0,8.58000020980835,5.14427838256939,16.0,0.0,0.00012281860593551147,0.09886450266155104,0.0009672933083493263,2.4468729744354882,0.007000022572659266,0.07143656412760417,0.9887657482177019,0.014735630490273858,0.0603179931640625,0.7038612961769104,1.3713839054107666
83198.66186531447,1764,115605504,115605504,865.9758342547696,1636.0871850127012,1760,100,9.439999914169311,5.339138463730076,19.0,0.0,7.92000002861023,5.285224758222447,16.0,0.0,0.00043385001966574543,0.11208746438690773,0.0010124350040617476,2.4543056388696036,0.006464330141170648,0.07962544759114583,0.9875949552903572,0.014092303055804223,0.06585693359375,0.7423760294914246,1.37198007106781
83258.66189682111,1765,115729920,115671040,2073.598911131,1092.2660931060411,1760,100,9.439999914169311,5.339138463730076,19.0,0.0,7.92000002861023,5.285224758222447,16.0,0.0,-0.0007329501495405566,0.13086992226696262,0.0009783369526606598,2.447303188343843,0.007297414183388659,0.07908121744791667,0.9852083294341962,0.014731610572198406,0.0574951171875,0.6900880634784698,1.3722988367080688
83338.85128859058,1767,115802112,115802112,900.2687064585805,1634.530417399976,1763,100,9.399999904632569,5.388877381190744,19.0,0.0,8.189999914169311,5.336094087120485,19.0,0.0,0.0005399119994156838,0.1301528256541739,0.0010222447102326744,2.4627042710781097,0.006922427030076506,0.0728912353515625,0.9851742318520944,0.013348141898556301,0.0590362548828125,0.6936152428388596,1.372978687286377
83398.851409873,1768,115927040,115867648,2082.1291245725724,1092.264458792169,1763,100,9.399999904632569,5.388877381190744,19.0,0.0,8.189999914169311,5.336094087120485,19.0,0.0,-0.0006973185882088728,0.17378810661224028,0.0009709012423021097,2.469201602041721,0.007752956613330753,0.07606506347656249,0.9827143816898267,0.01357505121268332,0.0565948486328125,0.6809458434581757,1.3733004331588745
83479.81475726143,1770,115998720,115998720,885.3388886715188,1618.90539642792,1763,100,9.399999904632569,5.388877381190744,19.0,0.0,8.189999914169311,5.336094087120485,19.0,0.0,-0.0008557588686623301,0.14179724404433122,0.001034526215638228,2.463777427872022,0.008118952668155545,0.08530680338541667,0.9818404763936996,0.013874246506020427,0.0592803955078125,0.7017706483602524,1.3738325834274292
83539.81506539695,1771,116123904,116064256,2086.3892851557257,1092.2610572594392,1763,100,9.399999904632569,5.388877381190744,19.0,0.0,8.189999914169311,5.336094087120485,19.0,0.0,-0.0006608852939583206,0.11929125424164037,0.0009601349593140185,2.4656838004787764,0.005990177212879645,0.055079142252604164,0.9872512643535932,0.01287241661339067,0.059326171875,0.7016767710447311,1.3740873336791992
83620.17646503262,1773,116195328,116195328,888.7849181797321,1631.0318211757092,1766,100,7.959999942779541,5.535196357622763,16.0,0.0,8.480000019073486,5.448816407073368,19.0,0.0,3.0027491447981474e-05,0.14496321599775305,0.0009984293434778615,2.4649697840213776,0.007620451090285011,0.0628204345703125,0.9835719577968121,0.013544711148521552,0.053955078125,0.6679032146930695,1.3747390508651733
83680.17672192305,1774,116318464,116260864,2052.25787990981,1092.261990139109,1766,100,7.959999942779541,5.535196357622763,16.0,0.0,8.480000019073486,5.448816407073368,19.0,0.0,-0.0006964567971105377,0.1336214024340734,0.0010488619379126856,2.458917558193207,0.0067741137160434554,0.06695556640625,0.9826733153313398,0.013921592180849984,0.0605316162109375,0.7078425288200378,1.375065565109253
83760.77988354489,1776,116391936,116391936,911.5275197851956,1626.1396868641818,1771,100,9.689999961853028,5.158866172045798,19.0,0.0,7.8300000667572025,5.246055646012925,16.0,0.0,0.0016241538226798486,0.13325817735555273,0.0010925210153800435,2.439446061849594,0.007541628063942578,0.07311503092447917,0.983083947872122,0.014675549309079846,0.0618743896484375,0.7140524983406067,1.3757582902908325
83820.7799336575,1777,116513536,116457472,2026.6649739756417,1092.2657543952932,1771,100,9.689999961853028,5.158866172045798,19.0,0.0,7.8300000667572025,5.246055646012925,16.0,0.0,0.0022686007735804497,0.1601851407904178,0.0010184864174031343,2.439136783281962,0.01131612320447554,0.1071319580078125,0.9763171734909216,0.014107387163676323,0.0686187744140625,0.7597159892320633,1.376120686531067
83902.35701077245,1779,116588544,116588544,919.4739827991415,1606.7258675534488,1774,100,9.380000019073487,5.131822274154437,16.0,0.0,7.780000019073486,5.498326960527471,19.0,0.0,-0.00030739582628787804,0.13110776063210022,0.0009948074827358748,2.4676820610960326,0.008180718339038624,0.0761260986328125,0.9825800241281589,0.013373618208182354,0.0599822998046875,0.7096803039312363,1.3766789436340332
83962.35749202967,1780,116711936,116654080,2056.5168381072267,1092.2579057167013,1774,100,9.380000019073487,5.131822274154437,16.0,0.0,7.780000019073486,5.498326960527471,19.0,0.0,-0.0014880729686410632,0.09659488157679637,0.0009965503383379353,2.463916353881359,0.006869889244626393,0.06816609700520833,0.9885416844238837,0.01274056438705884,0.0596466064453125,0.6992124915122986,1.377024531364441
84043.2269519344,1782,116785152,116785152,905.3603187934406,1620.7849063714739,1774,100,9.380000019073487,5.131822274154437,16.0,0.0,7.780000019073486,5.498326960527471,19.0,0.0,-1.9146601213530318e-05,0.2028887781780213,0.0010502928883700708,2.4522716725866,0.009298057956281506,0.09090169270833334,0.9762057388822237,0.013596036190089459,0.064666748046875,0.7353809624910355,1.377760887145996
84103.2274582386,1783,116912384,116850688,2120.515439568622,1092.2574497576804,1778,100,8.599999952316285,5.8770740312907686,19.0,0.0,7.87999997138977,5.571857889687099,19.0,0.0,0.00022793397753654676,0.11201075317027669,0.0009564086109700536,2.4710460156202316,0.007087846208984653,0.07788594563802083,0.9873366244137287,0.01229914610545772,0.060455322265625,0.7159052789211273,1.3779867887496948
84183.84844166599,1785,116981760,116981760,860.5203887457164,1625.7802178516856,1778,100,8.599999952316285,5.8770740312907686,19.0,0.0,7.87999997138977,5.571857889687099,19.0,0.0,-0.0005113559382152744,0.14489927717174092,0.0010423211424495094,2.47682528446118,0.006839820252935169,0.06901041666666666,0.9855821604530017,0.011838545557111502,0.0518951416015625,0.6509502232074738,1.3785111904144287
84243.85299618915,1786,117097472,117047296,1928.3869519495895,1092.1837603962276,1782,100,8.920000123977662,5.51847806075527,22.0,0.0,8.190000104904176,5.636834188958993,19.0,0.0,0.0007067814828284704,0.17520230209144452,0.0009792825858312426,2.4811729242404303,0.008501180245123882,0.08311971028645834,0.9806166235357523,0.012279959094788259,0.058502197265625,0.6971790194511414,1.3787744045257568
84326.7478515748,1788,117178368,117178368,975.886858402164,1581.1837705756582,1782,100,8.920000123977662,5.51847806075527,22.0,0.0,8.190000104904176,5.636834188958993,19.0,0.0,0.0005575397080974653,0.21574043404931825,0.0010303639792255126,2.5005014116565385,0.007210973064502468,0.07021586100260417,0.9765999590357145,0.011451189716657003,0.0550994873046875,0.6755360960960388,1.3793272972106934
84386.74826892652,1789,117301248,117243904,2047.985754493621,1092.2590690632646,1785,100,9.229999923706055,5.449504585822613,19.0,0.0,8.660000038146972,5.424426162059794,19.0,0.0,0.002459374233391524,0.20979292791647217,0.0010413620572459572,2.504282807310422,0.00760025948875409,0.07167053222656249,0.9773773358513912,0.012088368588592857,0.0496826171875,0.6455008834600449,1.3796374797821045
84467.4962187428,1791,117374976,117374976,913.0634296937819,1623.2238750111678,1785,100,9.229999923706055,5.449504585822613,19.0,0.0,8.660000038146972,5.424426162059794,19.0,0.0,-0.00018185202740520856,0.16449216194450855,0.001023091907579025,2.4795094579458237,0.008505414183673565,0.08128865559895833,0.9794529806822538,0.012197504634968936,0.056549072265625,0.683547630906105,1.3802086114883423
84527.49633440375,1792,117495552,117440512,2009.5961261366974,1092.264561127377,1785,100,9.229999923706055,5.449504585822613,19.0,0.0,8.660000038146972,5.424426162059794,19.0,0.0,0.0009954000997822732,0.19679659760246673,0.0010536380044262235,2.4819011862079305,0.0067562952026491985,0.070220947265625,0.9709078346689541,0.012737898718720922,0.0529632568359375,0.6665607243776321,1.3804104328155518
84609.51997982152,1794,117571584,117571584,926.9522174094069,1597.9782333791795,1788,100,8.380000019073487,5.813398349931525,19.0,0.0,7.6,5.5263007228566465,19.0,0.0,-0.000368018426039877,0.18822647584602237,0.0011144630637621351,2.493994176387787,0.00751118098438989,0.07140604654947917,0.9759332990894715,0.012162826305332905,0.051025390625,0.6491513103246689,1.3809665441513062
84669.52052088827,1795,117695488,117637120,2065.048044519402,1092.2568169358822,1788,100,8.380000019073487,5.813398349931525,19.0,0.0,7.6,5.5263007228566465,19.0,0.0,-0.001220757061673794,0.1265181377530098,0.0009689349735708674,2.488534413278103,0.005463599956177253,0.060882568359375,0.9848472643643617,0.011770973253684739,0.05853271484375,0.6984516382217407,1.3812568187713623
84750.0440408513,1797,117768192,117768192,902.8914785814563,1627.7480177243156,1788,100,8.380000019073487,5.813398349931525,19.0,0.0,7.6,5.5263007228566465,19.0,0.0,0.0010299407003913075,0.14018173973696926,0.0010630627730279232,2.467963447173436,0.009419438857851977,0.08287048339843749,0.9800536589076122,0.01358216463510568,0.053955078125,0.6628896445035934,1.3819000720977783
84810.04417323321,1798,117889536,117833728,2022.3955378567282,1092.2642567327478,1793,100,7.579999876022339,5.743135077363942,16.0,0.0,7.860000085830689,5.5875217914257735,19.0,0.0,-4.6504828787875515e-06,0.14078197279013693,0.0010388470406420915,2.459063388407231,0.007024241359128306,0.06939188639322917,0.9772599848608176,0.013983096345327793,0.0653533935546875,0.7371330708265305,1.382228136062622
84891.26215699315,1800,117964800,117964800,926.6913128804308,1613.829769370002,1793,100,7.579999876022339,5.743135077363942,16.0,0.0,7.860000085830689,5.5875217914257735,19.0,0.0,0.0003469925092455621,0.17099181197894117,0.0010091239788986666,2.461856129268805,0.007554625775810565,0.07928466796875,0.9759885898480812,0.013097490494449932,0.0619354248046875,0.7153929769992828,1.3828927278518677
84951.2624364309,1801,118081792,118030336,1949.8575856030388,1092.2615796813523,1797,100,9.459999942779541,5.282840164833949,19.0,0.0,9.030000019073487,5.082233722995504,19.0,0.0,0.0009239258894619221,0.17071570238719386,0.0009838880929843679,2.470444527765115,0.008667849491757806,0.083740234375,0.9792684018611908,0.012263594331064573,0.0614013671875,0.7101441472768784,1.383269190788269
85032.56752726994,1803,118161408,118161408,979.2252757900844,1612.100775577245,1797,100,9.459999942779541,5.282840164833949,19.0,0.0,9.030000019073487,5.082233722995504,19.0,0.0,0.00014565141827915795,0.17755972081795335,0.0010311531756694117,2.461367549995581,0.007749603461585746,0.082183837890625,0.9672395357241234,0.013559490820625797,0.057830810546875,0.6870363056659698,1.3839666843414307
85092.56824291684,1804,118286080,118226944,2077.8418833152086,1092.2536388679534,1800,100,8.820000076293946,5.61494426633498,19.0,0.0,8.420000171661377,5.32011286288136,19.0,0.0,0.00013848797607352026,0.12449786435657491,0.0009989129066525493,2.4795000031590466,0.006479179761906076,0.05938720703125,0.9842355673511822,0.012021632991187896,0.0566864013671875,0.6871211528778076,1.3842915296554565
85173.03977134451,1806,118358016,118358016,893.9310760656576,1628.7996830804866,1800,100,8.820000076293946,5.61494426633498,19.0,0.0,8.420000171661377,5.32011286288136,19.0,0.0,0.0010535852707107551,0.12852316171241301,0.0009539939255773788,2.4811704382300377,0.008575085361371746,0.08344014485677083,0.9845294045905272,0.011548598908120768,0.05419921875,0.6662764400243759,1.384849190711975
85233.04017426446,1807,118481152,118423552,2052.252885106234,1092.259331782112,1800,100,8.820000076293946,5.61494426633498,19.0,0.0,8.420000171661377,5.32011286288136,19.0,0.0,-0.0012476675656216685,0.10435819959578416,0.000975944877306271,2.474367362757524,0.0066543512869732995,0.07190958658854166,0.980644236629208,0.012156441759240503,0.0578155517578125,0.6953753679990768,1.3851109743118286
85314.98413364589,1809,118554624,118554624,896.612765048413,1599.532180156054,1803,100,9.240000009536743,5.499308948118471,19.0,0.0,7.9700000286102295,5.2829063880410985,19.0,0.0,-0.0013747883907247644,0.13331148928652206,0.0009164988114207517,2.469536639750004,0.007726721052677021,0.067779541015625,0.9845868162810802,0.012307332382382205,0.0624847412109375,0.7241856306791306,1.3857169151306152
85374.98429267295,1810,118672640,118620160,1966.9281200868975,1092.2637716751535,1803,100,9.240000009536743,5.499308948118471,19.0,0.0,7.9700000286102295,5.2829063880410985,19.0,0.0,-0.0013896677216204503,0.15549601955960196,0.0009392788336602582,2.4767229557037354,0.007148933510203885,0.0727386474609375,0.9817098857214053,0.01206462910825697,0.05657958984375,0.6907119452953339,1.3859237432479858
85458.07585461438,1812,118751232,118751232,945.8481482800667,1577.4405599980264,1807,100,9.080000066757203,5.500327230423381,19.0,0.0,8.030000019073487,5.5703770716591725,19.0,0.0,-0.00012738484656438234,0.11970555448594193,0.0009717202992760576,2.4764220838745437,0.006283087943908565,0.0734405517578125,0.9847044547398885,0.012482123643470308,0.056060791015625,0.6833266317844391,1.386527180671692
85518.07613974996,1813,118877184,118816768,2099.1900241038425,1092.261475956471,1807,100,9.080000066757203,5.500327230423381,19.0,0.0,8.030000019073487,5.5703770716591725,19.0,0.0,-0.0008544326398502258,0.11406360403634608,0.0009142529058105234,2.479458016653856,0.005886340407111372,0.06601969401041666,0.9870419781655073,0.011893798170300823,0.0569915771484375,0.6886539161205292,1.386780023574829
85598.16591228545,1815,118947840,118947840,882.2100221185186,1636.5635192923244,1807,100,9.080000066757203,5.500327230423381,19.0,0.0,8.030000019073487,5.5703770716591725,19.0,0.0,-7.4099067812009585e-06,0.19508364610373974,0.0009315724504025031,2.4592760230104127,0.008373636940935587,0.0819549560546875,0.9776911977678537,0.012937270871285971,0.058807373046875,0.701913982629776,1.387380838394165
85658.16995245032,1816,119075328,119013376,2124.656933928139,1092.1931226618547,1810,100,8.650000047683715,5.5486484153240605,19.0,0.0,8.190000009536742,5.534790114330725,19.0,0.0,0.0008301059982234922,0.12503631490593156,0.000954611181441578,2.475608972211679,0.00703130941777393,0.06707763671875,0.9847239243487517,0.012015119495724019,0.055267333984375,0.6769399493932724,1.3876532316207886
85737.94203227572,1818,119144448,119144448,866.4685708494035,1643.0811417588689,1810,100,8.650000047683715,5.5486484153240605,19.0,0.0,8.190000009536742,5.534790114330725,19.0,0.0,0.0003832762474000143,0.16342498175799844,0.0009971079422636346,2.468802705407143,0.007082954465658986,0.06823221842447917,0.9812962419042985,0.012865071524477873,0.05413818359375,0.6603587120771408,1.388340711593628
85797.94247966819,1819,119270400,119209984,2099.1843473457184,1092.2585221961463,1815,100,9.389999961853027,5.707705324753133,22.0,0.0,9.130000019073487,5.235752063153218,19.0,0.0,0.0016790105783002218,0.15182258786323172,0.0009645689830601138,2.4873975614706674,0.006728113417314793,0.07117716471354166,0.9813453120489916,0.012315078066118684,0.0535736083984375,0.6642211973667145,1.3886198997497559
85877.88262264244,1821,119341056,119341056,883.8613163695845,1639.6267897870553,1815,100,9.389999961853027,5.707705324753133,22.0,0.0,9.130000019073487,5.235752063153218,19.0,0.0,-0.00010433853215848399,0.14962601164976758,0.0010138364177691983,2.4687555581331253,0.008392115058692676,0.09013875325520833,0.9780391572664181,0.013158372923498973,0.0566253662109375,0.6807876825332642,1.3891569375991821
85937.88310398534,1822,119464448,119406592,2056.5168351704865,1092.257904156939,1818,100,9.42999997138977,5.433700253480176,22.0,0.0,7.5499999046325685,5.573822721482321,19.0,0.0,0.0006221842753196446,0.16090111861315867,0.0009813552896957844,2.4840093950430555,0.007938650359695506,0.08001708984375,0.9784533499429623,0.01278611922559018,0.057373046875,0.6947565078735352,1.3893749713897705
86019.5641239509,1824,119537664,119537664,896.3649086516241,1604.6812350686419,1818,100,9.42999997138977,5.433700253480176,22.0,0.0,7.5499999046325685,5.573822721482321,19.0,0.0,-0.0012419708364177495,0.10315104981418699,0.0009116943977763489,2.501777400573095,0.006617798269871855,0.06771341959635417,0.9882519704600176,0.012220681402444217,0.05029296875,0.6449106931686401,1.3898429870605469
86079.56447552517,1825,119660032,119603200,2039.4547163365498,1092.2602664898677,1818,100,9.42999997138977,5.433700253480176,22.0,0.0,7.5499999046325685,5.573822721482321,19.0,0.0,-0.00027955758074919385,0.09686570199361692,0.0009266193155781366,2.451033631960551,0.00680070238316451,0.06989542643229167,0.9857432929178079,0.013532006327295676,0.0671539306640625,0.7518197000026703,1.3900771141052246
86159.97793290764,1827,119734272,119734272,923.2285542318176,1629.9759302299676,1822,100,8.12000002861023,5.689077265463147,16.0,0.0,7.369999980926513,5.679181433988331,16.0,0.0,0.0010239810944767669,0.10468728157381217,0.0009537467237047772,2.4661575804154077,0.006753772972539688,0.07325236002604167,0.988904652496179,0.012988138468548035,0.0594482421875,0.6997075527906418,1.390758991241455
86219.97803300619,1828,119859200,119799808,2082.129859696991,1092.2648444312085,1822,100,8.12000002861023,5.689077265463147,16.0,0.0,7.369999980926513,5.679181433988331,16.0,0.0,0.0004990860779798824,0.1537685327542325,0.0009894184816706306,2.4753693491220474,0.010128965794137912,0.09766642252604167,0.9816106334328651,0.012611145910341293,0.0577392578125,0.6921150237321854,1.3909759521484375
86300.61973543279,1830,119930880,119930880,888.8701235597712,1625.362511652153,1822,100,8.12000002861023,5.689077265463147,16.0,0.0,7.369999980926513,5.679181433988331,16.0,0.0,-0.0016063978376526697,0.11687037321583679,0.0009524604780987526,2.4428643037875495,0.008354688485875764,0.07772318522135417,0.9849902565280596,0.013161753595340997,0.0691986083984375,0.7581900358200073,1.3916025161743164
86360.62002995424,1831,120057600,119996416,2111.989632895814,1092.2613050935927,1826,100,8.95,5.559451385194346,19.0,0.0,8.560000038146972,5.1986920962320005,16.0,0.0,0.00022295057836648385,0.1489218242932111,0.0009660268339454585,2.4447629352410636,0.009004209679308891,0.08317057291666667,0.9827906588713328,0.013566328833500544,0.068267822265625,0.7566238790750504,1.391902208328247
86441.51817231439,1833,120127488,120127488,863.9011720301968,1620.2102567013214,1826,100,8.95,5.559451385194346,19.0,0.0,8.560000038146972,5.1986920962320005,16.0,0.0,0.0011774234759892956,0.18559248403956494,0.0009655403531117674,2.4720378468434014,0.007613666083974143,0.0706634521484375,0.979690574730436,0.012432326417183504,0.0624847412109375,0.7231648564338684,1.3924956321716309
86501.5185252484,1834,120251392,120193024,2065.054519534038,1092.2602417370117,1830,100,9.27000002861023,5.423753436553296,19.0,0.0,8.459999990463256,5.133069357119377,16.0,0.0,0.002867344884483221,0.2665386187533537,0.0011103739974108369,2.4505143240094185,0.008370439246088305,0.0836029052734375,0.966496504843235,0.01441212425318857,0.0615692138671875,0.7110731899738312,1.3927829265594482
86582.4731822852,1836,120324096,120324096,898.0829844902013,1619.0791833062783,1830,100,9.27000002861023,5.423753436553296,19.0,0.0,8.459999990463256,5.133069357119377,16.0,0.0,0.0011034171499583558,0.13272014811324578,0.0010084888229660769,2.4477433065573373,0.007828818776033586,0.08103942871093749,0.9836259204894305,0.013422887529789781,0.0650482177734375,0.7368461787700653,1.393356442451477
86642.47347591631,1837,120447232,120389632,2052.2566232269446,1092.2613213016587,1833,100,10.15,5.265690800895366,22.0,0.0,8.830000114440917,5.1010881905300405,16.0,0.0,-0.00022732109209755436,0.11907693080138414,0.0009733226136935021,2.4706535463531814,0.00776999763547792,0.0749053955078125,0.9854317524780829,0.012751640878074493,0.059356689453125,0.699509397149086,1.3936598300933838
86723.03729173355,1839,120520704,120520704,911.9726921410346,1626.933861938013,1833,100,10.15,5.265690800895366,22.0,0.0,8.830000114440917,5.1010881905300405,16.0,0.0,-0.001701716833243457,0.1506498068726311,0.0009260107484199883,2.457452148199081,0.006999463859756361,0.064361572265625,0.9821012808630863,0.012769111315719785,0.062530517578125,0.7210599631071091,1.3942937850952148
86783.03746580519,1840,120642816,120586240,2035.1940955071088,1092.2634977983646,1833,100,10.15,5.265690800895366,22.0,0.0,8.830000114440917,5.1010881905300405,16.0,0.0,-0.0007707207914791069,0.16510600356074673,0.0009721071104043707,2.4532291466991105,0.007647960448593949,0.07114664713541667,0.9750136503328879,0.01396208195365034,0.0635223388671875,0.7241666913032532,1.3945748805999756
86864.36799924634,1842,120717312,120717312,915.965958269522,1611.5964626597777,1836,100,8.650000143051148,5.802370168934687,19.0,0.0,7.450000047683716,5.350467256630225,16.0,0.0,0.002444183656431657,0.18297591898590326,0.0009405768032593187,2.4787008985877037,0.008984326498951608,0.0799407958984375,0.9789232965558767,0.012711133963117996,0.0592193603515625,0.6998762786388397,1.3952064514160156
86924.37228666246,1843,120844800,120782848,2124.648179152619,1092.188622215001,1836,100,8.650000143051148,5.802370168934687,19.0,0.0,7.450000047683716,5.350467256630225,16.0,0.0,-0.001005199521993442,0.10514995393653712,0.0009368156406708295,2.4930928846200304,0.007638655216093563,0.0759429931640625,0.9887525079150995,0.012193571456009522,0.055328369140625,0.6766583323478699,1.3954659700393677
87004.73465729691,1845,120913920,120913920,860.1040443967206,1631.0121138189666,1836,100,8.650000143051148,5.802370168934687,19.0,0.0,7.450000047683716,5.350467256630225,16.0,0.0,0.001541370803655203,0.14587987315220138,0.0009802233271329897,2.4782937169075017,0.008456506137008546,0.08357747395833334,0.9826342295855284,0.012988494088252384,0.0601806640625,0.7064248770475388,1.3959662914276123
87064.73482766934,1846,121036800,120979456,2047.994184637688,1092.2635651401004,1840,100,8.689999890327453,5.981128593180618,22.0,0.0,8.269999933242797,5.4052844749072575,16.0,0.0,-0.001308861586342876,0.14840372644054392,0.0009718919712516556,2.501615720490615,0.006487120196955705,0.062774658203125,0.9816801181683937,0.011728431369798878,0.046417236328125,0.6142424941062927,1.3961865901947021
87145.30167263001,1848,121110528,121110528,915.1158896192007,1626.872692656357,1840,100,8.689999890327453,5.981128593180618,22.0,0.0,8.269999933242797,5.4052844749072575,16.0,0.0,0.0017171777629603942,0.18068942070628208,0.001061688029949437,2.476763208707174,0.007547507366931919,0.06771341959635416,0.9753905360897381,0.01288544157675157,0.058441162109375,0.6918763220310211,1.3967162370681763
87205.30218000524,1849,121234432,121176064,2065.049204086576,1092.2574302606683,1845,100,7.369999980926513,5.89178227616173,19.0,0.0,8.549999856948853,5.138822720193895,16.0,0.0,0.0026469898512004875,0.19486044199826816,0.001000023560967141,2.4846384326616926,0.007095344980067845,0.069244384765625,0.9745723934223255,0.01186321018030867,0.05609130859375,0.6801633685827255,1.3969402313232422
87285.54230055586,1851,121307136,121307136,906.0803934627243,1633.4970473694184,1845,100,7.369999980926513,5.89178227616173,19.0,0.0,8.549999856948853,5.138822720193895,16.0,0.0,-0.0016512645694698829,0.1287915252226715,0.0009529805756756103,2.4940254911780357,0.0073732688203259995,0.07061767578125,0.9851538122942051,0.01222302742341223,0.04986572265625,0.6352957338094711,1.3973208665847778
87345.54313304648,1852,121430528,121372672,2056.5047996506355,1092.2515118476406,1845,100,7.369999980926513,5.89178227616173,19.0,0.0,8.549999856948853,5.138822720193895,16.0,0.0,-0.0005272150980696703,0.1199522108072415,0.000962718764640158,2.48974401752154,0.006388089541966716,0.07608540852864583,0.9861591849476099,0.01215394780350228,0.0549468994140625,0.6763008683919907,1.3975721597671509
87426.32933330163,1854,121503744,121503744,906.2933987333752,1622.4553152149933,1849,100,8.02000002861023,5.892334019078936,16.0,0.0,8.189999961853028,5.147222508096115,19.0,0.0,0.00022021629289762737,0.15739989936506996,0.0009844813769935476,2.4785624568661055,0.008010093371315936,0.0835723876953125,0.9756826255470514,0.012047317296188945,0.0587310791015625,0.6970136910676956,1.3981329202651978
87486.32947097346,1855,121627904,121569280,2069.32858519584,1092.264160433268,1849,100,8.02000002861023,5.892334019078936,16.0,0.0,8.189999961853028,5.147222508096115,19.0,0.0,0.0004327176890607612,0.13881914127462855,0.0009809992213073808,2.490430449446042,0.009001059680789087,0.07585652669270834,0.9796066091706355,0.012122848876363907,0.0594024658203125,0.7021720558404922,1.3983794450759888
87566.89196952246,1857,121700352,121700352,899.276975079614,1626.9604637482769,1852,100,8.339999961853028,5.711777315301268,19.0,0.0,8.159999990463257,5.390213242342507,19.0,0.0,-0.00017349763705472776,0.12930074341905615,0.0009672642499936047,2.4816685244441032,0.007929233977847616,0.06953938802083334,0.9844686339298884,0.012341611077620957,0.058807373046875,0.7016595304012299,1.3989882469177246
87626.89201338217,1858,121824768,121765888,2073.598484209692,1092.2658682256813,1852,100,8.339999961853028,5.711777315301268,19.0,0.0,8.159999990463257,5.390213242342507,19.0,0.0,0.00038458860459892697,0.13945620064623654,0.00099053383989182,2.4619983956217766,0.008861270930841176,0.0829620361328125,0.9782820536444584,0.013229322367502997,0.0637969970703125,0.7226409018039703,1.399340033531189
87707.86654883437,1860,121896960,121896960,891.5395389037316,1618.6817160237963,1852,100,8.339999961853028,5.711777315301268,19.0,0.0,8.159999990463257,5.390213242342507,19.0,0.0,0.0013076900844074164,0.1299888880457729,0.0009942064201216758,2.494523860514164,0.008318949624178154,0.07625834147135417,0.984170086060961,0.012458016872794056,0.0544586181640625,0.6713764816522598,1.3998349905014038
87767.8670010753,1861,122020096,121962496,2052.2511981335265,1092.258433933852,1856,100,7.840000057220459,5.854434097475639,19.0,0.0,8.290000009536744,5.475938179248814,19.0,0.0,0.00035530234163161367,0.14164359409672517,0.0009502592535379032,2.463164997597535,0.006371356893093131,0.06378173828125,0.9766848223904768,0.01376382959036467,0.0628509521484375,0.7234431654214859,1.4000840187072754
87848.45507211424,1863,122093568,122093568,911.6982085908538,1626.4441909355999,1856,100,7.840000057220459,5.854434097475639,19.0,0.0,8.290000009536744,5.475938179248814,19.0,0.0,-1.8676163260048915e-05,0.12188697998256733,0.0009614923237677431,2.4545025900006294,0.007714968506358369,0.08012898763020834,0.9814610816538334,0.013364551637399321,0.0646820068359375,0.7296869605779648,1.4008448123931885
87908.45539992116,1864,122217216,122159104,2060.788740986507,1092.2606991564096,1856,100,7.840000057220459,5.854434097475639,19.0,0.0,8.290000009536744,5.475938179248814,19.0,0.0,0.0013303062636017178,0.16474350681528446,0.0009861241990923495,2.475742732485135,0.008962690581635494,0.09011332194010416,0.9773670360445976,0.013158905106441429,0.059356689453125,0.7003505975008011,1.401135802268982
87990.61484538764,1866,122290176,122290176,888.029362731913,1595.3369604166298,1860,100,8.32000002861023,5.633613347347899,19.0,0.0,8.090000009536743,5.321832371071634,16.0,0.0,-0.0007579946613986976,0.12490425604240347,0.0009626870402523006,2.480605142811934,0.007046049463194018,0.06966654459635417,0.9829952872047821,0.013573048587810868,0.0613250732421875,0.7146303504705429,1.401610016822815
88050.6152442731,1867,122406400,122355712,1937.0537889568475,1092.2594052267686,1860,100,8.32000002861023,5.633613347347899,19.0,0.0,8.090000009536743,5.321832371071634,16.0,0.0,-0.0012795190268661827,0.13436991950341812,0.0009683437577526396,2.4599551061789193,0.0074586190633757115,0.07451375325520833,0.9771063178777695,0.014060898751874145,0.0673828125,0.7479686886072159,1.4019746780395508
88131.89298863336,1869,122486784,122486784,989.0038242657603,1612.643178420603,1864,100,8.270000076293945,5.649522144644662,22.0,0.0,7.919999980926514,5.30222587286947,16.0,0.0,0.00011470566945111685,0.09632900399932016,0.0009499736042926087,2.4642450784643493,0.007005349805088675,0.07122294108072916,0.984051111464699,0.013030170977193242,0.066375732421875,0.7458269000053406,1.4024405479431152
88191.89302329533,1870,122611200,122552320,2073.5988020832306,1092.266035665241,1864,100,8.270000076293945,5.649522144644662,22.0,0.0,7.919999980926514,5.30222587286947,16.0,0.0,-0.0004862704784803403,0.12822713089796403,0.0009199823944072705,2.4698662559191384,0.008716276661895487,0.07844034830729167,0.9823976860692104,0.01300686084626553,0.0635986328125,0.7297937572002411,1.4027401208877563
88272.36884887144,1872,122683392,122683392,897.0644225541113,1628.7127104528545,1864,100,8.270000076293945,5.649522144644662,22.0,0.0,7.919999980926514,5.30222587286947,16.0,0.0,5.572910595219577e-05,0.15502063856304932,0.0009790577520713364,2.454994859794776,0.008734206807882098,0.08464050292968751,0.9671219612161318,0.014031565913076822,0.062164306640625,0.7155963480472565,1.4033745527267456
88332.36905614287,1873,122806016,122748928,2043.7262732323186,1092.2628934185252,1868,100,8.000000095367431,5.742821556489136,19.0,0.0,8.37000002861023,5.270018947014486,19.0,0.0,0.0011951977115434904,0.12096503819338977,0.000987389664563428,2.4453357085585594,0.009121277242229553,0.08772786458333333,0.9796000358959039,0.01468474612920545,0.0691375732421875,0.7586391717195511,1.4036757946014404
88414.62411214225,1875,122880000,122880000,899.4462297923019,1593.482593957296,1868,100,8.000000095367431,5.742821556489136,19.0,0.0,8.37000002861023,5.270018947014486,19.0,0.0,-0.0001444568479200825,0.10988443080956736,0.0009283791035462249,2.4502847070495286,0.0063671405672115116,0.06471761067708334,0.9852230877925953,0.013336940678224588,0.0687255859375,0.7525948584079742,1.4043866395950317
88474.62429579534,1876,122996480,122945536,1941.3273911538809,1092.2633233744912,1868,100,8.000000095367431,5.742821556489136,19.0,0.0,8.37000002861023,5.270018947014486,19.0,0.0,-0.0009160200934275053,0.11197162865816304,0.0009373083951989732,2.4639195998509726,0.007126333643706554,0.07847595214843751,0.9862745888531208,0.013836912335439896,0.0599212646484375,0.7019033879041672,1.4046695232391357
88558.2146566268,1878,123076608,123076608,958.5794247443202,1568.0276852047666,1872,100,8.330000019073486,5.751617172213693,19.0,0.0,7.770000028610229,5.58722657778875,19.0,0.0,-0.0008936405865824781,0.12085526832379401,0.0008910857322916854,2.4504668017228446,0.007181996101280674,0.07093302408854167,0.9846241219590107,0.013798368512652814,0.06402587890625,0.7249785363674164,1.4052999019622803
88618.21513726562,1879,123202304,123142144,2094.9165516964495,1092.2579169741164,1872,100,8.330000019073486,5.751617172213693,19.0,0.0,7.770000028610229,5.58722657778875,19.0,0.0,-0.00039556234454115225,0.10914433922152966,0.0009960844551339203,2.4523307705918946,0.008548200358442651,0.0795440673828125,0.9857015355179707,0.014001174519459408,0.0682373046875,0.754969447851181,1.4056161642074585
88698.14852440916,1881,123273216,123273216,887.1386855240154,1639.7653681887937,1872,100,8.330000019073486,5.751617172213693,19.0,0.0,7.770000028610229,5.58722657778875,19.0,0.0,-0.001691838275291957,0.09212370325500767,0.0009130662729148754,2.4428585146864257,0.007365586790911038,0.07036844889322917,0.9867162524412075,0.013325743328702325,0.0694580078125,0.7609366476535797,1.4063044786453247
88758.14857262559,1882,123397376,123338752,2069.3316704034924,1092.2657889140082,1877,100,9.139999961853027,5.57497986129084,22.0,0.0,7.860000038146973,5.37404871756151,19.0,0.0,-0.0014396690457942893,0.11640425581329812,0.0008787058256226979,2.454717675844828,0.007354888296807379,0.07628885904947917,0.9854855351150036,0.01299197722498017,0.0661163330078125,0.7412450760602951,1.4066221714019775
88839.44455215521,1884,123469824,123469824,891.1633812543514,1612.281453011406,1877,100,9.139999961853027,5.57497986129084,22.0,0.0,7.860000038146973,5.37404871756151,19.0,0.0,-0.0006906306346839604,0.20668017600352567,0.000987068412238538,2.4454536413153014,0.010207955515700936,0.09289042154947917,0.973594290514787,0.014256247173761949,0.063873291015625,0.7257592380046844,1.4072035551071167
88899.44497893937,1885,123591936,123535360,2035.1855235843407,1092.2588973534407,1881,100,8.810000085830689,5.833858045813049,22.0,0.0,7.730000114440918,5.601526621031743,19.0,0.0,0.0013102074881317094,0.13288059873351207,0.0009657922528276686,2.4535348589221635,0.007809612778146402,0.07292683919270833,0.9844255844751993,0.012967764642477656,0.0662689208984375,0.738706961274147,1.4075469970703125
88980.6755117774,1887,123666432,123666432,917.0935779596588,1613.5804533173377,1881,100,8.810000085830689,5.833858045813049,22.0,0.0,7.730000114440918,5.601526621031743,19.0,0.0,0.0014327528721575316,0.09535619779489934,0.0009335195342525063,2.449644523362319,0.007143262467555663,0.06792195638020833,0.989081914226214,0.013171292986953631,0.060821533203125,0.7047376930713654,1.4082088470458984
89040.67604568228,1888,123788288,123731968,2030.9152614071747,1092.2569473114218,1884,100,9.269999933242797,5.495188814070851,19.0,0.0,7.3000000476837155,5.239274739351834,16.0,0.0,-0.0003257721788637961,0.11844451814734688,0.0009431557215672607,2.4496325701475143,0.007674468982562151,0.07808939615885417,0.9851445686072111,0.013021311703293273,0.063201904296875,0.7212236672639847,1.408467411994934
89123.37081226893,1890,123863040,123863040,903.9507950200922,1585.009613185915,1884,100,9.269999933242797,5.495188814070851,19.0,0.0,7.3000000476837155,5.239274739351834,16.0,0.0,-0.00038067010124602046,0.09697447177798797,0.0009400836006534519,2.442307439943155,0.006332373259889815,0.06498209635416667,0.9864323108146588,0.01378643354595018,0.066802978515625,0.7452279329299927,1.4092179536819458
89183.3709776979,1891,123987456,123928576,2073.5942827906883,1092.2636551325436,1884,100,9.269999933242797,5.495188814070851,19.0,0.0,7.3000000476837155,5.239274739351834,16.0,0.0,-0.0010521808120150429,0.14200177470532557,0.0009378791977117847,2.4584564367930097,0.006406890512153041,0.0647125244140625,0.9843329439560572,0.013339770230231807,0.0604095458984375,0.706540584564209,1.4094421863555908
89264.26626479812,1893,124059648,124059648,892.4129277217015,1620.2674432394012,1884,100,9.269999933242797,5.495188814070851,19.0,0.0,7.3000000476837155,5.239274739351834,16.0,0.0,-0.0004229811165714637,0.14765823686805865,0.0009509313046388949,2.461671923597654,0.008453757709503407,0.08184814453125,0.9814804922789335,0.01468834334324735,0.0545501708984375,0.6672976166009903,1.4099453687667847
89324.2662946824,1894,124183040,124125184,2056.532309033586,1092.266122640245,1888,100,8.9,5.586591062000167,19.0,0.0,6.85,5.5106715302099305,19.0,0.0,0.0005238601588644087,0.08814474668664238,0.0008857591255946318,2.454544797539711,0.009347211812079575,0.0823822021484375,0.9899232977380356,0.013085950311506167,0.06146240234375,0.7153774350881577,1.4102070331573486
89405.13649708591,1896,124256256,124256256,905.352006350576,1620.7700253548774,1888,100,8.9,5.586591062000167,19.0,0.0,6.85,5.5106715302099305,19.0,0.0,-0.0023851941878092475,0.12606303358916193,0.0009153929489305785,2.4574964369336763,0.008073188747706201,0.07102457682291667,0.9864725681642692,0.012910573869400347,0.062713623046875,0.7208084315061569,1.4107483625411987
89465.13695126027,1897,124381696,124321792,2090.650841333388,1092.2583987374437,1893,100,9.32000012397766,5.486128041123228,19.0,0.0,8.030000114440918,5.467092400272951,19.0,0.0,0.0006747456742838646,0.07803485620145996,0.0009146610506528912,2.4397243385513625,0.00785429693920984,0.07512410481770834,0.9900415558367968,0.013541713405478125,0.0660400390625,0.7404263913631439,1.4110932350158691
89545.84123745002,1899,124452864,124452864,881.8366825359391,1624.1020915769814,1893,100,9.32000012397766,5.486128041123228,19.0,0.0,8.030000114440918,5.467092400272951,19.0,0.0,-0.0011988815022050403,0.12708762660622597,0.0009163705550842375,2.433954082429409,0.0071445054096936165,0.06982421875,0.9839021936058998,0.014130874604840452,0.06353759765625,0.7250834107398987,1.4116452932357788
89605.84129469283,1900,124574976,124518400,2035.1980583257125,1092.2656245940932,1896,100,9.040000009536744,5.578386819230672,19.0,0.0,8.770000076293945,5.300669814934446,19.0,0.0,0.000507063761081857,0.14062490011565387,0.0008882224234791163,2.4170093511541686,0.006628100714200022,0.06165568033854167,0.9822982605546713,0.014409580413484946,0.07012939453125,0.7635703980922699,1.4119914770126343
89686.9558089748,1902,124649472,124649472,918.4053021760603,1615.8883667152677,1896,100,9.040000009536744,5.578386819230672,19.0,0.0,8.770000076293945,5.300669814934446,19.0,0.0,0.0011763836907145258,0.14455549139529467,0.0009467549316468649,2.4082086260120077,0.010106208377086054,0.09032694498697917,0.9824520188073317,0.015188797115115449,0.0643768310546875,0.7249718755483627,1.4126132726669312
89746.9560753163,1903,124772864,124715008,2056.524204371233,1092.2618180892855,1899,100,9.239999866485595,5.692310499914874,19.0,0.0,8.690000009536742,5.35106519172209,19.0,0.0,-0.0014036166006311155,0.1035101996579518,0.0009053881810056433,2.4500905325015383,0.007896135545403618,0.07000223795572917,0.9899150629838308,0.012993476052846138,0.0584564208984375,0.6914465576410294,1.4128483533859253
89828.10688191839,1905,124846080,124846080,902.2214697014955,1615.1657079970828,1899,100,9.239999866485595,5.692310499914874,19.0,0.0,8.690000009536742,5.35106519172209,19.0,0.0,-0.0014933394001369986,0.11630314192734659,0.000889943793178342,2.4426789060235023,0.008072031817694855,0.07235209147135417,0.9859452104816835,0.013715433364268392,0.0608673095703125,0.7078504860401154,1.4134025573730469
89888.10709235817,1906,124971008,124911616,2082.126030630717,1092.262835740704,1899,100,9.239999866485595,5.692310499914874,19.0,0.0,8.690000009536742,5.35106519172209,19.0,0.0,-0.001144373840361368,0.09305144182872027,0.0009147428118012614,2.4359963039557138,0.006754982291264848,0.06219482421875001,0.9864211715757846,0.0143521616992075,0.06219482421875,0.7149671614170074,1.41371750831604
89968.51759303734,1908,125042688,125042688,891.4258634702513,1630.0358646313166,1903,100,8.500000047683717,5.804308755718487,19.0,0.0,8.400000143051148,5.196152395911407,16.0,0.0,-0.0006930286933008272,0.09682734846137463,0.0008799471609866789,2.4348573187987013,0.006670907548444423,0.0719146728515625,0.9889950087914864,0.013318131532287225,0.0637359619140625,0.7257723957300186,1.4144359827041626
90028.51775502227,1909,125164288,125108224,2026.661195190287,1092.2637178288703,1903,100,8.500000047683717,5.804308755718487,19.0,0.0,8.400000143051148,5.196152395911407,16.0,0.0,-0.0016361326537056202,0.07299189158948138,0.0008844208362764524,2.430040429035823,0.0069274115855175,0.06926981608072917,0.9926816318184137,0.013508928280013304,0.063262939453125,0.7222752869129181,1.4147496223449707
90108.35080366954,1911,125239296,125239296,939.5607617518358,1641.8263140509896,1907,100,9.02000002861023,5.4515685337374995,19.0,0.0,7.689999961853028,5.583359131719397,19.0,0.0,0.0009550923593148278,0.11963290208950637,0.0009089027231918104,2.4087997674942017,0.0076709275253961096,0.0769805908203125,0.9858625400811434,0.014282275883791348,0.0695037841796875,0.7566158324480057,1.4154633283615112
90168.35103968158,1912,125361408,125304832,2035.19199450304,1092.2623702154679,1907,100,9.02000002861023,5.4515685337374995,19.0,0.0,7.689999961853028,5.583359131719397,19.0,0.0,-0.0001388286885533792,0.13347464497201145,0.0008945184363255976,2.4217532028754554,0.010930208594193877,0.09808349609375,0.9866963581492503,0.014628829715851072,0.06524658203125,0.7256239354610443,1.4158549308776855
90249.35945897363,1914,125435904,125435904,919.6081179097032,1618.004661064495,1910,100,9.859999895095825,5.304752544347664,19.0,0.0,7.8799999237060545,5.5177530649120845,19.0,0.0,0.0011343872344392973,0.1526633061390991,0.0009546356268401724,2.421758917470773,0.009190381796846243,0.09155782063802084,0.978821116189162,0.015765608521178365,0.07147216796875,0.7709717750549316,1.4164830446243286
90309.3594875019,1915,125560064,125501440,2069.33234942536,1092.2661473255507,1910,100,9.859999895095825,5.304752544347664,19.0,0.0,7.8799999237060545,5.5177530649120845,19.0,0.0,0.0021538942237384617,0.08169351359053205,0.0009339162952528568,2.413065349062284,0.008499509998728172,0.0734710693359375,0.9873639438301325,0.015362936528011536,0.070556640625,0.7629163414239883,1.416826844215393
90390.25489999354,1917,125632512,125632512,895.5761243876709,1620.2649317543728,1913,100,9.719999980926513,5.495598155117216,19.0,0.0,8.380000066757201,5.401444250712443,19.0,0.0,7.58918661934634e-05,0.08861006776957463,0.0008881162957550258,2.432989202439785,0.008068557717706426,0.0677337646484375,0.989899879321456,0.013516417510497073,0.0677032470703125,0.7465557008981705,1.417514443397522
90450.25521957316,1918,125757440,125698048,2082.122243269544,1092.2608489282854,1913,100,9.719999980926513,5.495598155117216,19.0,0.0,8.380000066757201,5.401444250712443,19.0,0.0,-0.00026293638923865115,0.10796256413838516,0.000968944282552305,2.4357472335298858,0.008874289394952939,0.0824737548828125,0.9850139518578848,0.014024822439144677,0.0739898681640625,0.7839739918708801,1.4178626537322998
90530.6829497423,1920,125829120,125829120,891.2348993220381,1629.6866730460126,1913,100,9.719999980926513,5.495598155117216,19.0,0.0,8.380000066757201,5.401444250712443,19.0,0.0,0.0016120941545523237,0.09250414716855933,0.0009358574346454892,2.441156066954136,0.008356923594571224,0.07964070638020834,0.9885032773017883,0.01317370772206535,0.06201171875,0.7122107893228531,1.4184792041778564
90590.68323023804,1921,125953280,125894656,2069.3236593923884,1092.2615604215493,1916,100,9.660000038146972,5.530316444113121,19.0,0.0,8.770000076293945,5.730366445985619,19.0,0.0,6.760959270953511e-05,0.09774086985271424,0.0009284102931511976,2.428518081704776,0.007258805414797583,0.06448872884114583,0.985860638320446,0.013645455085982878,0.0699462890625,0.7597529292106628,1.4188684225082397
90671.53769478388,1923,126025728,126025728,896.0296800793311,1621.0854989421114,1916,100,9.660000038146972,5.530316444113121,19.0,0.0,8.770000076293945,5.730366445985619,19.0,0.0,0.0007495110791448194,0.09300239649989331,0.0008913383686982949,2.4615966752171516,0.007090137348010709,0.0656585693359375,0.9890432643393676,0.013430582388537003,0.060760498046875,0.713912844657898,1.4194632768630981
90731.53796205856,1924,126148864,126091264,2052.2575247255236,1092.261801101318,1916,100,9.660000038146972,5.530316444113121,19.0,0.0,8.770000076293945,5.730366445985619,19.0,0.0,0.0008027505209611264,0.10602885896029571,0.0009013115413836204,2.426889513929685,0.008097378774740113,0.06850179036458333,0.9875252402077118,0.014552264066878706,0.0684661865234375,0.751013457775116,1.4197924137115479
90812.36803240888,1926,126222336,126222336,908.9686509187841,1621.5747361338586,1920,100,8.849999964237213,5.864085646894668,19.0,0.0,8.15999994277954,5.608422293664962,19.0,0.0,0.0006263196337386036,0.10203211153081307,0.000899559679965023,2.424530213077863,0.007466555349916841,0.07184346516927083,0.9870359133929014,0.014330595857851828,0.0698394775390625,0.7606584876775742,1.4203896522521973
90872.36829935014,1927,126348032,126287872,2094.924012972257,1092.2618071708714,1920,100,8.849999964237213,5.864085646894668,19.0,0.0,8.15999994277954,5.608422293664962,19.0,0.0,-0.0014096496646137289,0.09555355816458663,0.0008610208163493855,2.4479889695843062,0.006963273555205281,0.064544677734375,0.9888886008411646,0.013567507916983837,0.062530517578125,0.7197374999523163,1.4206868410110474
90953.222168101,1929,126418944,126418944,877.0390470554922,1621.0974443769387,1924,100,9.920000028610229,5.226241559980065,19.0,0.0,9.599999952316285,4.977951439223256,19.0,0.0,0.0004991395641506339,0.12089363396322976,0.0008556774246244457,2.423707457880179,0.0077790792729501845,0.08077494303385417,0.9853945877403021,0.01474660021873812,0.0695648193359375,0.7576617300510406,1.4213019609451294
91013.22700409591,1930,126543360,126484480,2073.4328814855044,1092.1786371610885,1924,100,9.920000028610229,5.226241559980065,19.0,0.0,9.599999952316285,4.977951439223256,19.0,0.0,-0.0004906984286208171,0.14322636082458,0.0008986074153654046,2.422419692079226,0.008063522129305056,0.08063761393229167,0.9809634244690338,0.01465557321595649,0.0684051513671875,0.7515874058008194,1.4215619564056396
91094.06409999356,1932,126615552,126615552,893.0553380023559,1621.433805167398,1927,100,9.910000085830688,4.998189684778371,19.0,0.0,8.859999990463256,5.099058722504594,19.0,0.0,0.0010417966198777624,0.11124523888186863,0.0009240726024775844,2.4426906257867813,0.0071425932856072905,0.06742350260416667,0.9848356662938993,0.014365747687406838,0.066680908203125,0.7389934808015823,1.4221906661987305
91154.06450164132,1933,126733824,126681088,1971.1868046205416,1092.2593549412525,1927,100,9.910000085830688,4.998189684778371,19.0,0.0,8.859999990463256,5.099058722504594,19.0,0.0,0.0004065099589449042,0.12719433176486444,0.0008256273855901478,2.4915880262851715,0.009837106089131947,0.08787536621093749,0.9883483281979959,0.012756501925953975,0.0537261962890625,0.66256083548069,1.4224133491516113
91235.89379820973,1935,126812160,126812160,957.3099523654314,1601.773515068957,1930,100,10.170000076293945,5.0478806976811645,19.0,0.0,8.669999980926514,5.223131257961013,19.0,0.0,0.0022538100941649946,0.10967191972304136,0.0008902893041522475,2.4586171954870224,0.007398444056282946,0.07324727376302083,0.9861575104296207,0.013674527261173353,0.06085205078125,0.7066797465085983,1.422972321510315
91295.89402367361,1936,126933248,126877696,2018.1257497588986,1092.2625622373744,1930,100,10.170000076293945,5.0478806976811645,19.0,0.0,8.669999980926514,5.223131257961013,19.0,0.0,0.0011893764434110685,0.12946047564037144,0.0008970508782416194,2.467883507410685,0.008076088673988124,0.07718404134114583,0.9857084148873886,0.013966169906780124,0.0616302490234375,0.7132151126861572,1.4232053756713867
91378.22378909029,1938,127008768,127008768,917.2867142009133,1592.0366022741275,1933,100,9.850000095367431,5.395136648579459,22.0,0.0,8.610000038146973,5.416447171834504,19.0,0.0,0.001253408391979368,0.16902094916440544,0.0009515270382204714,2.4381083846092224,0.008516623551258817,0.0787811279296875,0.967628845324119,0.015372218137296537,0.064971923828125,0.7332260757684708,1.4237786531448364
91470.42843740992,1940,127139840,127139840,1421.5335385872593,1421.5335385872593,1933,100,9.850000095367431,5.395136648579459,22.0,0.0,8.610000038146973,5.416447171834504,19.0,0.0,0.0005460130802627343,0.1426520582754165,0.0008827490964904428,2.4579633499185247,0.006630845739588645,0.0707550048828125,0.9812769976754984,0.013638268089077124,0.0592803955078125,0.7007102519273758,1.4242111444473267
91530.42860548571,1941,127265792,127205376,2099.1941196050066,1092.2636069489465,1937,100,10.139999961853027,5.140077760525863,19.0,0.0,8.50999994277954,5.448843926932342,16.0,0.0,0.001354537131798376,0.1458984842756763,0.0009352318520541303,2.462624597052733,0.008176968163752463,0.07390848795572916,0.9811591121057669,0.013710686209378764,0.0652923583984375,0.7360402643680573,1.4245527982711792
91612.18325389735,1943,127336448,127336448,864.2444359155802,1603.236055031801,1940,100,9.790000009536744,5.089783800337641,16.0,0.0,9.310000038146972,5.064967938063321,19.0,0.0,0.0009986227135717247,0.13198172859847546,0.0009280954606462426,2.463634639978409,0.00688162018013827,0.06836446126302083,0.9827304091304541,0.01299799685754503,0.05865478515625,0.6995149999856949,1.4250396490097046
91672.18367734365,1944,127452928,127401984,1941.3196325898173,1092.2589581164686,1940,100,9.790000009536744,5.089783800337641,16.0,0.0,9.310000038146972,5.064967938063321,19.0,0.0,0.0005385944471830347,0.16129821620415896,0.0009090409336446706,2.4730305274327593,0.006560083820052872,0.067657470703125,0.9801201528559128,0.013688246845655764,0.0573272705078125,0.6856888085603714,1.425284743309021
91756.00164907426,1946,127533056,127533056,955.976365755252,1563.7696462194538,1940,100,9.790000009536744,5.089783800337641,16.0,0.0,9.310000038146972,5.064967938063321,19.0,0.0,-0.0005816713188930103,0.10907158131400745,0.0009371264459332451,2.460254912575086,0.008859114108417996,0.08581034342447917,0.9842934757471085,0.013506030838470906,0.0657958984375,0.73944191634655,1.4257655143737793
91816.00180884637,1947,127657984,127598592,2082.1277889007283,1092.2637581118574,1942,100,9.69000015258789,5.290926220382342,16.0,0.0,8.299999952316284,5.597320712949753,19.0,0.0,0.00010494629289799679,0.0989880783793827,0.0009198220232065069,2.4697699820001917,0.006159742903037113,0.0626373291015625,0.9865893293172121,0.013087043926740686,0.0587310791015625,0.7018121927976608,1.4258931875228882
91897.67238343321,1949,127729664,127729664,877.6722872665022,1604.886468144461,1942,100,9.69000015258789,5.290926220382342,16.0,0.0,8.299999952316284,5.597320712949753,19.0,0.0,0.0010341575458975663,0.1658444143443679,0.0009592813251704987,2.47339528799057,0.008155036682486147,0.08039347330729167,0.9781075647721688,0.013776071282336488,0.05975341796875,0.7022121250629425,1.4263079166412354
91957.6728848815,1950,127843584,127795200,1898.6507987467733,1092.257538155447,1946,100,9.430000114440919,5.383781336311415,19.0,0.0,8.420000076293945,5.415126847737071,19.0,0.0,0.0004000245971838013,0.10322373212936023,0.0009129086653653455,2.4793623983860016,0.007689263808667117,0.0760345458984375,0.9884202678998312,0.013115777440058688,0.0528411865234375,0.6597887724637985,1.426506757736206
92041.27163360454,1952,127926272,127926272,989.1057134591546,1567.8703569383501,1946,100,9.430000114440919,5.383781336311415,19.0,0.0,8.420000076293945,5.415126847737071,19.0,0.0,-0.0007298264645214658,0.13571338751353323,0.0009351582066301489,2.4410747438669205,0.007970332100740052,0.08189900716145833,0.9810466760148605,0.014703500705460707,0.0621337890625,0.7177214473485947,1.4269672632217407
92101.2719382383,1953,128042496,127991808,1937.056831785174,1092.261121006618,1950,100,9.759999990463257,5.477444596993282,22.0,0.0,8.569999980926514,5.3483735826863,19.0,0.0,-0.0004801958736303884,0.10964271806490918,0.0009080020796924753,2.4492938419183097,0.006581524762320138,0.06467692057291667,0.987533651292324,0.01415997778531164,0.0576019287109375,0.6912708431482315,1.4272300004959106
92184.2231479846,1955,128122880,128122880,969.051569541267,1580.109565621429,1950,100,9.759999990463257,5.477444596993282,22.0,0.0,8.569999980926514,5.3483735826863,19.0,0.0,-0.0007928253544378095,0.12418374694728603,0.0009531798077659914,2.4230004549026485,0.007481804438915182,0.0812225341796875,0.9832746734221777,0.014249414195849871,0.0711822509765625,0.7714831829071045,1.4277684688568115
92244.2231519334,1956,128239616,128188416,1945.5998719533368,1092.2665947808207,1953,100,10.2,5.224940160294603,22.0,0.0,8.809999990463258,5.145279377048924,19.0,0.0,0.00016404296790521267,0.17802968551404771,0.0009500334999756888,2.4407445092995963,0.00703665655904236,0.07308451334635416,0.9763271591315668,0.014696320848694693,0.06005859375,0.704533040523529,1.4280445575714111
92327.20525194146,1958,128319488,128319488,962.5208327126736,1579.5213665028489,1953,100,10.2,5.224940160294603,22.0,0.0,8.809999990463258,5.145279377048924,19.0,0.0,0.000362683958276951,0.1572132023672263,0.000937760594752035,2.4557793786128364,0.008783559967923793,0.08086649576822916,0.9790536854416132,0.01386425278421181,0.066192626953125,0.7390564829111099,1.4285938739776611
92387.20530274883,1959,128443136,128385024,2060.7982549376165,1092.2657417474738,1956,100,10.530000019073487,4.998909857312631,19.0,0.0,8.739999961853027,5.250942722821477,19.0,0.0,0.001204217929625884,0.13838831769923368,0.000998591618554201,2.466023234029611,0.006924110687274758,0.0720062255859375,0.9802395304044088,0.013285920441073054,0.0599212646484375,0.7064910233020782,1.4288760423660278
92468.62878141925,1961,128516096,128516096,896.0560417140086,1609.7568187984998,1958,100,9.85,5.488852407899237,19.0,0.0,9.670000076293945,5.205871568423355,19.0,0.0,0.00025726402721678215,0.1708881046312551,0.00096886509769926,2.4795110300183296,0.008060222186031751,0.0836944580078125,0.9773506981631119,0.012351707943404714,0.0544586181640625,0.6663353145122528,1.429373025894165
92528.6290404778,1962,128639744,128581632,2060.7911022407534,1092.2619506700473,1958,100,9.85,5.488852407899237,19.0,0.0,9.670000076293945,5.205871568423355,19.0,0.0,-0.0011850479883529865,0.14530497366407263,0.000990251809222779,2.483988717198372,0.006668470812049539,0.0676422119140625,0.9778241428236166,0.013178963010432197,0.0573577880859375,0.6960754543542862,1.4295437335968018
92609.60510295257,1964,128712704,128712704,901.0070108401517,1618.651191404062,1958,100,9.85,5.488852407899237,19.0,0.0,9.670000076293945,5.205871568423355,19.0,0.0,-0.0014140251029554445,0.10244033194612712,0.0009432389991464637,2.4906341979900994,0.006820968446239324,0.0682220458984375,0.9878012724220753,0.011806854842385897,0.05157470703125,0.649594321846962,1.4299472570419312
92669.60548434965,1965,128835840,128778240,2052.2536212742407,1092.2597235887852,1960,100,9.140000057220458,5.591100083856641,19.0,0.0,8.350000095367431,5.327992029297697,16.0,0.0,7.611458446869313e-05,0.12543218055119118,0.000936031296684329,2.4719112118085222,0.007129046981087111,0.0708465576171875,0.9850999346623818,0.012623611934638271,0.061126708984375,0.7105999439954758,1.4301846027374268
92750.41997577995,1967,128909312,128909312,909.143876298097,1621.8873333262218,1960,100,9.140000057220458,5.591100083856641,19.0,0.0,8.350000095367431,5.327992029297697,16.0,0.0,0.00029548923824525747,0.07870757506073763,0.000905825078007183,2.4727685327331224,0.0056866479541592225,0.06438700358072917,0.9910199120640755,0.012304528043993438,0.054595947265625,0.6688300520181656,1.4306833744049072
92810.42043833807,1968,129029376,128974848,2001.051239958324,1092.2582461179763,1964,100,9.820000076293946,5.517934334961173,19.0,0.0,8.780000114440918,5.814774399336201,19.0,0.0,-0.0013875022414140403,0.15547062386758626,0.0009381116008929287,2.456286981701851,0.009467556012774974,0.087890625,0.9805910959839821,0.012763270147843286,0.06671142578125,0.7462822645902634,1.4309300184249878
92893.36570219323,1970,129105920,129105920,922.825444665083,1580.222835011781,1964,100,9.820000076293946,5.517934334961173,19.0,0.0,8.780000114440918,5.814774399336201,19.0,0.0,-0.0015779841075224494,0.14692912731940547,0.0010091098926447255,2.4488993237415952,0.007490472460631281,0.07517496744791666,0.977496520926555,0.013166852887176598,0.0589141845703125,0.6930159032344818,1.4314647912979126
92953.36583524942,1971,129226496,129171456,2009.5955435144388,1092.264244457954,1964,100,9.820000076293946,5.517934334961173,19.0,0.0,8.780000114440918,5.814774399336201,19.0,0.0,-0.0011423115429352038,0.14108641387429088,0.0009168157054470308,2.44205354899168,0.0081364019291262,0.08000691731770833,0.9813843419154485,0.012910900705416376,0.0651702880859375,0.7319389432668686,1.431714415550232
93035.91979455017,1973,129302528,129302528,920.9976195450269,1587.713068037218,1968,100,9.440000057220459,5.344754344050893,19.0,0.0,8.989999961853027,5.2810889055104475,19.0,0.0,0.0015811511317830689,0.14981548177699247,0.0009462702425177365,2.4625991359353065,0.005776849220031485,0.0586700439453125,0.9818696479002634,0.012591970259866988,0.060791015625,0.7099647223949432,1.4321625232696533
93095.91982959397,1974,129420288,129368064,1962.6655203455098,1092.2660287140227,1968,100,9.440000057220459,5.344754344050893,19.0,0.0,8.989999961853027,5.2810889055104475,19.0,0.0,0.0008811016305116937,0.15527227940037847,0.0009450236229895381,2.4529137661059695,0.005693884639185853,0.06033833821614583,0.9783087372779846,0.012884461427650724,0.06353759765625,0.7253600209951401,1.4324337244033813
93177.06078424677,1976,129499136,129499136,971.7410934760059,1615.3618177263475,1971,100,9.780000114440918,5.492868170297763,19.0,0.0,8.469999885559082,5.6043821269161755,19.0,0.0,-0.00023858867037536885,0.1035818775029232,0.0008926402521562219,2.4514890785018606,0.007920432421087753,0.08955891927083334,0.9828713734944661,0.014042458244754624,0.0688934326171875,0.754473552107811,1.433005928993225
93237.06107597612,1977,129621504,129564672,2039.456750510269,1092.2613559218178,1971,100,9.780000114440918,5.492868170297763,19.0,0.0,8.469999885559082,5.6043821269161755,19.0,0.0,-0.001342453615507111,0.10877832987656195,0.0008548275224408523,2.4558903947472577,0.00794646116446529,0.077911376953125,0.9864631729821365,0.012687027890933676,0.0636444091796875,0.7192516475915909,1.4333324432373047
93319.53404144943,1979,129695744,129695744,900.173766930042,1589.2723057523501,1971,100,9.780000114440918,5.492868170297763,19.0,0.0,8.469999885559082,5.6043821269161755,19.0,0.0,0.0009013324694630379,0.13194983642703545,0.0009646914610736227,2.462436472376188,0.006251240095783335,0.06827290852864583,0.9812420519689719,0.013418522372376174,0.0615692138671875,0.7089573442935944,1.4338910579681396
93379.5344349686,1980,129821440,129761280,2094.9195934827253,1092.2595029156369,1975,100,9.170000123977662,5.53363347042704,19.0,0.0,8.360000038146973,5.324509357821746,19.0,0.0,0.00018066780952115857,0.1185707849993681,0.0009376078911979372,2.45949699729681,0.010180182561574233,0.09898885091145833,0.9823169950395823,0.01401269756994831,0.059539794921875,0.6955735683441162,1.4341917037963867
93461.5022626128,1982,129892352,129892352,865.1199139717404,1599.0664113845887,1975,100,9.170000123977662,5.53363347042704,19.0,0.0,8.360000038146973,5.324509357821746,19.0,0.0,-0.0015318885780288838,0.09740793173356603,0.0009121136105629072,2.435787444313367,0.00873233409462652,0.0804443359375,0.9857698927323024,0.014908322550278779,0.062774658203125,0.7154038101434708,1.4347211122512817
93521.50236324966,1983,130018048,129957888,2094.9298195475335,1092.2648346317078,1979,100,9.619999933242799,5.230258112060124,19.0,0.0,9.50999994277954,4.8445742633032784,19.0,0.0,-0.0005242630613793153,0.11853986225711802,0.0009082965146565888,2.461716120441755,0.006921840069480822,0.07198079427083334,0.9842871688306332,0.014076112982972214,0.0600128173828125,0.7044276595115662,1.4349321126937866
93601.64474424906,1985,130088960,130088960,884.8252212587722,1635.489217633543,1979,100,9.619999933242799,5.230258112060124,19.0,0.0,9.50999994277954,4.8445742633032784,19.0,0.0,-0.0009078030100984809,0.084374098922126,0.0008992550962526972,2.4521702999869985,0.006443721759448333,0.0723419189453125,0.9877176048854986,0.014563798875315113,0.058349609375,0.6937193274497986,1.4354791641235352
93661.64541462995,1986,130214656,130154496,2094.909926873633,1092.2544628913442,1979,100,9.619999933242799,5.230258112060124,19.0,0.0,9.50999994277954,4.8445742633032784,19.0,0.0,-0.0013392640491171428,0.1109954125713557,0.0008795889455844492,2.4281211271882053,0.00774074101112395,0.0841522216796875,0.984495290244619,0.015149166021728888,0.0670166015625,0.7427950501441956,1.4358100891113281
93742.87206858583,1988,130285568,130285568,873.0139251891399,1613.6575079308288,1982,100,9.939999961853028,5.382973029221531,19.0,0.0,8.53999991416931,5.292296214028304,19.0,0.0,0.00047263741726055747,0.1280478270879636,0.0009401492831481544,2.4179154857993126,0.00905836062884191,0.09035237630208334,0.979195361956954,0.0152536580474892,0.0762176513671875,0.7952786535024643,1.4364635944366455
93802.87648889422,1989,130406912,130351104,2022.251017114163,1092.1862033359193,1982,100,9.939999961853028,5.382973029221531,19.0,0.0,8.53999991416931,5.292296214028304,19.0,0.0,0.0008900882676243782,0.13651467805417875,0.0009262459801296549,2.4370300248265266,0.008446005501051939,0.08273824055989584,0.9792714634289343,0.015458693553227933,0.0646820068359375,0.7296884953975677,1.436758279800415
93885.09480076097,1991,130482176,130482176,915.4165086967913,1594.1947362338678,1986,100,10.009999895095826,5.042806826224106,19.0,0.0,8.879999923706055,5.354026558555641,19.0,0.0,-0.00020854779116537736,0.15912226812603572,0.0009659545351799657,2.440043402214845,0.01076788632053649,0.10638936360677084,0.9744902408371369,0.015001679993777847,0.0651092529296875,0.7331711053848267,1.4373531341552734
93945.09504918195,1992,130605568,130547712,2056.5248186013646,1092.2621443193968,1986,100,10.009999895095826,5.042806826224106,19.0,0.0,8.879999923706055,5.354026558555641,19.0,0.0,0.0009803665307117626,0.1197018673022588,0.0008910855867725331,2.4627103110154467,0.008688736962843299,0.08092753092447917,0.9829339248438675,0.01316384754803342,0.0640716552734375,0.7319877445697784,1.4376059770584106
94026.73963272572,1994,130678784,130678784,896.7649392290092,1605.3973737246597,1989,100,10.210000038146973,5.2407919369335785,19.0,0.0,9.05,5.1427132114371235,19.0,0.0,-0.000755481014493853,0.12423713532431671,0.0009628642480189834,2.4337276071310043,0.008530101350212742,0.07988484700520833,0.9747111884256204,0.014670095319161192,0.068206787109375,0.7492323219776154,1.4382381439208984
94086.74341942556,1995,130803712,130744320,2082.0019347265597,1092.1977362499986,1989,100,10.210000038146973,5.2407919369335785,19.0,0.0,9.05,5.1427132114371235,19.0,0.0,0.00019280193858624745,0.15167921346922716,0.0009264188799231002,2.4503425061702724,0.008255198356588759,0.07722981770833333,0.9731459164371093,0.013663086050655693,0.0685577392578125,0.757083535194397,1.4384701251983643
94168.98427974246,1997,130875392,130875392,871.5862130307519,1593.7576466848034,1993,100,10.139999914169312,5.174978223669035,22.0,0.0,9.729999923706055,4.925149722443496,19.0,0.0,0.0007197339800768531,0.11446781301250061,0.0008619295446502898,2.4568839172522225,0.007119295444378318,0.07225545247395833,0.9826057280103366,0.013632391201099379,0.060699462890625,0.7101215869188309,1.4389742612838745
94228.9845538009,1998,130992896,130940928,1958.3910547736582,1092.2616776079662,1993,100,10.139999914169312,5.174978223669035,22.0,0.0,9.729999923706055,4.925149722443496,19.0,0.0,-0.00037544744554907084,0.08691638211409251,0.0009495050865856077,2.440107628703117,0.006488891799866299,0.06455485026041667,0.9853136719514927,0.014585995930247009,0.065765380859375,0.7308365106582642,1.4393526315689087
94310.83232120238,2000,131072000,131072000,966.4771869948795,1601.412037997988,1995,100,10.229999923706055,5.13975685127882,19.0,0.0,9.4,5.049752412436882,19.0,0.0,-0.0007671598614251706,0.1082510535682862,0.0009141509605494017,2.427234719196955,0.009711368608501894,0.07882181803385416,0.9825064912438393,0.014138266366596023,0.071746826171875,0.7716809064149857,1.4399155378341675
94370.8330252599,2001,131195136,131137536,2052.2425850531013,1092.2538498411516,1995,100,10.229999923706055,5.13975685127882,19.0,0.0,9.4,5.049752412436882,19.0,0.0,0.002740910196735058,0.1532575480329494,0.0010056936504649154,2.44927113254865,0.00796075436846877,0.07741800944010417,0.9759315767635902,0.014616504156341156,0.062225341796875,0.714035376906395,1.440198540687561
94451.37787632085,2003,131268608,131268608,912.1874214454261,1627.3169330315616,1999,100,8.999999856948852,5.383307479305053,19.0,0.0,9.790000057220459,4.741930015074709,19.0,0.0,0.0007814012496965006,0.09555726315981397,0.0009655531775933923,2.444341170291106,0.010109302716955428,0.09374491373697916,0.9821815689404806,0.015515639679506421,0.064727783203125,0.7305628508329391,1.4407639503479004
94511.37800268643,2004,131391744,131334144,2052.262344411575,1092.2643662564724,1999,100,8.999999856948852,5.383307479305053,19.0,0.0,9.790000057220459,4.741930015074709,19.0,0.0,0.0008482932777648481,0.13317886767132828,0.000898240562795157,2.440983220934868,0.008164730710025955,0.08261617024739584,0.9798080219576757,0.01460176541392381,0.06573486328125,0.7378806471824646,1.441083550453186
94592.08257016912,2006,131465216,131465216,910.3821789981612,1624.096430825988,2001,100,9.890000057220458,5.217077880049772,19.0,0.0,9.310000038146972,4.9813552901184055,19.0,0.0,-0.000406395386865673,0.13064882873247066,0.0009240169759626345,2.4328627934058504,0.007790174507438981,0.07549031575520834,0.9772032642116149,0.014345419176000481,0.0642547607421875,0.7269134372472763,1.4416437149047852
94652.08292378858,2007,131585024,131530752,1996.7882316138534,1092.26022925886,2001,100,9.890000057220458,5.217077880049772,19.0,0.0,9.310000038146972,4.9813552901184055,19.0,0.0,-0.0005848681491139966,0.13488243931593993,0.0009152942505655423,2.445619158446789,0.008185626243478811,0.0800323486328125,0.9818691251178583,0.013521299445225546,0.062286376953125,0.716462254524231,1.4419089555740356
94733.78690089285,2009,131661824,131661824,939.9787222350558,1604.2303526144951,2005,100,9.65999984741211,5.24637014378854,16.0,0.0,9.230000019073486,5.102656149767114,19.0,0.0,-0.0013062630362886314,0.13694684323854744,0.0009222259553401576,2.4519071603814764,0.00857529913628241,0.07649230957031251,0.9786370775351921,0.013419686826334024,0.0669097900390625,0.7480108588933945,1.4424136877059937
94793.78743761033,2010,131782656,131727360,2013.8486522039575,1092.256896110621,2005,100,9.65999984741211,5.24637014378854,16.0,0.0,9.230000019073486,5.102656149767114,19.0,0.0,0.0019116045975048714,0.1155884969436253,0.0009695051982513785,2.421182210246722,0.00864766620361479,0.08130900065104167,0.9717937329163153,0.015399548360922685,0.0720977783203125,0.7724568992853165,1.4427332878112793
94875.35789937712,2012,131858432,131858432,928.9637248424511,1606.856172700456,2008,100,10.430000162124633,4.872894443392949,19.0,0.0,9.22000002861023,5.365780343474821,19.0,0.0,-5.339981968669838e-05,0.09933404589537531,0.0008913432423772368,2.4492967898646993,0.008421863748177808,0.08198038736979167,0.9853640602280697,0.014171431820917254,0.068389892578125,0.7520109564065933,1.4433530569076538
94935.35822449811,2013,131979008,131923968,2009.5891106734646,1092.2607480518193,2008,100,10.430000162124633,4.872894443392949,19.0,0.0,9.22000002861023,5.365780343474821,19.0,0.0,0.0005547175678657367,0.10354912335363528,0.0009167003505960262,2.444593834380309,0.008001664791057312,0.07846577962239583,0.9836423279096682,0.013821786968037488,0.0652008056640625,0.7375138401985168,1.443609595298767
95016.20038932003,2015,132055040,132055040,940.499307106403,1621.3321388500954,2011,100,9.90999994277954,5.192485006812743,19.0,0.0,9.079999971389771,5.305996510445531,19.0,0.0,0.00022202277129205572,0.10164407803677022,0.0008588842320023105,2.4502275511622433,0.007329385892565673,0.06524149576822917,0.9864734305689732,0.014041665757152563,0.0658416748046875,0.7370534986257553,1.4442535638809204
95076.20081643388,2016,132175104,132120576,2001.0524220467348,1092.2588913517359,2011,100,9.90999994277954,5.192485006812743,19.0,0.0,9.079999971389771,5.305996510445531,19.0,0.0,0.0009258061933602828,0.09720035068069895,0.0008746185309670788,2.430980607867241,0.008520873460535464,0.079437255859375,0.9836591966450214,0.014087291647835325,0.0741729736328125,0.7822198271751404,1.4445960521697998
95157.18031049334,2018,132251648,132251648,945.2269477480106,1618.5825994882323,2011,100,9.90999994277954,5.192485006812743,19.0,0.0,9.079999971389771,5.305996510445531,19.0,0.0,0.0017025741932836052,0.11322292219847441,0.0008913071002704479,2.4619260057806973,0.007801949266649899,0.06531778971354167,0.9842927101999521,0.012671733352666099,0.05926513671875,0.6992917209863663,1.4452028274536133
95217.18047044612,2019,132379648,132317184,2133.3276461381997,1092.2637548227583,2014,100,9.649999904632569,5.297876904079368,19.0,0.0,8.77999997138977,5.447164385580135,19.0,0.0,0.0009352866569921995,0.08237267204094678,0.0008619393556728028,2.4546848634878793,0.008223747547769259,0.07725016276041666,0.9867475846161444,0.014134111251526823,0.0644989013671875,0.7291748970746994,1.4454939365386963
95297.0821736306,2021,132448256,132448256,858.6550381986658,1640.4155953646152,2014,100,9.649999904632569,5.297876904079368,19.0,0.0,8.77999997138977,5.447164385580135,19.0,0.0,0.0006432772618912471,0.10303254576865582,0.0008737967643052494,2.4551528617739677,0.006299646376040376,0.06472269694010417,0.9835876282304525,0.013727879636765769,0.0644989013671875,0.7313337028026581,1.44599449634552
95357.08269622922,2022,132574208,132513792,2099.181716175385,1092.257153131908,2018,100,9.360000038146973,5.437867175767714,16.0,0.0,8.910000133514405,5.334969537848674,19.0,0.0,-0.0011006297694014695,0.0808338247006759,0.0008145688734657597,2.4573988690972324,0.007128485311720094,0.06603495279947917,0.9883625116199255,0.013672072023230914,0.06378173828125,0.7262629121541977,1.4462480545043945
95438.35689220205,2024,132644864,132644864,869.3534172103073,1612.7135855495555,2018,100,9.360000038146973,5.437867175767714,16.0,0.0,8.910000133514405,5.334969537848674,19.0,0.0,0.0014804267993895335,0.10582820042812575,0.0008034920671586103,2.438297693928083,0.00841374899634199,0.08247884114583334,0.9818751898904641,0.014249438759482777,0.0744781494140625,0.7895675748586655,1.446828007698059
95498.35704900883,2025,132769024,132710400,2069.3279252557895,1092.2638120937775,2018,100,9.360000038146973,5.437867175767714,16.0,0.0,8.910000133514405,5.334969537848674,19.0,0.0,0.0005487610857623318,0.14811885244368267,0.0008271574424725259,2.443364180624485,0.00892324770211417,0.08718363444010416,0.977732939645648,0.013930952137646576,0.066741943359375,0.7415108531713486,1.44710373878479
95578.93093900941,2027,132841472,132841472,899.149836249397,1626.7304457939622,2022,100,9.809999942779541,5.336094011730294,22.0,0.0,8.950000047683716,5.144657428012191,19.0,0.0,-0.000960358855081722,0.15344651245201626,0.000823631396391041,2.4449229513605437,0.007989123745574034,0.06923929850260416,0.978606711452206,0.014350845556085309,0.066741943359375,0.7423953711986542,1.4476988315582275
95638.93134508654,2028,132966144,132907008,2077.852603859578,1092.259274308115,2025,100,9.87999997138977,5.442940306410906,19.0,0.0,9.140000200271606,5.293429935234064,19.0,0.0,-0.0013287821711855938,0.14816657927197716,0.0008594651450645566,2.454967545966307,0.006041254493538872,0.0691986083984375,0.9765805384765069,0.013339562564700222,0.0689697265625,0.7546187490224838,1.4480160474777222
95721.57055652887,2030,133038080,133038080,870.4826527804915,1586.075153820682,2025,100,9.87999997138977,5.442940306410906,19.0,0.0,9.140000200271606,5.293429935234064,19.0,0.0,0.0015575984289171172,0.11293578788172454,0.0009408539845026098,2.4498726005355516,0.006543889832149338,0.06583658854166666,0.9787287103633087,0.014492133748717606,0.0701141357421875,0.7607211917638779,1.4486875534057617
95781.57068979368,2031,133163776,133103616,2094.9286803287964,1092.2642406602279,2028,100,9.880000019073487,4.952332720529421,16.0,0.0,8.660000038146972,5.295696389133666,19.0,0.0,-0.0005165620653618437,0.13807727303355932,0.0008447378537918364,2.4570591126879058,0.00672945268828092,0.07115681966145833,0.9807008107503254,0.013078243859733144,0.0618743896484375,0.7116487324237823,1.4489470720291138
95861.88330492191,2033,133234688,133234688,882.9497070513244,1632.0225632140002,2028,100,9.880000019073487,4.952332720529421,16.0,0.0,8.660000038146972,5.295696389133666,19.0,0.0,0.0009329550327189888,0.16605201239387193,0.0009295124546042643,2.449136642118295,0.007168243808943468,0.06538899739583333,0.9706609938293694,0.014449618339616185,0.061981201171875,0.7133073806762695,1.4494575262069702
95921.88346663862,2034,133359616,133300224,2082.1277214190955,1092.2637227116566,2030,100,10.140000057220458,4.931571678917206,16.0,0.0,8.460000038146973,5.389656651098151,19.0,0.0,0.0002914152209996245,0.1243426543660462,0.0008262450919573894,2.4735052809119225,0.00787780933387694,0.07595316569010417,0.984295996526877,0.012990340668087205,0.0599212646484375,0.7006115764379501,1.4497106075286865
96002.76457964629,2036,133431296,133431296,886.2390406670994,1620.5513886484102,2030,100,10.140000057220458,4.931571678917206,16.0,0.0,8.460000038146973,5.389656651098151,19.0,0.0,-0.0006586227658165928,0.1403137621236965,0.0008697993210565376,2.439015311499437,0.007668603318355356,0.0813446044921875,0.9726836979389191,0.014467733592027797,0.0687713623046875,0.7487169802188873,1.450383186340332
96062.7646713946,2037,133554432,133496832,2052.2635284714206,1092.2649964421698,2033,100,10.430000019073486,4.620075856288799,19.0,0.0,8.12000002861023,5.210143911113562,16.0,0.0,0.0005359437927836552,0.1595875087659806,0.0008543702236541625,2.4422385195891065,0.007118850361318133,0.071441650390625,0.9692055471241475,0.014340723331163948,0.0711822509765625,0.7701332420110703,1.4506677389144897
96145.13960241713,2039,133627904,133627904,891.9218394235694,1591.1636995988415,2033,100,10.430000019073486,4.620075856288799,19.0,0.0,8.12000002861023,5.210143911113562,16.0,0.0,-0.0003054577682632953,0.12152713804971427,0.0008985229997051647,2.4471777454018593,0.007651950805666274,0.06640116373697917,0.979438449566563,0.014179577759932727,0.0672607421875,0.7480188310146332,1.4511538743972778
96205.13963506371,2040,133750016,133693440,2035.198892628557,1092.2660723541103,2033,100,10.430000019073486,4.620075856288799,19.0,0.0,8.12000002861023,5.210143911113562,16.0,0.0,0.0003611329484556336,0.13790274318307638,0.0009225128378602676,2.4252221807837486,0.008867616305603104,0.0801239013671875,0.9696146082133054,0.014734681967335444,0.0723419189453125,0.7682239860296249,1.4515539407730103
96287.33726452291,2042,133824512,133824512,906.3035088740012,1594.5958644106138,2037,100,9.650000190734863,5.229483693529365,16.0,0.0,8.069999933242798,5.5158951312145446,19.0,0.0,-0.0007233785630281394,0.1733162592475613,0.0009203831280804783,2.4234620009859404,0.008938092052024635,0.08339436848958334,0.9631324869891007,0.01426548212960673,0.06927490234375,0.7540407478809357,1.4521350860595703
96347.3383343704,2043,133949696,133890048,2086.3627984997947,1092.2471910346574,2037,100,9.650000190734863,5.229483693529365,16.0,0.0,8.069999933242798,5.5158951312145446,19.0,0.0,0.0005975499346580667,0.12517092357544848,0.0008884742231506,2.4394934351245565,0.008737689542613225,0.09444173177083333,0.979793663447102,0.013812908369194096,0.064605712890625,0.7281223237514496,1.4524563550949097
96427.90330410562,2045,134021120,134021120,886.5391526210184,1626.9105596486072,2040,100,9.940000009536742,5.343818826739575,19.0,0.0,9.230000066757203,5.102656073649722,19.0,0.0,0.001580005329742562,0.11266870237886906,0.0008408928248779072,2.427143315474192,0.007548357212120512,0.08746846516927084,0.982945255935192,0.014775398779117193,0.0701141357421875,0.762430876493454,1.452956199645996
96487.90352424979,2046,134146816,134086656,2094.925646905623,1092.262659079103,2040,100,9.940000009536742,5.343818826739575,19.0,0.0,9.230000066757203,5.102656073649722,19.0,0.0,0.0007905744447877321,0.1310645043849945,0.0008965328603759797,2.4189533417423568,0.006983892795688007,0.06713358561197917,0.9785844267656406,0.016190585389267653,0.067047119140625,0.7424486726522446,1.4532135725021362
96568.27814781852,2048,134217728,134217728,882.2685177413359,1630.7634696157545,2043,100,9.730000019073486,5.418219298127065,19.0,0.0,10.030000019073487,4.727483538065761,19.0,0.0,0.0006607508087957588,0.14383561594877392,0.0009033220054940709,2.430605284869671,0.007369310658759787,0.07360331217447917,0.9686485193669796,0.015364853830154365,0.0688323974609375,0.7540274560451508,1.4537242650985718
96628.28086162545,2049,134344704,134283264,2116.170952010188,1092.2172655536456,2043,100,9.730000019073486,5.418219298127065,19.0,0.0,10.030000019073487,4.727483538065761,19.0,0.0,0.0013000572616874706,0.15846162122519064,0.0008563607098039938,2.4528904582063356,0.007396352758102391,0.07342529296875001,0.9764601830393075,0.014149885372413943,0.057769775390625,0.6843800097703934,1.4539737701416016
96708.98110069707,2051,134414336,134414336,862.8475057948801,1624.1835403197745,2046,100,10.580000114440917,5.1772193646391855,22.0,0.0,9.77000002861023,5.172726368476299,19.0,0.0,-0.0008204446882397557,0.1530491188944628,0.0008358746860418857,2.462714133163293,0.006484775828842733,0.06516011555989583,0.9792848794410627,0.013093302414442102,0.0621337890625,0.7182096987962723,1.4543873071670532
96768.98122745007,2052,134540544,134479872,2103.462222997463,1092.2643592035508,2046,100,10.580000114440917,5.1772193646391855,22.0,0.0,9.77000002861023,5.172726368476299,19.0,0.0,0.0016782633101684041,0.14667549174434194,0.0008781867563811828,2.4688732077678046,0.008043946914161399,0.07885233561197917,0.9773656638960043,0.013123939221259208,0.0672149658203125,0.7484690546989441,1.4546375274658203
96850.89097319171,2054,134610944,134610944,859.4825849180357,1600.2003035564883,2050,100,9.760000085830688,5.287948585463805,19.0,0.0,9.680000019073486,5.011746170195517,19.0,0.0,-0.00046742493335235247,0.17848936577017108,0.000847719284138293,2.4725149720907207,0.006344797601438283,0.06231689453125,0.9736963144193093,0.01251978759925502,0.058502197265625,0.6967434287071228,1.4550960063934326
96910.89118852094,2055,134729728,134676480,1979.7262284512658,1092.262746731733,2050,100,9.760000085830688,5.287948585463805,19.0,0.0,9.680000019073486,5.011746170195517,19.0,0.0,-0.00022476646336144765,0.20942416554316878,0.0008945085064624436,2.4642378091812134,0.007890780095597924,0.07340494791666667,0.9644363677750031,0.013021620213597393,0.060699462890625,0.7051882445812225,1.4553157091140747
96992.69398310594,2057,134807552,134807552,951.3611410809452,1602.2924481363289,2052,100,10.150000143051148,5.097793770640576,19.0,0.0,9.289999961853027,5.163903490460555,19.0,0.0,-0.0012858440774531723,0.12399172604394457,0.0008212365197929709,2.4795121947924295,0.008890284044052047,0.08081563313802083,0.982966289545099,0.012028419179841876,0.06134033203125,0.7118163406848907,1.4557843208312988
97052.69488914497,2058,134926336,134873088,1979.7034385236357,1092.2501729785577,2055,100,10.200000143051147,5.2820451818322445,19.0,0.0,9.250000095367431,5.196873956795785,19.0,0.0,0.001511785048933234,0.12652953450257579,0.0008525994829445457,2.481353603303432,0.008164452891530042,0.08321126302083333,0.9806836477170388,0.012073768448317423,0.05950927734375,0.7035998702049255,1.4559884071350098
97134.44401674718,2060,135004160,135004160,951.9856943146287,1603.344327266743,2055,100,10.200000143051147,5.2820451818322445,19.0,0.0,9.250000095367431,5.196873956795785,19.0,0.0,-0.0008236154523425891,0.16885406896471977,0.0008667801369786806,2.480905642112096,0.006306402480428611,0.06436665852864583,0.9687618495275577,0.012656539794988928,0.0614013671875,0.713794618844986,1.4564275741577148
97194.44436913356,2061,135127552,135069696,2056.5212551651466,1092.26025170597,2057,100,9.940000057220459,5.326950383061181,19.0,0.0,9.649999952316284,5.060385301349539,19.0,0.0,6.0897982621099664e-06,0.13443071073076376,0.0009049916116055101,2.471696056425572,0.006490565994681674,0.06738789876302084,0.9730523545295,0.012560134491650388,0.06005859375,0.701880156993866,1.456681489944458
97276.26413587853,2063,135200768,135200768,894.8448878889028,1601.9600790178959,2057,100,9.940000057220459,5.326950383061181,19.0,0.0,9.649999952316284,5.060385301349539,19.0,0.0,-2.0351847827744983e-05,0.10801527990649144,0.0007943035968006977,2.464748365183671,0.007708060821945158,0.08137003580729167,0.9835401643067598,0.01368122279139546,0.0605621337890625,0.7035707235336304,1.4571346044540405
97336.2641690895,2064,135320320,135266304,1992.5322304347633,1092.2660620798702,2060,100,9.440000104904176,5.288326821322653,19.0,0.0,8.969999980926513,5.198951872390619,19.0,0.0,5.917944266305614e-05,0.07764519894650827,0.0007989558325789404,2.458475356300672,0.006949712502925347,0.07565816243489583,0.989094794417421,0.013025987806031482,0.0643768310546875,0.7295124977827072,1.4574023485183716
97418.97944291681,2066,135397376,135397376,931.5812719289389,1584.6166485967333,2060,100,9.440000104904176,5.288326821322653,19.0,0.0,8.969999980926513,5.198951872390619,19.0,0.0,0.0008783125207022143,0.11890870041679591,0.0007829717542335857,2.462402602036794,0.007470724543964025,0.07566324869791666,0.9802507621546586,0.013268686006388938,0.0587158203125,0.696869820356369,1.4578059911727905
97478.9797271993,2067,135522304,135462912,2082.123468145912,1092.26149148638,2060,100,9.440000104904176,5.288326821322653,19.0,0.0,8.969999980926513,5.198951872390619,19.0,0.0,0.000930871670182872,0.08305089893595627,0.0007884586581591672,2.4516568904121714,0.007249490241520107,0.07070414225260417,0.98708792279164,0.013829380564857274,0.0630035400390625,0.7201880663633347,1.458059310913086
97559.66242107376,2069,135593984,135593984,888.4185264256174,1624.5367340354148,2064,100,9.610000085830688,5.155375759623969,19.0,0.0,9.280000066757202,5.18088801175918,19.0,0.0,0.00011930866215455665,0.08818409580271691,0.0007923643061076291,2.449785590171814,0.00926030023644368,0.08385721842447917,0.9876169630636772,0.014505584491416812,0.0611114501953125,0.7032216787338257,1.4586831331253052
97619.66265281662,2070,135712512,135659520,1975.4590366912537,1092.262447932961,2064,100,9.610000085830688,5.155375759623969,19.0,0.0,9.280000066757202,5.18088801175918,19.0,0.0,-0.00043465987982926896,0.13226979990334561,0.000804210393956358,2.4504800637563067,0.0061398328549936805,0.06226094563802083,0.9765695929527283,0.013473485373348618,0.0621337890625,0.7144742161035538,1.4589372873306274
97700.70924434811,2072,135790592,135790592,963.3964676931189,1617.2425949471374,2067,100,9.360000038146973,5.32638709612838,19.0,0.0,7.749999952316284,5.428397452018764,19.0,0.0,-0.00039726255151132744,0.11904310089691232,0.0007733102471926637,2.4442422737677894,0.007589095805087709,0.07621256510416667,0.9848117226113875,0.013684095155137282,0.0609588623046875,0.7060262560844421,1.4594162702560425
97760.70960707404,2073,135916544,135856128,2099.1873095055703,1092.2600634825733,2067,100,9.360000038146973,5.32638709612838,19.0,0.0,7.749999952316284,5.428397452018764,19.0,0.0,-0.00014864013428450562,0.09464567938509086,0.0007815644439688185,2.4348700443903604,0.007848566108198915,0.07144673665364583,0.9859024087587992,0.013474269847696027,0.07025146484375,0.7606978565454483,1.4597233533859253
97841.85145207681,2075,135987200,135987200,870.7714249976395,1615.3440927492443,2071,100,10.430000019073486,5.177364182368217,19.0,0.0,9.35,5.131032978658459,19.0,0.0,0.0010184185315059342,0.14426802905897299,0.0008563628040671272,2.4362595106164617,0.009174723018683531,0.08452351888020833,0.9789601440231006,0.014022684355344003,0.0587005615234375,0.6861466318368912,1.4603623151779175
97901.85186011717,2076,136110848,136052736,2060.7859852690913,1092.259238569125,2071,100,10.430000019073486,5.177364182368217,19.0,0.0,9.35,5.131032978658459,19.0,0.0,1.7504571587779e-06,0.12263373448513447,0.0008055257585510844,2.4472665737072625,0.008101480508533617,0.06902567545572916,0.9808927463988464,0.013470156195883948,0.0658721923828125,0.7364862859249115,1.4606108665466309
97983.67072716542,2078,136183808,136183808,891.7258650987606,1601.9776944932119,2074,100,9.429999923706054,5.121044899087912,19.0,0.0,9.7,5.064582802516641,19.0,0.0,0.00033315974966778106,0.11171500225706647,0.0008308705904103894,2.4635044584671655,0.007131061768329042,0.06737263997395833,0.9843075169871252,0.012814292053614434,0.0638580322265625,0.7281511723995209,1.4611012935638428
98043.67101439834,2079,136306944,136249344,2052.2568420712264,1092.2614377759542,2074,100,9.429999923706054,5.121044899087912,19.0,0.0,9.7,5.064582802516641,19.0,0.0,-0.0012063140081105908,0.10163495293818414,0.0008031446541281183,2.4475671996672945,0.005881609410304614,0.0609283447265625,0.9852274966736635,0.014086961057425167,0.0673828125,0.7470477968454361,1.461398720741272
98125.71521138586,2081,136380416,136380416,895.5173272178155,1597.5779496011203,2076,100,9.850000047683716,4.8813420227858435,16.0,0.0,9.949999952316285,4.866980628275603,19.0,0.0,-0.00015426818451184468,0.13932762337693322,0.0008209067776382047,2.4446928054094315,0.007881024226662703,0.07857767740885417,0.9745561275631189,0.014277240465162322,0.0633697509765625,0.7252158522605896,1.4618597030639648
98185.71816966496,2082,136503808,136445952,2056.431941672669,1092.2128154941975,2079,100,9.980000019073486,5.087199575467215,19.0,0.0,9.410000085830688,5.190558758726392,19.0,0.0,0.0004999462398700415,0.10175173978010814,0.0008106474227436896,2.455622432132562,0.008319618535097106,0.07593282063802083,0.9869320473323265,0.013136603316524997,0.0622711181640625,0.7162464410066605,1.4620929956436157
98267.38069273159,2084,136577024,136577024,896.567939007544,1605.0447019995195,2079,100,9.980000019073486,5.087199575467215,19.0,0.0,9.410000085830688,5.190558758726392,19.0,0.0,0.00024693527120689396,0.10628498174871008,0.0008163467785683072,2.459821527202924,0.006404837350297991,0.062138875325520836,0.9838829146077236,0.013112845258244002,0.06005859375,0.704775258898735,1.462537169456482
98327.3809762951,2085,136695552,136642560,1975.457330539772,1092.2615045749064,2082,100,10.49000005722046,4.854884032265282,22.0,0.0,9.280000066757202,5.051890803579736,19.0,0.0,-0.0015105162625938344,0.09356105288801095,0.0007989523959016271,2.4590459391474724,0.0073145206739961095,0.0699920654296875,0.9863921478390694,0.01345340507881095,0.0611114501953125,0.7076708525419235,1.4627500772476196
98409.39898347855,2087,136773632,136773632,951.9860660032931,1598.0880845694626,2082,100,10.49000005722046,4.854884032265282,22.0,0.0,9.280000066757202,5.051890803579736,19.0,0.0,0.000290770714248841,0.12076414624849956,0.000831603225985115,2.471263478199641,0.007074646388597709,0.06981404622395833,0.9833528051773707,0.011925312903864931,0.061065673828125,0.7130070179700851,1.4631210565567017
98469.39898393862,2088,136891648,136839168,1966.9333182511066,1092.266658291287,2084,100,10.530000162124633,5.111663133200609,22.0,0.0,9.770000076293945,5.1494755910557615,19.0,0.0,-0.0006976772710913792,0.11809218488633633,0.0008250626639589124,2.451819770038128,0.007630801565634708,0.080718994140625,0.9814158963660399,0.013158624972372005,0.063140869140625,0.720578208565712,1.4633926153182983
98550.69536522962,2090,136970240,136970240,966.7342968031794,1612.2734852222404,2087,100,10.950000143051147,4.7124834245982266,22.0,0.0,9.440000104904176,4.862756343252871,19.0,0.0,0.001167419361687886,0.13244519852257025,0.0008139038218359929,2.442879468202591,0.008312542812442794,0.085052490234375,0.9796345091114441,0.013053880218649285,0.071044921875,0.766171783208847,1.4639357328414917
98610.69743632525,2091,137095424,137035776,2086.327983587156,1092.2289648227236,2087,100,10.950000143051147,4.7124834245982266,22.0,0.0,9.440000104904176,4.862756343252871,19.0,0.0,-0.0016851021791808307,0.07656078517902642,0.0008092239938074879,2.4633339270949364,0.005573953903876827,0.07071431477864584,0.9874438003947338,0.01246496905029441,0.06597900390625,0.7435619682073593,1.4641557931900024
98691.86999394558,2093,137166848,137166848,879.9032837436444,1614.7329078019568,2089,100,10.460000228881835,4.761134348269397,19.0,0.0,10.290000057220459,4.481729631261175,19.0,0.0,0.0013918880431447178,0.16388551328176013,0.0008631147356936708,2.4341744109988213,0.01047254914313574,0.09702555338541667,0.9692414583017429,0.014575379696907476,0.070159912109375,0.7589149326086044,1.4647581577301025
98751.87039871886,2094,137290240,137232384,2056.519459597882,1092.2592980436882,2089,100,10.460000228881835,4.761134348269397,19.0,0.0,10.290000057220459,4.481729631261175,19.0,0.0,0.0013833395447970058,0.13401904698306072,0.0008561661446340925,2.4491173600157103,0.008950421475674375,0.09614054361979166,0.9783886608978113,0.01344596833223477,0.0687255859375,0.7557028532028198,1.464999794960022
98833.15494032577,2096,137363456,137363456,900.7370719278578,1612.508324570151,2092,100,10.2,5.091168876019168,22.0,0.0,9.53999991416931,5.02676834818755,19.0,0.0,0.001154518982123894,0.11662194260861725,0.0008681107192387573,2.4603037734826403,0.007834442066571986,0.07558695475260417,0.9794495149205129,0.013460485885540644,0.058868408203125,0.6930916905403137,1.4655314683914185
98893.15537164547,2097,137488128,137428992,2077.851729693634,1092.2588147876186,2092,100,10.2,5.091168876019168,22.0,0.0,9.53999991416931,5.02676834818755,19.0,0.0,-5.535015952773392e-05,0.09778138087131084,0.0008148837168846512,2.4585866282383604,0.007425175124202118,0.08113606770833334,0.9826873348404964,0.013033916805094728,0.0621337890625,0.716388076543808,1.4658212661743164
98974.41821862943,2099,137560064,137560064,885.2261847802462,1612.9388135497725,2094,100,9.830000019073486,5.045899237069719,19.0,0.0,9.390000057220458,5.1495533858576,19.0,0.0,-0.0014785518384693812,0.08933566912310198,0.0008070885633060243,2.477388322353363,0.006020366946662156,0.060811360677083336,0.9854051768779755,0.012331125501077622,0.0589752197265625,0.6986115425825119,1.4662115573883057
99034.42116958462,2100,137683968,137625600,2064.965106341969,1092.2129488089754,2097,100,9.740000009536743,5.3171797016938465,22.0,0.0,9.230000066757203,5.12026367882234,19.0,0.0,-0.002317472969783315,0.08629577257670462,0.0008213591384749938,2.4532535647352534,0.006129213905296638,0.061238606770833336,0.9853243331114451,0.013328669961386671,0.063507080078125,0.7220076620578766,1.4665096998214722
99115.52295996435,2102,137756672,137756672,896.4536992289206,1616.141880300026,2097,100,9.740000009536743,5.3171797016938465,22.0,0.0,9.230000066757203,5.12026367882234,19.0,0.0,0.00159171265962262,0.0930395603257542,0.0008274729013161657,2.45910423497359,0.005736458961109747,0.06208292643229167,0.987673015644153,0.013215067311345289,0.0637054443359375,0.7268412560224533,1.4670207500457764
99175.523007337,2103,137875712,137822208,1983.998433545475,1092.2658042744981,2100,100,11.2,4.5891175665616295,22.0,0.0,10.030000019073487,4.85891955412713,19.0,0.0,-0.0009660849536885507,0.09117135246439527,0.0008357530387002043,2.452215271691481,0.008064690072690913,0.07241312662760416,0.9866127148270606,0.01337120907070736,0.0644683837890625,0.7297755479812622,1.4672850370407104
99258.14639644325,2105,137953280,137953280,938.8140675306454,1586.3788863884172,2100,100,11.2,4.5891175665616295,22.0,0.0,10.030000019073487,4.85891955412713,19.0,0.0,-2.0641891751437702e-07,0.11701258120592684,0.0008655716828798177,2.42243159810702,0.008924082411491934,0.08964538574218751,0.9753483682870865,0.015021127571041385,0.0718536376953125,0.7724532037973404,1.4677950143814087
99318.14950584248,2106,138073600,138018816,2005.229415686672,1092.2100647144425,2102,100,10.530000066757202,4.67002139291987,19.0,0.0,9.50999994277954,5.384226982530287,19.0,0.0,-8.50893520691898e-05,0.07680774906960626,0.0007888646293091976,2.464329722026984,0.0056177616194569655,0.065277099609375,0.9898133830477794,0.012945473029200608,0.06103515625,0.7098913937807083,1.4679923057556152
99399.19540313818,2108,138149888,138149888,941.2937921047479,1617.2564481799695,2102,100,10.530000066757202,4.67002139291987,19.0,0.0,9.50999994277954,5.384226982530287,19.0,0.0,-0.0008194012504342633,0.12627722109512737,0.0008193417810010336,2.4354410668214164,0.007240479365160961,0.07346089680989584,0.9776831778387228,0.013848917335659886,0.06475830078125,0.7290815711021423,1.4684290885925293
99459.19558331557,2109,138274560,138215424,2077.8604269421717,1092.2633866472195,2105,100,9.969999933242798,5.164213220393833,19.0,0.0,9.47000002861023,5.002909174079493,19.0,0.0,-0.0001428876445667508,0.120555629216445,0.0008176981276240742,2.421106825272242,0.008491454734515477,0.0779266357421875,0.9788583560536305,0.01460911709970484,0.0699462890625,0.7590431720018387,1.4687049388885498
99539.52502842993,2111,138346496,138346496,895.5122234143394,1631.6806348332448,2105,100,9.969999933242798,5.164213220393833,19.0,0.0,9.47000002861023,5.002909174079493,19.0,0.0,0.0010000337400318435,0.1284099672921002,0.0008673519902610375,2.4389181211590767,0.008699519960525018,0.07730611165364584,0.9790636245161295,0.014357747742906215,0.069793701171875,0.7607584148645401,1.4692503213882446
99599.52515468188,2112,138469888,138412032,2056.5290059866834,1092.2643683248773,2108,100,10.579999923706055,4.98834642102197,22.0,0.0,9.289999961853027,5.010578849517609,19.0,0.0,0.00011456973394767069,0.1358792254080375,0.0008748346244829008,2.446006208658218,0.007765871988037057,0.07828267415364583,0.9773027735451857,0.014569064272412408,0.0628509521484375,0.7191135883331299,1.4694766998291016
99681.66144165955,2114,138543104,138543104,891.396515402471,1595.7867688323956,2108,100,10.579999923706055,4.98834642102197,22.0,0.0,9.289999961853027,5.010578849517609,19.0,0.0,-0.0012948496029518233,0.06707744044251741,0.0008248716270221242,2.447852373123169,0.006303123430067595,0.06227620442708333,0.9905788637697697,0.01399162369974268,0.0641632080078125,0.7277652472257614,1.4699490070343018
99741.66153671779,2115,138664192,138608640,2018.130136001937,1092.264936187095,2111,100,9.980000019073486,5.145833124703425,19.0,0.0,9.520000076293945,4.844543268868499,19.0,0.0,-0.0003535670548444614,0.15393485967069864,0.0008624563573296958,2.4424988081057863,0.009055559793826736,0.0861053466796875,0.9762866087257863,0.014690063893795015,0.0660552978515625,0.7345691025257111,1.4702225923538208
99824.36558458582,2117,138739712,138739712,913.1354745841226,1584.831738939223,2111,100,9.980000019073486,5.145833124703425,19.0,0.0,9.520000076293945,4.844543268868499,19.0,0.0,0.0005136894154323576,0.11163091089110821,0.0008480718697683187,2.4603262394666676,0.0063069008519960335,0.06887308756510417,0.9826137479394674,0.012963798062022155,0.0592803955078125,0.698749914765358,1.470657467842102
99884.36584097706,2118,138861568,138805248,2030.9246548117508,1092.261999226488,2114,100,9.559999942779541,5.219808481405543,16.0,0.0,8.800000095367432,5.2019226543783565,19.0,0.0,-0.0007626359025986554,0.11630037500678253,0.0008092863208730705,2.4523303136229515,0.008597052829524424,0.07312520345052084,0.9857801838467519,0.013503903047724938,0.0666656494140625,0.7442886680364609,1.4709488153457642
99966.72945067845,2120,138936320,138936320,907.5852827603048,1591.3824136071098,2114,100,9.559999942779541,5.219808481405543,16.0,0.0,8.800000095367432,5.2019226543783565,19.0,0.0,0.00014373637168318965,0.1038424699800089,0.0008154050768401552,2.4543258721629777,0.007306449900473429,0.07037353515625,0.9881359469145536,0.0132949444038483,0.0601043701171875,0.7020370811223984,1.4714908599853516
100026.7296264302,2121,139062272,139001856,2099.1938510502687,1092.2634672131478,2114,100,9.559999942779541,5.219808481405543,16.0,0.0,8.800000095367432,5.2019226543783565,19.0,0.0,0.0006120046443053676,0.1177228291441376,0.0008339476195639388,2.448217625419299,0.0064924986351494835,0.06078084309895833,0.9821144876380761,0.013794560266736273,0.0652313232421875,0.734327495098114,1.4716877937316895
100108.10381919332,2123,139132928,139132928,868.2851110508639,1610.7318002102982,2117,100,9.880000019073487,5.165810619000561,19.0,0.0,9.160000038146972,4.918780335710606,16.0,0.0,0.0001307023582436765,0.15050270105712116,0.0008251542367361253,2.44299408296744,0.01017541727378557,0.09576924641927084,0.9758685727914175,0.013762120991790047,0.0722808837890625,0.7760848701000214,1.4720852375030518
100168.10393987782,2124,139251200,139198464,1971.1960351197201,1092.2644696767281,2117,100,9.880000019073487,5.165810619000561,19.0,0.0,9.160000038146972,4.918780335710606,16.0,0.0,-0.0008255697030108422,0.11432284768670799,0.0008479129883198766,2.4515462145209312,0.006340871053907904,0.06217447916666666,0.9816649220883846,0.01369993289699778,0.066650390625,0.7388375699520111,1.4723488092422485
100249.74494540133,2126,139329536,139329536,959.5178243786894,1605.4677322937548,2121,100,10.22999997138977,5.057380798296894,22.0,0.0,9.829999923706055,4.512327525664884,19.0,0.0,0.00211127524865636,0.13934347270211828,0.0009230590136818743,2.4527441635727882,0.006977934676494138,0.0646820068359375,0.9686047714203596,0.014261498232372105,0.0676727294921875,0.7507930994033813,1.4727728366851807
100309.74500460178,2127,139446528,139395072,1949.8647427854712,1092.2655889564128,2124,100,9.850000095367431,5.288430730753833,19.0,0.0,9.140000104904175,4.984014372524665,19.0,0.0,-0.0013555349711775004,0.12539408751763403,0.0008737600370902024,2.460662255684535,0.008256418088421924,0.08021036783854167,0.9837162718176842,0.012301477186459428,0.0642547607421875,0.7299343049526215,1.4729547500610352
100393.72748840041,2129,139526144,139526144,948.0072081565561,1560.7064005664204,2124,100,9.850000095367431,5.288430730753833,19.0,0.0,9.140000104904175,4.984014372524665,19.0,0.0,0.002472573706957822,0.15723422398635498,0.0008984902924566995,2.472990222275257,0.007934897868835833,0.08075459798177084,0.9777467306703329,0.012544112415829053,0.06011962890625,0.7049354612827301,1.473334550857544
100453.72763148881,2130,139645952,139591680,1996.7952380293923,1092.2640618280436,2127,100,10.130000066757201,5.11791951554567,22.0,0.0,8.109999990463256,5.184389966470435,19.0,0.0,0.0005111951468279585,0.10160517777937154,0.0009105295169623181,2.4734435280164084,0.006068784128729021,0.06805928548177084,0.9801084895928701,0.013501502166036516,0.05670166015625,0.6844293177127838,1.4734985828399658
100535.84673084877,2132,139722752,139722752,935.2270129431922,1596.1207687563813,2127,100,10.130000066757201,5.11791951554567,22.0,0.0,8.109999990463256,5.184389966470435,19.0,0.0,0.0005766494371831261,0.08790492235372464,0.0008499924145629241,2.458966756860415,0.005878395149314504,0.059056599934895836,0.9798154849559069,0.014077344443649054,0.064605712890625,0.7318472117185593,1.4739692211151123
100595.84683739394,2133,139841280,139788288,1975.463158732524,1092.2647270745706,2129,100,10.280000019073487,5.138248759438474,19.0,0.0,8.870000076293945,5.577911796253062,19.0,0.0,-0.00038065175128091744,0.08951266094421347,0.0008423807800378805,2.473960354924202,0.006660850695576907,0.05889383951822917,0.9871222339570522,0.012863122799899427,0.0589752197265625,0.6970170587301254,1.4741895198822021
100677.34947388992,2135,139919360,139919360,958.0058186688653,1608.1933742900296,2129,100,10.280000019073487,5.138248759438474,19.0,0.0,8.870000076293945,5.577911796253062,19.0,0.0,0.0006451334023343709,0.12218484604575983,0.0008262912936819096,2.4384257594744363,0.00856419083053576,0.07869974772135416,0.9802484177052975,0.014561272342689335,0.0699005126953125,0.7630341202020645,1.4746230840682983
100737.34966258146,2136,140042240,139984896,2047.99355934897,1092.263231652784,2132,100,10.209999799728394,5.217844337849707,19.0,0.0,8.52000002861023,5.423061913960132,19.0,0.0,0.0015172417794625894,0.11392969618706653,0.0008986683084610073,2.4424816543857255,0.006984409592405427,0.073394775390625,0.9803880515197912,0.014364657399710268,0.067291259765625,0.7456126660108566,1.4748555421829224
100817.98493510112,2138,140115968,140115968,914.3393169784522,1625.492119072804,2132,100,10.209999799728394,5.217844337849707,19.0,0.0,8.52000002861023,5.423061913960132,19.0,0.0,0.0005968978633366835,0.11665094783529639,0.0008071539565814115,2.4372027590870857,0.005801264670177868,0.054529825846354164,0.9821660108864306,0.013391554491439214,0.0747528076171875,0.7917838990688324,1.4753462076187134
100877.98513067327,2139,140233984,140181504,1966.9269220644596,1092.2631063958822,2132,100,10.209999799728394,5.217844337849707,19.0,0.0,8.52000002861023,5.423061913960132,19.0,0.0,-0.0012458984759481002,0.13493224935761342,0.0008306148568711554,2.4362939720352492,0.008397911458814633,0.08977254231770833,0.9760574524601301,0.01446884887991473,0.0700225830078125,0.7628311812877655,1.4755507707595825
100960.34782268107,2141,140312576,140312576,954.2184462907294,1591.40014495392,2136,100,9.609999847412109,5.3831123396711735,19.0,0.0,8.65,5.4669460631217275,19.0,0.0,-0.0005685280848410912,0.08905858158444366,0.0008397040231405603,2.448071353137493,0.008913766186500046,0.0938568115234375,0.9844623946895202,0.01338678124981622,0.0652313232421875,0.731717124581337,1.476075530052185
101020.34787663445,2142,140430080,140378112,1958.3982389632802,1092.265684476252,2136,100,9.609999847412109,5.3831123396711735,19.0,0.0,8.65,5.4669460631217275,19.0,0.0,-0.0010929079071502201,0.13517778475458425,0.0008140227970822403,2.4494298224647837,0.006031443518926001,0.05628967285156251,0.976838119328022,0.012859790411312133,0.064971923828125,0.7296135574579239,1.4763704538345337
101102.89455861226,2144,140509184,140509184,958.2941204258943,1587.8530409645887,2139,100,10.510000038146973,4.966880287555576,19.0,0.0,9.49000005722046,5.050732652309893,19.0,0.0,-0.0007409699440662128,0.1280146403393398,0.0008966882699799802,2.4305969402194023,0.0086102009233097,0.08569335937500001,0.9766534566879272,0.013905578632450974,0.0689849853515625,0.7508026957511902,1.476933240890503
101162.8948440142,2145,140629760,140574720,2009.5904409831473,1092.261471107613,2142,100,9.750000047683717,5.499772663506105,19.0,0.0,9.259999847412109,5.098274106620086,19.0,0.0,-0.0009420356970319216,0.1187259415940692,0.0008868354604298171,2.437230539818605,0.007323429682098018,0.07744344075520834,0.9780013381193081,0.013533429194164151,0.0676422119140625,0.7453259825706482,1.4771733283996582
101244.66882053763,2147,140705792,140705792,929.782349256502,1602.8571138697946,2142,100,9.750000047683717,5.499772663506105,19.0,0.0,9.259999847412109,5.098274106620086,19.0,0.0,0.0006224459599858771,0.13320659783979258,0.0008661668525746791,2.4551751042405767,0.007433886282039263,0.07490030924479167,0.9764288545896609,0.01323769458880027,0.0648040771484375,0.7305653542280197,1.4776016473770142
101304.66916592792,2148,140825600,140771328,1996.7885054773164,1092.2603790645148,2145,100,9.560000038146972,5.383901978153614,19.0,0.0,9.390000057220458,5.061412898763575,19.0,0.0,0.0010916358757337243,0.13029960969773433,0.0008508924626463947,2.4565721452236176,0.007927197981795569,0.0737762451171875,0.9773547357569138,0.01319581478795347,0.062103271484375,0.7146961688995361,1.4778050184249878
101386.56969229318,2150,140902400,140902400,937.7229110528839,1600.3804348635886,2145,100,9.560000038146972,5.383901978153614,19.0,0.0,9.390000057220458,5.061412898763575,19.0,0.0,-0.0015811642927777334,0.11770339814635615,0.0008163126385625219,2.457312243680159,0.005834596775457612,0.060002644856770836,0.9768690609683592,0.013703052517181883,0.066070556640625,0.7356236726045609,1.4782421588897705
101446.56979326159,2151,141025792,140967936,2056.5298725909615,1092.2648285960292,2148,100,9.65999984741211,5.420738038187024,19.0,0.0,8.950000047683716,5.3448572975585344,19.0,0.0,0.0008673529470494638,0.12133953146015605,0.0008415202294903187,2.4482496132453284,0.009431518213508145,0.0897216796875,0.9733230993151665,0.014021650888025759,0.0693206787109375,0.760134756565094,1.4784972667694092
101528.04126764648,2153,141099008,141099008,898.6703696328319,1608.8084938881466,2148,100,9.65999984741211,5.420738038187024,19.0,0.0,8.950000047683716,5.3448572975585344,19.0,0.0,0.0002313774724219304,0.16015978778402012,0.0008127741645391021,2.437828560670217,0.007280508701417905,0.06698099772135417,0.9731830408175787,0.013233828610585382,0.0714263916015625,0.7768442034721375,1.4789223670959473
101588.04135393724,2154,141218304,141164544,1988.2638071866893,1092.2650957935462,2151,100,10.380000114440918,4.770283042468137,19.0,0.0,8.96000008583069,5.37944230453024,19.0,0.0,1.5375136475389205e-05,0.13524388968168446,0.0008720555658025356,2.4577281400561333,0.007471432839035211,0.07468668619791666,0.9770468926678102,0.01348244582186453,0.060882568359375,0.706143781542778,1.479134202003479
101668.93561288528,2156,141295616,141295616,955.7167715654109,1620.2880365612264,2151,100,10.380000114440918,4.770283042468137,19.0,0.0,8.96000008583069,5.37944230453024,19.0,0.0,-0.0007160418050868126,0.10156751777200648,0.0008288979849263948,2.463130883872509,0.0069798458146882085,0.07251993815104167,0.9836675208061932,0.013405119631594669,0.06005859375,0.7047417610883713,1.479594349861145
101728.93564998545,2157,141420032,141361152,2073.598717819053,1092.2659912791719,2153,100,10.860000038146973,4.584800974730056,19.0,0.0,9.259999990463257,5.208877058637362,19.0,0.0,-4.4956372827679666e-05,0.10477010583660254,0.000863991783868793,2.427871083219846,0.008672788506373763,0.08211771647135416,0.9758187122642994,0.014700747279372688,0.067413330078125,0.747447744011879,1.4798380136489868
101809.94144386612,2159,141492224,141492224,891.1955125869791,1618.0571008671393,2153,100,10.860000038146973,4.584800974730056,19.0,0.0,9.259999990463257,5.208877058637362,19.0,0.0,0.0012482209628312073,0.12925697509975484,0.0008369327545854807,2.4466502740979195,0.007198495895257414,0.07478841145833333,0.9788708041111628,0.01367646738071926,0.060272216796875,0.7011126726865768,1.4803369045257568
101869.94162984565,2160,141618176,141557760,2099.1934932163385,1092.2632810231355,2156,100,9.609999895095825,5.5801342807205465,19.0,0.0,9.420000076293945,5.242480272354603,19.0,0.0,-3.930399543605745e-05,0.10898396252499272,0.0008375943671126151,2.4285971398154897,0.0062211302695989925,0.06827799479166667,0.9777400282522043,0.014641463067770625,0.0651702880859375,0.731214165687561,1.4805907011032104
101951.55375281163,2162,141688832,141688832,865.7537315804894,1606.0359078594586,2156,100,9.609999895095825,5.5801342807205465,19.0,0.0,9.420000076293945,5.242480272354603,19.0,0.0,-0.0007895735689089634,0.14097800885792822,0.0008218709602563952,2.431579150259495,0.00835674766858574,0.08531697591145834,0.9730606706192096,0.014125389512628317,0.0712127685546875,0.7688790261745453,1.4810872077941895
102011.55428952724,2163,141810944,141754368,2035.1817947692978,1092.2568961445288,2159,100,10.129999923706055,5.135474656097018,19.0,0.0,9.550000095367432,4.731543052263921,16.0,0.0,-0.000789449076061525,0.13455061637796462,0.0008301965935970657,2.442319047947725,0.006806794666166145,0.0662384033203125,0.9769017100334167,0.014049063970257219,0.066070556640625,0.739571139216423,1.4813271760940552
102093.90960578248,2165,141885440,141885440,904.5681977483583,1591.542670952438,2159,100,10.129999923706055,5.135474656097018,19.0,0.0,9.550000095367432,4.731543052263921,16.0,0.0,-0.0002467140608738797,0.09512240959641834,0.0008318638914109517,2.4264184658726053,0.007139627317277094,0.0765228271484375,0.9844900301347176,0.014805042922186356,0.0680084228515625,0.7461760342121124,1.4819337129592896
102153.90972296521,2166,142013184,141950976,2129.0625085106576,1092.2645334243052,2162,100,10.109999942779542,4.8987650553214,19.0,0.0,8.800000143051147,4.977951331414099,16.0,0.0,0.0003275545022916049,0.14083901109794775,0.0008417841205906976,2.411948079864184,0.009907979925628752,0.09347025553385417,0.9663012983898323,0.014276406882951658,0.075042724609375,0.7894568145275116,1.482120156288147
102233.7152153235,2168,142082048,142082048,862.898003195557,1642.3932254131048,2162,100,10.109999942779542,4.8987650553214,19.0,0.0,8.800000143051147,4.977951331414099,16.0,0.0,-0.0005561748463757492,0.10782055956466746,0.0007913986458637131,2.4501540139317513,0.006845527259429218,0.067169189453125,0.9852122751375039,0.013072971836663783,0.0648193359375,0.731921523809433,1.482669711112976
102293.71570946835,2169,142205952,142147584,2065.0496594388583,1092.2576711081563,2165,100,10.710000038146973,4.434625073835832,19.0,0.0,9.259999990463257,4.961088609286972,16.0,0.0,-1.684371818555519e-05,0.12476810277439654,0.0008162165577232371,2.439802860220273,0.005443449681479251,0.059122721354166664,0.981441667303443,0.013567928350918615,0.0685577392578125,0.7523119896650314,1.4829277992248535
102374.66648989543,2171,142278656,142278656,898.1259923181138,1619.1567185453318,2165,100,10.710000038146973,4.434625073835832,19.0,0.0,9.259999990463257,4.961088609286972,16.0,0.0,-0.0011568821707138948,0.14097955578472465,0.0008174367097429543,2.433335175116857,0.009136063425709532,0.08390808105468749,0.9763972274959086,0.013956720775847014,0.070037841796875,0.7608494758605957,1.483344316482544
102434.66872867942,2172,142404096,142344192,2090.5886603931185,1092.2259123686497,2168,100,9.750000095367431,5.305421744634505,19.0,0.0,8.45,5.194949541423634,19.0,0.0,-8.809314992201203e-05,0.14448150033907345,0.0008493204707823073,2.443891520301501,0.006868360313092126,0.06867472330729167,0.9747896852592627,0.013967879523988813,0.0569305419921875,0.679417610168457,1.4835516214370728
102515.18497694843,2174,142475264,142475264,883.896126931127,1627.895025139342,2168,100,9.750000095367431,5.305421744634505,19.0,0.0,8.45,5.194949541423634,19.0,0.0,0.00014408036076929423,0.13168767862953246,0.0008245687101104219,2.4277667701244354,0.008613013835808184,0.08237711588541667,0.9714679562797149,0.013936271318622554,0.0753936767578125,0.7892153412103653,1.483996868133545
102575.18566878326,2175,142600704,142540800,2090.642560344077,1092.254072343028,2171,100,10.069999980926514,5.274950225937266,19.0,0.0,8.87000002861023,5.158788685904259,16.0,0.0,-0.00039528576477702393,0.145869226854605,0.0008183572323711512,2.43429013590018,0.00819837296330661,0.07274881998697916,0.97574216624101,0.012689174725286042,0.072357177734375,0.7754597812891006,1.4842172861099243
102655.55562610924,2177,142671872,142671872,885.5050116717497,1630.8581509925748,2174,100,10.289999866485596,5.1890172614078836,19.0,0.0,9.540000104904175,4.893710193388741,19.0,0.0,0.000628159712505294,0.1133832778238381,0.0008319675343955169,2.4474906300505004,0.008147273398814528,0.070404052734375,0.9787768510480722,0.013749546672139937,0.063446044921875,0.7223602533340454,1.484633207321167
102715.55612070858,2178,142786304,142737408,1907.184278465169,1092.2576628346383,2174,100,10.289999866485596,5.1890172614078836,19.0,0.0,9.540000104904175,4.893710193388741,19.0,0.0,0.00014241105236578727,0.12873369063405943,0.0007912788326696802,2.4522102773189545,0.008199773133431638,0.0727691650390625,0.9783981442451477,0.013840800025112305,0.0655670166015625,0.7385391145944595,1.4848301410675049
102798.65311376564,2180,142868480,142868480,988.9166500113322,1577.337460454212,2176,100,9.619999980926513,5.343744035792831,19.0,0.0,9.579999971389771,4.635040423266053,19.0,0.0,-0.0007990759938062789,0.08677161463613932,0.0007858735073871989,2.4390324205160137,0.007103717736754334,0.07569376627604166,0.9886009184022745,0.013813862062913055,0.065277099609375,0.73298379778862,1.4852986335754395
102858.65322799794,2181,142991616,142934016,2052.262759421688,1092.2645871350355,2176,100,9.619999980926513,5.343744035792831,19.0,0.0,9.579999971389771,4.635040423266053,19.0,0.0,0.0012424203135500043,0.13462759895871085,0.0008241258098375207,2.440687643984954,0.008332899235635221,0.07867431640624999,0.9729738241682451,0.014868286127845446,0.06561279296875,0.7337997704744339,1.4855000972747803
102940.66472578235,2183,143065088,143065088,895.8743832864166,1598.2149276747223,2179,100,10.140000009536744,5.451641946992613,22.0,0.0,9.440000104904176,4.905751707509779,19.0,0.0,0.0009623143972324518,0.10448558100809655,0.000791907496022759,2.443584375083446,0.007965237934816589,0.08146158854166666,0.9764440692961216,0.013345170329557732,0.068389892578125,0.7515622675418854,1.486021876335144
103000.66770580411,2184,143180032,143130624,1915.6381892751988,1092.2124197203807,2181,100,10.590000009536743,5.081525372487299,22.0,0.0,9.399999952316284,4.799999970292578,16.0,0.0,-0.0009252457045173893,0.07955716426173846,0.0008028728419352168,2.445894549290339,0.006572721257422623,0.06521097819010417,0.9805448434005182,0.013794544162616756,0.0670166015625,0.7423975914716721,1.4862323999404907
103083.36850591749,2186,143261696,143261696,987.4632396305896,1584.8939770873412,2181,100,10.590000009536743,5.081525372487299,22.0,0.0,9.399999952316284,4.799999970292578,16.0,0.0,-0.0015922759642611104,0.10843611632784207,0.0008055905843017778,2.4445916786789894,0.007495582249248401,0.0739288330078125,0.9761022509386142,0.013862074517722553,0.0633087158203125,0.7152202725410461,1.4867608547210693
103143.36878082156,2187,143380224,143327232,1975.4576156442806,1092.2616622136843,2184,100,9.350000095367431,5.309190037659838,19.0,0.0,9.829999923706055,4.770859485799044,19.0,0.0,-0.0003395041967451107,0.0930333478221049,0.0007654360827776449,2.458714241782824,0.006923313149551784,0.07080586751302084,0.9840828155477842,0.013182272377889603,0.066497802734375,0.7391828298568726,1.4870274066925049
103225.65990743786,2189,143458304,143458304,948.8264799686791,1592.7841237507007,2184,100,9.350000095367431,5.309190037659838,19.0,0.0,9.829999923706055,4.770859485799044,19.0,0.0,-0.0006676535267615691,0.1247042838561659,0.000770538576640926,2.453954843183358,0.007371497372029504,0.0672454833984375,0.9791114789744219,0.013583568312848607,0.065155029296875,0.7312411665916443,1.4876224994659424
103285.66000214219,2190,143577856,143523840,1992.5301883127263,1092.2649426296744,2184,100,9.350000095367431,5.309190037659838,19.0,0.0,9.829999923706055,4.770859485799044,19.0,0.0,1.723327053089932e-05,0.10663911273392537,0.0007692992342830014,2.451716477672259,0.005028534750332862,0.054967244466145836,0.9766888339072466,0.013892462651710957,0.068359375,0.7499524354934692,1.4878740310668945
103368.18455241434,2192,143654912,143654912,933.7342614516833,1588.2788766221324,2187,100,9.970000076293946,5.496280426672901,22.0,0.0,9.50999994277954,5.008981940586133,19.0,0.0,-0.0002488402266559812,0.11225018821035822,0.0007405404206413853,2.449161800245444,0.007546590416192582,0.07607014973958334,0.9802831877022982,0.014339470081419375,0.0648651123046875,0.7322551757097244,1.488289475440979
103428.18457078189,2193,143772416,143720448,1958.3994004835533,1092.266332295838,2190,100,10.160000133514405,5.184052510066954,19.0,0.0,9.379999923706055,4.929056764840842,19.0,0.0,-0.001016406917187851,0.16119187441654503,0.000762065337767126,2.455707274377346,0.008528449936420657,0.09353129069010417,0.9711697691430647,0.013602588151115924,0.0654449462890625,0.7326236218214035,1.4885437488555908
103511.47540835291,2195,143851520,143851520,949.7323151846728,1573.666489885283,2190,100,10.160000133514405,5.184052510066954,19.0,0.0,9.379999923706055,4.929056764840842,19.0,0.0,-0.0012472636129435462,0.08504492232653622,0.0007576579664601013,2.454000522692998,0.0063339548911850825,0.06238301595052084,0.987597145140171,0.013408234643672284,0.063232421875,0.7225363254547119,1.4889581203460693
103571.47562639788,2196,143972608,143917056,2018.1259992964028,1092.2626972936134,2193,100,10.710000133514404,4.95841708839166,22.0,0.0,9.680000019073486,4.9937560080837615,19.0,0.0,-0.0003412762040776822,0.08245420219221462,0.0007629178683904078,2.451099380850792,0.008034114677987722,0.07623291015625,0.9857688310245672,0.01402763636239494,0.0696868896484375,0.7627035081386566,1.4891986846923828
103653.10898943059,2198,144048128,144048128,925.1119541618825,1605.6180356979114,2193,100,10.710000133514404,4.95841708839166,22.0,0.0,9.680000019073486,4.9937560080837615,19.0,0.0,-0.0021904664172325283,0.07629545300733298,0.0007600958506372989,2.429032579064369,0.006944492953455968,0.07583109537760417,0.983568395798405,0.014083170652156696,0.0736083984375,0.7847751528024673,1.4896607398986816
103713.10904393718,2199,144173056,144113664,2082.1314418354264,1092.2656744054696,2193,100,10.710000133514404,4.95841708839166,22.0,0.0,9.680000019073486,4.9937560080837615,19.0,0.0,0.0003344405486132019,0.09293283751079191,0.0007657347141503124,2.447725663582484,0.007673498118189552,0.07906087239583334,0.9870482006420692,0.013611738453619182,0.0667266845703125,0.7438671737909317,1.4899245500564575
103794.58021764085,2201,144244736,144244736,879.8203921882448,1608.8144314299334,2196,100,9.810000038146972,5.705602376666609,22.0,0.0,8.510000038146973,5.393505345018151,19.0,0.0,0.00037852231131788966,0.1098245243774727,0.0007829339532084608,2.4193228781223297,0.008709461288769186,0.08130391438802083,0.9828050173819066,0.015292020854152119,0.0731353759765625,0.7770601212978363,1.4904730319976807
103854.58050152287,2202,144370944,144310272,2103.456714440915,1092.2614987766212,2196,100,9.810000038146972,5.705602376666609,22.0,0.0,8.510000038146973,5.393505345018151,19.0,0.0,0.0017786162413055233,0.12216330494266002,0.0008063258998542248,2.425648259619872,0.007886518471423187,0.08045959472656249,0.98206126006941,0.014029841200681403,0.0663604736328125,0.738489180803299,1.490659475326538
103934.8348480612,2204,144441344,144441344,877.2110550594545,1633.2074916016027,2199,100,10.65,5.219913721619046,22.0,0.0,9.65,4.976695597187945,19.0,0.0,-0.0014104364478650193,0.10280599049292505,0.0008141073364337595,2.423606003324191,0.0076114481162221645,0.07958984375,0.9839736272891363,0.014563984790584072,0.0648956298828125,0.7293074727058411,1.4911197423934937
103994.83540835418,2205,144566528,144506880,2086.380516927584,1092.256466939594,2202,100,10.65999994277954,5.263496752480381,22.0,0.0,9.220000076293946,5.382527366455608,19.0,0.0,-1.3436707376968007e-05,0.1185354058397934,0.0008119362670792422,2.422314251462619,0.009165932195780139,0.08336385091145834,0.977998374029994,0.015218874235870318,0.068511962890625,0.7522363513708115,1.4913626909255981
104075.06392399408,2207,144637952,144637952,890.2570293158673,1633.733329783957,2202,100,10.65999994277954,5.263496752480381,22.0,0.0,9.220000076293946,5.382527366455608,19.0,0.0,0.0003195349878903168,0.0955515621850888,0.0007867873434103483,2.4381174792846045,0.008642156425291128,0.08689880371093749,0.9868065274010103,0.01403656930779107,0.070556640625,0.7653596103191376,1.4919006824493408
104135.06432572007,2208,144761088,144703488,2052.252925944272,1092.259353517118,2202,100,10.65999994277954,5.263496752480381,22.0,0.0,9.220000076293946,5.382527366455608,19.0,0.0,-0.0010655203526160524,0.12817206955514848,0.0008540676232466164,2.419134092827638,0.007698294275542139,0.074554443359375,0.9770569733033578,0.014259099475263307,0.0702362060546875,0.7601739466190338,1.4921503067016602
104215.84087548219,2210,144834560,144834560,909.5709115624941,1622.6491523344844,2205,100,10.110000085830688,5.241936785198736,19.0,0.0,8.980000019073486,5.153600747925177,19.0,0.0,0.0033673052287970986,0.14998119386533898,0.0008350498355866875,2.427957480152448,0.009232208489265759,0.08312479654947917,0.9744534703592459,0.014504709960116694,0.07244873046875,0.7696060091257095,1.492696762084961
104275.84122453816,2211,144959232,144900096,2077.8545785407127,1092.2603123335164,2205,100,10.110000085830688,5.241936785198736,19.0,0.0,8.980000019073486,5.153600747925177,19.0,0.0,-0.0006940680893118649,0.09995805526462694,0.0008529728220310062,2.4426729877789817,0.006934703673323384,0.06868998209635416,0.98313750885427,0.013463203775851678,0.067169189453125,0.745073989033699,1.4929343461990356
104357.4462226145,2213,145031168,145031168,881.5146338550236,1606.176130013424,2208,100,10.44000015258789,5.1929181996383775,19.0,0.0,8.520000076293945,5.373043845810463,16.0,0.0,-0.00047273577365558594,0.09559525500905389,0.000828773381120603,2.4400054390231767,0.008642267053195004,0.0855712890625,0.9788550442705551,0.01419178046247301,0.0699005126953125,0.7608503252267838,1.4933674335479736
104417.44664840214,2214,145156864,145096704,2094.918466826743,1092.2589154941877,2208,100,10.44000015258789,5.1929181996383775,19.0,0.0,8.520000076293945,5.373043845810463,16.0,0.0,0.0002570577950488465,0.08746822834170112,0.0008395584100071574,2.435032457113266,0.00981874540472442,0.08704630533854166,0.9848657374580702,0.013471628112408023,0.0711822509765625,0.7666503340005875,1.4936370849609375
104498.41803257912,2216,145227776,145227776,875.7661823466303,1618.7447124962987,2212,100,10.469999980926513,5.273433434187651,19.0,0.0,9.089999961853028,5.396470993990905,19.0,0.0,-0.001079953008835825,0.12183520807108532,0.0008140774419492421,2.4464548354347544,0.006478863455413375,0.06756083170572916,0.981263625745972,0.01335914393227237,0.0628662109375,0.7198359370231628,1.494136929512024
104558.4180900529,2217,145344768,145293312,1949.8647988983666,1092.2656203894571,2212,100,10.469999980926513,5.273433434187651,19.0,0.0,9.089999961853028,5.396470993990905,19.0,0.0,-0.0005645587564989303,0.10865551485524824,0.0008182983413765517,2.447380664447943,0.008247156328555624,0.07299296061197917,0.977517182007432,0.014192548143910246,0.0714111328125,0.7707822769880295,1.4943954944610596
104640.59849626012,2219,145424384,145424384,968.7954060393351,1594.9300575309953,2214,100,9.240000152587891,5.639361694452879,22.0,0.0,8.769999933242797,5.306326344407708,19.0,0.0,-0.0002571734754989544,0.1515986278730755,0.0008510597593461474,2.4355150212844214,0.008496357230493839,0.08373514811197917,0.9608510651936133,0.014482529271238795,0.0742645263671875,0.7840805649757385,1.4949045181274414
104700.59870631807,2220,145546496,145489920,2035.1928748594823,1092.2628426918816,2214,100,9.240000152587891,5.639361694452879,22.0,0.0,8.769999933242797,5.306326344407708,19.0,0.0,-2.936288365162909e-05,0.13919105539874485,0.0008539445043425076,2.4282698159416514,0.00865684111461936,0.078369140625,0.97136415168643,0.014448664529481903,0.073822021484375,0.7803819179534912,1.4951828718185425
104782.73248913325,2222,145620992,145620992,907.0080233321995,1595.8354224951415,2218,100,9.839999914169312,5.323006627506015,22.0,0.0,10.12999997138977,4.938937100087772,19.0,0.0,0.0003205776689962173,0.17354382031286755,0.0008653437289467547,2.456747559209665,0.007600761543168725,0.07537841796875,0.9592938876400391,0.013881869381293654,0.062469482421875,0.7173457741737366,1.4957122802734375
104842.73644867726,2223,145742848,145686528,2030.7993160124495,1092.1945901243425,2218,100,9.839999914169312,5.323006627506015,22.0,0.0,10.12999997138977,4.938937100087772,19.0,0.0,-0.0013034182253856368,0.12866536601601788,0.0008400906262977514,2.4511422564586005,0.007609557739366816,0.0703582763671875,0.97082380267481,0.014580053558650738,0.0662078857421875,0.7394287139177322,1.4959181547164917
104925.21047410555,2225,145817600,145817600,906.3702130677634,1589.251880447585,2221,100,9.59000005722046,5.310546173064886,22.0,0.0,9.840000009536743,4.751252352245404,19.0,0.0,-0.0011030880583954663,0.10440569134273878,0.0008100104441837174,2.439700039724509,0.006547646917776243,0.0628662109375,0.9811086400101583,0.014081645524129272,0.069061279296875,0.7543116956949234,1.4964169263839722
104985.21058784425,2226,145944576,145883136,2116.2626549839197,1092.2645961207327,2221,100,9.59000005722046,5.310546173064886,22.0,0.0,9.840000009536743,4.751252352245404,19.0,0.0,-0.0004329418879933654,0.13745983053619662,0.0008468317937513348,2.420517082015673,0.007828029315229893,0.07323201497395834,0.9738349926968415,0.014771048988526067,0.0706024169921875,0.7627434283494949,1.4966658353805542
105066.3184279222,2228,146014208,146014208,858.5113342073678,1616.0213349785745,2224,100,10.269999980926514,5.2323130432948375,22.0,0.0,9.230000066757203,4.762047860707022,16.0,0.0,-5.348630899485823e-05,0.09578303701709955,0.0008467339321214239,2.421718815962474,0.007581773212223198,0.07339986165364584,0.9812299609184265,0.014300440341078987,0.0726165771484375,0.7754106819629669,1.4971742630004883
105126.31982276216,2229,146140160,146079744,2099.1512003338207,1092.2412749704433,2224,100,10.269999980926514,5.2323130432948375,22.0,0.0,9.230000066757203,4.762047860707022,16.0,0.0,-9.251478938191815e-05,0.1401253855243946,0.0008526424420172892,2.4274560436606407,0.008814298371968713,0.08860270182291667,0.9747287624826034,0.014456698476957778,0.0745391845703125,0.7870598137378693,1.497412085533142
105207.60089363344,2231,146210816,146210816,869.2798857423383,1612.5771793481058,2227,100,9.280000019073487,5.306750432497892,19.0,0.0,9.420000028610229,4.954149781950562,19.0,0.0,0.001442483330417114,0.12634192399370173,0.0008640499891043874,2.4358922516306243,0.006923282160035645,0.06941731770833333,0.9750483222305775,0.014044619960865626,0.063690185546875,0.7239275723695755,1.49784517288208
105267.60277170502,2232,146336768,146276352,2099.1342945924393,1092.232478487123,2227,100,9.280000019073487,5.306750432497892,19.0,0.0,9.420000028610229,4.954149781950562,19.0,0.0,0.0013767211494268852,0.13228334331264097,0.0008544071121529365,2.4246630842487016,0.00793822583303457,0.077606201171875,0.975668594862024,0.014453497007101152,0.0743408203125,0.7878101617097855,1.4980888366699219
105348.61419395171,2234,146407424,146407424,872.1733064362157,1617.9446844034146,2229,100,9.74000005722046,5.056916044842608,19.0,0.0,9.589999961853028,4.837550934785085,19.0,0.0,0.0001406505865209814,0.15099927969276905,0.0008441800612975688,2.425219091276328,0.010542586853262037,0.0858154296875,0.9644137813399235,0.014105846338983003,0.0731353759765625,0.7785565704107285,1.4986478090286255
105408.6142379269,2235,146530048,146472960,2043.73183544176,1092.2658661233622,2232,100,9.680000019073486,5.083069974320123,16.0,0.0,9.820000076293946,4.852586965955044,19.0,0.0,0.0006475450912451682,0.11892897503760953,0.0008928065987371762,2.4249128103256226,0.008104408945049121,0.07801310221354167,0.9701761348793905,0.014612258460450297,0.0707855224609375,0.7626093775033951,1.4989147186279297
105490.20129959844,2237,146604032,146604032,906.8104486695554,1606.5292377813576,2232,100,9.680000019073486,5.083069974320123,16.0,0.0,9.820000076293946,4.852586965955044,19.0,0.0,0.000828112410090398,0.17740458901971579,0.0008651400882323894,2.4375272889932,0.006775698637890551,0.05648803710937501,0.9706951323896648,0.014493993890937418,0.0661773681640625,0.7372004985809326,1.4993371963500977
105550.20156229846,2238,146727680,146669568,2060.7909771694412,1092.2618843796624,2234,100,9.360000133514404,5.7280361686869625,22.0,0.0,9.140000009536744,5.0438477208482,19.0,0.0,0.0007642128184670582,0.13117211572049806,0.0008737470009994771,2.4290215050180755,0.009807756522908068,0.09270222981770833,0.9742094570149978,0.014669169400197765,0.0707550048828125,0.760849341750145,1.4996306896209717
105632.26341087185,2240,146800640,146800640,889.0855040238702,1597.2343089832334,2234,100,9.360000133514404,5.7280361686869625,22.0,0.0,9.140000009536744,5.0438477208482,19.0,0.0,-0.00017797718343596597,0.1252604107139632,0.0008270800438670751,2.429931136469046,0.007133020597393625,0.07308451334635416,0.9758143226305643,0.014106609470521411,0.0768890380859375,0.7980934679508209,1.5001603364944458
105692.26380561851,2241,146928384,146866176,2129.0526593928535,1092.2594805702815,2238,100,10.230000066757203,5.10461554450531,19.0,0.0,9.310000133514404,4.884045429726117,16.0,0.0,0.0012202732056418124,0.12491235327130805,0.0008706054413778475,2.4375042021274567,0.008501975353889673,0.0894775390625,0.9720210563391447,0.013761306006927043,0.075897216796875,0.7909654825925827,1.5004795789718628
105772.85358540528,2243,146997248,146997248,854.5004116180601,1626.4097053845603,2238,100,10.230000066757203,5.10461554450531,19.0,0.0,9.310000133514404,4.884045429726117,16.0,0.0,-0.0008408935997673931,0.1247173264855519,0.0008150353193438301,2.444663132230441,0.008391628850707395,0.0775299072265625,0.9783412733425696,0.013628978971003864,0.0706939697265625,0.7658981531858444,1.5009534358978271
105832.8559279386,2244,147123456,147062784,2103.384545860269,1092.2240238138518,2240,100,10.490000009536743,4.97693681520918,19.0,0.0,9.57000012397766,5.179295241034018,19.0,0.0,0.0005964502561255358,0.1162160294285665,0.0008343883588774286,2.4612408752242727,0.0063932477120639914,0.06363423665364584,0.9815179525564114,0.013725896006993329,0.064727783203125,0.725986436009407,1.5012197494506836
105912.62611055747,2246,147193856,147193856,882.53527431872,1643.1202198224896,2243,100,10.560000085830689,4.840082717984673,19.0,0.0,9.150000143051148,4.924175095413748,19.0,0.0,0.000257905468364091,0.1277061648434028,0.0008723381603582917,2.451352792481581,0.008212231303938703,0.08616129557291667,0.9781358279287815,0.013575118132090816,0.065582275390625,0.7413254976272583,1.5016165971755981
105972.62647013739,2247,147316736,147259392,2047.98772641226,1092.2601207532055,2243,100,10.560000085830689,4.840082717984673,19.0,0.0,9.150000143051148,4.924175095413748,19.0,0.0,-0.0009708716485571737,0.13399396887204298,0.0008569565525249344,2.464439752201239,0.007856479711335851,0.0751800537109375,0.9767328649759293,0.013142071625528237,0.06182861328125,0.7164150178432465,1.5018407106399536
106053.8259849865,2249,147390464,147390464,907.9857205674771,1614.1968365644036,2245,100,11.130000019073487,4.469127478447595,19.0,0.0,9.289999961853027,5.099597944788492,19.0,0.0,-0.0012047157106280793,0.1120993661849449,0.0008460961441111674,2.459378197789192,0.00653176725609228,0.06472269694010417,0.9795526762803396,0.013321536098374052,0.0615234375,0.7079300433397293,1.5023517608642578
106113.82611439005,2250,147506688,147456000,1937.0624889540704,1092.264310952075,2245,100,11.130000019073487,4.469127478447595,19.0,0.0,9.289999961853027,5.099597944788492,19.0,0.0,-0.001124136004364118,0.09769719652831554,0.0008223059655089552,2.442148725191752,0.00780392645598719,0.0778961181640625,0.9805967366943756,0.01421809437063833,0.06695556640625,0.7395114898681641,1.5026085376739502
106196.42662937753,2252,147587072,147587072,973.1658454209457,1586.818193807402,2247,100,10.569999980926514,5.068046932166953,22.0,0.0,9.570000076293946,4.887238417388336,19.0,0.0,0.0003569665920319191,0.11260518055253972,0.0008078735178666345,2.447488474349181,0.006903151799633634,0.06829325358072916,0.9779895065973202,0.01424203654945207,0.06976318359375,0.7647949606180191,1.5030012130737305
106256.42667906173,2253,147707136,147652608,2001.0650096448737,1092.265762194217,2247,100,10.569999980926514,5.068046932166953,22.0,0.0,9.570000076293946,4.887238417388336,19.0,0.0,-0.0011272931272590843,0.11955969947545478,0.0007632755441591144,2.4412454813718796,0.00624792524164756,0.06282552083333334,0.9808386396616697,0.01358279149280861,0.0713043212890625,0.7687214612960815,1.5031979084014893
106337.95375428721,2255,147783680,147783680,938.8782780235256,1607.7112988228932,2251,100,11.0,4.847679869943565,22.0,0.0,9.310000085830689,5.153047743183093,19.0,0.0,0.0008805480125981072,0.16359002337170145,0.0007730237102805403,2.4390339478850365,0.0053785336009847615,0.054753621419270836,0.9667022377252579,0.014568979211617261,0.066925048828125,0.7383449077606201,1.5036269426345825
106397.95404089987,2256,147909120,147849216,2090.6566798554745,1092.26144906735,2251,100,11.0,4.847679869943565,22.0,0.0,9.310000085830689,5.153047743183093,19.0,0.0,-0.0012330244159481178,0.06276931724278256,0.0007066984617267735,2.456009142100811,0.006968779927774449,0.06736755371093751,0.9898307931919892,0.0126681490704262,0.0662078857421875,0.7394018918275833,1.503847599029541
106480.73055527359,2258,147980288,147980288,859.7607731909376,1583.4443017041729,2254,100,11.140000057220458,4.839462744361278,22.0,0.0,9.730000209808349,5.045503108502126,19.0,0.0,9.318983939010655e-05,0.09170490344210218,0.0007703853116254323,2.4422481382886567,0.006725662937848635,0.07062276204427083,0.9845518494645754,0.013468639721395448,0.0648193359375,0.728587806224823,1.5043073892593384
106540.73116924241,2259,148107264,148045824,2116.2450115258125,1092.2554898197743,2254,100,11.140000057220458,4.839462744361278,22.0,0.0,9.730000209808349,5.045503108502126,19.0,0.0,-0.00045267745493523154,0.09350901419141641,0.0008089358949897966,2.429673785964648,0.006848127306511742,0.0635528564453125,0.9831489336987337,0.014388412120752037,0.0664520263671875,0.7366952300071716,1.504535436630249
106621.33379596099,2261,148176896,148176896,863.8924416584584,1626.1504784159217,2257,100,10.390000057220458,5.21324276885882,19.0,0.0,9.700000047683716,4.670117698456876,19.0,0.0,-0.0013780356954763797,0.14724660191374522,0.000761951688521852,2.4359226574500403,0.008734976305277087,0.08824666341145834,0.9750157886495193,0.013999930262798443,0.069061279296875,0.7523711323738098,1.505043625831604
106681.33433954418,2262,148301568,148242432,2077.8478419475537,1092.2567711264346,2259,100,10.870000076293945,4.679006436469031,19.0,0.0,9.350000095367431,4.684815867295746,19.0,0.0,-0.00034201399103039886,0.1301593897320951,0.0007983805213977272,2.452200450003147,0.007188537392721628,0.0668792724609375,0.9795062020421028,0.013185473818642398,0.0675048828125,0.7454114854335785,1.5053048133850098
106763.20328603126,2264,148373504,148373504,878.6725991563713,1600.9977607404346,2259,100,10.870000076293945,4.679006436469031,19.0,0.0,9.350000095367431,4.684815867295746,19.0,0.0,-0.0007265983367688021,0.08806318110631157,0.0007647876185122489,2.4489938219388327,0.006037059319472367,0.059916178385416664,0.9875436872243881,0.012786234166317929,0.0631256103515625,0.7180934548377991,1.5057604312896729
106823.20328889601,2265,148497664,148439040,2069.3332345313543,1092.266614515519,2262,100,10.910000038146972,4.724605843886828,19.0,0.0,9.450000143051147,4.862869513275939,19.0,0.0,-0.0010927130582179718,0.11899152549449353,0.0008062311711303967,2.4481606806317964,0.00615598724046625,0.058827718098958336,0.9799135457724332,0.013596850156318396,0.0641632080078125,0.7234579026699066,1.506018042564392
106905.80460068583,2267,148570112,148570112,877.080501873141,1586.802886781089,2262,100,10.910000038146972,4.724605843886828,19.0,0.0,9.450000143051147,4.862869513275939,19.0,0.0,0.0007302478479687124,0.16261708138821027,0.0008046659265043369,2.4511802047491074,0.005704268059465297,0.049692789713541664,0.9697950488577287,0.013195856736274436,0.0679473876953125,0.7561841458082199,1.506329894065857
106965.8049258031,2268,148694784,148635648,2077.8554075557126,1092.2607481196355,2264,100,10.009999895095826,5.137109998179178,19.0,0.0,9.390000057220458,5.001789690483101,19.0,0.0,-0.0009238944233705599,0.11397194711025804,0.0007848707246012054,2.460842676460743,0.008257585191434677,0.07997131347656249,0.9826775714755059,0.012784574539788688,0.0645904541015625,0.73099085688591,1.5065685510635376
107046.81397226639,2270,148766720,148766720,887.9995894358947,1617.9921344881782,2267,100,10.169999885559083,4.99410642608223,19.0,0.0,9.369999980926513,5.03717186564011,19.0,0.0,-0.0003256712019113669,0.126103439523528,0.0007936166669727147,2.423661415775617,0.007981490506911845,0.08087666829427083,0.9777934464315573,0.014441941525243845,0.0699462890625,0.7589017301797867,1.506963849067688
107106.81436159462,2271,148888576,148832256,2030.920155090966,1092.2595792085867,2267,100,10.169999885559083,4.99410642608223,19.0,0.0,9.369999980926513,5.03717186564011,19.0,0.0,-0.003211828076018719,0.10342429702480635,0.0007728671425866196,2.440667971968651,0.007827510985710736,0.07444254557291666,0.9841344536592563,0.012638489415015405,0.06500244140625,0.7302074134349823,1.5071607828140259
107189.19062768109,2273,148963328,148963328,907.4458403046513,1591.1379117670597,2269,100,10.159999990463257,5.207148867479298,19.0,0.0,9.669999980926514,4.791774162566186,19.0,0.0,-0.0006552985687449109,0.12053842718402544,0.0007878765457765743,2.461493857204914,0.007288598705296559,0.07470194498697917,0.980821934218208,0.013558054255554453,0.06024169921875,0.7043637633323669,1.507564663887024
107249.19099405408,2274,149080832,149028864,1958.388041658704,1092.2599970906933,2269,100,10.159999990463257,5.207148867479298,19.0,0.0,9.669999980926514,4.791774162566186,19.0,0.0,-0.00020444621380496153,0.0899745002000903,0.0008767721907740149,2.448101495703061,0.006066276209821808,0.06836446126302083,0.9811042286455631,0.014092843785571555,0.06256103515625,0.717545360326767,1.5077720880508423
107332.49209278263,2276,149159936,149159936,949.6153256966123,1573.4726432254547,2271,100,10.460000038146973,4.8485461677669806,19.0,0.0,8.920000076293945,5.352905786564035,19.0,0.0,-0.0022287857803651905,0.12916730406383672,0.0008142187859145148,2.4478636582692466,0.007552591250108283,0.07285563151041666,0.9775145289798577,0.013250573596451432,0.0628204345703125,0.7179843336343765,1.5082664489746094
107392.49257701449,2277,149290496,149225472,2175.9824386662935,1092.2578515658256,2271,100,10.460000038146973,4.8485461677669806,19.0,0.0,8.920000076293945,5.352905786564035,19.0,0.0,-0.0005788418166048358,0.10416730388533323,0.0007633667137270095,2.440646623571714,0.007579243250802392,0.07552591959635417,0.9855008212228616,0.013205738330725579,0.06060791015625,0.7002076655626297,1.5084786415100098
107472.63945371658,2279,149356544,149356544,824.0870102213436,1635.397477648558,2274,100,10.450000095367432,5.294100473440683,22.0,0.0,9.569999933242798,5.103439999984067,19.0,0.0,0.00041336354600692477,0.07634885605269422,0.0007524691106179187,2.4386901706457143,0.008349116481137269,0.0756988525390625,0.9891673264404138,0.0135138536861632,0.0663604736328125,0.7425167709589005,1.5087976455688477
107532.63974263705,2280,149480704,149422080,2069.3233688350856,1092.2614070552204,2277,100,9.960000038146973,5.0535531834356835,19.0,0.0,9.12000002861023,5.274997622398035,19.0,0.0,-0.00038797257730038837,0.13210921633678177,0.0007969769127763963,2.4149086251854897,0.008099664258528113,0.08525594075520833,0.9734871418525775,0.014453288982622325,0.0686187744140625,0.7499053329229355,1.5090397596359253
107613.64630654082,2282,149553152,149553152,894.34727889543,1618.0417201217674,2277,100,9.960000038146973,5.0535531834356835,19.0,0.0,9.12000002861023,5.274997622398035,19.0,0.0,0.0004667322185317364,0.11181953079843272,0.000768017162651328,2.418599747121334,0.007465537709625399,0.07831319173177083,0.9753121317674716,0.014693467324832454,0.0754241943359375,0.7869149446487427,1.5095497369766235
107673.6463350784,2283,149678592,149618688,2090.6656722907983,1092.2661471560089,2279,100,9.959999942779541,5.319624074601232,19.0,0.0,9.250000047683717,5.185315788169389,19.0,0.0,-7.58437393718244e-05,0.11003413955525805,0.0007838919009373059,2.433471222718557,0.008284150452406418,0.07711283365885417,0.9779659248888493,0.014810864532288786,0.0673980712890625,0.7422079890966415,1.50983726978302
107755.19961950928,2285,149749760,149749760,872.656453957059,1607.194620237461,2282,100,10.240000200271606,5.114919240620447,19.0,0.0,9.59000005722046,5.020149447687556,19.0,0.0,-0.0011537746298320901,0.06989462712469201,0.0007374357270843273,2.417945360143979,0.006555766707606381,0.06411234537760416,0.9887989790489277,0.014737622550455853,0.0731201171875,0.7758919149637222,1.510336995124817
107815.2021675501,2286,149867008,149815296,1954.0503499989945,1092.2202829688704,2282,100,10.240000200271606,5.114919240620447,19.0,0.0,9.59000005722046,5.020149447687556,19.0,0.0,0.0004146030805713963,0.13724195239289355,0.000765115262765903,2.416206620633602,0.008784145856528388,0.08584086100260416,0.975858461111784,0.016029492835514247,0.0737762451171875,0.7844237685203552,1.510542392730713
107897.01807505451,2288,149946368,149946368,969.9825183228924,1602.0356431655512,2284,100,10.339999961853028,5.363245306881684,22.0,0.0,9.030000066757202,5.352485511636778,19.0,0.0,-0.0008736608506296761,0.09586220242393513,0.0007857431337470188,2.4030916616320614,0.006606439891280995,0.06807454427083334,0.9836474036177,0.015837116952752694,0.0744476318359375,0.7805378586053848,1.5110962390899658
107957.01843529753,2289,150065664,150011904,1988.2547290851169,1092.2601086819525,2284,100,10.339999961853028,5.363245306881684,22.0,0.0,9.030000066757202,5.352485511636778,19.0,0.0,0.002170778040939088,0.08135264510444055,0.0007513288928748807,2.4135273098945618,0.008756614595161711,0.08408101399739583,0.9879653671135505,0.015474067981510114,0.0733489990234375,0.7799755781888962,1.5113723278045654
108039.48468890414,2291,150142976,150142976,937.4986326990137,1589.4016554367386,2287,100,10.94000015258789,4.553723785225768,19.0,0.0,10.380000019073487,4.719703289452224,19.0,0.0,0.00046062109079988034,0.08804652913628766,0.0007784709396219114,2.419809763630231,0.009639675733827366,0.09334309895833333,0.9851976198454698,0.015169243929752458,0.0753021240234375,0.791480228304863,1.5119129419326782
108099.48606068641,2292,150268160,150208512,2086.3522996483334,1092.241694703422,2287,100,10.94000015258789,4.553723785225768,19.0,0.0,10.380000019073487,4.719703289452224,19.0,0.0,-0.0010501297826219038,0.08033951884135603,0.0007756646912942718,2.414049689968427,0.007549155825472553,0.0749969482421875,0.9881226389358442,0.01538123491142566,0.068756103515625,0.750419408082962,1.5121324062347412
108179.9930177778,2294,150339584,150339584,887.1779853624307,1628.082897869407,2290,100,10.400000143051148,5.005996367017221,19.0,0.0,8.870000123977661,5.100303872447678,16.0,0.0,-1.2589538528118337e-05,0.08678977005183697,0.0007598628259681088,2.422789091865222,0.007016094615513188,0.072265625,0.9853203265617291,0.0153912022166575,0.068206787109375,0.7523089051246643,1.5125800371170044
108239.99320174567,2295,150455808,150405120,1937.0607273842872,1092.2633176440033,2290,100,10.400000143051148,5.005996367017221,19.0,0.0,8.870000123977661,5.100303872447678,16.0,0.0,-0.0006452041949766378,0.07534477929584682,0.0007576371517643565,2.406387579937776,0.005593506891576301,0.05298868815104167,0.9870937696347634,0.016356420780842502,0.066650390625,0.7359050065279007,1.5128706693649292
108322.47802770883,2297,150536192,150536192,974.5307583713293,1589.0437843507025,2293,100,11.030000019073487,4.642100665975917,22.0,0.0,9.77000002861023,4.7557439944199,19.0,0.0,-0.0005343698794604279,0.11570503372543803,0.0007456079074472654,2.4198806683222456,0.008761297226252887,0.08618672688802083,0.9792253033568461,0.015112610902482023,0.072052001953125,0.77091483771801,1.5133726596832275
108382.4781082701,2298,150658304,150601728,2035.1972673655484,1092.2652000955563,2293,100,11.030000019073487,4.642100665975917,22.0,0.0,9.77000002861023,4.7557439944199,19.0,0.0,0.00036249493374877295,0.1149256534020727,0.0007458256216826461,2.424289961655935,0.0068973390431589605,0.07043965657552083,0.9795838265369335,0.014905000862199813,0.06683349609375,0.7466585040092468,1.5135401487350464
108464.07309965044,2300,150732800,150732800,912.9972163700907,1606.37310921473,2296,100,11.680000019073486,4.242357709973367,19.0,0.0,9.8,4.866210050731994,19.0,0.0,-0.001357592989127928,0.10144489852245897,0.0007141257289428419,2.425021506845951,0.007078602644469355,0.06503804524739583,0.9830838516354561,0.01469471453068157,0.070587158203125,0.766637921333313,1.5140491724014282
108524.07866345346,2301,150858752,150798336,2099.005359127498,1092.165390115121,2296,100,11.680000019073486,4.242357709973367,19.0,0.0,9.8,4.866210050731994,19.0,0.0,0.002501871793356258,0.12770303715175638,0.000817157388155465,2.417566036184629,0.006655773932531398,0.07042439778645833,0.9763509420057138,0.015222040169949956,0.065765380859375,0.7328984290361404,1.5142388343811035
108604.52414781787,2303,150929408,150929408,878.3090879276646,1629.3270036918996,2299,100,10.869999933242799,4.886010529347575,22.0,0.0,8.72000002861023,5.253722535612857,19.0,0.0,-0.0004833402211564438,0.1392469004107018,0.0008055433712191492,2.424531050026417,0.007037039650943673,0.06343587239583333,0.9789708318809669,0.015725335193565115,0.0621795654296875,0.713745653629303,1.5146348476409912
108664.52446355298,2304,151054592,150994944,2086.3890208953203,1092.2609189145235,2299,100,10.869999933242799,4.886010529347575,22.0,0.0,8.72000002861023,5.253722535612857,19.0,0.0,0.0015525675529109626,0.13129124588643512,0.000852156376519512,2.430427161355813,0.008021987944327217,0.07125345865885417,0.9757616898665826,0.01485954154244003,0.065948486328125,0.7398200184106827,1.514783501625061
108746.39150985144,2306,151126016,151126016,872.4389510721151,1601.0349209638814,2302,100,10.619999980926513,4.7323989740309615,19.0,0.0,10.120000123977661,4.976504891908918,19.0,0.0,0.001568768658520033,0.14203823388864598,0.0007961000301293097,2.4415772929787636,0.005862194308065227,0.05179341634114583,0.9764728670318922,0.014246331586036831,0.0677947998046875,0.7507863640785217,1.5152063369750977
108806.3961910978,2307,151245056,151191552,1983.8452188633328,1092.1814538258348,2302,100,10.619999980926513,4.7323989740309615,19.0,0.0,10.120000123977661,4.976504891908918,19.0,0.0,0.0001851084028506496,0.12158584160109359,0.0007831503795993436,2.4448725506663322,0.008534698235356094,0.07993570963541666,0.9790949088831742,0.01426773586232836,0.064300537109375,0.7298435419797897,1.515425682067871
108888.37849663384,2309,151322624,151322624,946.1553867364012,1598.7840198318067,2305,100,10.750000095367431,4.635461181977795,19.0,0.0,9.330000019073486,4.994106558108549,19.0,0.0,-0.0011950038679060526,0.13947240488293272,0.0007933743533309705,2.4516246989369392,0.006568736424621117,0.06560262044270833,0.9740763908873002,0.01435688280616887,0.061981201171875,0.7120381444692612,1.5158369541168213
108948.37879279442,2310,151443200,151388160,2009.5900806439786,1092.2612752544767,2305,100,10.750000095367431,4.635461181977795,19.0,0.0,9.330000019073486,4.994106558108549,19.0,0.0,-0.001332309967741215,0.11148204243121047,0.0007789824297409116,2.4473157798250518,0.008378931356977166,0.083648681640625,0.9828868756691614,0.014662475228154411,0.0654449462890625,0.7360171675682068,1.5159919261932373
109029.6603300944,2312,151519232,151519232,935.4153787642828,1612.567925681188,2307,100,11.110000038146973,4.469664434401605,19.0,0.0,9.310000038146972,5.210940400088908,19.0,0.0,9.094636213073193e-05,0.10432861019702007,0.0008161679288605228,2.4375462581713996,0.007031700091223077,0.06860860188802083,0.9824587255716324,0.014905758337893834,0.0662384033203125,0.7393883317708969,1.5164093971252441
109089.6605341658,2313,151640832,151584768,2026.659773611625,1092.2629516727916,2307,100,11.110000038146973,4.469664434401605,19.0,0.0,9.310000038146972,5.210940400088908,19.0,0.0,-0.0010853677049453836,0.11297406042770794,0.0007385432588004429,2.4383468702435493,0.008084747360650605,0.0876312255859375,0.979521989201506,0.014021175331436098,0.0641937255859375,0.7272734045982361,1.516589879989624
109172.1821762342,2315,151715840,151715840,908.9494358077238,1588.3348502851693,2310,100,11.170000171661377,4.514543150499208,19.0,0.0,9.499999904632569,4.8692914868439345,19.0,0.0,-0.00040835868276190024,0.09501465654466301,0.0007901039728797817,2.422865976889928,0.008384794745021887,0.0771331787109375,0.9814871481309335,0.015054921716606865,0.068603515625,0.7487808614969254,1.5170713663101196
109232.18257315457,2316,151832320,151781376,1941.3204908392704,1092.2594409996775,2313,100,10.680000019073486,5.298830018769931,22.0,0.0,9.990000200271606,4.832173501436772,19.0,0.0,-0.0008490487465072267,0.11547398314966509,0.0007710572960301457,2.4320609966913858,0.00818620794416347,0.0791168212890625,0.9855661572267612,0.013977055069214353,0.0657806396484375,0.7339945137500763,1.5173002481460571
109314.7823606506,2318,151912448,151912448,970.0751349251459,1586.832169590015,2313,100,10.680000019073486,5.298830018769931,22.0,0.0,9.990000200271606,4.832173501436772,19.0,0.0,0.0010037021347670816,0.15556872255789736,0.0008067174773411049,2.4167685185869536,0.008631387309530206,0.08237711588541666,0.966487355530262,0.015397284344847625,0.0712432861328125,0.7622689455747604,1.5177643299102783
109374.78258410655,2319,152034304,151977984,2030.9257696258585,1092.2625987903778,2315,100,10.500000143051148,4.840454566563043,19.0,0.0,9.19000015258789,5.4253018620075935,19.0,0.0,0.0012503665723973731,0.12857608613558114,0.0007651255079205537,2.4472450738151865,0.00902442086711138,0.08441162109375,0.9787991785754759,0.014156060138096413,0.0655670166015625,0.7374168783426285,1.5179601907730103
109456.27326008119,2321,152109056,152109056,917.3073987417336,1608.4294114923548,2315,100,10.500000143051148,4.840454566563043,19.0,0.0,9.19000015258789,5.4253018620075935,19.0,0.0,-0.0009873544574171926,0.11732704021657507,0.0007894713028993768,2.440795049071312,0.008106358359024549,0.07547505696614583,0.9791975275923809,0.014008698761851216,0.069000244140625,0.7516901642084122,1.5184237957000732
109516.27487200126,2322,152229376,152174592,2005.2794608297309,1092.2373233455555,2318,100,10.630000019073487,4.704582988740297,19.0,0.0,9.209999990463256,4.98857703030703,19.0,0.0,-0.0003551631428611775,0.12532843738639105,0.0007815748158463975,2.4382607266306877,0.007188682631143214,0.0654754638671875,0.9764113121976454,0.013787444506306201,0.0667724609375,0.7439484149217606,1.51859712600708
109598.82560388371,2324,152305664,152305664,924.1347503572628,1587.7751415534178,2318,100,10.630000019073487,4.704582988740297,19.0,0.0,9.209999990463256,4.98857703030703,19.0,0.0,0.0006697238277411088,0.13348398578818887,0.0008168782854530339,2.4238371178507805,0.008862892262186506,0.08855183919270833,0.9755357336252928,0.013963069310799861,0.0658721923828125,0.7376813590526581,1.5190165042877197
109658.82578538544,2325,152422144,152371200,1941.3274607617484,1092.263362538478,2322,100,11.010000038146973,4.825961077181231,19.0,0.0,9.370000076293945,5.125729238151298,19.0,0.0,-0.0008921811349864583,0.12013908118630448,0.0007597453944375351,2.451936488350232,0.007000779573597052,0.066558837890625,0.9827400123079617,0.013112765474943444,0.0608673095703125,0.7101648151874542,1.5191650390625
109741.036479529,2327,152502272,152502272,974.6663841578566,1594.3424558748325,2324,100,10.550000095367432,4.8669805864885785,19.0,0.0,9.5,4.807286234635681,19.0,0.0,0.00034385953040327877,0.14650657206463316,0.0008480790923689103,2.421412408351898,0.007455373629757863,0.08001200358072916,0.9612074556450049,0.01435755150547872,0.0698699951171875,0.7636078745126724,1.5194991827011108
109801.03682525828,2328,152624128,152567808,2030.9216308483933,1092.2603728932536,2324,100,10.550000095367432,4.8669805864885785,19.0,0.0,9.5,4.807286234635681,19.0,0.0,-0.0010937919748054505,0.17958732011417547,0.0008144685713583991,2.440595269203186,0.007730245877003957,0.07473246256510416,0.9624685825159153,0.013761464884737505,0.0662841796875,0.7364440858364105,1.5196682214736938
109883.09149122424,2330,152698880,152698880,911.0024289296484,1597.3741219588358,2324,100,10.550000095367432,4.8669805864885785,19.0,0.0,9.5,4.807286234635681,19.0,0.0,-0.0017793861273579146,0.11720735020935534,0.0007714099083386827,2.456978671252728,0.008378943034889138,0.0777435302734375,0.9825561133523782,0.012459454330382869,0.06591796875,0.7363444864749908,1.5199898481369019
109943.09159253724,2331,152826624,152764416,2129.063071637396,1092.2648223229928,2326,100,10.22000002861023,5.233698469182928,19.0,0.0,8.930000066757202,5.426333933235204,19.0,0.0,0.0003004739034319452,0.12761851920125386,0.0008399557379258719,2.4373295828700066,0.00921541772671238,0.0827178955078125,0.9681943239023287,0.013723366457270458,0.0670928955078125,0.7415279448032379,1.5202101469039917
110024.28257606924,2333,152895488,152895488,848.1729990727522,1614.3664517667255,2326,100,10.22000002861023,5.233698469182928,19.0,0.0,8.930000066757202,5.426333933235204,19.0,0.0,-0.0006022109858652888,0.17232911956186098,0.0008393477558759818,2.439515819152196,0.007806162067936384,0.07123311360677084,0.9661603240917127,0.013160190283088014,0.0655517578125,0.7314752042293549,1.5206084251403809
110084.28313354217,2334,153017600,152961024,2035.1810906939265,1092.2565182759859,2330,100,9.96000008583069,5.22287277925482,19.0,0.0,9.319999933242798,5.023703660992183,19.0,0.0,-0.0008737909047340509,0.1551444910777112,0.0008242342737503349,2.4475472196936607,0.009457977658409314,0.087921142578125,0.96984079045554,0.012319349363679066,0.0633544921875,0.721811056137085,1.5208230018615723
110165.93776679039,2336,153092096,153092096,912.3303484021162,1605.1997882538951,2330,100,9.96000008583069,5.22287277925482,19.0,0.0,9.319999933242798,5.023703660992183,19.0,0.0,-0.0005539268119415889,0.12217267455222705,0.0007837518339025943,2.484271876513958,0.005925233663219842,0.06225077311197917,0.9790906558434168,0.011099685633477444,0.05963134765625,0.7029233872890472,1.5211596488952637
110225.93782720529,2337,153216768,153157632,2077.8645744338173,1092.2655668481668,2333,100,9.630000114440918,5.321005527951239,19.0,0.0,9.049999952316284,5.508856461716391,19.0,0.0,-0.0015106207016894284,0.07753536310823013,0.0007486355558891471,2.4608160058657327,0.007430445589003891,0.07209269205729167,0.9814935301740965,0.012433428472528854,0.0686798095703125,0.7572413682937622,1.5213803052902222
110306.3037020322,2339,153288704,153288704,895.1062892668765,1630.940996813668,2333,100,9.630000114440918,5.321005527951239,19.0,0.0,9.049999952316284,5.508856461716391,19.0,0.0,-0.0005835948080251303,0.1431263918833186,0.0007527680694086787,2.4496534764766693,0.007140827182714323,0.07123311360677084,0.9781089176734289,0.012452274774356436,0.06549072265625,0.7272342890501022,1.5217623710632324
110366.30411539227,2340,153406208,153354240,1958.3865080201301,1092.2591417280028,2336,100,9.780000066757202,5.292598549443839,19.0,0.0,9.069999980926514,5.40047216499782,19.0,0.0,0.0005216649248419951,0.1488422976108268,0.0007882119552959921,2.431931043664614,0.010372872301256091,0.0906829833984375,0.9613106654336055,0.014220549802606305,0.06976318359375,0.7595550417900085,1.5219035148620605
110448.34747866914,2342,153485312,153485312,964.1730524021829,1597.5941839155912,2336,100,9.780000066757202,5.292598549443839,19.0,0.0,9.069999980926514,5.40047216499782,19.0,0.0,0.0008069924030375356,0.10539217262218395,0.0007732977743823236,2.44314635793368,0.006215787336865711,0.058207194010416664,0.9817072860896587,0.01386972758336924,0.070465087890625,0.7664725929498672,1.5222351551055908
110508.34775522165,2343,153604864,153550848,1992.52414937398,1092.2616322050083,2339,100,10.009999990463257,5.606237532973121,19.0,0.0,8.759999895095826,5.190606850501852,16.0,0.0,-0.000529422570252791,0.08349857060238719,0.0008357613435994911,2.3984456956386566,0.006340185786029906,0.06813557942708333,0.9803426458189884,0.01459446279720093,0.0688323974609375,0.7454660385847092,1.5225406885147095
110591.16931502894,2345,153681920,153681920,930.3857616217163,1582.5830895359427,2342,100,9.7,5.705260731507504,19.0,0.0,9.149999904632569,5.231395553619525,19.0,0.0,9.03579190586849e-05,0.12075376793897401,0.0008127655522306061,2.4255622004469237,0.0073449539795547025,0.07600402832031249,0.9808099710692962,0.013936134550021961,0.0638580322265625,0.7235963344573975,1.5229840278625488
110651.16969891451,2346,153801216,153747456,1988.2539456331037,1092.2596782877135,2342,100,9.7,5.705260731507504,19.0,0.0,9.149999904632569,5.231395553619525,19.0,0.0,-0.0010068528414800917,0.10536583509140958,0.0007802869064713984,2.4097841878732047,0.006783411701083727,0.06976318359375,0.9816929368923107,0.014384301185297469,0.069366455078125,0.7545666694641113,1.5232317447662354
110733.31439231895,2348,153878528,153878528,941.1685258761325,1595.6234610880128,2342,100,9.7,5.705260731507504,19.0,0.0,9.149999904632569,5.231395553619525,19.0,0.0,0.001474119647658275,0.10939030830437937,0.0007913563507221019,2.4197104598085084,0.009084178394308157,0.07989501953125,0.9807537732024987,0.015119363844860345,0.0699462890625,0.756916344165802,1.5237339735031128
110793.31529535353,2349,154003968,153944064,2090.6352014018876,1092.2502276711903,2344,100,10.029999923706054,5.6150778720605805,19.0,0.0,8.309999990463258,5.239646899400637,16.0,0.0,-0.0007405938595184125,0.10150602157227695,0.0007667874918600621,2.4209271495540934,0.009562918825395172,0.0922088623046875,0.9838978201150894,0.013807447229434425,0.0680084228515625,0.7484105229377747,1.5239379405975342
110873.73602236621,2351,154075136,154075136,884.945991457896,1629.8285885843266,2348,100,10.060000038146972,5.427374974919516,19.0,0.0,9.090000104904174,5.249942944223784,16.0,0.0,-0.00015402742186173174,0.07926657582477978,0.0007057397942844547,2.434999157985051,0.007218076133237143,0.0717010498046875,0.9877259035905203,0.014042005903320387,0.066986083984375,0.7437307238578796,1.524354100227356
110933.73618272133,2352,154193920,154140672,1979.7280423411737,1092.2637474985786,2348,100,10.060000038146972,5.427374974919516,19.0,0.0,9.090000104904174,5.249942944223784,16.0,0.0,-0.0015743438173861553,0.11707084268952409,0.0007347235611329477,2.412174125512441,0.007276404598087538,0.07589213053385417,0.9808399478594462,0.015058161157260958,0.064971923828125,0.728103369474411,1.5245468616485596
111017.34542665444,2354,154271744,154271744,930.806168541128,1567.6735470166366,2350,100,10.360000085830688,5.177875934503927,19.0,0.0,9.37999997138977,5.137664735136895,19.0,0.0,0.0010650038238964041,0.1626152350412061,0.000756175201483226,2.417661681771279,0.008179327515487483,0.08188374837239584,0.9664734148730835,0.015331484328877803,0.071563720703125,0.7668668031692505,1.5250623226165771
111077.34562275931,2355,154396416,154337280,2077.8598753593474,1092.2630966981374,2350,100,10.360000085830688,5.177875934503927,19.0,0.0,9.37999997138977,5.137664735136895,19.0,0.0,-0.00011765900732522526,0.0974049863871187,0.0007344814360597713,2.431238869825999,0.00803506632594993,0.07544453938802083,0.9858700142552456,0.013668283742542068,0.0656890869140625,0.7348974049091339,1.5252807140350342
111158.54386524111,2357,154468352,154468352,885.9305054062687,1614.222130847009,2353,100,10.940000009536742,4.728255397777561,19.0,0.0,9.340000009536743,5.32018785414001,19.0,0.0,-0.0005449223438821114,0.10903294326271862,0.0007216953041885669,2.437600113451481,0.008065998535433513,0.08037312825520833,0.9849892370402813,0.013546591954460988,0.0652618408203125,0.7343010306358337,1.5256445407867432
111218.54396188445,2358,154588672,154533888,2005.330103303231,1092.2649073311215,2353,100,10.940000009536742,4.728255397777561,19.0,0.0,9.340000009536743,5.32018785414001,19.0,0.0,-0.00015353486863508198,0.0980816026761507,0.0007253134626807878,2.430876985192299,0.007267855649236783,0.07147725423177083,0.9767801892012358,0.01333988860521155,0.0720367431640625,0.7747709155082703,1.5258523225784302
111300.23472848348,2360,154664960,154664960,933.8631913500308,1604.4897784268985,2355,100,10.650000095367432,5.032643439875098,19.0,0.0,9.409999990463257,5.5373187593482625,19.0,0.0,-0.00128755336481845,0.12731988107164702,0.000731201771486667,2.4300791372855506,0.007364502427056626,0.07061258951822917,0.9789767277737459,0.013763121562078595,0.071197509765625,0.7675936371088028,1.5262516736984253
111360.23481796123,2361,154783744,154730496,1979.7303809697416,1092.2650377764091,2358,100,10.579999923706055,4.810779622364852,19.0,0.0,9.030000066757202,5.279119190703655,19.0,0.0,-0.00047099245178590843,0.09511951970246932,0.0007137276140080454,2.427926443517208,0.007141715980954662,0.07293701171874999,0.9780324523647627,0.013516587408958003,0.069976806640625,0.758433148264885,1.5264471769332886
111443.52990544215,2363,154861568,154861568,934.3168049115626,1573.5861977457896,2358,100,10.579999923706055,4.810779622364852,19.0,0.0,9.030000066757202,5.279119190703655,19.0,0.0,-0.001373334296658868,0.13699362081630775,0.0006965765909020168,2.418601378798485,0.007276793946706069,0.0778045654296875,0.9771053660660982,0.01428882842689442,0.06268310546875,0.7175919115543365,1.5267677307128906
111503.53035706654,2364,154981376,154927104,1996.784970053317,1092.25844515737,2360,100,10.94000015258789,4.785018387231434,19.0,0.0,10.130000162124634,5.0530287337574356,19.0,0.0,0.0006701736977750745,0.14585914889660975,0.0007309288181810795,2.427627225716909,0.008849110208757338,0.08716837565104166,0.9791895616799593,0.015163032279815525,0.0748443603515625,0.7889680862426758,1.5270131826400757
111585.32311943173,2366,155058176,155058176,938.9583843262286,1602.4889759167634,2363,100,10.59000005722046,4.9012141551933,22.0,0.0,10.150000143051148,4.725198464178404,19.0,0.0,-0.00035539467474639724,0.11325613983596365,0.0007392708303086691,2.41092915336291,0.008814740608310482,0.08971150716145833,0.9785241652280092,0.01477140606342194,0.075653076171875,0.7937137335538864,1.5274518728256226
111645.32335079461,2367,155181056,155123712,2047.9921028441725,1092.2624548502254,2363,100,10.59000005722046,4.9012141551933,22.0,0.0,10.150000143051148,4.725198464178404,19.0,0.0,-0.0015453396093410752,0.09664985273654263,0.0007167464997716404,2.4173536971211433,0.006925669315630027,0.07117716471354167,0.9815270081162453,0.014305736743456993,0.070068359375,0.762452557682991,1.5276838541030884
111727.77206434123,2369,155254784,155254784,894.2286280587278,1589.7397832155164,2365,100,9.880000162124634,5.600499996082848,19.0,0.0,9.530000066757202,4.8815059046068745,19.0,0.0,-0.0017845959276504195,0.11165153879361848,0.0007449226165287353,2.4118843426307044,0.008145953605586934,0.07756042480468751,0.9764926582574844,0.014550358639098704,0.072021484375,0.7697745710611343,1.5282423496246338
111787.77232789434,2370,155373824,155320320,1983.991285215352,1092.261868849742,2365,100,9.880000162124634,5.600499996082848,19.0,0.0,9.530000066757202,4.8815059046068745,19.0,0.0,-0.00019188806375799083,0.13092616157761464,0.0007615369304403431,2.426491561035315,0.006158680079655218,0.06580098470052083,0.9757174147913853,0.014139424165477976,0.06439208984375,0.7238111346960068,1.5284461975097656
111869.01602066495,2372,155451392,155451392,954.7571922785563,1613.3190839822469,2367,100,10.139999914169312,5.306637322102248,19.0,0.0,9.71000008583069,5.093711819410901,19.0,0.0,-0.0007835639917175287,0.09527577983681113,0.0007513095582301806,2.414647695918878,0.0057509987485294305,0.06072998046875,0.9851236287504436,0.01461220101919025,0.06817626953125,0.7455151081085205,1.5287835597991943
111929.016565511,2373,155575296,155516928,2065.0479144464075,1092.2567481369429,2367,100,10.139999914169312,5.306637322102248,19.0,0.0,9.71000008583069,5.093711819410901,19.0,0.0,-0.0016765801507669191,0.10650470538530499,0.0007693970110267401,2.406640917062759,0.009962133593338269,0.09431966145833333,0.9777886668841045,0.01564884068405566,0.075408935546875,0.790733277797699,1.5290467739105225
112010.35679160617,2375,155648000,155648000,893.8258902174034,1611.4044218003892,2371,100,11.389999961853027,4.664536421556746,22.0,0.0,9.25,5.378429151679574,19.0,0.0,0.002087826510736098,0.12850039650220424,0.0007860810304312812,2.412283807992935,0.008940649446837293,0.0850372314453125,0.9763118345290422,0.014778210509878896,0.072174072265625,0.7672998458147049,1.5295226573944092
112070.35694969259,2376,155770880,155713536,2047.9946039977785,1092.263788798815,2371,100,11.389999961853027,4.664536421556746,22.0,0.0,9.25,5.378429151679574,19.0,0.0,-0.00013579325483685053,0.12895222151807198,0.0007714717594353714,2.405726465086142,0.006859922143121366,0.06913248697916667,0.9719533324241639,0.01480962997690464,0.0731201171875,0.7788240164518356,1.5297962427139282
112152.15761807747,2378,155844608,155844608,901.3129288027677,1602.3340956493648,2373,100,10.330000019073486,4.92149372531132,19.0,0.0,9.580000019073486,5.115036577462471,19.0,0.0,-0.0013519346418130833,0.09465295270395777,0.0007783453972175873,2.416873924434185,0.007259129647839775,0.06978352864583333,0.9802023476610582,0.014117715395210931,0.0720672607421875,0.7769846618175507,1.5301989316940308
112212.15762341022,2379,155970048,155910144,2090.6664808498654,1092.2665695868684,2373,100,10.330000019073486,4.92149372531132,19.0,0.0,9.580000019073486,5.115036577462471,19.0,0.0,-0.0001670363356727952,0.10842750260295966,0.0007506844115899487,2.4234688902894654,0.00592954074818408,0.0629425048828125,0.9797182902693748,0.013728378883873424,0.0710601806640625,0.76584392786026,1.5304228067398071
112292.58428358845,2381,156041216,156041216,884.880707992703,1629.7083542887192,2376,100,10.400000190734863,5.065570067309821,19.0,0.0,9.25999994277954,5.098274134813431,16.0,0.0,-0.0006197950303127679,0.09168338209080198,0.0007403301024169195,2.4263287683327994,0.006692290903326163,0.06866455078125,0.9818879906088115,0.013975731621030718,0.069732666015625,0.7549001127481461,1.5308692455291748
112352.58436391689,2382,156163840,156106752,2043.7305971720027,1092.2652043340975,2376,100,10.400000190734863,5.065570067309821,19.0,0.0,9.25999994277954,5.098274134813431,16.0,0.0,-0.0008212973079935182,0.08271301805507392,0.0007504580844397424,2.4194905956586203,0.00780374777665808,0.07985941569010417,0.9798682499676943,0.014632188491911316,0.0731353759765625,0.7803292721509933,1.5310992002487183
112435.63950192183,2384,156237824,156237824,890.7817358102062,1578.1323485634102,2380,100,10.420000028610229,5.073815154203436,19.0,0.0,9.110000038146973,5.135941939853249,16.0,0.0,0.00023959821313231572,0.09386132568276177,0.0007753058750192092,2.4267373085021973,0.009136881784797879,0.08519999186197917,0.9839224349707365,0.015132597550594559,0.0738372802734375,0.7856285125017166,1.5314902067184448
112495.63963582553,2385,156364544,156303360,2111.99528660038,1092.2642290296915,2380,100,10.420000028610229,5.073815154203436,19.0,0.0,9.110000038146973,5.135941939853249,16.0,0.0,-0.0008062563283601777,0.13372746362195662,0.0007304941027541645,2.4272411043445272,0.006754210092670594,0.06485493977864584,0.9688447291652361,0.013716869318159299,0.071319580078125,0.7680698484182358,1.531665563583374
112577.11733739823,2387,156434432,156434432,857.7561547638894,1608.6855356744006,2382,100,10.330000066757203,4.897050067851717,19.0,0.0,9.12000002861023,5.33719021806809,16.0,0.0,-0.0016244027477417453,0.07696577460349849,0.0007311768428432213,2.436541780829429,0.007084349896103959,0.0702972412109375,0.9873841063429912,0.013827728621739274,0.0662841796875,0.7389931529760361,1.5320321321487427
112637.11813346855,2388,156555264,156499968,2013.8399473630643,1092.252174840984,2385,100,10.300000095367432,5.146843693159867,19.0,0.0,9.739999961853027,4.6874727358483135,16.0,0.0,0.0005922930358792655,0.100313768023625,0.0007317307730166551,2.4344759409626326,0.0066722874507831875,0.07294718424479166,0.9814036842435598,0.013789361963669458,0.067291259765625,0.741316944360733,1.5322405099868774
112719.02052354254,2390,156631040,156631040,925.1988853017511,1600.3440178192452,2385,100,10.300000095367432,5.146843693159867,19.0,0.0,9.739999961853027,4.6874727358483135,16.0,0.0,0.0003626525976869743,0.09398924683531125,0.000752725623290947,2.4310952176650362,0.007538359493992175,0.07541910807291666,0.9831363459428152,0.014263850597975155,0.0690155029296875,0.75266532599926,1.5326035022735596
112779.02235550061,2391,156757760,156696576,2111.9355170447566,1092.2333179059751,2388,100,10.490000152587891,4.873386849762919,19.0,0.0,9.170000028610229,5.028031371283756,16.0,0.0,-0.0011286158696748316,0.08979789346146087,0.0007261039669780681,2.4380963742733,0.0062529069273296045,0.06796773274739583,0.981321357190609,0.013428559167853868,0.0682830810546875,0.7474951595067978,1.5328680276870728
112859.30602300912,2393,156827648,156827648,870.5132957782422,1632.6110162580953,2390,100,11.040000057220459,4.902897093838801,19.0,0.0,9.6,5.079370088407356,19.0,0.0,-0.00025810634300190333,0.07353035783550392,0.0006960805136865625,2.431241020560264,0.005918667739630716,0.0636749267578125,0.9871481334169705,0.013335521585152795,0.0714874267578125,0.7674630433320999,1.5333309173583984
112919.30628792197,2394,156952320,156893184,2077.8574924810478,1092.2618440968135,2390,100,11.040000057220459,4.902897093838801,19.0,0.0,9.6,5.079370088407356,19.0,0.0,-0.0004650199856162847,0.10310371406376362,0.0006896856042051999,2.429335412879785,0.007731421470452915,0.07191975911458333,0.9824590279410284,0.013455503455285603,0.0672149658203125,0.7403882592916489,1.5336034297943115
113001.59859353304,2396,157024256,157024256,874.1522000851519,1592.761304069743,2390,100,11.040000057220459,4.902897093838801,19.0,0.0,9.6,5.079370088407356,19.0,0.0,-0.000953635896924728,0.09035881781407322,0.0007128267079679064,2.413659277061621,0.006226361310230763,0.0625762939453125,0.986104612549146,0.014557620297030857,0.067626953125,0.7468830496072769,1.5339797735214233
113061.59900398925,2397,157141504,157089792,1954.1199653220735,1092.259194590504,2392,100,10.650000047683715,5.150485389753823,19.0,0.0,9.480000019073486,4.819709503626369,16.0,0.0,5.1429695304250304e-05,0.1531374225160107,0.0007424200557579752,2.416463166475296,0.006414737788266697,0.0630340576171875,0.9731963202357292,0.015277269121725112,0.0653228759765625,0.7278648316860199,1.534173846244812
113145.0851093866,2399,157220864,157220864,950.577340053104,1569.9858003457716,2396,100,11.410000133514405,4.377430760302994,19.0,0.0,9.869999980926513,4.588365543440389,19.0,0.0,0.0014104506650861974,0.1614717293996364,0.0007451420491027724,2.3997981225450835,0.006341063245296634,0.07237752278645833,0.963983004912734,0.015738884054978065,0.076080322265625,0.7887603938579559,1.5346029996871948
113205.08526404202,2400,157343744,157286400,2047.994721108374,1092.2638512577996,2396,100,11.410000133514405,4.377430760302994,19.0,0.0,9.869999980926513,4.588365543440389,19.0,0.0,0.00045743726635312976,0.11798116619077822,0.0007235398722211054,2.4347362592816357,0.008823922325973399,0.08841959635416666,0.9810863938182592,0.01329421151118974,0.0703125,0.7641274631023407,1.5347715616226196
113286.54053183831,2402,157417472,157417472,905.1348303756412,1609.1285873344732,2398,100,11.170000076293945,4.860154321727261,22.0,0.0,8.920000076293945,5.147193354057563,19.0,0.0,-0.00020039568092518797,0.08882333607956147,0.0007588240526577769,2.434202256302039,0.0058590971724091405,0.06846618652343749,0.9848948642611505,0.014075493051980931,0.070159912109375,0.7620667368173599,1.5351687669754028
113346.54076442495,2403,157542912,157483008,2090.6585623459264,1092.2624325725656,2398,100,11.170000076293945,4.860154321727261,22.0,0.0,8.920000076293945,5.147193354057563,19.0,0.0,-0.0009042968013091013,0.0972779927154382,0.0007297888193230998,2.4216516365607577,0.006386285431896492,0.06862894694010416,0.9815386670331161,0.013670493169532468,0.07562255859375,0.7889306545257568,1.5353840589523315
113427.56163278967,2405,157614080,157614080,878.3909804524915,1617.7560503297684,2400,100,10.1,5.30000006962948,22.0,0.0,9.560000038146972,4.972564691064276,19.0,0.0,-0.0002559676722739823,0.15923508423535776,0.0007812277605504885,2.411992443104585,0.006725089269214854,0.07246907552083333,0.9692881243924301,0.014574540681981793,0.073211669921875,0.7745446562767029,1.535821557044983
113487.56182798743,2406,157735424,157679616,2022.3934205555388,1092.2631132114302,2400,100,10.1,5.30000006962948,22.0,0.0,9.560000038146972,4.972564691064276,19.0,0.0,-0.0012249065706176527,0.08585060092930992,0.0007719876575720264,2.418929897248745,0.007611085448540205,0.07673136393229166,0.9856531421343485,0.014179024292388931,0.0688018798828125,0.7475115954875946,1.5360654592514038
113569.2901593782,2408,157810688,157810688,920.9046449283256,1603.7523068139549,2404,100,9.690000057220459,5.37530456177127,19.0,0.0,9.270000076293945,5.009700559397854,19.0,0.0,0.00010656993254087871,0.07318597717676312,0.000747944576384422,2.4210485542813935,0.006964215058663588,0.07150777180989584,0.9878402668982744,0.013918920332798734,0.0698699951171875,0.7555858492851257,1.536511778831482
113629.29022615775,2409,157937408,157876224,2111.9976493623194,1092.265450983341,2404,100,9.690000057220459,5.37530456177127,19.0,0.0,9.270000076293945,5.009700559397854,19.0,0.0,-0.00048646189316059463,0.10388575866818428,0.0007196213658365498,2.4231392219662666,0.0061203661686401265,0.061457316080729164,0.9813146212448677,0.013939477183157578,0.072845458984375,0.7737145274877548,1.536759614944458
113711.12610462494,2411,158007296,158007296,854.0019525546136,1601.644687574953,2407,100,10.750000095367431,4.6997341137005755,19.0,0.0,9.800000143051147,4.7853943958126,19.0,0.0,0.0013127281975660783,0.11970463294225434,0.0007671331786696101,2.4021495108803115,0.00975693859193901,0.09634399414062499,0.975259205326438,0.014646424465657521,0.077606201171875,0.8024098128080368,1.5371798276901245
113771.12973369658,2412,158130688,158072832,2056.4089524099118,1092.2006054293306,2409,100,10.650000095367432,4.831925149054738,19.0,0.0,9.380000066757201,4.698467875716648,19.0,0.0,-0.00017159508085266373,0.09773803692466268,0.0007558140447751309,2.418340347707271,0.0062859447655985905,0.06421407063802084,0.9805392368386189,0.014650501951109618,0.0678558349609375,0.7442463636398315,1.5374170541763306
113853.78444955684,2414,158203904,158203904,885.8054768923316,1585.777636954104,2409,100,10.650000095367432,4.831925149054738,19.0,0.0,9.380000066757201,4.698467875716648,19.0,0.0,-0.0017460518526301412,0.07861601867868255,0.0007014908690810746,2.407173603773117,0.006308587606933239,0.0729217529296875,0.9880810516575972,0.01426252244467226,0.0706024169921875,0.7624256461858749,1.5378429889678955
113913.78492882662,2415,158326784,158269440,2047.983641055762,1092.2579418964065,2412,100,10.830000019073486,5.16537506966148,19.0,0.0,9.290000104904175,5.1289277047348945,19.0,0.0,-0.0015583450028013126,0.07636144803836942,0.0006924716635694494,2.406445441146692,0.006738709374379444,0.06562296549479166,0.988440756375591,0.014439811027841642,0.07501220703125,0.7839115709066391,1.538101077079773
113996.10907192901,2417,158400512,158400512,895.5817482156978,1592.1453301612405,2414,100,11.810000038146972,4.28647871702,22.0,0.0,9.350000095367431,4.9525245934265225,19.0,0.0,-0.0009333859028023046,0.11974778200965373,0.0007702808858690938,2.371087297797203,0.007765093819519583,0.07763671875,0.9773917843898138,0.01636284226939703,0.0776214599609375,0.7968078404664993,1.5387096405029297
114056.1093401555,2418,158525952,158466048,2090.6573205054387,1092.26178377427,2414,100,11.810000038146972,4.28647871702,22.0,0.0,9.350000095367431,4.9525245934265225,19.0,0.0,-0.00048226821430337924,0.08694147097412497,0.0006866989770060172,2.400097866853078,0.006324897944068653,0.06475830078125,0.9889703318476677,0.015408522682264447,0.0671234130859375,0.7439446151256561,1.5389395952224731
114136.87168115377,2420,158597120,158597120,881.2027873426583,1622.934629926047,2416,100,11.460000038146973,4.680641019771597,22.0,0.0,9.529999923706054,4.984887147935249,19.0,0.0,0.0007712426255845155,0.1348231278049449,0.0007182824507860156,2.402479643623034,0.0061295400003776495,0.061518351236979164,0.9751166738569736,0.014998212029847007,0.075439453125,0.7878489345312119,1.5394147634506226
114196.87170965038,2421,158718464,158662656,2022.3990394747846,1092.2661479019932,2418,100,11.389999961853027,4.5406938232176435,19.0,0.0,9.630000114440918,4.659731734069781,19.0,0.0,-0.0009917350907926448,0.12973433826118708,0.0007514729847268123,2.3860316053032875,0.00719592256306593,0.07740275065104167,0.9729863262424866,0.015407841730241975,0.080474853515625,0.8152056783437729,1.5396777391433716
114278.77015064098,2423,158793728,158793728,918.991852465681,1600.421185246356,2418,100,11.389999961853027,4.5406938232176435,19.0,0.0,9.630000114440918,4.659731734069781,19.0,0.0,0.000649187046898684,0.12558101509542516,0.0007274225323878151,2.4399121130506196,0.007269768799839463,0.0723876953125,0.9813733231276274,0.01433763625876357,0.0682220458984375,0.7500424683094025,1.5401064157485962
114338.77041485906,2424,158915840,158859264,2035.1910377622924,1092.2618567445427,2420,100,10.940000057220459,4.4470664710262895,19.0,0.0,9.02000002861023,4.931490662301752,16.0,0.0,0.0006064307356912955,0.1562210300859685,0.0007913804141329214,2.4202311386664705,0.01000040672867423,0.0946044921875,0.9668108293165764,0.015753049568350736,0.0706939697265625,0.7612114250659943,1.5403273105621338
114419.86208220571,2426,158990336,158990336,918.6640555994403,1616.3436304704928,2423,100,10.589999961853028,5.028110906845865,19.0,0.0,9.75999994277954,4.743669460196671,16.0,0.0,0.002491463184317884,0.07316149666439742,0.0007091784282238223,2.4488170941670737,0.006473680673783141,0.07374064127604167,0.9895789480457703,0.013963028846774252,0.0655364990234375,0.7348252534866333,1.5407313108444214
114479.86798514985,2427,159117312,159055872,2116.0584837498154,1092.1592174192597,2423,100,10.589999961853028,5.028110906845865,19.0,0.0,9.75999994277954,4.743669460196671,16.0,0.0,0.0005487092130351812,0.10935056357023618,0.000790555845014751,2.421987247963746,0.005420184114579267,0.05729675292968751,0.9658771933366855,0.015332388701305415,0.0746307373046875,0.7851466834545135,1.540961503982544
114560.99685002863,2429,159186944,159186944,858.2888482913498,1615.6025379601879,2425,100,10.69000015258789,5.029304132560045,19.0,0.0,9.71000008583069,5.004587855220202,19.0,0.0,2.9595430532936034e-05,0.11668966186698525,0.0007020077428023797,2.4350506787498793,0.008664936108592277,0.07484944661458333,0.982068528731664,0.014712403198548902,0.0721435546875,0.7756905108690262,1.5412424802780151
114620.99709457532,2430,159314432,159252480,2124.7913398221444,1092.2622148483313,2425,100,10.69000015258789,5.029304132560045,19.0,0.0,9.71000008583069,5.004587855220202,19.0,0.0,0.00046091268571520544,0.0862689083830143,0.0007596240563240523,2.419769642253717,0.006863453771681331,0.070892333984375,0.9744292236864567,0.015748305527570967,0.070404052734375,0.7583827525377274,1.541447401046753
114702.66585267335,2432,159383552,159383552,846.3456725646251,1604.9221642706966,2428,100,10.350000095367431,5.044551575509096,19.0,0.0,9.339999961853028,5.171498726039239,19.0,0.0,-0.0006516319069002444,0.09243974334094673,0.0007347945344614951,2.4193478102485337,0.008725936043750456,0.0795745849609375,0.9816408765812715,0.01422480819746852,0.071197509765625,0.758873924612999,1.5418814420700073
114762.66630150564,2433,159505152,159449088,2026.6515062227784,1092.258495985329,2428,100,10.350000095367431,5.044551575509096,19.0,0.0,9.339999961853028,5.171498726039239,19.0,0.0,-0.0004615287725755479,0.10329946305137128,0.0007307202316345258,2.439904861152172,0.008243729452563759,0.07405090332031249,0.9815123099833728,0.013201955511855582,0.0758209228515625,0.7943461537361145,1.5420844554901123
114843.52197390981,2435,159580160,159580160,927.6776479584573,1621.061282439352,2430,100,10.460000133514404,5.048603738259105,19.0,0.0,9.17999997138977,5.070266261188886,19.0,0.0,-0.0006955567647916421,0.17919895378872752,0.0007907104700279888,2.4190668289860087,0.007605268896440975,0.07195536295572917,0.9605548058946927,0.01450521984952502,0.06591796875,0.7321016937494278,1.542528748512268
114903.52224855311,2436,159706624,159645696,2107.7236854634566,1092.2616669608196,2433,100,11.150000095367432,4.7167255473956855,19.0,0.0,10.040000104904175,4.888598982564669,19.0,0.0,-1.4916109648765996e-05,0.09499440004583448,0.0007770460803537086,2.4328118612368903,0.006867279785486365,0.0693511962890625,0.9823786175499359,0.013890118561297035,0.0716552734375,0.7691937834024429,1.5427229404449463
114985.79549911991,2438,159776768,159776768,852.5735827473104,1593.130198418332,2433,100,11.150000095367432,4.7167255473956855,19.0,0.0,10.040000104904175,4.888598982564669,19.0,0.0,9.052843476335388e-07,0.12128259326952201,0.0007940685003025768,2.4289428318540254,0.00789408353860684,0.07754007975260417,0.973937684049209,0.013909644272644073,0.07159423828125,0.7634992748498917,1.543178915977478
115045.79554359242,2439,159898624,159842304,2030.9318279892104,1092.2658570698275,2435,100,10.649999904632569,4.831925087378471,19.0,0.0,9.060000038146972,5.343818918747091,19.0,0.0,-0.00018305869283115803,0.12005543854320422,0.0007406539407384116,2.4163106506069503,0.006926608343443755,0.07518513997395833,0.9743524913986524,0.013985588283200437,0.074249267578125,0.7849486023187637,1.543443202972412
115128.52809366211,2441,159973376,159973376,903.5379658554301,1584.2857483492473,2435,100,10.649999904632569,4.831925087378471,19.0,0.0,9.060000038146972,5.343818918747091,19.0,0.0,-0.00036267481967418763,0.13572576091003913,0.0007743688662837183,2.41500453154246,0.009810653955961849,0.08375040690104167,0.9689808593442043,0.013788993557682263,0.075592041015625,0.792904868721962,1.543889045715332
115188.52850719728,2442,160094720,160038912,2022.386061204182,1092.2591385406554,2438,100,10.360000038146973,4.922438517580259,19.0,0.0,9.600000047683716,4.89897942318476,19.0,0.0,0.0025579589322054135,0.1670568639722963,0.0007544644558947767,2.4396887520949044,0.009871305327881903,0.07877095540364583,0.9782065308342377,0.013899866084102541,0.070343017578125,0.7610761821269989,1.5441068410873413
115269.96854105406,2444,160169984,160169984,924.1646452696652,1609.4295863199611,2441,100,10.470000171661377,5.0108982312041395,19.0,0.0,9.859999942779542,5.161433856216063,19.0,0.0,0.0011516967667072702,0.09188772889319807,0.0007898658993023371,2.4335487311085062,0.008236887932071113,0.086456298828125,0.9812030773609878,0.013954830094007775,0.07049560546875,0.7645610719919205,1.5444931983947754
115329.96866943315,2445,160296960,160235520,2116.26213860315,1092.2643296016258,2441,100,10.470000171661377,5.0108982312041395,19.0,0.0,9.859999942779542,5.161433856216063,19.0,0.0,0.0001256215788695651,0.0827334412218382,0.0007659878586612953,2.427645735442638,0.007279668207653837,0.07772827148437499,0.9847720277806123,0.01504216913599521,0.072113037109375,0.77165886759758,1.5446715354919434
115409.95438819379,2447,160366592,160366592,870.555407626912,1638.6925320035991,2443,100,11.819999980926514,4.072787714365302,19.0,0.0,9.930000019073486,5.173499714092444,19.0,0.0,0.0010456550420106698,0.13501866386892897,0.0007778899434924824,2.4028220251202583,0.0076685251630503135,0.07175191243489583,0.9644687244047722,0.015110402959786976,0.07830810546875,0.8044324666261673,1.5451443195343018
115469.95446472242,2448,160490496,160432128,2065.064032724349,1092.2652735070938,2445,100,11.620000076293945,4.424432202767046,22.0,0.0,9.870000171661378,5.119873086994304,19.0,0.0,-0.000725557542561243,0.1266169142909348,0.000765731464222578,2.4088695545991263,0.006448829314346464,0.06795756022135417,0.9718691476931174,0.015011541826728111,0.076019287109375,0.7935640066862106,1.545357346534729
115552.2972502131,2450,160563200,160563200,882.9431694198867,1591.784868813317,2445,100,11.620000076293945,4.424432202767046,22.0,0.0,9.870000171661378,5.119873086994304,19.0,0.0,0.0013891614811048687,0.11330446189579865,0.0007720768644503551,2.4129906122883162,0.007984220529882197,0.08131917317708334,0.9744333494454622,0.015127799396092692,0.0764007568359375,0.7932724803686142,1.5457382202148438
115612.29884324968,2451,160687872,160628736,2077.8114995046826,1092.2376670907572,2448,100,11.040000057220459,4.632321263536117,19.0,0.0,9.940000057220459,4.892484090621761,19.0,0.0,-0.0020327475491891773,0.09072092443238944,0.0006996551940877301,2.432530420521895,0.006213674059229864,0.065460205078125,0.9859889733294646,0.012667751512102162,0.0692138671875,0.7571561634540558,1.545911192893982
115694.38526867889,2453,160759808,160759808,876.3446528931435,1596.7560935277204,2450,100,10.969999885559082,4.725367748381487,19.0,0.0,10.1,4.887739728546672,19.0,0.0,0.0007098825396193813,0.0920604757266119,0.0007528700540812375,2.432073463996251,0.007708922127979652,0.07236735026041666,0.9791311242928108,0.014447363879298791,0.0658416748046875,0.732975959777832,1.546314001083374
115754.38577878103,2454,160885248,160825344,2090.648892592171,1092.257380619583,2450,100,10.969999885559082,4.725367748381487,19.0,0.0,10.1,4.887739728546672,19.0,0.0,0.00026362875602596125,0.10630397859495133,0.0007388030850658349,2.432448275387287,0.007100395640009083,0.072265625,0.9797239229083062,0.013388091038602093,0.0741119384765625,0.7834828794002533,1.5465120077133179
115835.38259396516,2456,160956416,160956416,878.6518314110589,1618.2364664836768,2452,100,9.780000114440918,5.309576276595878,19.0,0.0,8.690000057220459,5.203258510192889,19.0,0.0,0.0015247921910486182,0.08692477156485741,0.0007275952169341812,2.4278243084748587,0.006950137929986037,0.0716705322265625,0.9842729990681012,0.013125368112620587,0.0702667236328125,0.7618900537490845,1.546956181526184
115895.38288892247,2457,161079552,161021952,2052.2565778653407,1092.2612971591002,2452,100,9.780000114440918,5.309576276595878,19.0,0.0,8.690000057220459,5.203258510192889,19.0,0.0,-0.0005920876537857112,0.09683557114719103,0.0007010596515707827,2.442194811999798,0.005566967256527278,0.0607147216796875,0.9832623694092035,0.012865492375567555,0.069305419921875,0.7599284499883652,1.54708993434906
115976.53326955438,2459,161153024,161153024,905.3808426760528,1615.1741862374183,2452,100,9.780000114440918,5.309576276595878,19.0,0.0,8.690000057220459,5.203258510192889,19.0,0.0,0.0004671408205467742,0.07926125581919526,0.0007371564097411465,2.4352369805177054,0.006427034046888972,0.07044474283854167,0.985816752538085,0.013454070984153079,0.07000732421875,0.7612319737672806,1.5475150346755981
116036.53345075436,2460,161279744,161218560,2111.993621779869,1092.263368031609,2455,100,9.689999961853028,5.170483513032543,19.0,0.0,9.189999961853028,5.205180068942126,19.0,0.0,-0.0011637751037293733,0.09455313653840373,0.0007488143395069832,2.441648450990518,0.007453111723104181,0.07394409179687499,0.981905605023106,0.013638582614172872,0.0660552978515625,0.7342714369297028,1.5476762056350708
116117.37424046919,2462,161349632,161349632,864.5140682882378,1621.3597178153032,2455,100,9.689999961853028,5.170483513032543,19.0,0.0,9.189999961853028,5.205180068942126,19.0,0.0,-0.0016699050926642183,0.10582331337112313,0.000773725429098704,2.429068721830845,0.006147225435900812,0.06519063313802084,0.9749289856602749,0.014042626193258911,0.0645751953125,0.7253689914941788,1.5480661392211914
116177.3745581489,2463,161475584,161415168,2099.188885504442,1092.2608835145065,2459,100,9.910000038146972,5.323711057498251,19.0,0.0,9.480000114440918,4.978915547377527,16.0,0.0,-4.554947736323811e-05,0.07934114924864843,0.0007338006131855461,2.4349704161286354,0.0066815921357677634,0.0678863525390625,0.9860657999912897,0.013910291677651307,0.0704498291015625,0.7641336768865585,1.5482076406478882
116256.96489579417,2465,161546240,161546240,887.7459512097662,1646.8330689108705,2462,100,10.389999961853027,4.82471765859984,19.0,0.0,9.74000005722046,4.8756947948271385,16.0,0.0,-0.000952288594514054,0.07167416384133199,0.0007283586558817963,2.4083686470985413,0.006112766701941533,0.06238810221354167,0.9856864133228859,0.01433713047299534,0.07733154296875,0.8021088540554047,1.5486329793930054
116316.96536141448,2466,161668608,161611776,2039.4508398378255,1092.258190373396,2462,100,10.389999961853027,4.82471765859984,19.0,0.0,9.74000005722046,4.8756947948271385,16.0,0.0,-0.0002743458414139847,0.10923750652000308,0.0007384034549128653,2.4140085900823274,0.008297891340286393,0.09224955240885417,0.9805275909602642,0.014175460043285664,0.0726776123046875,0.7798393964767456,1.548808217048645
116397.53048440255,2468,161742848,161742848,921.4905562918182,1626.907464901417,2462,100,10.389999961853027,4.82471765859984,19.0,0.0,9.74000005722046,4.8756947948271385,16.0,0.0,-0.0005455145073938183,0.1269668732614567,0.0007653019250331756,2.4288516839345298,0.007381887631709105,0.0684814453125,0.9765380776176851,0.01438804374386867,0.06689453125,0.7389374673366547,1.5491279363632202
116457.53086403012,2469,161870592,161808384,2129.0531958784627,1092.2597558013756,2464,100,10.94000015258789,4.766172490508497,19.0,0.0,9.079999923706055,5.0570346572947695,19.0,0.0,-0.0001404281283612362,0.09900485091687489,0.0007330699524269827,2.433755211532116,0.007429045719618443,0.076904296875,0.9817307169238726,0.013655126764206217,0.06768798828125,0.7432063817977905,1.5493134260177612
116538.71454498544,2471,161939456,161939456,848.2492933265648,1614.5116661085547,2468,100,11.49000005722046,4.396578246115383,22.0,0.0,9.590000104904174,4.966074814763562,16.0,0.0,0.0006427675665084583,0.11176541664948066,0.0007703864945748744,2.444740819434325,0.007238313612106139,0.073394775390625,0.9788461917390426,0.013556396646890791,0.0662384033203125,0.7403419017791748,1.549616813659668
116598.71466299891,2472,162062336,162004992,2047.995971814767,1092.2645183012091,2468,100,11.49000005722046,4.396578246115383,22.0,0.0,9.590000104904174,4.966074814763562,16.0,0.0,-0.001706045089425364,0.09122438519261777,0.0007732374579063617,2.426798939704895,0.006717444853469108,0.07100423177083334,0.9766236251840988,0.014155048847896977,0.0693359375,0.7593124955892563,1.5498112440109253
116681.08721349016,2474,162136064,162136064,895.0554469942929,1591.2096835454095,2470,100,11.300000095367432,4.603259636955046,19.0,0.0,9.77000002861023,4.855625590185115,19.0,0.0,-0.0003287269488888948,0.0878117907171448,0.0007201270267008415,2.435940414667129,0.006959587359233409,0.06900533040364583,0.9838556020210186,0.01328339337487705,0.069244384765625,0.7549586147069931,1.550238847732544
116741.0876338426,2475,162260480,162201600,2073.58547272131,1092.2590144375624,2470,100,11.300000095367432,4.603259636955046,19.0,0.0,9.77000002861023,4.855625590185115,19.0,0.0,0.00037800429951554787,0.1176004148631667,0.0007537840629083803,2.433978870511055,0.007643692544055133,0.06870015462239583,0.9806288070976734,0.013966824830276892,0.0651702880859375,0.7262605875730515,1.5504450798034668
116822.83534635417,2477,162332672,162332672,883.1072794823843,1603.3720818970949,2473,100,10.810000085830689,4.323644351293468,19.0,0.0,9.480000019073486,5.461648181085506,19.0,0.0,-0.0023494699610940493,0.08869283576495945,0.000741762513522796,2.4254985700050993,0.0075226146933952505,0.07223002115885416,0.9865570856879154,0.014745708108724404,0.059844970703125,0.6953103989362717,1.5507997274398804
116882.835409116,2478,162456320,162398208,2060.7978443426587,1092.2655241236453,2473,100,10.810000085830689,4.323644351293468,19.0,0.0,9.480000019073486,5.461648181085506,19.0,0.0,-0.0027682574121475527,0.11895642778836192,0.0007265654367074603,2.41931913793087,0.007426721750865301,0.06829325358072916,0.9801367856562138,0.01414272859498548,0.069122314453125,0.7526667267084122,1.5509881973266602
116965.24159117043,2480,162529280,162529280,885.3704683443418,1590.560279972993,2475,100,10.430000066757202,4.891329087355271,19.0,0.0,8.929999923706054,5.177364232848955,19.0,0.0,-0.0011353923509886954,0.08253588083122547,0.0007603783657638511,2.424104765057564,0.007546307404481922,0.07109578450520833,0.9856037540982168,0.01433118608353349,0.0662994384765625,0.7399505823850632,1.5514063835144043
117025.24188442528,2481,162657024,162594816,2129.056260732012,1092.2613281510924,2478,100,11.920000171661377,3.892762603354046,22.0,0.0,9.939999914169311,4.830776240056726,19.0,0.0,-0.001282486410976465,0.09850880346493796,0.0006880176363968834,2.440450335542361,0.0063303904462372875,0.06429545084635416,0.9859951908389728,0.013195612593942013,0.0679473876953125,0.7529779076576233,1.551524043083191
117106.43065651879,2483,162725888,162725888,848.196101804443,1614.4104242523226,2480,100,11.270000171661376,4.608372693984694,22.0,0.0,9.430000066757202,5.20241286329855,19.0,0.0,-0.0009755198868030372,0.08590205817017706,0.0007321971649313733,2.436753034591675,0.006406383944219366,0.06621297200520834,0.9868432767689228,0.014148654163970301,0.0666656494140625,0.7373804003000259,1.5519713163375854
117166.43283377402,2484,162850560,162791424,2077.7912686349555,1092.2270323830567,2480,100,11.270000171661376,4.608372693984694,22.0,0.0,9.430000066757202,5.20241286329855,19.0,0.0,0.0006803977472979266,0.14070019688612473,0.0007882196429515412,2.43386631210645,0.009021713209222071,0.0842742919921875,0.9723797844101985,0.014600806636735797,0.071746826171875,0.7693861871957779,1.5521736145019531
117247.32048451342,2486,162922496,162922496,889.332294144116,1620.4204078355422,2482,100,10.540000104904175,4.887576078879552,22.0,0.0,9.550000143051147,4.972675404010752,19.0,0.0,0.0006950085820183935,0.12858188059180975,0.0007696761009962453,2.4755319530765214,0.006463392741352436,0.06265767415364583,0.9816379435360432,0.012547349004307762,0.0596160888671875,0.7012913227081299,1.5524061918258667
117307.32084900141,2487,163037696,162988032,1919.9883364551501,1092.2600314055965,2484,100,10.929999923706054,4.844078857381786,22.0,0.0,9.740000152587891,5.045037207311091,19.0,0.0,-0.0007469635135445667,0.08521460163562247,0.0007658900497820772,2.454523891210556,0.007677220538729065,0.06657918294270834,0.984516711284717,0.013300592516316101,0.06640625,0.7402578741312027,1.5525445938110352
117389.31725453027,2489,163119104,163119104,992.8240082591033,1598.509095058682,2486,100,10.840000009536743,4.71957627402511,22.0,0.0,9.830000066757203,4.870431180240274,19.0,0.0,-0.0002632049800013192,0.11043541273102163,0.0006908835014958944,2.471459356447061,0.0064334064166663065,0.05801391601562499,0.9835966198394697,0.012060426583047956,0.060699462890625,0.7105353325605392,1.5527817010879517
117449.31744745374,2490,163238656,163184640,1992.5269265798102,1092.2631546133434,2487,100,11.210000133514404,4.459360905583621,22.0,0.0,10.750000047683717,4.285732202813169,19.0,0.0,0.0010098492396840204,0.10547373195489249,0.0007280571632387971,2.4673245201508203,0.00769118558067324,0.07352193196614583,0.9812244909505049,0.012693453454024468,0.059844970703125,0.7016067802906036,1.552889347076416
117530.562331222,2492,163315712,163315712,948.4412608650081,1613.2954337637348,2489,100,10.810000038146972,4.507094296704394,19.0,0.0,9.59000005722046,4.978142274545552,19.0,0.0,-0.0002380881451244931,0.13589123275596648,0.0007707505234672377,2.461052174369494,0.007966348416933519,0.07787577311197917,0.974416349704067,0.01336030997723962,0.058837890625,0.6934257298707962,1.5531611442565918
117590.56264303252,2493,163439360,163381248,2060.7892904035502,1092.2609903588175,2489,100,10.810000038146972,4.507094296704394,19.0,0.0,9.59000005722046,4.978142274545552,19.0,0.0,-1.7392195635087203e-05,0.1570548297992597,0.0007818884902614325,2.4581078936656318,0.006847309925433365,0.06757100423177083,0.9673210189988216,0.013471785874571651,0.0629425048828125,0.7190542072057724,1.5533348321914673
117671.97832902893,2495,163512320,163512320,896.1418074056915,1609.9108961112775,2491,100,10.980000019073486,4.651838278005183,22.0,0.0,10.090000104904174,4.604552002651339,19.0,0.0,-0.0018172895579482427,0.0947108109636853,0.000728144911287624,2.4621040473381677,0.007641263827584528,0.07840983072916666,0.9849579011400541,0.012376768902565043,0.0643768310546875,0.7281343787908554,1.553661823272705
117731.97864275798,2496,163632128,163577856,1996.7895591518834,1092.2609554335088,2493,100,11.330000114440917,4.751957476469498,22.0,0.0,9.870000123977661,4.92880309642058,19.0,0.0,-0.0015685791489280139,0.09690772109509756,0.0007514352904157325,2.45747646689415,0.0067130467899308615,0.06829325358072917,0.9807204194366932,0.012543072962823013,0.061676025390625,0.7095419019460678,1.5538030862808228
117814.79374226555,2498,163708928,163708928,927.3671161015701,1582.7065448133465,2493,100,11.330000114440917,4.751957476469498,22.0,0.0,9.870000123977661,4.92880309642058,19.0,0.0,-0.0013790679246691675,0.08843004253382485,0.0007229612098550813,2.4491182317336397,0.008169585267144916,0.0750274658203125,0.9852481453369061,0.0139197845904467,0.064483642578125,0.730322852730751,1.5541108846664429
117874.79434970953,2499,163831808,163774464,2047.979266122285,1092.255608598552,2493,100,11.330000114440917,4.751957476469498,22.0,0.0,9.870000123977661,4.92880309642058,19.0,0.0,-0.0015948883349968432,0.07935153502815713,0.000684175145579502,2.448240722219149,0.005511368060979294,0.0626373291015625,0.9882936154802641,0.01232567613866801,0.06402587890625,0.7195542752742767,1.5543063879013062
117955.89355913363,2501,163905536,163905536,909.1087388341787,1616.1933134829842,2496,100,10.310000038146972,5.266298539482554,22.0,0.0,8.990000104904174,5.264019444331106,19.0,0.0,-0.0008849684187831977,0.1174432288001602,0.0007000993809924694,2.441329248249531,0.007586879679971995,0.06998697916666667,0.9819448540608088,0.013499777211109176,0.063690185546875,0.7239307165145874,1.5546059608459473
118015.89405499585,2502,164029952,163971072,2073.582863143449,1092.2576398451088,2499,100,10.24000005722046,4.874669247127136,22.0,0.0,8.810000133514404,5.009381157248894,19.0,0.0,0.0006907187125761993,0.12340066310328741,0.0007521407897002064,2.432736031711101,0.007349493961252543,0.07512410481770833,0.9728132660190264,0.014628282796669131,0.0755157470703125,0.7916107475757599,1.5547943115234375
118097.6709555611,2504,164102144,164102144,882.792078215245,1602.7998015822889,2499,100,10.24000005722046,4.874669247127136,22.0,0.0,8.810000133514404,5.009381157248894,19.0,0.0,-0.000694772581482539,0.1307887090370059,0.0007602487409409756,2.4469055409232774,0.0076204567515863655,0.08109029134114584,0.9782665440191826,0.013418392511084676,0.0673828125,0.7479558289051056,1.5551235675811768
118157.67118981294,2505,164223232,164167680,2018.1254541732528,1092.2624022586738,2501,100,10.930000114440919,4.856449308629547,19.0,0.0,9.32000002861023,5.1359127110964815,19.0,0.0,0.0007316219598578756,0.11636953494356325,0.0007727843828130668,2.4418106998006506,0.006769069594156463,0.064788818359375,0.9720832519233227,0.013975736452266574,0.0673675537109375,0.7429867386817932,1.5552884340286255
118238.67809194885,2507,164298752,164298752,932.2662391569671,1618.034964231753,2501,100,10.930000114440919,4.856449308629547,19.0,0.0,9.32000002861023,5.1359127110964815,19.0,0.0,-0.0025504385533470972,0.07882134847265358,0.0006928404606393694,2.4269504795471826,0.006407110175132402,0.06385294596354166,0.9836516827344893,0.013228079614539942,0.070587158203125,0.7630258202552795,1.555635690689087
118298.67996543832,2508,164424704,164364288,2099.1344548950688,1092.2325618966213,2504,100,10.530000114440918,4.771697738568689,19.0,0.0,9.840000104904174,4.763863944029346,19.0,0.0,-0.0013697833176896286,0.10598101486296704,0.0007127408674326338,2.406350210309028,0.00795475984341465,0.073516845703125,0.9775848966091872,0.013588586502010003,0.0751953125,0.7828130573034286,1.5558791160583496
118380.8611247763,2510,164495360,164495360,859.7591049965167,1594.9154411529587,2507,100,10.559999942779541,4.758823367762614,19.0,0.0,9.55,4.869034824406507,19.0,0.0,-0.0015702055340322356,0.08184039728560795,0.0007214090480071415,2.4352024321754775,0.00587988733847548,0.0608062744140625,0.9847517895201843,0.013315261069995662,0.0675506591796875,0.7431152313947678,1.5563498735427856
118440.86563840881,2511,164615936,164560896,2009.448834773666,1092.1845046752835,2507,100,10.559999942779541,4.758823367762614,19.0,0.0,9.55,4.869034824406507,19.0,0.0,-0.0013943682497483678,0.07879243628121912,0.0006904732757296491,2.4213002274433775,0.006735634939104784,0.065399169921875,0.9884393078585465,0.01375104058145856,0.0681915283203125,0.7482133656740189,1.5565345287322998
118522.18594359607,2513,164691968,164691968,934.9694375214427,1611.7991650201302,2509,100,9.900000095367432,5.222068527307086,22.0,0.0,9.939999961853028,4.8802048577233155,19.0,0.0,-0.0012934500421882453,0.10957227492084105,0.0007640586233416494,2.3854534824689226,0.009404225504113128,0.0877685546875,0.9753331877291203,0.014610791326655695,0.07769775390625,0.7963884323835373,1.5570309162139893
118582.18617318943,2514,164816384,164757504,2073.5920652836203,1092.262487062977,2509,100,9.900000095367432,5.222068527307086,22.0,0.0,9.939999961853028,4.8802048577233155,19.0,0.0,-0.0007805117614528474,0.09702582366298886,0.0007626157021149994,2.3883318031827607,0.008396074759730254,0.0799560546875,0.9783372345070044,0.014475125091848895,0.082977294921875,0.826335072517395,1.557267189025879
118664.20290952176,2516,164888576,164888576,880.2105915002779,1598.1128469792282,2512,100,11.419999980926514,4.810779526865583,22.0,0.0,9.189999866485596,5.279573869298712,19.0,0.0,0.0009550261432499003,0.1930424948222935,0.0007915392507129582,2.400083320836226,0.007600553887944746,0.07414754231770833,0.9617089374611775,0.014393878605915233,0.076934814453125,0.7967253923416138,1.5576773881912231
118724.20454361849,2517,165012224,164954112,2060.7438757529653,1092.2369196537454,2512,100,11.419999980926514,4.810779526865583,22.0,0.0,9.189999866485596,5.279573869298712,19.0,0.0,0.0011855675923773863,0.12200006225612015,0.0008099187028468198,2.409392515818278,0.007680718271027824,0.07740275065104166,0.9771475810557604,0.014500264029872294,0.0713348388671875,0.7642098218202591,1.5578908920288086
118804.59020434134,2519,165085184,165085184,907.6245606980399,1630.5395616750752,2514,100,10.62000002861023,5.237900363661255,22.0,0.0,8.979999923706055,5.100941031173805,16.0,0.0,-0.0003158838080707937,0.09748973123108347,0.000743795873252869,2.4083282873034477,0.0058732740496149445,0.05958557128906251,0.9818362115571896,0.014419348667919015,0.07403564453125,0.7792735248804092,1.558324933052063
118864.59033839405,2520,165206784,165150720,2026.6621386741767,1092.2642263170299,2514,100,10.62000002861023,5.237900363661255,22.0,0.0,8.979999923706055,5.100941031173805,16.0,0.0,-0.0007387799547965794,0.1392422676241646,0.0007404714597214479,2.4098004202047982,0.0076841361199816065,0.08185831705729166,0.9721696799000105,0.013910361361922696,0.0723419189453125,0.7662943005561829,1.558545470237732
118945.62296138145,2522,165281792,165281792,925.6518823493975,1617.5213780303463,2517,100,10.870000171661378,5.304064548711688,22.0,0.0,9.230000114440918,5.120263714044023,19.0,0.0,0.0006495651953931277,0.12393813681167862,0.0007495824435560886,2.394527815282345,0.006476130740945034,0.05764770507812501,0.972554242859284,0.014515401261936253,0.0835113525390625,0.8329079002141953,1.558990716934204
119005.62323926948,2523,165402880,165347328,2018.123986458358,1092.2616078928957,2517,100,10.870000171661378,5.304064548711688,22.0,0.0,9.230000114440918,5.120263714044023,19.0,0.0,0.0009869284610128186,0.14703406766057014,0.0007697063101659296,2.419487883647283,0.006857120548374951,0.0684051513671875,0.9664438962936401,0.014487112338732308,0.0712432861328125,0.7701314985752106,1.5591850280761719
119086.78178328648,2525,165478400,165478400,930.5243325235016,1615.0117228882468,2520,100,10.71000018119812,5.303385797453625,22.0,0.0,9.189999961853028,5.059041397668546,16.0,0.0,0.0006283349781976236,0.09382063961432625,0.0007255971995618893,2.419532395899296,0.007561174459624454,0.07275899251302083,0.9830067933847507,0.01410318438623411,0.07391357421875,0.7786553204059601,1.5596015453338623
119146.78210002929,2526,165602304,165543936,2065.0557651406507,1092.2609005702616,2523,100,10.690000057220459,5.141390827721687,22.0,0.0,9.430000019073486,4.9300203897510855,19.0,0.0,9.151500610945107e-06,0.14040109138780582,0.000723679932586189,2.4130581816037497,0.008895908571503242,0.08403523763020833,0.9676083767165741,0.014743547925415138,0.0728759765625,0.776985839009285,1.5597758293151855
119228.96088609658,2528,165675008,165675008,884.7052077462708,1594.9615012890517,2523,100,10.690000057220459,5.141390827721687,22.0,0.0,9.430000019073486,4.9300203897510855,19.0,0.0,-0.0003615118330344558,0.07707404186173032,0.0006877653243767176,2.435591258108616,0.006237333670772689,0.054316202799479164,0.9861213347564141,0.013313806877704337,0.073699951171875,0.77825927734375,1.560293197631836
119288.9609964285,2529,165798400,165740544,2056.529551652339,1092.2646581390015,2526,100,10.119999980926513,5.165810614436744,19.0,0.0,8.780000114440918,5.267978771185659,16.0,0.0,-0.0014940878972993232,0.08690524097376814,0.0007134297120501287,2.4096634835004807,0.006880205294388967,0.06643168131510416,0.9762403219938278,0.014036075755332908,0.078338623046875,0.8076296597719193,1.560468077659607
119369.86108275689,2531,165871616,165871616,905.0175756649228,1620.1713242672743,2526,100,10.119999980926513,5.165810614436744,19.0,0.0,8.780000114440918,5.267978771185659,16.0,0.0,0.0014618339579707633,0.08960618059306096,0.0007180374007778785,2.439525368312995,0.006979716446342839,0.06987508138020834,0.985057692353924,0.01284528877780152,0.0753936767578125,0.7927404493093491,1.5608770847320557
119429.86122983508,2532,165994240,165937152,2043.728323535749,1092.263989196559,2529,100,10.15999994277954,4.953221238489857,19.0,0.0,9.360000038146973,5.084328834478522,19.0,0.0,-0.0014248107302895128,0.12409961852245033,0.000764895155953127,2.4403643359740577,0.006107851270523194,0.060663859049479164,0.9745562250415484,0.01361637990339659,0.0664825439453125,0.7361102849245071,1.5610847473144531
119510.86777517758,2534,166068224,166068224,913.3089145721145,1618.0420908682445,2529,100,10.15999994277954,4.953221238489857,19.0,0.0,9.360000038146973,5.084328834478522,19.0,0.0,-0.0006490938297550504,0.1065004036257354,0.0006989986347131586,2.4374701604247093,0.006025535575342171,0.05750528971354167,0.9777797423303127,0.013999410846736282,0.0722503662109375,0.774175226688385,1.5614526271820068
119570.86802414432,2535,166190592,166133760,2039.4582040457078,1092.262134384312,2531,100,9.870000076293945,5.241478835632721,22.0,0.0,9.519999980926514,5.0744063558880494,19.0,0.0,-9.480892913416028e-06,0.09753080344914147,0.0007157286599976942,2.4431541015704474,0.006012144576137264,0.06268310546875,0.9790596570819617,0.014031056188590204,0.0675048828125,0.7452491521835327,1.561650037765503
119651.91505951993,2537,166264832,166264832,916.0112970935581,1617.2337383169026,2531,100,9.870000076293945,5.241478835632721,22.0,0.0,9.519999980926514,5.0744063558880494,19.0,0.0,-0.0013617645781778265,0.12815477144128332,0.0006823573900571015,2.4312619492411613,0.006107586288029173,0.05794779459635417,0.9748618522038063,0.013482186205995578,0.06982421875,0.757009357213974,1.5620213747024536
119711.91555999406,2538,166389248,166330368,2073.582703758507,1092.2575558892547,2534,100,10.3,5.31319109226637,22.0,0.0,8.899999952316284,5.277309774577473,19.0,0.0,-0.0014379721251316366,0.10423657721063743,0.0007240105290596451,2.4229951053857803,0.007040642498395755,0.07554117838541667,0.9784399531781673,0.013633802455539504,0.0736541748046875,0.7760353535413742,1.5622291564941406
119793.84260432608,2540,166461440,166461440,881.1742274922793,1599.862427220025,2537,100,11.05,4.706112967336094,22.0,0.0,9.380000019073487,4.989549064439432,19.0,0.0,-0.0006088097300865531,0.20131051641268036,0.0007557060580438701,2.4278893197576203,0.008712298990455261,0.08812967936197916,0.9659466122587522,0.013394746492849663,0.072357177734375,0.7710024863481522,1.5626486539840698
119853.84335590154,2541,166580992,166526976,1992.508374660193,1092.2529848244312,2539,100,11.900000095367432,4.293017536287888,22.0,0.0,9.45,5.008742216956053,19.0,0.0,-0.0001434015660682537,0.1378831594483927,0.0007888270859742382,2.4605946987867355,0.008016313018742949,0.08802286783854166,0.9723423073689142,0.01258051126690892,0.0670166015625,0.7385492920875549,1.562852144241333
119936.14987331443,2543,166658048,166658048,936.2077563487823,1592.4862832245067,2540,100,11.320000076293946,4.02462416636264,19.0,0.0,9.500000095367431,4.622769730016949,16.0,0.0,-0.00038336386569426395,0.10401482243711749,0.0007107688203783862,2.467226107915242,0.006754581738884251,0.07012939453125,0.9810978006571531,0.012429016516155874,0.0659027099609375,0.7400468587875366,1.5631622076034546
119996.14992066287,2544,166776576,166723584,1975.4651077468247,1092.265804715307,2540,100,11.320000076293946,4.02462416636264,19.0,0.0,9.500000095367431,4.622769730016949,16.0,0.0,-0.0018840673947124742,0.08871090695417176,0.0007002886547221958,2.4655565693974495,0.006079406991072271,0.0645751953125,0.9837797215829294,0.01212086524659147,0.0654296875,0.7357030659914017,1.5633138418197632
120078.843254745,2546,166854656,166854656,944.2115361129476,1585.0370704584561,2542,100,11.060000133514404,4.599608623005265,19.0,0.0,9.599999952316285,5.11468465235801,19.0,0.0,-0.000652487115682258,0.07495872959649812,0.0006858451209457901,2.4508796508113546,0.007111690443101301,0.0723876953125,0.9871160052716732,0.013274828573533645,0.0660247802734375,0.7391077876091003,1.5635944604873657
120138.84352043644,2547,166981120,166920192,2107.7239999299622,1092.2618299232192,2544,100,11.030000019073487,4.807192492047931,22.0,0.0,9.510000085830688,5.020946159592546,19.0,0.0,-0.0011963808901782613,0.1510193896247074,0.0007159750014883078,2.4538020466764765,0.006863645128760254,0.06914265950520834,0.9736924860626459,0.013710866478504613,0.0614013671875,0.7080595642328262,1.5637481212615967
120220.87708592601,2549,167051264,167051264,855.0646260635084,1597.7849946880156,2546,100,11.190000247955322,4.847050732361548,19.0,0.0,9.430000114440919,4.9905010544958275,19.0,0.0,-0.0004086887541537484,0.10268816367412606,0.0007390061067174732,2.4624579896529513,0.006046217425440166,0.0579376220703125,0.9811691138893366,0.013068910746369511,0.0682830810546875,0.7508095800876617,1.5640869140625
120280.8774462305,2550,167175680,167116800,2073.5875479516103,1092.2601075629882,2546,100,11.190000247955322,4.847050732361548,19.0,0.0,9.430000114440919,4.9905010544958275,19.0,0.0,0.00013736507389694452,0.10471475671511143,0.000710053306950916,2.4265361726284027,0.007294755750990589,0.07544962565104166,0.9751537976165612,0.013358038258350765,0.0724334716796875,0.7725274711847305,1.564294457435608
120362.02163720131,2552,167247872,167247872,889.6755163406727,1615.2973913702995,2548,100,11.289999961853027,4.82347386002519,22.0,0.0,10.020000076293945,4.841446012603977,19.0,0.0,-0.0010764864831192729,0.08921507420018317,0.0006873852501788255,2.4263562684257822,0.007312895932651979,0.07297261555989584,0.9791558291763067,0.01407294255720141,0.075469970703125,0.7871291786432266,1.5647199153900146
120422.02191001363,2553,167370752,167313408,2047.9906880484234,1092.2617002924926,2550,100,11.35,4.186585627965058,22.0,0.0,10.389999961853027,4.692323546254272,19.0,0.0,-0.0009196820998719584,0.10621106098794068,0.0006785863576321086,2.4401191721359887,0.00623280545914895,0.062164306640625,0.9823403830329578,0.013681811329054955,0.0693511962890625,0.7597832828760147,1.564875841140747
120503.92406826094,2555,167444480,167444480,900.1960580498412,1600.3485476441622,2552,100,11.49000005722046,4.172517247363591,19.0,0.0,9.430000114440919,5.0621240753944665,19.0,0.0,0.0001868864686305946,0.07586973381694406,0.0006934435884128713,2.421184306343396,0.007368919157670462,0.07548014322916667,0.9849804875751337,0.014233368245186282,0.0720367431640625,0.7705256193876266,1.565268635749817
120563.92417669855,2556,167559680,167510016,1919.9965300026663,1092.2646926237392,2552,100,11.49000005722046,4.172517247363591,19.0,0.0,9.430000114440919,5.0621240753944665,19.0,0.0,-0.0019307440755558976,0.0859720801236108,0.0006664998927590204,2.4465501656134925,0.005959384111217029,0.0577239990234375,0.9876586080839236,0.013919512285307672,0.0657501220703125,0.7346852272748947,1.5654221773147583
120646.56610837765,2558,167641088,167641088,985.0689395319173,1586.022946667741,2554,100,11.49000005722046,4.40339628760455,19.0,0.0,9.470000171661377,4.856861225995169,19.0,0.0,-5.070665793027749e-06,0.10459951303588848,0.0007631862499692943,2.443576452632745,0.00811417127442837,0.07555135091145833,0.9827317216744026,0.014529751177178696,0.0676727294921875,0.746723547577858,1.5657522678375244
120706.566312721,2559,167759360,167706624,1971.193286662713,1092.262946722196,2556,100,11.130000114440918,4.380992994949922,19.0,0.0,9.249999952316283,5.062361015845206,19.0,0.0,-0.0014181647735919494,0.10999134555459024,0.0007509359190104684,2.4333117082715034,0.006339650826096962,0.07285563151041667,0.9778927390774091,0.014600363104060913,0.0672149658203125,0.7416159212589264,1.5659141540527344
120789.02467848547,2561,167837696,167837696,950.0067006391579,1589.5536951870877,2558,100,11.650000095367432,4.157823944816952,19.0,0.0,9.769999980926514,4.717742984794555,19.0,0.0,0.0010210953720767673,0.06930661688481146,0.0007354118812751645,2.425809661547343,0.008099605294167608,0.08044942220052083,0.9858699118097624,0.014269464707467705,0.067535400390625,0.7464643269777298,1.5662788152694702
120849.02470185421,2562,167957760,167903232,2001.0658872933245,1092.2662412517932,2558,100,11.650000095367432,4.157823944816952,19.0,0.0,9.769999980926514,4.717742984794555,19.0,0.0,-0.0008463696334122991,0.07268232786251853,0.0007453510897903469,2.424296873311202,0.00707286940026582,0.07610066731770833,0.9847909087936083,0.014612173186227059,0.071563720703125,0.7691825479269028,1.5664538145065308
120930.83020611852,2564,168034304,168034304,935.6827598383807,1602.2393747065248,2560,100,11.620000076293945,4.314579912183367,22.0,0.0,9.38000020980835,5.007554360252531,19.0,0.0,-0.0008794903624220751,0.09882946211534241,0.00071285225264243,2.4200294613838196,0.007114713799334519,0.07366434733072916,0.9825533721596003,0.014513958876098817,0.0736083984375,0.7806227207183838,1.566774845123291
120990.83080355823,2565,168157184,168099840,2047.9796075944114,1092.2557907170194,2563,100,11.820000076293946,4.439324238119532,19.0,0.0,9.190000104904176,5.070887502458405,19.0,0.0,-0.00030339847580762585,0.1464736903241525,0.0007439247110596624,2.425911925733089,0.009472123869879093,0.08880615234375,0.9756454533586899,0.014197786503549043,0.0690765380859375,0.7534475326538086,1.5669726133346558
121071.64512248524,2567,168230912,168230912,912.3135723830624,1621.8907953476664,2563,100,11.820000076293946,4.439324238119532,19.0,0.0,9.190000104904176,5.070887502458405,19.0,0.0,-0.0007735037409778064,0.08798405440757051,0.0007066380009443189,2.4045855700969696,0.006278913701559456,0.0615081787109375,0.9812263436615467,0.013239805499324573,0.076568603515625,0.7927113026380539,1.5674000978469849
121131.64512997307,2568,168355584,168296448,2077.866407354705,1092.2665303548347,2564,100,11.070000076293946,4.862622728884565,22.0,0.0,9.450000190734864,5.156306858744925,19.0,0.0,-0.0005451510805869475,0.07372204551938921,0.0006727980077509225,2.4090575873851776,0.00678587588724137,0.06421915690104167,0.9883864894509315,0.013909097256449362,0.0688629150390625,0.7490919828414917,1.5675934553146362
121211.88277028129,2570,168427520,168427520,896.536833880867,1633.5475407366687,2567,100,10.140000152587891,5.02199165207917,19.0,0.0,9.0,4.917316248913885,16.0,0.0,-0.0011650996117775017,0.10506572000061472,0.0007369940722128376,2.4173981621861462,0.007532858372239085,0.07361857096354166,0.9763982022802035,0.013512553947900111,0.07147216796875,0.7649129778146744,1.5680856704711914
121271.8830854781,2571,168549888,168493056,2039.4559528330856,1092.260928713954,2567,100,10.140000152587891,5.02199165207917,19.0,0.0,9.0,4.917316248913885,16.0,0.0,-0.0015923372726926268,0.10681313330618043,0.00069549489307974,2.4255615274111433,0.00753897441366765,0.076446533203125,0.9808792987217506,0.013428597526702408,0.0771942138671875,0.8014687746763229,1.5682648420333862
121353.44576586597,2573,168624128,168624128,910.2202091318402,1607.0094726741456,2569,100,10.490000009536743,5.131266804563857,19.0,0.0,9.539999961853027,4.756931782662557,16.0,0.0,-5.378825881052765e-05,0.12982528773136437,0.0006809174058920083,2.4217314397295318,0.0057234824459252796,0.05686442057291667,0.9732093426088493,0.013462820352287963,0.072418212890625,0.7773612588644028,1.5686111450195312
121413.4462592639,2574,168748032,168689664,2065.0496851457856,1092.257684705209,2569,100,10.490000009536743,5.131266804563857,19.0,0.0,9.539999961853027,4.756931782662557,16.0,0.0,-0.0021712642349787834,0.08193709020270036,0.0006397508738397543,2.432591420908769,0.007296317496487367,0.0709381103515625,0.9879885017871857,0.012905479001346976,0.068389892578125,0.7478605955839157,1.5687896013259888
121495.0601438377,2576,168820736,168820736,890.8288139900354,1606.0012421228807,2572,100,10.380000114440918,4.876022992960371,19.0,0.0,9.17999997138977,4.790365350448297,16.0,0.0,0.001392742466123309,0.13002106287361434,0.0006870722111974221,2.4130956580241523,0.007285989128528551,0.07039388020833334,0.9750558628390232,0.014068583560098583,0.0777740478515625,0.8041465878486633,1.569259762763977
121555.06632094085,2577,168946432,168886272,2094.717678547266,1092.1542275114055,2572,100,10.380000114440918,4.876022992960371,19.0,0.0,9.17999997138977,4.790365350448297,16.0,0.0,0.0022485840078540304,0.1059293318539858,0.0007065279132802971,2.4165166964133578,0.007676775712752715,0.06459554036458334,0.9731390010565518,0.014689292196029177,0.0773162841796875,0.8010566830635071,1.5694146156311035
121635.46192626096,2579,169017344,169017344,882.0382621369654,1630.33787080912,2575,100,10.300000095367432,5.222068568221731,19.0,0.0,9.030000019073487,4.9080648050508,16.0,0.0,-0.0006838853563143251,0.08905179379507899,0.0006805531144588409,2.412789878745874,0.006176878043334,0.06951904296874999,0.9769964708636205,0.01377527757237355,0.0742340087890625,0.7808362692594528,1.569883108139038
121695.46206204407,2580,169137920,169082880,2009.5954521814588,1092.2641948162493,2575,100,10.300000095367432,5.222068568221731,19.0,0.0,9.030000019073487,4.9080648050508,16.0,0.0,-0.001253402246220503,0.06772400299087167,0.0006602698170657579,2.4151091277599335,0.0066839836302582025,0.06859334309895833,0.986127782613039,0.013521739436934393,0.07452392578125,0.7802460342645645,1.5701158046722412
121776.36272285134,2582,169213952,169213952,939.8192702175121,1620.1598193648695,2578,100,10.270000076293945,5.418219221020899,19.0,0.0,9.190000057220459,5.0708875394231905,19.0,0.0,-0.0015588490629549294,0.10842005826998502,0.0006324786002854428,2.4181507031122846,0.0066272057095678365,0.062713623046875,0.9810811771700779,0.013289397572710488,0.074371337890625,0.7854553163051605,1.5704361200332642
121836.36301624589,2583,169332992,169279488,1983.9902984676305,1092.2613256079858,2578,100,10.270000076293945,5.418219221020899,19.0,0.0,9.190000057220459,5.0708875394231905,19.0,0.0,0.000237722001960113,0.11784168193116785,0.0006980540480678125,2.4038298130035405,0.00971641805881518,0.09125773111979167,0.9668255789826314,0.015072540593488762,0.08038330078125,0.8181317448616028,1.570620059967041
121918.20584485307,2585,169410560,169410560,947.7678291435384,1601.5086749884213,2581,100,9.110000038146973,5.296970883423078,19.0,0.0,10.030000114440918,4.519856203376763,19.0,0.0,-0.001653556808984528,0.09553040257499865,0.0006341428361338332,2.4344126135110855,0.006684641520526687,0.06732177734375001,0.9834742272893588,0.012965698018282032,0.0702667236328125,0.7596208602190018,1.5710272789001465
121978.20596627705,2586,169534208,169476096,2060.795829499658,1092.2644562151395,2581,100,9.110000038146973,5.296970883423078,19.0,0.0,10.030000114440918,4.519856203376763,19.0,0.0,0.00023433589133977273,0.07213893476485585,0.0006378648928754652,2.4136445050438247,0.007350242528749126,0.07033793131510417,0.9829365592449903,0.013633435863691071,0.0734710693359375,0.7779043167829514,1.5712250471115112
122058.55800428241,2588,169607168,169607168,908.0043494992226,1631.2218489249192,2584,100,9.460000038146973,5.554133618553484,19.0,0.0,9.270000171661376,5.009700616065326,19.0,0.0,-0.00037841825663538964,0.08024751282452296,0.0006872782693487048,2.3918860554695125,0.00758861758125325,0.065032958984375,0.9783437891552846,0.014623718316822002,0.0787353515625,0.8015958070755005,1.5716809034347534
122118.55857276544,2589,169727744,169672704,2009.5809597889554,1092.2563178470755,2584,100,9.460000038146973,5.554133618553484,19.0,0.0,9.270000171661376,5.009700616065326,19.0,0.0,-0.000629440580572312,0.12090425274800508,0.0006906047201482579,2.3971357668439546,0.008920011432564934,0.08330281575520833,0.9724529323478539,0.014511902224815762,0.0767364501953125,0.7927612066268921,1.571929693222046
122200.75546265393,2591,169803776,169803776,924.9985018063551,1594.6102118681945,2587,100,9.909999990463257,5.374188265229975,19.0,0.0,9.330000019073486,5.053820335643911,19.0,0.0,-0.0004918125475038929,0.07811001874506474,0.0006158132552324485,2.420160954197248,0.005298306979966583,0.049748738606770836,0.9868339970707893,0.013702311106802275,0.0710296630859375,0.7705478519201279,1.572327971458435
122260.75560500659,2592,169922560,169869312,1979.728636339523,1092.2640752218058,2587,100,9.909999990463257,5.374188265229975,19.0,0.0,9.330000019073486,5.053820335643911,19.0,0.0,-0.0010105485440969157,0.06471202644752339,0.0006291730369412107,2.401896434525649,0.007581412455086441,0.06932576497395833,0.9877254528303941,0.013691054579491416,0.0787353515625,0.8038176596164703,1.5725427865982056
122342.38624758646,2594,170000384,170000384,953.3674799124119,1605.6715451156413,2590,100,9.880000019073487,5.2579082538755175,19.0,0.0,9.22000002861023,5.048920703821059,16.0,0.0,9.072206739801911e-05,0.07772578599785143,0.0006505773726530606,2.3969104140996933,0.008884347722414532,0.08732604980468749,0.9855924701939027,0.01459030999103561,0.0769500732421875,0.8000618666410446,1.572953224182129
122402.38674770296,2595,170120704,170065920,2005.3166184679474,1092.2575623995629,2590,100,9.880000019073487,5.2579082538755175,19.0,0.0,9.22000002861023,5.048920703821059,16.0,0.0,-0.00026434814208187163,0.134830002207309,0.0006633032116951654,2.3969120954473815,0.009887859131898344,0.08700052897135417,0.9726836010813714,0.014507481217151508,0.0764617919921875,0.7944917529821396,1.573164939880371
122482.86929680221,2597,170196992,170196992,947.8825019063588,1628.5766475706569,2593,100,9.870000076293945,5.315364431895792,19.0,0.0,9.360000038146973,4.8114862728696925,16.0,0.0,0.00012332134307750187,0.1240292511647567,0.0006462135315814521,2.42672977099816,0.005797743819736449,0.0610198974609375,0.9823006161799033,0.013079110911348836,0.0712890625,0.7685655951499939,1.5735931396484375
122542.86944601312,2598,170324480,170262528,2124.794715957272,1092.2639503716096,2593,100,9.870000076293945,5.315364431895792,19.0,0.0,9.360000038146973,4.8114862728696925,16.0,0.0,-0.0008036164072109386,0.12836829735897481,0.0006687964111430725,2.422322951257229,0.007094524304193329,0.06573994954427083,0.9810889990379412,0.013771066713767748,0.0660552978515625,0.7368088215589523,1.5737342834472656
122624.70014444739,2600,170393600,170393600,844.670781534704,1601.7460746139573,2596,100,10.750000095367431,4.918078922096839,22.0,0.0,9.509999990463257,5.068520540497138,19.0,0.0,-0.001505779443201997,0.08027499079859506,0.0006737872263329335,2.414004072546959,0.006641723002758227,0.0658111572265625,0.981775981063644,0.013778969189540174,0.0756683349609375,0.7923259139060974,1.5740584135055542
122684.70038075,2601,170517504,170459136,2065.058533687833,1092.262364925796,2596,100,10.750000095367431,4.918078922096839,22.0,0.0,9.509999990463257,5.068520540497138,19.0,0.0,-0.0014310892547655385,0.10100190640271953,0.0006589369622815865,2.4111001789569855,0.007699732211525164,0.07814025878906249,0.9848303198814391,0.013057056601004055,0.073883056640625,0.7828658223152161,1.5742664337158203
122766.30415033363,2603,170590208,170590208,890.9392344368713,1606.2003099706976,2598,100,10.630000114440918,4.8675558965903996,19.0,0.0,9.710000038146973,4.739820648732615,16.0,0.0,3.484220966735546e-05,0.07872405974194407,0.0007035737835394683,2.408894680440426,0.007262720587580892,0.0648040771484375,0.9835774482538303,0.01406711640690143,0.07440185546875,0.7845584452152252,1.5747084617614746
122826.3042474892,2604,170711040,170655744,2013.8634056991823,1092.2648980063361,2598,100,10.630000114440918,4.8675558965903996,19.0,0.0,9.710000038146973,4.739820648732615,16.0,0.0,-0.000422180210686444,0.10134695893308769,0.0006672764629911399,2.404884785413742,0.008063379962550243,0.07621256510416667,0.9780233204364777,0.013583618672176574,0.076324462890625,0.7968543469905853,1.574887752532959
122908.32340806164,2606,170786816,170786816,923.8816816843002,1598.065611562033,2601,100,10.530000019073487,4.962771511100774,19.0,0.0,8.860000133514404,5.249800057443025,19.0,0.0,-0.001218121647980297,0.13128462779180455,0.0006923159689904423,2.4131855616966886,0.006445168484788155,0.062321980794270836,0.9734556507319211,0.013998769621442383,0.073974609375,0.7854633182287216,1.5752511024475098
122968.32378123328,2607,170904832,170852352,1966.92110001371,1092.2598733264854,2604,100,10.910000228881836,5.079557054955239,22.0,0.0,9.450000143051147,4.905863820744302,19.0,0.0,0.0005393980609369464,0.08201989450026304,0.0006969558247268044,2.405420385301113,0.006640530196818872,0.06456502278645833,0.9837689890215795,0.014544124976964667,0.07275390625,0.7772551774978638,1.5754032135009766
123050.8524939157,2609,170983424,170983424,952.2988720595387,1588.1987703403381,2604,100,10.910000228881836,5.079557054955239,22.0,0.0,9.450000143051147,4.905863820744302,19.0,0.0,-3.680640171902839e-06,0.12782369658816606,0.0007327322055061813,2.399230708678563,0.008435972943213224,0.08285013834635417,0.9797910389800867,0.01404136192286387,0.073211669921875,0.7805777043104172,1.5758135318756104
123110.8526184652,2610,171103488,171048960,2001.0625128113031,1092.2643993170439,2607,100,10.4,5.124451152546197,19.0,0.0,9.5,5.197114628435971,19.0,0.0,-0.002120464574545622,0.13416508686107892,0.0007294803375164823,2.4035090605417886,0.006834623443864985,0.06529235839843751,0.9746424549569687,0.014311311679193752,0.07598876953125,0.7945738732814789,1.5759918689727783
123192.48313936219,2612,171180032,171180032,937.6884914968866,1605.6739386167424,2607,100,10.4,5.124451152546197,19.0,0.0,9.5,5.197114628435971,19.0,0.0,-0.001711442998688047,0.06135726000259941,0.0006818672627559863,2.4335550169150033,0.0070058332039479865,0.06646728515625,0.9910492145766815,0.013789484083342057,0.0664825439453125,0.7357707768678665,1.5763903856277466
123252.49096957035,2613,171300864,171245568,2013.6038843736433,1092.1241406772303,2609,100,10.390000104904175,5.067336434127637,19.0,0.0,9.469999933242798,5.150640837915523,19.0,0.0,-0.0011603681802322778,0.09040334366727622,0.0006928628566432357,2.4191121856371565,0.00682118523097112,0.06609090169270833,0.9839018403242031,0.01433086001391833,0.07080078125,0.7592405378818512,1.5765860080718994
123334.40439271368,2615,171376640,171376640,925.0742685653811,1600.128464545524,2612,100,11.360000038146973,4.566223815838616,19.0,0.0,10.45,4.26468046701593,19.0,0.0,0.00019044300521879143,0.12460812402423471,0.0006612835471363117,2.4372832650939626,0.008007180998902186,0.07096354166666667,0.9776257866372665,0.013274895560850078,0.071502685546875,0.7724620848894119,1.5768600702285767
123394.4047405161,2616,171503104,171442176,2107.7211154917477,1092.2603351536181,2612,100,11.360000038146973,4.566223815838616,19.0,0.0,10.45,4.26468046701593,19.0,0.0,6.163294407694292e-05,0.09070190538962682,0.000738000477819393,2.435476797322432,0.009522395766301392,0.07578023274739584,0.9818040449172258,0.01351459592115134,0.0681304931640625,0.7476562559604645,1.5770268440246582
123475.09164032154,2618,171573248,171573248,869.3356687285873,1624.4520525147323,2614,100,10.769999980926514,4.471811700343178,19.0,0.0,9.610000085830688,4.666679663373984,16.0,0.0,0.0005643539698212408,0.14011711964849383,0.000745508642163865,2.4219569936394687,0.00815975119318561,0.07794698079427083,0.9698163972546656,0.01468119210524795,0.0729217529296875,0.774809256196022,1.5773742198944092
123535.09180600569,2619,171700736,171638784,2124.7941325882175,1092.2636504871157,2616,100,10.030000019073487,5.146756186263657,19.0,0.0,9.330000114440917,4.9518784791847095,19.0,0.0,-0.000420784241820608,0.1663812247570604,0.0007219192114765368,2.4441283916433654,0.005035702101546728,0.051605224609375,0.9688971322029828,0.012871410581283271,0.06561279296875,0.7363010346889496,1.5775059461593628
123617.10578818247,2621,171769856,171769856,842.7831226511134,1598.1665140643336,2616,100,10.030000019073487,5.146756186263657,19.0,0.0,9.330000114440917,4.9518784791847095,19.0,0.0,-2.0810516919785526e-05,0.12875142755607763,0.0007017922926024767,2.443473912775517,0.006240664597498835,0.06409200032552084,0.9743648916482925,0.013121714340134835,0.068878173828125,0.7561666369438171,1.5777698755264282
123677.10614405759,2622,171889920,171835392,2001.054797906409,1092.2601881962487,2618,100,9.810000038146972,5.170483468341382,19.0,0.0,9.780000019073487,4.910356315973373,19.0,0.0,8.43888058928618e-05,0.13719374946473786,0.0007165336022202003,2.4421671057740846,0.0065648460968077416,0.061976114908854164,0.9753742118676504,0.012720736684665704,0.0691070556640625,0.754419133067131,1.5779163837432861
123759.44501642324,2624,171966464,171966464,929.6216695812954,1591.8605178114487,2618,100,9.810000038146972,5.170483468341382,19.0,0.0,9.780000019073487,4.910356315973373,19.0,0.0,0.0003120178977648418,0.13559380270695934,0.0007335765058087418,2.436075501143933,0.007974827364402396,0.07973225911458334,0.9661655059705178,0.012738123652525246,0.0688018798828125,0.7486207634210587,1.5782666206359863
123819.44881303422,2625,172090880,172032000,2073.4687974265744,1092.1975558460967,2621,100,9.759999990463257,5.316239264017219,19.0,0.0,9.249999904632569,5.0741994340881424,19.0,0.0,7.891330460552129e-05,0.12468559174643208,0.0007527432480856079,2.4578529074788094,0.005793945398788006,0.060907999674479164,0.9791747170190016,0.011850414070067929,0.061767578125,0.7105714529752731,1.578406572341919
123900.48676750436,2627,172163072,172163072,890.8418342000243,1617.4149613844413,2621,100,9.759999990463257,5.316239264017219,19.0,0.0,9.249999904632569,5.0741994340881424,19.0,0.0,-0.0007315614493563771,0.11411545666245122,0.0006963483829167672,2.435976502796014,0.007145979418661834,0.07297770182291666,0.9762152582406998,0.012866489375786236,0.0694427490234375,0.7574290186166763,1.578739881515503
123960.49100201018,2628,172284416,172228608,2022.257278996467,1092.1895852807922,2624,100,9.749999952316283,5.231395511797556,19.0,0.0,8.74000005722046,5.0410713617821035,19.0,0.0,3.180008692046002e-05,0.09332057635765523,0.0007394696100770186,2.424983280400435,0.007507378488905185,0.07288614908854167,0.9763073989500602,0.014051432323564466,0.066802978515625,0.7424197047948837,1.5789070129394531
124043.21049110778,2630,172359680,172359680,909.870223100641,1584.5358987330892,2624,100,9.749999952316283,5.231395511797556,19.0,0.0,8.74000005722046,5.0410713617821035,19.0,0.0,0.0015570286608029467,0.12744398904033005,0.0007034193567960755,2.433759438494841,0.007593980028104852,0.07054646809895833,0.9757645751039187,0.013096124758400643,0.0661773681640625,0.7394506633281708,1.5792195796966553
124103.21071497723,2631,172483840,172425216,2069.325612353284,1092.2625912627645,2627,100,8.880000019073487,5.497781296960306,19.0,0.0,8.940000057220459,5.315674991243869,19.0,0.0,-0.0005822060629725456,0.09113820925510178,0.000712134497613685,2.4235243598620095,0.006949329690542072,0.0668792724609375,0.9791876692324877,0.014120029334056502,0.068359375,0.7504002749919891,1.5793735980987549
124183.97694701701,2633,172556288,172556288,897.0085414448641,1622.8564424726871,2627,100,8.880000019073487,5.497781296960306,19.0,0.0,8.940000057220459,5.315674991243869,19.0,0.0,-0.0014650813633731254,0.10338987518722813,0.0007411837129135772,2.39029810577631,0.007760382164633484,0.07441202799479166,0.9752529772619407,0.015117326421507944,0.0792236328125,0.8136963695287704,1.5797005891799927
124243.97784134746,2634,172675584,172621824,1988.2370309849562,1092.250386120491,2630,100,10.420000076293945,5.202268715797469,19.0,0.0,9.539999961853027,4.756931734592569,16.0,0.0,-0.00015485273252124898,0.11685034326122454,0.0007580711559664147,2.408081832031409,0.009121537714842514,0.08608500162760416,0.9756536160906156,0.014820276972992968,0.0722503662109375,0.770195797085762,1.57988440990448
124326.47630233504,2636,172752896,172752896,937.1326334395081,1588.781153380888,2633,100,11.350000095367431,4.355169417947566,19.0,0.0,9.28999991416931,5.028508645804444,19.0,0.0,0.00015684824757045138,0.12533047411125153,0.0007266751029722703,2.426500710348288,0.005821508439718552,0.05989074707031251,0.9714837254335483,0.01482892963880052,0.0712738037109375,0.7679650485515594,1.5801682472229004
124386.4763206169,2637,172870656,172818432,1962.6660686468251,1092.2663338556245,2633,100,11.350000095367431,4.355169417947566,19.0,0.0,9.28999991416931,5.028508645804444,19.0,0.0,0.0007784573596533544,0.10179605078883469,0.0006991827667661711,2.4376340210437775,0.006937484375763839,0.07073465983072917,0.9798190233608087,0.014814450357031697,0.0677337646484375,0.7466763854026794,1.5803755521774292
124468.97327846847,2639,172949504,172949504,955.7685768469314,1588.8101017715223,2635,100,11.55,4.313641244732821,19.0,0.0,9.09000015258789,4.876669001228516,16.0,0.0,-0.0008952576584609535,0.15125578894124678,0.0007371743001082601,2.4254867608348527,0.007596165383195815,0.0807342529296875,0.9637326244264841,0.014936187760516379,0.0664825439453125,0.7399298846721649,1.5806366205215454
124528.97329703718,2640,173075712,173015040,2103.4660156891773,1092.2663286337308,2635,100,11.55,4.313641244732821,19.0,0.0,9.09000015258789,4.876669001228516,16.0,0.0,0.0021363823010081737,0.1720287771119426,0.0007478690173835882,2.4247727021574974,0.008363476628195105,0.07861328125,0.9614185759176811,0.01415604452874201,0.0648956298828125,0.7278435379266739,1.5807826519012451
124609.12867759354,2642,173146112,173146112,878.2941271234992,1635.2239748626603,2638,100,10.490000152587891,4.780156842234704,19.0,0.0,9.060000038146972,4.904732452465044,16.0,0.0,0.00047197695069674717,0.09622227109503001,0.0006769863945616331,2.445622672637304,0.008069097371844691,0.07906087239583333,0.9825834035873413,0.012873163980354244,0.06939697265625,0.755153477191925,1.5810904502868652
124669.12891441025,2643,173273600,173211648,2124.7916135642135,1092.262355567146,2638,100,10.490000152587891,4.780156842234704,19.0,0.0,9.060000038146972,4.904732452465044,16.0,0.0,-0.0014955822747045506,0.10107003408484161,0.0007227168183211081,2.427265865107377,0.00743901793915332,0.07194010416666667,0.9742518874506155,0.013529550235640878,0.0693511962890625,0.7524701356887817,1.5812668800354004
124749.29510459118,2645,173342720,173342720,862.2088669051466,1635.0034809460558,2640,100,10.200000047683716,5.466260252393342,19.0,0.0,8.670000076293945,5.33114439533124,19.0,0.0,0.0002827141749245735,0.1525285841586689,0.0006789081417082344,2.453007238606612,0.008283152392323245,0.08247375488281249,0.9675189026941856,0.012729938083793968,0.0680694580078125,0.7504695802927017,1.5815191268920898
124809.29519097693,2646,173467136,173408256,2073.5970145125457,1092.2650940642216,2640,100,10.200000047683716,5.466260252393342,19.0,0.0,8.670000076293945,5.33114439533124,19.0,0.0,-0.0012103129192837516,0.07429286907427013,0.0006582775004062569,2.4435907304286957,0.005194373619209122,0.057703653971354164,0.9849443597098192,0.012924224545713514,0.0687103271484375,0.7496292293071747,1.581679344177246
124889.91212339699,2648,173539328,173539328,895.4942570109049,1625.8619134382388,2644,100,9.969999980926513,5.135085176003669,19.0,0.0,9.290000057220459,4.926043109317749,19.0,0.0,0.0006730890636390541,0.11154015098387997,0.0006721734110518204,2.4119675656159716,0.008466063517213721,0.07779947916666667,0.9676698725670575,0.014059358567465097,0.0796051025390625,0.8133994936943054,1.5820266008377075
124949.91264324635,2649,173664768,173604864,2090.648552961463,1092.2572031798663,2644,100,9.969999980926513,5.135085176003669,19.0,0.0,9.290000057220459,4.926043109317749,19.0,0.0,-0.0007703750646517923,0.05721892400955161,0.0006728553950476149,2.410837285220623,0.0051268688239360935,0.052093505859375,0.9892269112169743,0.013690001486490171,0.076568603515625,0.7888361513614655,1.5822664499282837
125031.1133195702,2651,173735936,173735936,876.4459019548866,1614.173747485259,2646,100,9.970000076293946,5.290472574843456,22.0,0.0,9.22000002861023,5.019123434993976,19.0,0.0,-0.00044691242510452867,0.08783860496866207,0.0006846793348813662,2.402734473347664,0.008963657046479057,0.080535888671875,0.9813003757347664,0.014649948017904537,0.076934814453125,0.7959917634725571,1.582581877708435
125091.11347028613,2652,173858560,173801472,2043.7281996266522,1092.263922973743,2649,100,10.250000095367431,5.2237438362439965,19.0,0.0,8.34000005722046,5.2177006461263264,19.0,0.0,-0.0012635395105462521,0.14293969562277198,0.0006898586016177433,2.3810401608546576,0.008635515405330807,0.08933512369791666,0.9697742331773042,0.014611494397589317,0.083709716796875,0.8334394246339798,1.5827698707580566
125172.89835131727,2654,173932544,173932544,904.6170767409884,1602.6434023923393,2649,100,10.250000095367431,5.2237438362439965,19.0,0.0,8.34000005722046,5.2177006461263264,19.0,0.0,-0.0009049220801292299,0.12064740546823789,0.0007042115751877038,2.4201615303754807,0.009096160130260007,0.09065246582031251,0.9770219425360361,0.013495481291708225,0.074462890625,0.7794202268123627,1.5832562446594238
125232.89860432968,2655,174052352,173998080,1996.791579782707,1092.2620607358397,2652,100,10.620000123977661,4.894445852817075,19.0,0.0,9.630000114440918,4.761627955469743,19.0,0.0,0.00013783943480423963,0.09304134503084546,0.0007032237808743957,2.4055615464846296,0.010260117492483308,0.09244283040364583,0.9754546346763769,0.012958814312393468,0.0722808837890625,0.765552744269371,1.5834641456604004
125315.33741840348,2657,174129152,174129152,931.6000098114821,1589.9306834115962,2652,100,10.620000123977661,4.894445852817075,19.0,0.0,9.630000114440918,4.761627955469743,19.0,0.0,0.0004790625947255952,0.0633952534602334,0.0006471557547532333,2.419802278280258,0.00765090051390871,0.07549031575520834,0.9893814399838448,0.012590185089114433,0.0734710693359375,0.7804780453443527,1.583843469619751
125375.33754796162,2658,174256384,174194688,2120.528754470434,1092.2643081376882,2652,100,10.620000123977661,4.894445852817075,19.0,0.0,9.630000114440918,4.761627955469743,19.0,0.0,-0.0020429129641949353,0.07636295274520914,0.0006504831035272217,2.4039462183912597,0.006041785559015503,0.0654449462890625,0.9820798511306446,0.013265395410902176,0.08209228515625,0.827484592795372,1.584008812904358
125456.37706134282,2660,174325760,174325760,856.0762164706669,1617.3838480921822,2654,100,10.189999961853028,5.039236041704513,19.0,0.0,9.13000020980835,4.892146889552807,16.0,0.0,-0.00010148664174873076,0.12735164836825183,0.0006938878668734105,2.4031821712851524,0.008019521446234043,0.07985432942708333,0.9761442778011163,0.013745952533402791,0.0735931396484375,0.7737244963645935,1.5843778848648071
125516.3770784568,2661,174444800,174391296,1983.9994340977694,1092.2663551161913,2658,100,9.819999933242798,4.9987597334136495,16.0,0.0,8.519999980926514,5.367457483385869,19.0,0.0,-0.0008584763454564381,0.112093147666504,0.0006754910203502126,2.399270497262478,0.00810891846837573,0.080718994140625,0.9761219720045726,0.013207717497910682,0.0753631591796875,0.7885979562997818,1.5845468044281006
125598.5115706902,2663,174522368,174522368,944.4022589143267,1595.821638825529,2658,100,9.819999933242798,4.9987597334136495,16.0,0.0,8.519999980926514,5.367457483385869,19.0,0.0,-0.00025042584578235016,0.08000164585731302,0.0006739488677946307,2.3974628398815794,0.0075011998675715095,0.080413818359375,0.9849277964482704,0.01426803686384422,0.074462890625,0.7751768827438354,1.5849992036819458
125658.51189710572,2664,174650368,174587904,2133.3217275111783,1092.2607244857234,2661,100,11.680000114440919,4.401999605914263,19.0,0.0,8.910000038146972,5.010179579784956,19.0,0.0,-0.0015492687865238017,0.08949038285451631,0.0006428972064895788,2.3817385906974478,0.006363547994624242,0.0677947998046875,0.9776819174488385,0.014127266108213613,0.0835723876953125,0.8312589228153229,1.5852241516113281
125738.52721418254,2666,174718976,174718976,857.4358323686229,1638.086366316175,2661,100,11.680000114440919,4.401999605914263,19.0,0.0,8.910000038146972,5.010179579784956,19.0,0.0,-0.0005865405886045967,0.07571218187998359,0.000672083739724864,2.4161489506562552,0.007325277577668507,0.0762786865234375,0.9828078374266624,0.014332318697900822,0.0698699951171875,0.7548439651727676,1.5856187343597412
125798.52762909047,2667,174837504,174784512,1975.453006147965,1092.2591135504947,2663,100,11.270000076293945,4.120327652522317,19.0,0.0,9.580000019073486,5.044164960525809,19.0,0.0,-0.0003594554339845975,0.08918454928789286,0.0006690769720686756,2.4031966999173164,0.007005022846594026,0.06896464029947917,0.9763290844857693,0.013805749991054958,0.08160400390625,0.8239952176809311,1.5857843160629272
125881.45714449324,2669,174915584,174915584,941.5224437377764,1580.5229219466933,2663,100,11.270000076293945,4.120327652522317,19.0,0.0,9.580000019073486,5.044164960525809,19.0,0.0,0.00017105915321735662,0.1462877776939422,0.0007083637016573144,2.4174142628908157,0.007906367968341026,0.07459513346354167,0.9693499313046534,0.014117418400322398,0.0748138427734375,0.7858123034238815,1.5861204862594604
125941.45746992901,2670,175036928,174981120,2022.3890307043903,1092.2607423213585,2666,100,10.780000114440918,4.594736128473871,19.0,0.0,9.65,4.594289991180085,16.0,0.0,0.0001541223343034896,0.11835992359556258,0.000681968009303091,2.4195133099953336,0.007136726000074608,0.0780792236328125,0.9768452395995458,0.013673637644387782,0.0761871337890625,0.7958204746246338,1.586289405822754
126023.82165947556,2672,175112192,175112192,913.7951871360066,1591.3712102504605,2666,100,10.780000114440918,4.594736128473871,19.0,0.0,9.65,4.594289991180085,16.0,0.0,0.0009078924291922401,0.08842509856913239,0.0006847470364543066,2.426404468715191,0.006312573643299402,0.058904012044270836,0.9813704794893662,0.013622769474750385,0.07623291015625,0.7920964956283569,1.5866575241088867
126083.82183999196,2673,175234816,175177728,2043.7271845623738,1092.2633804759241,2669,100,11.2,4.576024515961641,22.0,0.0,9.189999961853028,5.017359873571227,19.0,0.0,0.0009070607375178951,0.13524760538712144,0.0007019557003028846,2.4348820075392723,0.006394066740540438,0.06771341959635417,0.9631491259982189,0.014055682016381374,0.0699920654296875,0.7607160210609436,1.5868051052093506
126166.06150031462,2675,175308800,175308800,899.6146106358514,1593.7809018877367,2669,100,11.2,4.576024515961641,22.0,0.0,9.189999961853028,5.017359873571227,19.0,0.0,-0.0024831237436349816,0.11704420729074627,0.0006503498043457512,2.447196697195371,0.0064129225599269075,0.06056722005208333,0.9749347561349471,0.012278362710882599,0.069488525390625,0.7538356930017471,1.5871042013168335
126226.06153257377,2676,175431424,175374336,2043.7322345155426,1092.2660794070541,2672,100,11.2,4.81871358469545,22.0,0.0,9.100000047683716,5.129327389416054,19.0,0.0,0.00013761079026153317,0.10989832086488603,0.0006744345325084093,2.4716698080301285,0.005091926856039208,0.055613199869791664,0.9780114864309629,0.012000504066236317,0.06182861328125,0.7139640003442764,1.5871832370758057
126307.38303186372,2678,175505408,175505408,909.7717165323828,1611.775497801315,2675,100,10.620000076293945,4.991552990681548,19.0,0.0,9.460000038146973,4.8258056057180365,16.0,0.0,0.0006939000862378939,0.14605872092458108,0.0006704937489606284,2.4588104064265885,0.005374237526363383,0.057200113932291664,0.9622511938214302,0.0120934210329627,0.068695068359375,0.7537955939769745,1.5875190496444702
126367.3834082149,2679,175624960,175570944,1992.5208352072848,1092.2598154455352,2675,100,10.620000076293945,4.991552990681548,19.0,0.0,9.460000038146973,4.8258056057180365,16.0,0.0,-0.0011258919027265317,0.1013643485493958,0.0006830255588283761,2.472559032340844,0.006237707470063469,0.0670166015625,0.9808535557240248,0.012129793777906647,0.0604400634765625,0.7010536193847656,1.587651252746582
126449.73651783355,2681,175702016,175702016,935.6780861927604,1591.585316048815,2677,100,10.030000019073487,5.19895175944463,22.0,0.0,9.480000162124634,4.936557539499877,19.0,0.0,-0.0007756981722195633,0.12049744270431499,0.0006554475949087646,2.4492091958721476,0.006901851423511593,0.07132466634114584,0.9759774270157019,0.013096578234884268,0.0684814453125,0.7514663487672806,1.5880157947540283
126509.73680763505,2682,175823872,175767552,2030.9235239216625,1092.2613910166924,2677,100,10.030000019073487,5.19895175944463,22.0,0.0,9.480000162124634,4.936557539499877,19.0,0.0,0.0003481848810527784,0.09968899935483932,0.0006468621340900427,2.4578528329730034,0.006615418420551578,0.06237284342447916,0.9803032390773297,0.012704297880797336,0.0652923583984375,0.733636811375618,1.588160514831543
126591.5016062241,2684,175898624,175898624,914.2320569479167,1603.0370313607307,2680,100,10.100000047683716,5.173973378477663,19.0,0.0,10.0,4.971921114343286,19.0,0.0,-0.0023952596457093023,0.07599301306375612,0.0006763107206400794,2.4329357271393137,0.005827551995632045,0.055928548177083336,0.983772486448288,0.01438001950737089,0.0653076171875,0.7297146022319794,1.5884708166122437
126651.50177205354,2685,176015872,175964160,1954.1279324678176,1092.2636478422737,2682,100,10.610000133514404,4.77261977601757,19.0,0.0,9.630000114440918,5.007304682886382,19.0,0.0,0.0002180793489969801,0.11535600778491546,0.0006866975266651328,2.4296453446149826,0.007504278638104249,0.0721282958984375,0.9724864475429058,0.013590389038048064,0.07086181640625,0.7665199339389801,1.588614583015442
126734.96801861376,2687,176095232,176095232,950.8035076519999,1570.3593416704,2682,100,10.610000133514404,4.77261977601757,19.0,0.0,9.630000114440918,5.007304682886382,19.0,0.0,0.0003788062543511236,0.10284552971522012,0.0006843985223288958,2.4338076462348304,0.006139032702776604,0.06319681803385416,0.9795205102612575,0.013601440878119321,0.0701141357421875,0.7610545307397842,1.588972568511963
126794.96980730817,2688,176221440,176160768,2103.4039608848334,1092.2341054493252,2685,100,9.740000009536743,4.924672537514608,19.0,0.0,9.450000190734864,4.9605947791678195,19.0,0.0,-0.0004766590936924331,0.08027343261831751,0.0007480861537866683,2.4228083391984305,0.005970651116513181,0.06283060709635417,0.9770355162521203,0.014387651657064755,0.071197509765625,0.7647708505392075,1.5891478061676025
126875.60801190324,2690,176291840,176291840,873.0353106634088,1625.4330147624194,2685,100,9.740000009536743,4.924672537514608,19.0,0.0,9.450000190734864,4.9605947791678195,19.0,0.0,-0.0008219314562059783,0.10744939181798449,0.0006967682572091386,2.4104792450865107,0.006266075988605735,0.060735066731770836,0.9722402356564998,0.01369920356470781,0.069610595703125,0.7558601498603821,1.589474081993103
126935.6123238653,2691,176419072,176357376,2120.3809499634244,1092.1881754338767,2687,100,9.780000114440918,5.201115289161094,19.0,0.0,9.669999885559083,4.951878384062215,19.0,0.0,0.0002166639436230374,0.11941635639717181,0.000741203194896419,2.4208573351303735,0.006825036797939295,0.06725056966145833,0.9639265574514866,0.0147169841802679,0.07049560546875,0.7635414451360703,1.5896313190460205
127017.57927821763,2693,176488448,176488448,846.3898719694763,1599.0834481489737,2687,100,9.780000114440918,5.201115289161094,19.0,0.0,9.669999885559083,4.951878384062215,19.0,0.0,-0.00027990047237835824,0.10351269242043297,0.0006730485153336001,2.4392841681838036,0.008246926747839703,0.08230590820312499,0.9735964306940635,0.013082341620853793,0.07440185546875,0.7823857665061951,1.5898840427398682
127077.57930509374,2694,176612608,176553984,2069.3324064066855,1092.2661774022915,2687,100,9.780000114440918,5.201115289161094,19.0,0.0,9.669999885559083,4.951878384062215,19.0,0.0,-0.0004291207830344016,0.10275846677056202,0.0006400362775214793,2.4508229444424314,0.008717226942583995,0.08269755045572917,0.9801733121275902,0.013469217383923631,0.0695343017578125,0.7582181394100189,1.5900094509124756
127158.71747959033,2696,176685056,176685056,892.8965982965738,1615.417167236204,2691,100,10.260000038146973,5.419630990785906,22.0,0.0,9.25,5.41179260393134,19.0,0.0,-0.0007162349393183831,0.09802075483215351,0.0006888628486194648,2.4320238828659058,0.007827189584228714,0.07198588053385416,0.9732712457577387,0.013341925009929886,0.07342529296875,0.7796410471200943,1.5903130769729614
127218.71759671904,2697,176806400,176750592,2022.3960519891561,1092.2645344076454,2691,100,10.260000038146973,5.419630990785906,22.0,0.0,9.25,5.41179260393134,19.0,0.0,-0.0017503016836902434,0.13335091131739318,0.0006686665419692872,2.4468334739406905,0.007036437239851997,0.06833394368489583,0.9692916739732027,0.012865176094540706,0.072052001953125,0.7727162688970566,1.5904450416564941
127301.084836049,2699,176881664,176881664,913.7613523562653,1591.3122870966254,2694,100,10.480000114440918,5.214364780804394,19.0,0.0,9.569999980926514,4.868788312841292,19.0,0.0,-0.00054313673414678,0.08575278035520266,0.0006740000438488398,2.443348117172718,0.006464252719524666,0.06877644856770833,0.9808579056213299,0.013152957787193978,0.0652008056640625,0.7315683811903,1.5907286405563354
127361.0849463176,2700,177001728,176947200,2001.0629890933337,1092.2646592918836,2694,100,10.480000114440918,5.214364780804394,19.0,0.0,9.569999980926514,4.868788312841292,19.0,0.0,-0.0011816144639548536,0.09200442489236592,0.0006948446140692491,2.4286166007320085,0.007271106290014965,0.07236226399739583,0.9768489679942528,0.014333513041492552,0.0642547607421875,0.7253405153751373,1.5908455848693848
127443.61859001778,2702,177078272,177078272,927.4278532771334,1588.1038825347568,2697,100,8.809999990463258,5.66691274471708,19.0,0.0,8.649999952316284,5.433921163723655,19.0,0.0,-0.0009831846897820167,0.07219159381929785,0.0006694424779804345,2.424071172873179,0.0069106494981194064,0.06747945149739583,0.9864875034739573,0.013306493298538651,0.0674896240234375,0.7440751045942307,1.591110110282898
127503.61860881373,2703,177199872,177143808,2026.666031781369,1092.2663244969062,2697,100,8.809999990463258,5.66691274471708,19.0,0.0,8.649999952316284,5.433921163723655,19.0,0.0,0.0012612002950239307,0.11606221149365106,0.0006899237675194551,2.423454600075881,0.0069291912780803004,0.07392374674479167,0.9732289382567008,0.01357064958817015,0.0707244873046875,0.7659913003444672,1.5912102460861206
127586.26596615277,2705,177274880,177274880,907.5668286924051,1585.918826930073,2700,100,10.610000038146973,5.071281860146309,19.0,0.0,9.67999997138977,5.141750702187637,19.0,0.0,-0.000676257691035668,0.15071352051260573,0.0007439051084171903,2.410850872596105,0.00810731830582275,0.08519490559895833,0.9619229435920715,0.014149120174503574,0.074249267578125,0.7810914218425751,1.591518521308899
127646.26643874682,2706,177398528,177340416,2060.78376809746,1092.2580634222563,2700,100,10.610000038146973,5.071281860146309,19.0,0.0,9.67999997138977,5.141750702187637,19.0,0.0,-0.001424541912759499,0.11861529197388637,0.000708591077758077,2.4400571932395296,0.006204116657196816,0.060277303059895836,0.9791177995502949,0.013095134985633193,0.062255859375,0.7151653170585632,1.591628909111023
127726.98881078139,2708,177471488,177471488,903.838652917176,1623.7382115564706,2703,100,11.260000133514405,4.573007689627312,22.0,0.0,9.47999997138977,4.832142398569816,19.0,0.0,0.0002521138994779904,0.11666123565131177,0.0007207131414664522,2.4208943819006286,0.007819811763814263,0.091033935546875,0.9726513512432574,0.013655666407430544,0.068878173828125,0.7470228970050812,1.5919711589813232
127786.98893155344,2709,177590016,177537024,1975.4626903220583,1092.2644680830388,2703,100,11.260000133514405,4.573007689627312,22.0,0.0,9.47999997138977,4.832142398569816,19.0,0.0,-0.0015897412255678014,0.09840162932717553,0.0006643389800350026,2.4279623975356417,0.0068853302224548925,0.070068359375,0.975261556605498,0.012738919380353764,0.07879638671875,0.8087078183889389,1.5921565294265747
127868.63753886148,2711,177668096,177668096,956.2931025316656,1605.318257364632,2706,100,10.810000038146972,4.822229650102609,22.0,0.0,10.129999923706055,4.8407747042762885,19.0,0.0,-0.000840204947356445,0.07380970299709588,0.0006643958179968953,2.4196747119228044,0.005146064703391555,0.057647705078125,0.9800424457838138,0.01294215113739483,0.07122802734375,0.763436570763588,1.5924572944641113
127928.63779652119,2712,177788928,177733632,2013.8580184990012,1092.2619761350516,2706,100,10.810000038146972,4.822229650102609,22.0,0.0,10.129999923706055,4.8407747042762885,19.0,0.0,-0.0004835318613913841,0.09504733913733314,0.0006562191714086415,2.4193683688839274,0.007608656747834175,0.0725555419921875,0.9785105281819899,0.013632882085706417,0.075225830078125,0.7880289852619171,1.592604160308838
128009.71458916552,2714,177864704,177864704,934.6200993965061,1616.6401719290918,2709,100,10.869999980926513,5.06686289081511,22.0,0.0,9.959999990463256,4.909012085569275,19.0,0.0,-0.0005410743930648703,0.08667732255222896,0.0007014479336551934,2.4212794974446297,0.005986720506674222,0.06120300292968749,0.9781623811771473,0.01370646517413358,0.072509765625,0.774246409535408,1.5929838418960571
128069.71494496614,2715,177988096,177930240,2056.521138141947,1092.2601895525695,2712,100,10.710000038146973,5.018555504971262,22.0,0.0,9.860000133514404,4.849783496278139,19.0,0.0,0.0027051569547135537,0.06739000242669135,0.0006706172310562882,2.412416102985541,0.009066032289410941,0.0841064453125,0.9867492578923702,0.01312366586838228,0.071380615234375,0.7633710205554962,1.5931475162506104
128151.86058295704,2717,178061312,178061312,891.2950436650658,1595.6051131346633,2712,100,10.710000038146973,5.018555504971262,22.0,0.0,9.860000133514404,4.849783496278139,19.0,0.0,0.0010051174006851702,0.1185396071523428,0.0006806351102568443,2.4278077433506646,0.0070069041042491636,0.07425944010416667,0.9741600429018338,0.012962901334200675,0.069305419921875,0.7529506534337997,1.5934579372406006
128211.86338602938,2718,178187520,178126848,2103.3684017704363,1092.2156406759264,2714,100,10.710000038146973,4.817250223828084,22.0,0.0,9.450000047683716,4.699733957524647,16.0,0.0,5.238947536175449e-05,0.12760022026486695,0.0006718597457317325,2.4169741943478584,0.006610652105033902,0.0629119873046875,0.9715973734855652,0.014143030285291994,0.0705413818359375,0.7591264247894287,1.5936338901519775
128292.76853312925,2720,178257920,178257920,870.1547741220945,1620.0699794564086,2714,100,10.710000038146973,4.817250223828084,22.0,0.0,9.450000047683716,4.699733957524647,16.0,0.0,0.0007180602066606905,0.11692314086637148,0.0007170663351037849,2.4043775126338005,0.00747902222731985,0.07657368977864583,0.963407359396418,0.013600280314373473,0.0770416259765625,0.7962514758110046,1.593909502029419
128352.77324167825,2721,178384384,178323456,2107.567940217771,1092.1809568739866,2717,100,10.810000038146972,4.884045460300849,22.0,0.0,9.730000019073486,4.997709459930451,19.0,0.0,-0.0011406193213285103,0.11289211983482043,0.0006786101791173376,2.4261071160435677,0.00770479608157378,0.07541402180989583,0.9749901810040077,0.01314786815783009,0.071685791015625,0.7709014564752579,1.5940468311309814
128434.08181347884,2723,178454528,178454528,862.6888708859524,1612.0317587357943,2717,100,10.810000038146972,4.884045460300849,22.0,0.0,9.730000019073486,4.997709459930451,19.0,0.0,-0.0002702022272084529,0.1500403076643124,0.0006965915963519365,2.432456389069557,0.007058850625980994,0.072357177734375,0.9688392287741106,0.01427806806168519,0.06640625,0.7388613969087601,1.5943139791488647
128494.08184596896,2724,178573056,178520064,1975.4655969481169,1092.2660752024144,2720,100,10.660000038146972,4.891257552396598,19.0,0.0,8.759999990463257,5.1324846621094755,19.0,0.0,-3.0129206910108536e-05,0.10128898410281786,0.000691134819741516,2.451474611957868,0.006743770092725753,0.07616170247395833,0.9775451378275951,0.01219000419951044,0.0686492919921875,0.7539574205875397,1.5944517850875854
128576.79860157706,2726,178651136,178651136,943.9441794590545,1584.588261911593,2723,100,10.969999980926513,4.83209073474994,19.0,0.0,8.580000114440917,5.580645178736413,19.0,0.0,0.0005872992502797084,0.12059902489030114,0.0007453981894893029,2.4401712715625763,0.008021588923535697,0.07613627115885417,0.9747343945006529,0.013451190675065543,0.0681610107421875,0.7493949234485626,1.5947014093399048
128636.79886209778,2727,178769152,178716672,1966.9247929220683,1092.261924052168,2723,100,10.969999980926513,4.83209073474994,19.0,0.0,8.580000114440917,5.580645178736413,19.0,0.0,-0.00025548452200988925,0.11658063627934705,0.0007409892841678811,2.4197801053524017,0.008211359935254828,0.07464599609375,0.9674716033041476,0.013925745889234046,0.0719146728515625,0.7712444365024567,1.5948628187179565
128719.48340932094,2729,178847744,178847744,950.5040861854673,1585.2055118141996,2723,100,10.969999980926513,4.83209073474994,19.0,0.0,8.580000114440917,5.580645178736413,19.0,0.0,-0.000997535224693517,0.1326146892194326,0.0006728605045888495,2.414857399960359,0.007544946776761208,0.07466634114583333,0.9703202998886505,0.01388083619531244,0.073974609375,0.783359944820404,1.5951958894729614
128779.48362760246,2730,178969600,178913280,2030.9259447732152,1092.2626929872754,2725,100,9.460000038146973,5.4118758627290235,19.0,0.0,8.160000085830688,5.412430250753792,16.0,0.0,-0.0012203565590122405,0.10822602175176144,0.0006809319850920778,2.4014041249950724,0.00634480252241095,0.066375732421875,0.9683415951828162,0.013202301925048232,0.07574462890625,0.7914702296257019,1.5953878164291382
128860.67719863169,2732,179044352,179044352,920.6640261343858,1614.315004728786,2729,100,10.530000114440918,4.740158257912492,19.0,0.0,9.220000076293946,5.365780523491068,19.0,0.0,7.744404623129714e-05,0.13367272672864297,0.0007033795269914359,2.4260731836160025,0.007533619920650381,0.07123819986979167,0.9638166973988216,0.012504450714914128,0.071868896484375,0.7671142369508743,1.5957430601119995
128920.67952617817,2733,179163136,179109888,1979.656537623326,1092.224296619766,2729,100,10.530000114440918,4.740158257912492,19.0,0.0,9.220000076293946,5.365780523491068,19.0,0.0,-1.1845969614417639e-05,0.1253932899950693,0.0006556835057078084,2.44251279036204,0.007508303465632101,0.07545471191406249,0.9799592184523742,0.012595267597741138,0.0635833740234375,0.716510996222496,1.595866322517395
129003.9985203743,2735,179240960,179240960,934.0487214332343,1573.1346887296577,2731,100,8.840000009536743,5.326762452178701,16.0,0.0,8.77000002861023,5.003708489761504,16.0,0.0,-0.000101797149303214,0.14181268502337238,0.0006973788167670136,2.440156057476997,0.008031501642108196,0.07927958170572917,0.9708822680016359,0.012846555182477461,0.071044921875,0.7633457481861115,1.596171259880066
129063.99873745814,2736,179369472,179306496,2141.8589172839693,1092.2627147902313,2731,100,8.840000009536743,5.326762452178701,16.0,0.0,8.77000002861023,5.003708489761504,16.0,0.0,0.0004101694891384491,0.11745666828937829,0.00069311221462461,2.4457990899682045,0.006698294756157945,0.06344095865885417,0.9750092656662067,0.013007271928169454,0.0693511962890625,0.7548024505376816,1.5963258743286133
129144.69583255425,2738,179437568,179437568,843.8469801037667,1624.2468188463479,2734,100,10.270000171661376,5.009700510936167,19.0,0.0,9.600000095367431,5.264978642271142,19.0,0.0,0.000575265377847245,0.10811207334821424,0.0006573032551386859,2.4480602120359736,0.008270506767682187,0.0722808837890625,0.9781741760671139,0.013215711485827343,0.06640625,0.740892305970192,1.5966084003448486
129204.69667698257,2739,179560960,179503104,2056.50439049102,1092.2512945346496,2734,100,10.270000171661376,5.009700510936167,19.0,0.0,9.600000095367431,5.264978642271142,19.0,0.0,0.0014033132210897747,0.12026228328856328,0.00070747833463732,2.451334041853746,0.0072087993333601235,0.0685272216796875,0.9698029203961294,0.012619945007221153,0.0670318603515625,0.743443638086319,1.5967768430709839
129285.4583203718,2741,179634176,179634176,906.5689716977053,1622.948648633654,2737,100,10.660000038146972,4.8728225392036695,19.0,0.0,9.9,5.1234753499038,19.0,0.0,-0.0019353662391949909,0.07522231821591654,0.0006210512644126235,2.4425479943553605,0.00507318692386131,0.050821940104166664,0.9847215302288531,0.012954208029744526,0.065887451171875,0.7367238104343414,1.5970489978790283
129345.45857338607,2742,179756288,179699712,2035.191417792271,1092.2620607019317,2737,100,10.660000038146972,4.8728225392036695,19.0,0.0,9.9,5.1234753499038,19.0,0.0,-0.0006843341422306063,0.11843017147233088,0.0006830140652406651,2.421939790248871,0.008310744358823285,0.07881673177083333,0.9634174729386965,0.013662624085554855,0.0715179443359375,0.7659212797880173,1.59720778465271
129427.25551485829,2744,179830784,179830784,910.7430994263126,1602.4071027706943,2739,100,10.17999997138977,5.123241171562008,19.0,0.0,9.110000085830688,5.1650654245794465,19.0,0.0,-0.001705054055491928,0.11638561954411368,0.0006396652788680512,2.429417038957278,0.007634437478676166,0.07313028971354166,0.9774107579141855,0.012858425625987973,0.0694732666015625,0.7596415430307388,1.5974582433700562
129487.25566766225,2745,179949568,179896320,1979.728291494706,1092.2638849625964,2739,100,10.17999997138977,5.123241171562008,19.0,0.0,9.110000085830688,5.1650654245794465,19.0,0.0,-0.0006215853330407604,0.16802246298175305,0.000705551231779585,2.428374320268631,0.008326232983260221,0.08214823404947916,0.9588284306228161,0.01412242073759747,0.077392578125,0.8015101253986359,1.5975984334945679
129570.23207622208,2747,180027392,180027392,937.9051389514657,1579.6297077077315,2742,100,10.480000066757203,4.800999972832472,19.0,0.0,9.27000002861023,5.057380655645757,16.0,0.0,0.0009654501651918206,0.1082064138026908,0.0006600083682618182,2.4334675148129463,0.004408850394005034,0.047383626302083336,0.972598951930801,0.01244540866658402,0.0719146728515625,0.7708720862865448,1.597891092300415
129630.23217223212,2748,180151552,180092928,2069.330022058885,1092.2649188599473,2745,100,9.930000019073486,5.21968395539283,19.0,0.0,9.71000008583069,5.192870048740698,19.0,0.0,-0.0012325133987663626,0.07486493714774649,0.0006234247854687661,2.4144219929973283,0.0062108151299374486,0.07130940755208334,0.9826534346987804,0.013139576486234244,0.0723724365234375,0.7699322700500488,1.5980392694473267
129710.71596174501,2750,180224000,180224000,900.1564220382435,1628.5515479985181,2745,100,9.930000019073486,5.21968395539283,19.0,0.0,9.71000008583069,5.192870048740698,19.0,0.0,4.057770032280437e-05,0.09791305870749056,0.000643403951471555,2.4286146188775697,0.007886874918767717,0.073028564453125,0.9771327500542005,0.013294608797878025,0.076507568359375,0.7968988567590714,1.598386526107788
129770.71610180102,2751,180352512,180289536,2141.861666989871,1092.264117030691,2747,100,10.740000104904174,4.657510125409167,19.0,0.0,10.29000015258789,4.741930041459297,19.0,0.0,-0.002104406218374303,0.12082019603500765,0.0006677451977642097,2.4371107791860895,0.006126274731286685,0.0614013671875,0.9779603860030571,0.012796134649155041,0.0692901611328125,0.7545704394578934,1.5985300540924072
129850.9168046061,2753,180420608,180420608,849.0698662018889,1634.299892839726,2747,100,10.740000104904174,4.657510125409167,19.0,0.0,10.29000015258789,4.741930041459297,19.0,0.0,0.000238331844836163,0.12111580938411255,0.0006695841899878967,2.4117158974210424,0.007280864533944017,0.07750956217447917,0.9750788571933906,0.013954815697312975,0.07342529296875,0.7776133418083191,1.5988824367523193
129910.91693576239,2754,180538368,180486144,1962.6623764078886,1092.2642790443902,2750,100,10.500000095367431,4.771792037615023,19.0,0.0,9.319999933242798,4.981726574134691,19.0,0.0,-0.0016939374424206712,0.09716376045253128,0.0006406062323852287,2.4317253306508064,0.005716915926313959,0.06402587890625,0.9818989522755146,0.013586703852827972,0.072021484375,0.7693108767271042,1.5990526676177979
129992.19064318947,2756,180617216,180617216,970.1538479801638,1612.7232797592335,2750,100,10.500000095367431,4.771792037615023,19.0,0.0,9.319999933242798,4.981726574134691,19.0,0.0,-0.0003696692995921087,0.08588897091491769,0.0006869762207012778,2.3982141166925435,0.007447161344922884,0.064849853515625,0.9755783559133608,0.014819592480004456,0.0797882080078125,0.8132726699113846,1.599425196647644
130052.19112461433,2757,180743424,180682752,2103.4497891165674,1092.2579026649923,2753,100,10.360000038146973,5.137158735408001,19.0,0.0,9.899999904632569,5.123475384314619,19.0,0.0,0.00019204003547201864,0.07330677735929687,0.0006152715298715824,2.3984384536743164,0.007450917457996789,0.07111612955729167,0.9852071894953648,0.014407790527911857,0.0805816650390625,0.8190478682518005,1.599595069885254
130132.95130603388,2759,180813824,180813824,871.716714382674,1622.9780282324693,2753,100,10.360000038146973,5.137158735408001,19.0,0.0,9.899999904632569,5.123475384314619,19.0,0.0,0.0005521807058054644,0.11014405719470233,0.0006782692156169409,2.3914519225557647,0.0072274724946813276,0.07044982910156251,0.966309666633606,0.015631141170160845,0.080078125,0.8109765350818634,1.599987268447876
130192.95140563324,2760,180939264,180879360,2090.663196188012,1092.2648535186347,2756,100,11.180000114440919,4.570295454020114,19.0,0.0,9.830000114440917,4.9377222064153905,19.0,0.0,-0.001185957167763263,0.1333547807686652,0.0006498025310672043,2.4217890625198684,0.007031764775092597,0.0752105712890625,0.9731182393928369,0.013705526226355385,0.0787506103515625,0.8086359351873398,1.600146770477295
130273.9794131983,2762,181010432,181010432,878.3135873463439,1617.613513386072,2756,100,11.180000114440919,4.570295454020114,19.0,0.0,9.830000114440917,4.9377222064153905,19.0,0.0,-0.0010165244530071504,0.09561505514041832,0.000610926193985506,2.4357275490959487,0.006181238172454566,0.06601460774739583,0.9818839480479558,0.013192623892488578,0.07080078125,0.7685158550739288,1.600400447845459
130333.97951987945,2763,181132288,181075968,2030.9297223017577,1092.2647245992646,2759,100,10.580000019073486,4.909541673594323,22.0,0.0,10.310000038146972,4.706792979484157,19.0,0.0,-0.0013969920255476607,0.1176334269111976,0.0006331636941467877,2.4145309329032902,0.006994091738912782,0.064422607421875,0.9673491480449835,0.013829651094662646,0.0760650634765625,0.7946091294288635,1.6005311012268066
130415.46588036045,2765,181207040,181207040,917.355979071143,1608.5145934398124,2762,100,11.490000152587891,4.129152547590093,19.0,0.0,9.590000009536743,4.899173453140518,19.0,0.0,-0.000454535923684792,0.10943977449399729,0.0006130902056611376,2.4147264262040458,0.008363158312931773,0.07761637369791667,0.9778990466147662,0.013976908114273103,0.078338623046875,0.8029559999704361,1.6008610725402832
130475.46602961048,2766,181333760,181272576,2111.994746411994,1092.2639496595364,2762,100,11.490000152587891,4.129152547590093,19.0,0.0,9.590000009536743,4.899173453140518,19.0,0.0,-0.0007207432596866663,0.09806343478461106,0.0006519702947116457,2.42147733271122,0.009135527094258576,0.0850067138671875,0.9796948650230964,0.014161717816023156,0.0732879638671875,0.7769822478294373,1.6010438203811646
130556.52319827117,2768,181403648,181403648,862.2062817486158,1617.0315613746932,2764,100,10.890000057220458,4.263554947814601,16.0,0.0,9.789999961853027,4.97050305738785,19.0,0.0,-0.00043219988098523276,0.12559062552948794,0.0006310072409784576,2.4316424752275148,0.006593695801711874,0.0633087158203125,0.9770615125695864,0.01435828910325654,0.068115234375,0.7464397549629211,1.6013535261154175
130616.52325513028,2769,181522432,181469184,1979.7314572373261,1092.2656315792144,2764,100,10.890000057220458,4.263554947814601,16.0,0.0,9.789999961853027,4.97050305738785,19.0,0.0,-0.0006905310583533719,0.11709758763511975,0.0006438298235783199,2.418196953833103,0.00951983206505247,0.08770243326822916,0.978130064283808,0.01425119831886453,0.072906494140625,0.7743089944124222,1.601511836051941
130699.13307482935,2771,181600256,181600256,942.067181401533,1586.6394634131082,2767,100,10.559999942779541,5.04047614758371,22.0,0.0,9.540000104904175,5.150572662829767,19.0,0.0,0.0002521299211366568,0.079709779296536,0.0006174584650580073,2.4175309017300606,0.006303841464614379,0.06690470377604167,0.9810316593696674,0.014458022206478441,0.0729827880859375,0.771259605884552,1.6018434762954712
130759.13341808505,2772,181727488,181665792,2120.521201983554,1092.2604179231184,2767,100,10.559999942779541,5.04047614758371,22.0,0.0,9.540000104904175,5.150572662829767,19.0,0.0,0.0004561371800567334,0.09949711081571877,0.0006072931458523575,2.402764990925789,0.008327882809074557,0.08025614420572916,0.9765177816152573,0.015355485772791628,0.078399658203125,0.8013530075550079,1.6020176410675049
130840.82601245679,2774,181796864,181796864,849.2324247202836,1604.4538799143365,2769,100,10.730000019073486,4.608372838355289,19.0,0.0,9.909999990463257,4.888956934982678,19.0,0.0,0.0007332710083574057,0.0831313702898721,0.0006219024865761943,2.410114824771881,0.009012473401526222,0.073822021484375,0.9813182037323714,0.01555646789104988,0.073455810546875,0.7754711359739304,1.6023613214492798
130900.82611359842,2775,181919744,181862400,2047.996547704794,1092.264825442557,2769,100,10.730000019073486,4.608372838355289,19.0,0.0,9.909999990463257,4.888956934982678,19.0,0.0,-0.0006025282782502471,0.06461558683076873,0.0005995866637628448,2.3943719814221063,0.006412752234609798,0.0720367431640625,0.9835298402855793,0.014867880459253987,0.08404541015625,0.8334580361843109,1.6025887727737427
130981.85403390415,2777,181993472,181993472,909.9085811633156,1617.6152554014498,2772,100,10.750000095367431,4.862869496269569,19.0,0.0,9.730000066757203,4.955512108318121,19.0,0.0,-0.0011333445133156297,0.10470207027780513,0.0006295328603300732,2.384446452061335,0.0062490147593052825,0.05934651692708334,0.9777924052129189,0.01607670570956543,0.0789337158203125,0.8023600876331329,1.6029634475708008
131041.8540565595,2778,182114048,182059008,2009.5992411969983,1092.2662542387081,2775,100,10.49000005722046,4.716980016209105,19.0,0.0,9.170000123977662,5.323636051575651,19.0,0.0,-0.0006676880293525755,0.13511488233537722,0.0006445217040891293,2.4091550186276436,0.008099756687443005,0.07838948567708334,0.9769774911304315,0.014721807111830762,0.070831298828125,0.7611448913812637,1.6031529903411865
131124.2699930165,2780,182190080,182190080,922.5400240361944,1590.3720279681197,2775,100,10.49000005722046,4.716980016209105,19.0,0.0,9.170000123977662,5.323636051575651,19.0,0.0,-0.0003637785108973428,0.11592494936970374,0.0006544808741940263,2.418204441666603,0.008267056223606536,0.07660420735677083,0.9726844013979038,0.013358829688513651,0.0738372802734375,0.7786901742219925,1.6034883260726929
131184.27092179842,2781,182315776,182255616,2094.9009048983576,1092.2497589694083,2777,100,10.360000085830688,4.940688277842809,19.0,0.0,9.580000066757203,5.138443394373856,19.0,0.0,-8.449266897514467e-05,0.07920508635773635,0.0006572170356472876,2.389539025723934,0.007589446985245255,0.0771636962890625,0.9778106945256392,0.01504893574747257,0.077301025390625,0.8007569164037704,1.6036609411239624
131265.53112272918,2783,182386688,182386688,872.6535153466225,1612.9913352255262,2777,100,10.360000085830688,4.940688277842809,19.0,0.0,9.580000066757203,5.138443394373856,19.0,0.0,-0.0013721853259388201,0.09775189481054744,0.00062065256073159,2.3917016883691153,0.0068386714325849125,0.06865946451822917,0.9777335164447625,0.014744302481024837,0.0757293701171875,0.7887717038393021,1.6038992404937744
131325.53155814484,2784,182509056,182452224,2039.4518665121489,1092.2587402240797,2780,100,10.710000133514404,4.879128930256628,19.0,0.0,9.690000009536742,5.182075036220426,19.0,0.0,-0.0009977506463959194,0.06243170724095156,0.0006107712348845477,2.3839927439888315,0.005442210179656589,0.06276957194010416,0.9848709981888533,0.014839052862953396,0.081329345703125,0.8214371055364609,1.6040900945663452
131406.7210282497,2786,182583296,182583296,914.4042928732447,1614.39654465897,2783,100,10.460000133514404,4.873232967978656,19.0,0.0,9.660000085830688,4.860493708761781,19.0,0.0,-0.0015112332427330935,0.07787701448736091,0.0005630916433195429,2.384829555948575,0.007905783374250555,0.07368977864583333,0.98828632508715,0.014616288952917483,0.0747833251953125,0.7812469750642776,1.6044501066207886
131466.72140690126,2787,182705152,182648832,2030.9205164801629,1092.2597735691634,2783,100,10.460000133514404,4.873232967978656,19.0,0.0,9.660000085830688,4.860493708761781,19.0,0.0,-0.0006000807843520306,0.07221270457375795,0.000580369299617208,2.397077555457751,0.007223922100820346,0.06516520182291666,0.9875664208084345,0.014753983802317332,0.07891845703125,0.8094605207443237,1.6045944690704346
131548.8754426185,2789,182779904,182779904,909.9005222004596,1595.442011529573,2785,100,10.520000123977661,4.823857407283658,19.0,0.0,9.419999980926514,5.236754664393972,19.0,0.0,0.001405791374660718,0.07960979170942058,0.0006100168854269821,2.3747492656111717,0.007885856282276412,0.07777913411458333,0.983270026743412,0.015216915693599732,0.080841064453125,0.8174489289522171,1.6049537658691406
131608.87595137022,2790,182902272,182845440,2039.4493737770474,1092.2574052027703,2785,100,10.520000123977661,4.823857407283658,19.0,0.0,9.419999980926514,5.236754664393972,19.0,0.0,7.296678813872864e-05,0.0831658961639429,0.0005953130967100151,2.383770028750102,0.0076333933623876265,0.064971923828125,0.9818810299038887,0.014389610403062154,0.0848846435546875,0.8339770883321762,1.6051583290100098
131690.99989779294,2792,182976512,182976512,903.9994208007186,1596.026563620579,2788,100,10.460000038146973,4.988827428407787,22.0,0.0,10.480000066757203,4.763360095162007,19.0,0.0,0.0009284140202604856,0.14712716173380613,0.0006433824401028687,2.3789013773202896,0.008922830602993296,0.07410176595052084,0.9637415607770283,0.015333201319056872,0.0848236083984375,0.8389960080385208,1.6055684089660645
131751.00032200105,2793,183097088,183042048,2009.5857919565033,1092.2589442481208,2790,100,10.460000038146973,5.183473696497614,22.0,0.0,9.74000005722046,5.214633232483762,19.0,0.0,-0.00030141110619297246,0.06709038728149608,0.0006294422146311263,2.4190149108568826,0.006626298925766605,0.06461588541666666,0.9844762217253447,0.013574244764943918,0.073760986328125,0.7771763801574707,1.6056934595108032
131831.92699913494,2795,183173120,183173120,939.517136904187,1619.6389700166455,2790,100,10.460000038146973,5.183473696497614,22.0,0.0,9.74000005722046,5.214633232483762,19.0,0.0,-0.0010248958084654685,0.07135340687818825,0.0006068095608497969,2.4093087464571004,0.008208134050316099,0.07144673665364583,0.981888219093283,0.014263475575717164,0.0778656005859375,0.8022477328777313,1.6060370206832886
131891.92812185735,2796,183293440,183238656,2005.2958101578479,1092.2462285115087,2793,100,10.72000002861023,4.7330327477905785,19.0,0.0,9.57000002861023,4.960352872263965,19.0,0.0,-0.00207158404373331,0.0789265629913037,0.0005873860087982999,2.405589679876963,0.006364004459707455,0.056126912434895836,0.9850883949548006,0.013933786957447108,0.0783233642578125,0.8092334866523743,1.606217384338379
131973.04618878104,2798,183369728,183369728,940.4563359696868,1615.817597370737,2795,100,10.360000085830688,4.964916990531685,19.0,0.0,9.95,4.620335489083687,19.0,0.0,-0.0009897486816043966,0.0744874292674164,0.0006162689066210684,2.405303609867891,0.007633762648159366,0.0704498291015625,0.9855409773687521,0.014125065460878734,0.073028564453125,0.7720986753702164,1.6065585613250732
132033.04647031426,2799,183488512,183435264,1979.7240440317094,1092.2615415347361,2795,100,10.360000085830688,4.964916990531685,19.0,0.0,9.95,4.620335489083687,19.0,0.0,-0.0008901705962974422,0.05124053578280533,0.0005846253267615491,2.4074462130665775,0.00641800394381183,0.0662078857421875,0.991053751980265,0.014419718723123271,0.075439453125,0.7896086424589157,1.6067055463790894
132114.85359900258,2801,183566336,183566336,951.3107384138128,1602.20755943379,2797,100,10.5,4.859012150935508,19.0,0.0,9.870000076293945,4.780491639228913,19.0,0.0,-0.0012696721993658384,0.08153774313783893,0.0006237547331693349,2.4003796006242433,0.008109629359144796,0.073944091796875,0.9771465441832939,0.014947831659810618,0.0793609619140625,0.8084092140197754,1.6070656776428223
132174.8536923863,2802,183690752,183631872,2073.596772663848,1092.2649666706689,2797,100,10.5,4.859012150935508,19.0,0.0,9.870000076293945,4.780491639228913,19.0,0.0,-0.0012899349094368515,0.09561204603717972,0.0006200906937010586,2.4020367239912352,0.0074646582027829336,0.06857808430989583,0.9780130752672751,0.014514193579088895,0.075408935546875,0.7865752577781677,1.6072547435760498
132256.53410250135,2804,183762944,183762944,883.8349354308616,1604.6932161014224,2800,100,10.690000057220459,4.696157988360234,19.0,0.0,10.060000038146972,4.892484106446392,19.0,0.0,-0.000793091570812976,0.0969039424865817,0.0005859985109661162,2.3928329472740493,0.004951209667221216,0.05501302083333333,0.9819764358301958,0.01403461181325838,0.0789794921875,0.806505560874939,1.6075663566589355
132316.53475666605,2805,183885824,183828480,2047.9776714216248,1092.2547580915332,2803,100,11.850000190734864,4.114304341219838,19.0,0.0,10.190000057220459,4.674815557423793,19.0,0.0,-0.0006772425137266208,0.08547399808109428,0.0006384310108842328,2.396541637678941,0.0074616617409143755,0.069488525390625,0.9790910625209411,0.014814247503333414,0.0789337158203125,0.8108944743871689,1.607730746269226
132398.97062286548,2807,183959552,183959552,894.3679905252986,1589.9875387116422,2803,100,11.850000190734864,4.114304341219838,19.0,0.0,10.190000057220459,4.674815557423793,19.0,0.0,-0.0012045172673727698,0.09349900546173255,0.0006385369094156582,2.394555834432443,0.008067930099665924,0.0742645263671875,0.9794938750565052,0.015206764035004502,0.073394775390625,0.7677481174468994,1.6080560684204102
132458.9710187409,2808,184082944,184025088,2056.519764572766,1092.2594600220498,2805,100,11.400000095367432,4.4294469369644025,19.0,0.0,10.570000076293946,4.844078846655713,19.0,0.0,0.001072069486932984,0.11101999580084035,0.0006350813800963806,2.410130421320597,0.00834106216825603,0.07982381184895834,0.9758516655613979,0.015178742168548828,0.0724945068359375,0.7695525735616684,1.6082109212875366
132539.981254898,2810,184156160,184156160,903.7870209143831,1617.968373105469,2807,100,10.810000038146972,5.117997664948411,19.0,0.0,9.770000076293945,5.114401182912883,19.0,0.0,-0.0014119039236296278,0.1427214660216123,0.0006639506451998992,2.414112463593483,0.007023592243058373,0.06716410319010416,0.9672523650030296,0.013894904346670955,0.074798583984375,0.785525768995285,1.6084831953048706
132599.98157684505,2811,184282880,184221696,2111.988667525064,1092.2608058311441,2807,100,10.810000038146972,5.117997664948411,19.0,0.0,9.770000076293945,5.114401182912883,19.0,0.0,-0.0022306967390856394,0.07169981747089574,0.0006324776156058457,2.4035199657082558,0.006688131712508039,0.06011962890625,0.9819283187389374,0.01376270773471333,0.077850341796875,0.8007854223251343,1.6086535453796387
132681.4128566105,2813,184352768,184352768,858.2451387391707,1609.6026045218146,2809,100,10.65,4.972675265075387,22.0,0.0,9.47000012397766,5.220066973900013,19.0,0.0,0.000312700215242027,0.09402959040986994,0.0006493968376162229,2.427378247181575,0.007863835965811935,0.07042439778645834,0.9810867551714181,0.01376567881864806,0.072052001953125,0.7694371491670609,1.6089751720428467
132741.41341465712,2814,184475136,184418304,2039.4476982182841,1092.2565078323864,2811,100,10.910000038146972,5.061807989217031,22.0,0.0,9.640000057220458,5.042856298928917,19.0,0.0,-0.00018439017730997875,0.07187547736490767,0.0006565135930334993,2.4076429878671965,0.005720056283583593,0.056279500325520836,0.9789154424021642,0.014256334184513737,0.078704833984375,0.802421048283577,1.6091787815093994
132823.5100852698,2816,184549376,184549376,904.2997657023362,1596.5568277227453,2813,100,10.550000095367432,4.909938881302417,19.0,0.0,10.030000066757202,4.840361507311605,19.0,0.0,-8.523811023527134e-05,0.0652046044706367,0.0005859416802801813,2.4325605978568396,0.005351072888515773,0.06135559082031251,0.9872782652576765,0.012752316562303653,0.0742034912109375,0.7876504361629486,1.6095027923583984
132883.51237140037,2817,184672768,184614912,2056.4549779237454,1092.2250505155162,2813,100,10.550000095367432,4.909938881302417,19.0,0.0,10.030000066757202,4.840361507311605,19.0,0.0,5.546837261742135e-05,0.1182656642437602,0.0006309722199754713,2.4096981013814607,0.007157459309989159,0.0678558349609375,0.9744700236866871,0.01407266803046999,0.0711669921875,0.7644164264202118,1.6096343994140625
132965.6436101701,2819,184745984,184745984,891.4513052124503,1595.8848540866243,2815,100,11.260000038146973,4.721482810491246,19.0,0.0,9.580000114440917,5.138443264071716,19.0,0.0,-0.001041185521899024,0.10315928301618746,0.0006008976664209816,2.4196939965089164,0.006484860065635682,0.06717936197916666,0.9787067069361608,0.014286143142574778,0.071533203125,0.7721574455499649,1.6098641157150269
133025.64392244257,2820,184873728,184811520,2129.0555859096044,1092.2609819496167,2817,100,11.490000152587891,4.5574006036302395,19.0,0.0,9.860000133514404,4.737129901047859,19.0,0.0,-0.00027887409426815185,0.06635405594715849,0.0005987065123918001,2.41230442126592,0.006331554175024697,0.0649566650390625,0.9882441672186058,0.014791227547296634,0.067230224609375,0.7397803217172623,1.6099597215652466
133107.5676904153,2822,184942592,184942592,840.5863365917988,1599.92641016729,2819,100,10.719999980926513,4.694848257218488,19.0,0.0,10.019999980926514,4.804123214443945,19.0,0.0,-0.0010943374824516165,0.06146238530830791,0.0006285435313960381,2.3866716946164765,0.007819421753083589,0.06681315104166667,0.9849777190635602,0.015492431644815952,0.079620361328125,0.8074997663497925,1.6103309392929077
133167.5679367017,2823,185065472,185008128,2047.991593458986,1092.262183178126,2819,100,10.719999980926513,4.694848257218488,19.0,0.0,10.019999980926514,4.804123214443945,19.0,0.0,-0.0002786469364461178,0.0764901905010144,0.0006024151455979639,2.392825203637282,0.006130479204027021,0.06293741861979167,0.9857756470640501,0.015341887522178393,0.0738067626953125,0.7747825086116791,1.610538125038147
133248.7329416219,2825,185139200,185139200,908.37178008521,1614.883164595929,2821,100,11.010000038146973,5.008981951782611,19.0,0.0,10.509999895095826,4.590195958564103,19.0,0.0,-0.0005271114629673929,0.10622039949521422,0.0006077499383536633,2.3881050124764442,0.007586961120978231,0.06930033365885416,0.9755574862162272,0.014935602889939522,0.08062744140625,0.8178176581859589,1.6108602285385132
133308.73803062737,2826,185267456,185204736,2137.4187110753155,1092.1740320065483,2821,100,11.010000038146973,5.008981951782611,19.0,0.0,10.509999895095826,4.590195958564103,19.0,0.0,5.317140312399715e-05,0.09181741937451686,0.0005794734740144728,2.408224185307821,0.005477398304113497,0.05116780598958333,0.9804125297814608,0.0137435940753979,0.0818328857421875,0.8263152241706848,1.6110332012176514
133388.74099898152,2828,185335808,185335808,854.3682991539127,1638.3392103625592,2824,100,10.62000002861023,5.045354294854165,22.0,0.0,9.97999997138977,4.59125254335693,19.0,0.0,-0.0010880434941403412,0.07625683711376043,0.0005664342376500523,2.4139687170584994,0.006318753905967848,0.056142171223958336,0.985997973009944,0.013385304909509916,0.0786285400390625,0.8077741861343384,1.6114122867584229
133448.74128886499,2829,185455616,185401344,1996.7903527249086,1092.2613895247364,2826,100,10.530000019073487,4.803030316543013,19.0,0.0,9.409999990463257,5.282224858587885,19.0,0.0,-0.0004768865534667081,0.1443209610103319,0.000617919124730785,2.4040392811099687,0.008107995559233435,0.08138529459635417,0.9688165442397197,0.014058479854914669,0.073272705078125,0.7745338678359985,1.6115721464157104
133530.34749893844,2831,185532416,185532416,941.1048488940982,1606.1522754459277,2828,100,11.69000015258789,4.265430802045751,19.0,0.0,9.40000023841858,5.360970084720837,19.0,0.0,-0.00022469409062371903,0.08097088876335572,0.0005846379396340732,2.411971479654312,0.007377630652626976,0.070220947265625,0.982800712188085,0.014040002094892163,0.0706787109375,0.7628103196620941,1.6119157075881958
133590.3478211984,2832,185658112,185597952,2094.9220815081408,1092.2608001345907,2828,100,11.69000015258789,4.265430802045751,19.0,0.0,9.40000023841858,5.360970084720837,19.0,0.0,-0.0022569579511279394,0.09892775494760524,0.000600808129699241,2.401343919336796,0.007285946428964962,0.07680257161458333,0.9766592364758254,0.013871634718573963,0.07818603515625,0.7985055148601532,1.6121180057525635
133672.00963382423,2834,185729024,185729024,868.3618171068396,1605.0586655548802,2830,100,11.110000085830688,4.8060274380263746,19.0,0.0,9.309999990463258,5.199413395210939,19.0,0.0,-0.00055486760174972,0.1165986106110116,0.0005716813551165008,2.4167703812321024,0.007144766435279355,0.07098388671875,0.9732813288768133,0.013326641375897452,0.0738372802734375,0.7769945412874222,1.612439751625061
133732.009669723,2835,185848320,185794560,1988.2654770622482,1092.2660131500763,2832,100,10.900000095367432,4.670117775791173,19.0,0.0,9.109999942779542,5.088997943588366,19.0,0.0,-0.0013570175251516046,0.06581119872862473,0.0005389839831574742,2.4279393826921782,0.005388772533478914,0.05364990234375,0.9880806344250839,0.012920687557198107,0.0767669677734375,0.7962909191846848,1.6126028299331665
133813.97793097422,2837,185925632,185925632,943.1943391240787,1599.0579524222792,2832,100,10.900000095367432,4.670117775791173,19.0,0.0,9.109999942779542,5.088997943588366,19.0,0.0,-0.00023475940542994067,0.09646169631741941,0.0005803639135895841,2.418717361986637,0.007839285767355857,0.07421875,0.9830712291101614,0.013842214044416322,0.07177734375,0.7641288787126541,1.6129324436187744
133873.97815784626,2838,186050560,185991168,2082.125460399091,1092.262536602802,2835,100,11.270000076293945,4.482978876580036,19.0,0.0,9.540000057220459,4.800874936015018,16.0,0.0,-0.00027524838030027854,0.09830988268367946,0.0006004729045040828,2.435774090389411,0.0081911935806905,0.07445780436197917,0.982055086021622,0.014504978210122015,0.0641632080078125,0.7257153242826462,1.613060474395752
133954.66497425362,2840,186122240,186122240,888.373134442504,1624.4537315520072,2837,100,11.750000095367431,4.318275089392639,22.0,0.0,10.07000012397766,4.697350385394048,19.0,0.0,0.0005804403311534163,0.1348932113420839,0.000617916840686424,2.4071217601497965,0.012156550771275457,0.10935465494791667,0.9669750295579433,0.013739818842926372,0.07537841796875,0.7825301438570023,1.6133958101272583
134014.66538930126,2841,186248192,186187776,2099.185478967344,1092.2591110073984,2837,100,11.750000095367431,4.318275089392639,22.0,0.0,10.07000012397766,4.697350385394048,19.0,0.0,0.00021898626740342783,0.09515067523655793,0.000573986900538633,2.4194358636935553,0.008425470742319401,0.0814056396484375,0.9826070275157689,0.013011868907293925,0.074127197265625,0.7838625013828278,1.613529086112976
134094.39578630961,2843,186318848,186318848,886.1864815823253,1643.9401397469223,2839,100,10.680000019073486,4.692291546847455,22.0,0.0,9.17999997138977,5.152436270324071,19.0,0.0,0.00046032163421235356,0.08217247315527251,0.0006119714010613583,2.4118209009369216,0.005708646741671449,0.06309000651041667,0.9796815110991399,0.01341275057833021,0.0696868896484375,0.7524123787879944,1.613898754119873
134154.39631797746,2844,186439680,186384384,2013.8488216889987,1092.2569880347112,2839,100,10.680000019073486,4.692291546847455,22.0,0.0,9.17999997138977,5.152436270324071,19.0,0.0,0.0008018208500288894,0.07560857575541982,0.0005796387182878485,2.401294643680255,0.00557532237386719,0.06337992350260417,0.9828361837814251,0.013018349302001297,0.0785675048828125,0.8060348182916641,1.6140555143356323
134235.82588500716,2846,186515456,186515456,930.5710783450726,1609.6364598401256,2842,100,10.03999991416931,5.087081663368457,19.0,0.0,8.900000047683715,5.345091168973096,19.0,0.0,-0.0002712713248911313,0.07976742587440337,0.0005922901509620715,2.4040906578302383,0.006081815901779919,0.0565032958984375,0.9841732711841663,0.014465847964553784,0.079010009765625,0.8082228004932404,1.614341139793396
134295.8261397276,2847,186643968,186580992,2141.8575737512692,1092.2620296420816,2842,100,10.03999991416931,5.087081663368457,19.0,0.0,8.900000047683715,5.345091168973096,19.0,0.0,-0.0012152411315279703,0.10850336460862309,0.0005788642926442359,2.423555498321851,0.0064247116564123035,0.0664215087890625,0.9810464171071847,0.012854122925394526,0.0747222900390625,0.7829908132553101,1.6144959926605225
134376.81886116974,2849,186712064,186712064,840.7669082789433,1618.3182595444323,2845,100,10.719999980926513,4.649903222486144,19.0,0.0,9.630000114440918,4.8490308076648265,19.0,0.0,-0.0002159369044723765,0.08636099088471383,0.0005917246950654469,2.4132141768932343,0.005141268888110062,0.0511474609375,0.982388682042559,0.012528772019625952,0.0703887939453125,0.7588324546813965,1.6147329807281494
134436.81893445365,2850,186833664,186777600,2026.664191302038,1092.2653325754143,2847,100,11.46000008583069,3.9583329269727567,22.0,0.0,10.120000076293945,5.119140509683188,19.0,0.0,0.001844813809536087,0.1345973703234146,0.0006204594277126793,2.4397100607554116,0.007161045251147395,0.0646209716796875,0.9716602905342976,0.012734574847854674,0.0688934326171875,0.7526315599679947,1.614853024482727
134517.88910490088,2852,186908672,186908672,925.2231688451144,1616.7722267873671,2847,100,11.46000008583069,3.9583329269727567,22.0,0.0,10.120000076293945,5.119140509683188,19.0,0.0,-0.0007080055438564159,0.08268005276719728,0.0005513991842841884,2.4638834620515504,0.0054671615434926935,0.056126912434895836,0.9855660883088907,0.012262488948181273,0.063690185546875,0.722721204161644,1.6150654554367065
134577.88953739777,2853,187032320,186974208,2060.785145280547,1092.2587933578056,2849,100,10.59000005722046,4.538931534991012,16.0,0.0,9.730000114440918,5.009700629039082,19.0,0.0,-0.0007641553687183963,0.09286733076442033,0.0005558709920781743,2.4554063777128854,0.0055190341281559085,0.0512542724609375,0.9801777439812819,0.012260189328420285,0.0668792724609375,0.742365688085556,1.6151888370513916
134659.25480548106,2855,187105280,187105280,896.6971008479288,1610.9084759092616,2852,100,10.450000095367432,4.75683711590789,22.0,0.0,9.99000005722046,4.794778317953932,19.0,0.0,-0.0020001413286081515,0.0650059666368179,0.00057855174964061,2.427745026846727,0.007047367664805885,0.06564839680989584,0.9870897972335418,0.013684505790782472,0.067413330078125,0.7406246364116669,1.6154541969299316
134719.25492744893,2856,187232000,187170816,2111.995706739808,1092.264446313921,2852,100,10.450000095367432,4.75683711590789,22.0,0.0,9.99000005722046,4.794778317953932,19.0,0.0,-0.0013214945283834822,0.09628887098127356,0.0005862520477724805,2.424612949291865,0.0063520565751484055,0.05938720703125001,0.975697498768568,0.013416346744634211,0.0728302001953125,0.7782110869884491,1.6155791282653809
134800.37695055827,2858,187301888,187301888,861.5169755541725,1615.738796643723,2854,100,10.980000114440918,4.3588530030470825,19.0,0.0,8.940000104904176,5.2360672413810745,19.0,0.0,-0.0002643402525184987,0.10059798039340724,0.000582815502032948,2.4346705550948777,0.0070969153584883315,0.07289123535156251,0.9793872634569804,0.01421479895361699,0.0688629150390625,0.7515884637832642,1.6158841848373413
134860.3769868482,2859,187428352,187367424,2107.732058509697,1092.2660060293167,2854,100,10.980000114440918,4.3588530030470825,19.0,0.0,8.940000104904176,5.2360672413810745,19.0,0.0,-0.0008884689826421286,0.06289440956121932,0.0005909094519059483,2.4236652428905168,0.007190656397142447,0.06923929850260417,0.9847953828672568,0.01417348844309648,0.0712432861328125,0.7616613060235977,1.616044521331787
134941.72361102886,2861,187498496,187498496,862.2853216896498,1611.2776814054769,2857,100,11.030000114440918,4.517643196155429,22.0,0.0,8.910000038146972,5.069704161752488,19.0,0.0,-0.0009397420556827758,0.08650530731150259,0.0005927282109041697,2.4096161151925726,0.007085221345429697,0.08144124348958333,0.9835806520034869,0.012793719574498633,0.0758056640625,0.7915195822715759,1.6163324117660522
135001.72407987714,2862,187619840,187564032,2022.3841968110278,1092.2581316110193,2859,100,11.850000190734864,4.208028067956607,22.0,0.0,10.060000038146972,4.595258494564938,19.0,0.0,-0.00046740589944723376,0.07605731427126254,0.0006056685427514216,2.4092161680261293,0.006935764977849127,0.07246907552083333,0.9854072773208221,0.013487422508963695,0.0691986083984375,0.750182718038559,1.6164926290512085
135082.6869379878,2864,187695104,187695104,929.6114509337524,1618.9151798574192,2859,100,11.850000190734864,4.208028067956607,22.0,0.0,10.060000038146972,4.595258494564938,19.0,0.0,-0.0006821707769025429,0.09829902575196078,0.0005832600963913136,2.4161559070150056,0.007262600747102018,0.06714884440104167,0.9819763985772928,0.013210802009173978,0.074859619140625,0.7911906242370605,1.616781234741211
135142.6955508571,2865,187821056,187760640,2098.898707662357,1092.1098966698444,2862,100,10.610000038146973,5.029701745873816,22.0,0.0,9.060000038146972,5.230334638754588,19.0,0.0,-0.00037409412713410955,0.0746273513068445,0.0005804594493383776,2.4153867214918137,0.0070677838502888335,0.06475321451822917,0.9860724148650964,0.013960358609134952,0.079376220703125,0.8167469799518585,1.616888165473938
135224.53290244192,2867,187891712,187891712,863.3710479594401,1601.6158570841787,2865,100,11.170000076293945,4.632612744693893,19.0,0.0,9.919999885559083,4.71313058586792,19.0,0.0,-0.0013707394997860927,0.10254033286279689,0.0005644448604774274,2.4183299814661345,0.007725863965485283,0.07572428385416667,0.9814304603884617,0.01394521681747089,0.07537841796875,0.7879959493875504,1.6172269582748413
135284.53305710107,2868,188011008,187957248,1988.261541619266,1092.263851189983,2865,100,11.170000076293945,4.632612744693893,19.0,0.0,9.919999885559083,4.71313058586792,19.0,0.0,-0.0004352383026950217,0.10070706038580587,0.0005449660117543924,2.419008083641529,0.007804280562292357,0.07881673177083333,0.9848178966591756,0.01281208519746239,0.0680084228515625,0.7481607496738434,1.6173312664031982
135366.90096738935,2870,188088320,188088320,938.617960919739,1591.2993244731997,2866,100,11.1,5.022947382659891,22.0,0.0,9.800000095367432,4.804164854126054,19.0,0.0,-0.0015902060234414723,0.05348861570625256,0.0005665269679108557,2.398907934625943,0.004518334521587046,0.04932149251302083,0.9877690281718969,0.014111609605606645,0.0816802978515625,0.8247043341398239,1.6176735162734985
135426.90121106617,2871,188209664,188153856,2022.3917864997968,1092.2622306834346,2866,100,11.1,5.022947382659891,22.0,0.0,9.800000095367432,4.804164854126054,19.0,0.0,-0.0025453415692027193,0.11727267554185043,0.0005919604494314019,2.385084706048171,0.007572556770658897,0.070068359375,0.9785978756844999,0.014245327979248639,0.0808868408203125,0.8157377690076828,1.6178561449050903
135507.63487326168,2873,188284928,188284928,932.2505377960133,1623.5111406515605,2869,100,11.04000015258789,4.66459006713829,19.0,0.0,9.100000047683716,4.992995053302862,19.0,0.0,-0.0005002524303563405,0.08714405877981335,0.0006024418647333126,2.3912964339057603,0.005836886332569216,0.05962117513020833,0.9815624418358008,0.014117287365176406,0.0804595947265625,0.8159255236387253,1.6181769371032715
135567.6349251289,2874,188409856,188350464,2082.131533427205,1092.2657224536158,2871,100,11.04000015258789,4.785227229654863,19.0,0.0,9.610000038146973,5.281846190595379,19.0,0.0,-0.00042597842063211527,0.09094986032384138,0.0005675712084970049,2.4308547874291735,0.007112003273505252,0.07733154296874999,0.9846573695540428,0.012637601039993266,0.0723724365234375,0.773793637752533,1.6183485984802246
135650.2578190975,2876,188481536,188481536,867.5561525022813,1586.3883931470286,2871,100,11.04000015258789,4.785227229654863,19.0,0.0,9.610000038146973,5.281846190595379,19.0,0.0,-0.001104993522555257,0.10071426606737077,0.0006017159842789017,2.4079442446430526,0.007654861713187226,0.0852508544921875,0.9812909389535586,0.013584681156013781,0.0749359130859375,0.7806219011545181,1.6186244487762451
135710.25823257677,2877,188602368,188547072,2013.852788559867,1092.2591395578938,2874,100,11.060000133514404,4.690031775182981,22.0,0.0,9.57000012397766,5.254055639064449,19.0,0.0,-0.00035306880211768044,0.1071512106185158,0.000584869340552056,2.411853559315204,0.005453656510629419,0.05419413248697917,0.9812190762410561,0.012897389746891955,0.081573486328125,0.8262904286384583,1.6187397241592407
135792.31554911286,2879,188678144,188678144,923.4520844546303,1597.322524462063,2876,100,10.74000005722046,4.721482698140741,22.0,0.0,9.40999994277954,4.911405154191123,19.0,0.0,-2.23134884436149e-05,0.11538232133413354,0.0005836570435349131,2.4253604784607887,0.006821955202516012,0.06492106119791667,0.9739731854448715,0.012683530047070235,0.0767974853515625,0.7998335510492325,1.6190898418426514
135852.3157383185,2880,188793088,188743680,1915.7272922267946,1092.263222294119,2876,100,10.74000005722046,4.721482698140741,22.0,0.0,9.40999994277954,4.911405154191123,19.0,0.0,-0.0010750409577061266,0.07955353483945753,0.0005831127770458503,2.4159644916653633,0.0063806110083532985,0.06859842936197917,0.984374559794863,0.012721848450989153,0.07708740234375,0.7990842759609222,1.6192246675491333
135934.3606424015,2882,188874752,188874752,995.3573706097806,1597.5641810414033,2878,100,11.200000190734864,4.59565016102432,22.0,0.0,9.480000209808349,5.127338650544137,19.0,0.0,0.001233367792641123,0.0924317460351934,0.0005717673963469375,2.436465732753277,0.006585076457364873,0.06243387858072917,0.9790327977389096,0.01344054065217885,0.0776824951171875,0.8036872297525406,1.6195374727249146
135994.36084814183,2883,188998144,188940288,2056.526281493314,1092.2629212910547,2878,100,11.200000190734864,4.59565016102432,22.0,0.0,9.480000209808349,5.127338650544137,19.0,0.0,-0.001177112967222153,0.06642676536769918,0.0005513335436262423,2.428764872252941,0.005502679662337566,0.05579630533854167,0.9866198785603046,0.013789225262977803,0.0705413818359375,0.7623682022094727,1.6196954250335693
136075.53153362498,2885,189071360,189071360,902.000513660874,1614.7701503299563,2881,100,10.930000114440919,4.6674511210292895,22.0,0.0,10.020000171661376,4.804123219331395,19.0,0.0,-0.001271977443442059,0.04798664486346146,0.0005646417666866911,2.3919340272744494,0.005524500615138095,0.056508382161458336,0.9887530834724505,0.013599916526194042,0.0820159912109375,0.8244868218898773,1.6200401782989502
136135.53203975782,2886,189191424,189136896,2001.0497867164374,1092.2574528772025,2883,100,11.390000057220458,4.651655587482087,19.0,0.0,10.12000002861023,5.194766392352698,19.0,0.0,-0.001022024591899632,0.10446890253418435,0.0005705112725991057,2.388182451327642,0.006663675084685868,0.06650797526041667,0.9791572522372007,0.014655291170735532,0.0792388916015625,0.8062371164560318,1.620210886001587
136217.93543714657,2888,189267968,189267968,928.893740131693,1590.6140299245044,2883,100,11.390000057220458,4.651655587482087,19.0,0.0,10.12000002861023,5.194766392352698,19.0,0.0,-0.0021098222411334673,0.08705388385957727,0.0005562368484485585,2.3890084649125733,0.007542025220269958,0.06932576497395833,0.9813631735742092,0.014013286631476754,0.082122802734375,0.8235341608524323,1.6205663681030273
136277.93583716638,2889,189396480,189333504,2141.8523869435994,1092.2593845768158,2885,100,10.85,4.600815090080778,19.0,0.0,9.579999971389771,4.843924061739659,16.0,0.0,-0.0007150374052192395,0.1070008611228938,0.0005652536371295962,2.3950343032677965,0.007881282256979224,0.07639567057291667,0.9808947990338008,0.01401689708776151,0.07769775390625,0.7984269857406616,1.6207307577133179
136358.37796319462,2891,189464576,189464576,846.521634399549,1629.395025611162,2888,100,11.13000020980835,4.291048785839963,19.0,0.0,10.27999997138977,4.806412407657282,19.0,0.0,-0.0018767034356036068,0.10686972442393501,0.0005860106854621941,2.389050575594107,0.007734300806987449,0.080078125,0.9744841270148753,0.013897299397892008,0.080078125,0.8109132349491119,1.6210626363754272
136418.3783715386,2892,189591296,189530112,2111.9856263900515,1092.2592330421278,2888,100,11.13000020980835,4.291048785839963,19.0,0.0,10.27999997138977,4.806412407657282,19.0,0.0,-0.0008154451825248543,0.09012022474780679,0.000576348645457377,2.3907389864325523,0.007620419688464609,0.0733489990234375,0.9813298253963391,0.013851311387649428,0.081787109375,0.8223571628332138,1.6212140321731567
136499.07915348187,2894,189661184,189661184,866.0139135841747,1624.1726144875363,2890,100,11.360000133514404,4.0212436245036205,19.0,0.0,10.15,4.930263563944867,19.0,0.0,-0.0007493609737139195,0.08824331821718563,0.000556616332687554,2.4121900250514345,0.00733874400005637,0.07254536946614584,0.9786697526772817,0.012800929990286628,0.0839996337890625,0.8345815241336823,1.621522068977356
136559.0794417821,2895,189777920,189726720,1945.5906514299093,1092.2614183466158,2890,100,11.360000133514404,4.0212436245036205,19.0,0.0,10.15,4.930263563944867,19.0,0.0,-0.0008751621474705946,0.10316929143543044,0.0005914312841923675,2.4239785025517144,0.006017945831141939,0.0583648681640625,0.9813254245867332,0.012883164405745143,0.0722198486328125,0.7665286213159561,1.6216663122177124
136641.22379008122,2897,189857792,189857792,972.3371315716574,1595.6301646304123,2893,100,10.230000019073486,4.985689524378053,19.0,0.0,9.670000123977662,5.205871618322808,19.0,0.0,0.0010422523409943096,0.11059704892492543,0.000624980878152807,2.4239531606435776,0.005685404408116786,0.057474772135416664,0.9749408066272736,0.013806527082730707,0.0720062255859375,0.769150584936142,1.6219298839569092
136701.22391339391,2898,189979648,189923328,2030.9291593441387,1092.2644218321418,2893,100,10.230000019073486,4.985689524378053,19.0,0.0,9.670000123977662,5.205871618322808,19.0,0.0,0.00012330597504236113,0.07190533723526946,0.0005794579434829454,2.4483512366811437,0.005155019411783239,0.05179341634114583,0.9862313730021318,0.01303715961209188,0.0698089599609375,0.7588615566492081,1.622044324874878
136782.98051517457,2900,190054400,190054400,914.323716640696,1603.197749726152,2896,100,11.420000076293945,4.72901683199511,22.0,0.0,9.900000047683715,4.914264949257409,19.0,0.0,-0.0005191658638068475,0.07069184491410851,0.0005673216213229656,2.432755726079146,0.005764332087589234,0.057688395182291664,0.9841849636286498,0.012685660903419679,0.0750579833984375,0.7863961011171341,1.6223315000534058
136842.98074986786,2901,190173440,190119936,1983.9922395056058,1092.2623942224411,2898,100,10.610000133514404,5.0475638497152095,22.0,0.0,10.190000009536742,4.888138792363856,19.0,0.0,-0.0016363536427282574,0.08240386125786851,0.0005679756092528502,2.411309820910295,0.006268002320818293,0.06039937337239583,0.9800648024926584,0.013132832488433147,0.078216552734375,0.8021741658449173,1.62247633934021
136924.42108443193,2903,190251008,190251008,952.4518829054142,1609.42364372136,2898,100,10.610000133514404,5.0475638497152095,22.0,0.0,10.190000009536742,4.888138792363856,19.0,0.0,-0.0002766747444790477,0.09241153885765621,0.0005885214080384079,2.415917577842871,0.007215005500862995,0.07135518391927083,0.9658487625420094,0.014129005566549798,0.078582763671875,0.8069288730621338,1.6228015422821045
136984.4255193472,2904,190380288,190316544,2154.5074157030904,1092.185937465329,2900,100,11.530000114440918,4.1169284154302455,22.0,0.0,9.000000143051148,5.132251014692817,19.0,0.0,-0.001490756363637047,0.08442876969153681,0.0005966725742230968,2.406595168014367,0.00725039708049735,0.07487996419270833,0.9800587203353642,0.014218540095801776,0.0746917724609375,0.7814376503229141,1.6229661703109741
137064.98815876245,2906,190447616,190447616,835.7223706754999,1626.957618957627,2900,100,11.530000114440918,4.1169284154302455,22.0,0.0,9.000000143051148,5.132251014692817,19.0,0.0,-0.0008644784563027011,0.11468278519654025,0.0005811844336373421,2.389453962445259,0.00876248637359822,0.08379109700520833,0.9709042198956013,0.014998994476627558,0.076751708984375,0.7910958975553513,1.623339295387268
137124.9884644635,2907,190563328,190513152,1928.5235074724042,1092.261101577291,2903,100,11.25999994277954,4.480223186007353,19.0,0.0,9.059999990463258,5.253227638397172,19.0,0.0,-0.0022932061001483812,0.0747734159619237,0.0005467173868964892,2.372155008216699,0.007411624566884711,0.07100423177083333,0.9829045434792837,0.01412937164423056,0.0828857421875,0.8260375410318375,1.6235265731811523
137207.39097880572,2909,190644224,190644224,981.7176168197725,1590.6310753535554,2906,100,11.230000019073486,4.571334524514613,22.0,0.0,10.0,4.84974233038281,19.0,0.0,-0.0006589708961352396,0.10175385423159848,0.000574260081217896,2.3632751653591795,0.010026355118801197,0.09952799479166667,0.9737477786839008,0.014805444089385372,0.0865631103515625,0.8419898748397827,1.623852014541626
137267.39156986214,2910,190765824,190709760,2026.6467022908785,1092.2559069188735,2908,100,11.190000057220459,4.847050595628731,22.0,0.0,10.309999942779541,4.955189152237664,19.0,0.0,0.004884245356758281,0.0675333552644588,0.0005605615466871919,2.391177314023177,0.006653112812273321,0.07577006022135416,0.9869336318224669,0.014035232190508395,0.0783233642578125,0.8012217879295349,1.6240159273147583
137348.90652735345,2912,190840832,190840832,920.1746809227956,1607.9502956739636,2908,100,11.190000057220459,4.847050595628731,22.0,0.0,10.309999942779541,4.955189152237664,19.0,0.0,0.0005508299509529024,0.09085427403139572,0.000581565761725263,2.3903620565931,0.008806837723871771,0.07148742675781249,0.9799855233480533,0.01563945614422361,0.0843963623046875,0.8360453397035599,1.624407410621643
137408.90663008392,2913,190966272,190906368,2090.6630870867134,1092.2647965187728,2910,100,10.969999980926513,4.362235595613347,22.0,0.0,10.290000104904175,5.1015585511164945,19.0,0.0,-0.0008534627146824884,0.11990206556705138,0.0005620643405563897,2.4233524948358536,0.006645934460417872,0.07098897298177083,0.9795843635996183,0.013561024854425341,0.0734100341796875,0.7732219994068146,1.6245747804641724
137490.3448315654,2915,191037440,191037440,873.8896329407221,1609.465798797301,2912,100,10.87999997138977,4.739789027007719,22.0,0.0,10.179999923706054,4.708248018616476,19.0,0.0,-0.0011575555569531086,0.08037096554956709,0.0005545166398709018,2.4146648719906807,0.0068605522719735745,0.06489054361979167,0.981900234396259,0.013921248581027612,0.0793304443359375,0.812872126698494,1.6248859167099
137550.34517512657,2916,191163392,191102976,2099.1879800086053,1092.2604123622011,2912,100,10.87999997138977,4.739789027007719,22.0,0.0,10.179999923706054,4.708248018616476,19.0,0.0,-8.381855150219031e-05,0.09413348838764553,0.0005547431677162725,2.411629728972912,0.006140539484476903,0.06435648600260416,0.9827789658059677,0.013987383776111528,0.07293701171875,0.7738931775093079,1.624999761581421
137630.71842860058,2918,191234048,191234048,879.0984182672908,1630.7912686697568,2914,100,10.780000114440918,4.698042170626708,19.0,0.0,9.870000171661378,4.947029421319871,19.0,0.0,0.0006818059979802153,0.08774408678679417,0.0005693062745801095,2.422324729462465,0.005998530093468919,0.058603922526041664,0.9813926797360181,0.013328348170034587,0.06982421875,0.7616559118032455,1.6252288818359375
137690.71891731024,2919,191353600,191299584,1992.5171039607799,1092.2577700513054,2914,100,10.780000114440918,4.698042170626708,19.0,0.0,9.870000171661378,4.947029421319871,19.0,0.0,-0.001419663050910458,0.10573293908964843,0.0005776964014027423,2.408827426532904,0.005365363795135636,0.05029296875,0.9703006011744341,0.013298866309924051,0.0759429931640625,0.7905089259147644,1.625383734703064
137773.18597997166,2921,191430656,191430656,934.3851655825324,1589.3860623862345,2917,100,10.140000009536744,5.215400383235331,19.0,0.0,8.77000002861023,5.379321594562137,19.0,0.0,-0.0008508731916663237,0.13814877245264748,0.0006012164097531543,2.4283043990532556,0.006292701350806358,0.06146240234375001,0.9714953526854515,0.012960117882660901,0.068115234375,0.742797240614891,1.6256613731384277
137833.18636311777,2922,191557888,191496192,2120.51979218494,1092.2596917491844,2917,100,10.140000009536744,5.215400383235331,19.0,0.0,8.77000002861023,5.379321594562137,19.0,0.0,0.00036032798258626525,0.09258962896031638,0.0006034357023357492,2.4328529611229897,0.0071676707927205525,0.0615081787109375,0.9797094855457545,0.013899286752954746,0.0676727294921875,0.7426446378231049,1.6257679462432861
137913.82477357797,2924,191627264,191627264,860.3344188466856,1625.4288651273173,2920,100,11.000000095367431,4.5607016549446575,19.0,0.0,9.950000095367432,4.829855121805103,19.0,0.0,-0.0014558460170519538,0.09964057201674828,0.000592342009137307,2.420930261413256,0.007056043476040941,0.0701141357421875,0.9729223946730295,0.01391653589477452,0.0739288330078125,0.7808415293693542,1.6260340213775635
137973.82541760989,2925,191749632,191692800,2039.44477554136,1092.2549425493478,2922,100,10.900000095367432,5.004997472060639,22.0,0.0,9.989999961853027,5.220143696705112,19.0,0.0,-0.0005024795488376791,0.0992678947125872,0.0005761011379945558,2.4408113732934,0.00681021004008168,0.07086181640625,0.9752054798106352,0.012582531160054108,0.070770263671875,0.7625818997621536,1.626176357269287
138055.03429142013,2927,191823872,191823872,914.1858089729194,1614.0108075659818,2924,100,10.980000162124634,4.658282870334332,19.0,0.0,9.380000019073487,5.38289884725041,19.0,0.0,-0.0013747443833077948,0.101002921233885,0.0005614780363127162,2.4319724192221956,0.007005908979408559,0.07181803385416667,0.9780115478982528,0.012566776024565721,0.0726470947265625,0.7719924598932266,1.6264963150024414
138115.03436415456,2928,191943936,191889408,2001.0642408955364,1092.2653425783737,2924,100,10.980000162124634,4.658282870334332,19.0,0.0,9.380000019073487,5.38289884725041,19.0,0.0,-0.0008588965768770624,0.1048542867647484,0.0005857063861185452,2.4132827296853065,0.006699460976960836,0.07243855794270833,0.9781794281055529,0.013508853948830316,0.076263427734375,0.7933801859617233,1.626592993736267
138197.57535320893,2930,192020480,192020480,927.345321117767,1587.962556562865,2926,100,11.289999961853027,4.982559582792622,19.0,0.0,9.57000012397766,5.310847506640745,19.0,0.0,-0.0012035166582791133,0.0960844618578752,0.0005934176594261468,2.4131561542550726,0.00880028419669543,0.08312479654947917,0.9814345302681128,0.013838976437303549,0.07122802734375,0.7628098875284195,1.6268688440322876
138257.57537220232,2931,192146432,192086016,2099.199335484715,1092.266320902616,2926,100,11.289999961853027,4.982559582792622,19.0,0.0,9.57000012397766,5.310847506640745,19.0,0.0,-0.0004300061458100875,0.10402178719717389,0.0005935197180709414,2.427389239271482,0.006082051457876029,0.062342325846354164,0.9788617106775442,0.013132475656069195,0.0745086669921875,0.7861368805170059,1.6270281076431274
138337.73302447423,2933,192217088,192217088,881.462942057236,1635.1776316424089,2929,100,10.58000020980835,5.240572447947532,22.0,0.0,9.390000009536744,5.172803782534268,19.0,0.0,-0.0006784767538192682,0.08575503369017194,0.0005774040813169752,2.396236876646678,0.0060031503611147246,0.06693522135416667,0.9814191708962122,0.013761934445938095,0.07415771484375,0.7841775715351105,1.6272411346435547
138397.7331486214,2934,192337152,192282624,2001.062526229445,1092.2644066412322,2929,100,10.58000020980835,5.240572447947532,22.0,0.0,9.390000009536744,5.172803782534268,19.0,0.0,-0.000698644468987671,0.08522955801648399,0.0006034387915860863,2.399789129694303,0.007162377982240287,0.06741333007812501,0.9804355390369891,0.013401353809361655,0.0779266357421875,0.8007929027080536,1.6274075508117676
138478.47939777747,2936,192413696,192413696,947.957345387644,1623.2580630049288,2932,100,10.910000133514405,4.8622936372941625,22.0,0.0,9.360000038146973,5.387986546537016,19.0,0.0,-0.0017368974598260443,0.11503228572352478,0.0006252133462112397,2.3892605155706406,0.008076928098186425,0.0752716064453125,0.9742424972355366,0.01407389915160214,0.0760650634765625,0.7882652133703232,1.6277376413345337
138538.47981702164,2937,192541440,192479232,2129.051790124149,1092.25903461279,2932,100,10.910000133514405,4.8622936372941625,22.0,0.0,9.360000038146973,5.387986546537016,19.0,0.0,-0.0012721064861883253,0.0950433228087301,0.000614665899774991,2.412395824988683,0.006236468041606712,0.06629435221354167,0.9718474733332793,0.014154249753725404,0.071685791015625,0.7687891274690628,1.627849817276001
138617.82358689047,2939,192610304,192610304,867.9194360671286,1651.9507482021183,2935,100,10.780000019073487,4.90424307500436,19.0,0.0,9.77000002861023,5.10265605288727,19.0,0.0,-0.00048252081614919007,0.11131692759227009,0.0006387631080239468,2.43692389378945,0.007779002697134274,0.0691680908203125,0.9757401930789152,0.014501853079612676,0.0648345947265625,0.7283179014921188,1.6281349658966064
138677.8237442542,2940,192737536,192675840,2120.5277717646127,1092.263801955213,2937,100,10.65,4.750526242356342,22.0,0.0,9.510000038146973,5.0980289774467975,19.0,0.0,-0.00033358723764346604,0.10436334829622258,0.0006229164040026566,2.421155688663324,0.009707151855157765,0.09208170572916667,0.971999249731501,0.014138268083722021,0.0713348388671875,0.7668739706277847,1.628269076347351
138759.10590364598,2942,192806912,192806912,853.5206313306542,1612.5555839162175,2937,100,10.65,4.750526242356342,22.0,0.0,9.510000038146973,5.0980289774467975,19.0,0.0,-0.00129828668529323,0.09410717287876955,0.0006085648704659737,2.3995997483531637,0.008224601496597947,0.08086140950520833,0.9735047544042269,0.013584242997846255,0.0833282470703125,0.8264321684837341,1.6286044120788574
138819.10637055896,2943,192931840,192872448,2082.117130541263,1092.2581668413184,2939,100,11.03000020980835,4.731712178896635,19.0,0.0,9.84000005722046,4.9126774897665495,19.0,0.0,0.0005698860622942448,0.07379882586731887,0.0005764504724841876,2.4267537991205854,0.006543521689309273,0.0625152587890625,0.9838736175249021,0.01281766042423745,0.079498291015625,0.8142632246017456,1.6287474632263184
138900.266072724,2945,193003520,193003520,883.1969325642216,1614.9886766888624,2942,100,11.29000015258789,4.741930006105442,22.0,0.0,9.110000085830688,5.029701668141403,19.0,0.0,-0.0011015844308227922,0.08955756237264723,0.0006151698241107321,2.42056093364954,0.007271685418042277,0.07381184895833334,0.9797524598737558,0.013512322271708399,0.077178955078125,0.7969589978456497,1.6290831565856934
138960.2678373698,2946,193128448,193069056,2082.0720980036162,1092.2345432150119,2942,100,11.29000015258789,4.741930006105442,22.0,0.0,9.110000085830688,5.029701668141403,19.0,0.0,-0.001434674248836624,0.10297556240887691,0.0006144056836395368,2.4105322286486626,0.0068829712454316905,0.06530253092447917,0.976513688142101,0.013666792307049036,0.0782318115234375,0.8030552268028259,1.62925124168396
139040.1915664468,2948,193200128,193200128,896.8550495305182,1639.9635191415189,2944,100,10.299999952316284,4.99299501013047,19.0,0.0,9.730000114440918,4.95551209900883,19.0,0.0,-0.0002554867581541961,0.10527872235979886,0.0005751097335936114,2.4144348576664925,0.007919284175538147,0.0788421630859375,0.9792741760611535,0.013900211924919857,0.0762481689453125,0.7924792617559433,1.629563331604004
139100.19901088625,2949,193321984,193265664,2030.681378590382,1092.1311615948273,2947,100,11.260000133514405,4.330404155479171,22.0,0.0,10.730000019073486,4.755743825544938,19.0,0.0,-0.00023018415474022427,0.12089877940403919,0.000630912285487284,2.4127283568183584,0.008272658261072745,0.081756591796875,0.964210716386636,0.013916675961809233,0.0771484375,0.7957618832588196,1.6297012567520142
139182.78951181844,2951,193396736,193396736,905.0919797832095,1587.0105946883673,2949,100,10.940000104904176,4.473969188961719,19.0,0.0,10.190000057220459,5.009381175260276,19.0,0.0,-0.0016013896020012908,0.07423495320836082,0.0005911041019620219,2.406431352098783,0.008771879594254036,0.079986572265625,0.9799666137744983,0.013809676980599761,0.08172607421875,0.8249166458845139,1.6300530433654785
139242.7895418331,2952,193512192,193462272,1924.2657040635263,1092.266120266658,2949,100,10.940000104904176,4.473969188961719,19.0,0.0,10.190000057220459,5.009381175260276,19.0,0.0,-0.0007535677553581384,0.06507479816597576,0.000590820781023164,2.4086677332719164,0.006112083498616509,0.06396993001302083,0.9848770486811798,0.013429295291037608,0.0763092041015625,0.7936332374811172,1.630196213722229
139325.84394416213,2954,193593344,193593344,977.0945034136648,1578.1463272801147,2950,100,11.060000038146972,4.670802954753281,19.0,0.0,9.670000028610229,5.228871753469445,19.0,0.0,-0.0021195060495908065,0.0981109292479232,0.000600048456666021,2.3943882783253985,0.0061501235140895005,0.060175577799479164,0.9781886227428913,0.014439901288521165,0.0777587890625,0.7995987832546234,1.6304712295532227
139385.84396092966,2955,193719296,193658880,2099.199413360124,1092.266361423154,2953,100,11.069999980926514,4.2924468628364485,19.0,0.0,10.680000114440919,4.705061116135373,19.0,0.0,-0.0011210641678189859,0.1309719376731664,0.0006096111865190323,2.3894856745998063,0.007987262849079949,0.07546488444010417,0.9651149902492763,0.01438216464399981,0.0777587890625,0.8011269420385361,1.6306307315826416
139465.25584220514,2957,193789952,193789952,889.7409161596185,1650.5338734555241,2954,100,11.460000038146973,4.200999851321209,19.0,0.0,10.030000066757202,5.0940257968426375,19.0,0.0,-0.001096125607242963,0.08192209140785658,0.0005704730422924815,2.414878241717816,0.007541309317578755,0.07076009114583334,0.9834385483215253,0.013748226473884037,0.0717620849609375,0.7679266333580017,1.6309268474578857
139525.25592440553,2958,193908992,193855488,1983.9972819107259,1092.2651702562275,2954,100,11.460000038146973,4.200999851321209,19.0,0.0,10.030000066757202,5.0940257968426375,19.0,0.0,-0.0021521581851023557,0.06768503719164679,0.0005607995729709122,2.40061986943086,0.006650748624451808,0.059611002604166664,0.9843043784300487,0.014965480125586812,0.0805816650390625,0.8157818615436554,1.631093144416809
139607.4339955859,2960,193986560,193986560,943.9014433638789,1594.9753762452344,2956,100,10.440000057220459,4.727197888266327,19.0,0.0,9.800000095367432,5.1244512417232535,19.0,0.0,-0.0006676458530516054,0.0621401570388116,0.0006090829889823606,2.396814619501432,0.0058689517839714735,0.05795288085937501,0.9851867302010457,0.014679956065568451,0.0754547119140625,0.7856446355581284,1.631372094154358
139667.43401084654,2961,194106112,194052096,1992.5328265441754,1092.2663888550512,2958,100,10.890000057220458,4.6149648797495155,19.0,0.0,10.710000038146973,4.554766706758273,19.0,0.0,-0.0013218040270051763,0.08199885314873731,0.0005987258852352776,2.3897692387302714,0.007511708675641178,0.06688944498697916,0.9813388579835495,0.014918538460430378,0.07806396484375,0.8032018393278122,1.6314690113067627
139749.25662174635,2963,194183168,194183168,941.744575889385,1601.9043948683227,2960,100,11.270000123977661,4.522952661007435,22.0,0.0,9.470000076293946,5.208560184841094,19.0,0.0,-0.0003588775956207731,0.11569370271172373,0.000592023236094974,2.4027918328841524,0.007880472813364273,0.06934611002604166,0.9711317090938489,0.013916996084541703,0.0734405517578125,0.7745474725961685,1.6318286657333374
139809.2568397913,2964,194306048,194248704,2047.992557425525,1092.2626972936134,2960,100,11.270000123977661,4.522952661007435,22.0,0.0,9.470000076293946,5.208560184841094,19.0,0.0,-0.001489706629702899,0.0685953443753533,0.000586383594054496,2.3914951011538506,0.007517263649788219,0.06745402018229167,0.9789712733278673,0.014652127652273824,0.0789947509765625,0.8033324778079987,1.6320161819458008
139890.5900046155,2966,194379776,194379776,906.4936813830643,1611.544322458781,2962,100,10.819999980926514,4.6095118009395435,22.0,0.0,10.870000076293945,4.4150990404431125,19.0,0.0,-0.0007909079577075318,0.11339965101797135,0.000572840531579762,2.423900470137596,0.007049246264311175,0.06671651204427084,0.9808958483239014,0.012716031662421301,0.0810089111328125,0.8199824690818787,1.6322537660598755
139950.59305690974,2967,194505216,194445312,2090.5603165792904,1092.2111041720375,2964,100,10.949999952316285,4.800781128632787,22.0,0.0,10.230000114440918,4.8080245198255405,19.0,0.0,-0.0005370562115179686,0.10143512937550743,0.000592772854361101,2.4097352822621665,0.005671612494552392,0.062352498372395836,0.9678630245228609,0.012752024971026307,0.07763671875,0.7979575842618942,1.632378101348877
140031.54463405907,2969,194576384,194576384,879.1428469480738,1619.140782868395,2966,100,10.719999933242798,4.820954181122768,22.0,0.0,10.350000143051147,4.831925102637789,19.0,0.0,-6.178238739569964e-06,0.08213705441448838,0.0006100699022984676,2.3895957618951797,0.0063119558872131165,0.06612141927083333,0.9721685461699963,0.01359255822414222,0.087066650390625,0.8473548591136932,1.6327316761016846
140091.54466548562,2970,194693632,194641920,1954.1323098060882,1092.2660945641016,2966,100,10.719999933242798,4.820954181122768,22.0,0.0,10.350000143051147,4.831925102637789,19.0,0.0,-0.00028084607523245114,0.12778260322132456,0.0006007928319983573,2.4079596574107804,0.0069267480648704804,0.060618082682291664,0.9646118202557166,0.013668425410287455,0.0761260986328125,0.7910609245300293,1.6328574419021606
140173.82358491793,2972,194772992,194772992,964.5240913170531,1593.020434691391,2968,100,10.980000114440918,4.560657825342251,19.0,0.0,9.92999997138977,5.225428145014191,19.0,0.0,-0.0002521934875403531,0.06952989582593243,0.0006053196011635009,2.4141859958569207,0.006567375625309069,0.060211181640625,0.986509166037043,0.014107178595925992,0.0714111328125,0.7606610208749771,1.633166790008545
140233.82740266994,2973,194894592,194838528,2026.5377196926688,1092.1971710343646,2970,100,10.910000038146972,4.576232034453056,19.0,0.0,9.830000114440917,5.110880554921329,19.0,0.0,-0.0006591110626080383,0.07686908156999077,0.0005801194844631634,2.399530058105787,0.005737451462361302,0.058217366536458336,0.9818613852063816,0.013883605618805936,0.0753631591796875,0.786517471075058,1.6332993507385254
140316.25057412125,2975,194969600,194969600,910.0353538847363,1590.2324272661604,2970,100,10.910000038146972,4.576232034453056,19.0,0.0,9.830000114440917,5.110880554921329,19.0,0.0,-0.0006209916403652944,0.07229334129563843,0.0005661755027783026,2.4065697863698006,0.007827180663904679,0.07057698567708334,0.9837495430062214,0.014419766628028205,0.0788726806640625,0.8055288791656494,1.6335854530334473
140376.25068198703,2976,195097600,195035136,2133.3294981124736,1092.2647030335866,2973,100,10.700000190734864,4.863126496971209,19.0,0.0,10.389999961853027,4.47637121730656,19.0,0.0,-0.0010657758418043766,0.08723193925106898,0.0005749121331367253,2.3993625690539675,0.006579777925556603,0.06388346354166667,0.9810854072372119,0.01444544933231858,0.0706634521484375,0.7599685043096542,1.6337372064590454
140456.30921165086,2978,195166208,195166208,856.9730207148166,1637.2021888283064,2975,100,11.310000038146972,4.04399565147224,19.0,0.0,9.900000143051148,4.889785210107428,19.0,0.0,-0.0008033427778476228,0.0992692014357696,0.0005951800358161563,2.4113251591722173,0.006585355577044538,0.06626383463541666,0.9730783769239981,0.01415183488279581,0.0722808837890625,0.7706471979618073,1.634015440940857
140516.30929733627,2979,195284736,195231744,1975.4638455264326,1092.2651068137511,2975,100,11.310000038146972,4.04399565147224,19.0,0.0,9.900000143051148,4.889785210107428,19.0,0.0,-0.0010075833949182804,0.09192362839045623,0.0006223050883515195,2.419807401796182,0.007583500776187673,0.07536824544270833,0.9735767456392448,0.014398256976467867,0.0753936767578125,0.783919095993042,1.6342265605926514
140599.53778619505,2981,195362816,195362816,938.1403059290856,1574.8453660186617,2977,100,11.33000020980835,4.09403231383891,19.0,0.0,10.220000171661377,5.0765736666348795,19.0,0.0,-1.3510652934201062e-06,0.09878046861073622,0.00061437215845217,2.399396672844887,0.006967920298848185,0.06844584147135416,0.9726770600924889,0.014104419416980818,0.077789306640625,0.7986703515052795,1.6345000267028809
140659.53778965026,2982,195481600,195428352,1979.7332193268735,1092.266603766551,2979,100,11.210000038146973,4.3778877529797,19.0,0.0,10.060000133514404,4.867894793448597,19.0,0.0,-0.0020736925580422394,0.07338567501089226,0.0005970444181002675,2.3965420350432396,0.006102760600091036,0.06395467122395833,0.9784698616713285,0.014839923795079812,0.0791015625,0.8101608753204346,1.6346495151519775
140740.7742917426,2984,195559424,195559424,957.9929957046517,1613.4618875025712,2979,100,11.210000038146973,4.3778877529797,19.0,0.0,10.060000133514404,4.867894793448597,19.0,0.0,-0.0010662152029302283,0.08415555919054896,0.0005952262672508368,2.390825899938742,0.006874400469314423,0.0698089599609375,0.9784607781718174,0.01439456156610201,0.079742431640625,0.8150858581066132,1.6349495649337769
140800.77461061813,2985,195677440,195624960,1966.9228799401958,1092.2608617455319,2981,100,11.269999980926514,4.717743104122459,22.0,0.0,9.730000066757203,5.1455903950827295,19.0,0.0,-0.001605685905815335,0.10124272732840231,0.0006563600515316163,2.3904548684755964,0.00786189992444027,0.07080078125000001,0.9791332371532918,0.01500882163721447,0.0749664306640625,0.7864363640546799,1.6350619792938232
140882.16907515563,2987,195756032,195756032,965.5693473330715,1610.3306378975003,2984,100,11.070000076293946,4.382362343716289,19.0,0.0,8.889999961853027,5.090962581574736,19.0,0.0,0.001095289667622031,0.09027806987675528,0.0006721699046465801,2.386705855528514,0.006595228492490909,0.07009379069010417,0.9638137823591629,0.015368277992820367,0.07757568359375,0.7903944551944733,1.6353825330734253
140942.1691993624,2988,195875584,195821568,1992.5292085731646,1092.2644055561673,2984,100,11.070000076293946,4.382362343716289,19.0,0.0,8.889999961853027,5.090962581574736,19.0,0.0,-0.0008956081813569956,0.06962926625662173,0.0006017370033077896,2.4107862611611686,0.007243463378472369,0.07298787434895833,0.9848505941530069,0.013980949588585645,0.0757293701171875,0.7973252683877945,1.6354894638061523
141024.63099518605,2990,195952640,195952640,934.4448447956515,1589.4875765294805,2986,100,11.710000038146973,4.045478981703377,19.0,0.0,9.52000002861023,5.41752714956868,19.0,0.0,0.0005659911281933697,0.14136083303795507,0.0006489119950856549,2.4154654567440352,0.005061929835089056,0.0529632568359375,0.9694982593258222,0.01430353206039096,0.0706024169921875,0.7608569860458374,1.6357758045196533
141084.6312388461,2991,196073984,196018176,2022.3917870648443,1092.2622309886078,2986,100,11.710000038146973,4.045478981703377,19.0,0.0,9.52000002861023,5.41752714956868,19.0,0.0,-0.0006847698738662681,0.10066323770054925,0.0006600084961974062,2.430025801062584,0.007572946119277427,0.07395426432291666,0.9786500098804632,0.01378936986050879,0.0675048828125,0.7407587766647339,1.6358991861343384
141167.02523449063,2993,196149248,196149248,913.4646209502221,1590.7955303622916,2989,100,11.039999961853027,4.612851597378697,22.0,0.0,10.769999980926514,4.5185284428864945,19.0,0.0,-0.00037044800410512835,0.10125739922902237,0.0006268814025437071,2.4156058952212334,0.005202457759878598,0.047612508138020836,0.9750486426055432,0.014726765870970365,0.069427490234375,0.7501394748687744,1.6361486911773682
141227.02523984574,2994,196279296,196214784,2167.466473216498,1092.2665691799675,2991,100,11.470000076293946,4.357648439135405,19.0,0.0,9.77000002861023,4.711379955699025,16.0,0.0,-0.00041608371854332893,0.07953336105371515,0.0006156069266580744,2.4159684851765633,0.005447297675952237,0.059565226236979164,0.9817561383048693,0.014190448224932576,0.07122802734375,0.7637642472982407,1.6362720727920532
141306.49602430128,2996,196345856,196345856,837.5404931008187,1649.3105094908428,2993,100,10.910000038146972,4.582783053229775,19.0,0.0,9.569999980926514,5.008502675449644,19.0,0.0,-0.0013016128092810202,0.09124647701780003,0.0006255194906164737,2.4056105812390647,0.0067608717290568165,0.06500752766927084,0.977908189718922,0.014409300211506585,0.075042724609375,0.7837990671396255,1.6365697383880615
141366.4960945826,2997,196463616,196411392,1962.6643676890706,1092.2653872356566,2993,100,10.910000038146972,4.582783053229775,19.0,0.0,9.569999980926514,5.008502675449644,19.0,0.0,-0.001601435321693619,0.11209756896520655,0.0006551470075161584,2.4162604932983713,0.006815222411508633,0.07161966959635416,0.9735337837288777,0.014753456004352,0.071533203125,0.7634308189153671,1.636724829673767
141450.05848546885,2999,196542464,196542464,943.5823839379509,1568.552534338412,2995,100,11.820000076293946,4.124027203554248,19.0,0.0,9.580000019073486,5.091522340350732,19.0,0.0,-0.0016000510174004983,0.08591850268809746,0.0006337710722921959,2.415561017890771,0.006621842470243186,0.068603515625,0.9794194350639979,0.013935557847920185,0.0775146484375,0.7993964552879333,1.637006163597107
141510.05902059376,3000,196662528,196608000,2001.0488198154112,1092.2569251018024,2997,100,11.460000038146973,4.497599383348928,19.0,0.0,10.130000066757201,4.670449639971031,19.0,0.0,-0.00022009213595689892,0.14583042570545027,0.0006418713370900756,2.3957777445515,0.008173347250097626,0.074951171875,0.9625668985148271,0.01454432987763236,0.0747528076171875,0.7827312797307968,1.6371663808822632
141592.2362872176,3002,196739072,196739072,931.4498175071737,1594.990991851749,2999,100,10.870000076293945,4.54236723807519,19.0,0.0,10.25,4.823639554424018,19.0,0.0,-0.0008558359610712311,0.07992921257391572,0.0006315565393985404,2.3992252374688783,0.007478343168259016,0.06881205240885417,0.9797069175789753,0.015740467827223863,0.0774078369140625,0.7968317717313766,1.637467622756958
141652.23666826263,3003,196868096,196804608,2150.3863434323716,1092.259729997395,2999,100,10.870000076293945,4.54236723807519,19.0,0.0,10.25,4.823639554424018,19.0,0.0,-0.0022710050422271406,0.09900068724527955,0.0006096875379929163,2.406926301618417,0.006938978940524976,0.06766764322916667,0.9761572455366453,0.014998038347888116,0.076812744140625,0.7961445450782776,1.6376008987426758
141732.61791489832,3005,196935680,196935680,840.793130595611,1630.629101761185,3001,100,11.460000038146973,4.576942129891167,22.0,0.0,9.020000219345093,4.845575368152623,16.0,0.0,-0.0012503718802084527,0.10797257783512275,0.0006085730813841412,2.3838783825437226,0.00824509909216431,0.0755462646484375,0.9782128346463045,0.014353358419612048,0.0815887451171875,0.8183664679527283,1.637879490852356
141792.61931042187,3006,197056512,197001216,2013.8198277834774,1092.2412625266318,3004,100,10.820000076293946,5.115427724139735,22.0,0.0,10.180000114440919,4.585586107735296,19.0,0.0,-0.00043653152048743016,0.12143302022013813,0.0005846498988830717,2.399152658879757,0.006005129146312054,0.0631866455078125,0.9716843410084645,0.014098107358828806,0.08209228515625,0.8287259638309479,1.6380071640014648
141875.2650873661,3008,197132288,197132288,916.8768544717012,1585.9491536807805,3004,100,10.820000076293946,5.115427724139735,22.0,0.0,10.180000114440919,4.585586107735296,19.0,0.0,-0.0014201426577831928,0.10092442051973195,0.0006684246612470209,2.392280283073584,0.007489421203596673,0.07424418131510417,0.9650442637503147,0.014300427244355282,0.0808563232421875,0.8177918642759323,1.6383451223373413
141935.2652289346,3009,197252096,197197824,1996.7952886120381,1092.2640894971832,3006,100,11.720000076293946,4.38880392839325,22.0,0.0,9.90999994277954,4.8272040380586985,19.0,0.0,-0.0011395495360678372,0.10782280370282629,0.0006525645991738808,2.3907785365978875,0.006681490025584935,0.061553955078125,0.9632776280244192,0.01472928537017045,0.0836181640625,0.8293195366859436,1.6385146379470825
142016.37270535342,3011,197328896,197328896,946.8917464945629,1616.028580684054,3008,100,11.29000015258789,4.722912174740033,22.0,0.0,10.420000028610229,4.436620304860792,19.0,0.0,-0.00041690401606805005,0.11828167631756514,0.0006149546655554634,2.415065810084343,0.005629812506716311,0.056203206380208336,0.9697995620469252,0.013884107834504297,0.0837554931640625,0.8346402794122696,1.638810634613037
142076.3727936037,3012,197457408,197394432,2141.8635163329686,1092.2650601219918,3009,100,10.750000095367431,4.756837184377353,22.0,0.0,10.549999904632568,4.455053308714483,19.0,0.0,0.0009421623641780266,0.11811228096485138,0.0006299144473208191,2.4057663778464,0.010253328135756117,0.09873962402343749,0.974797255670031,0.01399133477631646,0.07470703125,0.780349999666214,1.6389414072036743
142156.99440654553,3014,197525504,197525504,844.6370336093228,1625.7675233382452,3011,100,11.400000190734863,4.277849909176956,19.0,0.0,10.279999923706054,4.576199198273271,19.0,0.0,-0.00016416056557015205,0.11100175410198669,0.0006295488977533145,2.409421215454737,0.006564003087987657,0.06705729166666666,0.9716555873552959,0.013833383069140837,0.06878662109375,0.7473906427621841,1.6392099857330322
142216.9945339579,3015,197643520,197591040,1966.9291564812877,1092.264347200021,3013,100,10.880000114440918,4.466049722581153,22.0,0.0,10.289999961853027,4.786010778189444,19.0,0.0,0.00011386681095852208,0.09862412106789029,0.0006166989090464388,2.409793548285961,0.007182687378493331,0.07337443033854167,0.9663241269687812,0.013937375488846252,0.072906494140625,0.7778628915548325,1.6393227577209473
142299.6789822094,3017,197722112,197722112,950.5052239200684,1585.2074092738599,3014,100,11.039999961853027,4.247163760477707,19.0,0.0,9.730000114440918,4.8515049243210004,19.0,0.0,-0.00033320943718232826,0.1071958687971346,0.000619244524690051,2.41804534693559,0.007026774391609554,0.07038370768229167,0.9699638436237971,0.013582196251566833,0.07940673828125,0.8103570193052292,1.6395962238311768
142359.6791504901,3018,197845760,197787648,2060.7942201359256,1092.2636032190412,3014,100,11.039999961853027,4.247163760477707,19.0,0.0,9.730000114440918,4.8515049243210004,19.0,0.0,0.0012286351181198065,0.11254361617223671,0.0006081537230784306,2.4143219962716103,0.006823201993029215,0.069091796875,0.9748993286242088,0.014155527567102883,0.0761260986328125,0.7899035662412643,1.6397716999053955
142441.75115218572,3020,197918720,197918720,888.9755153112369,1597.0367152258011,3016,100,10.430000019073486,4.9704224505784556,22.0,0.0,9.97000002861023,4.821732018172069,19.0,0.0,-0.0009373589382448698,0.06570059165824205,0.0005814591701588748,2.4220350856582322,0.006146460078525706,0.05710347493489583,0.9875562116503716,0.013435331464279443,0.069061279296875,0.7539750784635544,1.6399990320205688
142501.75146589242,3021,198039808,197984256,2018.1227816894993,1092.2609558404056,3018,100,10.869999980926513,4.575270480857232,22.0,0.0,9.800000143051147,4.722287580001223,19.0,0.0,-0.0006274560522191072,0.10346856804486984,0.0006057184576396443,2.4146041398247085,0.006312012215251646,0.059092203776041664,0.9713316348691782,0.014514294346251216,0.077362060546875,0.7973833978176117,1.6401498317718506
142583.1290349532,3023,198115328,198115328,928.0198569657662,1610.6649720897365,3020,100,12.000000095367431,4.1785166049017946,22.0,0.0,10.160000133514405,4.634047900585497,19.0,0.0,0.0009762746267369948,0.16087427972039828,0.0006787433061011445,2.4254370679457984,0.00928119268307152,0.08466084798177083,0.9557178777952989,0.01441693696930694,0.0694122314453125,0.7522501647472382,1.6404093503952026
142643.12940954417,3024,198234368,198180864,1983.9876136023238,1092.2598474885913,3022,100,11.430000019073486,4.040433041714729,19.0,0.0,10.129999923706055,4.753219890183105,19.0,0.0,-8.193208244241154e-05,0.13202298719746372,0.0006333781069164008,2.4300534377495446,0.00663165474603981,0.0643463134765625,0.9664521645754576,0.014045954468504837,0.074371337890625,0.7872621864080429,1.640534520149231
142724.877326997,3026,198311936,198311936,948.8682087193337,1603.368062258412,3023,100,11.110000133514404,4.242393161457627,19.0,0.0,10.610000038146973,4.500877794648925,19.0,0.0,-0.00025497807898015407,0.10478305382033189,0.0005933969465938086,2.4382873723904295,0.006491908193614411,0.0575408935546875,0.9694950928290685,0.013262870110338554,0.0724945068359375,0.7736211568117142,1.640767216682434
142784.8774398137,3027,198433280,198377472,2022.3961973325386,1092.2646129053373,3023,100,11.110000133514404,4.242393161457627,19.0,0.0,10.610000038146973,4.500877794648925,19.0,0.0,-0.0006032437255877691,0.08591224245416622,0.0005755072628138199,2.446742706000805,0.006344792244514489,0.06447855631510416,0.9757373972485462,0.01229930559444862,0.0691680908203125,0.7593206316232681,1.6408312320709229
142866.13156542927,3029,198508544,198508544,926.2791203498822,1613.111937480067,3025,100,11.15,4.613837903315742,19.0,0.0,10.319999980926514,4.666647569557913,19.0,0.0,-0.00014498238063727814,0.0974665239918977,0.0006381418473514108,2.4451131150126457,0.0076409368751531774,0.068939208984375,0.9757588921735684,0.013140081806341184,0.06744384765625,0.7444531321525574,1.6411079168319702
142926.1318652071,3030,198632960,198574080,2073.5896397297643,1092.2612094049787,3027,100,10.59000015258789,5.051920529861738,19.0,0.0,10.290000057220459,4.69743554016101,19.0,0.0,-0.0010463344951858744,0.12873350565011304,0.0005912460740849687,2.4278098319967585,0.0073463764031960945,0.07185872395833333,0.9654271087298791,0.013113832518380756,0.0759429931640625,0.7926438301801682,1.641239881515503
143008.54022817127,3032,198705152,198705152,876.0275948132795,1590.5181863276564,3029,100,10.160000038146972,5.078818865960652,19.0,0.0,10.210000038146973,4.779738388514534,19.0,0.0,-0.0007339736766880379,0.10799146944191305,0.0005898383060412016,2.427574947476387,0.006333503225202245,0.061192830403645836,0.9680274414519469,0.014205587707692757,0.073486328125,0.7760461568832397,1.6414958238601685
143068.54314146936,3033,198825984,198770688,2013.7688881825627,1092.2136342685085,3029,100,10.160000038146972,5.078818865960652,19.0,0.0,10.210000038146973,4.779738388514534,19.0,0.0,-0.0010575406631687656,0.07680697141525647,0.0006292679408943513,2.4278234218557673,0.005247001451304337,0.055018107096354164,0.9785488961885374,0.01425200336962007,0.06732177734375,0.742501437664032,1.6416263580322266
143149.68971006572,3035,198901760,198901760,933.816442404642,1615.250062537759,3031,100,10.269999980926514,5.098735186858671,19.0,0.0,10.310000133514404,4.584092113841235,19.0,0.0,-0.0017445758251900163,0.11058533552568406,0.00062455519522094,2.407722848157088,0.007750215122238538,0.07669576009114584,0.9646142305185398,0.013823246903484687,0.0822296142578125,0.8262111991643906,1.6419378519058228
143209.68978090584,3036,199026176,198967296,2073.5975517683323,1092.2653770631546,3031,100,10.269999980926514,5.098735186858671,19.0,0.0,10.310000133514404,4.584092113841235,19.0,0.0,-0.00054320504690016,0.07919602317269892,0.0006027609336645886,2.3985667874415713,0.00620636157085149,0.0614471435546875,0.9798710240672032,0.01420716194358344,0.074462890625,0.7812246978282928,1.6420671939849854
143290.40774087794,3038,199098368,199098368,894.3734458223968,1623.826965464777,3034,100,9.909999990463257,4.925637090368877,19.0,0.0,10.200000095367432,4.483302341903828,19.0,0.0,-0.001006804717083772,0.10024736759563288,0.0006016004081175197,2.383611502746741,0.008084563347438234,0.07021586100260417,0.9715718341370424,0.014928244519978762,0.07769775390625,0.7974847555160522,1.6423691511154175
143350.40822264552,3039,199218176,199163904,1996.7839669036775,1092.2578964259433,3036,100,10.589999961853028,4.907331266560454,19.0,0.0,10.269999790191651,4.832918226027182,19.0,0.0,-0.0009948395697089534,0.13992862857412547,0.0005765969150767584,2.3993709087371826,0.007129266399715561,0.07373046875,0.9652105358739693,0.013869811577023938,0.0757598876953125,0.7924580425024033,1.642484426498413
143431.84447697736,3041,199294976,199294976,943.068914823244,1609.5042812983365,3036,100,10.589999961853028,4.907331266560454,19.0,0.0,10.269999790191651,4.832918226027182,19.0,0.0,0.0012808823497228636,0.16809720844806483,0.0006188311466151694,2.417443652947744,0.007708740109592327,0.0739898681640625,0.9471093621104956,0.014117649019074937,0.0729522705078125,0.7760404199361801,1.642743468284607
143524.89580481313,3043,199426048,199426048,1408.5989211388403,1408.5989211388403,3038,100,10.49000005722046,4.99498755151777,19.0,0.0,10.480000019073486,4.334697130504783,19.0,0.0,0.00013635422995624447,0.08044105463583644,0.0005866739508443668,2.4281580075621605,0.006325754130860635,0.065277099609375,0.9821877566476663,0.012484572109921524,0.0711669921875,0.7663710862398148,1.6429486274719238
143584.89714208618,3044,199547904,199491584,2030.8880691354157,1092.242322896358,3041,100,10.88000020980835,4.617964937280382,19.0,0.0,9.570000076293946,5.196643089023185,19.0,0.0,-0.0006726776106612912,0.07295136702790235,0.0005776385545080606,2.4163662071029344,0.005213114576084385,0.052495320638020836,0.9843675854305426,0.013850468977276858,0.0699615478515625,0.7638145983219147,1.6430341005325317
143667.86298317462,3046,199622656,199622656,900.9973143080922,1579.8309072799425,3041,100,10.88000020980835,4.617964937280382,19.0,0.0,9.570000076293946,5.196643089023185,19.0,0.0,0.000743206600115324,0.12947577890008688,0.0005892880823618423,2.3953684071699777,0.00633872903684581,0.061131795247395836,0.9697795510292053,0.014535914602068564,0.06915283203125,0.7524561583995819,1.6433329582214355
143727.86501441337,3047,199743488,199688192,2013.7984915744996,1092.2296903454915,3044,100,10.490000009536743,5.320704906560647,22.0,0.0,9.980000066757203,4.795789807671412,19.0,0.0,0.0005414862656228554,0.08831033595682433,0.0005565116122549322,2.4401697864135103,0.005647276308081927,0.05499267578125,0.9827972277998924,0.012816813997536277,0.069183349609375,0.758500337600708,1.6434506177902222
143808.71655438095,3049,199819264,199819264,937.2239543041885,1621.1441371748126,3046,100,10.930000114440919,5.202412892752729,22.0,0.0,9.700000047683716,5.158488228791843,19.0,0.0,0.0007822937962676708,0.08692072832491249,0.0006077168539680617,2.39422199378411,0.0074044592850744575,0.07404581705729166,0.975037457421422,0.014641878214509537,0.0768280029296875,0.7905219048261642,1.6437798738479614
143868.7167877853,3050,199945728,199884800,2107.7251341301603,1092.2624176868846,3046,100,10.930000114440919,5.202412892752729,22.0,0.0,9.700000047683716,5.158488228791843,19.0,0.0,-0.0007282083097379655,0.07318742755645265,0.0005827122204209445,2.388137601315975,0.007329654579734779,0.07025655110677084,0.9809756483882666,0.01434287879965268,0.0804290771484375,0.8144269287586212,1.6439142227172852
143949.86662224308,3052,200015872,200015872,864.3763781981557,1615.1850570710062,3048,100,11.450000095367432,4.600815150882126,22.0,0.0,9.719999980926513,5.051890713734127,19.0,0.0,0.0007501885629608297,0.09308690185813853,0.0005812378306776129,2.422423633436362,0.006036493080197639,0.0627899169921875,0.9793227476378281,0.01360836302046664,0.07373046875,0.7781762778759003,1.6441692113876343
143949.87130481377,3052,200015872,200015872,0.0,0.0,3048,100,11.450000095367432,4.600815150882126,22.0,0.0,9.719999980926513,5.051890713734127,19.0,0.0,0.0007501885629608297,0.09308690185813853,0.0005812378306776129,2.422423633436362,0.006036493080197639,0.0627899169921875,0.9793227476378281,0.01360836302046664,0.07373046875,0.7781762778759003,1.6441692113876343
