wall_time,updates,collected_samples,trained_samples,sampler_fps,learner_fps,version,num_episodes,train_return_mean,train_return_std,train_return_max,train_return_min,test_return_mean,test_return_std,test_return_max,test_return_min,actor_loss,critic_loss,entropy,approx_kl,clip_frac,explained_var
60.235060865059495,2,131072,131072,2176.0084262823552,2176.0084262823552,0,0,0,0,0,0,0,0,0,0,-0.0009256629515827322,0.253331826456512,2.7025676568349204,0.0032615260703702615,0.011555989583333332,0.023215604946017262
120.23550383374095,4,276224,262144,2419.1821396346236,2184.517205454898,0,0,0,0,0,0,0,0,0,0,-0.0022399340426394096,0.1000467578384511,2.6823047772049904,0.003370253386189385,0.033416748046875,0.47641116194427013
180.23576858825982,6,454912,393216,2978.12019215369,2184.5236939580077,0,0,0,0,0,0,0,0,0,0,-0.0021890859134146012,0.1602351408218965,2.680583601196607,0.003824341765114999,0.041900634765625,0.567831032599012
246.35170925408602,9,589824,589824,2040.5366488226173,2973.685287088748,0,0,0,0,0,0,0,0,0,0,-0.0023803490015173643,0.1005240023174944,2.682897835969925,0.0030850561797706177,0.039922078450520836,0.8671281610925993
306.3522099573165,11,736256,720896,2440.512967121221,2184.515103437177,0,0,0,0,0,0,0,0,0,0,-0.001562536958469233,0.1734839592051382,2.6702251558502517,0.0022831494085645923,0.0173187255859375,0.8928108513355255
366.35221135243773,13,909824,851968,2892.7999327365574,2184.5332825385212,0,100,0.1,0.99498743710662,10.0,0.0,0.0,0.0,0.0,0.0,-0.003276670351624489,0.08099133179833493,2.682405139009158,0.002718842182730441,0.027445475260416668,0.9348594440768162
434.41595285758376,16,1048576,1048576,2038.5596931886196,2888.5864287248337,0,100,0.1,0.99498743710662,10.0,0.0,0.0,0.0,0.0,0.0,-0.0025815194627890983,0.07775359940327084,2.682472529510657,0.0021066919750107145,0.016657511393229164,0.9439133300135533
494.41624504700303,18,1186048,1179648,2291.1888423143787,2184.522695093039,0,100,0.1,0.99498743710662,10.0,0.0,0.0,0.0,0.0,0.0,-0.0016416709137653622,0.09721630990194778,2.685279091199239,0.0014882608423552786,0.012944539388020832,0.9271583923449118
554.4163438975811,20,1352704,1310720,2777.5954238847785,2184.529734299549,0,100,0.1,0.99498743710662,10.0,0.0,0.0,0.0,0.0,0.0,-0.001743526760643969,0.11400003075444448,2.6759515826900797,0.002511194925925035,0.023615519205729168,0.957909989481171
624.538362853229,23,1507328,1507328,2205.070565606495,2803.7983350758086,0,100,0.1,0.99498743710662,10.0,0.0,0.0,0.0,0.0,0.0,-0.0012702546907045569,0.17743075996016464,2.662458300590515,0.001580970060482893,0.012430826822916668,0.9573176770160595
684.5386235807091,25,1643264,1638400,2265.5901549731343,2184.5238405767323,0,100,0.1,0.99498743710662,10.0,0.0,0.0,0.0,0.0,0.0,-0.0024782625114312395,0.09163854309978585,2.6639749382932982,0.0024944514643721045,0.021214803059895832,0.9679865625997385
744.5390370022506,27,1808384,1769472,2751.981037862621,2184.5182812180806,13,100,0.3,1.705872210923198,10.0,0.0,0.4,1.9595917942265424,10.0,0.0,-0.002144758924259804,0.10058702792351444,2.6534266596039138,0.0020361752685857937,0.020268758138020832,0.9787781698008379
815.7105908282101,30,1966080,1966080,2215.7166947011483,2762.4519830040294,13,100,0.3,1.705872210923198,10.0,0.0,0.4,1.9595917942265424,10.0,0.0,-0.00206966549497641,0.07284649822395295,2.6632183343172073,0.0029416500152971516,0.028778076171875003,0.9840333585937818
875.7109954021871,32,2110976,2097152,2414.917049790084,2184.5186033436803,13,100,0.3,1.705872210923198,10.0,0.0,0.4,1.9595917942265424,10.0,0.0,-0.0017766789120893616,0.12319927484107514,2.657959322134654,0.0025457457462228677,0.02520751953125,0.9716176583121221
935.7112585846335,34,2276096,2228224,2751.987928751409,2184.523751194917,13,100,0.3,1.705872210923198,10.0,0.0,0.4,1.9595917942265424,10.0,0.0,-0.002233878942206502,0.07709263798703128,2.667184181511402,0.0020356579861982027,0.024470011393229164,0.9770633559674025
1005.9023422077298,37,2424832,2424832,2119.0155832137416,2801.039531683569,13,100,0.3,1.705872210923198,10.0,0.0,0.4,1.9595917942265424,10.0,0.0,-0.002175654027572212,0.1010178627523904,2.6651138241092363,0.002768283148422294,0.03079732259114583,0.9775637121250231
1065.9023734424263,39,2563840,2555904,2316.79879392488,2184.532196113331,13,100,0.3,1.705872210923198,10.0,0.0,0.4,1.9595917942265424,10.0,0.0,-0.0015313417655609858,0.0818228575323398,2.652276910841465,0.0025136264509152775,0.027704874674479164,0.9844493698328733
1125.9053042382002,41,2724864,2686976,2683.602248497856,2184.426631527667,26,100,0.5,2.179449471770337,10.0,0.0,0.1,0.99498743710662,10.0,0.0,-0.0017686110683522809,0.07839121324165414,2.6671907032529516,0.002316541519273111,0.022191365559895832,0.9782758386184772
1197.2598032578826,44,2883584,2883584,2224.3867195566563,2755.3693558379227,26,100,0.5,2.179449471770337,10.0,0.0,0.1,0.99498743710662,10.0,0.0,-0.0027927215548212794,0.035238404816482216,2.6826691975196204,0.002269187826338263,0.019785563151041664,0.9879321102052927
1257.2598094660789,46,3020288,3014656,2278.3997642541176,2184.533107299828,26,100,0.5,2.179449471770337,10.0,0.0,0.1,0.99498743710662,10.0,0.0,-0.0026240732210377855,0.04994169277294228,2.6709446286161738,0.001981694939483229,0.0231170654296875,0.9865203207979599
1317.261938340962,48,3187200,3145728,2781.7679660674426,2184.4558261143106,26,100,0.5,2.179449471770337,10.0,0.0,0.1,0.99498743710662,10.0,0.0,-0.0025839959028720236,0.05310404661577194,2.6779761786262193,0.002350462851609336,0.027608235677083332,0.9810869097709656
1388.7313074097037,51,3342336,3342336,2170.6641883291936,2750.940753526107,26,100,0.5,2.179449471770337,10.0,0.0,0.1,0.99498743710662,10.0,0.0,-0.003211064613424242,0.06781532076032211,2.670081357161204,0.001889162317335528,0.020787556966145832,0.9811641220003366
1448.731947492808,53,3485440,3473408,2385.0412229234994,2184.5100288673198,39,100,0.2,1.4,10.0,0.0,0.2,1.4,10.0,0.0,-0.00267234935745364,0.06039504910586402,2.6741712540388103,0.0018435689313870776,0.018829345703125003,0.9807155206799507
1508.7351410295814,55,3654144,3604480,2811.5836850685077,2184.41706639617,39,100,0.2,1.4,10.0,0.0,0.2,1.4,10.0,0.0,-0.0023524686233334555,0.05813002433084573,2.669869651397069,0.0011812447531459231,0.015101114908854168,0.9850005737195413
1578.884251717478,58,3801088,3801088,2094.737888464115,2802.7155023352616,39,100,0.2,1.4,10.0,0.0,0.2,1.4,10.0,0.0,-0.0030180372850736603,0.037377943095634684,2.672882191836834,0.0022914072299802988,0.0263671875,0.987456920867165
1638.8842544090003,60,3941120,3932160,2333.8665619724375,2184.5332353380036,39,100,0.2,1.4,10.0,0.0,0.2,1.4,10.0,0.0,-0.0017188661974311494,0.06822649721289054,2.678389951586723,0.0016860337103328975,0.015569051106770832,0.9812874123454094
1698.8845885768533,62,4099328,4063232,2636.785314518544,2184.5211667208646,39,100,0.2,1.4,10.0,0.0,0.2,1.4,10.0,0.0,-0.002798649652201372,0.0476878677145578,2.6777921244502068,0.0014981897165853297,0.013376871744791666,0.9830142545203369
1770.1642505899072,65,4259840,4259840,2251.8625294632348,2758.262237045876,39,100,0.2,1.4,10.0,0.0,0.2,1.4,10.0,0.0,-0.003111817815806717,0.035481020429870114,2.6743385940790176,0.002478252089228287,0.025492350260416664,0.9872275181114673
1830.164689090103,67,4407552,4390912,2461.8486746479048,2184.517368145108,52,100,0.4,1.9595917942265424,10.0,0.0,0.1,0.99498743710662,10.0,0.0,-0.0028217009676154703,0.03711063319739575,2.675027829905351,0.002209097455609784,0.0183868408203125,0.985959805548191
1890.165168043226,69,4574976,4521984,2790.3777256645612,2184.5158953214914,52,100,0.4,1.9595917942265424,10.0,0.0,0.1,0.99498743710662,10.0,0.0,-0.0023271415557246655,0.06640614388743415,2.6652637695272765,0.0029328704070697618,0.033671061197916664,0.9830736573785543
1958.697125699371,72,4718592,4718592,2095.6062676712736,2868.851361090086,52,100,0.4,1.9595917942265424,10.0,0.0,0.1,0.99498743710662,10.0,0.0,-0.002047453044118204,0.07538398287336652,2.6373645017544427,0.0023717523442125335,0.0171356201171875,0.986795095105966
2018.6975247897208,74,4855040,4849664,2274.118207022826,2184.518802993784,52,100,0.4,1.9595917942265424,10.0,0.0,0.1,0.99498743710662,10.0,0.0,-0.0012429732936046396,0.10047552517304817,2.6597609172264733,0.0017251872426034727,0.011922200520833334,0.9790538686017196
2078.6975397299975,76,5012480,4980736,2623.99934661206,2184.532789374593,52,100,0.4,1.9595917942265424,10.0,0.0,0.1,0.99498743710662,10.0,0.0,-0.003149718276593679,0.03950150159653277,2.6730954721570015,0.003180438131190992,0.0306243896484375,0.9875459813823303
2149.5159324258566,79,5177344,5177344,2327.982798311095,2776.2279333896286,65,100,0.3,1.705872210923198,10.0,0.0,0.2,1.4,10.0,0.0,-0.003447554011169511,0.07461912084060411,2.6679795011878014,0.0025578551703802077,0.023412068684895832,0.9787919421990713
2209.5160087849945,81,5311744,5308416,2239.99714926248,2184.5305531855042,65,100,0.3,1.705872210923198,10.0,0.0,0.2,1.4,10.0,0.0,-0.0023389677129064994,0.04905344848521054,2.672312510510286,0.002013258774240967,0.019673665364583332,0.9862064030021429
2269.517273841426,83,5476864,5439488,2751.941977301718,2184.4872750053946,65,100,0.3,1.705872210923198,10.0,0.0,0.2,1.4,10.0,0.0,-0.002374906568244721,0.07446683368956049,2.647614677747091,0.0021158649560675258,0.023000081380208332,0.9865518764903148
2341.0561835411936,86,5636096,5636096,2225.8097120610264,2748.266654120367,65,100,0.3,1.705872210923198,10.0,0.0,0.2,1.4,10.0,0.0,-0.002877949870404943,0.051008910522796214,2.6664450292785964,0.00208921203072047,0.0176544189453125,0.9860142556329569
2401.0566115621477,88,5780480,5767168,2406.3828336287256,2184.517749677141,65,100,0.3,1.705872210923198,10.0,0.0,0.2,1.4,10.0,0.0,-0.0023105886502889916,0.04303769471395451,2.6677515283226962,0.0015733540161212052,0.012964884440104166,0.9901187755167484
2461.061143733561,90,5943808,5898240,2721.9277292826046,2184.3683344713063,65,100,0.3,1.705872210923198,10.0,0.0,0.2,1.4,10.0,0.0,-0.003171706800155031,0.06239576125517488,2.664272263646126,0.001841247461319047,0.020889282226562497,0.9861805494874716
2529.9155947286636,93,6094848,6094848,2193.612726804592,2855.4145325185195,78,100,0.5,2.179449493444,10.0,0.0,0.5,2.179449471770337,10.0,0.0,-0.0024780383027973585,0.07339996999750534,2.661075825492541,0.002551714237294315,0.026357014973958336,0.9861759251604477
2589.915712811053,95,6235648,6225920,2346.66204834231,2184.529034093205,78,100,0.5,2.179449493444,10.0,0.0,0.5,2.179449471770337,10.0,0.0,-0.0028298891799446815,0.07554656977299601,2.6597596059242887,0.0019593972944373186,0.019800821940104164,0.9825518578290939
2649.9160973094404,97,6407424,6356992,2862.9149868967297,2184.5193342639723,78,100,0.5,2.179449493444,10.0,0.0,0.5,2.179449471770337,10.0,0.0,-0.0025148690013641803,0.08261603912493835,2.6619476477305093,0.002267019493956468,0.022613525390625003,0.983838436504205
2718.309735743329,100,6553600,6553600,2137.274801388119,2874.6533230579257,78,100,0.5,2.179449493444,10.0,0.0,0.5,2.179449471770337,10.0,0.0,-0.002859377733936223,0.04897922172676771,2.6527623087167744,0.0023090241926790136,0.029332478841145836,0.9917801376432179
2778.313355192542,102,6694144,6684672,2342.2587052262065,2184.4015611581376,78,100,0.5,2.179449493444,10.0,0.0,0.5,2.179449471770337,10.0,0.0,-0.002009296336230667,0.06644494212620582,2.6634199743469558,0.0014563426575477934,0.012354532877604166,0.9819479901343584
2838.313395338133,104,6859776,6815744,2760.531486280538,2184.531871677953,78,100,0.5,2.179449493444,10.0,0.0,0.5,2.179449471770337,10.0,0.0,-0.003008886327734217,0.06850952905369923,2.665721647441387,0.0022044712998952796,0.024775187174479168,0.9884472570071617
2908.0994340777397,107,7012352,7012352,2186.3398862530107,2817.297034634752,91,100,0.6,2.3748684372978026,10.0,0.0,0.3,1.705872210923198,10.0,0.0,-0.0029179091846647984,0.044887792513084904,2.6691040843725204,0.001473909689593711,0.014623006184895834,0.9893421226491531
2968.0999050810933,109,7154944,7143424,2376.5146775602834,2184.516184759183,91,100,0.6,2.3748684372978026,10.0,0.0,0.3,1.705872210923198,10.0,0.0,-0.002822646381294665,0.0435454643641909,2.6750057140986123,0.002108025311220748,0.022206624348958336,0.9870601557195187
3028.1006759945303,111,7323648,7274496,2811.697207080704,2184.5052655922923,91,100,0.6,2.3748684372978026,10.0,0.0,0.3,1.705872210923198,10.0,0.0,-0.002622171382730206,0.055747055176955954,2.6772581562399864,0.0011759914541471517,0.010447184244791668,0.9844546404977639
3098.0997079126537,114,7471104,7471104,2106.5434186643706,2808.724558219161,91,100,0.6,2.3748684372978026,10.0,0.0,0.3,1.705872210923198,10.0,0.0,-0.0022816779237473384,0.04786845655568565,2.6753011271357536,0.0017164168633219863,0.015543619791666664,0.9833152381082376
3158.099736046046,116,7610880,7602176,2329.598907674666,2184.532309028258,91,100,0.6,2.3748684372978026,10.0,0.0,0.3,1.705872210923198,10.0,0.0,-0.003864324673486408,0.06775116685700293,2.665522277355194,0.0021394016851748647,0.0205535888671875,0.9873835338900487
3218.102880505845,118,7781376,7733248,2841.4510861881477,2184.4188530455426,104,100,0.7,2.551470182948119,10.0,0.0,0.1,0.99498743710662,10.0,0.0,-0.0014484431376331488,0.074377563665621,2.664855686326822,0.0019054272937258552,0.017934163411458332,0.9853689540177584
3287.3265539333224,121,7929856,7929856,2144.930955673073,2840.1844378567594,104,100,0.7,2.551470182948119,10.0,0.0,0.1,0.99498743710662,10.0,0.0,-0.0023321989113658974,0.07071957364678383,2.661620259284973,0.0015354778988694309,0.0143280029296875,0.984388720865051
3347.3267931826413,123,8073216,8060928,2389.3238059317823,2184.5246225662013,104,100,0.7,2.551470182948119,10.0,0.0,0.1,0.99498743710662,10.0,0.0,-0.0035948425550789884,0.029881312633127283,2.6808778395255404,0.001366731115922448,0.013559977213541668,0.9858533777296543
3407.3269766885787,125,8242944,8192000,2828.791348333196,2184.52665210648,104,100,0.7,2.551470182948119,10.0,0.0,0.1,0.99498743710662,10.0,0.0,-0.003589378946344368,0.02869782627870639,2.6671748260656996,0.0020425607272045454,0.025828043619791668,0.9908546848843496
3476.273714074865,128,8388608,8388608,2112.703305798094,2851.5925111650895,104,100,0.7,2.551470182948119,10.0,0.0,0.1,0.99498743710662,10.0,0.0,-0.002496198068304996,0.04271474281752792,2.6670774494608245,0.0022332805983751314,0.018824259440104168,0.9876426110665003
3536.27734548226,130,8532480,8519680,2397.7215482706406,2184.4011258266337,104,100,0.7,2.551470182948119,10.0,0.0,0.1,0.99498743710662,10.0,0.0,-0.0032314212779359273,0.03722406736536262,2.6520328273375826,0.0028081059942148085,0.03049214680989583,0.9929004044582446
3596.2798304017633,132,8701952,8650752,2824.4163592117243,2184.4428639220587,117,100,0.8,2.7129320106617687,10.0,0.0,0.3,1.705872210923198,10.0,0.0,-0.003427158451813739,0.03621442827473705,2.660935305058956,0.00156502272511716,0.019368489583333332,0.9896553655465444
3666.2906841058284,135,8847360,8847360,2076.9351080139318,2808.250286892077,117,100,0.8,2.7129320106617687,10.0,0.0,0.3,1.705872210923198,10.0,0.0,-0.0031718456351275868,0.039001152967102826,2.6707116390268006,0.0017826943658292294,0.015065511067708332,0.9896112754940987
3726.290693623945,137,8988672,8978432,2355.199626382251,2184.5329867893347,117,100,0.8,2.7129320106617687,10.0,0.0,0.3,1.705872210923198,10.0,0.0,-0.002140573247743305,0.040680004303188376,2.6687206899126372,0.0018006242583699836,0.015263875325520834,0.9878422257800896
3786.290756298229,139,9157888,9109504,2820.2637206998443,2184.531051434675,117,100,0.8,2.7129320106617687,10.0,0.0,0.3,1.705872210923198,10.0,0.0,-0.003597849815074975,0.06511356103389214,2.675531131525834,0.0015481845615189136,0.0233306884765625,0.9815016072243451
3855.3854097649455,142,9306112,9306112,2145.2311078077987,2845.4878942942823,117,100,0.8,2.7129320106617687,10.0,0.0,0.3,1.705872210923198,10.0,0.0,-0.003017084047314711,0.06220204667382252,2.65589169661204,0.0022077135757475235,0.024744669596354168,0.9849881355961163
3915.3855398856103,144,9447168,9437184,2350.928234927585,2184.5285957947794,130,100,0.5,2.179449471770337,10.0,0.0,0.2,1.4,10.0,0.0,-0.0026485067573958077,0.04441242456474962,2.659341956178347,0.00155972998921546,0.011881510416666666,0.9886029567569494
3975.3856723029166,146,9615360,9568256,2803.193813477103,2184.528512176981,130,100,0.5,2.179449471770337,10.0,0.0,0.2,1.4,10.0,0.0,-0.001390575899373895,0.05818970186131386,2.643306148548921,0.0016904150949509735,0.014261881510416668,0.9895201909045378
4045.4433064721525,149,9764864,9764864,2134.0143979005675,2806.3750986089653,130,100,0.5,2.179449471770337,10.0,0.0,0.2,1.4,10.0,0.0,-0.002242197525144244,0.06371988053433597,2.6681207716464996,0.00145758894601992,0.017298380533854168,0.9794253216435512
4105.4437342416495,151,9908480,9895936,2393.58293497053,2184.517758832284,130,100,0.5,2.179449471770337,10.0,0.0,0.2,1.4,10.0,0.0,-0.0024897629433932402,0.06009121227543801,2.6542854830622673,0.002462935441750839,0.023295084635416664,0.986854630211989
4165.444403512403,153,10079488,10027008,2850.101541839875,2184.508966200623,130,100,0.5,2.179449471770337,10.0,0.0,0.2,1.4,10.0,0.0,-0.0032082694451673888,0.039446099341148504,2.662253700196743,0.002513600195015897,0.023798624674479168,0.9905187139908472
4233.480410780758,156,10223616,10223616,2118.4076753874783,2889.763933743487,130,100,0.5,2.179449471770337,10.0,0.0,0.2,1.4,10.0,0.0,-0.0029155003176128957,0.06784876926879709,2.6613148624698324,0.0020447365138049163,0.018773396809895832,0.9863709441075723
4293.486026706174,158,10366976,10354688,2389.1097156337587,2184.3288828651507,144,100,0.9,2.8618176207566592,10.0,0.0,0.4,1.9595917942265424,10.0,0.0,-0.0033420141068442413,0.05135652239550837,2.6759173745910325,0.0012103530619545684,0.017084757486979168,0.9873445468644301
4353.491352781653,160,10532864,10485760,2764.5545962258934,2184.339434055027,144,100,0.9,2.8618176207566592,10.0,0.0,0.4,1.9595917942265424,10.0,0.0,-0.002408308622155649,0.025160734192468226,2.677272955576579,0.0014877930237465382,0.0159454345703125,0.9921888187527657
4422.50134226121,163,10682368,10682368,2166.4109953862353,2848.9788432476516,144,100,0.9,2.8618176207566592,10.0,0.0,0.4,1.9595917942265424,10.0,0.0,-0.002191612527288574,0.07755072894118105,2.660077430307865,0.0017701977109633542,0.014434814453125,0.9828837967167298
4482.50218430534,165,10828800,10813440,2440.499083201213,2184.502675872415,144,100,0.9,2.8618176207566592,10.0,0.0,0.4,1.9595917942265424,10.0,0.0,-0.0036378863029919257,0.05066926657552055,2.6669376393159228,0.0027254977552123214,0.031331380208333336,0.9894603459785382
4542.502682823688,167,10996736,10944512,2798.910078199539,2184.515182985006,144,100,0.9,2.8618176207566592,10.0,0.0,0.4,1.9595917942265424,10.0,0.0,-0.0032932000152262235,0.04913501122306722,2.673389256000519,0.002317740595268939,0.02423095703125,0.9867030667761961
4611.569514932111,170,11141120,11141120,2090.4969229418516,2846.6341078357127,144,100,0.9,2.8618176207566592,10.0,0.0,0.4,1.9595917942265424,10.0,0.0,-0.0031273032315463447,0.04238610258713985,2.6763852387666702,0.0021007682971685426,0.0220794677734375,0.9878538455814123
4671.571331594139,172,11281920,11272192,2346.595617147437,2184.467192689978,157,100,0.0,0.0,0.0,0.0,0.3,1.705872210923198,10.0,0.0,-0.003018641628538414,0.04244384829265376,2.670664362609387,0.0017810159970395032,0.014790852864583332,0.9915710768351953
4731.571623064578,174,11453440,11403264,2858.652779787025,2184.5227212700847,157,100,0.0,0.0,0.0,0.0,0.3,1.705872210923198,10.0,0.0,-0.002402914460011137,0.060961035545915365,2.6704066395759583,0.0018644945945804165,0.017705281575520832,0.9856624795744816
4800.328368600458,177,11599872,11599872,2129.7110393857324,2859.4721647696547,157,100,0.0,0.0,0.0,0.0,0.3,1.705872210923198,10.0,0.0,-0.0040034498973303325,0.0337062793696532,2.6627384598056474,0.0019390227237939444,0.023966471354166668,0.9927562270313501
4860.328577300534,179,11740672,11730944,2346.658504203207,2184.5257348218947,157,100,0.0,0.0,0.0,0.0,0.3,1.705872210923198,10.0,0.0,-0.0032411769983203462,0.0705717410116146,2.6619085495670634,0.002431731315179301,0.026397705078124997,0.9846727910141151
4920.3288442231715,181,11910400,11862016,2828.7874155433533,2184.523615019905,157,100,0.0,0.0,0.0,0.0,0.3,1.705872210923198,10.0,0.0,-0.003463865769541977,0.05142118581958736,2.6542964428663254,0.002466607591486536,0.028650919596354164,0.9891031961888075
4989.04569843784,184,12058624,12058624,2157.0254007401895,2861.1321377693703,170,100,0.0,0.0,0.0,0.0,0.5,2.179449471770337,10.0,0.0,-0.003384950386437898,0.04257738895830698,2.6791481350859003,0.0014625621903784727,0.015797932942708332,0.9869152350972096
5049.046047978103,186,12199936,12189696,2355.186279459458,2184.5206070348595,170,100,0.0,0.0,0.0,0.0,0.5,2.179449471770337,10.0,0.0,-0.0039942312699470985,0.024822660362891234,2.6643161798516912,0.002246518547811623,0.021235148111979168,0.9948967689027389
5109.046264607459,188,12368384,12320768,2807.4565303749905,2184.5254461276522,170,100,0.0,0.0,0.0,0.0,0.5,2.179449471770337,10.0,0.0,-0.004063114036398474,0.026116456045807958,2.662393055856228,0.002773807863680607,0.0313568115234375,0.9942399747669697
5177.847327388823,191,12517376,12517376,2165.5479432558673,2857.630275636608,170,100,0.0,0.0,0.0,0.0,0.5,2.179449471770337,10.0,0.0,-0.002871894711764374,0.06092039491826047,2.6750130678216615,0.0015400445166354377,0.018732706705729168,0.9795996143172184
5237.847561946139,193,12654848,12648448,2291.191043072986,2184.524793395473,170,100,0.0,0.0,0.0,0.0,0.5,2.179449471770337,10.0,0.0,-0.003140439626198107,0.040368906231985115,2.67748183508714,0.002201117312021476,0.018254597981770836,0.9900081939995289
5297.847909539938,195,12825344,12779520,2841.583538053036,2184.5206779026344,170,100,0.0,0.0,0.0,0.0,0.5,2.179449471770337,10.0,0.0,-0.002785702282077788,0.06218839806388132,2.668417138357957,0.0015387729011611857,0.016326904296875,0.9873291222999493
5366.76185583137,198,12976128,12976128,2188.0041430561246,2852.9493749865937,183,100,0.5,2.179449471770337,10.0,0.0,0.5,2.179449471770337,10.0,0.0,-0.002982650948979426,0.06309875779940435,2.664348525305589,0.0021575943489248552,0.018625895182291664,0.9856691025197506
5426.762343650684,200,13114624,13107200,2308.2478998682154,2184.515572518533,183,100,0.5,2.179449471770337,10.0,0.0,0.5,2.179449471770337,10.0,0.0,-0.002215665255789645,0.06187030921379725,2.662503401438395,0.0018803532736152797,0.0185089111328125,0.9834778594473997
5486.762769309804,202,13281280,13238272,2777.5802949602617,2184.517835667671,183,100,0.5,2.179449471770337,10.0,0.0,0.5,2.179449471770337,10.0,0.0,-0.0031504034874766753,0.06477341257656614,2.6579521596431737,0.002729728056389528,0.026753743489583332,0.9876078603168329
5556.368850888684,205,13434880,13434880,2206.703732143491,2824.5807771436685,183,100,0.5,2.179449471770337,10.0,0.0,0.5,2.179449471770337,10.0,0.0,-0.001854616857599467,0.038391860492993146,2.671885808308919,0.0019913540788062773,0.018961588541666668,0.9878312591463327
5616.368905957788,207,13571840,13565952,2282.664571595128,2184.5313283302908,183,100,0.5,2.179449471770337,10.0,0.0,0.5,2.179449471770337,10.0,0.0,-0.002922466492843038,0.032588238958851434,2.6730226899186773,0.0014433349964140993,0.0157623291015625,0.9918136385579904
5676.369175300002,209,13742336,13697024,2841.5872440100134,2184.523526926617,196,100,0.8,2.7129320106617687,10.0,0.0,0.3,1.705872210923198,10.0,0.0,-0.004849638760788366,0.025545270036673173,2.6667804146806398,0.002744407702872801,0.029902140299479164,0.9921773485839367
5745.818471048027,212,13893632,13893632,2178.5102119527564,2830.9574327913992,196,100,0.8,2.7129320106617687,10.0,0.0,0.3,1.705872210923198,10.0,0.0,-0.002695470255275723,0.06850605347426608,2.656430761019389,0.002565155964475707,0.025833129882812497,0.9864576471348603
5805.81891319342,214,14031872,14024704,2303.98302174205,2184.517235429499,196,100,0.8,2.7129320106617687,10.0,0.0,0.3,1.705872210923198,10.0,0.0,-0.0031679479167602644,0.041630915802670636,2.6653121312459307,0.0017552595115072716,0.019002278645833336,0.9828421895702679
5865.81926741451,216,14200320,14155776,2807.4500923661044,2184.520436613139,196,100,0.8,2.7129320106617687,10.0,0.0,0.3,1.705872210923198,10.0,0.0,-0.00322968768402158,0.04979268429451623,2.6581379895408945,0.0024852225821329435,0.024225870768229164,0.9867304476598898
5935.943618541583,219,14352384,14352384,2168.4906534741835,2803.7050873201565,196,100,0.8,2.7129320106617687,10.0,0.0,0.3,1.705872210923198,10.0,0.0,-0.004033556763412586,0.03241250676607403,2.666502619783084,0.0026741570848874594,0.025360107421875,0.9880693232019742
5995.943974863738,221,14490624,14483456,2303.986317310528,2184.520360116649,196,100,0.8,2.7129320106617687,10.0,0.0,0.3,1.705872210923198,10.0,0.0,-0.003991781474420956,0.04008949287041711,2.6585634276270866,0.0024498845553656188,0.032399495442708336,0.9906248872478802
6055.944056488574,223,14657792,14614528,2786.1295430438954,2184.530361467802,209,100,0.9,2.8618176207566592,10.0,0.0,0.2,1.4,10.0,0.0,-0.003506781581866865,0.043839644776502006,2.669079045454661,0.003098860351504603,0.03699747721354167,0.9888208589206139
6125.9342176653445,226,14811136,14811136,2190.936517672907,2809.0805435272,209,100,0.9,2.8618176207566592,10.0,0.0,0.2,1.4,10.0,0.0,-0.0040635515736842836,0.060573991960457846,2.654318171242873,0.002392089033188919,0.023188273111979168,0.9863278716802597
6185.934513201937,228,14947328,14942208,2269.855486244065,2184.5225732273707,209,100,0.9,2.8618176207566592,10.0,0.0,0.2,1.4,10.0,0.0,-0.0037013347900938243,0.02567904630753522,2.666517737011115,0.0011519282228012646,0.014500935872395832,0.991910166417559
6245.934727145359,230,15120128,15073280,2879.989730752369,2184.525543918834,209,100,0.9,2.8618176207566592,10.0,0.0,0.2,1.4,10.0,0.0,-0.0027740178047679365,0.04929169489575239,2.6650582725803056,0.002566251017924515,0.030893961588541668,0.9872994335989157
6315.146324293688,233,15269888,15269888,2163.799221090734,2840.6800030729637,209,100,0.9,2.8618176207566592,10.0,0.0,0.2,1.4,10.0,0.0,-0.002069260697074545,0.08322592281425992,2.6588025266925492,0.001970481051102979,0.019571940104166668,0.9893227765957514
6375.15175605379,235,15413760,15400960,2397.649609041897,2184.3355868851445,209,100,0.9,2.8618176207566592,10.0,0.0,0.2,1.4,10.0,0.0,-0.0032225083547624913,0.03427522995237572,2.668155185878277,0.0016836292215884896,0.017481486002604164,0.9909165545056264
6435.152203269303,237,15584000,15532032,2837.312185166288,2184.5170508347965,222,100,0.9,2.8618176207566592,10.0,0.0,0.5,2.179449471770337,10.0,0.0,-0.0035959945865518725,0.03118873154744506,2.670830217500528,0.00186765791598494,0.022430419921874997,0.9907474213590225
6503.67727233097,240,15728640,15728640,2110.7603681484266,2869.1397570583918,222,100,0.9,2.8618176207566592,10.0,0.0,0.5,2.179449471770337,10.0,0.0,-0.0036693171520407,0.02866200757368157,2.6695629035433135,0.0019255800052633276,0.018473307291666668,0.9930936576177676
6563.677936905995,242,15872256,15859712,2393.5734881806366,2184.5091371630765,222,100,0.9,2.8618176207566592,10.0,0.0,0.5,2.179449471770337,10.0,0.0,-0.004465031447277094,0.05162179484129107,2.668049561480681,0.002157240192294315,0.025456746419270832,0.9876842095206181
6623.679927945137,244,16036864,15990784,2743.375630528973,2184.460844215916,222,100,0.9,2.8618176207566592,10.0,0.0,0.5,2.179449471770337,10.0,0.0,-0.003835258525214158,0.04490548851026688,2.6565365542968116,0.001932148878040607,0.024434407552083336,0.9928825659056505
6693.8070750162005,247,16187392,16187392,2146.5011238438387,2803.5933046123605,222,100,0.9,2.8618176207566592,10.0,0.0,0.5,2.179449471770337,10.0,0.0,-0.002872642265477528,0.054286791244521744,2.653111385802428,0.0019359972223658892,0.024658203125,0.9893448147922754
6753.807303961366,249,16331520,16318464,2402.1241674214007,2184.524997726034,235,100,1.2,3.249615403267561,10.0,0.0,0.3,1.705872210923198,10.0,0.0,-0.005114122720745703,0.027023326809285205,2.6502283588051796,0.00227615456727411,0.027252197265625,0.9945031733562549
6813.8077235575765,251,16500736,16449536,2820.2469439178453,2184.5180564083767,235,100,1.2,3.249615403267561,10.0,0.0,0.3,1.705872210923198,10.0,0.0,-0.0034235195174308806,0.06976074579870328,2.6486323898037276,0.0026992961932895314,0.024739583333333332,0.9844832302381594
6883.302050862461,254,16646144,16646144,2092.3722214342406,2829.123003629396,235,100,1.2,3.249615403267561,10.0,0.0,0.3,1.705872210923198,10.0,0.0,-0.0028176614262823323,0.044528520180998996,2.658293421069781,0.0025148122282795766,0.0223846435546875,0.9911369538555542
6943.302509794012,256,16779264,16777216,2218.6496965275837,2184.516624273313,235,100,1.2,3.249615403267561,10.0,0.0,0.3,1.705872210923198,10.0,0.0,-0.002678469514648896,0.04810673673637211,2.668189267317454,0.002382066476760277,0.021993001302083336,0.9909013913323482
7003.302600542083,258,16943104,16908288,2730.66253662734,2184.530029301872,235,100,1.2,3.249615403267561,10.0,0.0,0.3,1.705872210923198,10.0,0.0,-0.002961533139265763,0.04389327395862589,2.665851689875126,0.002041642362504111,0.0195465087890625,0.9888047116498152
7075.51648264192,261,17104896,17104896,2240.455647798016,2722.57901504569,235,100,1.2,3.249615403267561,10.0,0.0,0.3,1.705872210923198,10.0,0.0,-0.003647499397629872,0.02603632526976677,2.66676473369201,0.0013992002386657985,0.01483154296875,0.9942300350715717
7135.516829933971,263,17245184,17235968,2338.1197998263315,2184.520688888835,248,100,1.0,3.000000015745551,10.0,0.0,0.4,1.9595917942265424,10.0,0.0,-0.004273974202078534,0.046529701779945754,2.6669820571939153,0.0024795367413995946,0.028559366861979164,0.9918356065948805
7195.516837526113,265,17408512,17367040,2722.132988886347,2184.5330569119274,248,100,1.0,3.000000015745551,10.0,0.0,0.4,1.9595917942265424,10.0,0.0,-0.003525033733846309,0.027062832901719958,2.6664082383116083,0.002112174071953632,0.021570841471354164,0.994894513860345
7267.21693563275,268,17563648,17563648,2163.6790478204152,2742.088298227853,248,100,1.0,3.000000015745551,10.0,0.0,0.4,1.9595917942265424,10.0,0.0,-0.0035985776266898033,0.037385380002281934,2.66652978459994,0.0027307346135785338,0.026957194010416664,0.9925170975426832
7327.217020248994,270,17703936,17694720,2338.1300359369793,2184.530252554258,248,100,1.0,3.000000015745551,10.0,0.0,0.4,1.9595917942265424,10.0,0.0,-0.0038190653212950565,0.037395467729462936,2.660343791047732,0.0024857891524637426,0.026860555013020832,0.991411288579305
7387.217233685777,272,17872384,17825792,2807.456679757994,2184.525562364883,248,100,1.0,3.000000015745551,10.0,0.0,0.4,1.9595917942265424,10.0,0.0,-0.003771573152334895,0.07425192815329258,2.6336949492494264,0.0027788517636508914,0.033727010091145836,0.9871670330564181
7457.543198615313,275,18022400,18022400,2133.1523876040733,2795.667292969161,261,100,1.2,3.2496153909265346,10.0,0.0,0.5,2.179449471770337,10.0,0.0,-0.0031948813339113258,0.04294202625169419,2.6586574390530586,0.0018295512624414791,0.021326700846354164,0.9908274828145902
7517.543538725004,277,18155008,18153472,2210.12080527493,2184.5209503875753,261,100,1.2,3.2496153909265346,10.0,0.0,0.5,2.179449471770337,10.0,0.0,-0.004545261203020345,0.020650876312477827,2.6561054214835167,0.0018144661456365914,0.021077473958333332,0.9958382199207941
7577.543669940904,279,18322688,18284544,2794.660554934993,2184.528555918651,261,100,1.2,3.2496153909265346,10.0,0.0,0.5,2.179449471770337,10.0,0.0,-0.004397041195867739,0.049578205080858126,2.6539023915926614,0.002839085883048635,0.027435302734374997,0.9881106577813626
7647.578882908449,282,18481152,18481152,2262.633228136741,2807.2735366866186,261,100,1.2,3.2496153909265346,10.0,0.0,0.5,2.179449471770337,10.0,0.0,-0.0040125538265177365,0.035053706456286214,2.6622704366842904,0.0027498893584076236,0.026952107747395832,0.9916530443976322
7707.579413993284,284,18627072,18612224,2431.978473551873,2184.513997295717,261,100,1.2,3.2496153909265346,10.0,0.0,0.5,2.179449471770337,10.0,0.0,-0.003573478017642628,0.04457005844839538,2.6577373867233596,0.002602199724909345,0.029566446940104168,0.9891599261512358
7767.579829555005,286,18792448,18743296,2756.247576816904,2184.518203297608,261,100,1.2,3.2496153909265346,10.0,0.0,0.5,2.179449471770337,10.0,0.0,-0.0040370248413334284,0.0254772644645224,2.6487650151054063,0.002655646025838602,0.0335845947265625,0.9949541278183459
7837.432900508866,289,18939904,18939904,2110.9451307788195,2814.5935077050926,274,100,1.4,3.469870341806249,10.0,0.0,0.5,2.179449471770337,10.0,0.0,-0.003392779234369906,0.04008119708547989,2.6508481005827584,0.0022653843922550245,0.023152669270833332,0.9926562793552876
7897.433194316924,291,19080704,19070976,2346.655175563338,2184.52263616078,274,100,1.4,3.469870341806249,10.0,0.0,0.5,2.179449471770337,10.0,0.0,-0.0032542869933725647,0.0521325609976581,2.6464702934026723,0.002617723774164915,0.025533040364583332,0.9913568099339803
7957.436258932576,293,19246592,19202048,2764.6587897233444,2184.421759781408,274,100,1.4,3.469870341806249,10.0,0.0,0.5,2.179449471770337,10.0,0.0,-0.0037537645621341653,0.04200241857324727,2.663574161628882,0.0019950663875836954,0.029383341471354168,0.9910776689648627
8027.175090977922,296,19398656,19398656,2180.478157436347,2819.2040823419434,274,100,1.4,3.469870341806249,10.0,0.0,0.5,2.179449471770337,10.0,0.0,-0.0036945879570945785,0.05041648115729914,2.659601295987765,0.0029628184565808624,0.034510294596354164,0.9909927962968748
8087.17835804075,298,19534848,19529728,2269.7430767794144,2184.414389682444,274,100,1.4,3.469870341806249,10.0,0.0,0.5,2.179449471770337,10.0,0.0,-0.0034934849948816313,0.039167333501003064,2.66485258936882,0.0026341463138426966,0.0250396728515625,0.9910816289484501
8147.1795205287635,300,19694848,19660800,2666.615001533735,2184.4910092564355,274,100,1.4,3.469870341806249,10.0,0.0,0.5,2.179449471770337,10.0,0.0,-0.00415283478408431,0.04625914484495297,2.647935839990775,0.003077403152929037,0.030802408854166664,0.9906193800270556
8207.179740294814,302,19856384,19791872,2692.256805555912,2184.5253319249236,287,100,1.4,3.469870341806249,10.0,0.0,0.7,2.5514701644346145,10.0,0.0,-0.0037229717442338974,0.06351698858391805,2.643694835404555,0.00233217279977301,0.026529947916666668,0.9905438118924697
8274.660100417212,305,19988480,19988480,1957.547348004679,2913.5588435418476,287,100,1.4,3.469870341806249,10.0,0.0,0.7,2.5514701644346145,10.0,0.0,-0.004276832204292684,0.039250280223010726,2.65601348131895,0.002827442692553935,0.030644734700520832,0.9888801847894987
8334.662704208866,307,20131072,20119552,2376.4302045144486,2184.4385362861717,287,100,1.4,3.469870341806249,10.0,0.0,0.7,2.5514701644346145,10.0,0.0,-0.0035386095720847757,0.05060888425214216,2.648945085704326,0.0026915479290134194,0.0263519287109375,0.9900643732398748
8394.663101460785,309,20288256,20250624,2619.715988546609,2184.518869928117,287,100,1.4,3.469870341806249,10.0,0.0,0.7,2.5514701644346145,10.0,0.0,-0.0039368324117579805,0.03145156770672959,2.6390762701630592,0.0026093826309079304,0.030258178710937503,0.9942199283589919
8466.55096628517,312,20447232,20447232,2211.4441761257476,2734.9261308608284,287,100,1.4,3.469870341806249,10.0,0.0,0.7,2.5514701644346145,10.0,0.0,-0.003748939619981684,0.05586291316042965,2.6431216895580296,0.003489433689537691,0.03924560546875,0.9882804260899624
8526.551146453246,314,20582400,20578304,2252.793235309569,2184.5267736335213,300,100,1.8,3.841874567050129,10.0,0.0,0.7,2.5514701644346145,10.0,0.0,-0.0035142831062936848,0.04803715279558673,2.652629405260086,0.0027789040013885824,0.032084147135416664,0.9847802103807529
8586.551187301055,316,20743168,20709376,2679.464842495571,2184.5318461110387,300,100,1.8,3.841874567050129,10.0,0.0,0.7,2.5514701644346145,10.0,0.0,-0.0027356805755213527,0.023746899309723325,2.6635863979657493,0.0024460395167504125,0.0248870849609375,0.9927297936131556
8658.20140645653,319,20905984,20905984,2272.3726726739205,2743.9971896439797,300,100,1.8,3.841874567050129,10.0,0.0,0.7,2.5514701644346145,10.0,0.0,-0.003905532141895188,0.04405448593509694,2.642950733502706,0.002823145320386781,0.0282440185546875,0.9907588716596364
8718.209763405845,321,21042944,21037056,2282.3487754494267,2184.229108467489,300,100,1.8,3.841874567050129,10.0,0.0,0.7,2.5514701644346145,10.0,0.0,-0.003828633970745917,0.014806600942392834,2.6535014460484185,0.002479393215253367,0.030019124348958336,0.9971590545028448
8778.209853021428,323,21206528,21168128,2726.3959278739717,2184.530070534387,300,100,1.8,3.841874567050129,10.0,0.0,0.7,2.5514701644346145,10.0,0.0,-0.004251029192043157,0.05914050031181735,2.641371118525664,0.0025241904259019066,0.028772989908854168,0.9886093816409508
8849.412130681798,326,21364736,21364736,2221.9513925473234,2761.259982971431,300,100,1.8,3.841874567050129,10.0,0.0,0.7,2.5514701644346145,10.0,0.0,-0.0032893075622268957,0.03949329332681373,2.626181979974111,0.0026122243507415983,0.032440185546875,0.9950653146952391
8909.412442363799,328,21504768,21495808,2333.854542992443,2184.5219853969484,313,100,1.7,3.7563280319242516,10.0,0.0,0.8,2.7129320106617687,10.0,0.0,-0.004631374705544052,0.032715881951541334,2.6592691391706467,0.00221083023037257,0.029093424479166664,0.9918319365630547
8969.412856079638,330,21671680,21626880,2781.847485093878,2184.518270503168,313,100,1.7,3.7563280319242516,10.0,0.0,0.8,2.7129320106617687,10.0,0.0,-0.002977006455087879,0.030773710042315845,2.647845444579919,0.0016253717082387689,0.013916015625,0.9950068189452091
9039.447334153578,333,21823488,21823488,2167.618067200087,2807.3029942827434,313,100,1.7,3.7563280319242516,10.0,0.0,0.8,2.7129320106617687,10.0,0.0,-0.004309978088713251,0.027588425553403795,2.6457891017198563,0.0036093682804979226,0.036554972330729164,0.9937258561452229
9099.44747705385,335,21956608,21954560,2218.661382544705,2184.5281305055555,313,100,1.7,3.7563280319242516,10.0,0.0,0.8,2.7129320106617687,10.0,0.0,-0.002992005781076538,0.03600458335131407,2.6330982372164726,0.002845863899589555,0.028040568033854168,0.9935729404290518
9159.447836289182,337,22119936,22085632,2722.1170353230777,2184.520254052376,313,100,1.7,3.7563280319242516,10.0,0.0,0.8,2.7129320106617687,10.0,0.0,-0.004304257255474416,0.03307435265742242,2.6472424988945327,0.002912198748163064,0.031529744466145836,0.9916616349170606
9231.002246974036,340,22282240,22282240,2268.2598940662583,2747.6712912348366,326,100,1.2,3.2496153909265346,10.0,0.0,0.7,2.5514701644346145,10.0,0.0,-0.00478765023581218,0.025649091927334663,2.6519672324260077,0.0024002072683894466,0.033727010091145836,0.9943627621978521
9291.002496020868,342,22423296,22413312,2350.9235751655096,2184.5242658525244,326,100,1.2,3.2496153909265346,10.0,0.0,0.7,2.5514701644346145,10.0,0.0,-0.003317384767190864,0.04471651976443051,2.652802914381027,0.0020564846139071355,0.0228118896484375,0.9903378741194805
9351.002609305084,344,22586112,22544384,2713.594876542228,2184.529208788712,326,100,1.2,3.2496153909265346,10.0,0.0,0.7,2.5514701644346145,10.0,0.0,-0.0031864905686234124,0.03701292308202634,2.64767100661993,0.003080244846084194,0.031443277994791664,0.9918110103656849
9421.60842268169,347,22740992,22740992,2193.5870800593007,2784.5865743562695,326,100,1.2,3.2496153909265346,10.0,0.0,0.7,2.5514701644346145,10.0,0.0,-0.0035188704981313395,0.051671149849425994,2.636605955660343,0.0025978154153563082,0.031194051106770836,0.9919820676247278
9481.608700130135,349,22875648,22872064,2244.2562889096866,2184.5232317904174,326,100,1.2,3.2496153909265346,10.0,0.0,0.7,2.5514701644346145,10.0,0.0,-0.0029038953119500848,0.04117533028086958,2.6475965355833373,0.003006139757417259,0.029388427734374997,0.9913780285666386
9541.608972588554,351,23046656,23003136,2850.1203910117288,2184.5234134700677,326,100,1.2,3.2496153909265346,10.0,0.0,0.7,2.5514701644346145,10.0,0.0,-0.0030588531905474765,0.0683032909000758,2.6549580047527948,0.0020113919854338747,0.021128336588541668,0.9884413313120604
9610.884839382023,354,23199744,23199744,2209.8316063860975,2838.0446048570616,339,100,1.4,3.4698703281928718,10.0,0.0,0.9,2.8618176042508368,10.0,0.0,-0.003997822615929181,0.03407264404328695,2.6417875016729035,0.002350236039395289,0.027303059895833336,0.9940578484286864
9670.884900031611,356,23338496,23330816,2312.5309957657705,2184.531125151429,339,100,1.4,3.4698703281928718,10.0,0.0,0.9,2.8618176042508368,10.0,0.0,-0.0033663682261249055,0.04107500841685881,2.6500966772437096,0.002322290173954874,0.032597859700520836,0.9891440110901991
9730.885075692087,358,23503360,23461888,2747.7252888877933,2184.5269377493014,339,100,1.4,3.4698703281928718,10.0,0.0,0.9,2.8618176042508368,10.0,0.0,-0.0036887091300741304,0.040684516939412184,2.652466259896755,0.0021657367190831187,0.026255289713541668,0.9920910963167747
9801.722672013566,361,23658496,23658496,2190.0234911409834,2775.4753155054045,339,100,1.4,3.4698703281928718,10.0,0.0,0.9,2.8618176042508368,10.0,0.0,-0.004607948477011329,0.04069540753456143,2.6466754600405693,0.002682132409972837,0.03275044759114583,0.9925512100259463
9861.722795734182,363,23793152,23789568,2244.2620389752974,2184.5288288124566,339,100,1.4,3.4698703281928718,10.0,0.0,0.9,2.8618176042508368,10.0,0.0,-0.003310412328573875,0.056178461391633995,2.6369326884547872,0.0031478602826003526,0.0417327880859375,0.9915516755233208
9921.727370407432,365,23963904,23920640,2845.649701373856,2184.3667872614906,339,100,1.4,3.4698703281928718,10.0,0.0,0.9,2.8618176042508368,10.0,0.0,-0.0026769183920502355,0.08161493943771347,2.6412955423196154,0.003414400137747483,0.04031880696614583,0.9874507648249468
9992.296055836603,368,24117248,24117248,2172.9751527525655,2786.0516148814195,353,100,2.0,4.000000057262551,10.0,0.0,0.9,2.8618176207566592,10.0,0.0,-0.004247503835358657,0.045116217350975305,2.642358846962452,0.0028492850809319257,0.03720601399739583,0.9935985667010148
10052.296564448625,370,24257792,24248320,2342.3801439549857,2184.5148154917174,353,100,2.0,4.000000057262551,10.0,0.0,0.9,2.8618176207566592,10.0,0.0,-0.003755029351547516,0.06698126560271096,2.6551712304353714,0.0024168154359358596,0.025456746419270832,0.9853988618900379
10112.2968307212,372,24428544,24379392,2845.8540371186405,2184.523638687772,353,100,2.0,4.000000057262551,10.0,0.0,0.9,2.8618176207566592,10.0,0.0,-0.004022034702453917,0.046425474943437926,2.657594934105873,0.002390411616336981,0.024342854817708332,0.9913712491591771
10182.395032253116,375,24576000,24576000,2103.5632409607665,2804.750987947689,353,100,2.0,4.000000057262551,10.0,0.0,0.9,2.8618176207566592,10.0,0.0,-0.004866200438603603,0.03576763264330415,2.6281599154074984,0.004262334270000186,0.04637654622395833,0.993888379385074
10242.397168623284,377,24710656,24707072,2244.1867597726155,2184.455553238744,353,100,2.0,4.000000057262551,10.0,0.0,0.9,2.8618176207566592,10.0,0.0,-0.0037351854298321996,0.059800190249613173,2.6441395059227943,0.0033766604228731016,0.032445271809895836,0.9903441040466229
10302.39761342667,379,24877312,24838144,2777.5794087211925,2184.517138656299,353,100,2.0,4.000000057262551,10.0,0.0,0.9,2.8618176207566592,10.0,0.0,-0.004392186878249049,0.026701789184395846,2.6631861726442976,0.003061062373793296,0.028884887695312497,0.994048132871588
10374.660759828985,382,25034752,25034752,2178.7039153191067,2720.7229381545917,366,100,1.6,3.666060581734379,10.0,0.0,1.0,3.0,10.0,0.0,-0.0036167093421681784,0.04379330809266927,2.642915832499663,0.002853886546290596,0.026682535807291668,0.9928357017536958
10434.660836204886,384,25171200,25165824,2274.1304385206195,2184.530552575154,366,100,1.6,3.666060581734379,10.0,0.0,1.0,3.0,10.0,0.0,-0.0038970697205513716,0.05334572011391477,2.6561693077286086,0.0031012964997595796,0.033376057942708336,0.9879806768149137
10494.66102246195,386,25338368,25296896,2786.1246844099232,2184.5265519416243,366,100,1.6,3.666060581734379,10.0,0.0,1.0,3.0,10.0,0.0,-0.004482223581968961,0.04026647300149004,2.6370212733745575,0.0033177458147595944,0.0428314208984375,0.9932397622615098
10565.607435651124,389,25493504,25493504,2186.664455979511,2771.218320449281,366,100,1.6,3.666060581734379,10.0,0.0,1.0,3.0,10.0,0.0,-0.0034595876398573946,0.04480165761196986,2.646599106490612,0.002267585099010224,0.025828043619791668,0.992266312862436
10625.607926931232,391,25636864,25624576,2389.3137696278595,2184.5154465169,366,100,1.6,3.666060581734379,10.0,0.0,1.0,3.0,10.0,0.0,-0.0037544133422973878,0.04357973328054261,2.619948275387287,0.0031525556290337895,0.038675944010416664,0.9927978950242202
10685.608178056777,393,25798912,25755648,2700.7886960494775,2184.5241901695613,379,100,1.9,3.9230090834911144,10.0,0.0,1.2,3.2496153909265346,10.0,0.0,-0.004278540705854539,0.0308531273525053,2.646931476891041,0.0038403177247043154,0.03908793131510417,0.9946940733740727
10757.456927711144,396,25952256,25952256,2134.261218708327,2736.415051699491,379,100,1.9,3.9230090834911144,10.0,0.0,1.2,3.2496153909265346,10.0,0.0,-0.0028170582639480317,0.05855291769451773,2.645718224346638,0.00418837431910409,0.04484049479166667,0.9872751819590727
10817.457283496857,398,26088192,26083328,2265.586565611155,2184.520379647667,379,100,1.9,3.9230090834911144,10.0,0.0,1.2,3.2496153909265346,10.0,0.0,-0.004188496631589563,0.03097986845144381,2.6555819263060885,0.0029412750748936864,0.035975138346354164,0.9939584924528996
10877.457527738065,400,26256128,26214400,2798.9219397987463,2184.5244408185335,379,100,1.9,3.9230090834911144,10.0,0.0,1.2,3.2496153909265346,10.0,0.0,-0.005769150302512571,0.0218188961201425,2.65032592912515,0.003193492965389548,0.0367584228515625,0.9948935943345228
10948.87972552143,403,26411008,26411008,2168.5134986992994,2752.7576314067137,379,100,1.9,3.9230090834911144,10.0,0.0,1.2,3.2496153909265346,10.0,0.0,-0.004592928300553467,0.025873748731100932,2.642240628600121,0.0034307516525586834,0.0373687744140625,0.9934765547513961
11008.880115544423,405,26545664,26542080,2244.2520781681205,2184.5191331218207,379,100,1.9,3.9230090834911144,10.0,0.0,1.2,3.2496153909265346,10.0,0.0,-0.005136387175298295,0.03003390733889925,2.6460627218087516,0.003518206884715861,0.04024759928385417,0.9947233442217112
11068.882439369336,407,26707968,26673152,2704.961902369074,2184.4487287270754,392,100,1.5,3.570714240729243,10.0,0.0,1.1,3.128897612443365,10.0,0.0,-0.004031568450348762,0.04096435610942232,2.6518253286679583,0.002762672524113441,0.029012044270833336,0.9928781210134426
11128.882735455409,409,26865152,26804224,2619.720405621216,2184.5225532216,392,100,1.5,3.570714240729243,10.0,0.0,1.1,3.128897612443365,10.0,0.0,-0.004676994045439642,0.022229074413189664,2.6447760487596192,0.003225319033541988,0.0430908203125,0.995282815148433
11196.98797960952,412,27000832,27000832,1992.2107568248239,2886.8261532857828,392,100,1.5,3.570714240729243,10.0,0.0,1.1,3.128897612443365,10.0,0.0,-0.0035484142038815967,0.04256386652317209,2.6349372987945876,0.0026317644642404048,0.0319671630859375,0.9932063470284144
11256.988092135638,414,27142656,27131904,2363.7289003126843,2184.529236390062,392,100,1.5,3.570714240729243,10.0,0.0,1.1,3.128897612443365,10.0,0.0,-0.002278910241633033,0.0844707376381848,2.630385930339495,0.004556603815217387,0.045074462890625,0.9890146106481552
11316.992557812482,416,27305984,27262976,2721.930745614967,2184.370755101666,392,100,1.5,3.570714240729243,10.0,0.0,1.1,3.128897612443365,10.0,0.0,-0.0039420571859712554,0.05518821827718057,2.65092413375775,0.002253122847226526,0.021947224934895832,0.9903283795962732
11387.073927497491,419,27459584,27459584,2191.73798529306,2805.4246211751165,392,100,1.5,3.570714240729243,10.0,0.0,1.1,3.128897612443365,10.0,0.0,-0.005393404016407051,0.020586417745410774,2.6473946074644723,0.0029134918750060024,0.0368804931640625,0.9946375874181589
11447.07411282137,421,27597312,27590656,2295.4595766087814,2184.5265859176507,406,100,1.7,3.7563280067738103,10.0,0.0,0.8,2.7129320106617687,10.0,0.0,-0.004001485843521854,0.02990410875645466,2.6453309282660484,0.003735336610892167,0.03704325358072917,0.9936991321543852
11507.074352636933,423,27760640,27721728,2722.1224532111905,2184.5246019500464,406,100,1.7,3.7563280067738103,10.0,0.0,0.8,2.7129320106617687,10.0,0.0,-0.004932463190925773,0.024212951839823894,2.648142779866854,0.0031404302693166146,0.038609822591145836,0.9951855049779018
11577.530253125355,426,27918336,27918336,2238.2227592977206,2790.511492111444,406,100,1.7,3.7563280067738103,10.0,0.0,0.8,2.7129320106617687,10.0,0.0,-0.005510444180496657,0.02837153607591366,2.639138268927733,0.004042364633884668,0.04065958658854167,0.9949036979426941
11637.530740773305,428,28062976,28049408,2410.6470742149086,2184.515578757581,406,100,1.7,3.7563280067738103,10.0,0.0,0.8,2.7129320106617687,10.0,0.0,-0.005368027406802867,0.03274970872250075,2.637055511275927,0.0043891703462577425,0.043497721354166664,0.9928209825108449
11697.530978213996,430,28222720,28180480,2662.3894640067924,2184.52468841583,406,100,1.7,3.7563280067738103,10.0,0.0,0.8,2.7129320106617687,10.0,0.0,-0.0045966497976526926,0.032344482955522835,2.6386398201187453,0.0031706848816005126,0.034413655598958336,0.9927400251229604
11767.980821529403,433,28377088,28377088,2191.1759165863064,2790.751416149724,419,100,1.7,3.7563280300253057,10.0,0.0,1.3,3.3630343441600474,10.0,0.0,-0.003920648014172912,0.038194478974522404,2.6523321146766348,0.0034324387355203117,0.041259765625,0.9878595775614183
11827.980890860781,435,28515840,28508160,2312.530661151053,2184.5308090578214,419,100,1.7,3.7563280300253057,10.0,0.0,1.3,3.3630343441600474,10.0,0.0,-0.002961439085387004,0.03963829150112967,2.6479867274562516,0.0023189676976471674,0.025380452473958332,0.9908957680066427
11887.981089117005,437,28681984,28639232,2769.0575169518593,2184.526115068339,419,100,1.7,3.7563280300253057,10.0,0.0,1.3,3.3630343441600474,10.0,0.0,-0.0047576648867107,0.03900400223210454,2.6368487377961474,0.0023530590848774104,0.025644938151041668,0.9916952537993591
11958.41727200523,440,28835840,28835840,2184.3318830061294,2791.2926558214763,419,100,1.7,3.7563280300253057,10.0,0.0,1.3,3.3630343441600474,10.0,0.0,-0.004620315429444115,0.03618496045722471,2.639114648103714,0.002825639774528099,0.031819661458333336,0.9931821965922912
12018.417507529259,442,28973056,28966912,2286.9243562393776,2184.5247581988083,419,100,1.7,3.7563280300253057,10.0,0.0,1.3,3.3630343441600474,10.0,0.0,-0.005178158102353336,0.04115955800322506,2.6366935943563776,0.003729134439102684,0.03670247395833333,0.9939276569833358
12078.418671080843,444,29137152,29097984,2734.8802970949764,2184.490970534521,419,100,1.7,3.7563280300253057,10.0,0.0,1.3,3.3630343441600474,10.0,0.0,-0.003684274294452431,0.05497372117436802,2.6502663741509123,0.003678270214853304,0.03435262044270833,0.9898678616931041
12149.321054212749,447,29294592,29294592,2220.5177463090276,2772.939234415176,432,100,2.1,4.073082405675083,10.0,0.0,1.4,3.469870341806249,10.0,0.0,-0.00438779787752234,0.030691194047297664,2.6484208131829896,0.003268320363834694,0.0287628173828125,0.993240666265289
12209.321476181969,449,29433088,29425664,2308.2504331560845,2184.517970010934,432,100,2.1,4.073082405675083,10.0,0.0,1.4,3.469870341806249,10.0,0.0,-0.005382124562553751,0.0376739187243705,2.642622247338295,0.0034047937369905412,0.037933349609375,0.9933124668896198
12269.321576910093,451,29595648,29556736,2709.3287849065528,2184.5296659404016,432,100,2.1,4.073082405675083,10.0,0.0,1.4,3.469870341806249,10.0,0.0,-0.004611061507603154,0.03510502634647613,2.6430727367599802,0.002626869508579451,0.036102294921875,0.9935925037910541
12339.803096754476,454,29753344,29753344,2237.409186807817,2789.4971679681876,432,100,2.1,4.073082405675083,10.0,0.0,1.4,3.469870341806249,10.0,0.0,-0.004096206735994201,0.04311765021217676,2.6395326902468996,0.004006668785223155,0.044158935546875,0.9936027030150095
12399.803514774889,456,29894912,29884416,2359.450228360711,2184.5181137806226,432,100,2.1,4.073082405675083,10.0,0.0,1.4,3.469870341806249,10.0,0.0,-0.0035969335052262372,0.06878312461776659,2.625312437613805,0.0030687592310035447,0.03346761067708333,0.9889743085950613
12459.804905474186,458,30062848,30015488,2798.8684602599897,2184.482700690724,445,100,2.6,4.386342502880243,10.0,0.0,1.7,3.7563280319242516,10.0,0.0,-0.004753239215157616,0.07213122519897297,2.625395387411118,0.004874663140678119,0.047581990559895836,0.9891871822377045
12529.231037681922,461,30212096,30212096,2149.7380777805856,2831.9019618104458,445,100,2.6,4.386342502880243,10.0,0.0,1.7,3.7563280319242516,10.0,0.0,-0.004668895106685037,0.04557209467748181,2.6393382077415786,0.0034211541308953506,0.042531331380208336,0.9938005059957504
12589.2313458696,463,30353664,30343168,2359.4545474196766,2184.5221126200263,445,100,2.6,4.386342502880243,10.0,0.0,1.7,3.7563280319242516,10.0,0.0,-0.00442187710965906,0.026683071065538872,2.658574645717939,0.0022618373532168334,0.026611328125000003,0.9904484295596679
12649.231667757034,465,30521344,30474240,2794.651673945751,2184.521613832404,445,100,2.6,4.386342502880243,10.0,0.0,1.7,3.7563280319242516,10.0,0.0,-0.0043976114223672385,0.03051364371397843,2.644800784687201,0.002530484404511905,0.0276947021484375,0.9942639693617821
12718.593119746074,468,30670848,30670848,2155.43353999602,2834.542737529013,445,100,2.6,4.386342502880243,10.0,0.0,1.7,3.7563280319242516,10.0,0.0,-0.0047896186758104396,0.037642445832413315,2.6394285509983697,0.0030848239033124023,0.032735188802083336,0.9922149876753489
12778.593605380505,470,30813184,30801920,2372.247465915852,2184.5156520663963,445,100,2.6,4.386342502880243,10.0,0.0,1.7,3.7563280319242516,10.0,0.0,-0.004163545895911132,0.03254151596532514,2.628402719895045,0.0037307729259434077,0.03873189290364583,0.9935867600142956
12838.59373299405,472,30981632,30932992,2807.4606954998285,2184.528687075854,457,100,2.1,4.073082436964367,10.0,0.0,1.5,3.570714253958152,10.0,0.0,-0.003910350060323253,0.05140726613656928,2.633874649802844,0.0027698013412494524,0.03370157877604167,0.9911349496493737
12908.69057826139,475,31129600,31129600,2110.9081219799364,2804.8052555027525,457,100,2.1,4.073082436964367,10.0,0.0,1.5,3.570714253958152,10.0,0.0,-0.004224852304711627,0.04780236697600534,2.610011840860049,0.003056201288321366,0.0336151123046875,0.9934190201262634
12968.690870165825,477,31272192,31260672,2376.5217713792686,2184.5227054689144,457,100,2.1,4.073082436964367,10.0,0.0,1.5,3.570714253958152,10.0,0.0,-0.004254870820053232,0.04011907588574105,2.6263988216718035,0.00445761651887248,0.04432169596354167,0.9945201321194569
13028.690954454243,479,31438336,31391744,2769.062776667973,2184.5302644899884,457,100,2.1,4.073082436964367,10.0,0.0,1.5,3.570714253958152,10.0,0.0,-0.003567747383688887,0.04921232753743728,2.6362567196289697,0.002835397545519906,0.03197224934895833,0.9904250999291737
13098.441973164678,482,31588352,31588352,2150.735613235686,2818.7115204181,457,100,2.1,4.073082436964367,10.0,0.0,1.5,3.570714253958152,10.0,0.0,-0.004944916593861611,0.035407806610843785,2.638944998383522,0.002796485614453559,0.037150065104166664,0.992696805546681
13158.442923679948,484,31734784,31719424,2440.494671209135,2184.498726676708,471,100,2.5,4.330127090342126,10.0,0.0,1.6,3.666060581734379,10.0,0.0,-0.004449079742092484,0.044222727262725435,2.6250256076455116,0.004069483507919358,0.039937337239583336,0.993201664959391
13218.443379677832,486,31899648,31850496,2747.712450815597,2184.5167310832076,471,100,2.5,4.330127090342126,10.0,0.0,1.6,3.666060581734379,10.0,0.0,-0.005155084969980331,0.02217513527527141,2.6425003930926323,0.002525809897633735,0.0348358154296875,0.9948224804053704
13288.464295124635,489,32047104,32047104,2105.885063899612,2807.846751866149,471,100,2.5,4.330127090342126,10.0,0.0,1.6,3.666060581734379,10.0,0.0,-0.004010887324208548,0.01960889483355762,2.6500361139575643,0.0031270375117552853,0.035125732421875,0.9944937527179717
13348.464326053858,491,32191488,32178176,2406.3987595326143,2184.532207235281,471,100,2.5,4.330127090342126,10.0,0.0,1.6,3.666060581734379,10.0,0.0,-0.004292266535533902,0.03631976357913421,2.641181687513987,0.003326681210940781,0.036081949869791664,0.9930609582612911
13408.46453137137,493,32351232,32309248,2662.39088940877,2184.525857976427,471,100,2.5,4.330127090342126,10.0,0.0,1.6,3.666060581734379,10.0,0.0,-0.004155499969783705,0.05700524441393403,2.6252478609482446,0.0028965361507289344,0.033335367838541664,0.990860302001238
13478.344746731222,496,32505856,32505856,2212.7006793518863,2813.500201560014,471,100,2.5,4.330127090342126,10.0,0.0,1.6,3.666060581734379,10.0,0.0,-0.004412454485039537,0.033684003205659487,2.6335457240541778,0.0028130687799906204,0.033849080403645836,0.9948712463180225
13538.344787908718,498,32639488,32636928,2227.198471492386,2184.5318341074744,483,100,2.7,4.4395946760564255,10.0,0.0,1.4,3.4698703554196264,10.0,0.0,-0.005295444330840837,0.026794280662822224,2.640247511367003,0.002825919866154436,0.03462727864583333,0.9943233250329891
13598.345387971029,500,32801024,32768000,2692.2397414733296,2184.5114859498335,483,100,2.7,4.4395946760564255,10.0,0.0,1.4,3.4698703554196264,10.0,0.0,-0.004079502966002716,0.035022136270223804,2.629553789893786,0.004220002285364899,0.0428314208984375,0.9931662889818351
13670.405370505527,503,32964608,32964608,2270.108793347068,2728.3936671213587,483,100,2.7,4.4395946760564255,10.0,0.0,1.4,3.4698703554196264,10.0,0.0,-0.0039490544016492395,0.053701127850217745,2.6367779572804766,0.003572690987008779,0.041330973307291664,0.99154586220781
13730.40570807457,505,33103104,33095680,2308.2536800835687,2184.521042888701,483,100,2.7,4.4395946760564255,10.0,0.0,1.4,3.4698703554196264,10.0,0.0,-0.0034355205134488642,0.039472866182525955,2.631314548353354,0.0031062850618279,0.036794026692708336,0.9942195142308871
13790.406022781506,507,33264384,33226752,2687.9859012031957,2184.5218752635496,483,100,2.7,4.4395946760564255,10.0,0.0,1.4,3.4698703554196264,10.0,0.0,-0.0027444408381901058,0.058351877504416436,2.6166433791319528,0.0029630786708973273,0.033757527669270836,0.9916332637270292
13860.938575049862,510,33423360,33423360,2253.9380029116487,2787.478882827933,483,100,2.7,4.4395946760564255,10.0,0.0,1.4,3.4698703554196264,10.0,0.0,-0.00385623043985106,0.046590904904102594,2.6386842330296836,0.003335757906218835,0.039113362630208336,0.9914557735125223
13920.938773041591,512,33561344,33554432,2299.725744555402,2184.526124698267,496,100,2.8,4.489988945114921,10.0,0.0,1.6,3.666060594619233,10.0,0.0,-0.005211512878304347,0.02105769215268083,2.6406472449501357,0.0025513437315870155,0.031214396158854168,0.9960481158147255
13980.941577685997,514,33729280,33685504,2798.8025059034794,2184.4312241197886,496,100,2.8,4.489988945114921,10.0,0.0,1.6,3.666060594619233,10.0,0.0,-0.003566683427682923,0.04872999739988396,2.6414522031943,0.003306386208350886,0.035924275716145836,0.9908575564622879
14051.363573992625,517,33882112,33882112,2170.231007575338,2791.854964519028,496,100,2.8,4.489988945114921,10.0,0.0,1.6,3.666060594619233,10.0,0.0,-0.004229344832613909,0.061577048628047734,2.6198173463344574,0.004524801530351397,0.052012125651041664,0.9899928122758864
14111.363598728552,519,34024192,34013184,2367.999023755794,2184.5324327260655,496,100,2.8,4.489988945114921,10.0,0.0,1.6,3.666060594619233,10.0,0.0,-0.005692157292893778,0.036418296551952764,2.6273131345709166,0.0034877663862668364,0.039301554361979164,0.9943010378628969
14171.36387403123,521,34183680,34144256,2658.121136868861,2184.5233099146976,496,100,2.8,4.489988945114921,10.0,0.0,1.6,3.666060594619233,10.0,0.0,-0.005264904810852992,0.020257749201846312,2.6187646811207137,0.0031177146271753977,0.04037475585937501,0.9966411385685205
14241.887699212879,524,34340864,34340864,2228.8070676135526,2787.8238239856814,510,100,2.4,4.270831385954519,10.0,0.0,1.9,3.923009107572962,10.0,0.0,-0.005195731268031523,0.019553718807098146,2.6369159246484437,0.0033110079032970434,0.03724161783854167,0.9957329090684652
14301.888480532914,526,34478592,34471936,2295.43677548762,2184.504886709408,510,100,2.4,4.270831385954519,10.0,0.0,1.9,3.923009107572962,10.0,0.0,-0.0021374242981740585,0.045693327013092734,2.6284433032075567,0.002693559208031123,0.0323486328125,0.9917766861617565
14361.888503845781,528,34645504,34603008,2781.865585778974,2184.53248453809,510,100,2.4,4.270831385954519,10.0,0.0,1.9,3.923009107572962,10.0,0.0,-0.003496696832977856,0.04383213219504493,2.628727900485198,0.003464334865687609,0.03779093424479167,0.9934443533420564
14433.551208889112,531,34799616,34799616,2150.5188773828218,2743.519099385394,510,100,2.4,4.270831385954519,10.0,0.0,1.9,3.923009107572962,10.0,0.0,-0.004605488936552623,0.06433034242945723,2.6350176706910133,0.0038995578803830235,0.036041259765625,0.9907815561940272
14493.551488118246,533,34936576,34930688,2282.6560435988167,2184.52316695812,510,100,2.4,4.270831385954519,10.0,0.0,1.9,3.923009107572962,10.0,0.0,-0.00373134244485603,0.05853753556342175,2.623155534267425,0.0037925470072271614,0.042612711588541664,0.9905793424695729
14553.551515508443,535,35098112,35061760,2692.2654376386586,2184.532336087152,510,100,2.4,4.270831385954519,10.0,0.0,1.9,3.923009107572962,10.0,0.0,-0.0043027757201343775,0.028571625569990527,2.628645094732444,0.0028470697131221336,0.03859965006510417,0.9946347506095966
14625.193506637588,538,35258368,35258368,2236.900419352045,2744.3123355628923,523,100,2.7,4.439594627677217,10.0,0.0,1.6,3.666060581734379,10.0,0.0,-0.005202075410731292,0.03549555391267252,2.6305752992630005,0.0033535531802044716,0.0417938232421875,0.9936312480519216
14685.194171030074,540,35395584,35389440,2286.908009925026,2184.50914380898,523,100,2.7,4.439594627677217,10.0,0.0,1.6,3.666060581734379,10.0,0.0,-0.003785888822070168,0.028340920485788956,2.6201004236936565,0.003670480980266196,0.04168701171875,0.995782678325971
14745.194697491825,542,35564544,35520512,2815.975291611988,2184.514165614148,523,100,2.7,4.439594627677217,10.0,0.0,1.6,3.666060581734379,10.0,0.0,-0.004414641572414742,0.022135072513871517,2.6423020834724107,0.00249223802772273,0.027475992838541668,0.9954765370736519
14815.23203654401,545,35717120,35717120,2178.495100824923,2807.188317841512,523,100,2.7,4.439594627677217,10.0,0.0,1.6,3.666060581734379,10.0,0.0,-0.0031178118612539643,0.036778931282848745,2.602157101035118,0.003082594924611233,0.03761800130208333,0.9951686896383762
14875.232919793576,547,35857664,35848192,2342.365518444542,2184.5011756714125,523,100,2.7,4.439594627677217,10.0,0.0,1.6,3.666060581734379,10.0,0.0,-0.005022605442112157,0.04042613805116465,2.631019917627176,0.0034986238642886747,0.03955078125,0.9934159566958745
14935.233437113464,549,36025856,35979264,2803.1758310232235,2184.51449845341,536,100,3.1,4.6249324988063085,10.0,0.0,1.8,3.841874567050129,10.0,0.0,-0.003764439124400572,0.031167553233293198,2.620161878565947,0.0032857962457152703,0.042022705078125,0.9944459684193133
15004.806028582156,552,36175872,36175872,2156.2514322541556,2825.9404436368454,536,100,3.1,4.6249324988063085,10.0,0.0,1.8,3.841874567050129,10.0,0.0,-0.004616483861658101,0.029327894396071013,2.6177436237533884,0.0031639848536239392,0.03975931803385417,0.9949506192157667
15064.806145038456,554,36315904,36306944,2333.8621367841797,2184.529093297075,536,100,3.1,4.6249324988063085,10.0,0.0,1.8,3.841874567050129,10.0,0.0,-0.004822056658061532,0.02717483019417462,2.6263948877652483,0.0033017403463115142,0.03680419921875,0.9957964339603981
15124.806723553687,556,36493056,36438016,2952.504865516065,2184.5122704396317,536,100,3.1,4.6249324988063085,10.0,0.0,1.8,3.841874567050129,10.0,0.0,-0.0051371732430804205,0.037321235004734866,2.639419786632061,0.003902686597333134,0.040506998697916664,0.993752054249247
15193.68101886101,559,36634624,36634624,2055.454787135183,2854.591820108174,536,100,3.1,4.6249324988063085,10.0,0.0,1.8,3.841874567050129,10.0,0.0,-0.004254024293913972,0.023002493626942545,2.628747743864854,0.0032425770065553174,0.032440185546875,0.9967653372635444
15253.681138562039,561,36777216,36765696,2376.5285921180794,2184.528975160604,536,100,3.1,4.6249324988063085,10.0,0.0,1.8,3.841874567050129,10.0,0.0,-0.004167345071133847,0.035671073749351,2.631354426344236,0.002996350191097008,0.036509195963541664,0.9950964575012525
15313.681498259306,563,36944896,36896768,2794.649912867716,2184.520237234001,549,100,3.6,4.8000000644286205,10.0,0.0,1.7,3.756328019349031,10.0,0.0,-0.005449537279976842,0.01932700322019324,2.6471785257260003,0.002142857150223184,0.026311238606770832,0.996790807073315
15381.853759668767,566,37093376,37093376,2178.011949877795,2883.988237079563,549,100,3.6,4.8000000644286205,10.0,0.0,1.7,3.756328019349031,10.0,0.0,-0.004678716149404257,0.030468694409743573,2.634247593581677,0.0030902760566580883,0.0396575927734375,0.9961463777969282
15441.85453448072,568,37234944,37224448,2359.436198010512,2184.505123655302,549,100,3.6,4.8000000644286205,10.0,0.0,1.7,3.756328019349031,10.0,0.0,-0.003789388259368328,0.044483469954381384,2.6254523446162543,0.004349347927321408,0.046783447265625,0.992412303884824
15501.854729617015,570,37392640,37355520,2628.258118857527,2184.5262286608017,549,100,3.6,4.8000000644286205,10.0,0.0,1.7,3.756328019349031,10.0,0.0,-0.005321157328580739,0.0196714955624581,2.6379560753703113,0.004477115741489494,0.041956583658854164,0.9967498419185479
15572.48088429682,573,37552128,37552128,2258.2002478127874,2783.7845751528425,549,100,3.6,4.8000000644286205,10.0,0.0,1.7,3.756328019349031,10.0,0.0,-0.004398494983130755,0.04567721283819992,2.6207269976536436,0.0045012977182826335,0.0433502197265625,0.9934669168045123
15632.481192382053,575,37686272,37683200,2235.721853451865,2184.522116349914,561,100,3.0,4.582575753690012,10.0,0.0,2.1,4.073082440466906,10.0,0.0,-0.0021767640088607245,0.03931200759446559,2.643723152577877,0.003863796857937511,0.036692301432291664,0.992982763176163
15692.481491345912,577,37849344,37814272,2717.853124335665,2184.522448445621,561,100,3.0,4.582575753690012,10.0,0.0,2.1,4.073082440466906,10.0,0.0,-0.005265136244512784,0.04465670150724085,2.609150628248851,0.0036376461812324128,0.041437784830729164,0.9944495471815268
15763.904098743573,580,38010880,38010880,2261.692843284394,2752.74184412427,561,100,3.0,4.582575753690012,10.0,0.0,2.1,4.073082440466906,10.0,0.0,-0.004760722646703168,0.012213198012129093,2.6466108014186225,0.00280687413457296,0.0340576171875,0.9971422875920932
15823.90896791406,582,38145792,38141952,2248.3508732713935,2184.3560666317903,561,100,3.0,4.582575753690012,10.0,0.0,2.1,4.073082440466906,10.0,0.0,-0.0042879538620278854,0.04512904000390942,2.600725402434667,0.0038261026317438036,0.038243611653645836,0.9944421978046496
15883.909605644643,584,38304256,38273024,2641.038595481922,2184.510114518165,561,100,3.0,4.582575753690012,10.0,0.0,2.1,4.073082440466906,10.0,0.0,-0.0046979579055914655,0.037193162531669564,2.6255242774883905,0.0034029626173529928,0.03553263346354167,0.9949232575794061
15943.909689335153,586,38468096,38404096,2730.662857823916,2184.530286259133,561,100,3.0,4.582575753690012,10.0,0.0,2.1,4.073082440466906,10.0,0.0,-0.003050722487387247,0.046597568070865236,2.6276197930177054,0.004524845074532398,0.045405069986979164,0.9918037317693232
16011.465676832944,589,38600704,38600704,1962.9348176478784,2910.2971813775494,574,100,2.7,4.439594665416568,10.0,0.0,1.2,3.2496153763904596,10.0,0.0,-0.0036849918493923424,0.0589293443869489,2.6085969234506288,0.004999786123638235,0.05015563964843751,0.9936181654532751
16071.465757966042,591,38738176,38731776,2291.196901801643,2184.530379371399,574,100,2.7,4.439594665416568,10.0,0.0,1.2,3.2496153763904596,10.0,0.0,-0.005499501072335988,0.02529047683735068,2.6297260945041976,0.0025243657546525355,0.03094482421875,0.9961883506427208
16131.465958695859,593,38899456,38862848,2687.9910073342767,2184.5260250081737,574,100,2.7,4.439594665416568,10.0,0.0,1.2,3.2496153763904596,10.0,0.0,-0.003374873345213321,0.04696561009041033,2.621909315387408,0.003177749477496642,0.03612772623697917,0.9926743091394504
16203.176986921579,596,39059456,39059456,2231.1770442947613,2741.6703520294027,574,100,2.7,4.439594665416568,10.0,0.0,1.2,3.2496153763904596,10.0,0.0,-0.0046098262003700565,0.08134919311851263,2.6039632757504783,0.0030214688898316426,0.035105387369791664,0.9900893742839495
16263.177278356627,598,39199488,39190528,2333.855330545996,2184.5227225585922,574,100,2.7,4.439594665416568,10.0,0.0,1.2,3.2496153763904596,10.0,0.0,-0.003419339986673246,0.053187243068047486,2.6355512713392577,0.0034943927506295345,0.03823343912760417,0.9919010195881129
16323.177591232583,600,39362304,39321600,2713.5858497372046,2184.521941926806,586,100,3.6,4.8000000462327375,10.0,0.0,1.4,3.4698703281928718,10.0,0.0,-0.005649845171622777,0.03152781359191674,2.642524480819702,0.002222911299516757,0.028447469075520832,0.993660626312097
16394.346801809967,603,39518208,39518208,2190.61021943587,2762.5429368255304,586,100,3.6,4.8000000462327375,10.0,0.0,1.4,3.4698703281928718,10.0,0.0,-0.004544439339952078,0.022902833802315097,2.6389168625076613,0.003897026716003893,0.0425262451171875,0.9965789510558049
16454.347013525665,605,39659520,39649280,2355.1916894824494,2184.5256250271996,586,100,3.6,4.8000000462327375,10.0,0.0,1.4,3.4698703281928718,10.0,0.0,-0.004138092381860284,0.045114131130200505,2.627574684719245,0.0039321291793991495,0.041290283203125,0.9930894424517949
16514.347151514143,607,39825152,39780352,2760.5269846513843,2184.528309337726,586,100,3.6,4.8000000462327375,10.0,0.0,1.4,3.4698703281928718,10.0,0.0,-0.005481261017848737,0.028055027340694018,2.6257623309890428,0.0027703035999972294,0.037272135416666664,0.9962735039492449
16584.38600009866,610,39976960,39976960,2167.482805157898,2807.1278151117467,586,100,3.6,4.8000000462327375,10.0,0.0,1.4,3.4698703281928718,10.0,0.0,-0.006795671940684163,0.017746959172654897,2.6085741271575293,0.00346256400795634,0.045282999674479164,0.9974387194961308
16644.386394670233,612,40117504,40108032,2342.3845960271074,2184.5189675152624,598,100,3.5,4.769696043707709,10.0,0.0,1.9,3.923009107572962,10.0,0.0,-0.0037444882837007754,0.05509137885140565,2.598579610387484,0.0029496354630585606,0.0356903076171875,0.9931486410399278
16704.38646300882,614,40288000,40239104,2841.5967634881645,2184.5308452041145,598,100,3.5,4.769696043707709,10.0,0.0,1.9,3.923009107572962,10.0,0.0,-0.004038067347816346,0.040319775919973225,2.6146484687924385,0.0033500471175405737,0.040384928385416664,0.9927726729462544
16772.66154227592,617,40435712,40435712,2163.4833908011246,2879.645137149504,598,100,3.5,4.769696043707709,10.0,0.0,1.9,3.923009107572962,10.0,0.0,-0.0044801416649230905,0.021039957224274982,2.646305958429972,0.0029810498951216386,0.02860514322916667,0.9942520186305046
16832.66186186485,619,40569856,40566784,2235.7214248030564,2184.5216975174903,598,100,3.5,4.769696043707709,10.0,0.0,1.9,3.923009107572962,10.0,0.0,-0.005564893697737716,0.036681448497499027,2.6034374311566353,0.004314933114680267,0.0473785400390625,0.9949595450113218
16892.66203994304,621,40732672,40697856,2713.5919461409867,2184.5268497235616,598,100,3.5,4.769696043707709,10.0,0.0,1.9,3.923009107572962,10.0,0.0,-0.005287092741734038,0.026609824689027544,2.6267916311820345,0.0033230334956897423,0.03557840983072917,0.9956089338908594
16964.608369564638,624,40894464,40894464,2248.7874065424235,2732.703683899654,610,100,3.5,4.769696045203206,10.0,0.0,2.2,4.142463069650702,10.0,0.0,-0.0035052158491453156,0.04714686262983984,2.60112455735604,0.004622031046286187,0.0409393310546875,0.9947426443298658
17024.608374118805,626,41035264,41025536,2346.666488548133,2184.5331675211714,610,100,3.5,4.769696045203206,10.0,0.0,2.2,4.142463069650702,10.0,0.0,-0.0042224122043990064,0.039318991757075615,2.6010384807984037,0.003468106301928249,0.03624471028645833,0.9946667036662499
17084.608765583485,628,41202432,41156608,2786.115155572016,2184.51908063227,610,100,3.5,4.769696045203206,10.0,0.0,2.2,4.142463069650702,10.0,0.0,-0.003649390988963811,0.05580225459804448,2.612310322622458,0.003441204864429892,0.039647420247395836,0.991979359338681
17154.850932992995,631,41353216,41353216,2146.6307997151407,2799.0024688985195,610,100,3.5,4.769696045203206,10.0,0.0,2.2,4.142463069650702,10.0,0.0,-0.00352262845505417,0.038239182278630324,2.6387288719415665,0.00275359368242789,0.03415425618489583,0.9907962468763192
17214.851034181193,633,41496832,41484288,2393.595963272306,2184.5296491896984,610,100,3.5,4.769696045203206,10.0,0.0,2.2,4.142463069650702,10.0,0.0,-0.005443720782447295,0.023675770149566233,2.6044402271509175,0.0022928841372049646,0.030532836914062503,0.9969179909676312
17274.854886122048,635,41653760,41615360,2615.2987670638354,2184.3930974497284,622,100,3.6,4.8000000462327375,10.0,0.0,2.0,4.000000047236654,10.0,0.0,-0.00417348572712702,0.025528338795993474,2.6363243982195854,0.002443235220198403,0.0290679931640625,0.9942592903971672
17346.675831748173,638,41811968,41811968,2202.8114308544014,2737.4743995083822,622,100,3.6,4.8000000462327375,10.0,0.0,2.0,4.000000047236654,10.0,0.0,-0.003594210851588286,0.04519543761853129,2.616389977435271,0.003371256772879861,0.0353240966796875,0.9933005745212237
17406.676072148606,640,41952256,41943040,2338.1239652330846,2184.5245806557286,622,100,3.6,4.8000000462327375,10.0,0.0,2.0,4.000000047236654,10.0,0.0,-0.003929366765078157,0.048223663693837196,2.618827725450198,0.0035497005834865076,0.034032185872395836,0.9917886704206466
17466.676263364032,642,42117376,42074112,2751.9912296137572,2184.526371414331,622,100,3.6,4.8000000462327375,10.0,0.0,2.0,4.000000047236654,10.0,0.0,-0.00504452519332214,0.029627199585471924,2.6059735367695493,0.003215719290286264,0.03438822428385417,0.9957363785554966
17537.439483018592,645,42270720,42270720,2167.0014556795013,2778.3925174655374,622,100,3.6,4.8000000462327375,10.0,0.0,2.0,4.000000047236654,10.0,0.0,-0.004725918183491255,0.041537811319964625,2.5905938893556595,0.003006633928938148,0.036504109700520836,0.9946755462636551
17597.439939277247,647,42408448,42401792,2295.4492113571855,2184.5167215889946,633,100,3.8,4.8538645395062,10.0,0.0,2.4,4.270831376564407,10.0,0.0,-0.004470223090417373,0.012801064340843974,2.6406626924872403,0.0036004950597998686,0.0388641357421875,0.9977093730121851
17657.44048498012,649,42571520,42532864,2717.8419477639372,2184.5134650787063,633,100,3.8,4.8538645395062,10.0,0.0,2.4,4.270831376564407,10.0,0.0,-0.003176557986686627,0.08226250488466272,2.5858308275540667,0.005232709931685045,0.06019083658854167,0.9910880761841933
17728.12435682118,652,42729472,42729472,2234.6257482212573,2781.511466181403,633,100,3.8,4.8538645395062,10.0,0.0,2.4,4.270831376564407,10.0,0.0,-0.004825948873379578,0.04496374311080823,2.569591042896112,0.004702792212507726,0.05135091145833333,0.9954390159497658
17788.12480081804,654,42868480,42860544,2316.78285592805,2184.517168020556,633,100,3.8,4.8538645395062,10.0,0.0,2.4,4.270831376564407,10.0,0.0,-0.005400028312578797,0.019052565568320766,2.6291177943348885,0.0029060877362402002,0.03322855631510417,0.9963799038281044
17848.124958759174,656,43033856,42991616,2756.259411221106,2184.527582887316,633,100,3.8,4.8538645395062,10.0,0.0,2.4,4.270831376564407,10.0,0.0,-0.006004489740007557,0.022879953564067062,2.591832622885704,0.003412225007802287,0.042002360026041664,0.9966192947079737
17919.44678800553,659,43188224,43188224,2164.3864386426217,2756.6314840423443,645,100,3.5,4.769696100137676,10.0,0.0,2.3,4.208325157682197,10.0,0.0,-0.005258931860832187,0.019273301673820242,2.627582420905431,0.0024181230049483324,0.030105590820312497,0.9955451209098101
17979.44679456763,661,43320576,43319296,2205.866425414774,2184.5330944146313,645,100,3.5,4.769696100137676,10.0,0.0,2.3,4.208325157682197,10.0,0.0,-0.004414982155140024,0.03250471284748831,2.601351335644722,0.0044822729899654705,0.046559651692708336,0.9955300930887461
18039.44713111408,663,43491840,43450368,2854.383989453316,2184.5210801197277,645,100,3.5,4.769696100137676,10.0,0.0,2.3,4.208325157682197,10.0,0.0,-0.0023759633744096695,0.05597238952759653,2.6009429718057313,0.003678077075771095,0.0421295166015625,0.99330610409379
18110.818693729118,666,43646976,43646976,2173.6388319921,2754.7105989602856,645,100,3.5,4.769696100137676,10.0,0.0,2.3,4.208325157682197,10.0,0.0,-0.0038337150084165232,0.031870817697684586,2.609403563042482,0.005781805046353838,0.046366373697916664,0.994546124090751
18170.819099521264,668,43780864,43778048,2231.451574907911,2184.518558992066,645,100,3.5,4.769696100137676,10.0,0.0,2.3,4.208325157682197,10.0,0.0,-0.005015318558434956,0.04644903947094766,2.604514946540197,0.00447466174167251,0.047337849934895836,0.9930941381802162
18230.819192001596,670,43948800,43909120,2798.929019235267,2184.5299662324032,657,100,3.8,4.8538645395062,10.0,0.0,2.1,4.073082438715637,10.0,0.0,-0.004973660778584113,0.030315957429896418,2.6060106307268143,0.004182076934133269,0.048004150390625,0.996241873751084
18302.59273162484,673,44105728,44105728,2186.4325045657224,2739.28248532867,657,100,3.8,4.8538645395062,10.0,0.0,2.1,4.073082438715637,10.0,0.0,-0.0035604487832946083,0.03303497697925195,2.63101190328598,0.0038918257347783465,0.03983561197916667,0.9922177673627933
18362.592916073278,675,44248832,44236800,2385.0593346589367,2184.5266177913695,657,100,3.8,4.8538645395062,10.0,0.0,2.1,4.073082438715637,10.0,0.0,-0.0032097297989821527,0.050139186443023696,2.6009492501616474,0.0039928548812895315,0.047353108723958336,0.9931479462732872
18422.593079017475,677,44412672,44367872,2730.6592509153215,2184.5274007322573,657,100,3.8,4.8538645395062,10.0,0.0,2.1,4.073082438715637,10.0,0.0,-0.003532474862974292,0.0670110914312924,2.578170051177343,0.00406060328532476,0.0448150634765625,0.9936577522506317
18492.63983058743,680,44564480,44564480,2167.2382601267027,2806.811102491244,657,100,3.8,4.8538645395062,10.0,0.0,2.1,4.073082438715637,10.0,0.0,-0.005911771353567018,0.027487725295941345,2.618514557679494,0.003522542188875377,0.03912862141927083,0.9956375633676847
18552.640095300972,682,44707840,44695552,2389.322791898399,2184.523695449965,657,100,3.8,4.8538645395062,10.0,0.0,2.1,4.073082438715637,10.0,0.0,-0.00371127950832791,0.05970766673757075,2.6035832737882934,0.0037133747179420125,0.041849772135416664,0.9913119872411092
18612.641468970105,684,44868608,44826624,2679.4053230602335,2184.483320711528,670,100,4.0,4.898979513036751,10.0,0.0,2.2,4.142463123222004,10.0,0.0,-0.004279642033604129,0.06602901425018597,2.5790543829401336,0.004373081888237115,0.040562947591145836,0.9925165530294181
18684.708088601008,687,45023232,45023232,2145.5703180185715,2728.142391122952,670,100,4.0,4.898979513036751,10.0,0.0,2.2,4.142463123222004,10.0,0.0,-0.0031556948233628646,0.04639606948088234,2.6004717300335565,0.0037257838527390654,0.04009501139322917,0.9935847197969754
18744.7083679419,689,45158144,45154304,2248.522864926915,2184.5231628891474,670,100,4.0,4.898979513036751,10.0,0.0,2.2,4.142463123222004,10.0,0.0,-0.005760759894959241,0.028330356755759564,2.5971688156326613,0.004482518831233999,0.043853759765625,0.9962639374037583
18804.708546398208,691,45321728,45285376,2726.391890969553,2184.526835956825,670,100,4.0,4.898979513036751,10.0,0.0,2.2,4.142463123222004,10.0,0.0,-0.004706891287545052,0.03436137461297525,2.6004490703344345,0.005005182389747158,0.0472412109375,0.9959103452662628
18875.24615744874,694,45481984,45481984,2271.922703551682,2787.278971769476,670,100,4.0,4.898979513036751,10.0,0.0,2.2,4.142463123222004,10.0,0.0,-0.006091068469686434,0.026362388273507044,2.5979159772396088,0.004480853038330679,0.04656982421875,0.9967981930822134
18935.246373303235,696,45619200,45613056,2286.9251059489065,2184.5254743392543,682,100,3.8,4.853864504987845,10.0,0.0,2.0,4.000000059045817,10.0,0.0,-0.00492063480245027,0.03699227849331995,2.5709648430347443,0.004294672908751333,0.04681905110677083,0.9961763937026262
18995.248576993123,698,45785600,45744128,2773.231477630589,2184.4531023797867,682,100,3.8,4.853864504987845,10.0,0.0,2.0,4.000000059045817,10.0,0.0,-0.0056922527340551215,0.04477499090717174,2.6111378545562425,0.00348184446193045,0.037984212239583336,0.9922479105492433
19067.261270385236,701,45940736,45940736,2154.2868721112322,2730.185342873641,682,100,3.8,4.853864504987845,10.0,0.0,2.0,4.000000059045817,10.0,0.0,-0.003998410912269416,0.04313712215904767,2.6111921221017838,0.0033804719581288127,0.0389556884765625,0.9933212318768104
19127.261753629893,703,46079488,46071808,2312.514708160364,2184.5157390739973,682,100,3.8,4.853864504987845,10.0,0.0,2.0,4.000000059045817,10.0,0.0,-0.00523426232515097,0.027050295893180493,2.5949300875266395,0.002630534204096572,0.036692301432291664,0.9967217271526655
19187.26205036603,705,46249216,46202880,2828.7860099494937,2184.5225295537566,694,100,4.2,4.935585179322614,10.0,0.0,2.3,4.208325168906771,10.0,0.0,-0.00504621178212498,0.03917391689416642,2.5989810675382614,0.003096592915123135,0.03763326009114583,0.9944439666966598
19257.804662821814,708,46399488,46399488,2130.2301512321724,2787.081356296948,694,100,4.2,4.935585179322614,10.0,0.0,2.3,4.208325168906771,10.0,0.0,-0.006010475944397816,0.0242858203224993,2.6021601532896357,0.0034811887295897277,0.04467264811197917,0.9964237834016482
19317.80471824296,710,46539776,46530560,2338.1311736349344,2184.5313155129315,694,100,4.2,4.935585179322614,10.0,0.0,2.3,4.208325168906771,10.0,0.0,-0.005742672222064963,0.016176878498905957,2.5969962030649185,0.0035553235362992077,0.04683430989583333,0.9975388782719772
19377.805161524564,712,46699264,46661632,2658.113695118212,2184.517194061837,694,100,4.2,4.935585179322614,10.0,0.0,2.3,4.208325168906771,10.0,0.0,-0.0037193444053021567,0.03348503163821685,2.6073055292169256,0.00369792810730966,0.037195841471354164,0.9946924665321907
19448.381609480828,715,46858240,46858240,2252.5361448980384,2785.745184028492,694,100,4.2,4.935585179322614,10.0,0.0,2.3,4.208325168906771,10.0,0.0,-0.0040672314013742526,0.05309817858505995,2.59590907394886,0.004373326556863806,0.041595458984375,0.993207722902298
19508.381867704913,717,47002112,46989312,2397.856346928982,2184.523931721777,705,100,4.3,4.9507576074443955,10.0,0.0,2.3,4.208325136928041,10.0,0.0,-0.0038911638791129617,0.06364428880624473,2.5972828219334283,0.004015247570957096,0.044164021809895836,0.9907937503109375
19568.381894057617,719,47167488,47120384,2756.2654560825576,2184.5323738610987,705,100,4.3,4.9507576074443955,10.0,0.0,2.3,4.208325136928041,10.0,0.0,-0.005652581438577423,0.020199614659456227,2.5942446291446686,0.0035904195556213376,0.047887166341145836,0.9972162867585818
19637.52423732169,722,47316992,47316992,2162.2640041140085,2843.5252656841753,705,100,4.3,4.9507576074443955,10.0,0.0,2.3,4.208325136928041,10.0,0.0,-0.004734652517072391,0.03557137234990174,2.6021132643024125,0.0042421814347714335,0.045267740885416664,0.992455780506134
19697.524786502123,724,47451136,47448064,2235.712869837296,2184.5133384669757,705,100,4.3,4.9507576074443955,10.0,0.0,2.3,4.208325136928041,10.0,0.0,-0.0030323673806075626,0.048565950380483024,2.5716881851355233,0.005634430528516533,0.05660502115885417,0.9930917769670488
19757.527709517628,726,47621376,47579136,2837.1951139115185,2184.426914770974,705,100,4.3,4.9507576074443955,10.0,0.0,2.3,4.208325136928041,10.0,0.0,-0.006251499798963779,0.012794858053287802,2.5900733967622123,0.0027303004632509937,0.03582763671875,0.9981830064207315
19828.70662442781,729,47775744,47775744,2168.7321335930787,2762.1662995016327,715,100,4.1,4.918333141183968,10.0,0.0,2.4,4.270831374894224,10.0,0.0,-0.0053531603916781014,0.030043804862846933,2.6093139946460724,0.004354743974545272,0.041107177734375,0.9945872059712807
19888.70670890063,731,47915008,47906816,2321.0633988871487,2184.53025777614,715,100,4.1,4.918333141183968,10.0,0.0,2.4,4.270831374894224,10.0,0.0,-0.005599620664725081,0.02266136639324638,2.6081426267822585,0.0037268305616938355,0.04250590006510417,0.996537401030461
19948.708690343425,733,48075264,48037888,2670.8451312193383,2184.461193585146,715,100,4.1,4.918333141183968,10.0,0.0,2.4,4.270831374894224,10.0,0.0,-0.004274820596037898,0.04565812660924469,2.588795108099778,0.003498350470787652,0.041371663411458336,0.993979590634505
20020.649558626115,736,48234496,48234496,2213.3733412043357,2732.9111351204656,715,100,4.1,4.918333141183968,10.0,0.0,2.4,4.270831374894224,10.0,0.0,-0.00512479557558739,0.018609711007835966,2.611279701193174,0.003679902209114516,0.0404510498046875,0.9969503184159596
20080.650032661855,738,48368384,48365568,2231.4490368900792,2184.5160743551064,726,100,4.7,4.990991993242943,10.0,0.0,2.7,4.439594636710381,10.0,0.0,-0.005352757024714569,0.01901437426568009,2.580856002867222,0.0045064503337926,0.04978942871093749,0.9978247893353304
20140.650150682777,740,48533504,48496640,2751.994586784361,2184.529036331152,726,100,4.7,4.990991993242943,10.0,0.0,2.7,4.439594636710381,10.0,0.0,-0.004940540859630952,0.024170246911429178,2.610339899857839,0.004248112960340222,0.041310628255208336,0.9962939334412416
20212.454104997218,743,48693248,48693248,2224.7242721543803,2738.1221811130836,726,100,4.7,4.990991993242943,10.0,0.0,2.7,4.439594636710381,10.0,0.0,-0.0028531405550893396,0.053885592496953905,2.603392720222473,0.004825334121657458,0.047871907552083336,0.9924707139531772
20272.454350905493,745,48832512,48824320,2321.0571538806425,2184.5243801229576,726,100,4.7,4.990991993242943,10.0,0.0,2.7,4.439594636710381,10.0,0.0,-0.004317464738657388,0.031116885763670624,2.6076719785730047,0.0029711454893307137,0.04143269856770833,0.9953429835538069
20332.454664109275,747,48999680,48955392,2786.1187896176402,2184.521929991167,726,100,4.7,4.990991993242943,10.0,0.0,2.7,4.439594636710381,10.0,0.0,-0.003928893316090883,0.03631697928358335,2.57151843359073,0.004964245861022694,0.0465240478515625,0.9955437170962493
20402.078482808545,750,49152000,49152000,2187.7570470232768,2823.8611968300447,737,100,4.1,4.918333131579768,10.0,0.0,2.6,4.386342531934935,10.0,0.0,-0.005025015176215675,0.02374107854848262,2.5904527281721434,0.003612876152449947,0.039560953776041664,0.996656145900488
20462.0818283353,752,49291520,49283072,2325.2036828144774,2184.411533212867,737,100,4.1,4.918333131579768,10.0,0.0,2.6,4.386342531934935,10.0,0.0,-0.004748638331269224,0.045582237289636396,2.5911384597420692,0.003801150922906042,0.044743855794270836,0.9942269138991833
20522.082311417907,754,49453568,49414144,2700.778255016643,2184.5157449739672,737,100,4.1,4.918333131579768,10.0,0.0,2.6,4.386342531934935,10.0,0.0,-0.007225226419298753,0.009429314978964006,2.611635049184163,0.0028602381456342605,0.037211100260416664,0.9983725740263859
20594.47426794842,757,49610752,49610752,2171.290949067676,2715.8818385732493,737,100,4.1,4.918333131579768,10.0,0.0,2.6,4.386342531934935,10.0,0.0,-0.004155403449355314,0.030794494659251846,2.5994392534097037,0.004370296884493049,0.0444488525390625,0.9938923648248116
20654.47427815385,759,49750016,49741824,2321.066271875237,2184.5329617649286,737,100,4.1,4.918333131579768,10.0,0.0,2.6,4.386342531934935,10.0,0.0,-0.004456913430961625,0.02089592819781198,2.610386242469152,0.004103293314983603,0.0494384765625,0.9951524169494708
20714.474531713873,761,49909760,49872896,2662.388748744193,2184.524101533697,749,100,4.6,4.983974459375772,10.0,0.0,2.3,4.208325136928041,10.0,0.0,-0.005777126061730087,0.013442483167940129,2.591924736897151,0.004710256625306405,0.04570515950520833,0.9979754568388065
20785.37385954894,764,50069504,50069504,2253.1102180772396,2773.0587299412177,749,100,4.6,4.983974459375772,10.0,0.0,2.3,4.208325136928041,10.0,0.0,-0.006012846555677242,0.012905766488984227,2.5830795069535575,0.004754837813986038,0.047800699869791664,0.9981345701962709
20845.373868636787,766,50207488,50200576,2299.732985006359,2184.53300245502,749,100,4.6,4.983974459375772,10.0,0.0,2.3,4.208325136928041,10.0,0.0,-0.00497384746025394,0.02616361646990602,2.578907777865728,0.003240483686871206,0.041158040364583336,0.9966607205569744
20905.374052777886,768,50367488,50331648,2666.658482642919,2184.5266289810793,749,100,4.6,4.983974459375772,10.0,0.0,2.3,4.208325136928041,10.0,0.0,-0.005158275312472446,0.013367986844968982,2.580564863979817,0.0038862210985826096,0.042444864908854164,0.9980620487282673
20977.94946221076,771,50528256,50528256,2215.1855739608122,2709.016752869273,759,100,4.2,4.9355851520559595,10.0,0.0,2.4,4.270831376564407,10.0,0.0,-0.0059131675492002005,0.029895300414257996,2.5942462881406145,0.003856508131624044,0.0380096435546875,0.9960665982216597
21037.950306581333,773,50665216,50659328,2282.6345435093467,2184.502591171562,759,100,4.2,4.9355851520559595,10.0,0.0,2.4,4.270831376564407,10.0,0.0,-0.002647757549614956,0.023082193336449564,2.5954270412524543,0.005207751363438244,0.04750569661458333,0.9962042551487684
21097.95071680844,775,50833152,50790400,2798.9141968255303,2184.5183975223654,759,100,4.2,4.9355851520559595,10.0,0.0,2.4,4.270831376564407,10.0,0.0,-0.005548329810456684,0.023117719179329775,2.5994279012084007,0.002219891290830371,0.03564453125,0.9963757848987976
21169.726718112826,778,50987008,50987008,2143.5576962211458,2739.188536934842,759,100,4.2,4.9355851520559595,10.0,0.0,2.4,4.270831376564407,10.0,0.0,-0.003284796866258451,0.03768597162949542,2.584055977563063,0.0036132157032019068,0.04133605957031249,0.994998199865222
21229.727051446214,780,51127808,51118080,2346.65362969992,2184.5211971024714,759,100,4.2,4.9355851520559595,10.0,0.0,2.4,4.270831376564407,10.0,0.0,-0.005746922380543158,0.013494347678109383,2.5673270026842756,0.004020177998124078,0.0443267822265625,0.9983138802150885
21289.727624220774,782,51290368,51249152,2709.307469626803,2184.512479447123,770,100,4.4,4.963869530214112,10.0,0.0,2.3,4.208325157682197,10.0,0.0,-0.004402748001060293,0.06258474300557282,2.562037080526352,0.003928001087236528,0.047139485677083336,0.9932740833610296
21361.084910430014,785,51445760,51445760,2177.661290878481,2755.2617321164303,770,100,4.4,4.963869530214112,10.0,0.0,2.3,4.208325157682197,10.0,0.0,-0.0071044032665668055,0.030250015843193975,2.5636125480135283,0.0037408286413362175,0.05215454101562499,0.9968563479681809
21421.084981298074,787,51578880,51576832,2218.664046126388,2184.530753109059,770,100,4.4,4.963869530214112,10.0,0.0,2.3,4.208325157682197,10.0,0.0,-0.004097706240524228,0.03546708765012833,2.5676889841755233,0.004429672443317638,0.0459136962890625,0.99627313328286
21481.087099296972,789,51738112,51707904,2653.7729885289114,2184.4562220688144,770,100,4.4,4.963869530214112,10.0,0.0,2.3,4.208325157682197,10.0,0.0,-0.004112209241914873,0.03698152973083779,2.5979143927494683,0.004230294958688319,0.041717529296875,0.993233310058713
21553.485399940982,792,51904512,51904512,2298.396488865194,2715.643851459183,770,100,4.4,4.963869530214112,10.0,0.0,2.3,4.208325157682197,10.0,0.0,-0.0040269770567344185,0.029484109351566687,2.5968144983053207,0.0028838678639052278,0.035685221354166664,0.9953841995447874
21613.485579505563,794,52038144,52035584,2227.1933345827265,2184.5267956060457,781,100,5.0,5.000000122276338,10.0,0.0,2.5,4.3301271121598015,10.0,0.0,-0.0024645793819217943,0.0245980505424086,2.5998229607939716,0.004619059498509159,0.04520670572916667,0.9955278684695562
21673.48951267451,796,52205568,52166656,2790.2170934128476,2184.3901404088347,781,100,5.0,5.000000122276338,10.0,0.0,2.5,4.3301271121598015,10.0,0.0,-0.004900805079766239,0.024987704814217672,2.5918405329187713,0.0038665983114090827,0.044489542643229164,0.9955097238222758
21745.533942129463,799,52363264,52363264,2188.871522656769,2728.9826775980496,781,100,5.0,5.000000122276338,10.0,0.0,2.5,4.3301271121598015,10.0,0.0,-0.0016810177427638944,0.036054975721829884,2.5876681779821715,0.005277835269832091,0.0469970703125,0.9943615241597097
21805.534101817757,801,52496640,52494336,2222.9274170752205,2184.5275192754566,781,100,5.0,5.000000122276338,10.0,0.0,2.5,4.3301271121598015,10.0,0.0,-0.0022517513886365728,0.05129035049079297,2.5697662830352783,0.005233924871087462,0.04961140950520833,0.9943829060842593
21865.53475513123,803,52658688,52625408,2700.77059250308,2184.509547174687,792,100,4.7,4.990992009313332,10.0,0.0,3.0,4.582575783057099,10.0,0.0,-0.004029895693141346,0.03290354343577444,2.59266530474027,0.0038449666802383336,0.038721720377604164,0.9954441456745068
21925.535095414147,805,52820224,52756480,2692.251397880683,2184.5209440806807,792,100,4.7,4.990992009313332,10.0,0.0,3.0,4.582575783057099,10.0,0.0,-0.0029430249827176644,0.028350251236891687,2.592247540752093,0.004044552796282612,0.041264851888020836,0.995935603355368
21994.274593750015,808,52953088,52953088,1932.8625203345696,2860.1896254661838,792,100,4.7,4.990992009313332,10.0,0.0,3.0,4.582575783057099,10.0,0.0,-0.005126635194756091,0.03564765314513352,2.586716336508592,0.004078246996868984,0.044987996419270836,0.9948521784196298
22054.274875581264,810,53090816,53084160,2295.455884479995,2184.52307221888,792,100,4.7,4.990992009313332,10.0,0.0,3.0,4.582575783057099,10.0,0.0,-0.005052448885786968,0.024713924329262227,2.5836131498217583,0.0038503246596519607,0.0441741943359375,0.996446152528127
22114.27523607202,812,53256192,53215232,2756.250106622003,2184.5202083443737,792,100,4.7,4.990992009313332,10.0,0.0,3.0,4.582575783057099,10.0,0.0,-0.004519902322499547,0.03900285738927778,2.579499344031016,0.004253460060378226,0.0464630126953125,0.9948613637437423
22185.467198489234,815,53411840,53411840,2186.3142230556405,2761.6600712281775,803,100,4.7,4.990991955385416,10.0,0.0,2.8,4.489988975087577,10.0,0.0,-0.002992993157628613,0.05173577911530931,2.577274618049463,0.004770146561592507,0.04403686523437501,0.9933328678210577
22245.46733482927,817,53553152,53542912,2355.1946482112426,2184.528369355355,803,100,4.7,4.990991955385416,10.0,0.0,2.8,4.489988975087577,10.0,0.0,-0.0037256256958547356,0.03709430942641727,2.5951025684674582,0.0036762583325374485,0.039759318033854164,0.9954096010575691
22305.470768766478,819,53715968,53673984,2713.444703354573,2184.408314650222,803,100,4.7,4.990991955385416,10.0,0.0,2.8,4.489988975087577,10.0,0.0,-0.005380888559254042,0.036902360826691925,2.581551482280095,0.004867698643162536,0.052495320638020836,0.9950110130012035
22376.016219453886,822,53870592,53870592,2191.8351714152222,2786.9692245809447,803,100,4.7,4.990991955385416,10.0,0.0,2.8,4.489988975087577,10.0,0.0,-0.004291150573408231,0.030095094402592316,2.5972324882944426,0.004578744148602709,0.041844685872395836,0.9961763260265191
22436.016251591966,824,54012672,54001664,2367.998731617812,2184.532163222198,803,100,4.7,4.990991955385416,10.0,0.0,2.8,4.489988975087577,10.0,0.0,-0.004178703432747474,0.0697789158730302,2.573989823460579,0.00542045643730186,0.0509490966796875,0.9930071129153172
22496.016265921295,826,54177280,54132736,2743.4660114662092,2184.5328116185055,813,100,4.9,4.998999971293065,10.0,0.0,2.2,4.1424630793318,10.0,0.0,-0.003647531111103793,0.029037480999249965,2.5725282778342566,0.0038789859991084086,0.0445404052734375,0.9966603722423315
22565.997706905007,829,54329344,54329344,2172.918960548284,2809.4305752543464,813,100,4.9,4.998999971293065,10.0,0.0,2.2,4.1424630793318,10.0,0.0,-0.006102711401278308,0.03563835274447531,2.5875978370507555,0.002718979618293815,0.03507486979166667,0.9958364808311065
22625.998121920973,831,54463488,54460416,2235.7178690231594,2184.518223167667,813,100,4.9,4.998999971293065,10.0,0.0,2.2,4.1424630793318,10.0,0.0,-0.0054613329242177615,0.020088096547018118,2.5676701813936234,0.004256299881186957,0.045237223307291664,0.997891458372275
22685.99816247262,833,54630656,54591488,2786.1314502963237,2184.5318568939015,813,100,4.9,4.998999971293065,10.0,0.0,2.2,4.1424630793318,10.0,0.0,-0.0035551900170200197,0.037961233518823675,2.585942675669988,0.0034650453162612393,0.035868326822916664,0.9948305649061997
22756.617336880416,836,54788096,54788096,2229.4228348076167,2784.05973517439,824,100,4.5,4.974937319354169,10.0,0.0,2.5,4.3301270996036525,10.0,0.0,-0.002687807051794759,0.03276358016591985,2.593661524355412,0.0046864193815660355,0.04299418131510417,0.9958333037793635
22816.61779343523,838,54926080,54919168,2299.7158342277057,2184.516710806281,824,100,4.5,4.974937319354169,10.0,0.0,2.5,4.3301270996036525,10.0,0.0,-0.004592852351682571,0.026774709486441377,2.5708830803632736,0.0030137553288417016,0.029062906901041668,0.9971698727458717
22876.6201051753,840,55089152,55050240,2717.7619540131436,2184.449168688743,824,100,4.5,4.974937319354169,10.0,0.0,2.5,4.3301270996036525,10.0,0.0,-0.005179062645765953,0.025520651135593653,2.584476555387179,0.003192419299618147,0.04680379231770833,0.9969351887702942
22948.203432833776,843,55246848,55246848,2202.971071034458,2746.561335315688,824,100,4.5,4.974937319354169,10.0,0.0,2.5,4.3301270996036525,10.0,0.0,-0.004820985731688173,0.02626994520930263,2.574068342645963,0.0036532094394109054,0.038172403971354164,0.9964596082766851
23008.20376231335,845,55387904,55377920,2350.920423662293,2184.521337413964,824,100,4.5,4.974937319354169,10.0,0.0,2.5,4.3301270996036525,10.0,0.0,-0.003825017236522399,0.04423003845537703,2.5686835994323096,0.004866584147748654,0.047358194986979164,0.9954445362091064
23068.203974492848,847,55549184,55508992,2687.9904943921547,2184.5256081409257,834,100,5.0,5.0000001062349035,10.0,0.0,2.4,4.270831373224043,10.0,0.0,-0.0018826226441888139,0.06057280206005089,2.548399329185486,0.005773071659253522,0.0507049560546875,0.9937669634819031
23139.055995825678,850,55705600,55705600,2207.6434385016287,2774.9102467581847,834,100,5.0,5.0000001062349035,10.0,0.0,2.4,4.270831373224043,10.0,0.0,-0.007201801590175212,0.028797004791461706,2.583811365067959,0.003767240097658942,0.042266845703125,0.996187378341953
23199.05658530444,852,55841024,55836672,2257.0444920034906,2184.51187127748,834,100,5.0,5.0000001062349035,10.0,0.0,2.4,4.270831373224043,10.0,0.0,-0.0030095069475161535,0.01898199377077011,2.6159369796514507,0.0033591534041382447,0.03204345703125,0.9971040102342765
23259.056837810203,854,56010240,55967744,2820.254797823443,2184.524139917705,834,100,5.0,5.0000001062349035,10.0,0.0,2.4,4.270831373224043,10.0,0.0,-0.005187167912178363,0.018324534059502184,2.595532014966011,0.0029322077231578687,0.034581502278645836,0.9974018887927135
23329.91625939682,857,56164352,56164352,2174.8977983346235,2774.620447044835,834,100,5.0,5.0000001062349035,10.0,0.0,2.4,4.270831373224043,10.0,0.0,-0.0052753372001461685,0.01147784479932549,2.5772112160921097,0.004138495893736642,0.04128011067708333,0.9985629376024008
23389.916507514194,859,56302592,56295424,2303.9904723322998,2184.5242996928473,845,100,4.1,4.918333087909674,10.0,0.0,2.2,4.142463069650702,10.0,0.0,-0.005992306020440688,0.02175585050523902,2.558674991130829,0.003950783224354382,0.037694295247395836,0.9977933360884587
23449.916647160426,861,56472064,56426496,2824.526759424675,2184.5282489810174,845,100,4.1,4.918333087909674,10.0,0.0,2.2,4.142463069650702,10.0,0.0,-0.004445711703738198,0.01620181011094246,2.5787454148133597,0.004751996924824198,0.044403076171875,0.9982729920496543
23519.322334757075,864,56623104,56623104,2176.1905289054807,2832.7361461006935,845,100,4.1,4.918333087909674,10.0,0.0,2.2,4.142463069650702,10.0,0.0,-0.004477274179710851,0.0396210709902031,2.5677215456962585,0.004839620374089766,0.0392913818359375,0.9967615275333326
23579.322566930205,866,56759040,56754176,2265.591233176538,2184.524880200353,845,100,4.1,4.918333087909674,10.0,0.0,2.2,4.142463069650702,10.0,0.0,-0.005391083483118564,0.06039484382684653,2.5825876270731287,0.004272661807893504,0.042363484700520836,0.9931694027036427
23639.32407192886,868,56931072,56885248,2867.1280829348993,2184.478539378971,845,100,4.1,4.918333087909674,10.0,0.0,2.2,4.142463069650702,10.0,0.0,-0.005250051947465788,0.04258512471763728,2.585649808247884,0.003990070126140684,0.04554239908854167,0.9950716346502303
23710.041897129267,871,57081856,57081856,2132.192266556418,2780.175994423309,857,100,5.1,4.998999990191507,10.0,0.0,2.8,4.489988927251363,10.0,0.0,-0.004544189997735278,0.030161162969307043,2.6034815162420273,0.003505104758005473,0.035196940104166664,0.9958218156049649
23770.04217454046,873,57220352,57212928,2308.255994399194,2184.523233146742,857,100,5.1,4.998999990191507,10.0,0.0,2.8,4.489988927251363,10.0,0.0,-0.0036807826545555145,0.03643369734830534,2.593021161854267,0.0031785129655569713,0.03410847981770833,0.9959148454169432
23830.04244178906,875,57379328,57344000,2649.588198354358,2184.5236031520635,857,100,5.1,4.998999990191507,10.0,0.0,2.8,4.489988927251363,10.0,0.0,-0.002864397261873819,0.04113099774500976,2.5706614951292672,0.005011471161196823,0.04921468098958333,0.9958618556459744
23890.042969333008,877,57540352,57475072,2683.709737086207,2184.514126213256,857,100,5.1,4.998999990191507,10.0,0.0,2.8,4.489988927251363,10.0,0.0,-0.004386869387720557,0.03327459731372073,2.56595070908467,0.00442542101275952,0.0458526611328125,0.9972406563659509
23957.450381429866,880,57671680,57671680,1948.2723919336079,2916.711885000021,869,100,5.1,4.999000031730017,10.0,0.0,2.9,4.537620601951446,10.0,0.0,-0.005060209481598576,0.0402152218982034,2.605882709225019,0.0031850231074107187,0.03209431966145833,0.9942808449268341
24017.450498757884,882,57809152,57802752,2291.195519642849,2184.5290615589174,869,100,5.1,4.999000031730017,10.0,0.0,2.9,4.537620601951446,10.0,0.0,-0.006126794066706983,0.05480016996443737,2.5729705194632215,0.0050448047574415495,0.046427408854166664,0.9949797509859006
24077.450871564448,884,57976576,57933824,2790.382662117126,2184.519759944906,869,100,5.1,4.999000031730017,10.0,0.0,2.9,4.537620601951446,10.0,0.0,-0.005731047727749683,0.009911867513437755,2.5807051807641983,0.004133928386484816,0.051610310872395836,0.9990150568385918
24148.36301036179,887,58130432,58130432,2169.6708435166433,2772.557750117774,869,100,5.1,4.999000031730017,10.0,0.0,2.9,4.537620601951446,10.0,0.0,-0.005163536457985174,0.030346182393259365,2.5922841330369315,0.004650859137351897,0.048797607421875,0.9967510402202607
24208.363493273035,889,58266624,58261504,2269.8483977447745,2184.5157512130163,869,100,5.1,4.999000031730017,10.0,0.0,2.9,4.537620601951446,10.0,0.0,-0.00444950945287322,0.02729910628598494,2.5823343321681023,0.003466001284323284,0.047490437825520836,0.9964185804128646
24268.363602688536,891,58425600,58392576,2649.5951682202713,2184.529349643766,879,100,4.8,4.995998470074633,10.0,0.0,2.8,4.48998895563536,10.0,0.0,-0.00361456035655768,0.04485471892985515,2.604057644804319,0.004842969915747138,0.048411051432291664,0.9934760462492704
24341.327532067895,894,58589184,58589184,2241.9845174385173,2694.591720489486,879,100,4.8,4.995998470074633,10.0,0.0,2.8,4.48998895563536,10.0,0.0,-0.005429096432635561,0.02263967288308777,2.606937915086746,0.0037224235493340525,0.04248046875,0.9963973456372818
24401.327932748944,896,58724864,58720256,2261.3182322106572,2184.5187450789745,879,100,4.8,4.995998470074633,10.0,0.0,2.8,4.48998895563536,10.0,0.0,-0.007855426529810453,0.012131800904171541,2.595592816670736,0.0031268917779622525,0.03936767578125,0.9983462778230507
24461.32976398617,898,58883584,58851328,2645.2525985827897,2184.466662055465,879,100,4.8,4.995998470074633,10.0,0.0,2.8,4.48998895563536,10.0,0.0,-0.00443912867437272,0.03852112324481519,2.5955704674124718,0.003980752440838842,0.04828389485677083,0.9951000592360895
24533.41104222089,901,59047936,59047936,2280.0927511970044,2727.5875902169773,890,100,4.9,4.999000014258473,10.0,0.0,2.7,4.439594667023261,10.0,0.0,-0.0051348401902941996,0.030780699972334936,2.6000134721398354,0.004353896492830245,0.038421630859375,0.9958999945471684
24593.411222765222,903,59193344,59179008,2423.459374302449,2184.526759934602,890,100,4.9,4.999000014258473,10.0,0.0,2.7,4.439594667023261,10.0,0.0,-0.003970523927515994,0.04886505125614349,2.575452586015065,0.006172495350256214,0.06258138020833333,0.9951472611476977
24653.411794442683,905,59356928,59310080,2726.3740232236655,2184.51251939048,890,100,4.9,4.999000014258473,10.0,0.0,2.7,4.439594667023261,10.0,0.0,-0.008257628549472429,0.013785637415518675,2.545078558226426,0.004306309532087956,0.05194091796875,0.9987306073307991
24722.133479604498,908,59506688,59506688,2179.2247912339562,2860.9310079789375,890,100,4.9,4.999000014258473,10.0,0.0,2.7,4.439594667023261,10.0,0.0,-0.004223791952730001,0.026778598413026582,2.5809978743394217,0.0041635521417144146,0.043497721354166664,0.9970154333859681
24782.13364609331,910,59651840,59637760,2419.193287189752,2184.527271677519,899,100,5.3,4.990992017348526,10.0,0.0,2.9,4.537620610789467,10.0,0.0,-0.0042019513906173716,0.028086364662158306,2.598677982886632,0.00482673958504165,0.036794026692708336,0.9968560300767422
24842.135691950098,912,59817728,59768832,2764.7057301335517,2184.458848500584,899,100,5.3,4.990992017348526,10.0,0.0,2.9,4.537620610789467,10.0,0.0,-0.004412010268424638,0.03064827305691627,2.605705551803112,0.005177046069851106,0.04145812988281251,0.9953049495816231
24910.932040985674,915,59965440,59965440,2147.0906824374524,2857.8260729843387,899,100,5.3,4.990992017348526,10.0,0.0,2.9,4.537620610789467,10.0,0.0,-0.0048481490327200545,0.031135518239655845,2.6112399746974306,0.004473689905959569,0.043304443359375,0.9948149838795265
24970.932731727138,917,60100608,60096512,2252.7740652590496,2184.508184493624,899,100,5.3,4.990992017348526,10.0,0.0,2.9,4.537620610789467,10.0,0.0,-0.005164390112137577,0.06188997125718742,2.553542338311672,0.003116077266895445,0.0390625,0.9944810171922048
25030.933078713715,919,60263680,60227584,2717.8509490367105,2184.5207000106684,899,100,5.3,4.990992017348526,10.0,0.0,2.9,4.537620610789467,10.0,0.0,-0.0033053214574465524,0.037692517105218336,2.568106733262539,0.0035440344787881868,0.040766398111979164,0.9953480617453655
25102.679163726047,922,60424192,60424192,2237.2231177828235,2740.330708863171,909,100,5.2,4.995998478101774,10.0,0.0,2.7,4.439594677663118,10.0,0.0,-0.0034591272221102067,0.0323328421509359,2.5658390149474144,0.0043087354539845055,0.044865926106770836,0.9960998855531216
25162.67941337824,924,60559104,60555264,2248.523977517671,2184.5242438122345,909,100,5.2,4.995998478101774,10.0,0.0,2.7,4.439594677663118,10.0,0.0,-0.005586855739238673,0.02488833758009908,2.5740997592608137,0.004253723695607429,0.04370117187500001,0.9972814780970414
25222.681709351018,926,60726272,60686336,2786.0267226413694,2184.449742714213,909,100,5.2,4.995998478101774,10.0,0.0,2.7,4.439594677663118,10.0,0.0,-0.005716322780547974,0.02431265692090771,2.5557535042365394,0.003837066079843983,0.045842488606770836,0.9975962918251753
25294.020925860852,929,60882944,60882944,2196.155321924557,2755.959619670032,909,100,5.2,4.995998478101774,10.0,0.0,2.7,4.439594677663118,10.0,0.0,-0.0039392168522075135,0.03636088640390274,2.5851704229911165,0.004182767902117727,0.04815165201822917,0.9959537790467341
25354.021476969123,931,61025024,61014016,2367.9782497933543,2184.5132682778335,920,100,4.5,4.974937274747146,10.0,0.0,3.2,4.664761619619563,10.0,0.0,-0.005073822440560131,0.04732548096217215,2.5626377935210867,0.0033787894250660124,0.036376953125,0.9954816947380701
25414.02183358185,933,61187840,61145088,2713.5838716909243,2184.5203495373476,920,100,4.5,4.974937274747146,10.0,0.0,3.2,4.664761619619563,10.0,0.0,-0.005576061041210778,0.023774278374427617,2.575789238015811,0.0041733090292837005,0.0435943603515625,0.9969366006553173
25483.494688061997,936,61341696,61341696,2214.6203888018745,2829.9974352742756,920,100,4.5,4.974937274747146,10.0,0.0,3.2,4.664761619619563,10.0,0.0,-0.0014740209905236648,0.04804620973300189,2.558349077900251,0.006787266063232286,0.0489044189453125,0.9947729917864004
25543.49492231384,938,61476096,61472768,2239.991254632046,2184.5248045173475,920,100,4.5,4.974937274747146,10.0,0.0,3.2,4.664761619619563,10.0,0.0,-0.00500070451622984,0.03772382040430481,2.5739151289065676,0.003475055461725181,0.046574910481770836,0.9954552209625641
25603.495218047872,940,61639936,61603840,2730.6532075485707,2184.5225660388564,920,100,4.5,4.974937274747146,10.0,0.0,3.2,4.664761619619563,10.0,0.0,-0.0035283851248095743,0.043804013859092564,2.5620827600359917,0.00411219293406854,0.048451741536458336,0.995117927591006
25674.221011379734,943,61800448,61800448,2269.497342318116,2779.862773365731,930,100,4.6,4.983974373185894,10.0,0.0,3.3,4.702127284156394,10.0,0.0,-0.006215673066132391,0.017716095336557675,2.5740567669272427,0.0038601077873560525,0.04852803548177083,0.997653132925431
25734.221316391602,945,61942784,61931520,2372.2546072364958,2184.522228246557,930,100,4.6,4.983974373185894,10.0,0.0,3.3,4.702127284156394,10.0,0.0,-0.004909070101954664,0.029129839715703078,2.5612948685884476,0.0035378230501616295,0.0362701416015625,0.996976517761747
25794.2214737013,947,62114816,62062592,2867.192482713699,2184.527605877104,930,100,4.6,4.983974373185894,10.0,0.0,3.3,4.702127284156394,10.0,0.0,-0.003286613685001309,0.049380912814134106,2.567950884501139,0.0036216334004469295,0.043233235677083336,0.9943391562749943
25863.32157556899,950,62259200,62259200,2089.4904073579955,2845.263533423654,930,100,4.6,4.983974373185894,10.0,0.0,3.3,4.702127284156394,10.0,0.0,-0.0055921689224002575,0.063484557516252,2.5485359802842136,0.004523200310965573,0.055720011393229164,0.9941944821427267
25923.322110665962,952,62396928,62390272,2295.446195228147,2184.513851220839,930,100,4.6,4.983974373185894,10.0,0.0,3.3,4.702127284156394,10.0,0.0,-0.0043066896275073905,0.0376180614111945,2.567577650149663,0.004305399380124679,0.04264831542968749,0.9958384465426207
25983.322672612965,954,62562816,62521344,2764.7741057246217,2184.5128736589604,941,100,4.7,4.990992010742519,10.0,0.0,3.5,4.76969611695367,10.0,0.0,-0.004541157572627223,0.031780472966299086,2.555073633790016,0.002439917833423048,0.0286407470703125,0.9970201297352711
26054.200006408617,957,62717952,62717952,2188.795651474087,2773.9192414721106,941,100,4.7,4.990992010742519,10.0,0.0,3.5,4.76969611695367,10.0,0.0,-0.0056953844493061,0.03256668825633824,2.558475429813067,0.0052735201255321345,0.05673726399739583,0.9967852085828781
26114.202051237226,959,62850560,62849024,2210.0580135024543,2184.458885932928,941,100,4.7,4.990992010742519,10.0,0.0,3.5,4.76969611695367,10.0,0.0,-0.004678832939437901,0.05313894652257052,2.5886071175336838,0.004912385140414699,0.050359090169270836,0.993854820728302
26174.20205996558,961,63015936,62980096,2756.266265705485,2184.533015543666,941,100,4.7,4.990992010742519,10.0,0.0,3.5,4.76969611695367,10.0,0.0,-0.006379366648616269,0.013964667625259608,2.5773142327864966,0.003729723850483424,0.043487548828125,0.9980511820564667
26245.779745509848,964,63176704,63176704,2246.0631239686127,2746.77783313359,952,100,4.8,4.995998530547894,10.0,0.0,2.9,4.537620600379462,10.0,0.0,-0.0033050597897575544,0.05767503111079956,2.5564267511169114,0.005234890065063761,0.05222066243489583,0.9937163349241018
26305.779980629683,966,63315200,63307776,2308.257621380833,2184.5247729149473,952,100,4.8,4.995998530547894,10.0,0.0,2.9,4.537620600379462,10.0,0.0,-0.003462900611339137,0.04295096043885375,2.5555131311217947,0.005421686299087014,0.0578155517578125,0.9952866875876983
26365.780128957704,968,63479296,63438848,2734.926572229225,2184.527932888242,952,100,4.8,4.995998530547894,10.0,0.0,2.9,4.537620600379462,10.0,0.0,-0.005925937794624285,0.02840488718356937,2.5516925503810244,0.0034791755266875652,0.04305521647135417,0.9967128783464432
26437.518803117797,971,63635456,63635456,2176.78960237697,2740.613794468054,952,100,4.8,4.995998530547894,10.0,0.0,2.9,4.537620600379462,10.0,0.0,-0.004523518601975715,0.025008751341374594,2.5706517597039538,0.003381268520873467,0.0371551513671875,0.9978379551321268
26497.51931071654,973,63776256,63766528,2346.646814083788,2184.5148523834537,963,100,4.9,4.998999971293065,10.0,0.0,3.1,4.6249325365756135,10.0,0.0,-0.005858481517255617,0.014639443552975232,2.5812591165304184,0.004928285744123666,0.05033365885416667,0.9983640611171722
26557.521687809378,975,63938560,63897600,2704.959501002372,2184.4467894530194,963,100,4.9,4.998999971293065,10.0,0.0,3.1,4.6249325365756135,10.0,0.0,-0.002919599559390918,0.0334718648227863,2.5620873297254247,0.005281978306811652,0.04881795247395833,0.9963467698544264
26628.48169935681,978,64094208,64094208,2193.4607479025167,2770.6872605084423,963,100,4.9,4.998999971293065,10.0,0.0,3.1,4.6249325365756135,10.0,0.0,-0.006363645540356326,0.010945375528535806,2.5794669836759567,0.0024422413128680396,0.03753662109375001,0.9986585875352224
26688.482006523758,980,64229376,64225280,2252.7884669640007,2184.5221497832736,963,100,4.9,4.998999971293065,10.0,0.0,3.1,4.6249325365756135,10.0,0.0,-0.005771029173047281,0.017184929786405217,2.563505964974562,0.0015570214424466637,0.032221476236979164,0.9978500542541345
26748.48235069774,982,64395520,64356352,2769.0507827460615,2184.5208024129174,963,100,4.9,4.998999971293065,10.0,0.0,3.1,4.6249325365756135,10.0,0.0,-0.006121677288319915,0.033582967866095714,2.5571206187208495,0.004468950033090853,0.045176188151041664,0.9967870811621348
26819.922765657306,985,64552960,64552960,2203.794590066573,2752.0556832050866,973,100,5.2,4.995998462047491,10.0,0.0,3.3,4.702127262547798,10.0,0.0,-0.006348948658948454,0.02109510313312057,2.544118843972683,0.00445022109306592,0.052729288736979164,0.9978846665471791
26879.923163494095,987,64687872,64684032,2248.518424277483,2184.518848633911,973,100,5.2,4.995998462047491,10.0,0.0,3.3,4.702127262547798,10.0,0.0,-0.006169856040893744,0.0318097519048024,2.5551819056272507,0.004951902753722,0.0509185791015625,0.9965339271972576
26939.92324066907,989,64857088,64815104,2820.2630391044386,2184.5305234818043,973,100,5.2,4.995998462047491,10.0,0.0,3.3,4.702127262547798,10.0,0.0,-0.0033181283191273296,0.035817230003885925,2.5267202084263167,0.008702791542721874,0.055755615234375,0.9966750883807739
27011.989610256627,992,65011712,65011712,2145.577762345067,2728.151856756642,973,100,5.2,4.995998462047491,10.0,0.0,3.3,4.702127262547798,10.0,0.0,-0.00365133217079953,0.0500705997546902,2.567204015950362,0.005616172243511149,0.047281901041666664,0.9951771094153324
27071.989803213626,994,65150208,65142784,2308.2592434203934,2184.5263080059917,982,100,4.9,4.999000014258473,10.0,0.0,3.0,4.582575802116302,10.0,0.0,-0.0046366211293692085,0.017528368669445626,2.5847427745660148,0.0034893302751394613,0.042536417643229164,0.9973025160531204
27131.98987443745,996,65317120,65273856,2781.8633644174993,2184.530740156073,982,100,4.9,4.999000014258473,10.0,0.0,3.0,4.582575802116302,10.0,0.0,-0.0011518518925489236,0.05625230900477618,2.567534585793813,0.008222390857554274,0.0543670654296875,0.9934127802650133
27202.685545027256,999,65470464,65470464,2169.0720056924456,2781.0472460297133,982,100,4.9,4.999000014258473,10.0,0.0,3.0,4.582575802116302,10.0,0.0,-0.00450804131590606,0.024291219815495424,2.5614395489295325,0.004808646001644472,0.050135294596354164,0.9970902682592472
27262.685767557472,1001,65603840,65601536,2222.9250888666643,2184.5252312854745,982,100,4.9,4.999000014258473,10.0,0.0,3.0,4.582575802116302,10.0,0.0,-0.006588023854419589,0.015939346616505645,2.5690696562329927,0.003573970177967567,0.038665771484375,0.9977879785001278
27322.68610693328,1003,65765120,65732608,2687.984796049762,2184.520977107108,982,100,4.9,4.999000014258473,10.0,0.0,3.0,4.582575802116302,10.0,0.0,-0.004502147082045363,0.03186808695318177,2.5989233081539473,0.003144998938902669,0.03426615397135417,0.9960643363495667
27382.686264541,1005,65922048,65863680,2615.459796389109,2184.5275950264668,992,100,5.2,4.99599847952953,10.0,0.0,3.3,4.702127301214031,10.0,0.0,-0.007729943077720236,0.017273375357035547,2.5291593422492347,0.0029860860401337654,0.04345194498697917,0.9982013969371717
27452.093190552667,1008,66060288,66060288,1991.7320639839768,2832.685602110545,992,100,5.2,4.99599847952953,10.0,0.0,3.3,4.702127301214031,10.0,0.0,-0.005864415419637226,0.014240488101980493,2.5897097066044807,0.003189300040200275,0.040949503580729164,0.9977861897399029
27512.095625909045,1010,66201600,66191360,2355.104408024296,2184.4446683123906,992,100,5.2,4.99599847952953,10.0,0.0,3.3,4.702127301214031,10.0,0.0,-0.003697654929662046,0.029427240282529965,2.5563921133677168,0.0045861347177075604,0.042327880859375,0.9962223277737697
27572.09607741423,1012,66360320,66322432,2645.3134271212316,2184.5168946549525,992,100,5.2,4.99599847952953,10.0,0.0,3.3,4.702127301214031,10.0,0.0,-0.0060955160079174675,0.017124661283257108,2.563385032117367,0.006100894514020184,0.0568084716796875,0.9980750822772583
27644.439389752224,1015,66519040,66519040,2193.9830354801234,2717.7080181431206,1004,100,4.7,4.99099197431418,10.0,0.0,3.4,4.737087798158419,10.0,0.0,-0.005602223090439414,0.022894973699294496,2.5387367034951844,0.005324248827794993,0.05935160319010417,0.9977327318241199
27704.439840190113,1017,66656256,66650112,2286.9161647718593,2184.516933513418,1004,100,4.7,4.99099197431418,10.0,0.0,3.4,4.737087798158419,10.0,0.0,-0.005591824182677859,0.022527547587136116,2.546043783426285,0.003844062184119442,0.049051920572916664,0.9969407524913549
27764.439911877736,1019,66818048,66781184,2696.5301115360608,2184.53072326972,1004,100,4.7,4.99099197431418,10.0,0.0,3.4,4.737087798158419,10.0,0.0,-0.00526119007069307,0.024785184332965098,2.557507229348024,0.0046678865934760925,0.0496826171875,0.9968413691967726
27836.61116039008,1022,66977792,66977792,2213.4021967581857,2724.187319086998,1004,100,4.7,4.99099197431418,10.0,0.0,3.4,4.737087798158419,10.0,0.0,-0.004999201742369527,0.026003316971279368,2.5163282255331674,0.0035868526792910416,0.044743855794270836,0.9976259885976713
27896.611418768764,1024,67111936,67108864,2235.7237056108333,2184.523926093028,1014,100,5.4,4.98397442432734,10.0,0.0,3.5,4.769696136760657,10.0,0.0,-0.0010575136960445284,0.03914007321873214,2.552562080323696,0.005952953596837081,0.04981486002604167,0.9951292686164379
27956.611557098106,1026,67272448,67239936,2675.193832369957,2184.5282969273017,1014,100,5.4,4.98397442432734,10.0,0.0,3.5,4.769696136760657,10.0,0.0,-0.0020082487365774187,0.06968590510465826,2.519509514172872,0.006656572539820142,0.05963134765625,0.9942848806579907
28016.611780969426,1028,67436288,67371008,2730.656478072141,2184.5251824577126,1014,100,5.4,4.98397442432734,10.0,0.0,3.5,4.769696136760657,10.0,0.0,-0.002766825217501416,0.03162321552129773,2.538692817091942,0.004064344330496775,0.040618896484375,0.9968473892658949
28083.832343053073,1031,67567616,67567616,1953.6879182381804,2924.8193395846442,1014,100,5.4,4.98397442432734,10.0,0.0,3.5,4.769696136760657,10.0,0.0,-0.004039436098537408,0.016145454862756498,2.5710590481758118,0.0030992145815010494,0.0467529296875,0.9976640455424786
28143.832784269005,1033,67710976,67698688,2389.31576326363,2184.517269269604,1022,100,5.7,4.950757625086188,10.0,0.0,3.3,4.70212730974285,10.0,0.0,-0.004184417118570613,0.05110805674727696,2.5257028564810753,0.006153529577204608,0.06442260742187499,0.9947467613965273
28203.833130827174,1035,67873024,67829760,2700.7844003517434,2184.5207156083616,1022,100,5.7,4.950757625086188,10.0,0.0,3.3,4.70212730974285,10.0,0.0,-0.005557787359672754,0.028350614966863454,2.491917945444584,0.003357182516386577,0.04465230305989583,0.9972181140134733
28273.965945016593,1038,68026368,68026368,2186.48006318182,2803.3667588040694,1022,100,5.7,4.950757625086188,10.0,0.0,3.3,4.70212730974285,10.0,0.0,-0.0056509877370748045,0.03602336347103119,2.525073073804378,0.004916936570831846,0.045949300130208336,0.9964241534471512
28333.966544961557,1040,68164096,68157440,2295.4437143350556,2184.511490222209,1022,100,5.7,4.950757625086188,10.0,0.0,3.3,4.70212730974285,10.0,0.0,-0.0060979220118800494,0.012188833362112444,2.5416702603300414,0.0036894722155314716,0.046518961588541664,0.9985906674216191
28393.968678900972,1042,68329984,68288512,2764.701671568862,2184.455641733422,1032,100,5.3,4.990991939315029,10.0,0.0,3.3,4.7021273082258634,10.0,0.0,-0.006070854046508126,0.02961903110553976,2.5236048474907875,0.0035784287811111426,0.045277913411458336,0.996960544337829
28465.02531717904,1045,68485120,68485120,2183.272439555946,2766.919527358031,1032,100,5.3,4.990991939315029,10.0,0.0,3.3,4.7021273082258634,10.0,0.0,-0.005545764489700863,0.027072360996195737,2.533579466243585,0.006103460217370109,0.049153645833333336,0.9968868624418975
28525.025811640546,1047,68622592,68616192,2291.181118318872,2184.5153306876396,1032,100,5.3,4.990991939315029,10.0,0.0,3.3,4.7021273082258634,10.0,0.0,0.0011517490371867705,0.03480031499445128,2.525258757174015,0.013180039960085804,0.050237019856770836,0.9965649507939817
28585.02843767777,1049,68779776,68747264,2619.618679730523,2184.437726420241,1032,100,5.3,4.990991939315029,10.0,0.0,3.3,4.7021273082258634,10.0,0.0,-7.910959781535587e-05,0.058150670947118975,2.540217918654283,0.007978910672439573,0.05169677734375,0.993751767401894
28656.00871223025,1052,68943872,68943872,2311.8535541684237,2769.8963020301862,1032,100,5.3,4.990991939315029,10.0,0.0,3.3,4.7021273082258634,10.0,0.0,-0.0026134679501410574,0.04333460686029866,2.531159982085228,0.005436750696389936,0.04727172851562501,0.9954353328794241
28716.009075557813,1054,69078528,69074944,2244.253076683322,2184.520105060572,1042,100,5.5,4.974937274747146,10.0,0.0,3.2,4.664761648469247,10.0,0.0,-0.00309514976349116,0.04741684295974361,2.525629897912343,0.004374678149664154,0.041941324869791664,0.9952534586191178
28776.009220132604,1056,69242112,69206016,2726.3934305373177,2184.528069538508,1042,100,5.5,4.974937274747146,10.0,0.0,3.2,4.664761648469247,10.0,0.0,-0.006285370994495073,0.017854867823189124,2.5805608406662937,0.0035567160697003906,0.04215494791666667,0.9977386028816303
28848.772428793833,1059,69402624,69402624,2205.9499979902366,2702.0248779210556,1042,100,5.5,4.974937274747146,10.0,0.0,3.2,4.664761648469247,10.0,0.0,-0.007663354883940581,0.007592390720674302,2.527981306115786,0.003542379864787411,0.049835205078125,0.9991441033780575
28908.772635772824,1061,69543168,69533696,2342.3919195680414,2184.5257974842207,1042,100,5.5,4.974937274747146,10.0,0.0,3.2,4.664761648469247,10.0,0.0,-0.003605271956378904,0.03989899320004042,2.5008570551872253,0.005556307130973436,0.05272420247395833,0.9958428585280975
28968.772823104635,1063,69714432,69664768,2854.3910880291555,2184.526512811551,1053,100,5.8,4.93558516307182,10.0,0.0,3.2,4.664761602425291,10.0,0.0,-0.005294305563438684,0.02086435139547878,2.537717704971631,0.004333908729070876,0.05049641927083333,0.9974115279813608
29038.473981389776,1066,69861376,69861376,2108.2002597268997,2820.7278736415665,1053,100,5.8,4.93558516307182,10.0,0.0,3.2,4.664761602425291,10.0,0.0,-0.003592677875227916,0.038815202007147796,2.4961961805820465,0.005428656059545271,0.0538482666015625,0.9962035100907088
29098.47436275147,1068,70006784,69992448,2423.4512631420507,2184.5194484660738,1053,100,5.8,4.93558516307182,10.0,0.0,3.2,4.664761602425291,10.0,0.0,-0.006063764349770888,0.037853258724984094,2.4993532945712404,0.005425646106838637,0.04609171549479167,0.9960658351580303
29158.47740615718,1070,70171904,70123520,2751.860416204861,2184.422531933161,1053,100,5.8,4.93558516307182,10.0,0.0,3.2,4.664761602425291,10.0,0.0,-0.0047442902747813305,0.02302520882706934,2.5296545947591462,0.004668628439806829,0.0467376708984375,0.9976738585780065
29228.697369256988,1073,70320128,70320128,2110.852718468693,2799.887543668319,1053,100,5.8,4.93558516307182,10.0,0.0,3.2,4.664761602425291,10.0,0.0,-0.0019561030421755277,0.06627353930768247,2.5160951515038805,0.00563673029379667,0.04682413736979167,0.9928584968050321
29288.697713509202,1075,70461440,70451200,2355.186487030631,2184.520799564643,1063,100,4.6,4.983974381232401,10.0,0.0,3.4,4.737087816595959,10.0,0.0,-0.003781214082361354,0.025815155376524974,2.532915609578292,0.004571716255062104,0.04370625813802083,0.9973510137448708
29348.69825969264,1077,70631168,70582272,2828.77424950596,2184.5134475822797,1063,100,4.6,4.983974381232401,10.0,0.0,3.4,4.737087816595959,10.0,0.0,-0.003830631198070478,0.03004278090763061,2.5636751080552735,0.004386866270579048,0.039769490559895836,0.9962386904905239
29419.141746886075,1080,70778880,70778880,2096.8865382031395,2791.0032258925667,1063,100,4.6,4.983974381232401,10.0,0.0,3.4,4.737087816595959,10.0,0.0,-0.004062112915562466,0.05538962279873279,2.4958113531271615,0.004195682356415394,0.046407063802083336,0.9953768799702327
29479.14188501425,1082,70921984,70909952,2385.061175930822,2184.5283042514866,1063,100,4.6,4.983974381232401,10.0,0.0,3.4,4.737087816595959,10.0,0.0,-0.005297275412885938,0.022452622569592982,2.5397558137774467,0.00542088208446027,0.046152750651041664,0.997713432336847
29539.142183037475,1084,71090176,71041024,2803.1860764241396,2184.5224826927847,1073,100,6.0,4.898979550149286,10.0,0.0,3.4,4.737087806624293,10.0,0.0,-0.006283793331628355,0.015048342213655511,2.5170268019040423,0.00453617051304415,0.037017822265625,0.9985917278875908
29609.61951989308,1087,71237632,71237632,2092.247048183865,2789.6627309118203,1073,100,6.0,4.898979550149286,10.0,0.0,3.4,4.737087806624293,10.0,0.0,-0.003546795128689458,0.03717575594782829,2.502477248509725,0.00577156100916909,0.050694783528645836,0.9965446119507154
29669.6195982527,1089,71380224,71368704,2376.530229599953,2184.5304803504055,1073,100,6.0,4.898979550149286,10.0,0.0,3.4,4.737087806624293,10.0,0.0,-0.004457175692853828,0.03193896193018494,2.5186053390304246,0.0032616208045510575,0.04320271809895833,0.9969576901445786
29729.619648836553,1091,71543040,71499776,2713.5977122628105,2184.5314916329544,1073,100,6.0,4.898979550149286,10.0,0.0,3.4,4.737087806624293,10.0,0.0,-0.0057395573118507555,0.009339802617129559,2.532057044406732,0.003674714387670974,0.046696980794270836,0.9990904784450928
29798.977124894038,1094,71696384,71696384,2210.9224371559553,2834.705228273412,1083,100,5.6,4.963869574920594,10.0,0.0,3.6,4.800000100820388,10.0,0.0,-0.0049353841071327524,0.0309661546634743,2.5403754636645317,0.004270755034667672,0.03961181640625,0.9972057628134887
29858.977189674973,1096,71834368,71827456,2299.7308503547297,2184.530974733992,1083,100,5.6,4.963869574920594,10.0,0.0,3.6,4.800000100820388,10.0,0.0,-0.005626590449537616,0.01754212939219239,2.5353100722034774,0.004671848285094407,0.04009501139322917,0.9984446385254463
29918.9775596112,1098,72004608,71958528,2837.3158395680207,2184.5198644493635,1083,100,5.6,4.963869574920594,10.0,0.0,3.6,4.800000100820388,10.0,0.0,-0.006646458993297227,0.021017161244041443,2.530584879219532,0.0035783292557122572,0.0396270751953125,0.9980977041025956
29988.522963320836,1101,72155136,72155136,2164.456484119096,2827.0452037473906,1083,100,5.6,4.963869574920594,10.0,0.0,3.6,4.800000100820388,10.0,0.0,-0.004198981065807553,0.026697648221064203,2.56250619639953,0.0038840348909919458,0.04400126139322917,0.9970690794289113
30048.52341922745,1103,72294144,72286208,2316.7823960596816,2184.5167344061824,1083,100,5.6,4.963869574920594,10.0,0.0,3.6,4.800000100820388,10.0,0.0,-0.007689283857568322,0.0067701265700937565,2.533959356447061,0.0040449195803375915,0.04797363281250001,0.9992458677540224
30108.52398527041,1105,72458496,72417280,2739.1741584958704,2184.512724532532,1093,100,6.0,4.89897958726182,10.0,0.0,3.3,4.702127272593603,10.0,0.0,-0.00544429002184188,0.0193226852522154,2.5336608812212944,0.003684132877727582,0.042022705078125,0.9971386243899664
30180.062269648537,1108,72613888,72613888,2172.151615750979,2748.2906769303986,1093,100,6.0,4.89897958726182,10.0,0.0,3.3,4.702127272593603,10.0,0.0,-0.0070935868692079875,0.01958094699512003,2.507926064232985,0.0020522966854817546,0.037200927734375,0.9982267456750075
30240.06235318072,1110,72754176,72744960,2338.130078181454,2184.5302920235486,1093,100,6.0,4.89897958726182,10.0,0.0,3.3,4.702127272593603,10.0,0.0,-0.004424476144777145,0.02733163408508214,2.5090782468517623,0.0026438460281497105,0.03325907389322917,0.9975016110887129
30300.06246309541,1112,72927488,72876032,2888.528041805583,2184.5293314689197,1093,100,6.0,4.89897958726182,10.0,0.0,3.3,4.702127272593603,10.0,0.0,-0.002735832715795065,0.037028535385616124,2.523383299509684,0.004435713121589894,0.049672444661458336,0.9963015199949344
30370.304318107665,1115,73072640,73072640,2066.4602319326536,2799.0149173267687,1103,100,6.3,4.8280431933253425,10.0,0.0,3.9,4.877499459983759,10.0,0.0,-0.0016808489187193723,0.030679644294044316,2.478544977804025,0.011138265394038172,0.05964152018229167,0.9972096222142378
30430.304373517632,1117,73210880,73203712,2303.9978722591977,2184.5313159198317,1103,100,6.3,4.8280431933253425,10.0,0.0,3.9,4.877499459983759,10.0,0.0,-0.004894408293087812,0.010086674272315577,2.4928121070067086,0.0028802455562981777,0.037251790364583336,0.998962980384628
30490.305059734732,1119,73374208,73334784,2722.102200782057,2184.508349216949,1103,100,6.3,4.8280431933253425,10.0,0.0,3.9,4.877499459983759,10.0,0.0,-0.0014419276364302882,0.023379410796527132,2.4733267029126482,0.006902037803229177,0.060150146484375,0.9978173654526473
30561.9488990698,1122,73531392,73531392,2193.9639396608904,2744.2415401621565,1103,100,6.3,4.8280431933253425,10.0,0.0,3.9,4.877499459983759,10.0,0.0,-0.00231638778980899,0.02866278107345958,2.4854860206445055,0.0066406939956020015,0.054850260416666664,0.9972351373483737
30621.94956724532,1124,73670912,73662464,2325.3074381082806,2184.5090060760363,1112,100,5.3,4.990992036277289,10.0,0.0,3.5,4.769696108545673,10.0,0.0,-0.004705989284654303,0.02794319627961765,2.4687068164348607,0.0069326577025397755,0.055419921875,0.9977569735298554
30681.950125742704,1126,73829888,73793536,2649.5753369850845,2184.512999253403,1112,100,5.3,4.990992036277289,10.0,0.0,3.5,4.769696108545673,10.0,0.0,-0.007277609508795042,0.00913074297568528,2.482916953663031,0.005903591628642364,0.053441365559895836,0.9992052906503279
30754.007825376466,1129,73990144,73990144,2223.995503804744,2728.4801069042232,1112,100,5.3,4.990992036277289,10.0,0.0,3.5,4.769696108545673,10.0,0.0,-0.007155310840365321,0.007740736730435553,2.5114970728754997,0.003763815083705898,0.04379781087239583,0.9991968243072431
30814.008111832663,1131,74130432,74121216,2338.1221705068956,2184.5229038312605,1112,100,5.3,4.990992036277289,10.0,0.0,3.5,4.769696108545673,10.0,0.0,-0.005048238061135635,0.026735920849508453,2.50989838441213,0.0038732174010268254,0.039143880208333336,0.9975840263068676
30874.008551876992,1133,74300160,74252288,2828.7792535288786,2184.51731192577,1112,100,5.3,4.990992036277289,10.0,0.0,3.5,4.769696108545673,10.0,0.0,-0.001466706967524563,0.034819564190305144,2.4697780186931295,0.013842194081613949,0.059758504231770836,0.9967453094820182
30943.97688910924,1136,74448896,74448896,2125.7615356257256,2809.956728675658,1123,100,5.6,4.963869608673982,10.0,0.0,3.2,4.664761600896154,10.0,0.0,-0.0033261920131432516,0.02880752447526902,2.527271675566832,0.0049900518291300005,0.03994242350260417,0.9972649322201809
31003.977312380448,1138,74586880,74579968,2299.717109932642,2184.51792260763,1123,100,5.6,4.963869608673982,10.0,0.0,3.2,4.664761600896154,10.0,0.0,-0.0016277667576408326,0.041170426925721884,2.504190052549044,0.006034288282535272,0.049260457356770836,0.9962987167139848
31063.977782825008,1140,74751488,74711040,2743.445156019176,2184.516205103916,1123,100,5.6,4.963869608673982,10.0,0.0,3.2,4.664761600896154,10.0,0.0,-0.003121546486606045,0.021981392206119686,2.5343883658448854,0.004334518428853092,0.03768412272135417,0.997853901858131
31134.81050890498,1143,74907648,74907648,2204.6306649795515,2775.6661486955663,1123,100,5.6,4.963869608673982,10.0,0.0,3.2,4.664761600896154,10.0,0.0,-0.003982961539198489,0.023462138133860812,2.5261549552281695,0.003363260624610121,0.036412556966145836,0.997608290364345
31194.810857215896,1145,75045120,75038720,2291.186699244306,2184.520651793454,1134,100,5.6,4.9638695925157865,10.0,0.0,3.3,4.702127272593603,10.0,0.0,-0.00344974050434151,0.026238476440388087,2.525670853753885,0.0032397463607291383,0.038976033528645836,0.9967685081064701
31254.811136765406,1147,75201024,75169792,2598.3878936989895,2184.523155293732,1134,100,5.6,4.9638695925157865,10.0,0.0,3.3,4.702127272593603,10.0,0.0,-0.005948727188903527,0.03926584307434193,2.542293647925059,0.0032123585291022514,0.040959676106770836,0.9961220224698385
31327.258028149605,1150,75366400,75366400,2282.720443075749,2713.822446257237,1134,100,5.6,4.9638695925157865,10.0,0.0,3.3,4.702127272593603,10.0,0.0,-0.004482268765665746,0.04651954904693412,2.519847239057223,0.005009415679523954,0.040863037109375,0.9958719909191132
31387.25832938589,1152,75497984,75497472,2193.055656200958,2184.5223657099036,1134,100,5.6,4.9638695925157865,10.0,0.0,3.3,4.702127272593603,10.0,0.0,9.74255029480749e-05,0.04770361403158555,2.5286899233857794,0.006705839787779647,0.04003397623697917,0.9949886451164881
31447.259057069197,1154,75667456,75628544,2824.499077652902,2184.506839514027,1134,100,5.6,4.9638695925157865,10.0,0.0,3.3,4.702127272593603,10.0,0.0,-0.0049590417329454795,0.017439547380490694,2.558183761934439,0.0027092246540026585,0.034022013346354164,0.9977956830213467
31518.954290997237,1157,75825152,75825152,2199.532540172462,2742.2743357994336,1145,100,6.2,4.853864560439287,10.0,0.0,3.3,4.7021272555359666,10.0,0.0,-0.005368654516738994,0.016548781054249652,2.5520314996441207,0.004058174527623729,0.032460530598958336,0.9980207414676745
31578.954529605806,1159,75967744,75956224,2376.5238823506243,2184.5246458950082,1145,100,6.2,4.853864560439287,10.0,0.0,3.3,4.7021272555359666,10.0,0.0,-0.004687223433090064,0.026439503713239297,2.5567365487416587,0.003393131773918867,0.0260772705078125,0.9974903737505276
31638.95462027006,1161,76126976,76087296,2653.862656492094,2184.5300323536208,1145,100,6.2,4.853864560439287,10.0,0.0,3.3,4.7021272555359666,10.0,0.0,-0.006361350567506936,0.022136824731812037,2.5341177731752396,0.004082279363501584,0.03618367513020833,0.9983669786403576
31710.17063687928,1164,76283904,76283904,2203.549250179201,2760.72728244311,1145,100,6.2,4.853864560439287,10.0,0.0,3.3,4.7021272555359666,10.0,0.0,-0.007827485838788562,0.017819436419813428,2.538009390234947,0.005754035878756743,0.046513875325520836,0.9983121498177449
31770.17083621584,1166,76423680,76414976,2329.5922604515986,2184.5260757348324,1154,100,6.0,4.898979576163648,10.0,0.0,3.0,4.582575793364981,10.0,0.0,-0.0042275525532507645,0.08265335567800018,2.526530665655931,0.005809391680789607,0.047027587890625,0.993984691798687
31830.17213346809,1168,76588288,76546048,2743.4073518105465,2184.4861028413684,1154,100,6.0,4.898979576163648,10.0,0.0,3.0,4.582575793364981,10.0,0.0,-0.002315372541488614,0.042795662452893644,2.543105572462082,0.004020954915176844,0.0478973388671875,0.9962982976188262
31900.860932370648,1171,76742656,76742656,2183.7688912043127,2781.317592777632,1154,100,6.0,4.898979576163648,10.0,0.0,3.0,4.582575793364981,10.0,0.0,-0.008267099100824757,0.005993451287698312,2.550947181880474,0.0045508389618286555,0.0442047119140625,0.9994362896929185
31960.861053509638,1173,76879616,76873728,2282.662058010399,2184.528922806214,1154,100,6.0,4.898979576163648,10.0,0.0,3.0,4.582575793364981,10.0,0.0,-0.005683091764998002,0.03559648491985475,2.5558109059929848,0.004228027836992017,0.038294474283854164,0.9968091969688734
32020.86134293303,1175,77048832,77004800,2820.2530625465756,2184.5227958000705,1164,100,5.2,4.995998486128917,10.0,0.0,3.1,4.62493252790444,10.0,0.0,-0.0037423899508818676,0.04030805982862754,2.5096753189961114,0.004316393398767104,0.0481719970703125,0.9965195562690498
32091.13713817671,1178,77201408,77201408,2171.1031439906806,2797.6631117195348,1164,100,5.2,4.995998486128917,10.0,0.0,3.1,4.62493252790444,10.0,0.0,-0.004422144406513932,0.031088053117855455,2.5096371074517565,0.0035716564034373732,0.040033976236979164,0.9974353512128195
32151.137180564925,1180,77348096,77332480,2444.798272822726,2184.5317900265895,1164,100,5.2,4.995998486128917,10.0,0.0,3.1,4.62493252790444,10.0,0.0,-0.0034588885464472696,0.04419128040899523,2.5509284983078637,0.0033863098506117235,0.03767395019531249,0.9945110244055588
32211.13828931749,1182,77499136,77463552,2517.28681586316,2184.4929656304034,1164,100,5.2,4.995998486128917,10.0,0.0,3.1,4.62493252790444,10.0,0.0,-0.004430236799332003,0.017366896941287756,2.531492623190085,0.003842591100086186,0.04557291666666667,0.9978563816597064
32281.88230708614,1185,77660160,77660160,2276.1500559182896,2779.146650151425,1164,100,5.2,4.995998486128917,10.0,0.0,3.1,4.62493252790444,10.0,0.0,-0.005132541516407703,0.02432943156842763,2.5247349962592125,0.003875161227673137,0.03966776529947917,0.9976159688085318
32341.88253242895,1187,77797888,77791232,2295.4580455838905,2184.52512888281,1174,100,5.4,4.983974416280832,10.0,0.0,3.3,4.702127265581772,10.0,0.0,-0.003854620073980186,0.024412934741121717,2.547301595409711,0.0037614582421762557,0.03966776529947917,0.9971700701862574
32401.882546637207,1189,77967872,77922304,2833.0659957844946,2184.532816026598,1174,100,5.4,4.983974416280832,10.0,0.0,3.3,4.702127265581772,10.0,0.0,-0.005459064416451535,0.012055836972043227,2.5001201902826624,0.00571052527387413,0.0504150390625,0.9989577407638232
32473.052002290264,1192,78118912,78118912,2122.25875010628,2762.5334238671576,1174,100,5.4,4.983974416280832,10.0,0.0,3.3,4.702127265581772,10.0,0.0,-0.0036190025881902934,0.03449552331585437,2.538609524567922,0.004559422412664086,0.040247599283854164,0.9962344026813905
32533.05390810594,1194,78259968,78249984,2350.8586616118496,2184.463946906111,1174,100,5.4,4.983974416280832,10.0,0.0,3.3,4.702127265581772,10.0,0.0,-0.005219662950063745,0.02092340102535673,2.5118017544349036,0.005080719680336188,0.045145670572916664,0.9979966481526693
32593.054468089715,1196,78423808,78381056,2730.6411814207167,2184.5129451365733,1185,100,6.1,4.877499458521317,10.0,0.0,3.0,4.582575755246575,10.0,0.0,-0.006567096973109679,0.016093032228430577,2.5279866630832357,0.00623571444642342,0.044830322265625,0.9977576918900013
32664.838690895587,1199,78577664,78577664,2143.312192932362,2738.8748155941003,1185,100,6.1,4.877499458521317,10.0,0.0,3.0,4.582575755246575,10.0,0.0,-0.006481657573507013,0.014434869980808193,2.489427862068017,0.005040710281415765,0.04802449544270833,0.9987720853338639
32724.838932497427,1201,78715904,78708736,2303.9907225267148,2184.524536914218,1185,100,6.1,4.877499458521317,10.0,0.0,3.0,4.582575755246575,10.0,0.0,-0.003366114498930983,0.049669827926360696,2.549235664308071,0.00327313782205844,0.0364837646484375,0.9946951599170764
32784.839292189106,1203,78883840,78839808,2798.9165542167316,2184.520237437449,1185,100,6.1,4.877499458521317,10.0,0.0,3.0,4.582575755246575,10.0,0.0,-0.002577895051217638,0.029205438545128953,2.4967132806777954,0.003781704083545871,0.043004353841145836,0.9973498396575451
32855.37295021303,1206,79036416,79036416,2163.1658455633933,2787.4351835447756,1194,100,5.4,4.983974406803124,10.0,0.0,3.2,4.664761621148702,10.0,0.0,-0.004556818719720468,0.028791120411672942,2.497292324900627,0.003583897155598,0.03623453776041667,0.9971658295641342
32915.37315178104,1208,79180032,79167488,2393.591958807303,2184.5259944908003,1194,100,5.4,4.983974406803124,10.0,0.0,3.2,4.664761621148702,10.0,0.0,-0.0038672549247470065,0.01343819428924083,2.5347902104258537,0.004023781899377354,0.03535461425781251,0.9985519380619128
32975.37347352505,1210,79346176,79298560,2769.0518179027436,2184.5216190542446,1194,100,5.4,4.983974406803124,10.0,0.0,3.2,4.664761621148702,10.0,0.0,-0.004385918834789966,0.03822283669433091,2.527453772723675,0.006573104748288945,0.045984903971354164,0.9964987120280663
33046.123705942184,1213,79495168,79495168,2105.887074993023,2778.9025319495563,1194,100,5.4,4.983974406803124,10.0,0.0,3.2,4.664761621148702,10.0,0.0,-0.0071033986896509305,0.009415387282691274,2.543904667099317,0.006398375968274195,0.049870808919270836,0.9989538695663215
33106.12391135283,1215,79630592,79626240,2257.0589396011455,2184.5258545856077,1205,100,5.8,4.935585180767846,10.0,0.0,3.5,4.769696100137676,10.0,0.0,-0.003676600875526977,0.032257330531137995,2.4878795444965363,0.005235482659675957,0.04344177246093751,0.9972800326844057
33166.12416854501,1217,79800832,79757312,2837.321171053065,2184.523969291984,1205,100,5.8,4.935585180767846,10.0,0.0,3.5,4.769696100137676,10.0,0.0,-0.005960213631624356,0.017740410728341278,2.527354694902897,0.0032381004718142017,0.037439982096354164,0.9981339070945978
33237.752710074186,1220,79953920,79953920,2137.2485985581325,2744.827631593053,1205,100,5.8,4.935585180767846,10.0,0.0,3.5,4.769696100137676,10.0,0.0,-0.004916414337155099,0.02191287859750446,2.4317791188756623,0.0037954257513774796,0.045099894205729164,0.998354654138287
33297.75327671692,1222,80088320,80084992,2239.9788455378102,2184.5127026959217,1205,100,5.8,4.935585180767846,10.0,0.0,3.5,4.769696100137676,10.0,0.0,-0.0032569417089689523,0.03542077509822169,2.4976513162255287,0.003846896239944423,0.03718566894531249,0.9967220655332009
33357.75373142585,1224,80252672,80216064,2739.1792411787947,2184.516778011749,1214,100,6.2,4.853864531244001,10.0,0.0,3.4,4.737087798158419,10.0,0.0,-0.006268666293181013,0.009346379367343616,2.536829208334287,0.0032958174609423927,0.036824544270833336,0.9989934470504522
33428.855653049424,1227,80412672,80412672,2250.2907987082385,2765.1573334526834,1214,100,6.2,4.853864531244001,10.0,0.0,3.4,4.737087798158419,10.0,0.0,-0.0026549072839164483,0.03478590014856309,2.5234691450993223,0.004835788487374278,0.043752034505208336,0.9967013839632273
33488.862088184804,1229,80551424,80543744,2312.285335513835,2184.299062330412,1214,100,6.2,4.853864531244001,10.0,0.0,3.4,4.737087798158419,10.0,0.0,-0.007415036989793104,0.007799835271725897,2.5217774833242097,0.005341878591934801,0.044245402018229164,0.9991815090179442
33548.862097101286,1231,80715520,80674816,2734.9329269003147,2184.533008694167,1214,100,6.2,4.853864531244001,10.0,0.0,3.4,4.737087798158419,10.0,0.0,-0.006971509891930813,0.01775662500343363,2.5142491509517035,0.005886390177693102,0.046686808268229164,0.9981270339339972
33619.27668994106,1234,80871424,80871424,2214.0865083853646,2792.1485031854845,1214,100,6.2,4.853864531244001,10.0,0.0,3.4,4.737087798158419,10.0,0.0,-0.007819803133315872,0.0043897716216937015,2.516396974523862,0.005538917623198358,0.048085530598958336,0.9995920235912005
33679.276828121394,1236,81015040,81002496,2393.5944875387145,2184.5283023526235,1223,100,5.4,4.983974398756616,10.0,0.0,3.3,4.702127272593603,10.0,0.0,-0.003160405918606557,0.03382396352147528,2.5049429163336754,0.0029695390524769514,0.03426615397135417,0.9971476228286822
33739.27709275298,1238,81174528,81133568,2658.121609617787,2184.5236984338794,1223,100,5.4,4.983974398756616,10.0,0.0,3.3,4.702127272593603,10.0,0.0,-0.003330160955859659,0.03449239608986924,2.5598103081186614,0.004957331856227635,0.048273722330729164,0.9957887213677168
33809.41284997016,1241,81330176,81330176,2219.238890057428,2803.2491242830665,1223,100,5.4,4.983974398756616,10.0,0.0,3.3,4.702127272593603,10.0,0.0,-0.006649486308257717,0.016486563664026715,2.5424562891324363,0.0019349661549010004,0.032384236653645836,0.9978646139303843
33869.41307336092,1243,81468672,81461248,2308.25807260799,2184.525199954327,1234,100,5.8,4.93558519701864,10.0,0.0,3.4,4.737087806624293,10.0,0.0,-0.007116334999106281,0.005479814426507801,2.54102960973978,0.004513666074975238,0.04647318522135417,0.9993404100338618
33929.413455998525,1245,81625344,81592320,2611.1833477176237,2184.51940201213,1234,100,5.8,4.93558519701864,10.0,0.0,3.4,4.737087806624293,10.0,0.0,-0.004057685837324243,0.0183551061199978,2.514391027390957,0.002191269217898177,0.03750101725260417,0.9980159246673187
34002.14207711257,1248,81788928,81788928,2249.2382984064106,2703.309879774841,1234,100,5.8,4.93558519701864,10.0,0.0,3.4,4.737087806624293,10.0,0.0,-1.0386041443174174e-06,0.038648777427927904,2.528747960925102,0.0053067624570151874,0.048248291015625,0.99549508964022
34062.142102994025,1250,81923328,81920000,2239.9990337594545,2184.532391018744,1234,100,5.8,4.93558519701864,10.0,0.0,3.4,4.737087806624293,10.0,0.0,-0.0028118294091351954,0.025147072854451835,2.4858733465274176,0.004121575260190487,0.04520670572916667,0.9973627713819345
34122.14221776463,1252,82087936,82051072,2743.4614188544997,2184.529154671079,1234,100,5.8,4.93558519701864,10.0,0.0,3.4,4.737087806624293,10.0,0.0,-0.003279122668269944,0.018713150714271855,2.4871173575520515,0.0044149131232795,0.0413818359375,0.9982953717311224
34193.06231470592,1255,82247680,82247680,2252.4503897990467,2772.246633598827,1243,100,5.6,4.963869539730207,10.0,0.0,3.4,4.737087825061833,10.0,0.0,-0.005150056473212317,0.03297587700459796,2.506637431681156,0.004964086871647547,0.038869222005208336,0.996249153589209
34253.06242459826,1257,82392832,82378752,2419.1955691490266,2184.5293322827188,1243,100,5.6,4.963869539730207,10.0,0.0,3.4,4.737087825061833,10.0,0.0,-0.0058443640882615,0.010673810621180262,2.4874837771058083,0.007032668161021624,0.05271402994791667,0.9990594523648421
34313.062730465084,1259,82562048,82509824,2820.2522896398873,2184.5221971189444,1243,100,5.6,4.963869539730207,10.0,0.0,3.4,4.737087825061833,10.0,0.0,-0.0039871281090502935,0.041321108015836217,2.4354189510146775,0.006559032806156513,0.04638671875,0.9969292475531498
34382.23951112479,1262,82706432,82706432,2087.174318074357,2842.1097097182737,1243,100,5.6,4.963869539730207,10.0,0.0,3.4,4.737087825061833,10.0,0.0,-0.0025073730454702554,0.08405070981825702,2.467534052828948,0.007397440656253214,0.058125813802083336,0.9938550951580206
34442.24354373664,1264,82848000,82837504,2359.308097103618,2184.3865202840007,1252,100,5.8,4.935585190338474,10.0,0.0,3.9,4.8774994682059205,10.0,0.0,-0.00632773088242781,0.018741224567444682,2.5014004558324814,0.0031911203653483726,0.04266866048177083,0.9985032379627228
34502.24432985298,1266,83014656,82968576,2777.5636085307215,2184.5047120856057,1252,100,5.8,4.935585190338474,10.0,0.0,3.9,4.8774994682059205,10.0,0.0,-0.0027620428397009773,0.028983059712724447,2.53072556356589,0.004772585118795784,0.040135701497395836,0.9967608296622833
34573.11317738518,1269,83165184,83165184,2124.03623371483,2774.2514073010025,1252,100,5.8,4.935585190338474,10.0,0.0,3.9,4.8774994682059205,10.0,0.0,-0.004129100394493435,0.019816741022320155,2.48832314213117,0.002659010760301802,0.025690714518229168,0.9983860719949007
34633.113564338535,1271,83298048,83296256,2214.3857189336545,2184.5192448825264,1262,100,5.3,4.9909919473502224,10.0,0.0,3.0,4.5825757846136606,10.0,0.0,-0.005049907854602982,0.024806951298766464,2.5323562994599342,0.002286182744380009,0.042689005533854164,0.9975086494038503
34693.11373481341,1273,83461632,83427328,2726.392253643826,2184.5271265502956,1262,100,5.3,4.9909919473502224,10.0,0.0,3.0,4.5825757846136606,10.0,0.0,-0.005339742652722634,0.02167978808574844,2.485489865144094,0.0036999820325339288,0.03653971354166667,0.9982875560720762
34764.432739872485,1276,83623936,83623936,2275.74683445952,2756.740644897336,1262,100,5.3,4.9909919473502224,10.0,0.0,3.0,4.5825757846136606,10.0,0.0,-0.005006555298071666,0.016800251418317202,2.546428437034289,0.004520007155103182,0.033452351888020836,0.9978272138784329
34824.433172164485,1278,83761408,83755008,2291.1834923284496,2184.517594175356,1262,100,5.3,4.9909919473502224,10.0,0.0,3.0,4.5825757846136606,10.0,0.0,-0.007458140986273065,0.007043613314939042,2.5337281922499337,0.003937352192224353,0.037485758463541664,0.9992196572323641
34884.43365487456,1280,83932416,83886080,2850.110403716395,2184.515758537117,1270,100,6.0,4.898979602178011,10.0,0.0,3.7,4.828043165451338,10.0,0.0,-0.005488843533385079,0.015527367310520884,2.530383224288623,0.004575454956163109,0.041529337565104164,0.9984379926075538
34954.03571533784,1283,84082688,84082688,2159.0165434725914,2824.743961476917,1270,100,6.0,4.898979602178011,10.0,0.0,3.7,4.828043165451338,10.0,0.0,-0.0037227688274773145,0.031089080369080573,2.485611798862616,0.005206899163871033,0.044377644856770836,0.9973945183058579
35014.035812754184,1285,84217856,84213760,2252.7963423470437,2184.5297865183456,1270,100,6.0,4.898979602178011,10.0,0.0,3.7,4.828043165451338,10.0,0.0,-0.0039798516130152475,0.02499461171585911,2.4731181015570955,0.0025375393955376544,0.040873209635416664,0.9979048992196718
35074.03600322455,1287,84391680,84344832,2897.057469939976,2184.5263985408947,1270,100,6.0,4.898979602178011,10.0,0.0,3.7,4.828043165451338,10.0,0.0,-0.005093324762128759,0.012526685300448056,2.5281256760160127,0.004920807654949992,0.038609822591145836,0.9986781304081281
35143.499694230035,1290,84541440,84541440,2155.946478400901,2830.3707613878496,1279,100,6.0,4.898979621462294,10.0,0.0,3.3,4.702127235444356,10.0,0.0,-0.006541193897040405,0.009438396659485686,2.5150113503138223,0.004874045402175398,0.049290974934895836,0.9988792936007181
35203.50000361353,1292,84683264,84672512,2363.721145061451,2184.522069082063,1279,100,6.0,4.898979621462294,10.0,0.0,3.3,4.702127235444356,10.0,0.0,-0.007454006561602,0.007798766986525152,2.509899236261845,0.0036502072392371092,0.043100992838541664,0.9992340604464213
35263.50051065907,1294,84852992,84803584,2828.7760946950893,2184.5148725247145,1279,100,6.0,4.898979621462294,10.0,0.0,3.3,4.702127235444356,10.0,0.0,-0.0035561662662075832,0.026271085769015674,2.5095666920145354,0.00407506092475766,0.04151407877604167,0.997355693951249
35332.593620920554,1297,85000192,85000192,2130.4584414121337,2845.5514487035107,1279,100,6.0,4.898979621462294,10.0,0.0,3.3,4.702127235444356,10.0,0.0,-0.004412443813635036,0.03579104125674348,2.4884563063581786,0.004720704562714673,0.04636128743489583,0.9970724067340294
35392.5936974287,1299,85145344,85131264,2419.1969151953454,2184.530547760171,1288,100,5.5,4.974937249129972,10.0,0.0,3.6,4.800000100820388,10.0,0.0,-0.0029859655260224827,0.03958497370573848,2.481189325451851,0.006501163818635784,0.05411275227864583,0.9968089486161867
35452.59402210452,1301,85315072,85262336,2828.7846927004866,2184.521512311688,1288,100,5.5,4.974937249129972,10.0,0.0,3.6,4.800000100820388,10.0,0.0,-0.003476215800522671,0.02973879412456881,2.548600015540918,0.003873131824245017,0.035847981770833336,0.9965182052304348
35520.89035348594,1304,85458944,85458944,2106.5846011039075,2878.7490634302503,1288,100,5.5,4.974937249129972,10.0,0.0,3.6,4.800000100820388,10.0,0.0,-0.00602575500185291,0.007226734851428773,2.5464067086577415,0.004417972844748874,0.039423624674479164,0.9991766531020404
35580.89056416601,1306,85603584,85590016,2410.658202039453,2184.5256627330973,1288,100,5.5,4.974937249129972,10.0,0.0,3.6,4.800000100820388,10.0,0.0,-0.004438245867883476,0.017150249324913602,2.50794360289971,0.004424252539441416,0.0448150634765625,0.9982862547039986
35640.89095520787,1308,85769216,85721088,2760.515342049102,2184.5190960264918,1298,100,6.0,4.898979576163648,10.0,0.0,3.9,4.877499466743478,10.0,0.0,-0.0064218507856518645,0.0069708310766145596,2.503803158799807,0.004909597812608505,0.044728597005208336,0.999358868226409
35708.678336665034,1311,85917696,85917696,2190.378161956663,2900.362807556409,1298,100,6.0,4.898979576163648,10.0,0.0,3.9,4.877499466743478,10.0,0.0,-0.006251787405441671,0.022439749964784518,2.517369819184144,0.0031994543235972133,0.043950398763020836,0.9977675850192707
35768.67850233242,1313,86053888,86048768,2269.8603993027273,2184.5273015845796,1298,100,6.0,4.898979576163648,10.0,0.0,3.9,4.877499466743478,10.0,0.0,-0.0029354672757714675,0.053707729433275134,2.4993163570761685,0.004871630772565065,0.045781453450520836,0.9958953578025103
35828.67879831977,1315,86222592,86179840,2811.71946277666,2184.522556815857,1298,100,6.0,4.898979576163648,10.0,0.0,3.9,4.877499466743478,10.0,0.0,-0.007986415478323275,0.007346277826097017,2.4650558183590574,0.0056244904759902665,0.04677836100260417,0.9994283790389697
35899.45537732355,1318,86376448,86376448,2173.8264573621254,2777.8680852813845,1307,100,5.8,4.935585179322614,10.0,0.0,3.8,4.8538645395062,10.0,0.0,-0.006900193800296013,0.008958379842321545,2.532863008479277,0.00526563881309509,0.0380706787109375,0.9991742701580127
35959.4556766022,1320,86514688,86507520,2303.9885077572894,2184.522436984689,1307,100,5.8,4.935585179322614,10.0,0.0,3.8,4.8538645395062,10.0,0.0,-0.005079869488933279,0.03266855914504655,2.5321665058533354,0.00536708693895586,0.036417643229166664,0.9971941864738861
36019.45574590936,1322,86686976,86638592,2871.4633497836758,2184.5308099394383,1307,100,5.8,4.935585179322614,10.0,0.0,3.8,4.8538645395062,10.0,0.0,-0.004303409186832141,0.022670901904348284,2.5441840117176375,0.005793258892178225,0.045633951822916664,0.9974732864648104
36089.01774733327,1325,86835200,86835200,2130.818506740831,2826.3706617909465,1307,100,5.8,4.935585179322614,10.0,0.0,3.8,4.8538645395062,10.0,0.0,-0.00529456683822597,0.022744606622533563,2.5492811699708304,0.0023019586690982883,0.030125935872395832,0.997785996645689
36149.01904267259,1327,86972928,86966272,2295.4171109328217,2184.486172486254,1316,100,6.4,4.800000110661356,10.0,0.0,3.7,4.828043191847919,10.0,0.0,-0.005616555714368587,0.02097379280409465,2.5251709471146264,0.004883623677111851,0.04040527343750001,0.9982711157451074
36209.01937886886,1329,87132416,87097344,2658.1184391747674,2184.521092869151,1316,100,6.4,4.800000110661356,10.0,0.0,3.7,4.828043191847919,10.0,0.0,-0.0037833234964637086,0.03570589747202273,2.5479089692234993,0.007692882968816169,0.043614705403645836,0.9966779698928198
36281.03636216186,1332,87293952,87293952,2243.026472558566,2730.022711450046,1316,100,6.4,4.800000110661356,10.0,0.0,3.7,4.828043191847919,10.0,0.0,-0.007202051827334799,0.008073523519366669,2.5225708211461706,0.005539817469374005,0.055552164713541664,0.999298163379232
36341.04073659144,1334,87437056,87425024,2384.892790907031,2184.3740768236134,1325,100,6.2,4.8538645424453275,10.0,0.0,3.8,4.853864478731687,10.0,0.0,-0.005726502012597242,0.015624297962252362,2.5543366074562073,0.006044489937266917,0.041178385416666664,0.9984666046996911
36401.04090159759,1336,87602176,87556096,2751.9924317389246,2184.5273256594255,1325,100,6.2,4.8538645424453275,10.0,0.0,3.8,4.853864478731687,10.0,0.0,-0.0034519039775962783,0.04435012694739271,2.529688191910585,0.004015668305025125,0.038523356119791664,0.9964014378686745
36469.659821236506,1339,87752704,87752704,2193.680704856636,2865.215614506627,1325,100,6.2,4.8538645424453275,10.0,0.0,3.8,4.853864478731687,10.0,0.0,-0.0034389735786438296,0.03537914237676887,2.532910813887914,0.006093969715948333,0.038309733072916664,0.9971145894378424
36529.66018307954,1341,87894528,87883776,2363.719078411928,2184.5201591099403,1325,100,6.2,4.8538645424453275,10.0,0.0,3.8,4.853864478731687,10.0,0.0,-0.002442206083893931,0.04252043658440623,2.5221884946028394,0.004604525138953856,0.04115804036458333,0.9964859491835037
36589.66057355888,1343,88063488,88014848,2815.98167362219,2184.519116506911,1334,100,6.2,4.85386451618917,10.0,0.0,3.4,4.737087798158419,10.0,0.0,-0.0031357769451763793,0.040250819462623134,2.516445194681485,0.00498397526947277,0.04564921061197917,0.9969885274767876
36658.50248820521,1346,88211456,88211456,2149.3882144356317,2855.9345132985554,1334,100,6.2,4.85386451618917,10.0,0.0,3.4,4.737087798158419,10.0,0.0,-0.00472335113590816,0.01859167069051182,2.51104769607385,0.0048461367011138155,0.04175821940104167,0.9982794634997844
36718.50260194205,1348,88356352,88342528,2414.9287555606516,2184.5291923092823,1334,100,6.2,4.85386451618917,10.0,0.0,3.4,4.737087798158419,10.0,0.0,-0.007831358295031047,0.010187414765823632,2.5434575577576957,0.003968114865225895,0.04419453938802083,0.9989090965439875
36778.50296078622,1350,88525568,88473600,2820.249799496413,2184.520268293742,1334,100,6.2,4.85386451618917,10.0,0.0,3.4,4.737087798158419,10.0,0.0,-0.0025000400734522072,0.03408118512500854,2.494353423515956,0.004760771079115026,0.047607421875,0.9971996253977219
36846.63816350885,1353,88670208,88670208,2122.8380370250666,2885.5568361685864,1343,100,6.2,4.853864514719606,10.0,0.0,3.9,4.877499494334849,10.0,0.0,-0.004217244658017686,0.022588922700379044,2.5182051757971444,0.004415246599819511,0.047465006510416664,0.9981159822394451
36906.639656757936,1355,88812288,88801280,2367.9410679026446,2184.4789671462236,1343,100,6.2,4.853864514719606,10.0,0.0,3.9,4.877499494334849,10.0,0.0,-0.007650537156829765,0.02024374468358777,2.5249111826221147,0.004691479861018403,0.04529825846354167,0.9981212510416905
36966.64384456165,1357,88971264,88932352,2649.4150794947714,2184.380870694562,1343,100,6.2,4.853864514719606,10.0,0.0,3.9,4.877499494334849,10.0,0.0,-0.004585919205662019,0.01578729837638093,2.5230173021554947,0.0046237408654026995,0.045237223307291664,0.9984878655523061
37038.12120138481,1360,89128960,89128960,2206.237149901167,2750.6333297469096,1343,100,6.2,4.853864514719606,10.0,0.0,3.9,4.877499494334849,10.0,0.0,-0.004508975616772659,0.02647886944275039,2.5178283428152404,0.0022090396608594647,0.033442179361979164,0.9971435125917196
37098.121686920524,1362,89265664,89260032,2278.381562739798,2184.5156556606303,1351,100,6.0,4.898979577619678,10.0,0.0,3.7,4.828043191847919,10.0,0.0,-0.004423902716856295,0.009718373238380687,2.5138345460097,0.006010232356250829,0.05078125,0.9989852172633011
37158.12361798063,1364,89433088,89391104,2790.310195721648,2184.463027843248,1351,100,6.0,4.898979577619678,10.0,0.0,3.7,4.828043191847919,10.0,0.0,-0.0037533474193575476,0.020495102997908056,2.4749302044510837,0.003428950717231298,0.045511881510416664,0.9980937236299118
37228.08052781969,1367,89587712,89587712,2210.274872856921,2810.415732374363,1351,100,6.0,4.898979577619678,10.0,0.0,3.7,4.828043191847919,10.0,0.0,-0.004592708896476931,0.025068812261451967,2.461087219417095,0.0036878916877564434,0.0424346923828125,0.9979491805036862
37288.08057484403,1369,89724928,89718784,2286.9315409759156,2184.5316212307257,1360,100,6.3,4.828043203109152,10.0,0.0,3.9,4.8774994682059205,10.0,0.0,-0.003207923999677102,0.021749449037694525,2.491695205370585,0.00588666740016682,0.0431060791015625,0.9975537359714507
37348.080728588626,1371,89891072,89849856,2769.0595712010418,2184.5277356778633,1360,100,6.3,4.828043203109152,10.0,0.0,3.9,4.8774994682059205,10.0,0.0,-0.0029987928307188363,0.021957424251013435,2.497472537060579,0.003533464569045464,0.0368804931640625,0.9978485405445099
37420.08751018159,1374,90046464,90046464,2158.018961024935,2730.409492697117,1360,100,6.3,4.828043203109152,10.0,0.0,3.9,4.8774994682059205,10.0,0.0,-0.00287340025533922,0.03467159190525611,2.4091471508145332,0.006029862402404736,0.050425211588541664,0.9973580775161583
37480.08787446469,1376,90183424,90177536,2282.652807802658,2184.520070270955,1360,100,6.3,4.828043203109152,10.0,0.0,3.9,4.8774994682059205,10.0,0.0,-0.006127672245687184,0.017179348011268303,2.523257255554199,0.0036504894821215803,0.04022216796875,0.9982032626867294
37540.088003922254,1378,90346240,90308608,2713.5941450785763,2184.52861993747,1368,100,6.7,4.702127264064784,10.0,0.0,4.0,4.898979602178011,10.0,0.0,-0.0013771048300744344,0.04271265881834552,2.491761436065038,0.005893075960557325,0.0455322265625,0.9962542410939931
37612.15233744308,1381,90505216,90505216,2206.028866610542,2728.228936484535,1368,100,6.7,4.702127264064784,10.0,0.0,4.0,4.898979602178011,10.0,0.0,-0.006891974134002036,0.008420253335013209,2.4633718182643256,0.0035355623319143583,0.04842631022135417,0.9992354537049929
37672.15247629769,1383,90641152,90636288,2265.594756862138,2184.528277803041,1368,100,6.7,4.702127264064784,10.0,0.0,4.0,4.898979602178011,10.0,0.0,-0.0034405109278547266,0.021797983291132066,2.4698914885520935,0.004168592528003501,0.046208699544270836,0.9981576123585304
37732.15383485332,1385,90810624,90767360,2824.469380020374,2184.4838709523133,1376,100,6.5,4.769696129848157,10.0,0.0,3.7,4.82804318206411,10.0,0.0,-0.007344949296869649,0.008560103116906248,2.480268863340219,0.003233923267544015,0.04654947916666667,0.9990758734444778
37802.236527290195,1388,90963968,90963968,2188.043790385517,2805.371671145371,1376,100,6.5,4.769696129848157,10.0,0.0,3.7,4.82804318206411,10.0,0.0,-0.004052401665830985,0.014583509228638528,2.5163511211673417,0.0036210339112585643,0.054051717122395836,0.9976047991464535
37862.236709509045,1390,91097600,91095040,2227.1932360568426,2184.526698967631,1376,100,6.5,4.769696129848157,10.0,0.0,3.7,4.82804318206411,10.0,0.0,-0.0009296270121315803,0.05462829868580835,2.4991123427947364,0.005746675180489547,0.044932047526041664,0.994223814457655
37922.23727252707,1392,91257856,91226112,2670.908270508389,2184.512834665008,1376,100,6.5,4.769696129848157,10.0,0.0,3.7,4.82804318206411,10.0,0.0,-0.003345893133276453,0.03524947247448533,2.528700575232506,0.004344183447149892,0.038487752278645836,0.9955674149096013
37982.237601337954,1394,91420672,91357184,2713.5851290611786,2184.5213617599425,1385,100,6.9,4.62493252790444,10.0,0.0,3.7,4.82804318206411,10.0,0.0,-0.003955773439277739,0.05136083881370723,2.35716534157594,0.007003032790332024,0.0645294189453125,0.9961273198326429
38048.724380113184,1397,91553792,91553792,2002.2025800051913,2957.09919508459,1385,100,6.9,4.62493252790444,10.0,0.0,3.7,4.82804318206411,10.0,0.0,-0.0014975382825165677,0.06431965157389641,2.403714577356974,0.01013327824875887,0.0558929443359375,0.9946400467306376
38108.725112237036,1399,91687936,91684864,2235.7060531045495,2184.506677842613,1385,100,6.9,4.62493252790444,10.0,0.0,3.7,4.82804318206411,10.0,0.0,-0.005601458959669495,0.013471071113599466,2.4523075371980667,0.0027962563229569546,0.045644124348958336,0.9987622282157342
38168.72554683313,1401,91850240,91815936,2705.047073285243,2184.5175102871367,1385,100,6.9,4.62493252790444,10.0,0.0,3.7,4.82804318206411,10.0,0.0,2.936228944842393e-05,0.060591547783891045,2.4109874119361243,0.003385485929053781,0.048090616861979164,0.9949969667941332
38240.881816463545,1404,92012544,92012544,2249.340228247904,2724.752831694622,1394,100,6.7,4.702127265581772,10.0,0.0,3.8,4.853864529774438,10.0,0.0,-0.0043975213532879325,0.033478570219206936,2.460032934943835,0.007441617936516801,0.06071472167968749,0.9966790998975436
38300.88229854591,1406,92158208,92143616,2427.713827366197,2184.5157813910246,1394,100,6.7,4.702127265581772,10.0,0.0,3.8,4.853864529774438,10.0,0.0,-0.0001362370991652522,0.05194960468118855,2.4269303331772485,0.007684662286313444,0.049346923828125,0.9959123898297548
38360.88231258467,1408,92321280,92274688,2717.866030742344,2184.5328221979275,1394,100,6.7,4.702127265581772,10.0,0.0,3.8,4.853864529774438,10.0,0.0,-0.001640637514356058,0.04436166537925601,2.4700722619891167,0.0038637599403349068,0.0342559814453125,0.9962307742486397
38431.43172793649,1411,92471296,92471296,2126.3960764505987,2786.812605314095,1401,100,6.8,4.66476157357561,10.0,0.0,3.7,4.828043145883719,10.0,0.0,-0.004679411484782274,0.042227906718229256,2.4751603826880455,0.003803753063645369,0.0487518310546875,0.9957551397383213
38491.43198801018,1413,92612608,92602368,2355.1897912849427,2184.5238643802363,1401,100,6.8,4.66476157357561,10.0,0.0,3.7,4.828043145883719,10.0,0.0,-0.004383321393106598,0.022359415141788,2.5056429182489715,0.005341131180102821,0.04492696126302083,0.9977498402198155
38551.432180278,1415,92771584,92733440,2649.591509480266,2184.5263330980615,1401,100,6.8,4.66476157357561,10.0,0.0,3.7,4.828043145883719,10.0,0.0,-0.0025470265803354173,0.04288583636904757,2.5126575181881585,0.004817577525803547,0.042266845703125,0.9955063331872225
38622.59722005762,1418,92930048,92930048,2226.7113246999684,2762.7048422771823,1401,100,6.8,4.66476157357561,10.0,0.0,3.7,4.828043145883719,10.0,0.0,-0.006101258215494454,0.009353474105106823,2.5083334346612296,0.005811343589205839,0.050740559895833336,0.9990922094633181
38682.59749931283,1420,93072128,93061120,2367.9889787789543,2184.523166008693,1410,100,6.3,4.828043173757724,10.0,0.0,3.6,4.800000072783535,10.0,0.0,-0.007246421252299721,0.012664997460281786,2.4688331062595053,0.004916571281986156,0.053349812825520836,0.9988498718788227
38742.59785042517,1422,93234432,93192192,2705.050837054697,2184.520549798115,1410,100,6.3,4.828043173757724,10.0,0.0,3.6,4.800000072783535,10.0,0.0,-0.006358327513832288,0.014728951022940842,2.4794505834579468,0.003601502295471922,0.040033976236979164,0.9985213459779818
38813.66352074593,1425,93388800,93388800,2172.188052307674,2766.5678676157436,1410,100,6.3,4.828043173757724,10.0,0.0,3.6,4.800000072783535,10.0,0.0,-0.005826728125005805,0.009655311919535356,2.4098103642463684,0.004466409396627569,0.0468902587890625,0.9992484394460917
38873.66357153095,1427,93531648,93519872,2380.797984852112,2184.531484308748,1410,100,6.3,4.828043173757724,10.0,0.0,3.6,4.800000072783535,10.0,0.0,-0.000559953034098726,0.03339367671772682,2.4063405940930047,0.006967842078059523,0.0501556396484375,0.9976824677238861
38933.663818676025,1429,93701888,93650944,2837.321646165642,2184.5243350929454,1419,100,6.8,4.664761629745838,10.0,0.0,4.2,4.9355851697519855,10.0,0.0,-0.006196313709854925,0.011848945100306688,2.474665018419425,0.004887671676139386,0.050562540690104164,0.9989159821222227
39002.787040805444,1432,93847552,93847552,2107.3091721226942,2844.3118527069055,1419,100,6.8,4.664761629745838,10.0,0.0,4.2,4.9355851697519855,10.0,0.0,-0.004567380145696613,0.010323419548512902,2.5049761533737183,0.005841337233505329,0.044184366861979164,0.9989364321033161
39062.78733784519,1434,93990912,93978624,2389.32150460907,2184.522518499721,1419,100,6.8,4.664761629745838,10.0,0.0,4.2,4.9355851697519855,10.0,0.0,-0.003068058477462425,0.03638686683552806,2.483309162159761,0.004965613256596649,0.0444793701171875,0.9965184889733792
39122.78738354519,1436,94159872,94109696,2815.9978551483596,2184.5316694484245,1419,100,6.8,4.664761629745838,10.0,0.0,4.2,4.9355851697519855,10.0,0.0,-0.00234608851314988,0.0481545080547221,2.5175371319055557,0.005255372899531115,0.04474385579427083,0.9947149107853571
39191.34712268226,1439,94306304,94306304,2135.8307636971185,2867.688857551376,1428,100,6.4,4.800000084110558,10.0,0.0,3.8,4.853864529774438,10.0,0.0,-0.0032173853639202816,0.04833905845832002,2.4897201533118887,0.006929770670467406,0.0451507568359375,0.99595299984018
39251.35237131268,1441,94441216,94437376,2248.336655197309,2184.3422532467216,1428,100,6.4,4.800000084110558,10.0,0.0,3.8,4.853864529774438,10.0,0.0,-0.005458091009738078,0.020831495601062972,2.4790783946712813,0.003900144911312964,0.037913004557291664,0.9983299070348343
39311.35244009271,1443,94610688,94568448,2824.5300954786967,2184.53082913156,1428,100,6.4,4.800000084110558,10.0,0.0,3.8,4.853864529774438,10.0,0.0,-0.0020841234096830403,0.04088810734053065,2.456534301241239,0.003495209692118806,0.03433736165364583,0.9970856414486965
39380.651127750054,1446,94765056,94765056,2227.5746513887493,2837.110003758805,1428,100,6.4,4.800000084110558,10.0,0.0,3.8,4.853864529774438,10.0,0.0,-0.0052496531037225696,0.04294106814874492,2.4808895165721574,0.005717867445734252,0.044504801432291664,0.9962032909194629
39440.65172980167,1448,94904832,94896128,2329.5766245771542,2184.511413522899,1437,100,6.4,4.800000075755645,10.0,0.0,4.0,4.8989795583353954,10.0,0.0,-0.006396527462735928,0.03126722639717627,2.419892432789008,0.003519985326420283,0.046437581380208336,0.9977476789305608
39500.65209263377,1450,95080192,95027200,2922.6489928188453,2184.520123099633,1437,100,6.4,4.800000075755645,10.0,0.0,4.0,4.8989795583353954,10.0,0.0,-0.005904801609479668,0.01900664609032295,2.479111634194851,0.004522188375631231,0.053517659505208336,0.9982733956227701
39568.71696181595,1453,95223808,95223808,2109.9871596842913,2888.53857154641,1437,100,6.4,4.800000075755645,10.0,0.0,4.0,4.8989795583353954,10.0,0.0,-0.00020489680173341196,0.034550304155951984,2.4939402540524798,0.005137282842648953,0.039377848307291664,0.99654377438128
39628.717205116525,1455,95365632,95354880,2363.723748410998,2184.52447506576,1437,100,6.4,4.800000075755645,10.0,0.0,4.0,4.8989795583353954,10.0,0.0,-0.006289692241504478,0.010583496458518008,2.473028520743052,0.003693344959174283,0.037378946940104164,0.9989160603533189
39688.717529952526,1457,95532288,95485952,2777.584962340149,2184.521506479503,1447,100,6.8,4.664761619619564,10.0,0.0,4.4,4.963869512618919,10.0,0.0,-0.005977803930970064,0.01746067155909259,2.4962571983536086,0.005940628601820208,0.048309326171875,0.9982903624574344
39759.38748862967,1460,95682560,95682560,2126.3915079747067,2782.0590768732104,1447,100,6.8,4.664761619619564,10.0,0.0,4.4,4.963869512618919,10.0,0.0,-0.0012302074076918268,0.023674612978841953,2.482291877269745,0.006949704335662925,0.050287882486979164,0.9974708861360947
39819.38769764081,1462,95825152,95813632,2376.525054663251,2184.525723496561,1447,100,6.8,4.664761619619564,10.0,0.0,4.4,4.963869512618919,10.0,0.0,-0.004369130091314825,0.016365961149858776,2.4934369226296744,0.007481506439944496,0.049016316731770836,0.998860826715827
39879.38775376789,1464,95981312,95944704,2602.664232000668,2184.531289810397,1455,100,6.9,4.624932510562094,10.0,0.0,4.1,4.918333115271972,10.0,0.0,-0.006866018285412187,0.004225523492398982,2.531937698523204,0.006518673353032986,0.046091715494791664,0.9996100639303525
39950.22725865245,1467,96141312,96141312,2258.6267402735953,2775.400538448194,1455,100,6.9,4.624932510562094,10.0,0.0,4.1,4.918333115271972,10.0,0.0,0.0005550887241649131,0.03697416797998206,2.464982882142067,0.007242314610872805,0.051813761393229164,0.9972557866324981
40010.227415475994,1469,96281088,96272384,2329.5939110803806,2184.5276235772067,1455,100,6.9,4.624932510562094,10.0,0.0,4.1,4.918333115271972,10.0,0.0,-0.0036512210669267615,0.03501004660696102,2.490428817768892,0.003293234409284196,0.04041544596354167,0.9970983707656462
40070.23072329722,1471,96448512,96403456,2790.2461727412565,2184.412905876947,1455,100,6.9,4.624932510562094,10.0,0.0,4.1,4.918333115271972,10.0,0.0,-0.0033766604610718787,0.03854147743550129,2.4779214958349867,0.003632133132972134,0.041259765625,0.9967296104878187
40140.12635795958,1474,96600064,96600064,2168.261304616402,2812.87953031317,1463,100,6.0,4.898979577619678,10.0,0.0,3.9,4.877499450299155,10.0,0.0,-0.0055557918846413186,0.022409334196709096,2.4626510093609495,0.002563392153509388,0.039357503255208336,0.998253176609675
40200.12663677707,1476,96741632,96731136,2359.4557023747316,2184.523181945502,1463,100,6.0,4.898979577619678,10.0,0.0,3.9,4.877499450299155,10.0,0.0,-0.002972074699452302,0.03349570636783028,2.4180103465914726,0.010067349377398688,0.048650105794270836,0.9973227654894192
40260.127103772014,1478,96910336,96862208,2811.7114490829513,2184.516330698742,1463,100,6.0,4.898979577619678,10.0,0.0,3.9,4.877499450299155,10.0,0.0,-0.0034437019785400484,0.012018771696602926,2.4560976897676783,0.008659629433168448,0.0598907470703125,0.9989126181850831
40330.12956116907,1481,97058816,97058816,2121.0683956109074,2808.587116946857,1463,100,6.0,4.898979577619678,10.0,0.0,3.9,4.877499450299155,10.0,0.0,-0.0048690752252393095,0.027506883003904175,2.5226521342992783,0.004407428028571303,0.035593668619791664,0.9965913544098537
40390.13003232889,1483,97201408,97189888,2376.514671363087,2184.516179062658,1472,100,6.6,4.737087779720881,10.0,0.0,3.8,4.853864549237962,10.0,0.0,-0.003585754372276521,0.017728640685769882,2.4940974439183874,0.003911288326586751,0.040959676106770836,0.998311959207058
40450.13010271825,1485,97371648,97320960,2837.3300047026055,2184.530770537946,1472,100,6.6,4.737087779720881,10.0,0.0,3.8,4.853864549237962,10.0,0.0,-0.00517877443053294,0.020487240256140165,2.402916319668293,0.004970662361301948,0.0522308349609375,0.9984395845482748
40520.32765123807,1488,97517568,97517568,2078.7050698615226,2800.7815678134198,1472,100,6.6,4.737087779720881,10.0,0.0,3.8,4.853864549237962,10.0,0.0,-0.005188753246329725,0.029617875707723822,2.4940268024802212,0.004905631101185767,0.0416717529296875,0.9972780489673218
40580.32809233479,1490,97660928,97648640,2389.315768010739,2184.5172736098184,1481,100,6.6,4.737087809635876,10.0,0.0,3.9,4.877499476428083,10.0,0.0,-0.0051223263338518645,0.017554127819797333,2.427388673027356,0.0059423765457419595,0.052174886067708336,0.9985865093767644
40640.328340345994,1492,97828352,97779712,2790.388465873393,2184.5243035583753,1481,100,6.6,4.737087809635876,10.0,0.0,3.9,4.877499476428083,10.0,0.0,-0.0063752759439618485,0.006487410947253617,2.4858895167708397,0.006215914069495435,0.043162027994791664,0.9993737066785494
40709.51713336818,1495,97976320,97976320,2138.6122453755434,2841.6162706720024,1481,100,6.6,4.737087809635876,10.0,0.0,3.9,4.877499476428083,10.0,0.0,-0.007175104277848733,0.03467438592633698,2.430617002149423,0.004105706815607846,0.054463704427083336,0.9970888166377943
40769.5187003091,1497,98120960,98107392,2410.603712106751,2184.4762842454097,1481,100,6.6,4.737087809635876,10.0,0.0,3.9,4.877499476428083,10.0,0.0,-0.006266924329490091,0.012755662656369774,2.4930597047011056,0.004630273056439668,0.044865926106770836,0.9988771906743448
40829.52143234573,1499,98286336,98238464,2756.1411686892525,2184.4338674441133,1489,100,6.6,4.737087828073415,10.0,0.0,3.7,4.82804318206411,10.0,0.0,-0.0012397172540659085,0.03535144223133102,2.4451041892170906,0.005354241273380467,0.0465240478515625,0.9970064194252094
40900.950216181576,1502,98435072,98435072,2082.2978078672504,2752.503814874438,1489,100,6.6,4.737087828073415,10.0,0.0,3.7,4.82804318206411,10.0,0.0,-0.0005099395105692869,0.028311143653506104,2.499546612302462,0.0063189922408734365,0.04469299316406249,0.9970556342353424
40960.953146981075,1504,98569728,98566144,2244.1570470941724,2184.426631392046,1489,100,6.6,4.737087828073415,10.0,0.0,3.7,4.82804318206411,10.0,0.0,-0.0064521721966836285,0.005315538539434783,2.4434001818299294,0.006281675610201395,0.0554351806640625,0.9995593888064225
41020.953607982025,1506,98728192,98697216,2641.046374585243,2184.516548929959,1498,100,6.9,4.624932519233266,10.0,0.0,3.9,4.877499494334849,10.0,0.0,-0.004663624679475713,0.019410805078223348,2.496457390487194,0.004452247941420258,0.04053751627604167,0.9978842859466871
41080.953687990084,1508,98892800,98828288,2743.463008347462,2184.5304203326605,1498,100,6.9,4.624932519233266,10.0,0.0,3.9,4.877499494334849,10.0,0.0,-0.005869860239423967,0.011286488882130167,2.4448665380477905,0.004494960843051862,0.04465738932291667,0.9990788921713829
41148.22930662148,1511,99024896,99024896,1963.504798428717,2922.425746498556,1498,100,6.9,4.624932519233266,10.0,0.0,3.9,4.877499494334849,10.0,0.0,-0.004247214894955202,0.0360252163397187,2.471367711822192,0.004762778696507061,0.043248494466145836,0.9968120940029622
41208.22966396995,1513,99166208,99155968,2355.1859729648595,2184.5203227500147,1498,100,6.9,4.624932519233266,10.0,0.0,3.9,4.877499494334849,10.0,0.0,-0.0020951443220837973,0.06248162173142191,2.51780362178882,0.0055517223772767466,0.051605224609375,0.9934470330675443
41268.22966661677,1515,99328256,99287040,2700.7998808578704,2184.5332369656076,1505,100,6.7,4.702127264064784,10.0,0.0,3.9,4.877499484650245,10.0,0.0,-0.0043159371125511825,0.0292017463313338,2.4229700689514475,0.0032353320590724857,0.039408365885416664,0.9974952501555284
41338.06958622113,1518,99483648,99483648,2224.9739243728563,2815.1235155162335,1505,100,6.7,4.702127264064784,10.0,0.0,3.9,4.877499484650245,10.0,0.0,-0.004006997049145866,0.023385383290587924,2.3843397349119186,0.004031535415075875,0.038675944010416664,0.9982801247388123
41398.06967603415,1520,99624448,99614720,2346.6631539847713,2184.5300633458237,1505,100,6.7,4.702127264064784,10.0,0.0,3.9,4.877499484650245,10.0,0.0,-0.0043254681828936254,0.03082953745130605,2.4150439749161405,0.0025566367124459552,0.0340118408203125,0.997564380367597
41458.070698749274,1522,99794944,99745792,2841.5515650374314,2184.496098046794,1514,100,6.3,4.8280431933253425,10.0,0.0,3.7,4.8280431639739145,10.0,0.0,-0.006711804941005539,0.00825920305942418,2.468334600329399,0.002389390592725249,0.036834716796875,0.9991305458048979
41526.49699687958,1525,99942400,99942400,2154.960943805564,2873.281258407419,1514,100,6.3,4.8280431933253425,10.0,0.0,3.7,4.8280431639739145,10.0,0.0,-0.0033133666244490687,0.017445494799176234,2.4679297283291817,0.005255072615909739,0.043782552083333336,0.9977978877723217
41586.49741412699,1527,100085760,100073472,2389.316717729615,2184.5181419242194,1514,100,6.3,4.8280431933253425,10.0,0.0,3.7,4.8280431639739145,10.0,0.0,-0.002101396967191249,0.015061863770824857,2.419823445379734,0.00674469488634107,0.046564737955729164,0.9985661841928959
41646.49750687368,1529,100251392,100204544,2760.529066167778,2184.529956534625,1514,100,6.3,4.8280431933253425,10.0,0.0,3.7,4.8280431639739145,10.0,0.0,0.0011217375601214978,0.07555549891549163,2.3908108522494635,0.020007033333361807,0.076751708984375,0.994141316662232
41716.00712339766,1532,100401152,100401152,2154.5220285934424,2828.5007144611345,1521,100,6.9,4.624932539660225,10.0,0.0,3.9,4.877499458521316,10.0,0.0,-0.0036812665493926033,0.021460678147074457,2.4534224842985473,0.008716714502952527,0.055577596028645836,0.9979216133554777
41776.007366782054,1534,100537600,100532224,2274.124108561477,2184.5244720140267,1521,100,6.9,4.624932539660225,10.0,0.0,3.9,4.877499458521316,10.0,0.0,-0.0018142029924395804,0.02961401513312012,2.408330795665582,0.005188370114410645,0.051961263020833336,0.9976065369943777
41836.011924540624,1536,100706560,100663296,2815.7861054457903,2184.3674030124916,1521,100,6.9,4.624932539660225,10.0,0.0,3.9,4.877499458521316,10.0,0.0,-0.003273637235300461,0.01789232735366871,2.4190181121230125,0.006542167298903223,0.05025227864583333,0.9982724046955507
41905.34577171691,1539,100859904,100859904,2211.6759165277213,2835.6712919754427,1529,100,6.3,4.828043191847919,10.0,0.0,4.1,4.918333149337866,10.0,0.0,-0.003332525569324692,0.041505179836046104,2.4396939774354296,0.004550470038642137,0.039377848307291664,0.9962180194755396
41965.345832126215,1541,101005568,100990976,2427.730889040971,2184.531133899784,1529,100,6.3,4.828043191847919,10.0,0.0,4.1,4.918333149337866,10.0,0.0,-0.004916086178127443,0.01631819083801626,2.473229594528675,0.007033200882991272,0.038564046223958336,0.9983428747703631
42025.34681695327,1543,101172224,101122048,2777.554409821104,2184.497477462988,1529,100,6.3,4.828043191847919,10.0,0.0,4.1,4.918333149337866,10.0,0.0,-0.003561015463977431,0.03025676735220865,2.42868085950613,0.005234020714851795,0.039703369140625,0.9973116548111041
42093.822626391426,1546,101318656,101318656,2138.4486171317812,2871.2037376874264,1537,100,6.6,4.737087826567625,10.0,0.0,3.8,4.85386455750016,10.0,0.0,-0.0036228425354541587,0.027985976827039852,2.439151667058468,0.006376427997868935,0.04253641764322917,0.9977222320934137
42153.82269639708,1548,101464320,101449728,2427.7305007522573,2184.530784508182,1537,100,6.6,4.737087826567625,10.0,0.0,3.8,4.85386455750016,10.0,0.0,-0.0029343547309205555,0.04771545577386859,2.4613538657625518,0.0029670185625339704,0.030710856119791668,0.9955317551891009
42213.82293492928,1550,101627136,101580800,2713.589212026569,2184.524648675477,1537,100,6.6,4.737087826567625,10.0,0.0,3.8,4.85386455750016,10.0,0.0,-0.0026697093805220598,0.09834218559747873,2.44073029110829,0.00441559691898874,0.042226155598958336,0.9916663318872452
42284.064174197614,1553,101777408,101777408,2139.369999238439,2799.03945385881,1537,100,6.6,4.737087826567625,10.0,0.0,3.8,4.85386455750016,10.0,0.0,-0.0047639787080697715,0.03088948038445475,2.438143754998843,0.003651313577089847,0.035776774088541664,0.9975891622404257
42344.06451006979,1555,101917952,101908480,2342.3868876237552,2184.521104669149,1545,100,6.4,4.800000128857239,10.0,0.0,3.6,4.800000110661357,10.0,0.0,-0.002199587060507232,0.05423768855204495,2.3634493375817938,0.005166960912902141,0.052546183268229164,0.9962893134603898
42404.06461068243,1557,102077952,102039552,2666.662195001259,2184.5296701450316,1545,100,6.4,4.800000128857239,10.0,0.0,3.6,4.800000110661357,10.0,0.0,-0.005923818669543834,0.0076148521062956815,2.454232436915239,0.0038435387232311764,0.03975931803385417,0.9991890595604976
42475.72171748802,1560,102236160,102236160,2207.8480007464104,2743.7334378207815,1545,100,6.4,4.800000128857239,10.0,0.0,3.6,4.800000110661357,10.0,0.0,-0.0038086028216639534,0.027370915025433838,2.484724494318167,0.004501797338283116,0.039362589518229164,0.9974774246414503
42535.72211749293,1562,102379008,102367232,2380.784127911048,2184.518769696159,1554,100,6.8,4.664761612551566,10.0,0.0,4.0,4.898979602178011,10.0,0.0,-0.0022724735123726227,0.021152585936458003,2.422126347819964,0.012895442875863715,0.0460662841796875,0.9983282685279847
42595.72226896882,1564,102551552,102498304,2875.7260732804903,2184.5278182783545,1554,100,6.8,4.664761612551566,10.0,0.0,4.0,4.898979602178011,10.0,0.0,-0.0016291666397592053,0.04532298736012308,2.440990251799424,0.007678012283577118,0.0506439208984375,0.996435297653079
42663.65816574544,1567,102694912,102694912,2110.224591152292,2894.0222964374284,1554,100,6.8,4.664761612551566,10.0,0.0,4.0,4.898979602178011,10.0,0.0,-0.00614932483586017,0.019794744274501376,2.468755242725213,0.0053202930187884094,0.03949991861979167,0.9985842164605856
42723.65858286619,1569,102832384,102825984,2291.184071659514,2184.5181465357005,1554,100,6.8,4.664761612551566,10.0,0.0,4.0,4.898979602178011,10.0,0.0,-0.0060247681055140365,0.00761412479429661,2.461162082850933,0.004994415452529211,0.043538411458333336,0.9994534825285276
42783.65867944993,1571,103004928,102957056,2875.728704189494,2184.529816832375,1562,100,6.0,4.898979559791427,10.0,0.0,3.5,4.769696100137676,10.0,0.0,-0.002843021553417202,0.0423106884554727,2.5456067721048994,0.0050004921516422956,0.0387725830078125,0.9958842992782593
42853.12172997929,1574,103153664,103153664,2141.224706754449,2830.3968584981358,1562,100,6.0,4.898979559791427,10.0,0.0,3.5,4.769696100137676,10.0,0.0,-0.00557440131160547,0.018503650557249784,2.498857838412126,0.003833855083333522,0.036387125651041664,0.998400943974654
42913.12422818132,1576,103289600,103284736,2265.5056718190167,2184.442380360332,1562,100,6.0,4.898979559791427,10.0,0.0,3.5,4.769696100137676,10.0,0.0,-0.002507706766967506,0.035088374327945836,2.4961589574813843,0.0037576827689917995,0.036097208658854164,0.9971440080553292
42973.126710765064,1578,103457024,103415808,2790.2845480822225,2184.4429489573363,1562,100,6.0,4.898979559791427,10.0,0.0,3.5,4.769696100137676,10.0,0.0,-0.004008895222796127,0.06262034455236669,2.4431240434447923,0.004512520594289526,0.037348429361979164,0.9952898149689038
43043.5665241722,1581,103612416,103612416,2206.025150887941,2791.1487905798003,1571,100,6.5,4.769696118449167,10.0,0.0,3.1,4.624932519233267,10.0,0.0,-0.0020614220435769917,0.048872889194171876,2.4749527672926583,0.0030473421678228383,0.035090128580729164,0.995631992816925
43103.566575396806,1583,103746304,103743488,2231.464761568345,2184.531468304001,1571,100,6.5,4.769696118449167,10.0,0.0,3.1,4.624932519233267,10.0,0.0,-0.005247825123660732,0.03587115045714503,2.4709836915135384,0.003685594951093663,0.0390777587890625,0.9969499285022417
43163.566729145125,1585,103905024,103874560,2645.3265547581696,2184.5277355422304,1571,100,6.5,4.769696118449167,10.0,0.0,3.1,4.624932519233267,10.0,0.0,-0.006125668888368334,0.02509521644969936,2.456940531730652,0.004147688610828482,0.0437164306640625,0.9979669383416573
43235.716660557315,1588,104071168,104071168,2302.7603318265787,2724.992195443471,1571,100,6.5,4.769696118449167,10.0,0.0,3.1,4.624932519233267,10.0,0.0,-0.0026758823272151253,0.03214678056247067,2.454571038484574,0.007532540463216719,0.0389404296875,0.9973489983628193
43295.717041296884,1590,104214528,104202240,2389.318171533793,2184.519471116611,1580,100,6.0,4.898979567977537,10.0,0.0,3.6,4.800000100820388,10.0,0.0,2.9255124294043703e-05,0.05105120422861849,2.4405803258220353,0.008309284048664267,0.05774434407552084,0.9963766075670719
43355.71758772805,1592,104376832,104333312,2705.0420313453474,2184.5134385628044,1580,100,6.0,4.898979567977537,10.0,0.0,3.6,4.800000100820388,10.0,0.0,-0.0016357971229202424,0.036368560438859276,2.473617002367973,0.004847061059384336,0.04090372721354167,0.9965489463259777
43425.654965097085,1595,104529920,104529920,2188.9296647801993,2811.2006397177142,1580,100,6.0,4.898979567977537,10.0,0.0,3.6,4.800000100820388,10.0,0.0,-0.0026605771733253882,0.031781153549673036,2.474698945879936,0.009554348020780404,0.05744934082031249,0.9969564353426298
43485.65556642972,1597,104670976,104660992,2350.909772020548,2184.511439699674,1580,100,6.0,4.898979567977537,10.0,0.0,3.6,4.800000100820388,10.0,0.0,0.001346129070346554,0.04034709022137879,2.4350228880842524,0.008096920378496483,0.05408223470052083,0.9971644127120575
43545.65573375486,1599,104834560,104792064,2726.392396766885,2184.527241227927,1589,100,5.8,4.935585188893243,10.0,0.0,3.8,4.85386455750016,10.0,0.0,-0.0049722232070053,0.026070791699263893,2.5269129872322083,0.005895121297726291,0.041229248046875,0.9977643992751837
43617.00011839345,1602,104988672,104988672,2160.113942823688,2755.7599802136083,1589,100,5.8,4.935585188893243,10.0,0.0,3.8,4.85386455750016,10.0,0.0,-0.0026634789198093736,0.042457076327991665,2.452054041127364,0.006321367138298228,0.04545593261718751,0.9969231653958558
43677.000376300886,1604,105125120,105119744,2274.123558110426,2184.523943250541,1589,100,5.8,4.935585188893243,10.0,0.0,3.8,4.85386455750016,10.0,0.0,-0.005947358185949269,0.018642627163596142,2.3899465998013816,0.0034703022301982855,0.039215087890625,0.9987821020185947
43737.00082782842,1606,105292544,105250816,2790.3790011174224,2184.5168938411625,1589,100,5.8,4.935585188893243,10.0,0.0,3.8,4.85386455750016,10.0,0.0,-0.0054607092412576694,0.020680742006031018,2.447521636883418,0.002056352686850005,0.03975931803385417,0.9984969260791937
43797.00083819218,1608,105446912,105381888,2572.7995556021506,2184.5329560004993,1598,100,6.1,4.877499469668365,10.0,0.0,3.8,4.85386455750016,10.0,0.0,-0.0047861630931341406,0.010549450744292699,2.523011257251104,0.0029740891962622604,0.031428019205729164,0.9987471643835306
43863.4586729072,1611,105578496,105578496,1979.9621905264055,2958.387086234007,1598,100,6.1,4.877499469668365,10.0,0.0,3.8,4.85386455750016,10.0,0.0,-0.006663649068893088,0.01727157381537836,2.428683134416739,0.005278495209495304,0.050059000651041664,0.9987880643457174
43923.459223812446,1613,105716224,105709568,2295.445590449837,2184.513275669733,1598,100,6.1,4.877499469668365,10.0,0.0,3.8,4.85386455750016,10.0,0.0,-0.003411345402128063,0.029539150244090706,2.5040691941976547,0.004474458402304056,0.031321207682291664,0.9972272012382746
43983.45959832892,1615,105882624,105840640,2773.316022457782,2184.519697689822,1598,100,6.1,4.877499469668365,10.0,0.0,3.8,4.85386455750016,10.0,0.0,-0.004916457437502686,0.016523343581260026,2.482558622956276,0.00390620288089849,0.03662618001302083,0.9984890216340622
44054.05066533014,1618,106037248,106037248,2190.4187961533416,2785.1682706055735,1606,100,6.4,4.800000113633466,10.0,0.0,3.4,4.737087816595959,10.0,0.0,-0.005077372588857543,0.020310921596925862,2.474715655048688,0.004158706995440298,0.0415802001953125,0.9979715471466383
44114.05250851996,1620,106171392,106168320,2235.664654094453,2184.4662269014507,1606,100,6.4,4.800000113633466,10.0,0.0,3.4,4.737087816595959,10.0,0.0,-0.0061682719230399625,0.006068592718899405,2.376737520098686,0.005885460569212834,0.043772379557291664,0.9996036154528459
44174.05270546116,1622,106336000,106299392,2743.457661669407,2184.5261629467127,1606,100,6.4,4.800000113633466,10.0,0.0,3.4,4.737087816595959,10.0,0.0,-0.00513196532119764,0.017497984423243906,2.3979329938689866,0.005341679182796118,0.04967244466145833,0.9984724217404922
44244.63214278594,1625,106496000,106496000,2266.949214453871,2785.6271947209166,1606,100,6.4,4.800000113633466,10.0,0.0,3.4,4.737087816595959,10.0,0.0,0.0028963433287572116,0.06387363698255892,2.4939437781771026,0.007480332282284508,0.038157145182291664,0.9939843745281299
44304.632190668955,1627,106638848,106627072,2380.7981000033283,2184.5315899672114,1616,100,6.4,4.800000130343295,10.0,0.0,3.5,4.769696136760657,10.0,0.0,-0.005426098364599359,0.01420818361414907,2.5027113904555636,0.00647511404955973,0.04537963867187499,0.9986695473392805
44364.6325064078,1629,106804224,106758144,2756.252162402238,2184.5218376934145,1616,100,6.4,4.800000130343295,10.0,0.0,3.5,4.769696136760657,10.0,0.0,-0.00854335824260488,0.0060014100454282016,2.490328883131345,0.005923193801208981,0.041758219401041664,0.9994910595317682
44434.12640407868,1632,106954752,106954752,2166.0606908666136,2829.1404941931282,1616,100,6.4,4.800000130343295,10.0,0.0,3.5,4.769696136760657,10.0,0.0,-0.005490830369429508,0.025427534152792454,2.495380183060964,0.003794293637232234,0.0371246337890625,0.9980108489592869
44494.126729821786,1634,107101952,107085824,2453.3200141318544,2184.5214734530596,1616,100,6.4,4.800000130343295,10.0,0.0,3.5,4.769696136760657,10.0,0.0,-0.0052020429526843754,0.01923813823668752,2.444162778556347,0.004221875897201244,0.042978922526041664,0.9987410524239142
44554.12707962468,1636,107269376,107216896,2790.3837319281424,2184.520597472797,1625,100,6.6,4.737087799664211,10.0,0.0,3.3,4.702127291168226,10.0,0.0,-0.006077042921485068,0.021796869407504953,2.4239505355556803,0.004859740974400968,0.044896443684895836,0.9983340284476677
44623.60513068549,1639,107413504,107413504,2074.4393056427552,2829.785766844824,1625,100,6.6,4.737087799664211,10.0,0.0,3.3,4.702127291168226,10.0,0.0,-0.004826678176565717,0.03392851549870102,2.4520765294631324,0.005398232700220737,0.045842488606770836,0.9975720004489024
44683.605328889564,1641,107554816,107544576,2355.19221985526,2184.526116967198,1625,100,6.6,4.737087799664211,10.0,0.0,3.3,4.702127291168226,10.0,0.0,-0.006058387744512099,0.018506825418929417,2.500640471776326,0.003936787452403223,0.04009501139322917,0.9982630889862777
44743.605503616855,1643,107726336,107675648,2858.6583419062067,2184.52697172534,1634,100,6.4,4.800000074269589,10.0,0.0,3.7,4.828043200154305,10.0,0.0,-0.002951311844905528,0.041625226823574245,2.4285668085018797,0.00552659233774951,0.04845682779947917,0.9971041164050499
44812.83496345021,1646,107872256,107872256,2107.773198740139,2839.947046723555,1634,100,6.4,4.800000074269589,10.0,0.0,3.7,4.828043200154305,10.0,0.0,-0.0026822617146535777,0.028847114653520595,2.397223730882009,0.006346143040597478,0.043772379557291664,0.9982021121929089
44872.835157405585,1648,108005632,108003328,2222.9261475253597,2184.5262716563993,1634,100,6.4,4.800000074269589,10.0,0.0,3.7,4.828043200154305,10.0,0.0,-0.006132520890484254,0.00663037812046241,2.4701775188247366,0.0064504733012048145,0.045527140299479164,0.9994812489797672
44932.83551148884,1650,108166656,108134400,2683.71749567623,2184.520441631526,1634,100,6.4,4.800000074269589,10.0,0.0,3.7,4.828043200154305,10.0,0.0,-0.004741726246720646,0.02032862783865615,2.446279068787893,0.005268955882153629,0.04675801595052083,0.9985063560307026
44992.83570759371,1652,108327424,108265472,2679.457909087618,2184.5261933962747,1643,100,6.8,4.664761612551566,10.0,0.0,3.8,4.853864514719607,10.0,0.0,-0.0066976142819233555,0.012791664553030083,2.513339589039485,0.003735110457758614,0.035985310872395836,0.9982076001664002
45060.13496330194,1655,108462080,108462080,2000.8542231697804,2921.399322042569,1643,100,6.8,4.664761612551566,10.0,0.0,3.8,4.853864514719607,10.0,0.0,-0.00389501040384251,0.03566626835769663,2.461035681267579,0.004794273516381509,0.038548787434895836,0.997120309000214
45120.13943491317,1657,108594688,108593152,2209.9686313241127,2184.370539069393,1643,100,6.8,4.664761612551566,10.0,0.0,3.8,4.853864514719607,10.0,0.0,-0.0035525421141452775,0.03421434764944327,2.4696104427178702,0.00542819964600009,0.04349772135416667,0.9974220910420021
45180.13976714574,1659,108749056,108724224,2572.7857539465094,2184.5212371817793,1643,100,6.8,4.664761612551566,10.0,0.0,3.8,4.853864514719607,10.0,0.0,-0.006627003705943934,0.02138945433641008,2.4696627284089727,0.004725798412740308,0.043141682942708336,0.9980050375064213
45240.14009246603,1661,108913152,108855296,2734.9185045920494,2184.5214888473156,1651,100,6.1,4.877499422707784,10.0,0.0,3.9,4.8774994682059205,10.0,0.0,-0.006254725944017991,0.012199814368311006,2.4772533029317856,0.004540507254811625,0.04515584309895833,0.9989255561182897
45310.324084749445,1664,109051904,109051904,1976.9750264374838,2801.322546686324,1651,100,6.1,4.877499422707784,10.0,0.0,3.9,4.8774994682059205,10.0,0.0,-0.006824311290984043,0.010171427190167984,2.4802317644158998,0.004846131345402682,0.044169108072916664,0.9987215970953306
45370.3243995551,1666,109187584,109182976,2261.321468720168,2184.521871669295,1651,100,6.1,4.877499422707784,10.0,0.0,3.9,4.8774994682059205,10.0,0.0,-0.0027463372171041556,0.022034461493603885,2.4719065700968104,0.007247718242676152,0.048431396484375,0.997883535300692
45430.32459414564,1668,109349632,109314048,2700.7912408596235,2184.526248531007,1659,100,6.4,4.800000092465473,10.0,0.0,4.1,4.91833311382167,10.0,0.0,-0.00562396897294093,0.024635920892857637,2.432989254593849,0.004671163920041484,0.04075113932291667,0.9983322011927763
45502.47156707756,1671,109510656,109510656,2231.888511136062,2725.1039372853666,1659,100,6.4,4.800000092465473,10.0,0.0,4.1,4.91833311382167,10.0,0.0,-0.004061688154858227,0.02394239824207034,2.478429766992728,0.002915028000643361,0.0344085693359375,0.9979222981880108
45562.47176259197,1673,109650688,109641728,2333.8590616153474,2184.526214894073,1659,100,6.4,4.800000092465473,10.0,0.0,4.1,4.91833311382167,10.0,0.0,-0.004702864687715191,0.01818069458264896,2.483986479540666,0.004658407238821383,0.0380859375,0.9982069252679745
45622.47193768062,1675,109820416,109772800,2828.791745178152,2184.52695856895,1659,100,6.4,4.800000092465473,10.0,0.0,4.1,4.91833311382167,10.0,0.0,-0.005976165877655149,0.010351590511466688,2.4929989154140153,0.002553889165331687,0.027969360351562497,0.9990932730336983
45693.333601400256,1678,109969408,109969408,2102.5755278549454,2774.5326553137425,1667,100,6.0,4.898979567977537,10.0,0.0,4.3,4.950757580261304,10.0,0.0,0.0052806691237492496,0.038121892692288384,2.527447015047074,0.01115343727178697,0.051091512044270836,0.9955463521182536
45753.333797317,1680,110111232,110100480,2363.7256151096385,2184.5262002457307,1667,100,6.0,4.898979567977537,10.0,0.0,4.3,4.950757580261304,10.0,0.0,-0.004361980665028872,0.010924276403481297,2.457033378382524,0.006373139531206107,0.04909769694010417,0.9989278024683396
45813.33384732157,1682,110280448,110231552,2820.2643162315144,2184.5315127239564,1667,100,6.0,4.898979567977537,10.0,0.0,4.3,4.950757580261304,10.0,0.0,0.002607190195703879,0.043925859426963136,2.478836216032505,0.02463983022425964,0.05942281087239583,0.995861554518342
45882.10890449397,1685,110428160,110428160,2147.7553937864577,2858.7108187660306,1676,100,6.3,4.828043157144953,10.0,0.0,3.9,4.8774994682059205,10.0,0.0,-0.004347310619778,0.03241337067932667,2.4531624813874564,0.0041275290604971815,0.040791829427083336,0.9973514328400295
45942.109282968566,1687,110569216,110559232,2350.918503951261,2184.5195535808452,1676,100,6.3,4.828043157144953,10.0,0.0,3.9,4.8774994682059205,10.0,0.0,-0.003119221109955106,0.0453305139914543,2.4723591034611068,0.004803356010597781,0.044041951497395836,0.9965366534888744
46002.109719069675,1689,110724608,110690304,2589.847842741403,2184.517455491925,1676,100,6.3,4.828043157144953,10.0,0.0,3.9,4.8774994682059205,10.0,0.0,-0.005561267410181851,0.01492801588513733,2.4342027033368745,0.004056064651498067,0.038762410481770836,0.998963409413894
46073.90305364691,1692,110886912,110886912,2260.711261787115,2738.5272067074197,1683,100,6.2,4.8538645575001595,10.0,0.0,3.6,4.800000128857241,10.0,0.0,-0.005036036522748569,0.01912166928620233,2.416565209627152,0.004526718131576975,0.047144571940104164,0.9985051900148392
46133.90366329253,1694,111025408,111017984,2308.243213160587,2184.5111370392246,1683,100,6.2,4.8538645575001595,10.0,0.0,3.6,4.800000128857241,10.0,0.0,-0.004972862208281488,0.021036568487033946,2.443003165225188,0.002757376826896992,0.035542805989583336,0.9982220406333606
46193.903788084164,1696,111192832,111149056,2790.394196369003,2184.528789817935,1683,100,6.2,4.8538645575001595,10.0,0.0,3.6,4.800000128857241,10.0,0.0,-0.006124754996562841,0.008433769773546373,2.4588051984707517,0.004666654268172958,0.04002888997395833,0.9992864603797595
46264.43480437249,1699,111345664,111345664,2166.8764756661794,2787.539586786643,1683,100,6.2,4.8538645575001595,10.0,0.0,3.6,4.800000128857241,10.0,0.0,-0.0054160506842890754,0.02519198750087526,2.3846865346034365,0.005925208967407039,0.04852294921875001,0.9981579581896464
46324.43524267338,1701,111487488,111476736,2363.7160663523,2184.5173754014036,1691,100,6.0,4.898979559791427,10.0,0.0,4.1,4.918333149337866,10.0,0.0,0.0003460006046225317,0.015355779001159439,2.4591565678517022,0.019423041439949884,0.057245890299479164,0.9985511625806491
46384.435639189556,1703,111650560,111607808,2717.8487054838265,2184.5188967154145,1691,100,6.0,4.898979559791427,10.0,0.0,4.1,4.918333149337866,10.0,0.0,-0.00568829182399592,0.02282861548398311,2.426149976750215,0.003025610857851764,0.034372965494791664,0.9978213310241699
46455.20591197349,1706,111804416,111804416,2174.020163377489,2778.115616429138,1691,100,6.0,4.898979559791427,10.0,0.0,4.1,4.918333149337866,10.0,0.0,-0.004102462766847263,0.033490000370269016,2.365954702099164,0.0056326541950208284,0.045847574869791664,0.9974679524699847
46515.206307081506,1708,111942656,111935488,2303.9848279521593,2184.5189479842693,1691,100,6.0,4.898979559791427,10.0,0.0,4.1,4.918333149337866,10.0,0.0,-0.0036932264774804935,0.016073638529633172,2.4553195436795554,0.00752755439740819,0.040842692057291664,0.9988244958221912
46575.20634294301,1710,112107008,112066560,2739.198362803643,2184.532027656488,1700,100,6.3,4.828043165451338,10.0,0.0,3.9,4.877499476428083,10.0,0.0,-0.0081267181764512,0.005169710054663787,2.423524724940459,0.00824737237780937,0.05121866861979167,0.9995932312061389
46645.42292448692,1713,112263168,112263168,2223.9761117158732,2800.0223832750667,1700,100,6.3,4.828043165451338,10.0,0.0,3.9,4.877499476428083,10.0,0.0,-0.005310906909774834,0.024884800931128364,2.501181249817212,0.00636726576279519,0.034637451171875,0.9969179524729649
46705.42324514501,1715,112402176,112394240,2316.7876183885437,2184.5216585910393,1700,100,6.3,4.828043165451338,10.0,0.0,3.9,4.877499476428083,10.0,0.0,-0.00859687185099271,0.005799063386803027,2.4717003976305327,0.004492212379773263,0.038584391276041664,0.9994902859131495
46765.42331420444,1717,112574976,112525312,2879.996685151101,2184.5308189590573,1708,100,6.4,4.800000075755645,10.0,0.0,3.6,4.800000100820388,10.0,0.0,-0.0054275722019762425,0.009354808304730492,2.526112707952658,0.004838652446172394,0.0330657958984375,0.9989947943637768
46834.23732763901,1720,112721920,112721920,2135.379011714079,2857.0924756035065,1708,100,6.4,4.800000075755645,10.0,0.0,3.6,4.800000100820388,10.0,0.0,-0.002799942206668978,0.024772643730102573,2.4792314643661184,0.003958278886784683,0.03441365559895833,0.9979043553272883
46894.23777657747,1722,112862464,112852992,2342.3824735736926,2184.516988105156,1708,100,6.4,4.800000075755645,10.0,0.0,3.6,4.800000100820388,10.0,0.0,-0.0027024275356476815,0.03608065574614254,2.4899224986632666,0.006656899831796181,0.04751078287760417,0.9972771741449833
46954.23821781017,1724,113028096,112984064,2760.5130328565283,2184.517268659262,1708,100,6.4,4.800000075755645,10.0,0.0,3.6,4.800000100820388,10.0,0.0,-0.0015852600190555677,0.044458708638558164,2.4032899066805844,0.005374569644724639,0.052881876627604164,0.9974475726485252
47024.952353080735,1727,113180672,113180672,2157.64499440197,2780.321066611935,1717,100,6.5,4.769696093225177,10.0,0.0,3.5,4.76969611004117,10.0,0.0,-0.0069942953875094345,0.022385386818010982,2.4691029489040375,0.0049990794371600105,0.042348225911458336,0.9982457365840672
47084.95244308561,1729,113321216,113311744,2342.396486214902,2184.53005636071,1717,100,6.5,4.769696093225177,10.0,0.0,3.5,4.76969611004117,10.0,0.0,-0.00384421802785558,0.03311980743698465,2.4599059795339904,0.003949937636813654,0.0340576171875,0.9973734666903814
47144.95261137001,1731,113476864,113442816,2594.126057484159,2184.5272063024495,1717,100,6.5,4.769696093225177,10.0,0.0,3.5,4.76969611004117,10.0,0.0,-0.0031339086757119126,0.016740259470680034,2.4853284557660418,0.004852808209761861,0.038823445638020836,0.9986564846088489
47204.95286659524,1733,113635328,113573888,2641.0554322671614,2184.5240409059556,1717,100,6.5,4.769696093225177,10.0,0.0,3.5,4.76969611004117,10.0,0.0,-0.006936334912703994,0.01308237867973124,2.4999536573886867,0.0039051526479549166,0.035700480143229164,0.9989725152651469
47270.99158751778,1736,113770496,113770496,2046.799182536192,2977.16244732537,1717,100,6.5,4.769696093225177,10.0,0.0,3.5,4.76969611004117,10.0,0.0,-0.003146715163893532,0.04311629554528433,2.3926806276043258,0.004898405844869558,0.050542195638020836,0.9969185404479505
47330.99215439893,1738,113906688,113901568,2269.8452211255117,2184.51269401553,1726,100,6.3,4.828043165451338,10.0,0.0,3.5,4.769696145168653,10.0,0.0,-0.003105649385058011,0.023206106986132607,2.4619239817063012,0.006370758848182353,0.04712422688802083,0.9981919061392546
47390.99248350784,1740,114073600,114032640,2781.851407798647,2184.521350909367,1726,100,6.3,4.828043165451338,10.0,0.0,3.5,4.769696145168653,10.0,0.0,-0.007803580308973324,0.007730232027824967,2.47834704319636,0.02214060216465441,0.045023600260416664,0.9993313948313395
47461.492944300175,1743,114229248,114229248,2207.758619599365,2788.7477300202504,1726,100,6.3,4.828043165451338,10.0,0.0,3.5,4.769696145168653,10.0,0.0,-0.003346934783621691,0.030389290048333354,2.4276518921057386,0.005307824564321588,0.043584187825520836,0.9977722205221653
47521.493263805285,1745,114375424,114360320,2436.253693408246,2184.521700569215,1736,100,6.4,4.800000110661356,10.0,0.0,3.7,4.8280431639739145,10.0,0.0,-0.004692045273259282,0.012557319518236907,2.466458884378274,0.004365477340494787,0.03948974609375,0.9989246210704247
47581.493641320616,1747,114541824,114491392,2773.3158838456065,2184.5195885060775,1736,100,6.4,4.800000110661356,10.0,0.0,3.7,4.8280431639739145,10.0,0.0,-0.0031838913807102167,0.021097560254323373,2.4233412394920983,0.005958328657167536,0.049921671549479164,0.9985180366784335
47650.7644538749,1750,114688000,114688000,2110.2105578081296,2838.251678452966,1736,100,6.4,4.800000110661356,10.0,0.0,3.7,4.8280431639739145,10.0,0.0,-0.005009149414642403,0.013151506025072498,2.462155431509018,0.003972871947553358,0.04093424479166667,0.9988395844896634
47710.765253424644,1752,114832384,114819072,2406.36793315227,2184.504223003479,1736,100,6.4,4.800000110661356,10.0,0.0,3.7,4.8280431639739145,10.0,0.0,-0.004642726106491561,0.03131240054305333,2.4641639416416488,0.005840403626886351,0.04768371582031249,0.997221190482378
47770.765282655135,1754,114999552,114950144,2786.131975999937,2184.532269084177,1745,100,7.0,4.582575783057098,10.0,0.0,3.8,4.853864540975764,10.0,0.0,-0.0068359734723344445,0.011549837302785212,2.502919385830561,0.005534583197610724,0.039677937825520836,0.9989802371710539
47839.08226557262,1757,115146752,115146752,2154.661896849079,2877.878846574074,1745,100,7.0,4.582575783057098,10.0,0.0,3.8,4.853864540975764,10.0,0.0,-0.0032645023942071325,0.0304232250637142,2.4252761602401733,0.004144919964649792,0.034886678059895836,0.9981064808865387
47899.08269715682,1759,115289344,115277824,2376.5162388858967,2184.5176199453845,1745,100,7.0,4.582575783057098,10.0,0.0,3.8,4.853864540975764,10.0,0.0,-0.004495013772005526,0.02609447148279287,2.4975749651590986,0.004824735491032091,0.03821309407552083,0.9977511353790759
47959.08295016177,1761,115458816,115408896,2824.521423034823,2184.5241217429443,1752,100,6.8,4.664761602425292,10.0,0.0,4.1,4.918333149337866,10.0,0.0,-0.006864050948934165,0.01901087159785675,2.4575709228714304,0.004940180677901178,0.031473795572916664,0.9986643077184757
48028.12499255687,1764,115605504,115605504,2124.6184920278465,2847.6561987388936,1752,100,6.8,4.664761602425292,10.0,0.0,4.1,4.918333149337866,10.0,0.0,-0.0016133386197907384,0.03966329782997491,2.434704701105754,0.005262686084582431,0.046269734700520836,0.9975673605998356
48088.12544317357,1766,115747072,115736576,2359.448946548269,2184.5169270030988,1752,100,6.8,4.664761602425292,10.0,0.0,4.1,4.918333149337866,10.0,0.0,-0.005949980314956823,0.01708348555257544,2.482507534325123,0.004966303576414551,0.04150899251302083,0.9986404745529096
48148.12583533116,1768,115915520,115867648,2807.4483172974915,2184.519055404735,1752,100,6.8,4.664761602425292,10.0,0.0,4.1,4.918333149337866,10.0,0.0,-0.006734838175664966,0.018335991660327032,2.4844630286097527,0.006548669708233016,0.048609415690104164,0.9986554651210705
48217.36359741539,1771,116064256,116064256,2148.191904571614,2839.6065106901883,1761,100,6.7,4.702127272593604,10.0,0.0,3.8,4.853864531244002,10.0,0.0,-0.0037514469671198944,0.037121847976474484,2.477249619861444,0.004461486090197771,0.036371866861979164,0.9972270963092644
48277.36376470141,1773,116199168,116195328,2248.527064214145,2184.527242652073,1761,100,6.7,4.702127272593604,10.0,0.0,3.8,4.853864531244002,10.0,0.0,-0.0015691639109718378,0.021178854323807172,2.494982518255711,0.004705634441052098,0.04749552408854167,0.9982395935803652
48337.36414569244,1775,116363520,116326400,2739.182606600104,2184.5194619614535,1761,100,6.7,4.702127272593604,10.0,0.0,3.8,4.853864531244002,10.0,0.0,-0.006546213924593758,0.01782249060731071,2.502950929105282,0.00374197180281044,0.03057861328125,0.9983112017313639
48397.364233253524,1777,116522752,116457472,2653.862793748203,2184.5301453361412,1761,100,6.7,4.702127272593604,10.0,0.0,3.8,4.853864531244002,10.0,0.0,-0.0008402203214548837,0.036947742085127785,2.5130651791890464,0.007482030880661721,0.04628499348958333,0.9968435013045868
48465.37959786132,1780,116654080,116654080,1930.8578400967197,2890.640976986902,1770,100,5.9,4.918333124876171,10.0,0.0,3.7,4.828043201631728,10.0,0.0,-0.004042408492144507,0.05336146346235182,2.50818882137537,0.005569121837349181,0.0402984619140625,0.995881412178278
48525.37994007766,1782,116797184,116785152,2385.0530632643927,2184.5208736876016,1770,100,5.9,4.918333124876171,10.0,0.0,3.7,4.828043201631728,10.0,0.0,-0.003741385407920461,0.037240331308566965,2.4322197462121644,0.0037053284346863316,0.04346211751302083,0.9976029892762501
48585.38040468283,1784,116948224,116916224,2517.313840716356,2184.516417706397,1770,100,5.9,4.918333124876171,10.0,0.0,3.7,4.828043201631728,10.0,0.0,-0.006193164469247373,0.011618475866271183,2.47180133809646,0.004048388298542704,0.04465230305989583,0.9990396574139595
48657.486120741814,1787,117112832,117112832,2282.8703325731663,2726.6631654995203,1770,100,5.9,4.918333124876171,10.0,0.0,3.7,4.828043201631728,10.0,0.0,-0.00787752178196873,0.006869099868102543,2.490391386051973,0.004278661117496085,0.039891560872395836,0.9994691244016091
48717.48646695353,1789,117253120,117243904,2338.119841925268,2184.520728222148,1779,100,6.0,4.898979605090072,10.0,0.0,3.6,4.800000109175302,10.0,0.0,-0.005126670592289884,0.022723141070552323,2.504628889262676,0.002365527777631845,0.025767008463541668,0.9981788533429304
48777.486635901034,1791,117416704,117374976,2726.392323047082,2184.52718215979,1779,100,6.0,4.898979605090072,10.0,0.0,3.6,4.800000109175302,10.0,0.0,-0.0052321742453689995,0.02302863658648372,2.5075221136212344,0.004622438688481149,0.0395050048828125,0.9978720471262932
48848.20090386644,1794,117571584,117571584,2190.2227719555576,2780.3158493584597,1779,100,6.0,4.898979605090072,10.0,0.0,3.6,4.800000109175302,10.0,0.0,-0.0063181301787456805,0.014940074768674094,2.4727268864711123,0.00487256240012357,0.0455169677734375,0.9989262552311023
48908.20121754147,1796,117711616,117702656,2333.8544654688008,2184.5219128336853,1779,100,6.0,4.898979605090072,10.0,0.0,3.6,4.800000109175302,10.0,0.0,-0.004535081769063254,0.05529771763637351,2.448123517135779,0.005199109376917478,0.04224650065104167,0.996481016278267
48968.201467216015,1798,117878528,117833728,2781.8550906933247,2184.524242998439,1788,100,6.1,4.877499469668365,10.0,0.0,3.5,4.769696080330689,10.0,0.0,-0.005867103805940133,0.03177933399759544,2.4704417834679284,0.004143176536672399,0.040705362955729164,0.9979082377006611
49039.3929685615,1801,118030336,118030336,2132.3893601188506,2761.677957118511,1788,100,6.1,4.877499469668365,10.0,0.0,3.5,4.769696080330689,10.0,0.0,-0.007590610606712289,0.004307527946366463,2.4947609851757684,0.003882222208630992,0.0458221435546875,0.9996516431371372
49099.393600350246,1803,118175744,118161408,2423.4411482859514,2184.510330849308,1788,100,6.1,4.877499469668365,10.0,0.0,3.5,4.769696080330689,10.0,0.0,-0.0056290162247023545,0.033269514589240615,2.4768829569220543,0.005091125143735553,0.047876993815104164,0.9973087850958109
49159.39397629537,1805,118345472,118292480,2828.78227555175,2184.5196456749563,1788,100,6.1,4.877499469668365,10.0,0.0,3.5,4.769696080330689,10.0,0.0,-0.0033516138937557116,0.044412134035762094,2.422121450304985,0.004485886587644927,0.054728190104166664,0.9969754150758188
49227.321312824264,1808,118489088,118489088,2114.259256122955,2894.3870030346334,1798,100,6.4,4.800000085596614,10.0,0.0,4.2,4.935585135805166,10.0,0.0,-0.0023228944871031367,0.026520525333277572,2.4809602076808615,0.0052021515748492675,0.0479583740234375,0.9976880742857853
49287.32168046571,1810,118630144,118620160,2350.9189284126455,2184.5199479986836,1798,100,6.4,4.800000085596614,10.0,0.0,4.2,4.935585135805166,10.0,0.0,-0.004865616134338779,0.020493859240862854,2.405799170335134,0.006603679050385836,0.048405965169270836,0.998430086299777
49347.32222972065,1812,118800896,118751232,2845.8406151331105,2184.513335754352,1798,100,6.4,4.800000085596614,10.0,0.0,4.2,4.935585135805166,10.0,0.0,-0.004387674174116303,0.042508194746915244,2.414084829390049,0.0037108500279524987,0.053792317708333336,0.9967155195772649
49415.4052584935,1815,118947840,118947840,2158.305860484969,2887.7681199520143,1798,100,6.4,4.800000085596614,10.0,0.0,4.2,4.935585135805166,10.0,0.0,-0.005900144545497217,0.019488005088836264,2.463383133212725,0.005095646850046857,0.046976725260416664,0.9981411645809809
49475.405335929245,1817,119091456,119078912,2393.596910833928,2184.5305139874713,1806,100,6.4,4.80000011901627,10.0,0.0,3.8,4.85386452151224,10.0,0.0,-0.005048025078091693,0.016886307018770214,2.443933772544066,0.0023517450693664914,0.035669962565104164,0.9986015583078067
49535.40587170422,1819,119260416,119209984,2815.9748545189977,2184.5138265359496,1806,100,6.4,4.80000011901627,10.0,0.0,3.8,4.85386452151224,10.0,0.0,-0.00451730344502721,0.010703776521647038,2.5173541506131487,0.012154955009464175,0.04596455891927083,0.9986074479917686
49604.90865903534,1822,119406592,119406592,2103.167450013205,2828.7786367953436,1806,100,6.4,4.80000011901627,10.0,0.0,3.8,4.85386452151224,10.0,0.0,-0.006085985553606102,0.01659268506530983,2.4638237059116364,0.004937033433331332,0.044367472330729164,0.9987016667922337
49664.908729245886,1824,119548672,119537664,2367.997229027017,2184.5307770483473,1806,100,6.4,4.80000011901627,10.0,0.0,3.8,4.85386452151224,10.0,0.0,-0.002949205600695374,0.01799568624361806,2.4549648066361742,0.0044648765930711916,0.03900146484375,0.9984911407033602
49724.90905749425,1826,119715328,119668736,2777.5848043720757,2184.521382240404,1816,100,7.0,4.582575783057098,10.0,0.0,4.3,4.950757580261304,10.0,0.0,-0.0011636360529034087,0.0422253696694194,2.4848448211948075,0.006599175512140695,0.0433349609375,0.9955486593147118
49795.04076632857,1829,119865344,119865344,2139.0609539316797,2803.4109430367407,1816,100,7.0,4.582575783057098,10.0,0.0,4.3,4.950757580261304,10.0,0.0,-0.006871392596319008,0.016315060119571474,2.527081136902173,0.005202243775784154,0.045649210611979164,0.9982277862727642
49855.040943747386,1831,120006656,119996416,2355.1930357407828,2184.526873730581,1816,100,7.0,4.582575783057098,10.0,0.0,4.3,4.950757580261304,10.0,0.0,-0.004487742631075283,0.03280217655507537,2.4819501539071402,0.0036793909494008403,0.036529541015625,0.997352762768666
49915.04094969109,1833,120172288,120127488,2760.5330598702967,2184.5331169298174,1824,100,7.0,4.58257577586234,10.0,0.0,4.1,4.918333121975569,10.0,0.0,-0.0058947295595620135,0.010895857822712665,2.483462971945604,0.003217149481012408,0.03618367513020833,0.9990191080917914
49985.226594310254,1836,120324096,120324096,2162.9494296693124,2801.256596941032,1824,100,7.0,4.58257577586234,10.0,0.0,4.1,4.918333121975569,10.0,0.0,-0.009664323937613519,0.005022483928769361,2.437263568242391,0.004533038252096352,0.05099995930989583,0.9996242361764114
50045.22680788115,1838,120465152,120455168,2350.9249651809378,2184.5255574821053,1824,100,7.0,4.58257577586234,10.0,0.0,4.1,4.918333121975569,10.0,0.0,-0.005065717705292627,0.041052245142054744,2.4601715753475824,0.004555697245450574,0.04449462890625,0.9969763128707806
50105.226927857846,1840,120634368,120586240,2820.261027239844,2184.528965123752,1824,100,7.0,4.58257577586234,10.0,0.0,4.1,4.918333121975569,10.0,0.0,-0.004245939948305022,0.03861478600204767,2.4248981873194375,0.004192446430048828,0.035456339518229164,0.9973860904574394
50174.39549312182,1843,120782848,120782848,2146.639870775805,2842.4472771652036,1833,100,6.5,4.76969612835266,10.0,0.0,3.9,4.877499448836712,10.0,0.0,-0.005167219394934364,0.014401938288453191,2.491901747882366,0.004679705217616477,0.042816162109375,0.9986326017727455
50234.395953036845,1845,120929024,120913920,2436.247992215647,2184.51658846657,1833,100,6.5,4.76969612835266,10.0,0.0,3.9,4.877499448836712,10.0,0.0,-0.005859250304638409,0.015250742966600228,2.480431410173575,0.005019704998630914,0.03726704915364583,0.998646708826224
50294.39614520408,1847,121094912,121044992,2764.7911449620615,2184.5263367601474,1833,100,6.5,4.76969612835266,10.0,0.0,3.9,4.877499448836712,10.0,0.0,-0.0045334697351790965,0.059324180459952906,2.427513465285301,0.004816858401075781,0.041259765625,0.9955495018512011
50363.99005847424,1850,121241600,121241600,2107.770537784871,2825.0746475022356,1833,100,6.5,4.76969612835266,10.0,0.0,3.9,4.877499448836712,10.0,0.0,-0.005692480915361861,0.036620762773964095,2.4413247033953662,0.007043807496908509,0.047292073567708336,0.9973132840047281
50423.990252370015,1852,121383936,121372672,2372.2590004834915,2184.5262738265246,1842,100,6.6,4.737087799664211,10.0,0.0,4.3,4.950757580261304,10.0,0.0,-0.007110825262013046,0.01653491961284696,2.4666259487469993,0.007070168079129265,0.0444183349609375,0.998795603091518
50483.990574093536,1854,121552384,121503744,2807.4516129463786,2184.5216198002217,1842,100,6.6,4.737087799664211,10.0,0.0,4.3,4.950757580261304,10.0,0.0,-0.0066357996814379785,0.03023082864820026,2.393045723438263,0.004780481017708856,0.0520477294921875,0.9981680146108072
50553.13203267194,1857,121700352,121700352,2140.0763455431215,2843.5616494413794,1842,100,6.6,4.737087799664211,10.0,0.0,4.3,4.950757580261304,10.0,0.0,-0.006537784608857085,0.015923482608438157,2.4327212100227675,0.006054946086806013,0.05163574218750001,0.9988026650001606
50613.1324290093,1859,121844736,121831424,2406.38410433461,2184.5189032257454,1842,100,6.6,4.737087799664211,10.0,0.0,4.3,4.950757580261304,10.0,0.0,-0.005651563323529747,0.029374416961218234,2.461511646707853,0.005539663114783858,0.051177978515625,0.9971807741870482
50673.13261555135,1861,122007808,121962496,2717.858216752654,2184.5265415657123,1850,100,6.8,4.664761612551566,10.0,0.0,4.0,4.898979548693254,10.0,0.0,-0.0021320440622124197,0.04409038805169985,2.4522377873460455,0.00603651198434818,0.04848225911458333,0.9968226868659258
50742.85359060578,1864,122159104,122159104,2170.021286734589,2819.926139106877,1850,100,6.8,4.664761612551566,10.0,0.0,4.0,4.898979548693254,10.0,0.0,-0.0031846259080339223,0.04591735312715173,2.5049705828229585,0.003543999411704135,0.03485107421875,0.9960435777902603
50802.8539740555,1866,122294784,122290176,2261.318881631862,2184.5193724443648,1850,100,6.8,4.664761612551566,10.0,0.0,4.0,4.898979548693254,10.0,0.0,-0.0050059941422659895,0.030758719588144835,2.455260120332241,0.003998016911888651,0.045293172200520836,0.9976130978514751
50862.8540128842,1868,122466048,122421248,2854.3981527904702,2184.531919624396,1850,100,6.8,4.664761612551566,10.0,0.0,4.0,4.898979548693254,10.0,0.0,-0.0042973482098508,0.04681442449024568,2.4176131909092264,0.003962194604052153,0.03374735514322917,0.9968795149276654
50932.39351974055,1871,122617856,122617856,2183.0468299637228,2827.284933241381,1859,100,6.2,4.853864531244001,10.0,0.0,4.0,4.8989795568793655,10.0,0.0,-0.0040396460390184075,0.05411296175831619,2.424038807551066,0.005445715846387126,0.042902628580729164,0.9964210043350856
50992.39389852062,1873,122762240,122748928,2406.3848084900183,2184.519542459024,1859,100,6.2,4.853864531244001,10.0,0.0,4.0,4.8989795568793655,10.0,0.0,-0.0032775734556101574,0.0647687327048819,2.4642091641823454,0.005371664930256278,0.049031575520833336,0.9952219041685263
51052.39440861344,1875,122926592,122880000,2739.1767127602207,2184.5147615782444,1859,100,6.2,4.853864531244001,10.0,0.0,4.0,4.8989795568793655,10.0,0.0,-0.00640872025542194,0.03175074378668796,2.4969293996691704,0.004392174275684132,0.040690104166666664,0.9975415958712498
51122.669404987246,1878,123076608,123076608,2134.6995053837377,2797.6949149056495,1859,100,6.2,4.853864531244001,10.0,0.0,4.0,4.8989795568793655,10.0,0.0,-0.005937697746655127,0.024408637070640296,2.454712194701036,0.004382696938894999,0.047785441080729164,0.9980512950569391
51182.66949685849,1880,123215360,123207680,2312.5297924167494,2184.529988408442,1859,100,6.2,4.853864531244001,10.0,0.0,4.0,4.8989795568793655,10.0,0.0,-0.003948841008726352,0.030204211650319245,2.4483343039949736,0.0037975880265245605,0.045013427734375,0.9977040148029725
51242.669963721186,1882,123380480,123338752,2751.978586731079,2184.516335513663,1870,100,6.3,4.8280431933253425,10.0,0.0,3.7,4.828043145883719,10.0,0.0,-0.007793098317051773,0.009566488957110172,2.410850708683332,0.005294763892986035,0.054692586263020836,0.9992692023515701
51313.978988297284,1885,123535360,123535360,2171.955105552161,2757.1264810976195,1870,100,6.3,4.8280431933253425,10.0,0.0,3.7,4.828043145883719,10.0,0.0,-0.006956638035868916,0.01546804366807919,2.4680348734060926,0.005332182727215695,0.04427591959635417,0.9983747197935978
51373.9793920517,1887,123668736,123666432,2222.918374781603,2184.518633182688,1870,100,6.3,4.8280431933253425,10.0,0.0,3.7,4.828043145883719,10.0,0.0,-0.0062217375489126425,0.01801374116136382,2.4067262336611743,0.004792651386499832,0.043279012044270836,0.9985443105300268
51433.979426681995,1889,123835648,123797504,2781.865061053037,2184.5320724833664,1870,100,6.3,4.8280431933253425,10.0,0.0,3.7,4.828043145883719,10.0,0.0,-0.004897231837579359,0.019327501145501934,2.4500020146369934,0.005271147137439888,0.047632853190104164,0.9983357694000006
51504.57699723542,1892,123994112,123994112,2244.609818125236,2784.911696801585,1880,100,6.7,4.702127292685214,10.0,0.0,3.8,4.85386452151224,10.0,0.0,-0.004050284910287398,0.03547126600945679,2.352347917854786,0.004603584506185143,0.04532877604166667,0.9978403933346273
51564.577393068,1894,124140800,124125184,2444.783871248077,2184.518921603866,1880,100,6.7,4.702127292685214,10.0,0.0,3.8,4.85386452151224,10.0,0.0,-0.00571648698921005,0.030271740591463946,2.393791824579239,0.0054976079427433424,0.0495147705078125,0.9976602507134279
51624.577625412494,1896,124299776,124256256,2649.5897397069093,2184.524873961252,1880,100,6.7,4.702127292685214,10.0,0.0,3.8,4.85386452151224,10.0,0.0,-0.005247105201609277,0.02319314858565728,2.4574594547351203,0.006624825872374155,0.05016581217447917,0.9979007958124082
51695.10999776982,1899,124452864,124452864,2170.4643539344106,2787.4859930127545,1880,100,6.7,4.702127292685214,10.0,0.0,3.8,4.85386452151224,10.0,0.0,-0.004853721133258659,0.024954760461696424,2.409813458720843,0.005857309149481201,0.0466156005859375,0.9983529361585776
51755.11036325246,1901,124589568,124583936,2278.3861214902995,2184.520026597441,1889,100,5.7,4.950757616985693,10.0,0.0,4.0,4.898979574707617,10.0,0.0,-0.0048069760741782375,0.02840421742439503,2.4795103023449583,0.0057391184509469895,0.048258463541666664,0.9976020703713099
51815.11453354545,1903,124760576,124715008,2849.9352489169,2184.3815081518756,1889,100,5.7,4.950757616985693,10.0,0.0,4.0,4.898979574707617,10.0,0.0,-0.002713004854740575,0.06481673011633879,2.401749608417352,0.004557813064820948,0.04384867350260417,0.9957955423742534
51886.25573672168,1906,124911616,124911616,2123.1015678192202,2763.630515398578,1889,100,5.7,4.950757616985693,10.0,0.0,4.0,4.898979574707617,10.0,0.0,-0.003335609017085517,0.03573807156256711,2.468386086324851,0.005887739328803339,0.0498046875,0.997166029488047
51946.25602938607,1908,125048064,125042688,2274.1222407565506,2184.5226777999133,1889,100,5.7,4.950757616985693,10.0,0.0,4.0,4.898979574707617,10.0,0.0,-0.004638351550966036,0.0650067966877638,2.407667954762777,0.006621531358784219,0.052693684895833336,0.9957692287862301
52006.25652454607,1910,125206272,125173760,2636.7782395481795,2184.5153052567443,1899,100,6.1,4.877499458521317,10.0,0.0,4.4,4.963869563967501,10.0,0.0,-0.008009953130870903,0.01356749607415016,2.50561286509037,0.004375937459068761,0.047765096028645836,0.99870515614748
52066.25667820498,1912,125367552,125304832,2687.9931160983906,2184.527738797422,1899,100,6.1,4.877499458521317,10.0,0.0,4.4,4.963869563967501,10.0,0.0,-0.006230079884214017,0.027525978349634293,2.3988348717490835,0.005425383517528341,0.045049031575520836,0.9980122931301594
52134.84381377883,1915,125501440,125501440,1952.0861875889282,2866.543388275902,1899,100,6.1,4.877499458521317,10.0,0.0,4.4,4.963869563967501,10.0,0.0,-0.005282101454213262,0.03335352241507887,2.4504835084080696,0.0025688329800080587,0.030954996744791664,0.9972145538777113
52194.85355505906,1917,125644800,125632512,2388.945476877676,2184.1787217167325,1908,100,6.3,4.828043201631728,10.0,0.0,4.2,4.935585161626588,10.0,0.0,-0.005114640827135493,0.024628631625091657,2.4544890026251474,0.00805986760618301,0.062357584635416664,0.9979358930140734
52254.85586323403,1919,125809408,125763584,2743.3611307085093,2184.4492984801814,1908,100,6.3,4.828043201631728,10.0,0.0,4.2,4.935585161626588,10.0,0.0,-0.007047091933297148,0.016460191540924523,2.409269742667675,0.006696163135226622,0.060918172200520836,0.9986582851658264
52327.33786485717,1922,125960192,125960192,2080.29575099185,2712.50787226102,1908,100,6.3,4.828043201631728,10.0,0.0,4.2,4.935585161626588,10.0,0.0,-0.005793317150770842,0.02871953071007738,2.4665423085292177,0.0036762118676657942,0.034311930338541664,0.9977602312962214
52387.33820905723,1924,126102784,126091264,2376.5197000296203,2184.5208014634927,1908,100,6.3,4.828043201631728,10.0,0.0,4.2,4.935585161626588,10.0,0.0,-0.003971599122451153,0.05478929903862688,2.4334479769070945,0.003008453149353348,0.034077962239583336,0.9951591528952122
52447.33988340199,1926,126270720,126222336,2798.855229190069,2184.4723740020054,1916,100,6.0,4.898979567977537,10.0,0.0,4.0,4.898979576163648,10.0,0.0,-0.006214810399493823,0.009234470526280347,2.444241613149643,0.004777131604593403,0.0482940673828125,0.9992044953008493
52518.09849782102,1929,126418944,126418944,2094.7838113706775,2778.5733456522976,1916,100,6.0,4.898979567977537,10.0,0.0,4.0,4.898979576163648,10.0,0.0,-0.007236525118059945,0.01252471425929495,2.431114350756009,0.004821344220545143,0.0471343994140625,0.9988431433836619
52578.09854727797,1931,126560256,126550016,2355.198058651299,2184.5315326620744,1916,100,6.0,4.898979567977537,10.0,0.0,4.0,4.898979576163648,10.0,0.0,-0.0062785625802159,0.007038212005378833,2.4651120230555534,0.004854148955928395,0.040506998697916664,0.9992846560974915
52638.09892480448,1933,126732544,126681088,2871.4485992006826,2184.519588099182,1924,100,6.0,4.8989795939919,10.0,0.0,3.9,4.877499432392388,10.0,0.0,-0.006904906401662932,0.007703429944134162,2.3519782771666846,0.004852206667540789,0.052515665690104164,0.999464546640714
52707.70149698667,1936,126877696,126877696,2085.4401705162068,2824.723193926714,1924,100,6.0,4.8989795939919,10.0,0.0,3.9,4.877499432392388,10.0,0.0,-0.0023763459103065543,0.04555963899959655,2.3685338025291762,0.0034319124048730982,0.030131022135416664,0.9968933748702208
52767.70273174532,1938,127009280,127008768,2193.021535794989,2184.4883780681607,1924,100,6.0,4.8989795939919,10.0,0.0,3.9,4.877499432392388,10.0,0.0,-0.0072944624310669805,0.01767640808005429,2.3999041666587195,0.004423933844009298,0.0453643798828125,0.9987903262178104
52827.70763449371,1940,127172608,127139840,2721.9109192603346,2184.354844296695,1924,100,6.0,4.8989795939919,10.0,0.0,3.9,4.877499432392388,10.0,0.0,-0.0022654358860260495,0.033762161704847436,2.4269657159845033,0.00801616354753302,0.05145263671875,0.9974807525674503
52887.70785170607,1942,127334656,127270912,2700.790222582848,2184.5254249011346,1932,100,6.3,4.8280431933253425,10.0,0.0,3.5,4.769696071922692,10.0,0.0,-0.0062275182208395554,0.03043391055931958,2.4462371443708735,0.006598493878603525,0.046783447265625,0.9976821268598238
52954.806864907965,1945,127467520,127467520,1980.1185391539093,2930.1176070716806,1932,100,6.3,4.8280431933253425,10.0,0.0,3.5,4.769696071922692,10.0,0.0,-0.007735198300603466,0.01524895523956123,2.4343350057800612,0.006421633925735175,0.045735677083333336,0.9988771813611189
53014.807289933786,1947,127601408,127598592,2231.450859596116,2184.51785872507,1932,100,6.3,4.8280431933253425,10.0,0.0,3.5,4.769696071922692,10.0,0.0,-0.005132556992369549,0.033382052303447075,2.4682413662473364,0.0048183451563090784,0.04188028971354167,0.9970576191941897
53074.80845662579,1949,127768832,127729664,2790.345742098923,2184.4908561997686,1941,100,7.0,4.582575765554457,10.0,0.0,3.9,4.8774994406145495,10.0,0.0,-0.008591236304103708,0.003231842867535306,2.534744131068389,0.005245657373961876,0.038492838541666664,0.9995872862637043
53146.06238374859,1952,127926272,127926272,2209.5624249406255,2759.258442852684,1941,100,7.0,4.582575765554457,10.0,0.0,3.9,4.8774994406145495,10.0,0.0,-0.004666470624215435,0.038408033292701774,2.4514937102794647,0.0038389183373510605,0.03982035319010417,0.997047703092297
53206.06313005276,1954,128058624,128057344,2205.8392295497697,2184.5061615657296,1941,100,7.0,4.582575765554457,10.0,0.0,3.9,4.8774994406145495,10.0,0.0,-0.009310269643416783,0.0038328604411314395,2.4645077089468637,0.003957830537425859,0.041341145833333336,0.9996933949490387
53266.0632702373,1956,128216064,128188416,2623.9938692772575,2184.528229382042,1941,100,7.0,4.582575765554457,10.0,0.0,3.9,4.8774994406145495,10.0,0.0,-0.007837642597830078,0.0040495872211370925,2.4641440212726593,0.005644897102683898,0.0515899658203125,0.9996810648590326
53326.06371957809,1958,128380672,128319488,2743.4461209625215,2184.5169734569376,1949,100,6.8,4.664761612551566,10.0,0.0,3.9,4.877499430929945,10.0,0.0,-0.002311883506384523,0.030462024059185445,2.471625511844953,0.004828740190835863,0.038477579752604164,0.9973588859041532
53394.07207680121,1961,128516096,128516096,1991.2846822001297,2890.938820282986,1949,100,6.8,4.664761612551566,10.0,0.0,3.9,4.877499430929945,10.0,0.0,-0.007727794343130275,0.007217849414397885,2.4133518760402994,0.004195673389403964,0.0400390625,0.9994891422490279
53454.07242485136,1963,128656128,128647168,2333.853128367915,2184.5206612877014,1949,100,6.8,4.664761612551566,10.0,0.0,3.9,4.877499430929945,10.0,0.0,-0.007405391874878355,0.016238067170585662,2.4217604746421175,0.0024192953781797164,0.037709554036458336,0.9985634163022041
53514.072772083804,1965,128819456,128778240,2722.1175798742374,2184.520691058949,1949,100,6.8,4.664761612551566,10.0,0.0,3.9,4.877499430929945,10.0,0.0,-0.003727435393860408,0.019335963484384894,2.3882726455728216,0.008529051702983756,0.0478515625,0.9984670293827852
53584.035910177976,1968,128974848,128974848,2221.055319028701,2810.1655436804654,1957,100,6.5,4.76969609172968,10.0,0.0,4.0,4.898979540507144,10.0,0.0,-0.006015118742652703,0.018086449311037235,2.422136428455512,0.0041676886976347305,0.04343159993489583,0.9983776044100523
53644.03649230115,1970,129119232,129105920,2406.376653206363,2184.512139080953,1957,100,6.5,4.76969609172968,10.0,0.0,4.0,4.898979540507144,10.0,0.0,-0.005450552140246145,0.023457356699509543,2.365506534775098,0.0054462173078112155,0.047297159830729164,0.9983332442740599
53704.03661161102,1972,129284608,129236992,2756.261185847161,2184.528989402084,1957,100,6.5,4.76969609172968,10.0,0.0,4.0,4.898979540507144,10.0,0.0,-0.00713547739724163,0.005301144689534946,2.482252965370814,0.008283747543221882,0.0486297607421875,0.9994893179585537
53774.23817325756,1975,129433600,129433600,2122.3459493703704,2800.6214589629626,1965,100,6.8,4.664761603954431,10.0,0.0,4.0,4.898979566521507,10.0,0.0,-0.004241384369379375,0.03498689396656118,2.4587849229574203,0.005848902926421337,0.04441833496093751,0.9973668108383814
53834.23860370554,1977,129565952,129564672,2205.850841599323,2184.5176613130625,1965,100,6.8,4.664761603954431,10.0,0.0,4.0,4.898979566521507,10.0,0.0,-0.003932976898795459,0.019951467855814066,2.470499326785405,0.006965602453419706,0.049550374348958336,0.9981246422976255
53894.23893420212,1979,129718272,129695744,2538.652683066199,2184.5213003863764,1965,100,6.8,4.664761603954431,10.0,0.0,4.0,4.898979566521507,10.0,0.0,-0.008228630266482165,0.01379491190649181,2.438540558020274,0.008793705540786807,0.055074055989583336,0.9991258904337883
53966.08974038996,1982,129892352,129892352,2422.7981457146866,2736.336729277764,1965,100,6.8,4.664761603954431,10.0,0.0,4.0,4.898979566521507,10.0,0.0,-0.002534472948658125,0.04543559595670861,2.467763140797615,0.0054495529730047565,0.0390472412109375,0.9967059530317783
54026.089752225205,1984,130032384,130023424,2333.8662063019387,2184.532902425215,1974,100,7.1,4.5376206019514465,10.0,0.0,3.8,4.853864485524321,10.0,0.0,-0.006674156107086068,0.009184375749706913,2.459387496113777,0.005539066666945777,0.045857747395833336,0.999282783518235
54086.08996320143,1986,130203136,130154496,2845.8566598649354,2184.5256519502955,1974,100,7.1,4.5376206019514465,10.0,0.0,3.8,4.853864485524321,10.0,0.0,-0.010112264923615536,0.0036644772323294697,2.4815555214881897,0.004320705322849486,0.035619099934895836,0.9997061950465044
54157.123507210985,1989,130351104,130351104,2083.072188825377,2767.8191021070757,1974,100,7.1,4.5376206019514465,10.0,0.0,3.8,4.853864485524321,10.0,0.0,-0.005655346511048265,0.018092094321521774,2.449247474471728,0.0033086139974329853,0.034983317057291664,0.9982963216801484
54217.124696820974,1991,130487040,130482176,2265.555081217393,2184.490021814134,1974,100,7.1,4.5376206019514465,10.0,0.0,3.8,4.853864485524321,10.0,0.0,-0.008004211912824152,0.01259322799645209,2.425274016956488,0.005988527937006438,0.051823933919270836,0.9990894962102175
54277.125223712996,1993,130653184,130613248,2769.0423502279837,2184.514149948733,1983,100,6.8,4.664761612551566,10.0,0.0,4.1,4.918333158942066,10.0,0.0,-0.007967131475500839,0.026730076150367193,2.4217566425601644,0.004895656383572108,0.0493316650390625,0.9981616151829561
54349.60067727417,1996,130809856,130809856,2161.72500207623,2712.7529437819353,1983,100,6.8,4.664761612551566,10.0,0.0,4.1,4.918333158942066,10.0,0.0,-0.008799419500671018,0.00913178233410387,2.472179139653842,0.004612992306041027,0.036677042643229164,0.9990468559165795
54409.60083244555,1998,130952192,130940928,2372.260531551015,2184.5276837304314,1983,100,6.8,4.664761612551566,10.0,0.0,4.1,4.918333158942066,10.0,0.0,-0.007456768156165102,0.005059897796551619,2.415884089966615,0.005042888199871716,0.04133097330729167,0.9996605589985846
54469.60151477344,2000,131115776,131072000,2726.368995372978,2184.5084908152817,1991,100,7.3,4.43959462928391,10.0,0.0,4.1,4.91833311382167,10.0,0.0,-0.006467749282213239,0.011409462589654142,2.4574414963523545,0.001809547093216679,0.036641438802083336,0.9990233232577641
54539.87636550516,2003,131268608,131268608,2174.77516364223,2797.7007130271904,1991,100,7.3,4.43959462928391,10.0,0.0,4.1,4.91833311382167,10.0,0.0,-0.010199136743419027,0.003078569523495389,2.4469140196839967,0.007948839200859462,0.04657491048177083,0.9997165507326523
54599.87652282417,2005,131405568,131399680,2282.6606815680498,2184.527605538022,1991,100,7.3,4.43959462928391,10.0,0.0,4.1,4.91833311382167,10.0,0.0,-0.0035904638789361343,0.02006331843828472,2.4506218433380127,0.006647722072860537,0.04495747884114583,0.9981713971743982
54659.87698828615,2007,131570176,131530752,2743.4453838411314,2184.516386511134,1991,100,7.3,4.43959462928391,10.0,0.0,4.1,4.91833311382167,10.0,0.0,-0.0075454453569060815,0.002967611129861325,2.414948210120201,0.009099184072207816,0.049967447916666664,0.9997631429384152
54719.87752842903,2009,131723008,131661824,2547.177069340745,2184.513667508311,1999,100,7.1,4.537620582703418,10.0,0.0,4.4,4.9638695668414945,10.0,0.0,-0.0058494040786172255,0.012334120190644171,2.4599904542167983,0.005111873315399863,0.04402669270833333,0.9987748904774587
54788.020416745916,2012,131858432,131858432,1987.3533885185236,2885.231384465456,1999,100,7.1,4.537620582703418,10.0,0.0,4.4,4.9638695668414945,10.0,0.0,-0.0035886806096338355,0.03528629673140434,2.380309102435907,0.005665178100874376,0.0381011962890625,0.9974908791482449
54848.020436778665,2014,132001536,131989504,2385.065870342918,2184.5326039634597,1999,100,7.1,4.537620582703418,10.0,0.0,4.4,4.9638695668414945,10.0,0.0,-0.0010480820589388409,0.027564872672276884,2.44465804596742,0.0050745543849188834,0.0437469482421875,0.9976489829520384
54908.02083819732,2016,132163840,132120576,2705.048569050645,2184.5187182238647,1999,100,7.1,4.537620582703418,10.0,0.0,4.4,4.9638695668414945,10.0,0.0,-0.0025970791903091595,0.024580395414280552,2.4833753680189448,0.00382856339213807,0.036046346028645836,0.9976948083688816
54978.40013079345,2019,132317184,132317184,2178.822695476036,2793.548965151245,2008,100,6.7,4.702127236961342,10.0,0.0,4.2,4.935585142485331,10.0,0.0,-0.003358265147350418,0.017190517042763528,2.414379415412744,0.0065525367378237815,0.04407246907552083,0.998704943805933
55038.400482960045,2021,132454656,132448256,2291.186552010631,2184.520511414233,2008,100,6.7,4.702127236961342,10.0,0.0,4.2,4.935585142485331,10.0,0.0,-0.0033835119150656583,0.03392684895031076,2.4329590027530985,0.005405864252073418,0.051472981770833336,0.9974315340320269
55098.40055186115,2023,132621312,132579328,2777.5968103417626,2184.5308247234752,2008,100,6.7,4.702127236961342,10.0,0.0,4.2,4.935585142485331,10.0,0.0,-0.0067424283527846764,0.02809119915279249,2.4110350757837296,0.008311730683393156,0.04222106933593749,0.9978797553728024
55168.90394109301,2026,132775936,132775936,2193.1427933414166,2788.6318961692186,2017,100,7.0,4.582575793364981,10.0,0.0,4.4,4.963869530214112,10.0,0.0,-0.003518848401048065,0.0298607484025221,2.4564112052321434,0.005819872502494642,0.0388641357421875,0.9971357652296622
55228.90450765379,2028,132918528,132907008,2376.5108927024457,2184.5127056798065,2017,100,7.0,4.582575793364981,10.0,0.0,4.4,4.963869530214112,10.0,0.0,-0.005701788773876615,0.020915423597519595,2.4551562195022902,0.005491597686462531,0.046864827473958336,0.9980833809822798
55288.90475160442,2030,133075200,133038080,2611.1893833115223,2184.5244513978746,2017,100,7.0,4.582575793364981,10.0,0.0,4.4,4.963869530214112,10.0,0.0,0.00029777465776229884,0.0378327778671519,2.4451734299461045,0.004857099182724293,0.03821818033854167,0.9970033355057238
55360.43504053354,2033,133234688,133234688,2229.6568682679126,2748.5978729209583,2017,100,7.0,4.582575793364981,10.0,0.0,4.4,4.963869530214112,10.0,0.0,-0.007479444917407818,0.006838140245235991,2.4278266256054244,0.003410832938849732,0.0442352294921875,0.9994917002816995
55420.435061659664,2035,133371648,133365760,2282.6658629354024,2184.5325641550016,2025,100,6.6,4.7370878081300845,10.0,0.0,4.2,4.9355851520559595,10.0,0.0,-0.004733299504247649,0.02479579461942194,2.418054290115833,0.004134213203239294,0.043904622395833336,0.9980906390895445
55480.43516514078,2037,133538048,133496832,2773.3285502145395,2184.529565707453,2025,100,6.6,4.7370878081300845,10.0,0.0,4.2,4.9355851520559595,10.0,0.0,-0.003956293704201623,0.03543191908102017,2.418882648150126,0.003396988279443273,0.037251790364583336,0.9971552528440953
55552.36512615718,2040,133693440,133693440,2160.3237066202096,2733.32554643216,2025,100,6.6,4.7370878081300845,10.0,0.0,4.2,4.9355851520559595,10.0,0.0,-0.0063913078896196875,0.004429745558203043,2.428762197494507,0.004583534686995941,0.037806193033854164,0.9995907538880905
55612.36517587677,2042,133834752,133824512,2355.1980483420966,2184.531523099916,2033,100,6.4,4.800000112147412,10.0,0.0,4.4,4.9638695478093044,10.0,0.0,-0.008472933845041553,0.004179859034290226,2.4440500537554426,0.03183265636713865,0.05303955078125,0.9995918547113737
55672.365597344935,2044,133996288,133955584,2692.2477550544922,2184.5179882534076,2033,100,6.4,4.800000112147412,10.0,0.0,4.4,4.9638695478093044,10.0,0.0,-0.002404017863833966,0.016576282689735915,2.4029721965392428,0.005732940730619399,0.04515584309895833,0.9987569792817036
55743.38583377749,2047,134152192,134152192,2195.2053081104773,2768.3377284545923,2033,100,6.4,4.800000112147412,10.0,0.0,4.4,4.9638695478093044,10.0,0.0,-0.0025334933501047394,0.03522724270199736,2.340835991005103,0.006335815674295493,0.0467681884765625,0.9975856821984053
55803.38612567447,2049,134291456,134283264,2321.0553748489406,2184.5227057401794,2033,100,6.4,4.800000112147412,10.0,0.0,4.4,4.9638695478093044,10.0,0.0,-0.0029287231688310085,0.046047200970254686,2.425566330552101,0.006886406619135717,0.044077555338541664,0.9964271454761426
55863.3861485254,2051,134457088,134414336,2760.5322819878024,2184.5325013566535,2041,100,6.9,4.624932519233266,10.0,0.0,4.1,4.918333131579768,10.0,0.0,-0.004303259668328489,0.023065641301703483,2.4515067289272947,0.006521813640574692,0.04464213053385417,0.9979051320503155
55933.18898655102,2054,134610944,134610944,2204.151068235098,2816.619002337031,2041,100,6.9,4.624932519233266,10.0,0.0,4.1,4.918333131579768,10.0,0.0,-0.004093063563535301,0.03278124116089506,2.37517569710811,0.0064835762817286495,0.051503499348958336,0.9978590582807859
55993.189159749076,2056,134749952,134742016,2316.7933122649124,2184.527027402643,2041,100,6.9,4.624932519233266,10.0,0.0,4.1,4.918333131579768,10.0,0.0,-0.0025911225505600064,0.041787471132314145,2.410338006913662,0.005675116127046445,0.053278605143229164,0.9970477242022753
56053.18931445293,2058,134915584,134873088,2760.526215599187,2184.52770075237,2050,100,6.6,4.737087806624294,10.0,0.0,4.1,4.918333184854063,10.0,0.0,-0.006540124350673674,0.01919955876655877,2.4574353620409966,0.004701833551128705,0.04450988769531249,0.9984038826078176
56124.92405052297,2061,135069696,135069696,2148.3594760777482,2740.7642485510146,2050,100,6.6,4.737087806624294,10.0,0.0,4.1,4.918333184854063,10.0,0.0,-0.0033211916525033303,0.03094995079057601,2.4598289728164673,0.004985676521755522,0.04775492350260417,0.9969584147135416
56184.924420008436,2063,135209728,135200768,2333.8522945915574,2184.5198808608366,2050,100,6.6,4.737087806624294,10.0,0.0,4.1,4.918333184854063,10.0,0.0,-0.008224147261595741,0.0052165279994369484,2.4523353899518647,0.004586176486554905,0.03965759277343751,0.9995248528818289
56244.92466725968,2065,135366912,135331840,2619.7225378391295,2184.5243312274174,2050,100,6.6,4.737087806624294,10.0,0.0,4.1,4.918333184854063,10.0,0.0,-0.0050215446632743506,0.01591794038298152,2.461608524123828,0.007494243850184526,0.03493245442708333,0.9985884049286445
56316.84761156142,2068,135528448,135528448,2245.95922161231,2733.5922063363773,2058,100,6.5,4.76969609172968,10.0,0.0,4.2,4.9355852228400625,10.0,0.0,-0.0047140300715303365,0.014041246070216099,2.4257867063085237,0.00337762436781001,0.039652506510416664,0.9990175149093072
56376.852291908115,2070,135666432,135659520,2299.55395483736,2184.3629404020935,2058,100,6.5,4.76969609172968,10.0,0.0,4.2,4.9355852228400625,10.0,0.0,-0.0022938332816314264,0.04783225858894487,2.414778302113215,0.012086045506900213,0.05706787109375,0.9961410506318014
56436.852430060506,2072,135824896,135790592,2641.0605855194344,2184.5283033698715,2058,100,6.5,4.76969609172968,10.0,0.0,4.2,4.9355852228400625,10.0,0.0,-0.007189869111850081,0.017823032723147964,2.410320070882638,0.003317891692252791,0.04225158691406249,0.9987427548815806
56508.845681946725,2075,135987200,135987200,2254.433516303892,2730.92261911891,2066,100,6.8,4.664761612551566,10.0,0.0,4.2,4.9355852228400625,10.0,0.0,-0.002741362465409717,0.03500241215563922,2.4005224307378135,0.004824199610084179,0.04642740885416667,0.9972282585998377
56568.846017422155,2077,136125952,136118272,2312.5204034370586,2184.5211191139742,2066,100,6.8,4.664761612551566,10.0,0.0,4.2,4.9355852228400625,10.0,0.0,-0.0016296644049968259,0.014370084572874477,2.3929662083586054,0.005531953280903205,0.042689005533854164,0.9986133103569349
56628.846289847046,2079,136290560,136249344,2743.4542102464034,2184.5234146907596,2066,100,6.8,4.664761612551566,10.0,0.0,4.2,4.9355852228400625,10.0,0.0,-0.0009571548265133363,0.044925973386853,2.3034893944859505,0.008015896544141773,0.051310221354166664,0.9969073577473561
56700.18565423414,2082,136445952,136445952,2178.2083613308705,2755.953906922749,2066,100,6.8,4.664761612551566,10.0,0.0,4.2,4.9355852228400625,10.0,0.0,-0.002010837102716323,0.02132682484322383,2.425776253143946,0.006951872295151891,0.0443267822265625,0.99811854151388
56760.18568516523,2084,136579840,136577024,2231.465516305828,2184.532207167464,2074,100,7.1,4.537620628465511,10.0,0.0,4.5,4.97493730036432,10.0,0.0,-0.004164880379297149,0.01986128503146271,2.3580455432335534,0.006480856531804117,0.039082845052083336,0.9986922654012839
56820.18587245606,2086,136745216,136708096,2756.2580629688846,2184.526514303512,2074,100,7.1,4.537620628465511,10.0,0.0,4.5,4.97493730036432,10.0,0.0,-0.00461454887893827,0.037431740667670965,2.321564311782519,0.007639410838843711,0.05527242024739583,0.9980301248530548
56892.14494339004,2089,136904704,136904704,2216.371027723784,2732.2198222983407,2074,100,7.1,4.537620628465511,10.0,0.0,4.5,4.97493730036432,10.0,0.0,-0.005928792765189429,0.012764093931764364,2.40948449075222,0.004609040200496869,0.040842692057291664,0.9991299603134394
56952.14497199282,2091,137039104,137035776,2239.99893216343,2184.5322919384303,2082,100,7.2,4.489988925662702,10.0,0.0,4.4,4.9638695478093044,10.0,0.0,-0.0059718636427229885,0.044611475233978126,2.4225416630506516,0.005083715382473504,0.0449981689453125,0.9967615976929666
57012.14521565288,2093,137206784,137166848,2794.6553175685085,2184.5244619772157,2082,100,7.2,4.489988925662702,10.0,0.0,4.4,4.9638695478093044,10.0,0.0,-0.006109291588169677,0.019745605228915032,2.4595254982511205,0.0011804169286430504,0.036865234375,0.9981165019174417
57083.58572636172,2096,137363456,137363456,2193.0414332916625,2752.051994718949,2082,100,7.2,4.489988925662702,10.0,0.0,4.4,4.9638695478093044,10.0,0.0,-0.0032070773935023076,0.01735267990928454,2.390621177852154,0.006458325322455494,0.043558756510416664,0.9986556861549616
57143.585727673024,2098,137505792,137494528,2372.2666148206936,2184.533285590279,2082,100,7.2,4.489988925662702,10.0,0.0,4.4,4.9638695478093044,10.0,0.0,-0.003748161563028892,0.017999737176675506,2.4413091118137045,0.006612733994794932,0.0483245849609375,0.9984796984742085
57203.58620335907,2100,137669120,137625600,2722.1117521571773,2184.5160142703367,2090,100,6.7,4.702127226915537,10.0,0.0,4.1,4.918333131579768,10.0,0.0,-0.005901006828935351,0.014084915868200673,2.439410043259462,0.004076922881116237,0.037816365559895836,0.9988277473797401
57274.72848489694,2103,137822208,137822208,2151.8567677436276,2763.588624794492,2090,100,6.7,4.702127226915537,10.0,0.0,4.1,4.918333131579768,10.0,0.0,-0.0020396250353466408,0.051929698209278286,2.426228197912375,0.00403898556335965,0.04407755533854167,0.9956456460058689
57334.72858153656,2105,137958144,137953280,2265.596350893891,2184.5298147978765,2090,100,6.7,4.702127226915537,10.0,0.0,4.1,4.918333131579768,10.0,0.0,-0.0068495960149448365,0.006001204002435164,2.373110644519329,0.0057070713780073366,0.0437164306640625,0.9995793097962936
57394.72887395322,2107,138123264,138084352,2751.9865878878027,2184.522686819465,2090,100,6.7,4.702127226915537,10.0,0.0,4.1,4.918333131579768,10.0,0.0,-0.00693876795048709,0.014096696327518051,2.370327045520147,0.004010809603035644,0.039037068684895836,0.9989584845801195
57465.32358314097,2110,138280960,138280960,2233.8217950669473,2785.0245756678823,2099,100,7.1,4.537620600379462,10.0,0.0,3.9,4.877499442076993,10.0,0.0,-0.004883334617867755,0.05192194153884581,2.408899662395318,0.005963257038577771,0.03689066569010417,0.9959284539024035
57525.323916500434,2112,138415104,138412032,2235.720911687883,2184.521196153046,2099,100,7.1,4.537620600379462,10.0,0.0,3.9,4.877499442076993,10.0,0.0,-0.005836986235711569,0.01198588682988581,2.3229378759860992,0.005621301658417603,0.049128214518229164,0.9991027085731427
57585.32439906895,2114,138574592,138543104,2658.111954647586,2184.515763691114,2099,100,7.1,4.537620600379462,10.0,0.0,3.9,4.877499442076993,10.0,0.0,-0.0012952004520532987,0.0097374810417629,2.413673351208369,0.017135150966472185,0.05225118001302083,0.999233034128944
57657.331974441186,2117,138739712,138739712,2293.0920690834705,2730.379393885435,2099,100,7.1,4.537620600379462,10.0,0.0,3.9,4.877499442076993,10.0,0.0,-0.007561086776452915,0.0031303706212687152,2.4681414266427355,0.004521715517209183,0.033955891927083336,0.9996997397392988
57717.332617189735,2119,138878208,138870784,2308.2419396806863,2184.509931823496,2107,100,6.5,4.7696960734181895,10.0,0.0,3.9,4.877499422707784,10.0,0.0,-0.005187036772743643,0.025758611793814147,2.3917628626028695,0.012197137876379808,0.037302652994791664,0.9980271551758051
57777.33296206221,2121,139043584,139001856,2756.2508240826246,2184.5207769818944,2107,100,6.5,4.7696960734181895,10.0,0.0,3.9,4.877499422707784,10.0,0.0,-0.007227042852415859,0.006865820813497217,2.392699693640073,0.0066817692046849215,0.04517618815104167,0.9994606028000514
57847.71021496132,2124,139198464,139198464,2200.711076660367,2793.629928719276,2107,100,6.5,4.7696960734181895,10.0,0.0,3.9,4.877499422707784,10.0,0.0,-0.0029456997023468525,0.059631718388118315,2.365968386332194,0.009620277038266067,0.05621337890625,0.9963397663086653
57907.710562672466,2126,139335936,139329536,2291.1867221473235,2184.520673630223,2117,100,7.2,4.489988915142264,10.0,0.0,4.1,4.918333133030069,10.0,0.0,-0.007004394523391967,0.01751694010939294,2.328147721787294,0.003930566992494278,0.045293172200520836,0.9987223769227663
57967.710895653814,2128,139510784,139460608,2914.1171608889904,2184.5212099197115,2117,100,7.2,4.489988915142264,10.0,0.0,4.1,4.918333133030069,10.0,0.0,-0.009691926512459759,0.0023016538689262234,2.440604659418265,0.00486213282783865,0.0370941162109375,0.999809144064784
58036.36455545761,2131,139657216,139657216,2132.908870677718,2863.765756434418,2117,100,7.2,4.489988915142264,10.0,0.0,4.1,4.918333133030069,10.0,0.0,-0.007244858599733561,0.012577968176628929,2.4810373708605766,0.004107209129263841,0.034210205078125,0.9986183767517408
58096.364559117705,2133,139801600,139788288,2406.39985320569,2184.53320007325,2117,100,7.2,4.489988915142264,10.0,0.0,4.1,4.918333133030069,10.0,0.0,-0.006776620240998454,0.005721819711955807,2.435492657124996,0.0028075081912296205,0.037694295247395836,0.9994728105763594
58156.36458828859,2135,139965952,139919360,2739.19866825248,2184.5322712543143,2124,100,6.7,4.7021272454901615,10.0,0.0,4.2,4.935585160181357,10.0,0.0,-0.003641038027126342,0.013796955679329889,2.4195824240644774,0.00973818447831339,0.04008483886718751,0.9988112462063631
58225.51404407248,2138,140115968,140115968,2169.4458517336966,2843.232788620271,2124,100,6.7,4.7021272454901615,10.0,0.0,4.2,4.935585160181357,10.0,0.0,-0.003367422995021722,0.03671737832579917,2.3718694175283113,0.007142043973847952,0.043192545572916664,0.9972988745818536
58285.514215353876,2140,140259584,140247040,2393.593167033628,2184.527097185771,2124,100,6.7,4.7021272454901615,10.0,0.0,4.2,4.935585160181357,10.0,0.0,-0.006163442808125789,0.025639620291864656,2.4096224183837576,0.005941132334555732,0.035532633463541664,0.9976351099709669
58345.52565584704,2142,140430848,140378112,2853.855841362481,2184.116877096548,2133,100,6.6,4.737087826567625,10.0,0.0,4.4,4.963869555888403,10.0,0.0,-0.006715474674516979,0.015607342040311778,2.4291032900412874,0.00734094909724566,0.047124226888020836,0.9987138068924347
58413.532667230815,2145,140574720,140574720,2115.546574868769,2890.996031137392,2133,100,6.6,4.737087826567625,10.0,0.0,4.4,4.963869555888403,10.0,0.0,-0.006114753404593405,0.019246451954434935,2.4362767562270164,0.005589473532988146,0.032491048177083336,0.9985713089505831
58473.537022532895,2147,140718080,140705792,2389.159908114692,2184.3747731334324,2133,100,6.6,4.737087826567625,10.0,0.0,4.4,4.963869555888403,10.0,0.0,-0.0013522358543317143,0.05123739743430633,2.4236523856719336,0.005117032304042368,0.03619384765625,0.9962311238050461
58533.537811813876,2149,140886016,140836864,2798.8965147368936,2184.5045968678196,2133,100,6.6,4.737087826567625,10.0,0.0,4.4,4.963869555888403,10.0,0.0,0.00015050214036212606,0.0343541900413887,2.4898352498809495,0.004064928362519519,0.034154256184895836,0.9972824013481537
58602.124081633985,2152,141033472,141033472,2149.9346791530415,2866.5795722040552,2142,100,6.9,4.624932519233266,10.0,0.0,3.9,4.877499466743478,10.0,0.0,-0.004117705451790243,0.027504811924397167,2.3973344961802163,0.00431897041623112,0.045201619466145836,0.9982409874598186
58662.12427924946,2154,141175808,141164544,2372.2588534156857,2184.526138397178,2142,100,6.9,4.624932519233266,10.0,0.0,3.9,4.877499466743478,10.0,0.0,-0.008438405335861413,0.013946710518212056,2.455666827658812,0.004224648554251568,0.038594563802083336,0.9989700186997652
58722.1245375406,2156,141336320,141295616,2675.188483708605,2184.5239292803917,2142,100,6.9,4.624932519233266,10.0,0.0,3.9,4.877499466743478,10.0,0.0,-0.004152550054034995,0.01775166889031728,2.4325580348571143,0.0036018288756167753,0.043065388997395836,0.9986448219666879
58792.23626860976,2159,141492224,141492224,2223.6507018519737,2804.2097520891884,2142,100,6.9,4.624932519233266,10.0,0.0,3.9,4.877499466743478,10.0,0.0,-0.005940687537076884,0.016689367507448576,2.4554340864221254,0.0065894502010147935,0.03800964355468749,0.9988161238531271
58852.236660322174,2161,141629696,141623296,2291.1850419063394,2184.519071612748,2150,100,6.7,4.702127262547799,10.0,0.0,4.5,4.97493728280827,10.0,0.0,-0.007349713310153069,0.019914234949586294,2.393009652694066,0.006050398783069492,0.049870808919270836,0.9986746025582154
58912.236960195005,2163,141793536,141754368,2730.6530191891666,2184.522415351333,2150,100,6.7,4.702127262547799,10.0,0.0,4.5,4.97493728280827,10.0,0.0,-0.0037283578130882233,0.04479561446350999,2.413110395272573,0.0036074789580500992,0.0443115234375,0.9966660377879938
58982.99674533121,2166,141950976,141950976,2224.9926239450606,2778.527374292368,2150,100,6.7,4.702127262547799,10.0,0.0,4.5,4.97493728280827,10.0,0.0,-0.006326179569441593,0.025628231971495552,2.482269455989202,0.003161781009112019,0.0388946533203125,0.9979712019364039
59042.99817657843,2168,142089984,142082048,2316.744736092305,2184.4812244553596,2150,100,6.7,4.702127262547799,10.0,0.0,4.5,4.97493728280827,10.0,0.0,-0.006989566585010228,0.003137823949752298,2.4784650554259615,0.005281177424573495,0.038579305013020836,0.999710051342845
59102.99836855009,2170,142255104,142213120,2751.991194928049,2184.5263438808697,2159,100,7.2,4.489988934594482,10.0,0.0,4.0,4.8989795843497586,10.0,0.0,-0.0046957245261486,0.03100939187424956,2.3691513165831566,0.00403123280921136,0.04116821289062499,0.9972900152206422
59174.46823405847,2173,142409728,142409728,2163.485252142741,2750.921645108651,2159,100,7.2,4.489988934594482,10.0,0.0,4.0,4.8989795843497586,10.0,0.0,-0.007341877120779827,0.004000853163840171,2.5183150619268417,0.003389930718791826,0.02801513671875,0.9996022637933493
59234.468360666186,2175,142545920,142540800,2269.861876966199,2184.528723696793,2159,100,7.2,4.489988934594482,10.0,0.0,4.0,4.8989795843497586,10.0,0.0,-0.005547164771996903,0.014339077414964171,2.348913222551346,0.007359707767439734,0.051116943359375,0.9991224333643913
59294.46837575175,2177,142710528,142671872,2743.46597688785,2184.532784084882,2168,100,6.5,4.769696111536666,10.0,0.0,4.0,4.898979550149286,10.0,0.0,-0.00201655643710789,0.038795678192400374,2.4537558456261954,0.005053458560723811,0.044591267903645836,0.996174925317367
59364.81820257753,2180,142868480,142868480,2245.236514812739,2794.719033024609,2168,100,6.5,4.769696111536666,10.0,0.0,4.0,4.898979550149286,10.0,0.0,-0.007062612875112488,0.004472094578280424,2.4646697118878365,0.004927975010408166,0.0353546142578125,0.9995397484550874
59424.81858328916,2182,143008000,142999552,2325.3185787362277,2184.5194721338503,2168,100,6.5,4.769696111536666,10.0,0.0,4.0,4.898979550149286,10.0,0.0,0.0012743852130370212,0.05121540545951576,2.3836133678754168,0.009192275375122941,0.054097493489583336,0.9958615402380625
59484.82157259993,2184,143179008,143130624,2849.9913415030824,2184.424501271824,2168,100,6.5,4.769696111536666,10.0,0.0,4.0,4.898979550149286,10.0,0.0,-0.005121382273500785,0.03006404367624782,2.3976595848798747,0.004797542282176437,0.03676859537760417,0.9973025334378084
59554.08667666465,2187,143327232,143327232,2139.9520292571397,2838.485593211543,2177,100,7.0,4.582575784613661,10.0,0.0,4.0,4.898979576163648,10.0,0.0,-0.0014760328413103707,0.04859952414941896,2.422318619986375,0.015971619141661602,0.04575093587239583,0.9956462321182091
59614.08701857366,2189,143470848,143458304,2393.586360187771,2184.5208848772522,2177,100,7.0,4.582575784613661,10.0,0.0,4.0,4.898979576163648,10.0,0.0,-0.003648740911254814,0.04327298335798939,2.4488573943575225,0.006118409177967502,0.03891499837239583,0.996264428521196
59674.08732341789,2191,143636736,143589376,2764.785952849232,2184.522234350011,2177,100,7.0,4.582575784613661,10.0,0.0,4.0,4.898979576163648,10.0,0.0,-0.006553707295097411,0.020840492291123763,2.413012666006883,0.007151763051903496,0.042455037434895836,0.9985230018695195
59742.73680471815,2194,143785984,143785984,2174.058669827484,2863.9400659133926,2185,100,7.0,4.582575783057098,10.0,0.0,4.1,4.918333131579768,10.0,0.0,0.0002500550666203102,0.06658808876333448,2.299648356934388,0.008175341821697657,0.05414326985677083,0.9963081292808056
59802.73716019653,2196,143933184,143917056,2453.318798303623,2184.5203908373132,2185,100,7.0,4.582575783057098,10.0,0.0,4.1,4.918333131579768,10.0,0.0,-0.004387393681099638,0.032616339463857,2.4190517887473106,0.005088583074514948,0.04218037923177083,0.997845126936833
59862.73722048104,2198,144104192,144048128,2850.130469688008,2184.531138443503,2185,100,7.0,4.582575783057098,10.0,0.0,4.1,4.918333131579768,10.0,0.0,-0.011208491288319541,0.0032959204448464634,2.424385425945123,0.0025889181639892436,0.045649210611979164,0.9997553651531537
59931.23510439694,2201,144244736,144244736,2051.800609965616,2870.2784489136484,2185,100,7.0,4.582575783057098,10.0,0.0,4.1,4.918333131579768,10.0,0.0,-0.007160091661110831,0.016334381805791054,2.4019405047098794,0.004422999526165465,0.046732584635416664,0.9987093284726143
59991.23529608548,2203,144391168,144375808,2440.525536320483,2184.5263541889635,2193,100,6.3,4.828043145883719,10.0,0.0,3.3,4.702127282639408,10.0,0.0,-0.004096358912647702,0.0651146773113093,2.3823140809933347,0.006174510355170544,0.05184936523437501,0.9957796409726144
60051.235306512564,2205,144558848,144506880,2794.6661809961847,2184.5329536947274,2193,100,6.3,4.828043145883719,10.0,0.0,3.3,4.702127282639408,10.0,0.0,-0.004877315940878664,0.02414634863574368,2.3977885469794273,0.006533282391804581,0.044489542643229164,0.9981650405873855
60121.40607187338,2208,144703488,144703488,2061.2572665591247,2801.8505853405445,2193,100,6.3,4.828043145883719,10.0,0.0,3.3,4.702127282639408,10.0,0.0,-0.004113357589327886,0.020094094919234827,2.3745446031292277,0.004727475678009796,0.050603230794270836,0.9984425945828359
60181.40609824471,2210,144843776,144834560,2338.1323056723554,2184.5323731829308,2193,100,6.3,4.828043145883719,10.0,0.0,3.3,4.702127282639408,10.0,0.0,-0.003999256718088873,0.028101525924284942,2.4188699374596276,0.0074051653646165505,0.0496978759765625,0.9972581434994936
60241.40647220053,2212,145011968,144965632,2803.1825288931655,2184.5197181024364,2202,100,7.1,4.5376206019514465,10.0,0.0,3.8,4.853864531244002,10.0,0.0,-0.0019494065782055259,0.03194780154444743,2.381599523127079,0.005099829462172542,0.04123433430989583,0.9975222932795684
60311.06231784262,2215,145162240,145162240,2157.3494459049034,2822.5628184922757,2202,100,7.1,4.5376206019514465,10.0,0.0,3.8,4.853864531244002,10.0,0.0,-0.004614537215578215,0.0573501411320952,2.411451764404774,0.011304094665926337,0.05260213216145833,0.9954397697001697
60371.06267845817,2217,145296128,145293312,2231.453255054231,2184.5202038007,2202,100,7.1,4.5376206019514465,10.0,0.0,3.8,4.853864531244002,10.0,0.0,-0.001835652195344058,0.03963983857344525,2.4146487216154733,0.005596504952336544,0.04478454589843749,0.996665150548021
60431.06270955689,2219,145462016,145424384,2764.798566971568,2184.5322010639547,2202,100,7.1,4.5376206019514465,10.0,0.0,3.8,4.853864531244002,10.0,0.0,-0.004624434788032279,0.04268341376640213,2.328518417974313,0.0069866115876114545,0.052637736002604164,0.9972084189454714
60502.376597689465,2222,145620992,145620992,2229.2431974044716,2756.938447031617,2210,100,7.0,4.582575791808419,10.0,0.0,3.8,4.853864547768398,10.0,0.0,-0.0026175189874872258,0.02931586933118524,2.385321835676829,0.006216494906160127,0.049774169921875,0.9977778599907955
60562.37664863281,2224,145760768,145752064,2329.598022041411,2184.5314785443265,2210,100,7.0,4.582575791808419,10.0,0.0,3.8,4.853864547768398,10.0,0.0,-0.0038100848396425135,0.03768545500740099,2.3279051035642624,0.0033522577250550967,0.051259358723958336,0.9975905319054922
60622.37704786658,2226,145930496,145883136,2828.781177583608,2184.518797771957,2210,100,7.0,4.582575791808419,10.0,0.0,3.8,4.853864547768398,10.0,0.0,-0.008052458261469535,0.007292454989510588,2.3764340157310166,0.003387624842313623,0.03990173339843749,0.9994453055163225
60692.66937035881,2229,146079744,146079744,2123.2475284410198,2797.0053204849114,2219,100,7.3,4.439594657990097,10.0,0.0,4.4,4.9638695734835965,10.0,0.0,-0.009089641246343188,0.0031156971211506366,2.392717438439528,0.006667315639181956,0.04354349772135417,0.9997565547625223
60752.66962975077,2231,146218496,146210816,2312.5233358338555,2184.523889200985,2219,100,7.3,4.439594657990097,10.0,0.0,4.4,4.9638695734835965,10.0,0.0,-0.005136239164130529,0.015478939492216645,2.4111632630228996,0.0033110974230415495,0.03294881184895833,0.9986585235844055
60812.67004259303,2233,146372864,146341888,2572.782297445748,2184.5183023088275,2219,100,7.3,4.439594657990097,10.0,0.0,4.4,4.9638695734835965,10.0,0.0,-0.00925226099207066,0.013550863318717651,2.408325180411339,0.010205841702675873,0.0427703857421875,0.9989512115716934
60872.67010930553,2235,146533120,146472960,2670.930363592695,2184.5309044080827,2226,100,6.7,4.702127254018979,10.0,0.0,4.2,4.935585161626588,10.0,0.0,-0.009657685256873568,0.0038215558270167094,2.427871418495973,0.008277859719479844,0.04635620117187499,0.9996679338316123
60939.91092308983,2238,146669568,146669568,2029.2437333924195,2923.9384376085895,2226,100,6.7,4.702127254018979,10.0,0.0,4.2,4.935585161626588,10.0,0.0,-0.0008521374450841298,0.04682091077847872,2.4052183950940766,0.00996986667632882,0.05145263671875,0.9966148156672716
60999.91121150367,2240,146809344,146800640,2329.5888019058953,2184.522832556444,2226,100,6.7,4.702127254018979,10.0,0.0,4.2,4.935585161626588,10.0,0.0,-0.005525640211999416,0.04587985611093852,2.4093740731477737,0.007540514673261593,0.049184163411458336,0.9962485817571481
61059.91226388514,2242,146966016,146931712,2611.1542011616884,2184.495017965334,2226,100,6.7,4.702127254018979,10.0,0.0,4.2,4.935585161626588,10.0,0.0,-0.003974187682615593,0.024464010719384532,2.4691238130132356,0.00643478330069532,0.04186503092447917,0.9975377911080916
61132.55493980087,2245,147128320,147128320,2234.2789270080857,2706.508227038186,2235,100,6.7,4.7021272555359666,10.0,0.0,4.4,4.9638695478093044,10.0,0.0,-0.007797048456268385,0.027474214070631813,2.4152223393321037,0.007170719327405095,0.048604329427083336,0.9978448723753293
61192.55536002852,2247,147269376,147259392,2350.916867995611,2184.5180334187894,2235,100,6.7,4.7021272555359666,10.0,0.0,4.4,4.9638695478093044,10.0,0.0,-0.0074591737672259715,0.015703280121670105,2.3736423874894776,0.005207249208372863,0.0519866943359375,0.9990022405982018
61252.55572938174,2249,147430912,147390464,2692.2500934793215,2184.519885675773,2235,100,6.7,4.7021272555359666,10.0,0.0,4.4,4.9638695478093044,10.0,0.0,-0.0062570152076659715,0.016253838934062514,2.461660047372182,0.003693823128439059,0.036875406901041664,0.9986590171853701
61323.67610528134,2252,147587072,147587072,2195.713929021608,2764.4398319485163,2243,100,6.2,4.8538645492379615,10.0,0.0,3.9,4.877499450299155,10.0,0.0,-0.009817806969901236,0.005242469356744549,2.412500979999701,0.005672728556116151,0.04759724934895833,0.9996158884217341
61383.676657443866,2254,147731200,147718144,2402.1112274032007,2184.5132298942076,2243,100,6.2,4.8538645492379615,10.0,0.0,3.9,4.877499450299155,10.0,0.0,-0.006399133402737789,0.0218067788615978,2.405018165707588,0.0038016742940574963,0.040364583333333336,0.9984013177454472
61443.67677769065,2256,147891456,147849216,2670.9279804917164,2184.5289552903496,2243,100,6.2,4.8538645492379615,10.0,0.0,3.9,4.877499450299155,10.0,0.0,-0.007122113721076555,0.02875674452904301,2.3948814446727433,0.003668876019825499,0.038843790690104164,0.9977019739647706
61513.74293733016,2259,148045824,148045824,2203.174839240911,2806.0336260978765,2243,100,6.2,4.8538645492379615,10.0,0.0,3.9,4.877499450299155,10.0,0.0,-0.0064586118411777225,0.020901287474165052,2.4022947673996287,0.003913848996186667,0.03956095377604167,0.9983038250356913
61573.74319354445,2261,148180992,148176896,2252.7903800485055,2184.52400489552,2251,100,7.0,4.582575783057098,10.0,0.0,3.8,4.853864585225882,10.0,0.0,-0.003985012847503336,0.02750967490283074,2.405505160490672,0.0023155920456095673,0.032236735026041664,0.9977946653962135
61633.74323638901,2263,148352512,148307968,2858.664625362688,2184.5317734114874,2251,100,7.0,4.582575783057098,10.0,0.0,3.8,4.853864585225882,10.0,0.0,-0.004651136436829499,0.0361221911686395,2.3951275274157524,0.003345943103947017,0.04281107584635417,0.9974150154739618
61704.53551322222,2266,148504576,148504576,2148.030926569543,2777.252107079814,2251,100,7.0,4.582575783057098,10.0,0.0,3.8,4.853864585225882,10.0,0.0,-0.0069709238317348845,0.027031343112563867,2.429905213415623,0.0024598437242578557,0.0416259765625,0.997973158955574
61764.5399425067,2268,148647680,148635648,2384.890610683733,2184.3720799106823,2259,100,6.9,4.624932500348614,10.0,0.0,3.9,4.877499458521316,10.0,0.0,-0.006359894803608768,0.011759113936326077,2.4635880390803018,0.0017422585218203799,0.03199259440104167,0.9988348875194788
61824.54024591297,2270,148810752,148766720,2717.8529231064445,2184.5222867040807,2259,100,6.9,4.624932500348614,10.0,0.0,3.9,4.877499458521316,10.0,0.0,-0.006584786058131916,0.014002761156007182,2.408987934390704,0.002774677059278474,0.03928629557291667,0.9989414941519499
61894.9223341085,2273,148963328,148963328,2167.8242847259626,2793.438004479093,2259,100,6.9,4.624932500348614,10.0,0.0,3.9,4.877499458521316,10.0,0.0,-0.004038026820732436,0.04768247401807457,2.357560865581036,0.0048780456242335886,0.0402069091796875,0.996623386318485
61954.9227069132,2275,149105920,149094400,2376.51856704509,2184.519760012722,2259,100,6.9,4.624932500348614,10.0,0.0,3.9,4.877499458521316,10.0,0.0,-0.005533561886598666,0.01066289838248243,2.437269980708758,0.0024649175223506368,0.030802408854166664,0.9989681070049604
62014.92303780466,2277,149270016,149225472,2734.9182506484426,2184.5212860093648,2268,100,7.1,4.5376206019514465,10.0,0.0,4.1,4.918333131579768,10.0,0.0,-0.004716667084721848,0.019212391518522054,2.3428527265787125,0.0044117030853764545,0.03619384765625,0.9986398232479891
62085.38427799381,2280,149422080,149422080,2158.122672717527,2790.3000212913485,2268,100,7.1,4.5376206019514465,10.0,0.0,4.1,4.918333131579768,10.0,0.0,-0.0033968122831235332,0.02271238535710533,2.379226182897886,0.005361664278704363,0.040273030598958336,0.9983530137687923
62145.38894688897,2282,149562112,149553152,2333.6850711512925,2184.3633572750673,2268,100,7.1,4.5376206019514465,10.0,0.0,4.1,4.918333131579768,10.0,0.0,-0.001641935375422084,0.030115048711498577,2.403495234747728,0.005738748057410703,0.04274495442708333,0.9975610245019197
62205.38918509148,2284,149724160,149684224,2700.7892777534826,2184.524660678962,2276,100,6.7,4.702127275627577,10.0,0.0,4.6,4.983974414849633,10.0,0.0,-0.003520969902941336,0.07006916480410534,2.3444001376628876,0.005873045046731326,0.045694986979166664,0.9952643563350041
62276.28060065396,2287,149880832,149880832,2210.027811645487,2773.368234221787,2276,100,6.7,4.702127275627577,10.0,0.0,4.6,4.983974414849633,10.0,0.0,-0.007817936694967404,0.0187200838966722,2.4264767120281854,0.008469206195513834,0.04193115234375,0.9986339757839839
62336.281036090106,2289,150022400,150011904,2359.449543506462,2184.517479702185,2276,100,6.7,4.702127275627577,10.0,0.0,4.6,4.983974414849633,10.0,0.0,-0.002800354835926555,0.04737730282067787,2.3952550639708834,0.006226663146662759,0.04981486002604167,0.9969083964824677
62396.281183965504,2291,150196224,150142976,2897.0595266028054,2184.527949367653,2276,100,6.7,4.702127275627577,10.0,0.0,4.6,4.983974414849633,10.0,0.0,-0.00583733133195589,0.025340234492129333,2.3524682745337486,0.004792517880559899,0.037836710611979164,0.9983520843088628
62464.62082140148,2294,150339584,150339584,2097.757690539605,2876.9248327400296,2283,100,6.7,4.702127247007147,10.0,0.0,3.8,4.8538645395062,10.0,0.0,-0.004659443931207837,0.0483555001798474,2.4083632603287697,0.004497706134012939,0.04508463541666667,0.9963486393292745
62524.62108472921,2296,150482688,150470656,2385.056199142646,2184.52374590525,2283,100,6.7,4.702127247007147,10.0,0.0,3.8,4.8538645395062,10.0,0.0,-0.0057124876863478375,0.012813752689301811,2.4196082626779876,0.00544898462370232,0.04294840494791667,0.9990141013016304
62584.62140164524,2298,150638848,150601728,2602.6529196259967,2184.5217948336235,2283,100,6.7,4.702127247007147,10.0,0.0,3.8,4.8538645395062,10.0,0.0,-0.005590516467539904,0.015457218408603998,2.466400682926178,0.007861924365594556,0.05229187011718749,0.9988081386933724
62656.3574329596,2301,150798336,150798336,2223.262105218778,2740.714762131656,2283,100,6.7,4.702127247007147,10.0,0.0,3.8,4.8538645395062,10.0,0.0,-0.005103143169738663,0.04467834016152968,2.4523747240503626,0.0032375865206025383,0.0325164794921875,0.9960946595917145
62716.357685865834,2303,150933760,150929408,2257.0571529362937,2184.524125337207,2292,100,6.4,4.800000110661356,10.0,0.0,3.8,4.85386450351828,10.0,0.0,-0.005825788105236522,0.01917972882802132,2.456356311837832,0.0038312488577503245,0.04010009765624999,0.9985011120637258
62776.35802266933,2305,151097856,151060480,2734.9179811677163,2184.521070761109,2292,100,6.4,4.800000110661356,10.0,0.0,3.8,4.85386450351828,10.0,0.0,-0.005983348516262292,0.04143248206673889,2.469455604751905,0.005069373628430185,0.042078653971354164,0.9965291966994604
62849.7210316807,2308,151257088,151257088,2170.4671352195414,2679.9336975058004,2292,100,6.4,4.800000110661356,10.0,0.0,3.8,4.85386450351828,10.0,0.0,-0.005740407371680098,0.022891143703115326,2.393476645151774,0.004225658163098463,0.050771077473958336,0.998280173788468
62909.7213935554,2310,151400448,151388160,2389.3189227655434,2184.520157957068,2301,100,6.5,4.769696083321683,10.0,0.0,4.0,4.8989796118201525,10.0,0.0,-0.007430157464114018,0.03990143391274615,2.3794304952025414,0.005294430772967947,0.045633951822916664,0.9973340791960557
62969.72188211419,2312,151571456,151519232,2850.110125894371,2184.5155455956856,2301,100,6.5,4.769696083321683,10.0,0.0,4.0,4.8989796118201525,10.0,0.0,-0.006254188781895208,0.01577313988673268,2.4729526614149413,0.005242246571166713,0.038823445638020836,0.9986093286424875
63038.85196939856,2315,151715840,151715840,2088.5840835997606,2844.0293904337163,2301,100,6.5,4.769696083321683,10.0,0.0,4.0,4.8989796118201525,10.0,0.0,-0.005954244416595126,0.030216298432302818,2.4526860142747564,0.005754076819357579,0.0396575927734375,0.9976319999744494
63098.85202229209,2317,151853824,151846912,2299.7313059847215,2184.5314075402175,2301,100,6.5,4.769696083321683,10.0,0.0,4.0,4.8989796118201525,10.0,0.0,-0.005539162627731761,0.02852382923447294,2.4957928732037544,0.0063023897388726855,0.04717000325520833,0.9978479898224275
63158.85682759248,2319,152020992,151977984,2785.91021440958,2184.358391696332,2309,100,6.8,4.664761564978472,10.0,0.0,4.0,4.8989795939919,10.0,0.0,-0.011392623913707212,0.005617644727559915,2.469886427124341,0.006162499173418231,0.047993977864583336,0.9995549383262793
63228.925767593086,2322,152174592,152174592,2192.1267825468167,2805.9222816599254,2309,100,6.8,4.664761564978472,10.0,0.0,4.0,4.8989795939919,10.0,0.0,-0.005677515296459509,0.034187865501735366,2.4319781735539436,0.003407275817759607,0.03610738118489583,0.9977200049906969
63288.92600188963,2324,152313088,152305664,2308.257653053434,2184.5248028897563,2309,100,6.8,4.664761564978472,10.0,0.0,4.0,4.8989795939919,10.0,0.0,-0.0064811579140950926,0.027450408403334826,2.4673265988628073,0.005710311481986233,0.03849792480468749,0.9978832559039196
63348.92627985403,2326,152474368,152436736,2687.9875472526483,2184.523213005327,2309,100,6.8,4.664761564978472,10.0,0.0,4.0,4.8989795939919,10.0,0.0,-0.0067874611462078365,0.030667229458534468,2.4294991493225098,0.00373759930516826,0.044835408528645836,0.9978432878851891
63420.73378245346,2329,152633344,152633344,2213.919078718317,2737.986879960817,2317,100,6.7,4.702127284156394,10.0,0.0,4.2,4.9355851697519855,10.0,0.0,-0.005754393908622054,0.025549866411893163,2.4097967917720475,0.005241944352140611,0.05381266276041667,0.9981132429093122
63480.73416643962,2331,152765440,152764416,2201.5859103580005,2184.519352913365,2317,100,6.7,4.702127284156394,10.0,0.0,4.2,4.9355851697519855,10.0,0.0,-0.007174626271686672,0.03740475965363051,2.4136624087889986,0.011417981841683892,0.054814656575520836,0.9973263504604498
63540.73688416183,2333,152929792,152895488,2739.075932541844,2184.4343885691965,2317,100,6.7,4.702127284156394,10.0,0.0,4.2,4.9355851697519855,10.0,0.0,-0.006936745640511314,0.019456036267608095,2.4225305492679277,0.003829699599009473,0.0395965576171875,0.9981881529092789
63612.12634671666,2336,153092096,153092096,2273.5007967786564,2754.019892627773,2327,100,7.0,4.582575755246574,10.0,0.0,4.1,4.918333184854063,10.0,0.0,-0.007805694209916207,0.015365426743907543,2.305553028980891,0.006609917940901748,0.056101481119791664,0.9989430966476599
63672.126399027184,2338,153234432,153223168,2372.2645984265027,2184.5314287668516,2327,100,7.0,4.582575755246574,10.0,0.0,4.1,4.918333184854063,10.0,0.0,-0.005547026237763931,0.023169920643946778,2.380144789814949,0.003410950049025511,0.037282307942708336,0.9982737855364879
63732.12650011666,2340,153394688,153354240,2670.9288332866618,2184.5296527839787,2327,100,7.0,4.582575755246574,10.0,0.0,4.1,4.918333184854063,10.0,0.0,-0.004854755017731804,0.02392831098404713,2.4410824949542684,0.007428119378043145,0.047922770182291664,0.9978500219682852
63803.073771722615,2343,153550848,153550848,2201.071252849923,2771.184790473346,2334,100,6.8,4.66476162267784,10.0,0.0,4.2,4.935585161626588,10.0,0.0,-0.0063913550742048155,0.015722958856107045,2.388361026843389,0.005616984731508031,0.0547027587890625,0.9988346031556526
63863.073829105124,2345,153689344,153681920,2308.264459099894,2184.5312441019328,2334,100,6.8,4.66476162267784,10.0,0.0,4.2,4.935585161626588,10.0,0.0,-0.0070088143038447015,0.009478174880011164,2.3625698685646057,0.014732768200701685,0.04604593912760417,0.9993637527028719
63923.074042309076,2347,153850880,153812992,2692.257100002454,2184.5255708419277,2334,100,6.8,4.66476162267784,10.0,0.0,4.2,4.935585161626588,10.0,0.0,-0.0029265272702711327,0.0924172120091195,2.333606267968814,0.0053366880492831115,0.04687499999999999,0.993960295493404
63994.61717079021,2350,154009600,154009600,2218.5219373213868,2748.104593327137,2334,100,6.8,4.66476162267784,10.0,0.0,4.2,4.935585161626588,10.0,0.0,-0.005502601091090279,0.03632409024915735,2.3899746611714363,0.0031989854093505223,0.032460530598958336,0.9974534238378207
64054.61754680611,2352,154152448,154140672,2380.78507978253,2184.5196430979486,2342,100,7.2,4.489988925662702,10.0,0.0,3.5,4.769696138256153,10.0,0.0,-0.003885634985635988,0.04501792472728994,2.3658593942721686,0.01039172415645832,0.05267333984375,0.9969737653930981
64114.61791102216,2354,154316544,154271744,2734.916731657431,2184.5200727123315,2342,100,7.2,4.489988925662702,10.0,0.0,3.5,4.769696138256153,10.0,0.0,-0.003932626032716749,0.027352952432314243,2.449181112150351,0.005212009674626946,0.04509989420572917,0.9974406821032366
64184.3404202722,2357,154468352,154468352,2177.316932980326,2819.8640885816026,2342,100,7.2,4.489988925662702,10.0,0.0,3.5,4.769696138256153,10.0,0.0,-0.007809925346615879,0.015959086607229743,2.4367029940088587,0.004126322171335535,0.04784647623697917,0.9986338168382645
64244.34233453311,2359,154611456,154599424,2384.9905750962307,2184.4636394441327,2350,100,6.9,4.62493252790444,10.0,0.0,3.7,4.828043139054757,10.0,0.0,-0.004680199422485506,0.03105896867782576,2.3590460817019143,0.0038915228384818574,0.04946899414062499,0.9978064013024172
64304.34281824529,2361,154779648,154730496,2803.1774011490716,2184.5157220522447,2350,100,6.9,4.62493252790444,10.0,0.0,3.7,4.828043139054757,10.0,0.0,-0.0057307781001630555,0.00782786135338635,2.482530092199643,0.005219646702850393,0.0420989990234375,0.9992220159620047
64374.05221023969,2364,154927104,154927104,2115.2960279992376,2820.3947039989835,2350,100,6.9,4.62493252790444,10.0,0.0,3.7,4.828043139054757,10.0,0.0,-0.006910958914280248,0.015986072071730934,2.3940815329551697,0.005660117078150506,0.0384979248046875,0.9987440022329489
64434.052549920976,2366,155066880,155058176,2329.5868113827314,2184.520965985272,2350,100,6.9,4.62493252790444,10.0,0.0,3.7,4.828043139054757,10.0,0.0,-0.006164756579285798,0.006149152211340455,2.464008636772632,0.0061375797237512115,0.039876302083333336,0.9994313896944126
64494.05321234465,2368,155230208,155189248,2722.1032802392365,2184.5092154897948,2359,100,6.5,4.76969610312867,10.0,0.0,4.0,4.898979602178011,10.0,0.0,0.001550936988981751,0.04310087546279344,2.3335874353845916,0.006172842490438295,0.046234130859375,0.9973658292243878
64565.536148386076,2371,155385856,155385856,2177.4147596538355,2750.4186437732656,2359,100,6.5,4.76969610312867,10.0,0.0,4.0,4.898979602178011,10.0,0.0,-0.005537471845552015,0.0352503238900681,2.3781855776906013,0.005187515606545881,0.04463704427083333,0.997484682748715
64625.53894604929,2373,155519488,155516928,2227.0961555836057,2184.4314782735746,2359,100,6.5,4.76969610312867,10.0,0.0,4.0,4.898979602178011,10.0,0.0,-0.002315329053089954,0.06482032289689717,2.370128164688746,0.00627390326129292,0.0509033203125,0.9957665341595809
64685.53902955353,2375,155693056,155648000,2892.7959739876196,2184.530293040798,2359,100,6.5,4.76969610312867,10.0,0.0,4.0,4.898979602178011,10.0,0.0,-0.004744628905124651,0.03134751596371643,2.397387402753035,0.0050789922558275675,0.046910603841145836,0.9975398598859707
64756.1900437288,2378,155844608,155844608,2145.078903241793,2782.8050636650282,2367,100,6.2,4.8538645409757635,10.0,0.0,4.0,4.898979550149286,10.0,0.0,-0.003812198898231145,0.06369313070899807,2.410899666448434,0.006528512363123203,0.04888916015625,0.9960147390762965
64816.19046189822,2380,155987712,155975680,2385.0500440832834,2184.5181083553507,2367,100,6.2,4.8538645409757635,10.0,0.0,4.0,4.898979550149286,10.0,0.0,-0.0029685162638391676,0.03470229276960406,2.4267548248171806,0.0072539349979100125,0.042750040690104164,0.9975816191484531
64876.19349647127,2382,156156160,156106752,2807.3246828029933,2184.4228534880435,2367,100,6.2,4.8538645409757635,10.0,0.0,4.0,4.898979550149286,10.0,0.0,-0.003966500014939811,0.04143795755711229,2.51291095962127,0.007157701743684205,0.040583292643229164,0.995740344747901
64946.11068150215,2385,156303360,156303360,2105.3479188985075,2812.012524720093,2375,100,6.4,4.800000120502326,10.0,0.0,4.0,4.8989796118201525,10.0,0.0,-0.007537319843928951,0.015174845546425786,2.457186075548331,0.005051590531972276,0.050059000651041664,0.9989881062259277
65006.111151078716,2387,156438528,156434432,2252.782369103133,2184.5162367060684,2375,100,6.4,4.800000120502326,10.0,0.0,4.0,4.8989796118201525,10.0,0.0,-0.006427107194516187,0.018992966698230397,2.4678110902508097,0.004415836474436219,0.04680379231770833,0.9986067072798809
65066.1116107367,2389,156604928,156565504,2773.31208708271,2184.5165978251503,2375,100,6.4,4.800000120502326,10.0,0.0,4.0,4.8989796118201525,10.0,0.0,-0.004904106870526448,0.02841430080540401,2.43979012966156,0.004902024834639936,0.04526265462239583,0.9978682001431783
65136.76475994848,2392,156762112,156762112,2224.7274432007116,2782.720971299913,2375,100,6.4,4.800000120502326,10.0,0.0,4.0,4.8989796118201525,10.0,0.0,-0.008413474085197473,0.006269732613873202,2.410695130626361,0.003960155741272804,0.04635620117187499,0.9995733263591925
65196.76490613818,2394,156905472,156893184,2389.327511748617,2184.5280107415924,2383,100,6.6,4.737087799664211,10.0,0.0,3.7,4.828043173757724,10.0,0.0,-0.004026394051228029,0.025578289508606154,2.4297676061590514,0.007135579970660426,0.05280558268229167,0.998062311982115
65256.76545447856,2396,157064960,157024256,2658.1090408579657,2184.5133690518114,2383,100,6.6,4.737087799664211,10.0,0.0,3.7,4.828043173757724,10.0,0.0,-0.006936395514154963,0.02513900178504021,2.4460278724630675,0.006832477353479287,0.04804992675781251,0.9981534257531166
65327.65448252112,2399,157220864,157220864,2199.2684101467785,2773.461640382144,2383,100,6.6,4.737087799664211,10.0,0.0,3.7,4.828043173757724,10.0,0.0,-0.0027337602975118598,0.04827859479458615,2.4440643067161245,0.006847512141879028,0.05023193359375,0.995892676214377
65387.65487295389,2401,157357056,157351936,2269.8518962570874,2184.51911820231,2392,100,7.2,4.489988945114921,10.0,0.0,4.0,4.89897959253587,10.0,0.0,-0.0062664304386999,0.03979640504985582,2.4403991575042405,0.005554807437874843,0.044352213541666664,0.9974066757907469
65447.655076025054,2403,157519616,157483008,2709.3241635732265,2184.5259397629793,2392,100,7.2,4.489988945114921,10.0,0.0,4.0,4.89897959253587,10.0,0.0,-0.0017744700404970595,0.06736178989134109,2.453756188352903,0.007768022753831853,0.0552978515625,0.9950729453315338
65519.227223265916,2406,157679616,157679616,2235.5064947478922,2746.99038074621,2392,100,7.2,4.489988945114921,10.0,0.0,4.0,4.89897959253587,10.0,0.0,-0.007357153064125061,0.0315741477922226,2.3987716933091483,0.013738035619705139,0.060201009114583336,0.9976920261979103
65579.22750439681,2408,157817856,157810688,2303.989204624213,2184.5230977177725,2392,100,7.2,4.489988945114921,10.0,0.0,4.0,4.89897959253587,10.0,0.0,-0.001311473347110829,0.06094203607305341,2.4092693775892258,0.0038664189754247973,0.04889424641927083,0.9956601367642482
65639.2276825197,2410,157980160,157941760,2705.0586361188343,2184.526848095967,2400,100,6.3,4.828043165451338,10.0,0.0,3.8,4.853864576963684,10.0,0.0,-0.011815823580642853,0.0023530102662334684,2.4629218379656472,0.004771256802390174,0.04551696777343749,0.9998009856790304
65711.18912595697,2413,158138368,158138368,2198.5106529710893,2732.129743498053,2400,100,6.3,4.828043165451338,10.0,0.0,3.8,4.853864576963684,10.0,0.0,-0.004953877663259239,0.014859957836354928,2.3907189865907035,0.005202711533153585,0.05351765950520833,0.9989706892520189
65771.19187372364,2415,158278656,158269440,2338.026260822643,2184.4332947831995,2400,100,6.3,4.828043165451338,10.0,0.0,3.8,4.853864576963684,10.0,0.0,-0.0038129071375199905,0.023919030064765444,2.449142632385095,0.003927610185201047,0.0407257080078125,0.998099805166324
65831.19209942222,2417,158447104,158400512,2807.456106019274,2184.525115929891,2408,100,7.1,4.5376206019514465,10.0,0.0,3.9,4.877499476428083,10.0,0.0,-0.00531218241667375,0.013363695667067077,2.4296900928020473,0.004345634685402425,0.04731750488281249,0.9989175790299972
65901.64235738106,2420,158597120,158597120,2129.3889383291753,2790.7349908477927,2408,100,7.1,4.5376206019514465,10.0,0.0,3.9,4.877499476428083,10.0,0.0,-0.0033346501246948415,0.02675609059466903,2.441991219917933,0.0046979450999060654,0.034881591796875,0.9972981046885252
65961.64441569336,2422,158731008,158728192,2231.3901183713374,2184.4583950403917,2408,100,7.1,4.5376206019514465,10.0,0.0,3.9,4.877499476428083,10.0,0.0,-0.005279612523736432,0.02583042867384696,2.4166868353883424,0.0038281579757798077,0.044504801432291664,0.9977885292222102
66021.64467076771,2424,158895872,158859264,2747.721652111334,2184.524046399073,2416,100,7.3,4.439594648956931,10.0,0.0,3.8,4.85386455750016,10.0,0.0,-0.008928621723801673,0.003405833141490196,2.360807945330938,0.009266089066538068,0.051930745442708336,0.9997696715096632
66093.64602915011,2427,159055872,159055872,2222.1802976303543,2730.6151497281794,2416,100,7.3,4.439594648956931,10.0,0.0,3.8,4.85386455750016,10.0,0.0,-0.004745661453246915,0.0353332750237314,2.401753135025501,0.006011344319631462,0.040196736653645836,0.997129841397206
66153.64621456712,2429,159189248,159186944,2222.926463860309,2184.5265825268298,2416,100,7.3,4.439594648956931,10.0,0.0,3.8,4.85386455750016,10.0,0.0,-0.002724197198403999,0.02828110204427503,2.394620157778263,0.0072046259059182684,0.049123128255208336,0.9978891784946124
66213.64657968469,2431,159353088,159318016,2730.6500498617247,2184.52003988938,2416,100,7.3,4.439594648956931,10.0,0.0,3.8,4.85386455750016,10.0,0.0,-0.007190318530774675,0.006430124262503038,2.4025385702649755,0.0027927571785160885,0.042363484700520836,0.9994729105383158
66285.9525188934,2434,159514624,159514624,2234.062675456231,2719.112733360357,2424,100,7.0,4.582575715571606,10.0,0.0,3.4,4.737087806624293,10.0,0.0,-0.0032686725753592327,0.023488218408601824,2.431864110132058,0.007826070834804947,0.0379180908203125,0.9979350138455629
66345.9529616218,2436,159655680,159645696,2350.9159863787713,2184.5172142031415,2424,100,7.0,4.582575715571606,10.0,0.0,3.4,4.737087806624293,10.0,0.0,-0.0018743038866280888,0.04473499436668742,2.3244938577214875,0.006188896350674137,0.045344034830729164,0.9969450055311124
66405.95325531997,2438,159819776,159776768,2734.9199459839847,2184.5226401619348,2424,100,7.0,4.582575715571606,10.0,0.0,3.4,4.737087806624293,10.0,0.0,-0.007602388205365665,0.010187388065484509,2.3526434004306793,0.010633805262235304,0.052205403645833336,0.9993462314208348
66475.57787953503,2441,159973376,159973376,2206.116036268124,2823.8285264231986,2424,100,7.0,4.582575715571606,10.0,0.0,3.4,4.737087806624293,10.0,0.0,-0.006928492155566346,0.01569458054776381,2.351773574948311,0.005855544588484919,0.04575093587239583,0.9990468062460423
66535.57824702561,2443,160115200,160104448,2363.718855926653,2184.51995349178,2432,100,7.3,4.439594638317074,10.0,0.0,3.9,4.877499413023179,10.0,0.0,-0.008351218709625147,0.023270437610335648,2.431410583357016,0.005508228887265432,0.0398712158203125,0.998135310287277
66595.57836336456,2445,160276224,160235520,2683.728129631304,2184.5290975695193,2432,100,7.3,4.439594638317074,10.0,0.0,3.9,4.877499413023179,10.0,0.0,-0.006551400930523718,0.019544961196515942,2.436034599939982,0.006194387955474668,0.041330973307291664,0.9984268819292387
66667.49122353643,2448,160432128,160432128,2167.9571585304006,2733.9755299693725,2432,100,7.3,4.439594638317074,10.0,0.0,3.9,4.877499413023179,10.0,0.0,-0.006137020769529045,0.013464815208256672,2.4612971047560377,0.0033746139912788444,0.03894551595052083,0.9989368425061306
66727.49131163396,2450,160572928,160563200,2346.663221079534,2184.5301258049485,2441,100,7.3,4.43959462928391,10.0,0.0,4.0,4.898979550149286,10.0,0.0,-0.0095939149929715,0.004680304281161322,2.3678401509920755,0.005067474869671666,0.0533905029296875,0.9996568324665228
66787.49562785402,2452,160738560,160694272,2760.3347631287184,2184.3761958607474,2441,100,7.3,4.43959462928391,10.0,0.0,4.0,4.898979550149286,10.0,0.0,-0.009363314024691741,0.010181537577106306,2.3744758516550064,0.006196850809525737,0.047632853190104164,0.9991390605767567
66858.11482774653,2455,160890880,160890880,2156.9205008249314,2784.0587304765504,2441,100,7.3,4.43959462928391,10.0,0.0,4.0,4.898979550149286,10.0,0.0,-0.005853262780874502,0.025428447702627935,2.36937087525924,0.005012135679862695,0.04525248209635417,0.9980896723767121
66918.11509674601,2457,161029888,161021952,2316.7896130797035,2184.5235394048036,2448,100,7.5,4.330127062557545,10.0,0.0,4.0,4.898979513036751,10.0,0.0,-0.0030472989092231732,0.04548828584180835,2.389348988731702,0.00847587638842621,0.057123819986979164,0.9964992248763641
66978.11959458143,2459,161195264,161153024,2756.060061590928,2184.369584418816,2448,100,7.5,4.330127062557545,10.0,0.0,4.0,4.898979513036751,10.0,0.0,0.0021971989578257007,0.04213230293923213,2.3793342113494873,0.011287262161810455,0.05626932779947917,0.996755437925458
67048.43178738095,2462,161349632,161349632,2195.465592150416,2796.214883534858,2448,100,7.5,4.330127062557545,10.0,0.0,4.0,4.898979513036751,10.0,0.0,-0.006070373150578234,0.025588102466523804,2.3766586979230246,0.004431151966855396,0.0442352294921875,0.9981308411806822
67108.43201938458,2464,161488640,161480704,2316.7910416011705,2184.524886371638,2448,100,7.5,4.330127062557545,10.0,0.0,4.0,4.898979513036751,10.0,0.0,-0.007984607279164871,0.012695902610479001,2.4054003978768983,0.006067740193733091,0.03986104329427083,0.9989989151557286
67168.4320863057,2466,161661440,161611776,2879.9967877900667,2184.5308968126133,2457,100,6.9,4.624932481463961,10.0,0.0,4.0,4.8989795843497586,10.0,0.0,-0.005032033091993071,0.01647965818362233,2.411723325649897,0.0037155645786697273,0.027369181315104168,0.9987446436037619
67236.70527500473,2469,161808384,161808384,2152.29437499633,2879.7248780438704,2457,100,6.9,4.624932481463961,10.0,0.0,4.0,4.8989795843497586,10.0,0.0,-0.00842933193295418,0.0038584066739228242,2.38301108777523,0.00909846293325245,0.050862630208333336,0.9997041312356789
67296.70551569387,2471,161947648,161939456,2321.0573557782154,2184.5245701442027,2457,100,6.9,4.624932481463961,10.0,0.0,4.0,4.8989795843497586,10.0,0.0,-0.004688969316096822,0.02669820892090987,2.347739433248838,0.008692178537482201,0.0517120361328125,0.9980653033902248
67356.71088324487,2473,162117888,162070528,2837.0795305155325,2184.3379242465453,2465,100,7.2,4.489988927251362,10.0,0.0,4.1,4.918333158942066,10.0,0.0,-0.004052258365845773,0.03737470651200662,2.401261535783609,0.0073495744630539175,0.045069376627604164,0.997099823007981
67427.2662499398,2476,162267136,162267136,2115.3316464972836,2786.577537752854,2465,100,7.2,4.489988927251362,10.0,0.0,4.1,4.918333158942066,10.0,0.0,-0.004270814116656159,0.012437890972554063,2.472494830687841,0.0069575881376901325,0.038050333658854164,0.9987859030564626
67487.2664996367,2478,162406144,162398208,2316.790358410667,2184.5242421846438,2465,100,7.2,4.489988927251362,10.0,0.0,4.1,4.918333158942066,10.0,0.0,-0.007834239746443929,0.00463551616364081,2.2974456027150154,0.011482956595500582,0.061304728190104164,0.9997319659839075
67547.26664595865,2480,162573824,162529280,2794.659851331907,2184.5280059266206,2465,100,7.2,4.489988927251362,10.0,0.0,4.1,4.918333158942066,10.0,0.0,-0.0028292981539076814,0.0429777915366382,2.4435932710766792,0.005773750919615851,0.04416910807291667,0.9966906731327375
67617.40454296581,2483,162725888,162725888,2168.0718482970865,2803.1636018386575,2473,100,7.0,4.58257577586234,10.0,0.0,4.2,4.935585171197217,10.0,0.0,-0.0068377548062320175,0.03187971826264402,2.3856444085637727,0.03552829349185534,0.048105875651041664,0.9978622750689585
67677.4089717567,2485,162863360,162856960,2291.0308917212637,2184.372097879492,2473,100,7.0,4.58257577586234,10.0,0.0,4.2,4.935585171197217,10.0,0.0,-0.0065643242293541935,0.022481928885099478,2.402462437748909,0.0036865254199559177,0.0460662841796875,0.9981194653858741
67737.40948146209,2487,163036416,162988032,2884.2421647701594,2184.5147756839074,2473,100,7.0,4.58257577586234,10.0,0.0,4.2,4.935585171197217,10.0,0.0,-0.001109572619801232,0.04731562593466758,2.4273782670497894,0.005486345594666394,0.038686116536458336,0.9954971006760995
67806.3459237609,2490,163184640,163184640,2150.154476459669,2852.0183729205974,2480,100,6.7,4.702127247007147,10.0,0.0,4.1,4.918333158942066,10.0,0.0,-0.004970387531405626,0.022843118987414826,2.398321690658728,0.009494642439676682,0.053858439127604164,0.9979425625254711
67866.34632057697,2492,163323136,163315712,2308.251400812896,2184.5188857970475,2480,100,6.7,4.702127247007147,10.0,0.0,4.1,4.918333158942066,10.0,0.0,-0.006024711115363365,0.028988586794487976,2.381943677862485,0.00975568145562041,0.0507354736328125,0.997914267083009
67926.34816713445,2494,163491840,163446784,2811.6468022092936,2184.466104296143,2480,100,6.7,4.702127247007147,10.0,0.0,4.1,4.918333158942066,10.0,0.0,-0.006517461263380635,0.013473891480922854,2.446488047639529,0.007796066894419103,0.04554748535156249,0.9987182058393955
67997.36643270962,2497,163643392,163643392,2133.98621851145,2768.4145537445834,2480,100,6.7,4.702127247007147,10.0,0.0,4.1,4.918333158942066,10.0,0.0,-0.0070037362262761835,0.015690740357968025,2.452368756135305,0.007508225483131052,0.055501302083333336,0.9988440331071614
68057.36662640795,2499,163785728,163774464,2372.259008289795,2184.526281015063,2488,100,7.3,4.439594657990097,10.0,0.0,3.9,4.877499450299155,10.0,0.0,-0.010597687744545208,0.0038537767929180213,2.414705050488313,0.004160619326891417,0.04289245605468749,0.9997022282332182
68117.37263609841,2501,163947264,163905536,2691.9970321851297,2184.3145490947486,2488,100,7.3,4.439594657990097,10.0,0.0,3.9,4.877499450299155,10.0,0.0,-0.009565326174197253,0.004324382508154182,2.404111832380295,0.005941176948302504,0.05168660481770834,0.9996281241377195
68189.47600372508,2504,164102144,164102144,2148.027271096815,2726.7519738881883,2488,100,7.3,4.439594657990097,10.0,0.0,3.9,4.877499450299155,10.0,0.0,-0.008323472112048572,0.02098784885553566,2.3344990710417433,0.007327800420777446,0.054433186848958336,0.9985931478440762
68249.47611191869,2506,164246784,164233216,2410.662319695841,2184.529394131452,2497,100,7.1,4.537620582703418,10.0,0.0,3.9,4.877499459983759,10.0,0.0,-0.009035678092914168,0.002870662050554529,2.4223464777072268,0.007733868262827551,0.04931640625,0.9997470521678528
68309.4762834739,2508,164405504,164364288,2645.3257696765363,2184.5270872167525,2497,100,7.1,4.537620582703418,10.0,0.0,3.9,4.877499459983759,10.0,0.0,-0.005254844036244322,0.017597458487822827,2.3631389612952867,0.009280328381767807,0.04595947265625001,0.998772356659174
68379.28201420046,2511,164560896,164560896,2226.0636538377175,2816.50228360357,2497,100,7.1,4.537620582703418,10.0,0.0,3.9,4.877499459983759,10.0,0.0,-0.006689252559832918,0.014299731616726302,2.3759305949012437,0.009291195558641144,0.05253092447916667,0.9989290696879228
68439.28629641049,2513,164703744,164691968,2380.630094032536,2184.3774339510005,2497,100,7.1,4.537620582703418,10.0,0.0,3.9,4.877499459983759,10.0,0.0,-0.004994225106202066,0.0671849901045789,2.3493612632155423,0.004305295355152339,0.0381927490234375,0.9952402853717407
68499.28677090444,2515,164871936,164823040,2803.177831817939,2184.5160576724275,2505,100,6.9,4.624932509019787,10.0,0.0,3.8,4.853864511780478,10.0,0.0,-0.0076289713276006905,0.015250307219199991,2.2999870528777437,0.0068134925695630955,0.036885579427083336,0.9991280591736237
68568.18510794267,2518,165019648,165019648,2143.9124128355948,2853.5957245368054,2505,100,6.9,4.624932509019787,10.0,0.0,3.8,4.853864511780478,10.0,0.0,-0.005902824882165684,0.015747230189541977,2.4507575208942094,0.008758597380923067,0.042063395182291664,0.9986072275787592
68628.18514148146,2520,165155328,165150720,2261.3320692943644,2184.5321122239898,2505,100,6.9,4.624932509019787,10.0,0.0,3.8,4.853864511780478,10.0,0.0,-0.008250843449786771,0.016349839555914514,2.468991162876288,0.008902480475323197,0.043436686197916664,0.9988159717371066
68688.18575998582,2522,165320192,165281792,2747.705008874519,2184.5108145089343,2514,100,7.4,4.386342472199352,10.0,0.0,4.0,4.898979567977537,10.0,0.0,-0.007609705523160907,0.01468712075681348,2.4359453519185386,0.006645628935075365,0.04341634114583333,0.9990421763310829
68759.80130316317,2525,165478400,165478400,2209.129373049757,2745.3258228191153,2514,100,7.4,4.386342472199352,10.0,0.0,4.0,4.898979567977537,10.0,0.0,-0.003323780605569482,0.03494256030292794,2.4532736018300056,0.023590126841857757,0.05560302734375,0.9972790398945411
68819.80140278488,2527,165613568,165609472,2252.7962595429535,2184.5297062234704,2514,100,7.4,4.386342472199352,10.0,0.0,4.0,4.898979567977537,10.0,0.0,-0.004249803872274546,0.04053418365219841,2.4507376402616496,0.005373600626019955,0.04507446289062499,0.9970711966355642
68879.8015534021,2529,165774080,165740544,2675.1932844974294,2184.5278495417606,2514,100,7.4,4.386342472199352,10.0,0.0,4.0,4.898979567977537,10.0,0.0,-0.008344939165302398,0.02108240495363134,2.443243905901909,0.0036348047190889097,0.039265950520833336,0.9984529993186395
68951.25971143693,2532,165937152,165937152,2282.0627411150567,2751.3723472156416,2522,100,6.4,4.800000102306443,10.0,0.0,3.8,4.85386450351828,10.0,0.0,-0.012238048594250966,0.004328033898976476,2.4351269205411277,0.005138008717646395,0.049036661783854164,0.9996792332579693
69011.25996163115,2534,166072320,166068224,2252.7906060801265,2184.5242240776984,2522,100,6.4,4.800000102306443,10.0,0.0,3.8,4.85386450351828,10.0,0.0,-0.0034506783267715946,0.026621618727707148,2.433073051273823,0.005198239886643327,0.047632853190104164,0.9980182275176048
69071.26018708944,2536,166238720,166199296,2773.322912189118,2184.5251246781977,2522,100,6.4,4.800000102306443,10.0,0.0,3.8,4.85386450351828,10.0,0.0,-0.004617839639346736,0.02308036954006335,2.3704730197787285,0.004615700181602733,0.047724405924479164,0.9984692055732011
69143.06126922555,2539,166395904,166395904,2189.1592065706573,2738.2317111502684,2522,100,6.4,4.800000102306443,10.0,0.0,3.8,4.85386450351828,10.0,0.0,-0.0028312247498737024,0.029510830723059676,2.4506439715623856,0.0058557527845550785,0.04815165201822917,0.9979445580393076
69203.06441525184,2541,166535424,166526976,2325.2114137296285,2184.418796017559,2531,100,6.8,4.664761593828157,10.0,0.0,4.2,4.935585177877383,10.0,0.0,-0.005207764780304084,0.029046422035510965,2.491753232975801,0.00420896841751528,0.035746256510416664,0.9977223152915636
69263.06454311311,2543,166700800,166658048,2756.260793016288,2184.528678056253,2531,100,6.8,4.664761593828157,10.0,0.0,4.2,4.935585177877383,10.0,0.0,-0.009176697492269644,0.016633400540740695,2.4633147567510605,0.003934224974121511,0.04071553548177083,0.9988805477817853
69333.4547065273,2546,166854656,166854656,2185.7599490812563,2793.1175389257983,2531,100,6.8,4.664761593828157,10.0,0.0,4.2,4.935585177877383,10.0,0.0,-0.006855177731874088,0.01701735836347022,2.432264171540737,0.003368207614888282,0.04438273111979167,0.9987397516767184
69393.46138329804,2548,166995200,166985728,2342.1393678730647,2184.29026657743,2531,100,6.8,4.664761593828157,10.0,0.0,4.2,4.935585177877383,10.0,0.0,-0.01004596224083798,0.003896095156960655,2.3841299191117287,0.004991046200908992,0.05241394042968749,0.9997259471565485
69453.46174877323,2550,167162880,167116800,2794.6496437480505,2184.520026868705,2540,100,6.7,4.702127291168226,10.0,0.0,4.0,4.8989795843497586,10.0,0.0,-0.010683657441404648,0.0035229801760578994,2.3968372146288552,0.004978537374578687,0.040659586588541664,0.999751653522253
69522.70657926053,2553,167313408,167313408,2173.8518087298467,2839.3166481369426,2540,100,6.7,4.702127291168226,10.0,0.0,4.0,4.8989795843497586,10.0,0.0,-0.009580567513088075,0.01536395934332783,2.397418518861135,0.00784475164861457,0.0464019775390625,0.9988689968983332
69582.70667156577,2555,167454464,167444480,2350.9297166143533,2184.5299726071667,2540,100,6.7,4.702127291168226,10.0,0.0,4.0,4.8989795843497586,10.0,0.0,-0.009580460081148582,0.014912576383115569,2.4552291755874953,0.008140271649608621,0.04320271809895833,0.9986354106416305
69642.70682237484,2557,167621120,167575552,2777.5930185632546,2184.527842556661,2540,100,6.7,4.702127291168226,10.0,0.0,4.0,4.8989795843497586,10.0,0.0,-0.004761728131901085,0.036893222808430444,2.4663781076669693,0.006929183531004432,0.04366556803385417,0.9967848490923643
69713.11802575178,2560,167772160,167772160,2145.1131745526645,2792.2829119600783,2549,100,7.4,4.386342512023074,10.0,0.0,4.0,4.898979539051113,10.0,0.0,-0.004679508136177901,0.04932377247071903,2.412291350464026,0.008923669075253807,0.050262451171875,0.9971893423547347
69773.11818786524,2562,167912192,167903232,2333.8603608304434,2184.527430978404,2549,100,7.4,4.386342512023074,10.0,0.0,4.0,4.898979539051113,10.0,0.0,-0.006184337461794105,0.027154384486493655,2.476504268745581,0.005769777120804065,0.037907918294270836,0.9981300998479128
69833.118548261,2564,168069376,168034304,2619.7175977481184,2184.520211802991,2549,100,7.4,4.386342512023074,10.0,0.0,4.0,4.898979539051113,10.0,0.0,-0.009449439225136302,0.014329644249907385,2.4503670831521354,0.005635163926247818,0.04783630371093749,0.9990107398480177
69905.2976346165,2567,168230912,168230912,2237.988982077326,2723.8915027502157,2549,100,7.4,4.386342512023074,10.0,0.0,4.0,4.898979539051113,10.0,0.0,-0.005280738371463182,0.021544825217764203,2.4336171249548593,0.0060286896083804695,0.05191548665364583,0.9985614772886039
69965.29786625318,2569,168369920,168361984,2316.7910557698797,2184.524899731452,2557,100,7.0,4.582575784613661,10.0,0.0,3.7,4.828043191847919,10.0,0.0,-0.009536297320058415,0.016337037573975977,2.405679347614447,0.003219600960922738,0.04880269368489583,0.9989703670144081
70025.298519589,2571,168534016,168493056,2734.9035531588647,2184.5095463609027,2557,100,7.0,4.582575784613661,10.0,0.0,3.7,4.828043191847919,10.0,0.0,-0.008862830407451838,0.00955559797269719,2.4357631926735244,0.0046809549330646405,0.056884765625,0.999355141694347
70096.47444698587,2574,168689664,168689664,2186.8067715104826,2762.2822376974514,2557,100,7.0,4.582575784613661,10.0,0.0,3.7,4.828043191847919,10.0,0.0,-0.009019860071324121,0.014389874713136425,2.414581706126531,0.006456648021412548,0.0572662353515625,0.9990897774696351
70156.47472005337,2576,168832768,168820736,2385.0558119793686,2184.5233912941626,2567,100,6.7,4.702127292685214,10.0,0.0,3.7,4.828043200154305,10.0,0.0,-0.008860877246964568,0.018263709275440004,2.4073614478111267,0.008576531791428959,0.04967753092447917,0.998702417438229
70216.47509317659,2578,169002496,168951808,2828.7824085936168,2184.5197484161863,2567,100,6.7,4.702127292685214,10.0,0.0,3.7,4.828043200154305,10.0,0.0,-0.008576981790004842,0.0025050270087376703,2.4308649748563766,0.005273617872565714,0.051849365234375,0.9998122987647852
70286.10723762587,2581,169148416,169148416,2095.5838880747197,2823.52355445857,2567,100,6.7,4.702127292685214,10.0,0.0,3.7,4.828043200154305,10.0,0.0,-0.0111313677674237,0.0028657960040921653,2.389950970808665,0.0065910835219256106,0.054026285807291664,0.9997894602517287
70346.10764524154,2583,169294592,169279488,2436.250115771015,2184.5184926002794,2567,100,6.7,4.702127292685214,10.0,0.0,3.7,4.828043200154305,10.0,0.0,-0.01194663767091697,0.004039445061304528,2.3904216637214026,0.00469016698480118,0.0482635498046875,0.9997169667234023
70406.11274730042,2585,169463296,169410560,2811.4942598461057,2184.3475888333933,2575,100,6.9,4.624932500348614,10.0,0.0,3.9,4.8774994406145495,10.0,0.0,-0.011379002966956858,0.0026883490366647798,2.4007745732863746,0.002447878134868612,0.0507049560546875,0.9997818122307459
70474.57243676856,2588,169607168,169607168,2101.5578819846146,2871.879810256555,2575,100,6.9,4.624932500348614,10.0,0.0,3.9,4.8774994406145495,10.0,0.0,-0.003281008013194272,0.003982982727999722,2.4019501035412154,0.010880237785992602,0.05563354492187501,0.9996505385885636
70534.57248174585,2590,169746432,169738240,2321.064926746401,2184.5316957613186,2575,100,6.9,4.624932500348614,10.0,0.0,3.9,4.8774994406145495,10.0,0.0,-0.004187775715157235,0.03150849399874763,2.3653210575381913,0.01094027683757304,0.055145263671875,0.9974150992929935
70594.57274881378,2592,169917440,169869312,2850.120647069921,2184.5236097302386,2575,100,6.9,4.624932500348614,10.0,0.0,3.9,4.8774994406145495,10.0,0.0,-0.0029407290300393165,0.0554833601830372,2.249458722770214,0.005478008143351569,0.056330362955729164,0.9964758561303219
70663.48667986877,2595,170065920,170065920,2154.5716189301475,2852.9500057557816,2584,100,6.5,4.76969612835266,10.0,0.0,4.1,4.918333131579768,10.0,0.0,-0.0064660983262001545,0.012826728125219233,2.337757753829161,0.004334992833416133,0.047922770182291664,0.9989647511392832
70723.48685296066,2597,170208256,170196992,2372.25982301779,2184.5270312681805,2584,100,6.5,4.76969612835266,10.0,0.0,4.1,4.918333131579768,10.0,0.0,-0.004832760285353288,0.022362823993413862,2.4151664624611535,0.00559646446830205,0.042124430338541664,0.9976661913096905
70783.48719092645,2599,170376192,170328064,2798.9175676937166,2184.5210284438763,2584,100,6.5,4.76969612835266,10.0,0.0,4.1,4.918333131579768,10.0,0.0,-0.007388527010334656,0.003239161650223347,2.3796379913886385,0.004759615374496207,0.0440521240234375,0.9997424632310867
70852.49348560907,2602,170524672,170524672,2151.687765339357,2849.131385828666,2593,100,6.8,4.6647615953572945,10.0,0.0,3.8,4.853864540975764,10.0,0.0,-0.00551544737633473,0.006479914603308619,2.4051443437735243,0.006105377871184222,0.03830973307291667,0.9994220963368813
70912.49383778125,2604,170662912,170655744,2303.986476667625,2184.520511210785,2593,100,6.8,4.6647615953572945,10.0,0.0,3.8,4.853864540975764,10.0,0.0,-0.0021239467532723215,0.0037625348583484692,2.3185715277989707,0.054922531731790514,0.06139628092447917,0.999735542262594
70972.49421598576,2606,170834176,170786816,2854.382007664209,2184.519563414163,2593,100,6.8,4.6647615953572945,10.0,0.0,3.8,4.853864540975764,10.0,0.0,-0.0009001859677179407,0.02732746630742137,2.401803915699323,0.007914623391722367,0.05113220214843751,0.9978767496844133
71042.27386483736,2609,170983424,170983424,2138.8471059434237,2817.5550212084895,2593,100,6.8,4.6647615953572945,10.0,0.0,3.8,4.853864540975764,10.0,0.0,-0.003778357960982248,0.014736468571451647,2.441079360743364,0.007483196142250866,0.05029296875,0.9987967746953169
71102.27401144989,2611,171120896,171114496,2291.1944013700595,2184.527995347245,2601,100,6.7,4.702127291168226,10.0,0.0,4.1,4.918333149337866,10.0,0.0,-0.0018096648224551852,0.04938613670916918,2.2765880450606346,0.009467585379752565,0.05363972981770833,0.996942687779665
71162.27445934899,2613,171288064,171245568,2786.112535044904,2184.517025946387,2601,100,6.7,4.702127291168226,10.0,0.0,4.1,4.918333149337866,10.0,0.0,-0.007506550558900926,0.014582502755123036,2.396300705770652,0.006859398357846658,0.04679870605468751,0.998998150229454
71231.99813430756,2616,171442176,171442176,2210.325260273068,2819.816943338399,2601,100,6.7,4.702127291168226,10.0,0.0,4.1,4.918333149337866,10.0,0.0,-0.005769459101429675,0.014477419276469542,2.454371134440104,0.005831359847434214,0.0364532470703125,0.9989109175900618
71291.9982295502,2618,171580416,171573248,2303.996342688644,2184.529865660344,2601,100,6.7,4.702127291168226,10.0,0.0,4.1,4.918333149337866,10.0,0.0,-0.0102585392499653,0.002460365306130067,2.407843492925167,0.0052897971860754,0.043813069661458336,0.9998116853336493
71351.99883562699,2620,171746048,171704320,2760.505448695228,2184.511266973658,2609,100,6.5,4.769696083321683,10.0,0.0,4.0,4.898979574707617,10.0,0.0,-0.005971372091153171,0.03841126763533491,2.3701579198241234,0.0064081570114164306,0.044713338216145836,0.9973314510037502
71421.87681348808,2623,171900928,171900928,2216.4350592382866,2813.5902900743868,2609,100,6.5,4.769696083321683,10.0,0.0,4.0,4.898979574707617,10.0,0.0,-0.00569845348460755,0.013074233766625788,2.3662140518426895,0.006564159832123551,0.0519866943359375,0.9991329095015923
71481.87736605294,2625,172039424,172032000,2308.245409078335,2184.5132152460396,2609,100,6.5,4.769696083321683,10.0,0.0,4.0,4.898979574707617,10.0,0.0,-0.003332680911019755,0.036696756697589684,2.451541652282079,0.006831571396711903,0.031280517578125,0.9970381148159504
71541.88224182092,2627,172209664,172163072,2837.102782418479,2184.355826463551,2618,100,7.0,4.582575774305778,10.0,0.0,4.1,4.918333149337866,10.0,0.0,-0.0034223914529623776,0.04693416018077793,2.3902432173490524,0.008270526420650034,0.048426310221354164,0.9965757932513952
71611.18362623267,2630,172359680,172359680,2164.6898005483436,2836.9996020838357,2618,100,7.0,4.582575774305778,10.0,0.0,4.1,4.918333149337866,10.0,0.0,-0.007344770014848715,0.014440201489681687,2.4355531136194863,0.00573148923710202,0.031163533528645836,0.9989463873207569
71671.18383593112,2632,172499456,172490752,2329.5918581364995,2184.5256984723214,2618,100,7.0,4.582575774305778,10.0,0.0,4.1,4.918333149337866,10.0,0.0,-0.008198343280431192,0.018065766921305716,2.47212124367555,0.006722271852292276,0.036142985026041664,0.9985779616981746
71731.18430569395,2634,172660992,172621824,2692.2455880514717,2184.5162299244907,2618,100,7.0,4.582575774305778,10.0,0.0,4.1,4.918333149337866,10.0,0.0,-0.00763482441107044,0.006281882153416518,2.50723285228014,0.006535836165009338,0.035588582356770836,0.9994755188624065
71802.33147323318,2637,172818432,172818432,2212.8779745617,2763.39883652583,2626,100,6.7,4.702127285673382,10.0,0.0,3.9,4.877499458521316,10.0,0.0,-0.0029403934944033,0.05752152739053903,2.4513177052140236,0.004774652925940851,0.04022725423177083,0.9960065043220918
71862.3319465667,2639,172958720,172949504,2338.1148881973922,2184.5160999216514,2626,100,6.7,4.702127285673382,10.0,0.0,3.9,4.877499458521316,10.0,0.0,-0.008362063243112061,0.011580529438409334,2.3904410004615784,0.005074102963893286,0.055643717447916664,0.9992890773961941
71922.33215580136,2641,173125888,173080576,2786.123617439773,2184.525715358597,2626,100,6.7,4.702127285673382,10.0,0.0,3.9,4.877499458521316,10.0,0.0,-0.00252319628392191,0.08417745510814711,2.429696386059125,0.005623704007424143,0.05534362792968749,0.9944321153064568
71991.24792127311,2644,173277184,173277184,2195.3757455107307,2852.8740652322185,2634,100,6.7,4.702127257052952,10.0,0.0,3.7,4.828043165451338,10.0,0.0,-0.007319188424541305,0.024601377682605136,2.4990055287877717,0.005843181182475139,0.0448760986328125,0.9977950267493725
72051.24838488922,2646,173417984,173408256,2346.64853426586,2184.5164537165824,2634,100,6.7,4.702127257052952,10.0,0.0,3.7,4.828043165451338,10.0,0.0,-0.002734715778691073,0.04986929711594712,2.389424172540506,0.006077196672777063,0.052958170572916664,0.9969108197838068
72111.24973941408,2648,173581056,173539328,2717.805311085431,2184.4840177013198,2634,100,6.7,4.702127257052952,10.0,0.0,3.7,4.828043165451338,10.0,0.0,-0.00575139850116102,0.032891799581799816,2.392584020892779,0.0056939378512955345,0.048528035481770836,0.9978041164577007
72179.9337082766,2651,173735936,173735936,2254.9657884508056,2862.502025669783,2642,100,7.0,4.582575765554457,10.0,0.0,3.9,4.8774994406145495,10.0,0.0,-0.003920405244571157,0.04557332877205529,2.463598161935806,0.006060172502354059,0.055501302083333336,0.9964917128284773
72239.93392247707,2653,173873920,173867008,2299.7251232967487,2184.5255345601768,2642,100,7.0,4.582575765554457,10.0,0.0,3.9,4.8774994406145495,10.0,0.0,-0.006426518419175408,0.03028885181993246,2.471769228577614,0.00594615362509406,0.040171305338541664,0.9969826024025679
72299.93645708077,2655,174040832,173998080,2781.7491561382712,2184.4410551269857,2642,100,7.0,4.582575765554457,10.0,0.0,3.9,4.8774994406145495,10.0,0.0,-0.006498533451425222,0.03912615548082006,2.3709730108579,0.006063842786412958,0.04865519205729167,0.9975381251424551
72370.7003003452,2658,174194688,174194688,2174.2176922905383,2778.3680327439824,2642,100,7.0,4.582575765554457,10.0,0.0,3.9,4.8774994406145495,10.0,0.0,-0.007971139653818682,0.023949920522378914,2.4194254825512567,0.004452154720032316,0.04861958821614583,0.9985573322822651
72430.70065638609,2660,174329088,174325760,2239.9867078854627,2184.5203703568704,2650,100,7.3,4.43959462928391,10.0,0.0,3.7,4.828043165451338,10.0,0.0,-0.003292007648269646,0.03610324871260673,2.4026939595739045,0.0036066136035515233,0.03521219889322917,0.9975490241001049
72490.70112161338,2662,174499072,174456832,2833.044699838151,2184.5163950559236,2650,100,7.3,4.43959462928391,10.0,0.0,3.7,4.828043165451338,10.0,0.0,-0.005535519778883705,0.028587175387656316,2.3952603489160538,0.0020194550130933444,0.042048136393229164,0.9978528426339229
72562.05443516374,2665,174653440,174653440,2163.4314136100297,2755.415133752078,2650,100,7.3,4.43959462928391,10.0,0.0,3.7,4.828043165451338,10.0,0.0,-0.0050646848855346125,0.025318692632329963,2.456553471585115,0.006474307619403892,0.041051228841145836,0.9979565224299829
72622.05495521426,2667,174801408,174784512,2466.111958286329,2184.514399035641,2650,100,7.3,4.43959462928391,10.0,0.0,3.7,4.828043165451338,10.0,0.0,-0.005623177391195592,0.020031681962185154,2.480551801621914,0.005733885894490716,0.0396270751953125,0.9982650540769101
72682.0553814657,2669,174963200,174915584,2696.5141767824302,2184.517814102222,2658,100,6.8,4.664761614080705,10.0,0.0,3.9,4.877499476428083,10.0,0.0,-0.007460539697300799,0.02325379496323876,2.3977707028388973,0.005326430501857734,0.04293314615885417,0.9986151394744714
72752.48556932993,2672,175112192,175112192,2115.4565182648307,2791.5302509061685,2658,100,6.8,4.664761614080705,10.0,0.0,3.9,4.877499476428083,10.0,0.0,-0.008152790348200748,0.007884282918287983,2.4848638201753297,0.004987309908756288,0.041839599609375,0.9994042168060938
72812.4859019015,2674,175250688,175243264,2308.2538723399116,2184.5212248392513,2658,100,6.8,4.664761614080705,10.0,0.0,3.9,4.877499476428083,10.0,0.0,-0.008304498223878909,0.04502438542598005,2.36730415870746,0.005607078490356799,0.04968770345052083,0.9972090727339189
72872.4863129016,2676,175417856,175374336,2786.1142484459597,2184.5183693787617,2667,100,6.4,4.800000093951528,10.0,0.0,3.7,4.828043191847919,10.0,0.0,-0.010093756636100201,0.014408266889707496,2.4190302242835364,0.007763375560898567,0.051350911458333336,0.9989658320943515
72943.05894864537,2679,175570944,175570944,2169.226051806075,2785.8956651957615,2667,100,6.4,4.800000093951528,10.0,0.0,3.7,4.828043191847919,10.0,0.0,-0.0041394719761835095,0.04493949872752031,2.4122821812828383,0.011847658660675126,0.061635335286458336,0.9971831496804952
73003.06168504618,2681,175705344,175702016,2239.8978456952386,2184.433708563737,2667,100,6.4,4.800000093951528,10.0,0.0,3.7,4.828043191847919,10.0,0.0,-0.0054427557333838195,0.037851036024221685,2.3996766755978265,0.010987239918904379,0.0616912841796875,0.9972850369910399
73063.06198345497,2683,175868160,175833088,2713.586504032182,2184.522468654838,2667,100,6.4,4.800000093951528,10.0,0.0,3.7,4.828043191847919,10.0,0.0,-0.004698802935308777,0.05071125493850558,2.4638476620117826,0.0056735967567268135,0.04573059082031251,0.9960267127801975
73133.28667709976,2686,176029696,176029696,2300.273473844911,2799.698934885724,2675,100,6.5,4.769696111536666,10.0,0.0,4.0,4.898979574707617,10.0,0.0,-0.002696683358711501,0.05837299648070863,2.382364268104235,0.006214531820660341,0.05120849609375,0.9966954806198677
73193.29047277756,2688,176176640,176160768,2448.9117453343974,2184.3951456641316,2675,100,6.5,4.769696111536666,10.0,0.0,4.0,4.898979574707617,10.0,0.0,-0.00864239493967034,0.026056981296278536,2.4309526036183042,0.007723560989082519,0.04646809895833333,0.998311505963405
73253.29070953652,2690,176344064,176291840,2790.3889891733097,2184.524713236597,2675,100,6.5,4.769696111536666,10.0,0.0,4.0,4.898979574707617,10.0,0.0,-0.0048494961398925325,0.06263648035140552,2.4707832634449005,0.00633140656160928,0.050638834635416664,0.9955296820650498
73322.58996352553,2693,176488448,176488448,2083.4856320804743,2837.086818152135,2675,100,6.5,4.769696111536666,10.0,0.0,4.0,4.898979574707617,10.0,0.0,-0.010007238558803994,0.023634867466171272,2.4359755938251815,0.021644420245744794,0.05023701985677083,0.9984082529942195
73382.59068511799,2695,176629504,176619520,2350.905060077394,2184.507061269738,2684,100,6.4,4.800000095437584,10.0,0.0,3.7,4.8280431722803,10.0,0.0,-0.013270193080340203,0.0027908683950954583,2.4860066076119742,0.004273984974740111,0.045766194661458336,0.9997720892230669
73442.59116803668,2697,176794368,176750592,2747.711217981424,2184.515750941753,2684,100,6.4,4.800000095437584,10.0,0.0,3.7,4.8280431722803,10.0,0.0,-0.003983385021759508,0.02264574254998782,2.393029374380906,0.007110571018832464,0.055013020833333336,0.9985320853690306
73512.65716612525,2700,176947200,176947200,2181.2577308441305,2806.0400959602885,2684,100,6.4,4.800000095437584,10.0,0.0,3.7,4.8280431722803,10.0,0.0,-0.010534193097555544,0.028825525563055027,2.4382974083224935,0.006715075095295712,0.04673258463541667,0.9979299815992515
73572.65768340603,2702,177079296,177078272,2201.581019407832,2184.514499877539,2684,100,6.4,4.800000095437584,10.0,0.0,3.7,4.8280431722803,10.0,0.0,-0.011166237561459033,0.012456781634682557,2.4358832066257796,0.005478967196419641,0.04865010579427083,0.9991679061204195
73632.65768598951,2704,177240832,177209344,2692.2665507426577,2184.53323927138,2694,100,6.7,4.7021272555359666,10.0,0.0,3.6,4.800000047718792,10.0,0.0,-0.0016504632997869828,0.03549643911537714,2.3989670847853026,0.01565247734045746,0.055694580078125,0.9975113204369943
73692.65821846575,2706,177402880,177340416,2700.7760316826107,2184.5139466374353,2694,100,6.7,4.7021272555359666,10.0,0.0,3.6,4.800000047718792,10.0,0.0,-0.003153253904505012,0.049724079013685696,2.4406335776050887,0.0048845887158677215,0.0493316650390625,0.9964597473541896
73758.90851916187,2709,177537024,177537024,2024.805904131646,2967.6544549105042,2694,100,6.7,4.7021272555359666,10.0,0.0,3.6,4.800000047718792,10.0,0.0,-0.011183154211418394,0.0024461026187054813,2.4541231517990427,0.004115554142117617,0.042607625325520836,0.9998036933441956
73818.90866409242,2711,177688832,177668096,2530.1272217875658,2184.528056585554,2702,100,6.6,4.73708781810175,10.0,0.0,3.8,4.853864529774438,10.0,0.0,-0.0018531993676636678,0.07370541257356915,2.345338813960552,0.00643581634418903,0.048009236653645836,0.9955538585782051
73878.90898482129,2713,177856512,177799168,2794.6517279085692,2184.5216560140266,2702,100,6.6,4.73708781810175,10.0,0.0,3.8,4.853864529774438,10.0,0.0,-0.0057902800690499134,0.045195149233525925,2.397561490535736,0.00740027650014478,0.039215087890625,0.9967138320207596
73946.8626312688,2716,177995776,177995776,2049.3970122350065,2893.266370214127,2702,100,6.6,4.73708781810175,10.0,0.0,3.8,4.853864529774438,10.0,0.0,-0.005799328277741249,0.03609751050923175,2.4186993837356567,0.00783938322698911,0.050013224283854164,0.997830044478178
74006.8627147302,2718,178132224,178126848,2274.130169965058,2184.5302946005813,2702,100,6.6,4.73708781810175,10.0,0.0,3.8,4.853864529774438,10.0,0.0,-0.007097109257301781,0.02576983994852829,2.468409744401773,0.006470807955338388,0.045842488606770836,0.998071575537324
74066.867580669,2720,178300416,178257920,2802.9726817746528,2184.3561842749195,2710,100,6.6,4.737087798158419,10.0,0.0,4.0,4.898979566521507,10.0,0.0,-0.004049346408767936,0.037132231850894946,2.4264794165889425,0.004506918715075396,0.046605428059895836,0.9973138769467672
74136.83686804958,2723,178454528,178454528,2202.566379756818,2809.918570852552,2710,100,6.6,4.737087798158419,10.0,0.0,4.0,4.898979566521507,10.0,0.0,-0.010765009879833087,0.01879658691298876,2.438478462398052,0.0033566438487468986,0.04149881998697917,0.9986975404123465
74196.83692599088,2725,178593024,178585600,2308.264437602527,2184.53122375692,2710,100,6.6,4.737087798158419,10.0,0.0,4.0,4.898979566521507,10.0,0.0,-0.008015867468202487,0.013754618385670861,2.399994527300199,0.005826516058126193,0.049275716145833336,0.9989985556652149
74256.83712942526,2727,178760448,178716672,2790.3905389772763,2184.5259265387854,2710,100,6.6,4.737087798158419,10.0,0.0,4.0,4.898979566521507,10.0,0.0,-0.00607415091508301,0.013959650003622908,2.4077010328571,0.009350917562187533,0.050059000651041664,0.9986760808775822
74326.39709496498,2730,178913280,178913280,2197.1258728229554,2826.4533841340535,2719,100,6.9,4.624932479921656,10.0,0.0,4.1,4.918333131579768,10.0,0.0,-0.009105921286391094,0.0022935560773476027,2.373766874273618,0.009536475790203742,0.049448649088541664,0.9998373308529457
74386.3972485289,2732,179050496,179044352,2286.9274801743163,2184.5277422560634,2719,100,6.9,4.624932479921656,10.0,0.0,4.1,4.918333131579768,10.0,0.0,-0.005900003690233765,0.011234742885183854,2.358688714603583,0.023040646716253832,0.05469767252604167,0.9992532183726628
74446.39776930213,2734,179217152,179175424,2777.5758918804286,2184.5143727231634,2719,100,6.9,4.624932479921656,10.0,0.0,4.1,4.918333131579768,10.0,0.0,-0.0013536786888532029,0.07188329924732291,2.3249135141571364,0.016913703175911603,0.057281494140625,0.995335578918457
74516.72759851813,2737,179372032,179372032,2202.1950248779694,2795.513684473191,2727,100,7.2,4.489988906210485,10.0,0.0,4.0,4.898979574707617,10.0,0.0,-0.0034562312503112476,0.037397161194045715,2.378689760963122,0.006337683473854365,0.04046630859375,0.9976236466318369
74576.73331448995,2739,179512576,179503104,2342.1768697172092,2184.325240974884,2727,100,7.2,4.489988906210485,10.0,0.0,4.0,4.898979574707617,10.0,0.0,-0.004946402177059403,0.02573374738979813,2.3407533168792725,0.007796492822914539,0.044525146484375,0.998430964226524
74636.73341746442,2741,179679744,179634176,2786.1285516646117,2184.52958415357,2727,100,7.2,4.489988906210485,10.0,0.0,4.0,4.898979574707617,10.0,0.0,-0.007777325396697657,0.02889779362885747,2.3861845284700394,0.007445213201208389,0.04353841145833333,0.9981594532728195
74707.89434788749,2744,179830784,179830784,2122.513001193729,2762.864381214888,2727,100,7.2,4.489988906210485,10.0,0.0,4.0,4.898979574707617,10.0,0.0,-0.009103833510986686,0.013377613247333405,2.4589565992355347,0.007360330787681353,0.048482259114583336,0.9991958954681953
74767.89449419454,2746,179972608,179961856,2363.727569499825,2184.5280064691524,2735,100,7.0,4.582575762441333,10.0,0.0,3.7,4.828043145883719,10.0,0.0,-0.008444587086463192,0.028414493076221937,2.4475118592381477,0.005679958185889214,0.04654947916666667,0.9975065886974335
74827.89466358908,2748,180137216,180092928,2743.458921217401,2184.52716588384,2735,100,7.0,4.582575762441333,10.0,0.0,3.7,4.828043145883719,10.0,0.0,-0.005590570874725624,0.02506089963693133,2.4271159569422407,0.005077536042639016,0.0370635986328125,0.9982446376234292
74898.37574246153,2751,180289536,180289536,2161.147394971619,2789.514620736477,2735,100,7.0,4.582575762441333,10.0,0.0,3.7,4.828043145883719,10.0,0.0,-0.00213537232290643,0.07871721101400908,2.4046129311124482,0.008444127230783732,0.055775960286458336,0.9954101250817379
74958.37612376176,2753,180427776,180420608,2303.985358164376,2184.519450704001,2735,100,7.0,4.582575762441333,10.0,0.0,3.7,4.828043145883719,10.0,0.0,-0.010391885063048297,0.0043754956604971085,2.433049110074838,0.005110727135615889,0.050944010416666664,0.9997103853772085
75018.37660567276,2755,180598272,180551680,2841.577176878182,2184.5157876300736,2745,100,6.8,4.664761593828157,10.0,0.0,3.7,4.82804318206411,10.0,0.0,-0.004456154439443101,0.04356368908095949,2.460572026669979,0.006307698225403631,0.04555765787760417,0.9968878800670306
75087.9712004289,2758,180748288,180748288,2155.5697037342397,2825.0469837336113,2745,100,6.8,4.664761593828157,10.0,0.0,3.7,4.82804318206411,10.0,0.0,-0.009074540755439859,0.02772397031124759,2.4786393592755,0.0038226448850764423,0.04062398274739583,0.9980131996174653
75147.9715699777,2760,180891136,180879360,2380.785336394026,2184.519878555092,2745,100,6.8,4.664761593828157,10.0,0.0,3.7,4.82804318206411,10.0,0.0,-0.010143146584596252,0.015443369707403084,2.437405737737815,0.002979441093581651,0.0453338623046875,0.9989124611020088
75207.97186866216,2762,181060608,181010432,2824.5192726663013,2184.5224586180457,2745,100,6.8,4.664761593828157,10.0,0.0,3.7,4.82804318206411,10.0,0.0,-0.008967046933927728,0.007948879028845113,2.3995471050341926,0.003238994429314819,0.0388336181640625,0.9995015313227972
75278.40781057253,2765,181207040,181207040,2078.9386217952874,2791.302205487379,2755,100,6.8,4.664761629745838,10.0,0.0,3.9,4.877499424170227,10.0,0.0,-0.008265798057739932,0.01699952067671499,2.3776328762372336,0.008249192327032992,0.055816650390625,0.9989024059226115
75338.40818560682,2767,181348864,181338112,2363.7185587415715,2184.519678836976,2755,100,6.8,4.664761629745838,10.0,0.0,3.9,4.877499424170227,10.0,0.0,-0.009261054243931238,0.010448734245680196,2.342680737376213,0.004846839710201797,0.053029378255208336,0.9993283320218325
75398.40895388275,2769,181512192,181469184,2722.0984779542714,2184.5053616184746,2755,100,6.8,4.664761629745838,10.0,0.0,3.9,4.877499424170227,10.0,0.0,-0.006451031915882291,0.03793134514125995,2.390178926289081,0.005207337560932501,0.0390777587890625,0.9970412577191989
75468.4348348938,2772,181665792,181665792,2193.4747236637577,2807.64764628961,2755,100,6.8,4.664761629745838,10.0,0.0,3.9,4.877499424170227,10.0,0.0,-0.006128788544932225,0.039376243182535596,2.4141439025600753,0.0066349958463736885,0.05492146809895833,0.9977189457664887
75528.43536751904,2774,181808640,181796864,2380.778865617967,2184.513941212185,2764,100,6.8,4.664761603954431,10.0,0.0,4.2,4.935585143930562,10.0,0.0,-0.005562431494278523,0.017529184612309717,2.357538511355718,0.005912561571676633,0.049245198567708336,0.9986231581618389
75588.43560130894,2776,181978112,181927936,2824.5223275865133,2184.5248213357927,2764,100,6.8,4.664761603954431,10.0,0.0,4.2,4.935585143930562,10.0,0.0,-0.004381585145893041,0.030749434486400183,2.393010084827741,0.0061946507897422025,0.050323486328125,0.9977177424977224
75658.3080350142,2779,182124544,182124544,2095.7048757983403,2813.8135395334357,2764,100,6.8,4.664761603954431,10.0,0.0,4.2,4.935585143930562,10.0,0.0,-0.004299664263574717,0.03791375505776765,2.36778537184,0.009018858523025603,0.050542195638020836,0.9971925976375738
75718.30829175003,2781,182268160,182255616,2393.5897579957204,2184.5239859069675,2764,100,6.8,4.664761603954431,10.0,0.0,4.2,4.935585143930562,10.0,0.0,-0.00024369399640515138,0.03223330371110933,2.36904443303744,0.010537435739630988,0.049840291341145836,0.9978221748024225
75778.30873112008,2783,182432512,182386688,2739.1799414394895,2184.5173364751067,2773,100,7.0,4.582575755246574,10.0,0.0,4.1,4.918333105667772,10.0,0.0,-0.01062621186429169,0.005857754287717399,2.398897829155127,0.008619445083240862,0.0438385009765625,0.9995650450388591
75847.97887747362,2786,182583296,182583296,2164.255536867154,2821.983450448174,2773,100,7.0,4.582575755246574,10.0,0.0,4.1,4.918333105667772,10.0,0.0,-0.010981115483446047,0.004371283669267238,2.397417813539505,0.005563664540507792,0.0450592041015625,0.9996560377379259
75907.97894722968,2788,182726912,182714368,2393.597217201448,2184.5307935956175,2773,100,7.0,4.582575755246574,10.0,0.0,4.1,4.918333105667772,10.0,0.0,-0.0054559048342828955,0.01842251491204176,2.399067131181558,0.006002940483692025,0.04434204101562501,0.9987976389626662
75967.98157254979,2790,182885120,182845440,2636.684630980386,2184.4377525274394,2773,100,7.0,4.582575755246574,10.0,0.0,4.1,4.918333105667772,10.0,0.0,-0.0020230539982245927,0.03162609917247513,2.395214356482029,0.007744833579636179,0.05330912272135417,0.9979154206812382
76038.51519882493,2793,183042048,183042048,2224.8678862455813,2787.436438232637,2782,100,7.0,4.5825757449386915,10.0,0.0,3.9,4.877499458521316,10.0,0.0,-0.005257009758982653,0.04360773609854126,2.306653253734112,0.008405025460888282,0.04912312825520833,0.9976118591924509
76098.51554705016,2795,183182848,183173120,2346.653047269816,2184.520654912992,2782,100,7.0,4.5825757449386915,10.0,0.0,3.9,4.877499458521316,10.0,0.0,-0.006149762363444704,0.016427946500092123,2.443487507601579,0.00562001519271386,0.03169759114583333,0.9988444317132236
76158.51578325406,2797,183351040,183304192,2803.1889645975148,2184.5247334458563,2782,100,7.0,4.5825757449386915,10.0,0.0,3.9,4.877499458521316,10.0,0.0,-0.008784816646463394,0.014311467382261375,2.482013883690039,0.009155637225073104,0.041356404622395836,0.9987977209190528
76228.9764929302,2800,183500800,183500800,2125.439847091111,2790.321030027305,2782,100,7.0,4.5825757449386915,10.0,0.0,3.9,4.877499458521316,10.0,0.0,-0.007409218662360217,0.019941222490160726,2.4511166711648302,0.006950862246715889,0.0495452880859375,0.9987888112664223
76288.97696717642,2802,183642880,183631872,2367.981283230504,2184.516066691924,2791,100,6.5,4.769696065010192,10.0,0.0,4.0,4.8989795583353954,10.0,0.0,-0.006648138635985863,0.036984200254664756,2.441673887272676,0.0063487801065396825,0.036295572916666664,0.9977195983131726
76348.97742852755,2804,183810560,183762944,2794.6451781216515,2184.516536180589,2791,100,6.5,4.769696065010192,10.0,0.0,4.0,4.8989795583353954,10.0,0.0,-0.00820135070049825,0.030126761380718868,2.4701409116387367,0.007056722057313891,0.044530232747395836,0.9977194182574749
76417.85386374593,2807,183959552,183959552,2163.1781541481864,2854.503131247091,2791,100,6.5,4.769696065010192,10.0,0.0,4.0,4.8989795583353954,10.0,0.0,-0.00219041142675754,0.062473130228075505,2.4325792317589126,0.005038713546431003,0.051142374674479164,0.996405960371097
76477.85406292044,2809,184096768,184090624,2286.9257417114923,2184.526081634858,2791,100,6.5,4.769696065010192,10.0,0.0,4.0,4.8989795583353954,10.0,0.0,-0.005096317705465481,0.04691122757503763,2.439292925099532,0.004986101640194344,0.03998311360677083,0.9971864242106676
76537.85414984822,2811,184263680,184221696,2781.8626363139792,2184.5301683937996,2801,100,5.9,4.9183331426342685,10.0,0.0,3.5,4.769696100137676,10.0,0.0,-0.003423828978460127,0.030289216003438924,2.4833320081233983,0.006124909277180754,0.050928751627604164,0.9979906932761272
76607.57704256848,2814,184418304,184418304,2217.693414132926,2819.848579559747,2801,100,5.9,4.9183331426342685,10.0,0.0,3.5,4.769696100137676,10.0,0.0,-0.008651861595960025,0.030815151015607018,2.461355678737164,0.004723386280602426,0.05411275227864583,0.9977384153753519
76667.57717309333,2816,184559616,184549376,2355.194876475354,2184.528581078589,2801,100,5.9,4.9183331426342685,10.0,0.0,3.5,4.769696100137676,10.0,0.0,-0.009237647303962147,0.03138121566007612,2.409627802670002,0.0051240381890238496,0.057276407877604164,0.9980419743806124
76727.57730435766,2818,184723200,184680448,2726.3940353619414,2184.528554155421,2801,100,5.9,4.9183331426342685,10.0,0.0,3.5,4.769696100137676,10.0,0.0,-0.005494527952881374,0.02752803075903406,2.441867738962173,0.005143650794101026,0.05157470703125,0.9981430135667324
76798.0785703361,2821,184877056,184877056,2182.315421783338,2788.7158800825355,2801,100,5.9,4.9183331426342685,10.0,0.0,3.5,4.769696100137676,10.0,0.0,-0.0034630268928594887,0.04619812035768215,2.456847953299681,0.006038594251246347,0.051300048828125,0.9967031031847
76858.07878997363,2823,185016064,185008128,2316.791519093962,2184.525336604251,2811,100,5.9,4.918333107118072,10.0,0.0,3.4,4.737087798158419,10.0,0.0,-0.009786888903666599,0.01530331046039161,2.4056101391712823,0.00687730318895774,0.0683441162109375,0.9990255304922661
76918.07916855253,2825,185182720,185139200,2777.58247443131,2184.51954978315,2811,100,5.9,4.918333107118072,10.0,0.0,3.4,4.737087798158419,10.0,0.0,-0.002988574245440153,0.02288247897619537,2.524930124481519,0.0051701775464607636,0.037785847981770836,0.9976831649740537
76988.52729794942,2828,185335808,185335808,2173.0598287080666,2790.8193117856104,2811,100,5.9,4.918333107118072,10.0,0.0,3.4,4.737087798158419,10.0,0.0,-0.00972081125898209,0.014852616980836803,2.4923642426729202,0.006439235371847948,0.0460052490234375,0.9988687839359046
77048.52759646997,2830,185483264,185466880,2457.587772659102,2184.5224645858684,2811,100,5.9,4.918333107118072,10.0,0.0,3.4,4.737087798158419,10.0,0.0,-0.005343433081482847,0.04706389493852234,2.463244716326396,0.006020971693942556,0.049173990885416664,0.9966683828582366
77108.52771049738,2832,185645568,185597952,2705.061525813972,2184.5291817298953,2821,100,6.5,4.769696093225177,10.0,0.0,3.8,4.853864549237962,10.0,0.0,-0.005053918469153965,0.05322356557007878,2.3941385174791017,0.005790592673899179,0.0521392822265625,0.9967541980246702
77178.05526113324,2835,185794560,185794560,2142.920304791468,2827.7711238485354,2821,100,6.5,4.769696093225177,10.0,0.0,3.8,4.853864549237962,10.0,0.0,-0.01093690105093022,0.006798216301831418,2.471324123442173,0.00729022921223077,0.0456390380859375,0.9994862017532189
77238.05552918091,2837,185932032,185925632,2291.1897641984933,2184.5235740588987,2821,100,6.5,4.769696093225177,10.0,0.0,3.8,4.853864549237962,10.0,0.0,-0.0071141623096385356,0.029158162912305368,2.451857383052508,0.006425600811780896,0.0425567626953125,0.9981310709069172
77298.05555478483,2839,186100480,186056704,2807.465468631302,2184.5324011234447,2830,100,6.7,4.702127254018979,10.0,0.0,3.8,4.853864567231922,10.0,0.0,-0.004873728925304022,0.04222823810414411,2.41817444562912,0.005322324820857223,0.0406494140625,0.9973620896538098
77367.83929170296,2842,186253312,186253312,2190.0804793432076,2817.3899633761866,2830,100,6.7,4.702127254018979,10.0,0.0,3.8,4.853864567231922,10.0,0.0,-0.0070061160949990145,0.04472044116603987,2.4211502497394877,0.006579786229243231,0.0523681640625,0.997354656457901
77427.83941064216,2844,186391552,186384384,2303.995432743543,2184.529002897582,2830,100,6.7,4.702127254018979,10.0,0.0,3.8,4.853864567231922,10.0,0.0,-0.0023065079864560785,0.07472870118120531,2.4666431595881777,0.005260878736711069,0.044550577799479164,0.9951198032746712
77487.83979786187,2846,186557440,186515456,2764.782157030817,2184.519235184843,2830,100,6.7,4.702127254018979,10.0,0.0,3.8,4.853864567231922,10.0,0.0,-0.007097434174890319,0.0299561586167935,2.4924488042791686,0.007503911873451823,0.05666605631510417,0.9979644833753507
77558.09177985974,2849,186712064,186712064,2200.99128313141,2798.6114328558324,2838,100,6.4,4.800000065914675,10.0,0.0,3.9,4.877499459983759,10.0,0.0,-0.006726143452397082,0.046909289162916444,2.47833900898695,0.0048462472702037,0.051050821940104164,0.9969061004618804
77618.09251031093,2851,186859520,186843136,2457.5700810832327,2184.506738740651,2838,100,6.4,4.800000065914675,10.0,0.0,3.9,4.877499459983759,10.0,0.0,-0.010034884847603582,0.01961889751449538,2.4583417574564614,0.005684809619803369,0.0562896728515625,0.9986462040493885
77678.0927518718,2853,187024896,186974208,2756.255569942168,2184.524538406177,2838,100,6.4,4.800000065914675,10.0,0.0,3.9,4.877499459983759,10.0,0.0,-0.009770451802372312,0.01842309904653424,2.490966146190961,0.004121163727783521,0.051605224609375,0.9984336079408725
77746.67311502807,2856,187170816,187170816,2127.7227661727648,2866.826463895936,2847,100,6.3,4.8280431933253425,10.0,0.0,3.5,4.769696101633173,10.0,0.0,-0.0069774221822929885,0.05108139392784021,2.4217953011393547,0.005482660554965453,0.05918375651041667,0.9967482381810745
77806.67350724153,2858,187311360,187301888,2342.384688086466,2184.519053370256,2847,100,6.3,4.8280431933253425,10.0,0.0,3.5,4.769696101633173,10.0,0.0,-0.004790566699133099,0.0469655182484227,2.4590550040205317,0.007379185177948481,0.058507283528645836,0.9966303656498591
77866.67385412008,2860,187476736,187432960,2756.250731929343,2184.5207039439997,2847,100,6.3,4.8280431933253425,10.0,0.0,3.5,4.769696101633173,10.0,0.0,-0.0072860337628905345,0.03357130059157498,2.4193550795316696,0.006385456586940563,0.06147766113281251,0.9978162441402674
77936.19213358872,2863,187629568,187629568,2198.443361489429,2828.1482439261,2847,100,6.3,4.8280431933253425,10.0,0.0,3.5,4.769696101633173,10.0,0.0,-0.012908012834183562,0.00740624400350498,2.383618993063768,0.006728651272472538,0.06959025065104167,0.9995502127955358
77996.192555964,2865,187774720,187760640,2419.1829699487284,2184.5179552270706,2855,100,6.6,4.737087769749215,10.0,0.0,3.9,4.877499450299155,10.0,0.0,-0.0026319999330250234,0.05724538271412409,2.395968767503897,0.006056374639229033,0.05391947428385417,0.9960915862272183
78056.1925561335,2867,187942912,187891712,2803.199992080927,2184.5333271620007,2855,100,6.6,4.737087769749215,10.0,0.0,3.9,4.877499450299155,10.0,0.0,-0.006251732418604661,0.02294399340704937,2.4191302061080933,0.005639478592153561,0.052892049153645836,0.9983308979620537
78124.95871121064,2870,188088320,188088320,2114.5285764032574,2859.0808920382074,2855,100,6.6,4.737087769749215,10.0,0.0,3.9,4.877499450299155,10.0,0.0,-0.009271047846899211,0.026329194964394752,2.457898711164792,0.008645012207125546,0.048655192057291664,0.9974770514915386
78184.95897433907,2872,188235264,188219392,2449.0559263959994,2184.523753161588,2855,100,6.6,4.737087769749215,10.0,0.0,3.9,4.877499450299155,10.0,0.0,-0.011038526664682042,0.025508827583204642,2.3696969697872796,0.003436917049233064,0.061879475911458336,0.9984121837963661
78244.95953765698,2874,188405248,188350464,2833.040068296504,2184.512823746702,2864,100,6.9,4.624932538117919,10.0,0.0,4.1,4.918333141183968,10.0,0.0,-0.002247350086690858,0.034391094299887,2.4260907967885332,0.0032524979069421533,0.051025390625,0.997243765120705
78312.51576164924,2877,188547072,188547072,2099.3476488006863,2910.286993283262,2864,100,6.9,4.624932538117919,10.0,0.0,4.1,4.918333141183968,10.0,0.0,-0.004316265454690437,0.03432433303290357,2.394241047402223,0.006287872791896613,0.057184855143229164,0.9971362439294656
78372.51648011804,2879,188684544,188678144,2291.172564399944,2184.5071749958497,2864,100,6.9,4.624932538117919,10.0,0.0,4.1,4.918333141183968,10.0,0.0,-0.011012473888210177,0.01665846822288586,2.370963007211685,0.034252130048723,0.0499725341796875,0.998562041670084
78432.5169175528,2881,188857088,188809216,2875.7123677240465,2184.517406935774,2872,100,6.5,4.769696093225177,10.0,0.0,3.7,4.82804313609991,10.0,0.0,-0.009123016827894995,0.0064218975518694306,2.4243820508321123,0.008084104398221825,0.049565633138020836,0.9994877837598323
78502.02065596916,2884,189005824,189005824,2139.971221533496,2828.739927947892,2872,100,6.5,4.769696093225177,10.0,0.0,3.7,4.82804313609991,10.0,0.0,-0.003613711793150287,0.01872508487091788,2.3697381367286043,0.012450104207649321,0.06243387858072917,0.9987851126740377
78562.02083878964,2886,189145088,189136896,2321.059594379358,2184.526677062925,2872,100,6.5,4.769696093225177,10.0,0.0,3.7,4.82804313609991,10.0,0.0,-0.005045857915926414,0.029146542418554116,2.3675437991817794,0.010520661789996666,0.05665588378906251,0.9980014475683371
78622.02112353966,2888,189315584,189267968,2841.586514303312,2184.5229659508946,2872,100,6.5,4.769696093225177,10.0,0.0,3.7,4.82804313609991,10.0,0.0,-0.006396807439159602,0.035441611119798225,2.3897074535489082,0.008847750677887234,0.055816650390625,0.997705826535821
78691.62198521383,2891,189464576,189464576,2140.663152957535,2824.792614212005,2880,100,6.5,4.769696093225177,10.0,0.0,3.7,4.828043145883719,10.0,0.0,-0.006892982598704597,0.022471604388556443,2.3889551659425097,0.008475315618246288,0.053156534830729164,0.9985068521151941
78751.62205186114,2893,189599232,189595648,2244.264173763978,2184.5309067816665,2880,100,6.5,4.769696093225177,10.0,0.0,3.7,4.828043145883719,10.0,0.0,-0.005176716042721334,0.035318969976894245,2.360131211578846,0.006259254563095358,0.05291748046875001,0.9977517413596312
78811.62620315515,2895,189766144,189726720,2781.6742075421716,2184.3821997877176,2880,100,6.5,4.769696093225177,10.0,0.0,3.7,4.828043145883719,10.0,0.0,-0.003999761876912089,0.045232434616385334,2.3987631052732468,0.0033137083379794303,0.0430450439453125,0.9971516871203979
78882.5246832408,2898,189923328,189923328,2217.0291917414597,2773.0918880414347,2880,100,6.5,4.769696093225177,10.0,0.0,3.7,4.828043145883719,10.0,0.0,-0.009057404519505022,0.022178318344231233,2.4349090307950974,0.005222362560137602,0.039881388346354164,0.9984234025080999
78942.5248967614,2900,190064896,190054400,2359.45827011752,2184.525559313147,2889,100,6.3,4.82804318206411,10.0,0.0,3.3,4.702127299697045,10.0,0.0,-0.00843030694280363,0.02635545020166319,2.446310371160507,0.006392956731360754,0.042928059895833336,0.9981124637027582
79002.52505889721,2902,190232320,190185472,2790.3924596243214,2184.5274301646064,2889,100,6.3,4.82804318206411,10.0,0.0,3.3,4.702127299697045,10.0,0.0,-0.011162456270540133,0.009892498143017292,2.4296475748221082,0.007265505248142291,0.056905110677083336,0.9991971217095852
79071.29613246582,2905,190382080,190382080,2177.659766363625,2858.876411226092,2889,100,6.3,4.82804318206411,10.0,0.0,3.3,4.702127299697045,10.0,0.0,-0.008328456497110892,0.023056164805893786,2.420376944045226,0.0064745883810246605,0.0518341064453125,0.9985103495419024
79131.29761998914,2907,190520320,190513152,2303.9428805207235,2184.4791756048344,2889,100,6.3,4.82804318206411,10.0,0.0,3.3,4.702127299697045,10.0,0.0,-0.008886238055614133,0.029163794208822463,2.470639017721017,0.004818783289010753,0.0511932373046875,0.9974695121248564
79191.29778410867,2909,190688256,190644224,2798.925677360707,2184.527357940064,2889,100,6.3,4.82804318206411,10.0,0.0,3.3,4.702127299697045,10.0,0.0,-0.005771355662242664,0.037366072586640556,2.4385066131750746,0.0035200362041602298,0.054555257161458336,0.9973432943224907
79260.37781031244,2912,190840832,190840832,2208.684744124794,2846.0904085366474,2899,100,6.2,4.8538645395061994,10.0,0.0,3.4,4.737087789692545,10.0,0.0,-0.010409853709764624,0.025441908728680573,2.453891339401404,0.005809743661302491,0.045654296875,0.9980464987456799
79320.37821285054,2914,190982400,190971904,2359.450837185486,2184.51867746649,2899,100,6.2,4.8538645395061994,10.0,0.0,3.4,4.737087789692545,10.0,0.0,-0.01157728002484267,0.00632900778388527,2.41767430305481,0.008145921282145233,0.06419881184895834,0.9995117249588171
79380.38252418116,2916,191148544,191102976,2768.8677082646063,2184.3763738543585,2899,100,6.2,4.8538645395061994,10.0,0.0,3.4,4.737087789692545,10.0,0.0,-0.011720549373421818,0.006083140314634268,2.392801634967327,0.011595615604164777,0.06153361002604167,0.9995929636061192
79451.30710339546,2919,191299584,191299584,2129.5861275908273,2772.071433880941,2910,100,6.2,4.8538645395061994,10.0,0.0,3.8,4.85386455750016,10.0,0.0,-0.01044368507427862,0.006143261586354734,2.4098328948020935,0.006886033631720542,0.048319498697916664,0.9995474250366291
79511.30764867738,2921,191438848,191430656,2321.045572930348,2184.5134804050335,2910,100,6.2,4.8538645395061994,10.0,0.0,3.8,4.85386455750016,10.0,0.0,-0.008484198039999077,0.021348876155874073,2.4490098357200623,0.006877487006931915,0.049763997395833336,0.998278321698308
79571.3077267129,2923,191603200,191561728,2739.1964374230943,2184.5304921505053,2910,100,6.2,4.8538645395061994,10.0,0.0,3.8,4.85386455750016,10.0,0.0,-0.012602494874348242,0.003906671086345644,2.3819803049167,0.006722639659831961,0.05468750000000001,0.9997441346446673
79642.04163309559,2926,191758336,191758336,2193.2338808019554,2779.543928145052,2910,100,6.2,4.8538645395061994,10.0,0.0,3.8,4.85386455750016,10.0,0.0,-0.0032478332141181454,0.04764918718137779,2.3699853494763374,0.00468602601783156,0.0445404052734375,0.9969746271769206
79702.04191464,2928,191900416,191889408,2367.988888433065,2184.5230826625752,2918,100,6.8,4.6647615953572945,10.0,0.0,3.9,4.877499477890526,10.0,0.0,-0.0012972033582627778,0.04764658423664514,2.3875851035118103,0.006049237621482461,0.0506744384765625,0.997009290382266
79762.0439186655,2930,192067840,192020480,2790.306802566728,2184.4603714283867,2918,100,6.8,4.6647615953572945,10.0,0.0,3.9,4.877499477890526,10.0,0.0,-0.003421877624835664,0.05880577408728034,2.3876335223515825,0.0060425917617976665,0.0408477783203125,0.9956276733428239
79831.66159089282,2933,192217088,192217088,2143.823475060463,2824.1105126010902,2918,100,6.8,4.6647615953572945,10.0,0.0,3.9,4.877499477890526,10.0,0.0,-0.007036679725085075,0.019833583491466317,2.407727099955082,0.008573630084962739,0.05175272623697917,0.9987709137300651
79891.66191475652,2935,192354560,192348160,2291.187632791596,2184.521541879511,2926,100,6.5,4.769696111536666,10.0,0.0,4.0,4.898979548693254,10.0,0.0,-0.0072248868382303036,0.031062630398082547,2.4140600512425103,0.009624268258145701,0.05133056640625,0.9977106526494026
79951.66209966876,2937,192520960,192479232,2773.3247863052775,2184.52660090508,2926,100,6.5,4.769696111536666,10.0,0.0,4.0,4.898979548693254,10.0,0.0,-0.002662724536397339,0.04866954119400665,2.392679231862227,0.0036296799565510205,0.041051228841145836,0.9963749808569748
80022.14251976274,2940,192675840,192675840,2197.4897396109786,2789.54069424997,2926,100,6.5,4.769696111536666,10.0,0.0,4.0,4.898979548693254,10.0,0.0,-0.00508234154888972,0.03236802060079451,2.3459138671557107,0.00715741167247567,0.054880777994791664,0.9980036206543446
80082.14294531383,2942,192814080,192806912,2303.9836589541715,2184.517839600992,2926,100,6.5,4.769696111536666,10.0,0.0,4.0,4.898979548693254,10.0,0.0,-0.004777291940020708,0.03390532712607334,2.3980090096592903,0.006399116580117456,0.052296956380208336,0.9977836422622204
80142.14300009981,2944,192984064,192937984,2833.0640797967158,2184.5313386384314,2934,100,6.5,4.769696101633173,10.0,0.0,3.7,4.828043137577334,10.0,0.0,-0.009739740523703707,0.005942575136335411,2.4546856631835303,0.004763850082478409,0.041575113932291664,0.99952340995272
80211.41985278949,2947,193134592,193134592,2172.8469778249078,2838.0042159345735,2934,100,6.5,4.769696101633173,10.0,0.0,3.7,4.828043137577334,10.0,0.0,-0.008633512938104104,0.02201960073337735,2.438595227897167,0.006646442009393165,0.041982014973958336,0.9983355098714431
80271.42019620724,2949,193272832,193265664,2303.986812833924,2184.5208299462392,2934,100,6.5,4.769696101633173,10.0,0.0,3.7,4.828043137577334,10.0,0.0,-0.006496670612250455,0.028528190411937732,2.487798864642779,0.0068619992198364335,0.04339599609375001,0.9977150994042555
80331.42039326206,2951,193441536,193396736,2811.7240989369775,2184.526158809913,2934,100,6.5,4.769696101633173,10.0,0.0,3.7,4.828043137577334,10.0,0.0,-0.006340897256450262,0.028818823142501063,2.4793884232640266,0.006208281692427894,0.04684956868489583,0.9979583844542503
80400.62030269392,2954,193593344,193593344,2193.76009660075,2841.1597878404314,2944,100,6.5,4.76969606650569,10.0,0.0,3.8,4.853864513250042,10.0,0.0,-0.0030354073411823874,0.04509537109212639,2.505160349110762,0.0073060474320906605,0.055613199869791664,0.9964084203044574
80460.62077046931,2956,193736448,193724416,2385.0480722201487,2184.516302283929,2944,100,6.5,4.76969606650569,10.0,0.0,3.8,4.853864513250042,10.0,0.0,-0.012177977611524208,0.007270739816400843,2.395735966662566,0.006333169859620587,0.046824137369791664,0.9995539238055546
80520.62420185469,2958,193907712,193855488,2854.2367668946404,2184.4084075486635,2944,100,6.5,4.76969606650569,10.0,0.0,3.8,4.853864513250042,10.0,0.0,-0.005940246524308653,0.03947386654423705,2.4106954485177994,0.006610417942890004,0.05062866210937499,0.9973627179861069
80590.68927607313,2961,194052096,194052096,2060.712867438974,2806.0770960871137,2944,100,6.5,4.76969606650569,10.0,0.0,3.8,4.853864513250042,10.0,0.0,-0.01171558371182376,0.004689838546861816,2.4246111462513604,0.006356706828228198,0.04873148600260417,0.9996948198725779
80650.68932105601,2963,194191360,194183168,2321.0649265302354,2184.5316955578687,2952,100,6.2,4.85386450351828,10.0,0.0,4.1,4.918333149337866,10.0,0.0,-0.0075369209225755185,0.016406462148249073,2.443341260155042,0.005042331020376878,0.0445556640625,0.998775128275156
80710.68952605501,2965,194356480,194314240,2751.990597411333,2184.525869573027,2952,100,6.2,4.85386450351828,10.0,0.0,4.1,4.918333149337866,10.0,0.0,-0.0064502386667300024,0.02977282334177289,2.4200533876816435,0.006803697853683843,0.051523844401041664,0.9979760305335125
80781.55042162538,2968,194510848,194510848,2178.4652699838753,2774.5627319197615,2952,100,6.2,4.85386450351828,10.0,0.0,4.1,4.918333149337866,10.0,0.0,-0.010189627986013267,0.012927997088506041,2.3913085237145424,0.0068514039127573305,0.050201416015625,0.9990750433256229
80841.55107614957,2970,194653952,194641920,2385.0406488865983,2184.509503094702,2961,100,6.9,4.624932491677441,10.0,0.0,3.7,4.828043209938114,10.0,0.0,-0.007480523376822627,0.008461347914514286,2.4124101772904396,0.005351521926665252,0.045313517252604164,0.9993965396036705
80901.55577207543,2972,194821632,194772992,2794.447957992753,2184.362373270671,2961,100,6.9,4.624932491677441,10.0,0.0,3.7,4.828043209938114,10.0,0.0,-0.006160806360033652,0.016211081240423177,2.3933066204190254,0.00843516095604476,0.04758707682291667,0.998983866845568
80971.2700820081,2975,194969600,194969600,2122.491065936391,2820.1957415902216,2961,100,6.9,4.624932491677441,10.0,0.0,3.7,4.828043209938114,10.0,0.0,-0.008248637915433695,0.012505379596404964,2.420729498068492,0.006427843219474501,0.04808553059895833,0.9991959171990554
81031.27046785504,2977,195108096,195100672,2308.251822801521,2184.5192851652105,2961,100,6.9,4.624932491677441,10.0,0.0,3.7,4.828043209938114,10.0,0.0,-0.010140639121042721,0.0037298412074354323,2.3844888856013617,0.008200129346732865,0.05000813802083333,0.9997571924080452
81091.27106085792,2979,195271680,195231744,2726.3730542151948,2184.5117429705474,2969,100,7.0,4.582575772749215,10.0,0.0,3.8,4.853864549237962,10.0,0.0,-0.008546603727154432,0.014692220765330905,2.4368515809377036,0.008974370245899385,0.04902140299479167,0.9989478097607692
81161.54459762573,2982,195428352,195428352,2229.459441007742,2797.753024009716,2969,100,7.0,4.582575772749215,10.0,0.0,3.8,4.853864549237962,10.0,0.0,-0.008785442868732693,0.008481511037340777,2.4163888941208524,0.008762664120392097,0.05026753743489583,0.9994300448646148
81221.54461586475,2984,195565056,195559424,2278.399307403775,2184.532669271035,2969,100,7.0,4.582575772749215,10.0,0.0,3.8,4.853864549237962,10.0,0.0,-0.012016370569957266,0.003376878323858061,2.3836088801423707,0.012505735114245908,0.061574300130208336,0.9997948488841454
81281.54689861462,2986,195732224,195690496,2786.0273366080546,2184.450224109225,2969,100,7.0,4.582575772749215,10.0,0.0,3.8,4.853864549237962,10.0,0.0,-0.009428886805835646,0.005359101727663073,2.4714179933071136,0.005090618558218314,0.0401153564453125,0.9995566662400961
81352.54869533516,2989,195887104,195887104,2181.3532495463505,2769.056687027434,2978,100,6.9,4.624932509019787,10.0,0.0,3.8,4.85386457549412,10.0,0.0,-0.0041604338912293315,0.03012944453075761,2.42906470845143,0.006188082365648976,0.05163574218750001,0.9975773847351471
81412.54915338568,2991,196029696,196018176,2376.5151905997163,2184.5166563501884,2978,100,6.9,4.624932509019787,10.0,0.0,3.8,4.85386457549412,10.0,0.0,-0.005147471934227118,0.04510658668489971,2.4099953323602676,0.0026475172859742697,0.05048624674479167,0.9967572825650375
81472.54951779917,2993,196198656,196149248,2815.9828969643168,2184.5200655238336,2978,100,6.9,4.624932509019787,10.0,0.0,3.8,4.85386457549412,10.0,0.0,-0.0058976677755708815,0.03779484640350953,2.4237941155831018,0.001483923436656672,0.04538981119791667,0.9969060085713863
81542.04956148565,2996,196345856,196345856,2117.9842801830723,2828.890308140173,2978,100,6.9,4.624932509019787,10.0,0.0,3.8,4.85386457549412,10.0,0.0,-0.00727593314028733,0.008813422798993997,2.36406992127498,0.0013897471690142993,0.04806518554687501,0.9993499206999938
81602.04981132969,2998,196493312,196476928,2457.5897664305526,2184.524236827158,2987,100,6.4,4.800000075755645,10.0,0.0,3.3,4.702127236961343,10.0,0.0,-0.006525983730777321,0.03664196742223187,2.311443515121937,0.009319347836935776,0.05739339192708333,0.9971628940353792
81662.0499888882,3000,196659200,196608000,2764.791818128003,2184.526868644348,2987,100,6.4,4.800000075755645,10.0,0.0,3.3,4.702127236961343,10.0,0.0,-0.0038671328099250477,0.0318199724376124,2.422299680610498,0.005357739413132852,0.037831624348958336,0.997139089430372
81730.65077852085,3003,196804608,196804608,2119.625747438889,2865.9728416075122,2987,100,6.4,4.800000075755645,10.0,0.0,3.3,4.702127236961343,10.0,0.0,-0.010339784569320424,0.030536882266460452,2.293314089377721,0.1583183649442314,0.0606231689453125,0.9978616454948982
81790.65094464459,3005,196947456,196935680,2380.7934082285283,2184.5272849695457,2987,100,6.4,4.800000075755645,10.0,0.0,3.3,4.702127236961343,10.0,0.0,0.005147724485141225,0.045589706928391635,2.446132071316242,0.012624945780771668,0.0403594970703125,0.9955923097829025
81850.65107827075,3007,197112832,197066752,2756.260528191356,2184.528468164047,2997,100,7.2,4.489988945114921,10.0,0.0,3.4,4.737087815090168,10.0,0.0,-0.004047383733753426,0.02036677448146899,2.3567045057813325,0.009613071212394667,0.0508575439453125,0.9984250360478958
81919.88409707323,3010,197263360,197263360,2174.222684546731,2839.801057367159,2997,100,7.2,4.489988945114921,10.0,0.0,3.4,4.737087815090168,10.0,0.0,-0.007604959103142998,0.006866204021207523,2.3857750395933786,0.008905722395259849,0.039210001627604164,0.9995126010229191
81979.88448376581,3012,197398528,197394432,2252.785481076035,2184.5192543767616,2997,100,7.2,4.489988945114921,10.0,0.0,3.4,4.737087815090168,10.0,0.0,-0.002682409353534846,0.04454932562657632,2.395976814130942,0.007099397558704368,0.041692097981770836,0.9966221998135248
82039.88453922607,3014,197562624,197525504,2734.9308053338054,2184.5313140887806,3005,100,7.0,4.582575783057098,10.0,0.0,3.5,4.769696136760657,10.0,0.0,0.0013872987644087214,0.1214049415818105,2.2962674448887506,0.011818036600743652,0.05353291829427083,0.9924947153776884
82110.93321074173,3017,197722112,197722112,2244.77103649785,2767.2297849604315,3005,100,7.0,4.582575783057098,10.0,0.0,3.5,4.769696136760657,10.0,0.0,-0.006064212866476737,0.023386722437862776,2.4319054409861565,0.0037213535706541734,0.0416412353515625,0.9982603707661231
82170.9332400579,3019,197863168,197853184,2350.9321846611283,2184.532265964606,3005,100,7.0,4.582575783057098,10.0,0.0,3.5,4.769696136760657,10.0,0.0,-0.005513701459373502,0.02390681935745912,2.3927416851123176,0.0066041561167367036,0.04903157552083333,0.9982450641691686
82230.93339296617,3021,198035968,197984256,2879.9926604219563,2184.527766127469,3005,100,7.0,4.582575783057098,10.0,0.0,3.5,4.769696136760657,10.0,0.0,-0.003142888126603794,0.06157205262570642,2.4003084326783815,0.006604680019033064,0.044036865234375,0.9955158544083436
82299.80080821551,3024,198180864,198180864,2103.984874056566,2854.877002253432,3013,100,6.7,4.702127292685214,10.0,0.0,3.8,4.8538645507075255,10.0,0.0,-0.007493000475127095,0.03258775170252193,2.3503800059358277,0.009322979061228883,0.06179300944010417,0.9979862303783497
82359.81231468916,3026,198319872,198311936,2316.355781887366,2184.1144757391003,3013,100,6.7,4.702127292685214,10.0,0.0,3.8,4.8538645507075255,10.0,0.0,-0.0014869946729353007,0.04174004420929123,2.3776822661360106,0.006959249597154364,0.050313313802083336,0.9973681122064592
82419.81278465688,3028,198484992,198443008,2751.978444315951,2184.516222464755,3013,100,6.7,4.702127292685214,10.0,0.0,3.8,4.8538645507075255,10.0,0.0,-2.5230062116556908e-06,0.03243904236054125,2.4361495822668076,0.008960165357469425,0.051050821940104164,0.9975365481028954
82490.00013826042,3031,198639616,198639616,2203.0179521143427,2801.1883894434027,3013,100,6.7,4.702127292685214,10.0,0.0,3.8,4.8538645507075255,10.0,0.0,-0.010358529878431,0.006895848901573724,2.451353025933107,0.004496675801419769,0.05045572916666667,0.999331650013725
82550.00017592497,3033,198781440,198770688,2363.7318495184886,2184.531962009867,3023,100,6.3,4.828043190370496,10.0,0.0,3.8,4.853864549237962,10.0,0.0,-0.008115790701898124,0.015447345909099871,2.411180004477501,0.005541743945286726,0.047429402669270836,0.9988600071519613
82610.00049307197,3035,198946048,198901760,2743.4521653728607,2184.521786424424,3023,100,6.3,4.828043190370496,10.0,0.0,3.8,4.853864549237962,10.0,0.0,-0.007727054757803368,0.0055392119235572555,2.4725797077020006,0.004741522491409948,0.0391387939453125,0.9994937125593424
82680.83855992556,3038,199098368,199098368,2150.25630661032,2775.4568797928164,3023,100,6.3,4.828043190370496,10.0,0.0,3.8,4.853864549237962,10.0,0.0,-0.009384695207700133,0.014252818541232651,2.478406103948752,0.006073540536211416,0.0435791015625,0.998691334699591
82740.83867560513,3040,199241216,199229440,2380.7954098432347,2184.5291215765883,3023,100,6.3,4.828043190370496,10.0,0.0,3.8,4.853864549237962,10.0,0.0,-0.00497207999190626,0.04672018213508029,2.3650025402506194,0.007770198783570473,0.059407552083333336,0.9971019669125477
82800.83878939785,3042,199415552,199360512,2905.5944894084537,2184.5291902747845,3032,100,6.8,4.6647616282166995,10.0,0.0,3.7,4.828043173757724,10.0,0.0,-0.006873343001643661,0.019458543950653013,2.3440218716859818,0.004631624363658678,0.0530242919921875,0.998722272614638
82869.29629542865,3045,199557120,199557120,2067.9689957783557,2871.971408241912,3032,100,6.8,4.6647616282166995,10.0,0.0,3.7,4.828043173757724,10.0,0.0,-0.0018621735410609594,0.0310383759472946,2.4165252844492593,0.006280391052011207,0.049702962239583336,0.9975251996268829
82929.29656664655,3047,199694336,199688192,2286.922995759221,2184.5234586356737,3032,100,6.8,4.6647616282166995,10.0,0.0,3.7,4.828043173757724,10.0,0.0,-0.008504543191520497,0.014531856102015201,2.3475146517157555,0.00672112842645826,0.04902140299479167,0.9990765756616989
82989.29677575268,3049,199863296,199819264,2815.9901859863894,2184.5257200379265,3032,100,6.8,4.6647616282166995,10.0,0.0,3.7,4.828043173757724,10.0,0.0,-0.004396120736297841,0.027208471469445307,2.4338152607282004,0.0012718435033699884,0.028630574544270832,0.9976632371544838
83060.03149515204,3052,200015872,200015872,2157.017109781232,2779.5119803892385,3041,100,6.5,4.76969609172968,10.0,0.0,3.5,4.769696118449167,10.0,0.0,-0.005159640759908749,0.015800033768755384,2.429393875102202,0.004215030149983552,0.050435384114583336,0.9986148128906887
83060.03499164619,3052,200015872,200015872,0.0,0.0,3041,100,6.5,4.76969609172968,10.0,0.0,3.5,4.769696118449167,10.0,0.0,-0.005159640759908749,0.015800033768755384,2.429393875102202,0.004215030149983552,0.050435384114583336,0.9986148128906887
