wall_time,updates,collected_samples,trained_samples,sampler_fps,learner_fps,version,num_episodes,train_return_mean,train_return_std,train_return_max,train_return_min,test_return_mean,test_return_std,test_return_max,test_return_min,actor_loss,critic_loss,spr_loss,entropy,approx_kl,clip_frac,explained_var,policy_reg,raw_reward_mean,raw_reward_std,reward_running_std
60.00058890320361,1,85248,65536,1420.7860549090103,1092.2559461162361,0,100,0.4200000144541264,0.8852118645379459,5.0,0.0,0.4600000113248825,0.9210862863633409,4.0,0.0,0.0029743460872850846,0.2979841517905394,0.014912249294866342,2.6953058317303658,0.00873004046419131,0.11644999186197917,-0.0003615220387776692,5.037496608562009e-05,0.0110321044921875,0.10556153021752834,0.9844605922698975
145.2826625071466,3,196608,196608,1305.7843846195046,1536.9232297130723,2,100,0.6400000162422657,1.1876026238939033,5.0,0.0,0.8099999994039535,1.361579971973232,6.0,0.0,-0.0009927210436823466,0.19334292008231083,0.0001794710902534765,2.6789687226215997,0.005531824037461774,0.03362019856770833,0.0026106263200442,3.5187279507908897e-06,0.0118255615234375,0.10857552848756313,0.979160487651825
205.28285792656243,4,323072,262144,2107.7264684887464,1092.2631091763544,3,100,0.6400000162422657,1.1876026238939033,5.0,0.0,0.8099999994039535,1.361579971973232,6.0,0.0,-0.002023029404275197,0.1900286485130588,8.463579714164855e-05,2.66117804000775,0.007409851276558281,0.051060994466145836,0.004437633479634921,3.0017892569844662e-05,0.0106048583984375,0.10288755968213081,0.9886431097984314
284.07989906705916,6,393216,393216,890.1857098280101,1663.4127132552599,5,100,0.6400000162422657,1.1876026238939033,5.0,0.0,0.8099999994039535,1.361579971973232,6.0,0.0,-0.001331116865912918,0.22242042934522036,5.2641110717862226e-05,2.651617335776488,0.0038824469132426507,0.02557373046875,0.04540889896452427,0.000321071427985468,0.0128936767578125,0.11329914815723896,1.0274534225463867
344.079900726676,7,519168,458752,2099.1999419355407,1092.2666364542652,6,100,0.6400000162422657,1.1876026238939033,5.0,0.0,0.8099999994039535,1.361579971973232,6.0,0.0,-0.0019900435872841626,0.2164446672735115,5.65488746436434e-05,2.634652276833852,0.0040587992267925675,0.0375213623046875,0.09718889122207959,0.0010118289640862108,0.0128631591796875,0.11335786432027817,1.0317646265029907
423.48913731426,9,589824,589824,889.7705485692501,1650.588843722667,8,100,0.6000000067055226,1.104536111674373,5.0,0.0,0.8499999970197678,1.3955285919719929,6.0,0.0,-0.0028632651907779896,0.23341615016882616,0.00011457496634648123,2.625160110493501,0.004880382452029154,0.040985107421875,0.2336261762926976,0.0020594190755218737,0.0148468017578125,0.12156442366540432,1.0636826753616333
483.4895149562508,10,709632,655360,1996.7874321536492,1092.2597919472953,9,100,0.6400000162422657,1.1706408697298976,5.0,0.0,0.8700000017881393,1.3539202415619005,6.0,0.0,-0.0036197975277900696,0.2521802573464811,0.0001962052316836586,2.620479203760624,0.005463178874682247,0.05145263671875,0.3036308859785398,0.0025393892525850488,0.0154571533203125,0.12412202171981335,1.088657259941101
564.1827675644308,12,786432,786432,951.7524392394441,1624.3241629686513,11,100,0.9800000041723251,1.5490642389578624,7.0,0.0,0.9600000083446503,1.3032267962656598,6.0,0.0,-0.004463303189064997,0.216089162354668,0.0005785208307618935,2.6073907663424807,0.0055231985321976635,0.05684407552083333,0.4770371448248625,0.003407243697438389,0.0147552490234375,0.12125147506594658,1.1191710233688354
624.1832719314843,13,908544,851968,2035.1828920133566,1092.2574850218434,12,100,0.8400000013411045,1.3320660252963765,5.0,0.0,0.9499999940395355,1.2990380824694894,7.0,0.0,-0.005172626469478322,0.21540881864105663,0.0007847141411427098,2.602950150767962,0.0049336671824373,0.0560455322265625,0.4983658157289029,0.0039860883334768005,0.016021728515625,0.12624092772603035,1.1303914785385132
705.1903942860663,15,983040,983040,919.6228409882076,1618.0305655874993,14,100,1.0000000059604646,1.6248076465450845,10.0,0.0,0.9200000017881393,1.2221292904049814,6.0,0.0,-0.005026952653376308,0.22442574721450606,0.0012505450467870105,2.6016357317566876,0.005724225890541372,0.0565643310546875,0.5343090053647757,0.004274785928525185,0.0171966552734375,0.13101083412766457,1.150657296180725
765.1905564982444,16,1102848,1048576,1996.7946015933073,1092.2637136920655,15,100,0.9899999976158143,1.757811128151264,12.0,0.0,0.9299999952316285,1.3729894609342441,5.0,0.0,-0.004916185733842819,0.21635104622691867,0.001718567413869702,2.6034356330831847,0.005488860075881045,0.060048421223958336,0.6115270846833786,0.004619069227677149,0.0172882080078125,0.1311304047703743,1.174492359161377
846.5545802656561,18,1179648,1179648,943.9061202226369,1610.9331118466337,17,100,1.219999998807907,1.6708081275378088,8.0,0.0,1.0499999970197678,1.4722431719104094,7.0,0.0,-0.005653793301462429,0.21141354879364369,0.002453596013462326,2.5913121923804283,0.005806381468573819,0.066070556640625,0.6405530696113905,0.005189062784969186,0.016998291015625,0.13045156747102737,1.2013651132583618
906.5546507947147,19,1298944,1245184,1988.264329493144,1092.2653827258473,18,100,1.2099999904632568,1.6266222506938026,7.0,0.0,1.369999986886978,1.7300577435578726,11.0,0.0,-0.006075707247267322,0.20421375101432201,0.0026012249339449527,2.589592869083087,0.006004656326088782,0.07076517740885417,0.6480681529889505,0.005759991026328256,0.016693115234375,0.12841188348829746,1.2140620946884155
987.602592131123,21,1376256,1376256,953.9045498897823,1617.2156607402933,20,100,1.8899999856948853,2.8562037228524284,21.0,0.0,1.3000000149011612,1.634013437449163,9.0,0.0,-0.004435446496548442,0.21363887780656418,0.0030329015183572965,2.588749721646309,0.005688631750672357,0.0636444091796875,0.6435048617422581,0.006414307465699191,0.017578125,0.13221426121890545,1.2309108972549438
1047.6026770435274,22,1494784,1441792,1975.4638709768813,1092.2651208857053,21,100,1.770000010728836,2.928668613716643,20.0,0.0,1.3900000035762787,2.0586159860012936,9.0,0.0,-0.005666565981906994,0.2166051627136767,0.003308905921585392,2.5860108559330306,0.006513566109182041,0.07238260904947917,0.6562995420147976,0.006844632429420018,0.0197906494140625,0.1402440145611763,1.242822527885437
1129.011806294322,24,1572864,1572864,959.1061926170627,1610.0405594096264,23,100,1.9799999952316285,3.1208331178175324,24.0,0.0,1.2700000062584877,1.7196220893380774,9.0,0.0,-0.004328799466748023,0.22717694969226918,0.003881647256397022,2.5702553813656173,0.0064738450461542625,0.0796051025390625,0.6680628744264444,0.008003561408258975,0.0207061767578125,0.14428947493433952,1.2724941968917847
1189.0120095610619,25,1688576,1638400,1928.5267999107446,1092.2629663211296,24,100,2.05,3.0409702377584984,24.0,0.0,1.460000005364418,1.8784036122858483,9.0,0.0,-0.005110438275247968,0.2160698895653089,0.003911691421914535,2.5675335029760995,0.006489105000582639,0.07166035970052083,0.6963314972817898,0.008613532758317888,0.01995849609375,0.1408713199198246,1.2866672277450562
1270.5958528313786,27,1769472,1769472,991.5688788031516,1606.5926137570052,26,100,2.2200000286102295,3.183017592425846,26.0,0.0,1.4200000166893005,2.191711730531212,12.0,0.0,-0.0031492778531780155,0.23788475338369608,0.004179636564610216,2.560766947766145,0.007629980758792953,0.09561157226562501,0.7068547264983257,0.008912459151664128,0.0203094482421875,0.14306550472974777,1.3080796003341675
1330.5959071144462,28,1888000,1835008,1975.4648794284408,1092.2656784744727,27,100,2.0599999904632567,2.6299049179724916,13.0,0.0,1.4599999964237214,1.512745833264077,7.0,0.0,-0.00415073486995728,0.22281027942275008,0.004292009834898636,2.56094940751791,0.007415414192413057,0.08569844563802083,0.7073935605585575,0.008919846751571944,0.0207977294921875,0.14373743906617165,1.3189904689788818
1412.454573046416,30,1966080,1966080,953.8391459358719,1601.1988285874309,29,100,2.249999988079071,2.5548972221671784,11.0,0.0,1.5699999928474426,2.0310342431014052,11.0,0.0,-0.0034068760748292943,0.22684502229094505,0.004635197891426893,2.561132883032163,0.006750982377828525,0.07738749186197916,0.7126507200300694,0.009395806157651046,0.0221099853515625,0.14837737753987312,1.3476228713989258
1472.4551602825522,31,2084864,2031616,1979.7139573404152,1092.2559764636774,30,100,2.240000009536743,2.4944738435972322,13.0,0.0,1.7300000190734863,2.292836685371256,11.0,0.0,-0.00520888942022187,0.20645968973015744,0.004711694588574271,2.5582822461922965,0.0072394424817806185,0.09148661295572917,0.7403924390673637,0.009926983795594424,0.022003173828125,0.1480187140405178,1.3567736148834229
1555.083747010678,33,2162688,2162688,941.8532142642786,1586.2790977082586,31,100,2.3899999856948853,2.4161746104401542,10.0,0.0,1.9699999630451202,2.5979028988110002,17.0,0.0,-0.003580900020703363,0.22766789964710674,0.00495660806094141,2.5499078010519343,0.007717437002308241,0.0926666259765625,0.7296643753846486,0.010323554054290677,0.023681640625,0.15333925187587738,1.3867470026016235
1615.0848851185292,34,2283776,2228224,2018.0950531695937,1092.2459484385117,33,100,2.8799999594688415,2.7650677944014905,13.0,0.0,2.0299999713897705,2.4472637470551666,13.0,0.0,-0.003002105547542063,0.23157521073396006,0.004972746755811386,2.545875683426857,0.007462302352602515,0.0943603515625,0.7183978805939356,0.010376341379014775,0.023406982421875,0.15263201668858528,1.405320405960083
1696.4030141420662,36,2359296,2359296,928.6981993663577,1611.8422985612717,35,100,2.8799999952316284,3.172633028605762,22.0,0.0,2.0000000059604646,2.2090721710868557,10.0,0.0,-0.003666172713565175,0.2318817131842176,0.005149515059504968,2.533735993007819,0.007625885171970973,0.09279886881510417,0.7424574997276068,0.011199308646610007,0.025482177734375,0.1590089239180088,1.435637354850769
1756.4030302874744,37,2479616,2424832,2005.3327937180593,1092.26637274856,36,100,2.9800000190734863,2.887836540299791,16.0,0.0,2.109999966621399,2.3702108676321836,13.0,0.0,-0.003944207186577842,0.22775666927918792,0.005155769273793946,2.5289334133267407,0.008604076754030151,0.10381571451822916,0.7525460130224626,0.011276384825274969,0.025054931640625,0.15835678577423096,1.4458675384521484
1838.65817999281,39,2555904,2555904,927.4556094455878,1593.4807786447684,38,100,2.8399999737739563,2.7882611213583575,16.0,0.0,2.3200000166893004,2.331866192164182,10.0,0.0,-0.002018569857076121,0.2549863083598514,0.005144923886594673,2.517503075301647,0.008012121657278234,0.09794108072916666,0.7614967109014591,0.012394654089196896,0.0274810791015625,0.1651211977005005,1.4809828996658325
1898.6583575196564,40,2678272,2621440,2039.4606323497553,1092.2634348986137,39,100,2.4799999594688416,2.699925892486558,14.0,0.0,2.089999997615814,2.4252628870276816,12.0,0.0,-0.003966654745454434,0.23033363092690706,0.005241554046127325,2.5156223451097803,0.008425285401244764,0.10307820638020834,0.7547943828006585,0.01240318858375152,0.026702880859375,0.16245187073946,1.489342212677002
1980.1646187715232,42,2752512,2752512,910.8502691662796,1608.1218545280524,41,100,3.299999976158142,3.29089651270255,19.0,0.0,2.4199999809265136,2.6006921883351772,12.0,0.0,-0.00373637202574173,0.2479623613568644,0.005226604470711512,2.512869743009408,0.008160138509386645,0.095977783203125,0.7436437699943781,0.012840365428322304,0.027130126953125,0.16410839557647705,1.5147374868392944
2040.1646938584745,43,2871296,2818048,1979.7308558007621,1092.2652997521448,42,100,3.4300000190734865,3.1945421735336845,16.0,0.0,2.509999990463257,2.6813989100223132,10.0,0.0,-0.0028825473273172975,0.22334549839918813,0.005231213949931165,2.511018730700016,0.007668650319828885,0.10006205240885417,0.7479079763094585,0.012450201931642368,0.0277557373046875,0.1659010425209999,1.523728609085083
2122.129380390048,45,2949120,2949120,949.4820671341371,1599.1276920153887,43,100,3.3499999761581423,3.0801785422695196,14.0,0.0,2.660000002384186,3.213160357090646,18.0,0.0,-0.0037834501830123677,0.20373855531215668,0.005189886995746444,2.5125238969922066,0.008686135292615898,0.10268656412760417,0.7678439561277627,0.012360008802109709,0.02587890625,0.1607634462416172,1.541924238204956
2182.129482610151,46,3072000,3014656,2047.9965108930903,1092.2648058096481,45,100,3.090000021457672,3.0564521772629956,13.0,0.0,2.330000013113022,2.767869291479979,18.0,0.0,-0.004492209229889947,0.20039359045525393,0.005250684591980341,2.518450550734997,0.0077327947510639206,0.0977630615234375,0.7618567210932573,0.01260610715447304,0.0263671875,0.16218434274196625,1.552438735961914
2262.7617048900574,48,3145728,3145728,914.3739055592565,1625.5536098831228,46,100,2.85,2.155806057538434,9.0,0.0,2.120000010728836,2.4911041465459656,15.0,0.0,-0.004173788397262493,0.20401230997716388,0.005239271030101615,2.5247173011302952,0.007946908856562612,0.09053039550781251,0.7754199368258318,0.012158638419350611,0.027252197265625,0.1643613837659359,1.5790421962738037
2322.7623136285692,49,3272192,3211264,2107.711949242745,1092.2555850326776,48,100,3.5800000190734864,3.131070141698293,17.0,0.0,2.249999988079071,2.7509089173372856,15.0,0.0,-0.003851382990736359,0.21534155402332544,0.005213632563633534,2.518726500372092,0.0077497281993904234,0.0913848876953125,0.7760112844407558,0.012741745051850255,0.0283966064453125,0.1678660623729229,1.5921554565429688
2402.7568834014237,51,3342336,3342336,876.8595193295588,1638.5112186012193,50,100,3.55,3.5252658928871754,24.0,0.0,2.1299999833106993,2.5677032274834533,13.0,0.0,-0.004115845823738104,0.2066718676748375,0.005250990482939717,2.519238526622454,0.008314886008520261,0.0913848876953125,0.7826887778937817,0.01311646931571886,0.027801513671875,0.16698364540934563,1.6115432977676392
2462.7572345342487,52,3462400,3407872,2001.0549560653378,1092.2602745260692,51,100,3.209999978542328,2.9708415957603425,12.0,0.0,2.160000002384186,2.3397435827515918,9.0,0.0,-0.00413581645746793,0.20970473578199744,0.00521586487108531,2.5182661935687065,0.008054614351446313,0.10297139485677083,0.7710855472832918,0.013365748289894935,0.0289764404296875,0.1703726202249527,1.620453119277954
2544.059192618355,54,3538944,3538944,941.4779398156147,1612.162893597307,53,100,3.300000023841858,3.1575306838083255,16.0,0.0,2.650000011920929,2.8995689661076787,12.0,0.0,-0.003355374503977752,0.21138418139889836,0.005245356505232243,2.5250029514233274,0.007901415910964715,0.09392801920572916,0.784294364353021,0.013787064633409802,0.0274810791015625,0.16926028952002525,1.640511393547058
2604.0621484592557,55,3656448,3604480,1958.3035261056978,1092.2128598759448,54,100,3.809999966621399,3.843683158023137,27.0,0.0,2.609999978542328,2.955993886313025,16.0,0.0,-0.0032796281132808267,0.2015342670492828,0.0052676478420229005,2.5119700481494265,0.00852137962950413,0.09740193684895833,0.7724785897880793,0.014627003906449923,0.027496337890625,0.16627058014273643,1.6464662551879883
2685.78223323822,57,3735552,3735552,967.9872483485489,1603.9141461309289,55,100,3.4300000429153443,4.05278925282537,29.0,0.0,2.809999978542328,2.968821308876124,14.0,0.0,-0.0016989310218680962,0.20859376589457193,0.005291099635845361,2.506049203375975,0.00890180231363047,0.10448710123697916,0.7994798192133507,0.014762629754841328,0.0281982421875,0.16720979288220406,1.666299819946289
2745.7861683089286,58,3857664,3801088,2035.0665311550604,1092.19503558846,56,100,3.999999976158142,4.41134890277799,27.0,0.0,2.7399999856948853,2.748163036577537,13.0,0.0,-0.0017564143781783057,0.2178107298289736,0.005363244374166243,2.50778949012359,0.00734195838655675,0.08275858561197917,0.793663810317715,0.014918332482920961,0.028594970703125,0.1690160632133484,1.6789406538009644
2827.2059229053557,60,3932160,3932160,914.9622271554855,1609.8304477787235,58,100,3.3600000381469726,2.900068946033173,14.0,0.0,3.4199999809265136,3.4385462373838487,18.0,0.0,-0.002125540658501753,0.23175631510093805,0.0053269409205919755,2.4969173471132913,0.00927931805017579,0.11371866861979166,0.7991182288775841,0.01553622292703949,0.03106689453125,0.17547089606523514,1.702534794807434
2887.206106532365,61,4049152,3997696,1949.8606992151845,1092.2633238492062,59,100,3.6900000095367433,3.372521311741724,23.0,0.0,2.6899999737739564,2.6858704202197172,11.0,0.0,-0.002878673044809451,0.22702229054023823,0.0052796755044255414,2.4933436612288156,0.009418963031445552,0.11571756998697916,0.7922551104178032,0.015889630051484954,0.03009033203125,0.17340759932994843,1.7148715257644653
2968.0039512906224,63,4128768,4128768,985.3728182751249,1622.2214886072798,61,100,3.840000033378601,3.820261791160959,21.0,0.0,3.0999999761581423,3.0479500908512995,12.0,0.0,-0.001860278171079699,0.2144102716508011,0.005296986079580771,2.4829981575409574,0.009194810376963384,0.110687255859375,0.791786967466275,0.016638263332424685,0.0318603515625,0.1851283460855484,1.7424741983413696
3028.0040287468582,64,4254464,4194304,2094.9306289093174,1092.265256620744,62,100,4.059999990463257,3.7889839475874116,24.0,0.0,2.6799999833106996,2.877081880287675,15.0,0.0,-0.002062213427658814,0.2194758364930749,0.005173339576382811,2.483048674960931,0.009421171387657523,0.11476643880208334,0.7779195333520572,0.015928850383109722,0.030975341796875,0.174851693212986,1.7560243606567383
3107.984390798956,66,4325376,4325376,886.6176418882559,1638.8022839234188,63,100,3.559999966621399,3.28730889043642,17.0,0.0,3.1299999713897706,3.534557982745655,15.0,0.0,-0.0024356036835039654,0.21378213524197537,0.005088365001332325,2.480585666994254,0.009619795290442804,0.1134033203125,0.7760561636338632,0.01627113434369676,0.032196044921875,0.17834371328353882,1.7721219062805176
3167.985135829076,67,4448256,4390912,2047.9745699543394,1092.2531039756477,66,100,4.179999971389771,3.816752515551862,23.0,0.0,2.950000023841858,3.2935543431693812,17.0,0.0,-0.0018359765017521568,0.2050924925133586,0.005087086945422925,2.4905207430322966,0.008128168349382273,0.105865478515625,0.7692603512356678,0.016217691358178854,0.0315704345703125,0.1769125983119011,1.7808618545532227
3248.1358290724456,69,4521984,4521984,919.8672777056637,1635.3196048100688,67,100,4.729999995231628,4.223399127545818,22.0,0.0,3.3199999809265135,3.4953683929377184,17.0,0.0,-0.002245098980589925,0.20524709594125548,0.005091431167481156,2.495931642750899,0.009248979062855748,0.1096954345703125,0.7809179114798704,0.015981126625168447,0.0319366455078125,0.18134312704205513,1.7996152639389038
3308.135980749503,70,4642816,4587520,2013.861575723378,1092.2639054770864,68,100,3.639999973773956,3.0117104700164994,12.0,0.0,2.9600000381469727,3.5886486582818566,20.0,0.0,-0.001776534782644982,0.21164291553820172,0.005082915692279736,2.4881657088796296,0.00889802132951445,0.10839843749999999,0.7716351312895615,0.01633030994950483,0.0315093994140625,0.17729413881897926,1.8105380535125732
3388.2105159070343,72,4718592,4718592,946.3183251819702,1636.8749408552999,70,100,4.380000042915344,3.7410693288261494,16.0,0.0,3.060000014305115,3.454909427760635,17.0,0.0,-0.0016311456201947294,0.20931880626206598,0.004988036069941396,2.485558611651262,0.009741194925785143,0.10840352376302083,0.7762312491734822,0.016677860306420673,0.03094482421875,0.17477263510227203,1.826948881149292
3448.2109395433217,73,4833536,4784128,1915.7198071928847,1092.2589546578586,71,100,4.730000066757202,4.498566504004519,20.0,0.0,3.0699999928474426,3.394863825756812,19.0,0.0,-0.0018565755841943126,0.21499617087344328,0.0049876230041263625,2.490730444590251,0.009225846529564782,0.11396280924479167,0.7818615287542343,0.016076003967706736,0.0308685302734375,0.17556633427739143,1.8339647054672241
3531.526715975255,75,4915200,4915200,980.1745059258674,1573.1954452477871,72,100,4.969999933242798,4.506561899428207,23.0,0.0,3.239999997615814,3.622485306389165,20.0,0.0,-0.0024916670081438497,0.21765349805355072,0.004897021746728568,2.48404461145401,0.009517807513475418,0.11163838704427084,0.7751701368639866,0.016124345080849402,0.0322418212890625,0.18244289606809616,1.8506932258605957
3591.526960130781,76,5035520,4980736,2005.3251731462872,1092.2622219690415,74,100,5.090000033378601,4.563102029731357,23.0,0.0,4.170000052452087,4.25923715733996,25.0,0.0,-0.001995993938180618,0.22990244006117186,0.0048215813051986816,2.48163390904665,0.008692876746863476,0.09489440917968749,0.8035869083056848,0.015836012181049835,0.031951904296875,0.178073450922966,1.8610081672668457
3673.2149278316647,78,5111808,5111808,933.8951885710173,1604.5447535179894,76,100,5.329999995231629,5.628596639824359,28.0,0.0,3.85,3.617664902859528,23.0,0.0,-0.0028858622342037656,0.2245259392075241,0.004767416437971406,2.484369973341624,0.008616491599241272,0.10102335611979167,0.7920704341183106,0.016236237366683785,0.0322723388671875,0.17973394691944122,1.8796988725662231
3733.21586047858,79,5228288,5177344,1941.303157493308,1092.2496886116194,77,100,5.5699999809265135,5.891103507200294,43.0,0.0,3.7300000190734863,3.794351077515243,21.0,0.0,-0.002092547435798527,0.21806169394403696,0.0047092788251272095,2.4696702857812243,0.009288743260791913,0.11447143554687499,0.7814014280835787,0.01666668073933882,0.0322265625,0.17874182388186455,1.884872317314148
3814.8617348372936,81,5308416,5308416,981.4090501126267,1605.371992516501,79,100,4.500000023841858,3.5791060993731194,16.0,0.0,3.050000023841858,3.4536212419926713,19.0,0.0,-0.0026376564007174843,0.21910716220736504,0.004757309186970816,2.465112256507079,0.010378276403571363,0.11597188313802083,0.7887286754945915,0.016840964196793116,0.0330047607421875,0.18389931693673134,1.9033149480819702
3874.8621428348124,82,5428736,5373952,2005.3196972423195,1092.259239349008,80,100,4.930000066757202,4.576581799317666,28.0,0.0,3.7300000190734863,3.9896240788539767,25.0,0.0,-0.0018733022540497286,0.21397288733472425,0.004687611343494306,2.4651874899864197,0.009277336662610955,0.09882609049479166,0.7988054677844048,0.01674041143269278,0.0324554443359375,0.17958618700504303,1.9102298021316528
3956.465506559238,84,5505024,5505024,934.8634237385677,1606.2082985038478,82,100,4.629999947547913,4.026549378139594,24.0,0.0,3.8500000476837157,4.205650859664287,21.0,0.0,-0.0025674636563053355,0.2006381886700789,0.004619561213379105,2.4561057314276695,0.00955032021192892,0.10029602050781249,0.8078095217545826,0.017602290026843548,0.033843994140625,0.18670110404491425,1.9289073944091797
4016.4656853396446,85,5623552,5570560,1975.4607804386371,1092.2634120783825,83,100,5.0100000381469725,4.605420733356766,20.0,0.0,3.9700000286102295,4.138731734519164,17.0,0.0,-0.0032045857236274364,0.1989685473963618,0.004678340977989137,2.4669630428155265,0.008260726929923598,0.10025024414062499,0.8176440813889106,0.016982680118720356,0.0331573486328125,0.1811363361775875,1.9372698068618774
4097.747932458296,87,5701632,5701632,960.6033638073836,1612.5538435061653,85,100,5.75,4.790354796690406,25.0,0.0,4.45,4.269367635644048,23.0,0.0,-0.0013911727510276253,0.22624284774065018,0.004635464201176849,2.455933121343454,0.00863458311141585,0.09956868489583333,0.8129414891203245,0.01805088244145736,0.033905029296875,0.19011490046977997,1.9517602920532227
4157.748582988977,88,5825280,5767168,2060.777656681793,1092.2548242454225,86,100,5.469999933242798,4.605333980078363,19.0,0.0,4.940000033378601,4.801707988861229,23.0,0.0,-0.0019632182035517567,0.19385142050062618,0.004770670217112637,2.4527444094419475,0.009195767336374653,0.10660298665364583,0.8160924073308706,0.018290600817029674,0.0333404541015625,0.18174083530902863,1.9593673944473267
4238.302797019482,90,5898240,5898240,905.7254282485029,1627.1277868885386,87,100,5.669999980926514,4.27330085319095,19.0,0.0,4.100000023841858,4.607602465264356,24.0,0.0,-0.0023174312967360797,0.20704942056909204,0.004695881507359445,2.456713159879049,0.009400950129929697,0.10905965169270833,0.8152693075438341,0.017684757884126157,0.03375244140625,0.18314801156520844,1.979231357574463
4298.303206434473,91,6015744,5963776,1958.3866367858548,1092.2592135450518,89,100,5.400000047683716,4.5847573555151415,18.0,0.0,4.889999985694885,5.590876430282427,32.0,0.0,-0.003389760897941111,0.19357044668868184,0.004669712041504681,2.461749444405238,0.009830473114561755,0.111572265625,0.8100825895865759,0.017472150454220053,0.0331878662109375,0.18517741188406944,1.9888453483581543
4379.666298002005,93,6094848,6094848,972.2344428658271,1610.9515687614999,91,100,4.749999952316284,4.7124834336250965,21.0,0.0,4.369999980926513,4.199178508914784,17.0,0.0,-0.002624009823193774,0.19806726012999812,0.004679200389849332,2.4424980878829956,0.008929311259635142,0.10810343424479167,0.8154477862020333,0.01837462648594131,0.035308837890625,0.1907990761101246,2.0081863403320312
4439.666810415685,94,6212352,6160384,1958.3832749603023,1092.2573385399508,92,100,5.190000033378601,4.997389477703154,27.0,0.0,4.440000081062317,5.39132634178943,39.0,0.0,-0.000980868923458426,0.19422519517441592,0.004622351989382878,2.45915050804615,0.00980232599916538,0.11297098795572916,0.8126229289919138,0.017288956044164173,0.0321807861328125,0.18257638439536095,2.0175259113311768
4521.816647330299,96,6291456,6291456,962.9233966979183,1595.5235569881365,93,100,5.159999966621399,5.100431336570117,26.0,0.0,4.389999985694885,4.117997135136123,17.0,0.0,-0.0024798461696870313,0.19338508555665612,0.0045944889619325595,2.444289319217205,0.009163747363951794,0.09956868489583333,0.8132135830819607,0.01760753633182806,0.034637451171875,0.184979610145092,2.035015821456909
4581.816888611764,97,6410496,6356992,1983.9920216583178,1092.2622742893104,95,100,6.690000033378601,5.50035454091645,32.0,0.0,4.4,4.04227663828368,20.0,0.0,-0.0014203880637069233,0.18077206704765558,0.004617809599343067,2.4464639698465662,0.008850164422256057,0.09667460123697917,0.8121349439024925,0.01722683672172328,0.0347747802734375,0.189494077116251,2.0436460971832275
4663.349867526442,99,6488064,6488064,951.3696302102818,1607.5948866919612,96,100,6.770000028610229,5.947865207070165,38.0,0.0,3.830000030994415,4.164264635001906,20.0,0.0,-0.0025611749927823744,0.1839255333567659,0.004475807615866263,2.4455871532360716,0.009522332808046484,0.10061136881510416,0.8076431906471649,0.016661312149760004,0.0327911376953125,0.18398114666342735,2.0582242012023926
4723.3499076943845,100,6604800,6553600,1945.5986974883851,1092.2659354320758,98,100,4.950000047683716,3.9708311802817664,17.0,0.0,3.7199999928474425,3.696160077310643,15.0,0.0,-0.0010066074682981707,0.2078639833877484,0.00470899733772967,2.450668767094612,0.009350408738100668,0.10571289062500001,0.80055069240431,0.017629380881165467,0.0347900390625,0.18933362141251564,2.068542242050171
4804.72970203869,102,6684672,6684672,981.4721288440871,1610.6209293851684,100,100,5.899999976158142,5.7506521453742305,33.0,0.0,4.189999961853028,4.5797271221609295,23.0,0.0,-0.0011562775592513692,0.19749481681113443,0.00457529710062469,2.433796825508277,0.009034739784813913,0.09445699055989583,0.8159292750060558,0.018739121267572045,0.035003662109375,0.18651960417628288,2.085425615310669
4864.74226257205,103,6803712,6750208,1983.584751959189,1092.0380569925858,100,100,5.899999976158142,5.7506521453742305,33.0,0.0,4.189999961853028,4.5797271221609295,23.0,0.0,-0.002478324948848846,0.20697767846286297,0.004710225320498769,2.4241030861934028,0.009238696005316646,0.10988362630208333,0.8099735658615828,0.018522616611638416,0.0355377197265625,0.1882164031267166,2.0937440395355225
4945.817796438932,105,6881280,6881280,956.7374558070585,1616.6652718587918,103,100,6.2799999713897705,6.463868916496188,46.0,0.0,4.229999995231628,5.209328002125945,32.0,0.0,-0.0017643035826040432,0.20836921595036983,0.00463873689295724,2.4203812281290693,0.008203888689725622,0.09676615397135417,0.8195458749930064,0.018130901560653,0.036102294921875,0.1894502379000187,2.107191562652588
5005.818021016195,106,7003136,6946816,2030.9257316709638,1092.2625783776612,104,100,5.819999957084656,4.928245103668768,21.0,0.0,4.549999988079071,4.343673569977794,19.0,0.0,-0.0015190375173309198,0.21402645856142044,0.004628426827063473,2.4150495106975236,0.00893548401169634,0.09814453125,0.794887421031793,0.018987079383805394,0.037353515625,0.19259700551629066,2.114112377166748
5086.952883159742,108,7077888,7077888,921.3302152131154,1615.4831170860105,106,100,5.979999947547912,5.128313475424187,22.0,0.0,5.740000009536743,6.073911409561628,34.0,0.0,-0.0008817067913090189,0.20244588687395054,0.004592067814276864,2.432182741661866,0.008837651087863682,0.10887145996093751,0.8062735584874947,0.018641646796216566,0.03533935546875,0.18988000974059105,2.1297874450683594
5146.952932890505,109,7200512,7143424,2043.7316393944423,1092.2657613465078,106,100,5.979999947547912,5.128313475424187,22.0,0.0,5.740000009536743,6.073911409561628,34.0,0.0,-0.0026183311250254824,0.19012304783488312,0.004568608608678915,2.44051572183768,0.009745773485822914,0.11211140950520834,0.8150378639499346,0.01766379711140568,0.0353851318359375,0.1903034672141075,2.1369776725769043
5228.05087130703,111,7274496,7274496,912.2796638801353,1616.2186432755339,109,100,6.689999961853028,6.19143756385436,31.0,0.0,4.5699999809265135,4.331870224925068,21.0,0.0,-0.0018192835874894324,0.21160113097478947,0.0046614560366530595,2.414714011053244,0.01058767130113362,0.11937459309895833,0.8081117464850346,0.01895447672965626,0.0363922119140625,0.19686967879533768,2.1474854946136475
5288.051201974973,112,7393792,7340032,1988.2557091262497,1092.2606470736478,110,100,7.110000038146973,7.5204990179980795,45.0,0.0,4.409999966621399,4.4656354732969294,26.0,0.0,-0.0014186748691524067,0.21088347677141428,0.004688951468172794,2.4204191466172538,0.00880215962327687,0.10345967610677083,0.8066482916474341,0.018976567390685282,0.0371246337890625,0.19513660296797752,2.1557929515838623
5370.504450678825,114,7471104,7471104,937.6464992626532,1589.6523431207895,112,100,7.150000023841858,7.382919459751969,39.0,0.0,5.0699999809265135,6.078247827421717,35.0,0.0,-0.003012942540711568,0.19896187850584585,0.004573927299740414,2.419439839820067,0.008700201758983894,0.09752400716145833,0.8322047901650269,0.018932079857525725,0.0359954833984375,0.19313734024763107,2.170520305633545
5430.50484637171,115,7587584,7536640,1941.320530554645,1092.259463345031,112,100,7.150000023841858,7.382919459751969,39.0,0.0,5.0699999809265135,6.078247827421717,35.0,0.0,-0.0009018035246602569,0.2032892388912539,0.00470193426978464,2.407330540319284,0.008198730912530056,0.09934488932291666,0.8159245736896992,0.019660995400045067,0.0364532470703125,0.1935289353132248,2.1776413917541504
5511.594308881089,117,7667712,7667712,988.1431880342333,1616.38757914865,113,100,6.92000002861023,6.418224081205148,27.0,0.0,5.530000042915344,6.921639900004724,34.0,0.0,-0.002077668677278173,0.20728337205946445,0.004643659412977286,2.433340072631836,0.01014144957116514,0.1165313720703125,0.7913432040562232,0.018772255435275536,0.0348968505859375,0.18702152371406555,2.189697265625
5571.594578607008,118,7787776,7733248,2001.0576710480195,1092.2617564782365,115,100,6.920000147819519,6.9450415610922445,39.0,0.0,4.8,5.655086207953951,36.0,0.0,-0.002085482672555372,0.19170541285226742,0.0046601603195692105,2.4329043800632157,0.009717982275105896,0.10627237955729167,0.8134548875192801,0.019179413133921724,0.03485107421875,0.18900617212057114,2.1982245445251465
5653.6614888980985,120,7864320,7864320,932.7023489552502,1597.1357948665152,117,100,5.790000033378601,6.071729371979321,40.0,0.0,5.510000014305115,6.080287924743945,39.0,0.0,-0.002302009192741631,0.20583782981460294,0.004638544181943871,2.4346382071574526,0.010037281324305997,0.11358642578125,0.8185100425034761,0.018566216710799686,0.0370330810546875,0.1953473947942257,2.21185564994812
5713.661519134417,121,7985664,7929856,2022.3989808349977,1092.2661162315599,118,100,5.8199999809265135,6.038840827333536,41.0,0.0,5.309999966621399,5.565420027391621,32.0,0.0,-0.0030485712801843574,0.21434782398864627,0.004734971216142488,2.434023012717565,0.010452066521490147,0.12003580729166666,0.8007623286296923,0.01930490661955749,0.03497314453125,0.1899448223412037,2.2165558338165283
5795.15667392686,123,8060928,8060928,923.539567372897,1608.3410152888546,120,100,8.239999961853027,8.572187489438152,55.0,0.0,5.670000004768371,6.141750510895822,35.0,0.0,-0.0017775111118680798,0.2045956087919573,0.004654522660227181,2.4325872684518495,0.010344160101036929,0.1108551025390625,0.8200415888180336,0.01950180441296349,0.0357513427734375,0.18849460780620575,2.2285804748535156
5855.156788626686,124,8184576,8126464,2060.796060450853,1092.2645786240546,122,100,6.780000066757202,6.821407536619291,44.0,0.0,6.570000028610229,6.307543252619768,33.0,0.0,-0.0013513482529864027,0.19769393637155494,0.004687974520493299,2.4192332774400716,0.009135315220191842,0.1099090576171875,0.831474439551433,0.019589673165076725,0.035552978515625,0.20193146914243698,2.2330265045166016
5936.4407643042505,126,8257536,8257536,897.5938909461801,1612.5195514541902,123,100,7.860000085830689,7.395971996821199,42.0,0.0,5.07999997138977,4.4669452522537965,22.0,0.0,-0.0015751421815366484,0.19874150243898234,0.004724372668230596,2.424826942384243,0.009932842015283919,0.111846923828125,0.8227729083349308,0.020212598610669374,0.034759521484375,0.1858234703540802,2.249885320663452
5996.441452020779,127,8379648,8323072,2035.1766729227177,1092.2541473128213,125,100,6.849999928474427,7.001964076519415,40.0,0.0,5.229999971389771,4.662306201390511,29.0,0.0,-0.0019104074866239293,0.20496568673600754,0.004563427307099725,2.4261389151215553,0.008992137951887951,0.1159210205078125,0.8122151009738445,0.01943441078765318,0.035614013671875,0.19535965472459793,2.255749464035034
6078.713284930214,129,8454144,8454144,905.4860863742433,1593.157650252964,126,100,7.029999995231629,6.476812460323796,31.0,0.0,5.559999990463257,5.290217258929159,24.0,0.0,-0.0007043326647059682,0.19452207333718738,0.004686133863287978,2.4224616860349975,0.009225143227013177,0.1085357666015625,0.8217213160047928,0.0200954169073763,0.0352783203125,0.1916336491703987,2.268855333328247
6138.713601311669,130,8576000,8519680,2030.9226242291038,1092.2609071484255,127,100,6.1499999284744264,5.198797944387217,27.0,0.0,6.100000047683716,5.237365775277406,22.0,0.0,-0.0030726908225915395,0.18883648918320736,0.004562555691033292,2.434325933456421,0.009653210473819248,0.10759480794270833,0.8142072887470325,0.018912911337489884,0.0355987548828125,0.187104020267725,2.2726876735687256
6220.361567219719,132,8650752,8650752,915.5402607847382,1605.3308682252944,129,100,6.809999990463257,5.703849582085375,27.0,0.0,5.919999980926514,6.875580060900748,44.0,0.0,-0.0033292318864065846,0.1800816151468704,0.004617451428202912,2.428242921829223,0.009371032362954187,0.10600789388020834,0.8169108207027117,0.018990313265627872,0.03533935546875,0.20095717161893845,2.279999256134033
6280.361871508881,133,8767488,8716288,1945.5901329668088,1092.261127279612,131,100,7.009999990463257,6.435052321586289,42.0,0.0,5.509999966621399,4.873387023484439,23.0,0.0,-0.001473715858689199,0.18652204610407352,0.004614061113291731,2.424876851340135,0.00892394430350881,0.10773722330729166,0.8124118143071731,0.019914055475965142,0.0357208251953125,0.19443904981017113,2.285759210586548
6361.263116067275,135,8847360,8847360,987.2777660713111,1620.1481289375363,132,100,7.3,6.126173323891368,34.0,0.0,5.929999852180481,5.229254155470258,27.0,0.0,-0.002049528280622326,0.1734039034539213,0.004547240037936718,2.427252158522606,0.010065538161749526,0.1121063232421875,0.8265045825392008,0.019428665245262287,0.03692626953125,0.19400909543037415,2.295985460281372
6421.2634038589895,136,8969728,8912896,2039.456884353458,1092.2614276035256,134,100,7.510000061988831,7.620360970347288,42.0,0.0,6.4300000190734865,6.633634013006213,32.0,0.0,-0.0018154428301689525,0.18257834125931063,0.0046147867979016155,2.431007827321688,0.009643226304130318,0.10887654622395833,0.8112536749492089,0.019069224518413343,0.0370025634765625,0.20218434557318687,2.3019089698791504
6501.901335518807,138,9043968,9043968,920.6585346607319,1625.4385163665336,135,100,7.130000066757202,6.662814807928991,33.0,0.0,5.5,4.960846740839676,26.0,0.0,-0.0023535607081915564,0.19083303197597462,0.00453994832544898,2.4224997833371162,0.008766060242123785,0.10648600260416667,0.8147290485600631,0.020183192430219304,0.0379638671875,0.197330754250288,2.310608148574829
6561.901781441644,139,9163776,9109504,1996.785159798289,1092.2585489494913,137,100,7.850000047683716,7.257237841977081,42.0,0.0,6.410000038146973,5.519229949597401,31.0,0.0,-0.002166003097954672,0.18862655588115254,0.004448403497614587,2.418527714908123,0.008758720437375207,0.100616455078125,0.820051304375132,0.02026126297035565,0.03778076171875,0.20064932852983475,2.3182477951049805
6644.207817343995,141,9240576,9240576,933.1028904261218,1592.495599660581,138,100,8.729999923706055,8.7747992002578,44.0,0.0,6.619999957084656,6.227005630392005,32.0,0.0,-0.0011770712541571509,0.2071970395433406,0.004504017614332649,2.4158607199788094,0.008983070848141022,0.10104370117187499,0.7979566771537067,0.020477486890740693,0.039764404296875,0.20899179205298424,2.3337414264678955
6704.207944534719,142,9360896,9306112,2005.329082345702,1092.2643512351058,140,100,8.079999923706055,7.953213341627594,43.0,0.0,6.290000033378601,6.256668372355755,32.0,0.0,-0.001966681864966328,0.176555187208578,0.004402657927130349,2.427779528001944,0.010544026008574292,0.113922119140625,0.8350197045753399,0.020140570258566488,0.03814697265625,0.20627159997820854,2.340010404586792
6785.512948617339,144,9437184,9437184,938.2940307398302,1612.1024957677619,141,100,7.45,6.821106895422355,31.0,0.0,6.790000009536743,6.9674888539140145,41.0,0.0,-0.0013457899403874762,0.1910374254609148,0.004411001073700996,2.4164546057581897,0.009504431198971968,0.10765584309895834,0.8227648859222729,0.0210711159161292,0.0380859375,0.1954144835472107,2.349355697631836
6845.513138206676,145,9555968,9502720,1979.7270777476142,1092.2632153090285,143,100,6.610000038146973,5.589087534006399,26.0,0.0,5.340000033378601,4.637283749666363,26.0,0.0,-0.0021727870213605156,0.19184378798430166,0.004323201346172331,2.4263711323340735,0.009820032370043918,0.10900370279947917,0.8171969565252464,0.020442737402239192,0.0357513427734375,0.18834593147039413,2.35273814201355
6927.453830877319,147,9633792,9633792,949.7600943259025,1599.5959483383622,144,100,6.5699999809265135,6.096318475537935,36.0,0.0,5.750000047683716,5.805816091004739,32.0,0.0,-0.0029282637236368223,0.18304191483184695,0.004251928995169389,2.4243518883983293,0.01051054271799027,0.12029012044270834,0.8160423394292592,0.01926194470919048,0.03582763671875,0.18804936110973358,2.360398292541504
6987.454067286104,148,9754112,9699328,2005.3254320575184,1092.2623629930313,146,100,8.059999942779541,7.487082257622753,41.0,0.0,5.5699999809265135,5.3502428472746635,33.0,0.0,-0.0018585568080501007,0.18199336792652804,0.004272117842144023,2.418767263491948,0.009833455825476753,0.10602823893229167,0.8276629609366258,0.02010906433376173,0.036041259765625,0.19231050461530685,2.3641245365142822
7068.75675589405,150,9830400,9830400,938.3207530549496,1612.1484079333363,147,100,8.2,8.173126688159183,45.0,0.0,4.909999966621399,4.467874156052161,22.0,0.0,-0.00159623669605935,0.17284867299410206,0.004266826062424419,2.4089713593324023,0.01073078954141238,0.12348429361979167,0.8253221996128559,0.02076710300752893,0.036163330078125,0.18996841460466385,2.374445676803589
7128.756968908012,151,9947136,9895936,1945.5930926917842,1092.2627888795982,149,100,9.170000028610229,8.984492002527855,50.0,0.0,6.36999990940094,6.58430693543589,30.0,0.0,-0.0016116637367910396,0.19171266614769897,0.004259968108575171,2.407324733833472,0.009885448143298465,0.11144510904947916,0.8290471732616423,0.02101599849993363,0.03912353515625,0.20030270144343376,2.3820176124572754
7211.4448423832655,153,10027008,10027008,965.9457504842436,1585.1417443843998,150,100,7.7399999618530275,6.881307887966677,42.0,0.0,6.490000009536743,5.71225860396667,33.0,0.0,-0.0011997873734799214,0.1813656751376887,0.004189229138622371,2.40399506688118,0.010286317229959726,0.1110076904296875,0.8391878847032785,0.021464110584929585,0.038330078125,0.20203138142824173,2.3947479724884033
7271.445204582065,154,10146816,10092544,1996.7879460967063,1092.2600730785402,150,100,7.7399999618530275,6.881307887966677,42.0,0.0,6.490000009536743,5.71225860396667,33.0,0.0,-0.0006677517352121262,0.18107829405926168,0.004278586056898348,2.407908357679844,0.009679031205450883,0.11534627278645833,0.831650306781133,0.0218347225842687,0.0363006591796875,0.1925460249185562,2.3998985290527344
7354.1717925760895,156,10223616,10223616,928.3593323774907,1584.399927257584,152,100,9.8,8.720091524697978,38.0,0.0,7.3199999809265135,7.7212434120755145,45.0,0.0,-0.002031916010309942,0.1666287851985544,0.004166633239947259,2.4119824046889944,0.009411518009073916,0.10648600260416666,0.8423387097815673,0.020582838410822056,0.0348663330078125,0.18968042731285095,2.4080464839935303
7414.172538258135,157,10346752,10289152,2052.2411613435384,1092.2530921079954,154,100,8.340000009536743,7.144536293293982,37.0,0.0,6.810000085830689,6.101958779056786,32.0,0.0,-0.0017678619381816436,0.17501079128123823,0.004258359990975198,2.4111876040697098,0.009929317910064128,0.11360677083333334,0.8351247000197569,0.021061155207765598,0.0357513427734375,0.19146978855133057,2.412827253341675
7495.521388588473,159,10420224,10420224,903.171952666179,1611.2335880316502,156,100,7.230000019073486,6.049553725962575,29.0,0.0,6.509999990463257,5.952302158576769,31.0,0.0,-0.0011386391803777467,0.17190672014839947,0.004140038596233352,2.3961513812343282,0.007997442353371298,0.10561116536458333,0.8383107086022695,0.021475508809089664,0.0387115478515625,0.1994210183620453,2.4251484870910645
7555.524630866945,160,10534144,10485760,1898.564072109701,1092.2076459777156,157,100,7.270000028610229,7.0183403150179835,41.0,0.0,5.949999976158142,6.568675520720157,36.0,0.0,-0.0017804358115730188,0.17954694960887235,0.004056361118273344,2.4127228980263076,0.008789997185279693,0.1016082763671875,0.8244246877729893,0.021268067357596007,0.0362396240234375,0.20938799902796745,2.429218292236328
7638.050863886252,162,10616832,10616832,1001.9601885942728,1588.2464908986615,159,100,7.690000009536743,6.517200302192937,32.0,0.0,6.199999928474426,5.642694419073422,23.0,0.0,-0.0013408393739761473,0.19230001978576186,0.00407428005807257,2.405790915091832,0.009460626413177428,0.1042633056640625,0.8261535645773014,0.021915541787166152,0.0366363525390625,0.20647362247109413,2.440026044845581
7698.050976738334,163,10744832,10682368,2133.3293208224213,1092.2646122610797,159,100,7.690000009536743,6.517200302192937,32.0,0.0,6.199999928474426,5.642694419073422,23.0,0.0,-0.0006042437453288585,0.1915939198806882,0.004208974030916579,2.397047348320484,0.00992916749601136,0.10969034830729166,0.8337907095750173,0.021520096013167254,0.040008544921875,0.22076548635959625,2.445678472518921
7778.3613663148135,165,10813440,10813440,854.2854836317837,1632.0677896249001,161,100,8.439999914169311,6.791642047604693,31.0,0.0,7.550000071525574,8.460939703535162,51.0,0.0,-0.001562190601058925,0.20097086702783903,0.004066193301696331,2.3949769387642545,0.009148177816314274,0.1106719970703125,0.8293996999661127,0.021156499530964844,0.0392608642578125,0.20705632120370865,2.4537644386291504
7838.3616187069565,166,10938880,10878976,2090.6578722396553,1092.2620720272485,163,100,8.339999961853028,8.79229222128714,49.0,0.0,7.310000038146972,8.468406121645405,49.0,0.0,-0.0010126617392719104,0.18979608515898388,0.004130684261326678,2.401220800975959,0.008613751086765356,0.11127726236979167,0.8483611438423395,0.021252901448557775,0.0386810302734375,0.22522259131073952,2.4592511653900146
7919.495424522087,168,11010048,11010048,877.1682689477391,1615.504150004469,165,100,7.809999942779541,7.050808560076511,32.0,0.0,6.219999980926514,7.15902226349149,38.0,0.0,-0.0008615928260648313,0.19459403461466232,0.004042501471606859,2.393143095076084,0.012061585541838818,0.1245880126953125,0.8392541309197743,0.021655993924165767,0.0371856689453125,0.19766949862241745,2.469602346420288
7979.495820315555,169,11130624,11075584,2009.5867436448996,1092.2594615140006,167,100,8.079999876022338,7.767470639714373,41.0,0.0,6.070000076293946,5.831389235377241,38.0,0.0,-0.00043343247671145946,0.20698464661836624,0.004089468765111329,2.3824289987484613,0.008778733069145044,0.09881083170572917,0.8146279485275347,0.022393252622957032,0.038970947265625,0.20900221168994904,2.4763150215148926
8061.645892022178,171,11206656,11206656,925.5256680910528,1595.518996843835,168,100,7.829999923706055,8.10808874808772,43.0,0.0,6.070000052452087,7.044508477908503,39.0,0.0,0.0008151745108383086,0.20709543597574034,0.00397381999452288,2.394499820967515,0.009870156597268457,0.11083984375,0.8141343922664722,0.021934982117575906,0.0380859375,0.1980731338262558,2.4878737926483154
8121.646334074438,172,11325184,11272192,1975.452112448818,1092.2586194101457,168,100,7.829999923706055,8.10808874808772,43.0,0.0,6.070000052452087,7.044508477908503,39.0,0.0,-0.0007060367327843171,0.1866182790448268,0.004067256057169288,2.3988636483748755,0.009773593824017249,0.10566202799479167,0.8366787092139324,0.021357974173345912,0.03826904296875,0.20487549528479576,2.4930193424224854
8203.83303032443,174,11403264,11403264,950.0321044965708,1594.807991810637,170,100,8.07000002861023,8.04519126842144,35.0,0.0,6.229999995231628,6.764399682563143,31.0,0.0,-0.0014462245138323244,0.21057160136600336,0.004121183747580896,2.397378218670686,0.010213507011940237,0.10820515950520834,0.826231552908818,0.022202120472987495,0.03912353515625,0.21568681672215462,2.503803253173828
8263.833421025425,175,11521536,11468800,1971.1871642535295,1092.259554218406,172,100,8.630000066757201,8.227581755455862,48.0,0.0,5.88999993801117,6.302213831160095,37.0,0.0,-0.0009591501827041307,0.2094275251341363,0.0040726493049684604,2.3945996736486754,0.010926405261367716,0.11519368489583334,0.8367865073184172,0.02110720716882497,0.038421630859375,0.19881586357951164,2.5086793899536133
8345.755436914042,177,11599872,11599872,956.2264691643808,1599.9606281443234,174,100,8.77999997138977,8.771065898619852,44.0,0.0,7.909999942779541,8.856743210513816,53.0,0.0,-3.0141466898688408e-05,0.1946210585689793,0.004081175837200135,2.3929244851072626,0.010775873490274533,0.121429443359375,0.8347897691031297,0.02207681014745807,0.0369415283203125,0.1912202648818493,2.5172476768493652
8405.755918633193,178,11715072,11665408,1919.9845851109244,1092.257897307548,174,100,8.77999997138977,8.771065898619852,44.0,0.0,7.909999942779541,8.856743210513816,53.0,0.0,-0.0012630154160433449,0.19652077392674983,0.004076799423880099,2.3941087673107786,0.010715872857569291,0.11867268880208333,0.8361749419321617,0.02146344670715431,0.038116455078125,0.20490875840187073,2.521604061126709
8487.279386173934,180,11796480,11796480,998.5836281965894,1607.7824453982823,176,100,7.78000009059906,6.939135360009679,32.0,0.0,6.740000009536743,7.396783023704092,45.0,0.0,-0.0014515344834459634,0.17555524858956534,0.003959849268236819,2.411094754934311,0.010776753403357967,0.11354573567708333,0.8525673200686772,0.02062172149696077,0.0357666015625,0.20118854567408562,2.528024196624756
8547.282727552578,181,11917312,11862016,2013.754521394129,1092.2058421120698,178,100,8.959999990463256,8.305323728645282,38.0,0.0,6.849999952316284,6.6172124483574155,32.0,0.0,-0.001461053184660462,0.18802495937173563,0.003979986434084519,2.408775247633457,0.008673951252906893,0.10515848795572917,0.8357295344273249,0.021785721764899794,0.0363922119140625,0.20028292015194893,2.531862258911133
8629.123430246487,183,11993088,11993088,925.8962534010508,1601.5502761531689,180,100,7.850000047683716,7.519807116079375,40.0,0.0,6.670000123977661,6.934053780575367,39.0,0.0,-0.0007939512627975394,0.18973517262687287,0.004050168448884506,2.3945863569776216,0.009695246917544866,0.10832722981770833,0.8189250640571117,0.02232967014424503,0.0391387939453125,0.2004399411380291,2.540184736251831
8689.123849967495,184,12112640,12058624,1992.5193949625398,1092.2590259323558,182,100,8.77999987602234,8.987302040446957,41.0,0.0,8.47999997138977,8.295155213910038,38.0,0.0,-0.0009908325834355007,0.17851744949196774,0.004051705451274756,2.3861065680782003,0.009741112279395264,0.11371866861979167,0.852591305350264,0.022925737372133884,0.039520263671875,0.21733414754271507,2.5465269088745117
8771.007288794965,186,12189696,12189696,941.0449915563335,1600.7144042420025,182,100,8.77999987602234,8.987302040446957,41.0,0.0,8.47999997138977,8.295155213910038,38.0,0.0,-0.0012348000188164101,0.1914820020707945,0.004001820501192318,2.395979695022106,0.009676976689661387,0.10992940266927083,0.8459439383198817,0.022071406342244394,0.04058837890625,0.21690715849399567,2.5583384037017822
8831.007919343188,187,12306432,12255232,1945.5795536378014,1092.2551880071867,184,100,9.100000047683716,8.315648048209702,36.0,0.0,8.900000095367432,9.27415769195606,42.0,0.0,0.0004209687807209169,0.18892228060091537,0.0040782407935087885,2.399190987149874,0.010516535795735155,0.115509033203125,0.8289502765983343,0.022623878670856357,0.0378265380859375,0.2011253498494625,2.5622141361236572
8912.939788242802,189,12386304,12386304,974.8587585358579,1599.768219135767,186,100,9.96999979019165,9.609844157528396,42.0,0.0,7.56999990940094,7.909810206743157,44.0,0.0,-0.00012230362578217563,0.1803405823496481,0.004105547704966739,2.40435449530681,0.010146924258757887,0.11368815104166667,0.8535628709942102,0.022000509993328404,0.03875732421875,0.20573680847883224,2.5715739727020264
8972.945972843096,190,12499456,12451840,1885.672297842551,1092.154091058129,187,100,8.689999985694886,8.12981550195124,40.0,0.0,8.849999904632568,9.025934897547266,42.0,0.0,-0.0010281880507439685,0.18505252858934304,0.00405830328478866,2.410686085621516,0.009446362868402502,0.11266581217447917,0.8248158091058334,0.02141110736799116,0.0357818603515625,0.19857843592762947,2.573507070541382
9055.320615887642,192,12582912,12582912,1013.1273036882112,1591.1692622342457,189,100,7.8700000762939455,6.890072580900096,43.0,0.0,8.160000038146972,8.763241352006052,42.0,0.0,-0.000955602212343365,0.19315545478214818,0.0040798288537189364,2.390590228140354,0.010033967043758214,0.10314432779947917,0.8201337618132433,0.022152067278511822,0.038818359375,0.20602193474769592,2.580759286880493
9115.320832895115,193,12702976,12648448,2001.0594292524952,1092.2627161804664,189,100,7.8700000762939455,6.890072580900096,43.0,0.0,8.160000038146972,8.763241352006052,42.0,0.0,-0.0025383814912250577,0.18138888222165406,0.004031492479649993,2.405702362457911,0.01076610009658907,0.11548868815104167,0.8305456365148226,0.021658251779930048,0.0367279052734375,0.205058716237545,2.5844147205352783
9197.72276250273,195,12779520,12779520,928.9102860150311,1590.6423626745684,191,100,8.84000005722046,7.979623969161686,37.0,0.0,7.66000006198883,8.768375033245363,48.0,0.0,-0.0012095520190390137,0.18565787561237812,0.0040275085290583474,2.400308104852835,0.008585597185325847,0.09541829427083334,0.8378130402415991,0.022330411302391436,0.038299560546875,0.20847712084650993,2.5930850505828857
9257.723276276141,196,12897024,12845056,1958.3832305794429,1092.2573137872275,193,100,9.289999961853027,8.344213672176007,45.0,0.0,7.719999933242798,7.302164175276227,41.0,0.0,-0.00011104806617368015,0.19948018660458428,0.004164327639349115,2.3944284642736116,0.009022762872215631,0.11197916666666667,0.8442448135465384,0.0221458751669464,0.0406494140625,0.23071547225117683,2.599318742752075
9338.982106434181,198,12976128,12976128,973.4818953971032,1613.0185451240027,195,100,9.180000019073486,7.365297079519367,34.0,0.0,8.359999990463256,8.244416184047044,48.0,0.0,-0.0007846016936431018,0.18765308552732068,0.004079667628199483,2.381394316752752,0.009861467913045393,0.11492919921875,0.853652578468124,0.023243446620957304,0.0381927490234375,0.19764065742492676,2.6072518825531006
9398.982136324048,199,13092096,13041664,1932.7990371482401,1092.2661225385198,195,100,9.180000019073486,7.365297079519367,34.0,0.0,8.359999990463256,8.244416184047044,48.0,0.0,0.0005185884995929276,0.20137512777000666,0.0041428108379477635,2.3910731847087545,0.010107689628663744,0.11885579427083333,0.8363102916628122,0.02341254682202513,0.0377960205078125,0.21318912506103516,2.609861373901367
9482.350596459582,201,13172736,13172736,967.2722738179561,1572.2012831580748,197,100,9.650000143051148,8.295028653510666,44.0,0.0,7.109999942779541,7.278591820861759,45.0,0.0,-0.0019006115180673078,0.18206964991986754,0.004131138416899678,2.3898168901602426,0.010094228013864873,0.11866251627604167,0.8615088605632384,0.02369341747059176,0.0383148193359375,0.2176298014819622,2.6149742603302
9542.350837070495,202,13295872,13238272,2052.258436737083,1092.2622864962436,199,100,9.930000066757202,8.303318545668473,37.0,0.0,7.960000038146973,8.102987245871855,37.0,0.0,0.0012419094321861242,0.20360231415058175,0.004184387658218233,2.3917982975641885,0.008884076581428719,0.10296122233072917,0.8288527925809225,0.02427521316955487,0.037139892578125,0.20541857555508614,2.617339849472046
9624.073991244659,204,13369344,13369344,899.0352947393645,1603.8539055977512,201,100,8.999999952316283,7.44714727813935,35.0,0.0,7.110000014305115,7.428182685802471,50.0,0.0,-0.002023014557683685,0.1740741367296626,0.004022518854374842,2.419599657257398,0.009793936744851333,0.11144002278645833,0.8469804357737303,0.021121457956420876,0.0346527099609375,0.19927915930747986,2.6219637393951416
9684.074521398172,205,13491456,13434880,2035.1820173517333,1092.257015601769,201,100,8.999999952316283,7.44714727813935,35.0,0.0,7.110000014305115,7.428182685802471,50.0,0.0,-0.0010829549331295616,0.18685538973659277,0.004031733275041915,2.4168878818551702,0.010843763112764766,0.11069234212239583,0.8398831325272719,0.021705219386300694,0.0377960205078125,0.20331406965851784,2.6251397132873535
9766.493289928883,207,13565952,13565952,903.8717919237135,1590.3173796046094,203,100,9.300000047683715,7.657022975645901,31.0,0.0,6.840000009536743,6.504951803217398,33.0,0.0,-0.0010392223945624817,0.19290632754564285,0.004121907050527322,2.4195158531268435,0.010996744241613973,0.11999003092447917,0.8388630636036395,0.021164677222259343,0.0379486083984375,0.2234894186258316,2.630458354949951
9826.493727622554,208,13679360,13631488,1890.119545110647,1092.2586987546854,205,100,9.85,9.022610569169712,38.0,0.0,7.880000019073487,7.39902689221373,37.0,0.0,-0.0022271252576805027,0.18915255398799974,0.004076164077559952,2.4204458966851234,0.008974397781154645,0.10873921712239583,0.8469684757292271,0.021379938795386504,0.0393829345703125,0.21412940695881844,2.6354048252105713
9909.302241599187,210,13762560,13762560,1004.7276059497568,1582.832413065463,207,100,9.810000085830689,9.738270276867198,60.0,0.0,7.869999980926513,7.538773076539644,41.0,0.0,-0.002540285204304382,0.18233426179115972,0.00398208829331755,2.4139201790094376,0.008713444106736764,0.1010894775390625,0.8462665292123953,0.020460726382831734,0.0399017333984375,0.22297224029898643,2.6416015625
9969.306222975254,211,13878784,13828096,1936.938138680863,1092.1941927363457,208,100,9.419999885559083,8.673153862849292,40.0,0.0,7.62999997138977,8.01705047907164,41.0,0.0,-0.0017958071039174683,0.18511111196130514,0.004029939472578311,2.415332391858101,0.009574479588385051,0.11041259765624999,0.8400971076140801,0.021525280899368227,0.0409088134765625,0.2203286848962307,2.6457676887512207
10052.960547266528,213,13959168,13959168,960.9066916865279,1566.8287456799435,210,100,9.589999961853028,8.623334660360804,41.0,0.0,8.249999976158142,7.23792089556029,36.0,0.0,-0.0008803649398032576,0.18353059864602983,0.003997468906163704,2.4044802909096084,0.0102200914000908,0.10832722981770834,0.852723612760504,0.021647583848486345,0.0385284423828125,0.21241475641727448,2.6541383266448975
10112.963258367032,214,14079744,14024704,2009.5092003099107,1092.2173148181255,210,100,9.589999961853028,8.623334660360804,41.0,0.0,8.249999976158142,7.23792089556029,36.0,0.0,-0.0016074909629727092,0.19764023196573058,0.004004955296598685,2.400301220516364,0.009714745856399531,0.11069234212239583,0.8237564017375311,0.022791441724014778,0.0396728515625,0.22437045723199844,2.6572296619415283
10193.79567644,216,14155776,14155776,940.6127122334098,1621.5276385976626,212,100,11.12999997138977,10.329235218776324,57.0,0.0,8.030000019073487,8.686144158732631,48.0,0.0,-0.0014671625006788722,0.17433719934585193,0.0040400899888481945,2.411567534009616,0.00956681232249442,0.10998026529947917,0.8397692168752353,0.022456803747142356,0.038818359375,0.2186591811478138,2.664226770401001
10253.795948367566,217,14276864,14221312,2018.124186940055,1092.261716398846,214,100,10.760000038146973,9.742812757465785,57.0,0.0,6.6099999904632565,6.514437814176592,37.0,0.0,-0.0014411720500599283,0.17624733612562218,0.004002376515321278,2.408071910341581,0.009400818715827578,0.09975687662760416,0.8345549801985422,0.021817023497230064,0.0377960205078125,0.22240502759814262,2.6659858226776123
10336.108075750992,219,14352384,14352384,917.4832725220818,1592.377747563749,216,100,12.22999997138977,9.41791357793655,44.0,0.0,7.359999942779541,7.3532576755915855,42.0,0.0,-0.001162118035911893,0.19401089552169046,0.00401122482677844,2.3960440158843994,0.008761170469976301,0.10429890950520833,0.8321006546417872,0.021105822602597378,0.0405426025390625,0.2274656929075718,2.6726725101470947
10396.108277363703,220,14476032,14417920,2060.7930752986895,1092.2629964316036,216,100,12.22999997138977,9.41791357793655,44.0,0.0,7.359999942779541,7.3532576755915855,42.0,0.0,-0.0008792485338441717,0.2030527115178605,0.004074203881221668,2.389435758193334,0.010070110280139488,0.11230977376302083,0.8122534031669298,0.021918044541962445,0.040435791015625,0.21925992146134377,2.6776671409606934
10477.058530209586,222,14548992,14548992,901.2942817968022,1619.1672711577642,218,100,11.730000019073486,10.683496562752529,62.0,1.0,9.160000085830688,8.431749599120046,42.0,0.0,-0.0010918190916224073,0.18683527464357516,0.0039685379548852024,2.388950708011786,0.009973365980234425,0.11754862467447917,0.8332171197980642,0.021642671102502696,0.039794921875,0.22709284722805023,2.6862213611602783
10537.058894963935,223,14668032,14614528,1983.9879388628492,1092.2600265567514,220,100,10.979999876022339,9.837662136753378,48.0,0.0,10.449999952316285,10.50940036042882,45.0,0.0,-0.0010405381908640265,0.20680860755965114,0.004059647025618082,2.3736704364418983,0.01007697026822522,0.11270650227864583,0.8262342574695747,0.02271041157655418,0.0426177978515625,0.23625516146421432,2.6912620067596436
10618.081656655297,225,14745600,14745600,957.3606031287625,1617.7182468710444,222,100,11.32000002861023,9.944727279968923,42.0,0.0,9.089999961853028,9.347828678504845,43.0,0.0,-0.0012247424480544093,0.2061971745764216,0.003988399973119764,2.380497028430303,0.009158313395649504,0.11328633626302083,0.8308533777793249,0.022216347085001566,0.041229248046875,0.22105638682842255,2.7011561393737793
10678.081941630691,226,14867200,14811136,2026.6570408768341,1092.2614788725675,224,100,10.650000047683715,9.560727057715406,43.0,0.0,9.880000114440918,8.420546377652274,37.0,0.0,-0.001287311315536499,0.20986695416892567,0.004052356018898233,2.3853906989097595,0.010493436628166819,0.11165364583333333,0.8296510161211094,0.02199184277560562,0.0408172607421875,0.2294824942946434,2.705747365951538
10759.98710649833,228,14942208,14942208,915.79084324187,1600.2898011598547,224,100,10.650000047683715,9.560727057715406,43.0,0.0,9.880000114440918,8.420546377652274,37.0,0.0,-0.0011764851636447322,0.21365482391168675,0.0039248017031544204,2.396849252283573,0.01157627860084176,0.11680094401041667,0.8366169507304828,0.022212563761665173,0.03875732421875,0.2076733522117138,2.7135205268859863
10819.987584590912,229,15064576,15007744,2039.4504158981129,1092.257963326186,226,100,11.27999997138977,10.269449608912119,47.0,0.0,8.900000047683715,8.777812867765132,44.0,0.0,-0.0007008740479553429,0.20374273462221024,0.0040865070138049004,2.3919709821542106,0.008819472618294336,0.1033172607421875,0.8191634193062782,0.021950113121420145,0.0411376953125,0.23003805801272392,2.7178826332092285
10900.369382975623,231,15138816,15138816,923.5921749931967,1630.617908953506,228,100,11.55,10.753022720417835,55.0,0.0,9.549999856948853,9.49460342947537,53.0,0.0,-0.000630600249375372,0.2181519448446731,0.004042018326193404,2.390072440107663,0.011650699980236823,0.1190032958984375,0.8228053717563549,0.02266238022518034,0.0400848388671875,0.2218581698834896,2.724059820175171
10960.369472397491,232,15258368,15204352,1992.5303637368697,1092.2650387936587,228,100,11.55,10.753022720417835,55.0,0.0,9.549999856948853,9.49460342947537,53.0,0.0,-0.0006902667470664406,0.2064040705251197,0.003997939866773474,2.3903013343612356,0.009784097458274724,0.11464945475260417,0.8328955136239529,0.02223058471766611,0.0412750244140625,0.22679466754198074,2.7285451889038086
11042.591888427734,234,15335424,15335424,937.1653585520677,1594.1151613908926,230,100,10.550000143051147,9.573270070167077,55.0,0.0,10.369999980926513,10.610047075804808,55.0,0.0,-0.0015696273961414893,0.2088650998969873,0.003947153469198383,2.3773847495516143,0.010712929775763769,0.1194305419921875,0.8281748605271181,0.023121785042652238,0.039306640625,0.2205008938908577,2.736212968826294
11102.591963287443,235,15460352,15400960,2082.130735538333,1092.2653038889616,230,100,10.550000143051147,9.573270070167077,55.0,0.0,10.369999980926513,10.610047075804808,55.0,0.0,-0.00132369624528413,0.19928505566592017,0.0039425229842890985,2.390901632606983,0.01073942846172334,0.11980183919270834,0.8239155492434899,0.022078116599004716,0.03912353515625,0.21279478818178177,2.7387161254882812
11183.758371759206,237,15532032,15532032,883.1239591553032,1614.8552395982688,233,100,11.420000171661377,10.467263324858024,37.0,0.0,8.590000081062318,10.265568762092323,56.0,0.0,-0.0009047269437966557,0.19811188677946726,0.003904372912074905,2.38864986350139,0.00940328183787642,0.10875447591145833,0.8225749799360832,0.02236199528366948,0.0391845703125,0.2168569676578045,2.7449331283569336
11243.758534112945,238,15652608,15597568,2009.594562246811,1092.2637111150395,235,100,10.22999997138977,9.687987046447656,39.0,0.0,9.240000009536743,8.881576306779118,47.0,0.0,-0.0014098517907162509,0.20830431347712874,0.003993394442659337,2.3740807622671127,0.010786405019947171,0.11257425944010416,0.8151994987080495,0.02311736176488921,0.04144287109375,0.2305789664387703,2.748455286026001
11325.885648790747,240,15728640,15728640,925.7843806918839,1595.9649929772543,237,100,11.819999980926514,9.866488801009853,45.0,0.0,10.029999828338623,9.766734419636224,47.0,0.0,-0.0017790255175593002,0.20622635539621115,0.0038635483069811016,2.377351393302282,0.010003404323166858,0.1126556396484375,0.826231346776088,0.022467550394746162,0.041595458984375,0.23953278735280037,2.755589246749878
11385.885872386396,241,15847936,15794176,1988.25925723135,1092.2625962472653,237,100,11.819999980926514,9.866488801009853,45.0,0.0,10.029999828338623,9.766734419636224,47.0,0.0,-0.00023586582392454147,0.23614772409200668,0.003944764343032148,2.3832991868257523,0.011392851294658612,0.12784830729166666,0.8143826263646285,0.022863115901903562,0.041168212890625,0.2294359840452671,2.7593910694122314
11467.098065368831,243,15925248,15925248,951.9752781053608,1613.9448423508102,239,100,11.980000114440918,9.891390142699258,41.0,0.0,10.97000002861023,10.20926525286604,48.0,0.0,-0.0015186745852891668,0.22722385373587412,0.0038156122100190255,2.3804521908362704,0.00990467905527718,0.10614522298177083,0.8110681201020876,0.021959950487750273,0.0411529541015625,0.22930504754185677,2.7663302421569824
11527.098158337176,244,16051200,15990784,2099.1967473525538,1092.264974232223,239,100,11.980000114440918,9.891390142699258,41.0,0.0,10.97000002861023,10.20926525286604,48.0,0.0,-0.0010239322946290486,0.2189124332120021,0.003795577210742825,2.3912366603811583,0.010695720583195603,0.11312357584635417,0.8170246357719104,0.020395013290302206,0.0405426025390625,0.21644727885723114,2.7696609497070312
11607.64912947826,246,16121856,16121856,877.1588846054508,1627.1932931811261,242,100,10.739999914169312,9.67845017796723,44.0,0.0,10.040000057220459,10.20286253633088,53.0,0.0,5.459908667641378e-05,0.20503203322490055,0.0038253972597885877,2.3862393051385875,0.010999016686885927,0.11330159505208333,0.8221617148568233,0.023446594170915585,0.0400390625,0.21997179836034775,2.7759790420532227
11667.6491946131,247,16241152,16187392,1988.2645082452152,1092.26548092441,244,100,10.760000038146973,8.911924494024046,42.0,0.0,9.719999933242798,10.285018333106269,48.0,0.0,-0.0007603513149661012,0.19596102150777978,0.0038096160278655584,2.394913882017135,0.009955083941652749,0.10748291015625001,0.8199292638649542,0.022531314481360216,0.0413665771484375,0.24706948921084404,2.780184268951416
11750.644687494263,249,16318464,16318464,931.5204635352694,1579.2664812253574,244,100,10.760000038146973,8.911924494024046,42.0,0.0,9.719999933242798,10.285018333106269,48.0,0.0,-0.0011296331237341897,0.2005907630858322,0.003769564168275489,2.3918187841773033,0.009293783907196485,0.1143035888671875,0.818029697984457,0.021877408124661695,0.0413970947265625,0.23321844637393951,2.786404848098755
11810.645109718665,250,16443648,16384000,2086.3853179534317,1092.2589803600788,247,100,10.810000038146972,10.510656732030553,45.0,0.0,9.87999997138977,9.345886698701111,40.0,0.0,-0.0016502198535211692,0.20782242886101207,0.0037640222241558754,2.393228026727835,0.008985660871985601,0.10242207845052084,0.806223951280117,0.021530370169784874,0.040435791015625,0.226272102445364,2.7892699241638184
11891.119096694514,252,16515072,16515072,887.5414613350188,1628.7499218764501,249,100,11.880000066757201,10.546354984370534,54.0,0.0,11.089999771118164,11.280154994445914,50.0,0.0,-0.0019794063021739325,0.20079588401131332,0.0037027071181607125,2.3989635656277337,0.010253035397909116,0.11191304524739584,0.8292334657162428,0.021917097677942365,0.037811279296875,0.22264708206057549,2.79325532913208
11951.119447451085,253,16634368,16580608,1988.2550434413215,1092.26028137549,249,100,11.880000066757201,10.546354984370534,54.0,0.0,11.089999771118164,11.280154994445914,50.0,0.0,-0.001374914737728735,0.1993202553130686,0.0037744205789446523,2.4091194272041325,0.010434724819181914,0.115264892578125,0.8278594097743431,0.021454401411271345,0.037994384765625,0.21401320025324821,2.7952213287353516
12032.539051285014,255,16711680,16711680,949.5501864353581,1609.8334286586203,251,100,11.840000009536743,10.179115849244258,42.0,0.0,10.659999895095826,11.005652997810563,53.0,0.0,-0.001670672187174205,0.20093688229098916,0.0037030201153053595,2.4000887349247932,0.009819283174995991,0.11104838053385417,0.8197956246634325,0.021524792071431875,0.03887939453125,0.2255818173289299,2.800306797027588
12092.53924431093,256,16828416,16777216,1945.5937408330738,1092.2631527483923,253,100,9.860000133514404,8.74416371996181,41.0,0.0,9.670000028610229,10.801902503948986,54.0,0.0,-0.001129778211179655,0.193654341235136,0.0037804341215329864,2.390568420290947,0.00985261191999598,0.11029052734375,0.8298273254185915,0.022583984148999054,0.0418853759765625,0.23136559128761292,2.8040544986724854
12175.172668311745,258,16908288,16908288,966.582239158003,1586.1862386182613,253,100,9.860000133514404,8.74416371996181,41.0,0.0,9.670000028610229,10.801902503948986,54.0,0.0,-0.00019120019229982674,0.20100677044441304,0.003758288085615883,2.390308273335298,0.01111202879474149,0.12741597493489584,0.8257699012756348,0.022869265715902053,0.040618896484375,0.22722968086600304,2.810883045196533
12235.172897605225,259,17033728,16973824,2090.658677093256,1092.262492522191,255,100,11.699999904632568,10.436953426603816,45.0,0.0,9.360000085830688,9.792364438933577,45.0,0.0,-0.002077684437002366,0.18518142324561873,0.0036823045472071194,2.4040358190735183,0.009839392156815544,0.11396280924479167,0.8541870278616746,0.021006778658678133,0.0386962890625,0.20253076776862144,2.8137052059173584
12316.749405883253,261,17104896,17104896,872.4080191989447,1606.7370713304304,258,100,12.469999933242798,10.13652314796025,47.0,0.0,10.239999914169312,10.664070569730153,47.0,0.0,-0.002458762093738187,0.19517648049319783,0.003643779360572807,2.409888935585817,0.010175199276394173,0.115447998046875,0.8351024805257717,0.020920978199380137,0.038543701171875,0.21209963783621788,2.818859100341797
12376.75230798684,262,17228800,17170432,2064.96678754128,1092.213838038363,258,100,12.469999933242798,10.13652314796025,47.0,0.0,10.239999914169312,10.664070569730153,47.0,0.0,-0.0010069995187222955,0.19627979452100894,0.0036634030111599714,2.397972486913204,0.009331578402149413,0.10962931315104166,0.8364951722323895,0.022506299991315853,0.0388031005859375,0.22255375608801842,2.8210911750793457
12457.579690091312,264,17301504,17301504,899.4971519184963,1621.6286682474301,260,100,11.909999990463257,11.46481140062142,47.0,0.0,9.610000133514404,8.884700642089339,40.0,0.0,0.00020789508319770297,0.20105937821790576,0.0037600557116093114,2.3967390432953835,0.011222291264857631,0.12233479817708333,0.8300764244049788,0.02359301532851532,0.0376739501953125,0.21965378150343895,2.826563596725464
12517.580439953133,265,17422080,17367040,2009.5748849419379,1092.2530160193971,262,100,11.110000038146973,10.216550253482694,40.0,0.0,6.980000019073486,6.529900484678993,28.0,0.0,-0.0004494384435626368,0.198902304439495,0.003786562532089495,2.380049462119738,0.009572046934408716,0.11473592122395834,0.8354926047225792,0.024052125110756606,0.0404815673828125,0.2162466011941433,2.8298680782318115
12598.89943644777,267,17498112,17498112,934.9844842836361,1611.8251042196018,264,100,12.430000114440919,10.447253362542064,46.0,0.0,11.579999923706055,11.290863442190108,53.0,0.0,-0.0009829797345446423,0.19352352184553942,0.0037428705666873916,2.3868454719583196,0.00982228119088783,0.11553955078125,0.8259130716323853,0.023846507635122787,0.0396728515625,0.2289455085992813,2.8365681171417236
12658.899834092706,268,17613568,17563648,1924.2539138362265,1092.2594278094766,264,100,12.430000114440919,10.447253362542064,46.0,0.0,11.579999923706055,11.290863442190108,53.0,0.0,-0.001456721135279319,0.19333256812145314,0.0036422123206042065,2.4059678440292678,0.009076285030459985,0.1106109619140625,0.8492103007932504,0.021244428741435208,0.0416412353515625,0.24258604645729065,2.8404273986816406
12741.520469717681,270,17694720,17694720,982.2243485072993,1586.4317553177832,266,100,11.800000095367432,10.840664499765035,59.0,0.0,10.439999866485596,10.797518059663219,50.0,0.0,-0.0013593555971359212,0.18428886728361252,0.003608015897043515,2.3805488919218383,0.009542938179341338,0.11688741048177083,0.854123480618,0.024248266398596268,0.039215087890625,0.2225101701915264,2.845953941345215
12801.52518829517,271,17819648,17760256,2081.9696010851167,1092.1807743397333,266,100,11.800000095367432,10.840664499765035,59.0,0.0,10.439999866485596,10.797518059663219,50.0,0.0,-0.00015432507401177037,0.20275219281514484,0.0037048374506412074,2.379924769202868,0.010276262660530241,0.12505594889322919,0.840946879858772,0.02395812652927513,0.041351318359375,0.2420390397310257,2.848982572555542
12883.253345625475,273,17891328,17891328,877.0539106896201,1603.7557224038767,269,100,10.59000005722046,9.230487442101353,47.0,0.0,10.350000095367431,9.647149845850633,39.0,0.0,-0.001119755550462287,0.19957282130296033,0.0037306385565898386,2.3769814322392144,0.010098963096728161,0.11613972981770833,0.8528213451306025,0.024046609391613554,0.041412353515625,0.23254092782735825,2.8566081523895264
12943.25344755128,274,18008832,17956864,1958.3966731473695,1092.2648111671604,271,100,11.339999961853028,9.70692520203695,48.0,0.0,10.769999980926514,11.226624419530992,48.0,0.0,-0.0008422073102944221,0.18775624254097542,0.003682110089963923,2.376034490764141,0.01010860820315429,0.11175537109375001,0.8588875290006399,0.024038374812031787,0.0392913818359375,0.2260199710726738,2.8590567111968994
13025.915153542534,276,18087936,18087936,956.9606512642056,1585.6435386643147,271,100,11.339999961853028,9.70692520203695,48.0,0.0,10.769999980926514,11.226624419530992,48.0,0.0,0.0009308236476499587,0.1889930819161236,0.0036990065224623927,2.3800777122378354,0.008378444808234537,0.111175537109375,0.8443149402737617,0.024111424204117306,0.0419921875,0.23220296949148178,2.8646397590637207
13085.9151904881,277,18212864,18153472,2082.132051240863,1092.2659940935673,273,100,13.359999847412109,10.348449354026137,44.0,0.0,13.53999991416931,13.135768000459551,51.0,0.0,0.0004391662538788902,0.20291978120803833,0.0036551538845136142,2.3688038140535355,0.0115025544934421,0.12210591634114583,0.8432338157047828,0.025962848410320778,0.0420379638671875,0.24622415006160736,2.867962121963501
13167.93949117884,279,18284544,18284544,873.8873650414662,1597.9654675043953,276,100,13.749999904632569,11.410850126449343,45.0,0.0,11.15999994277954,11.186348965354922,48.0,0.0,0.0001980198333815982,0.19719354078794518,0.0037153687250489993,2.365053653717041,0.009791399348614505,0.11094156901041667,0.8520770687609911,0.025726109859533608,0.0419769287109375,0.22879021242260933,2.873197078704834
13227.939545920119,280,18403072,18350080,1975.4648643421351,1092.2656701330163,276,100,13.749999904632569,11.410850126449343,45.0,0.0,11.15999994277954,11.186348965354922,48.0,0.0,0.0005718452909301656,0.19958756980486214,0.0037014185024114945,2.356667011976242,0.009637251580594844,0.11566162109374999,0.8410401890675226,0.025472159788478166,0.0395660400390625,0.22957026213407516,2.8749442100524902
13310.309283582494,282,18481152,18481152,947.9209502893142,1591.2640214692751,278,100,12.24000005722046,10.738826653152774,49.0,0.0,8.789999961853027,8.949072583170668,43.0,0.0,0.0003346750478764685,0.19419203232973814,0.003647684417956043,2.3625275939702988,0.010759026590676513,0.121337890625,0.8451816290616989,0.02580163338764881,0.041229248046875,0.23933442682027817,2.8804845809936523
13370.309438759461,283,18598656,18546688,1958.3949350368841,1092.263841763491,280,100,11.810000038146972,10.043599927568083,41.0,0.0,11.569999980926514,11.345708596429942,47.0,0.0,-0.00034527240495663136,0.20871629565954208,0.003733948719551942,2.348497877518336,0.010854121831774439,0.1199798583984375,0.84825665752093,0.026646487783485405,0.0424346923828125,0.24906111881136894,2.883930206298828
13453.001411266625,285,18677760,18677760,956.610389154122,1585.0631690838527,280,100,11.810000038146972,10.043599927568083,41.0,0.0,11.569999980926514,11.345708596429942,47.0,0.0,-0.0003190084001592671,0.2068374021910131,0.003600347491252857,2.3631612484653792,0.009081008937452376,0.11083984375,0.8492999548713366,0.025346693738053244,0.043060302734375,0.26054196804761887,2.8880178928375244
13513.003675954416,286,18797056,18743296,1988.1916227784134,1092.2254408396434,282,100,13.440000057220459,11.789249467033486,44.0,0.0,10.700000095367432,9.870663711907413,43.0,0.0,-0.000251723295756771,0.20345572351167598,0.00369835231443479,2.3669709215561547,0.008938060551372473,0.10184224446614583,0.86655961163342,0.025786259366820254,0.04248046875,0.24032051488757133,2.8909571170806885
13594.757498530671,288,18874368,18874368,945.6683193974011,1603.252250104203,285,100,10.480000162124634,9.14929523865284,38.0,0.0,12.060000038146972,11.788825225470227,53.0,0.0,-0.0013874525902792811,0.19701932619015375,0.0036142437432620986,2.3712273786465325,0.010725067550689952,0.11029052734375,0.8295211661607027,0.02372310502687469,0.041778564453125,0.26138052716851234,2.895305871963501
13654.757997347042,289,18988032,18939904,1894.3842508353798,1092.257586067246,285,100,10.480000162124634,9.14929523865284,38.0,0.0,12.060000038146972,11.788825225470227,53.0,0.0,1.31990721759695e-06,0.21513359310726324,0.003682344434006761,2.3563882087667785,0.010073774750101922,0.1185760498046875,0.8365121334791183,0.025595136491271354,0.043487548828125,0.25151631236076355,2.8983676433563232
13736.617032347247,291,19070976,19070976,1013.2540653550612,1601.1916094499732,287,100,11.319999885559081,9.310080330261743,37.0,0.0,12.180000114440919,11.564065224045207,53.0,0.0,-0.0004795211983340171,0.1964990682899952,0.003622885701285365,2.3560620273152986,0.009897875340053966,0.1174163818359375,0.8486511061588924,0.025076815703262884,0.043243408203125,0.25804828852415085,2.9046757221221924
13796.617463419214,292,19189248,19136512,1971.185837950729,1092.2588192973735,290,100,11.329999971389771,9.675799805764921,48.0,0.0,9.470000004768371,10.900876153144488,51.0,0.0,0.00024132141212855157,0.2055315352045,0.0035601169486956983,2.3555034349362054,0.009464685384349043,0.11179606119791667,0.8283662696679434,0.025063719192985445,0.0412445068359375,0.24134071916341782,2.906665563583374
13878.686468876898,294,19267584,19267584,954.5138211817472,1597.0950210622698,290,100,11.329999971389771,9.675799805764921,48.0,0.0,9.470000004768371,10.900876153144488,51.0,0.0,0.00026615298217317707,0.20244137259821096,0.003681270320763967,2.3558479224642115,0.011883233213666244,0.12300618489583333,0.8555690832436085,0.024567540870824207,0.0430755615234375,0.24821744859218597,2.9125869274139404
13938.686543166637,295,19387392,19333120,1996.797527640543,1092.2653142649124,292,100,12.379999923706055,9.912396359813485,50.0,0.0,10.579999971389771,10.103642994949732,41.0,0.0,-0.0008398950061139961,0.19851374874512354,0.003618320619959074,2.355704223116239,0.009904026737179569,0.1081085205078125,0.8608808455367883,0.023741725327757496,0.0433349609375,0.2575828544795513,2.915459156036377
14021.552647897974,297,19464192,19464192,926.7963089250616,1581.732367232105,292,100,12.379999923706055,9.912396359813485,50.0,0.0,10.579999971389771,10.103642994949732,41.0,0.0,-0.000816980284677508,0.20956611563451588,0.003593293110801217,2.349546402692795,0.009824866537504326,0.11363728841145834,0.8323880421618621,0.024056801650052268,0.0421600341796875,0.23224104195833206,2.9210896492004395
14081.552795683965,298,19589888,19529728,2094.9281733160487,1092.2639763114225,294,100,13.750000047683717,10.907222430454304,45.0,0.0,11.199999856948853,11.059837090616815,51.0,0.0,0.0015037663652037736,0.2005741054502626,0.00360148531520584,2.361642464995384,0.010742657494120067,0.11775716145833334,0.8334579964478811,0.022989210362235706,0.04071044921875,0.25403067097067833,2.922940969467163
14161.537666870281,300,19660800,19660800,886.5676589616335,1638.7098967088677,297,100,14.279999732971191,10.87113606641532,45.0,0.0,12.189999866485596,11.701021357876494,51.0,0.0,-0.0011054194401367567,0.21412714182709655,0.0036180540458493247,2.3675727968414626,0.010338708181734546,0.115081787109375,0.8327436794837316,0.02414007457749297,0.0415802001953125,0.23896440863609314,2.92887020111084
14221.53800352104,301,19782656,19726336,2030.9219381431349,1092.2605381610138,297,100,14.279999732971191,10.87113606641532,45.0,0.0,12.189999866485596,11.701021357876494,51.0,0.0,0.001049186905826597,0.19421251164749267,0.003614087363530416,2.361931324005127,0.01028491665723171,0.1162261962890625,0.8456458362440268,0.024511054798495024,0.0416412353515625,0.252635158598423,2.9310948848724365
14304.192439623177,303,19857408,19857408,904.3918696345366,1585.7830042906944,299,100,14.060000133514404,11.927128931267452,47.0,0.0,11.250000047683717,9.632626748280357,49.0,0.0,0.001176654031345,0.19787226788078746,0.0035707232891581957,2.3515992835164075,0.011315557934722166,0.12233479817708334,0.83804032082359,0.025085108141259603,0.0415802001953125,0.2446780651807785,2.9348723888397217
14364.192575789988,304,19973120,19922944,1928.5289566393678,1092.2641878311465,299,100,14.060000133514404,11.927128931267452,47.0,0.0,11.250000047683717,9.632626748280357,49.0,0.0,-2.5083631044253704e-05,0.19844516366720202,0.003405543706321623,2.374552731712659,0.0089206981422952,0.1018524169921875,0.8414317698528369,0.023368760128505528,0.041961669921875,0.254156906157732,2.937138319015503
14447.205066250637,306,20054016,20054016,974.5039517679279,1578.9431117252502,302,100,14.799999904632568,12.806248691918192,59.0,0.0,12.169999933242797,12.043300870947988,50.0,0.0,-0.0009825172285976198,0.19868697505444285,0.003508553149004001,2.3786802664399147,0.010100727392758321,0.10729471842447917,0.8441267106682062,0.022252193904326607,0.041900634765625,0.2568064071238041,2.941401243209839
14507.205098791048,307,20177664,20119552,2060.7988823459646,1092.2660742868882,302,100,14.799999904632568,12.806248691918192,59.0,0.0,12.169999933242797,12.043300870947988,50.0,0.0,-0.0013923168517067097,0.21167243877425793,0.003482151478237938,2.388189529379209,0.010116816286730074,0.11132812499999999,0.8293609699855249,0.02187157767669608,0.040740966796875,0.23711373284459114,2.9425511360168457
14589.364114247262,309,20250624,20250624,888.034010569211,1595.345310215565,305,100,14.380000114440918,12.148069911262393,56.0,0.0,11.889999914169312,10.669484297220668,49.0,0.0,-0.0021853823879306824,0.20212064186731973,0.003609775997271451,2.375750054915746,0.00920502206038994,0.10399373372395833,0.838691317786773,0.022436610403625913,0.0431365966796875,0.25839683413505554,2.9470221996307373
14649.364445589483,310,20372224,20316160,2026.6554747245868,1092.2606347989351,308,100,11.499999904632569,9.304300012199677,41.0,0.0,12.420000171661377,10.44239444252549,47.0,0.0,-0.0023159673243450625,0.20950777797649306,0.003561544906309185,2.3849495400985083,0.010479352290227931,0.1085968017578125,0.851567027469476,0.022355242089057963,0.0406341552734375,0.2280653938651085,2.949096918106079
14730.98068193905,312,20447232,20447232,919.0328218362796,1605.9549651200516,308,100,11.499999904632569,9.304300012199677,41.0,0.0,12.420000171661377,10.44239444252549,47.0,0.0,0.00025844606958950556,0.2006054495771726,0.0036846315949029913,2.3594049016634626,0.010116210752433592,0.115447998046875,0.854781365642945,0.025566997278171282,0.0424652099609375,0.2432798519730568,2.955019474029541
14790.981418542564,313,20561152,20512768,1898.6433575438703,1092.2532573735523,310,100,12.029999923706054,10.147369084927156,40.0,0.0,11.70999984741211,10.445376995258082,54.0,0.0,-0.00016426614941641068,0.2070981456587712,0.003609404287999496,2.3703496555487313,0.011245586715328196,0.11358642578125,0.8441788169244926,0.024209374309672665,0.04119873046875,0.23776941373944283,2.957357883453369
14873.82139223814,315,20643840,20643840,998.1654545650308,1582.2313087841974,310,100,12.029999923706054,10.147369084927156,40.0,0.0,11.70999984741211,10.445376995258082,54.0,0.0,0.0008210690866690129,0.2141183828935027,0.0035973807825939725,2.3715667972962065,0.010709348964155652,0.12157185872395833,0.8494974679003159,0.02419558635059123,0.042510986328125,0.2504184953868389,2.962285280227661
14933.82154669799,316,20764672,20709376,2013.8614823209923,1092.2638548181653,312,100,11.209999990463256,10.129457034751708,45.0,0.0,10.439999914169311,10.208153443742704,46.0,0.0,-0.0012065891472351116,0.20760241989046338,0.003538518057515224,2.3717644065618515,0.009448433668997797,0.10497538248697917,0.8501085229218005,0.023571256489958614,0.0431060791015625,0.261655256152153,2.9646081924438477
15015.65455166623,318,20840448,20840448,925.9833490094668,1601.700928016375,315,100,13.040000200271606,11.21688011738135,50.0,0.0,11.69000015258789,10.131826072069687,42.0,0.0,-0.0010546837377963432,0.20887197569633523,0.0035731209767012237,2.3696827267607055,0.00976952977119557,0.10993448893229166,0.825605799133579,0.022434413239049416,0.0427093505859375,0.26524242013692856,2.9690229892730713
15075.656689604744,319,20961280,20905984,2013.7949105050138,1092.2277480705159,315,100,13.040000200271606,11.21688011738135,50.0,0.0,11.69000015258789,10.131826072069687,42.0,0.0,-0.001005717439208335,0.20969556970521808,0.003636011865940721,2.381601532300313,0.010499708464825137,0.11496480305989584,0.8320714837561052,0.0222027253281946,0.0393524169921875,0.23465465009212494,2.9705393314361572
15156.922778608277,321,21037056,21037056,932.4430513286491,1612.8744671630686,317,100,14.140000009536744,11.677345588019731,43.0,0.0,11.77999997138977,10.433196871606842,48.0,0.0,-0.0013732000443269499,0.20143023785203695,0.0036600809786856794,2.371464428802331,0.010172499387408607,0.11577351888020833,0.8357903448243935,0.023168099908313405,0.041900634765625,0.25541774183511734,2.9749648571014404
15216.92447881028,322,21160960,21102592,2065.0081511500825,1092.2357163107874,317,100,14.140000009536744,11.677345588019731,43.0,0.0,11.77999997138977,10.433196871606842,48.0,0.0,-0.0010856229710043408,0.20300775378321606,0.003663584793685004,2.3758803059657416,0.010563825927116946,0.11175537109375001,0.8378934388359388,0.023502694889126964,0.0423126220703125,0.2667720355093479,2.9776649475097656
15299.082811061293,324,21233664,21233664,884.9254604861355,1595.3585766510612,319,100,14.379999828338622,11.190871325637813,47.0,0.0,13.800000095367432,12.438649443738392,49.0,0.0,-0.001106783737971758,0.2062136096258958,0.0035611969409122444,2.3849130471547446,0.009358287932021389,0.11459859212239584,0.8256866584221522,0.023029963582909357,0.0418548583984375,0.2640937492251396,2.982484817504883
15359.082881513983,325,21352448,21299200,1979.731008710412,1092.2653841160893,322,100,14.91000018119812,12.543600127756946,55.0,0.0,12.799999809265136,11.370136289385595,52.0,0.0,-0.0021251050008383268,0.2092705376756688,0.0035205757497654604,2.3787209391593933,0.009339770598065419,0.11098734537760417,0.8257158044725657,0.02239511728597184,0.042388916015625,0.2608990967273712,2.98409104347229
15442.252694146708,327,21430272,21430272,935.7241231703673,1575.956417971145,322,100,14.91000018119812,12.543600127756946,55.0,0.0,12.799999809265136,11.370136289385595,52.0,0.0,-0.0013967522269619317,0.19452270275602737,0.0034428155704517853,2.3714372093478837,0.00957346780160151,0.10856119791666667,0.8409801255911589,0.023588928898485996,0.0420379638671875,0.2550717294216156,2.987722873687744
15502.252810919657,328,21551360,21495808,2018.1294056179406,1092.2645408841286,325,100,14.32000002861023,11.666087571451902,48.0,0.0,12.379999923706055,11.945526296644857,54.0,0.0,-0.002090333655360155,0.19827030164500076,0.003502543115852556,2.353751018643379,0.009304375404099119,0.10633341471354166,0.8206627958764632,0.023877251563438527,0.04248046875,0.246261827647686,2.989439010620117
15584.209235358983,330,21626880,21626880,921.4652849565082,1599.2889013482447,325,100,14.32000002861023,11.666087571451902,48.0,0.0,12.379999923706055,11.945526296644857,54.0,0.0,-0.0003994175664653691,0.19413246780944368,0.003410789776050175,2.3710287908713026,0.010430745061967171,0.11770121256510416,0.8303135130554439,0.023521619538466137,0.0410308837890625,0.26688582450151443,2.9929451942443848
15644.211486928165,331,21750016,21692416,2052.1896558835974,1092.2256796386714,327,100,15.40999994277954,12.41538935445742,49.0,0.0,12.130000066757201,10.46389502382665,44.0,0.0,0.0012709252381076415,0.1831737409811467,0.0035289721903003133,2.3595931579669314,0.010745394961001391,0.12276204427083334,0.8415887852509817,0.026766962701609977,0.0436248779296875,0.2694062851369381,2.994976043701172
15725.083407701924,333,21823488,21823488,908.4982685837167,1620.735587159801,330,100,15.639999866485596,11.867198454785298,48.0,0.0,12.100000047683716,11.371455497685337,48.0,0.0,0.0003829974787853037,0.20190542338726422,0.0035027000970634012,2.3641862173875174,0.01041049436450218,0.11525472005208333,0.8480020289619763,0.024956456152722236,0.0430145263671875,0.26657531410455704,2.9991402626037598
15785.08385979943,334,21943040,21889024,1992.5183197906383,1092.258436544761,330,100,15.639999866485596,11.867198454785298,48.0,0.0,12.100000047683716,11.371455497685337,48.0,0.0,-0.0011256018357623059,0.2062551883670191,0.0035013455902420296,2.36127753307422,0.010254214274633949,0.10646057128906251,0.8409601567933956,0.024299279786646366,0.043212890625,0.2683640941977501,3.002230167388916
15866.820468870923,336,22020096,22020096,942.7354630359191,1603.5898906125933,332,100,14.769999790191651,11.920448316266315,63.0,0.0,13.619999885559082,13.152018849727668,47.0,0.0,-0.001014877634588629,0.20514664007350802,0.003436980077822227,2.381054741640886,0.009926619134300077,0.11186218261718751,0.8534926219532888,0.023088211814562477,0.043670654296875,0.261992484331131,3.0061569213867188
15926.820795329288,337,22140928,22085632,2013.855709332639,1092.260723705838,332,100,14.769999790191651,11.920448316266315,63.0,0.0,13.619999885559082,13.152018849727668,47.0,0.0,-0.002402031879076579,0.20932445411259928,0.0034275455303334943,2.390008009970188,0.010568932236613668,0.1153717041015625,0.8488814911494652,0.022880175888227917,0.042510986328125,0.2618708312511444,3.0084171295166016
16008.38787974231,339,22216704,22216704,929.0021893672433,1606.922705932529,335,100,13.559999990463258,11.144792351280975,43.0,0.0,11.3,10.295144484585114,47.0,0.0,-0.0018279435729103473,0.21304300287738442,0.003434084685674558,2.3913982336719832,0.009253493921278277,0.10723368326822917,0.8330609605958064,0.022245331046481926,0.0389556884765625,0.22162628546357155,3.0100698471069336
16068.388130439445,340,22333952,22282240,1954.125168440284,1092.2621028836522,335,100,13.559999990463258,11.144792351280975,43.0,0.0,11.3,10.295144484585114,47.0,0.0,-0.0013969768697279505,0.18388437743609148,0.003377685008066085,2.3893611282110214,0.009220823339395185,0.10242207845052083,0.8636525912831227,0.02262994177484264,0.0433197021484375,0.26812121272087097,3.0120928287506104
16151.366541063413,342,22413312,22413312,956.3933486221475,1579.591595143676,337,100,15.08999981880188,13.17353016585505,57.0,1.0,12.570000076293946,10.581356121158219,41.0,0.0,-2.1043032271942736e-05,0.20456596417352557,0.003373678063023059,2.381505752603213,0.010781903037544302,0.11448160807291666,0.8339435843129953,0.024284874865164358,0.0429534912109375,0.25077351555228233,3.0175235271453857
16211.366961482912,343,22535168,22478848,2030.9191027001295,1092.2590132168764,340,100,11.61999979019165,10.049656599393096,45.0,0.0,11.830000066757203,12.191845706876125,50.0,0.0,0.0015545774076599628,0.19828387186862528,0.0032904517987238555,2.373414794603984,0.010100333962327568,0.109100341796875,0.8466594163328408,0.024187493894714862,0.04400634765625,0.27065610885620117,3.019479990005493
16291.71823907271,345,22609920,22609920,930.3150147981107,1631.2372862213447,340,100,11.61999979019165,10.049656599393096,45.0,0.0,11.830000066757203,12.191845706876125,50.0,0.0,-0.0003998024476459249,0.19907513167709112,0.003236913718865253,2.389508972565333,0.011439026455870286,0.1152801513671875,0.8383149163176615,0.023159958228158452,0.0406951904296875,0.24236534908413887,3.022157907485962
16351.718661230057,346,22730240,22675456,2005.319223995935,1092.2589815807646,343,100,11.599999904632568,9.557196087403339,45.0,0.0,11.409999990463257,11.074380207225577,52.0,0.0,-0.0015038672354421578,0.20308139462334415,0.0033444782529841177,2.404505180815856,0.010312195841227853,0.11483256022135417,0.8427185975015163,0.022286571969743818,0.0418243408203125,0.24773547425866127,3.0235793590545654
16432.617507191375,348,22806528,22806528,943.0047993079884,1620.1961652539935,343,100,11.599999904632568,9.557196087403339,45.0,0.0,11.409999990463257,11.074380207225577,52.0,0.0,-0.0004092776240819755,0.20554058284809193,0.003342721043736674,2.388419379790624,0.01018849759081301,0.11182149251302083,0.8415414399156967,0.02365222612085442,0.0436248779296875,0.25003210455179214,3.0273807048797607
16492.61847415939,349,22924544,22872064,1966.9016344838521,1092.2490638348506,345,100,13.219999980926513,10.67762141571259,40.0,0.0,11.950000095367432,11.43711070730314,49.0,0.0,-0.001013585519103799,0.19240030165140826,0.0033021079337534802,2.3910815144578614,0.009697925746271116,0.11130777994791667,0.8485789156208435,0.02375071852778395,0.0399932861328125,0.2445385530591011,3.0287892818450928
16575.089725507423,351,23003136,23003136,952.9623804098367,1589.3053380124963,348,100,14.749999904632569,11.763821459308879,43.0,0.0,12.85,11.59687472791564,48.0,0.0,-0.00029609579845176387,0.19203884759917855,0.0032772753183962777,2.3740877533952394,0.00920300592285154,0.10361226399739583,0.8480827913930018,0.02531303436262533,0.04425048828125,0.27290811389684677,3.032694101333618
16635.089905986562,352,23120640,23068672,1958.3941091786196,1092.2633811540884,348,100,14.749999904632569,11.763821459308879,43.0,0.0,12.85,11.59687472791564,48.0,0.0,0.0012773199147583605,0.17311757368346056,0.00320152582329077,2.3833845878640814,0.007969427719823823,0.09198506673177083,0.8622343732664983,0.024429526374054454,0.04193115234375,0.25984958186745644,3.035057783126831
16717.00049369037,354,23199744,23199744,965.7359593858874,1600.1838550342213,350,100,12.789999961853027,10.917229505797751,44.0,0.0,11.16999979019165,10.78429848153847,55.0,0.0,-0.0014720908390396896,0.19345466994370022,0.003161934180146394,2.3774490182598433,0.008796710637398064,0.10041300455729167,0.846457149212559,0.024048701452556998,0.040924072265625,0.23834357038140297,3.0392203330993652
16777.000967059284,355,23318272,23265280,1975.4510813811507,1092.2580493165758,350,100,12.789999961853027,10.917229505797751,44.0,0.0,11.16999979019165,10.78429848153847,55.0,0.0,0.00033853668234466266,0.1959878394069771,0.003241982194595039,2.3737936466932297,0.009096557995993255,0.0954742431640625,0.84041694800059,0.0231194217922166,0.0432891845703125,0.26442114263772964,3.0412685871124268
16860.061840545386,357,23396352,23396352,940.0334564632882,1578.0233760957492,352,100,14.149999904632569,11.306082336871457,48.0,0.0,14.59000005722046,12.545991348006353,56.0,0.0,-0.00016118927548329035,0.20380364156638583,0.0032840409548953176,2.35976176460584,0.0097888545042224,0.11258951822916667,0.8390458747744559,0.024648299382533878,0.04412841796875,0.2690749131143093,3.046072006225586
16920.061867129058,358,23522304,23461888,2099.199069926356,1092.266182725909,355,100,13.91999979019165,11.43737688090788,44.0,0.0,11.330000066757203,12.001712144324605,49.0,0.0,-0.0013273826189106332,0.20648920458431047,0.003241327118303161,2.36300424238046,0.010695554477933912,0.11262003580729166,0.8409902515510719,0.024229236082949985,0.0438079833984375,0.26006363332271576,3.047741651535034
17001.8233743757,360,23592960,23592960,864.1719359069272,1603.1015622621258,355,100,13.91999979019165,11.43737688090788,44.0,0.0,11.330000066757203,12.001712144324605,49.0,0.0,-0.001579745983084043,0.1922258755657822,0.0031837541464483365,2.373074596126874,0.009748555537347178,0.1048736572265625,0.8588930759578944,0.023745933431200683,0.043487548828125,0.2559545412659645,3.052117109298706
17061.823598673567,361,23713280,23658496,2005.3258368282286,1092.2625834638861,358,100,13.00999994277954,10.837430289724802,48.0,0.0,12.430000019073486,10.406012670006282,40.0,0.0,-0.0008350603069023539,0.2112496504560113,0.0032518568477826193,2.3614154333869615,0.009286478647482,0.10480244954427084,0.8471107470492522,0.024131335861360036,0.0452728271484375,0.2667766325175762,3.054652690887451
17142.607447095215,363,23789568,23789568,944.3471868512349,1622.5025492209138,358,100,13.00999994277954,10.837430289724802,48.0,0.0,12.430000019073486,10.406012670006282,40.0,0.0,0.0007748679126962089,0.20493415944899124,0.0032393108485848643,2.358619213104248,0.009829267740011952,0.11476643880208333,0.8471121943245331,0.02583162150889014,0.04443359375,0.27606794238090515,3.058854103088379
17202.607755551115,364,23911424,23855104,2030.9228924975446,1092.2610514272508,360,100,13.730000114440918,11.02529362354603,43.0,0.0,14.820000076293946,13.317191952517598,54.0,0.0,0.0013496554553663978,0.2113058779699107,0.0032946175391164916,2.354833240310351,0.009177878138871165,0.10623677571614584,0.8481785176942745,0.026335148431826383,0.04522705078125,0.28282173722982407,3.0609190464019775
17283.126609830186,366,23986176,23986176,928.3788333713283,1627.8423379661645,363,100,14.959999942779541,11.43583822245241,42.0,0.0,12.539999961853027,11.639089334141095,48.0,0.0,-0.0004037757195571127,0.2144051262487968,0.00320419053605292,2.360778455932935,0.01059750332448554,0.116851806640625,0.8460313516358534,0.02601336127069468,0.0428009033203125,0.2500401437282562,3.0651214122772217
17343.126899287105,367,24109056,24051712,2047.9901199181681,1092.2613972896895,363,100,14.959999942779541,11.43583822245241,42.0,0.0,12.539999961853027,11.639089334141095,48.0,0.0,-0.00021374195057433099,0.21091542222226659,0.003195073179085739,2.372162943085035,0.010884169175672772,0.11595662434895833,0.8478657162437836,0.025322623919540394,0.0411834716796875,0.25363902002573013,3.0666205883026123
17424.738677043468,369,24182784,24182784,903.3990194417929,1606.0427012298542,366,100,14.760000133514405,11.279290821201865,44.0,0.0,11.750000095367431,10.981233928917124,40.0,0.0,0.00290850466262782,0.20085962427159149,0.003214821098178315,2.3592078536748886,0.011073950250041284,0.12189229329427083,0.8460393343120813,0.02628311493511622,0.0429534912109375,0.2796856611967087,3.070039987564087
17484.738853394985,370,24306176,24248320,2056.527288804866,1092.2634562947007,366,100,14.760000133514405,11.279290821201865,44.0,0.0,11.750000095367431,10.981233928917124,40.0,0.0,0.00025005233813620486,0.21463514134908718,0.0032350418429511287,2.361834540963173,0.011660100953425475,0.12077331542968751,0.8447319287806749,0.025258734434222184,0.043670654296875,0.26172710210084915,3.0724899768829346
17566.424311362207,372,24379392,24379392,896.316208808913,1604.5940521334385,368,100,15.429999923706054,12.065036346814889,45.0,0.0,10.980000019073486,10.18624563441469,52.0,0.0,-0.0006063861195192052,0.20306503733930487,0.0032589191784306117,2.3689266294240956,0.009967668026244308,0.11162312825520834,0.85322199575603,0.025075450190342963,0.0426483154296875,0.260580837726593,3.076097011566162
17626.424413662404,373,24502272,24444928,2047.9965081592331,1092.264804351591,368,100,15.429999923706054,12.065036346814889,45.0,0.0,10.980000019073486,10.18624563441469,52.0,0.0,-0.0005227174575945052,0.20529844953368107,0.0032209929219485884,2.3673753837744393,0.011727445327172365,0.12509663899739584,0.8496933362136284,0.025726049944447972,0.0431060791015625,0.2821386083960533,3.0773186683654785
17708.568968523294,375,24576000,24576000,897.5397106339773,1595.6261522381817,371,100,14.600000095367431,11.537764056061064,46.0,0.0,14.13999981880188,11.92813478716052,47.0,0.0,-0.0003750411439492988,0.1952734166601052,0.0031380313982178145,2.3794803569714227,0.01019208824679178,0.11251322428385417,0.8556741885840893,0.024456161695222058,0.0441741943359375,0.290742464363575,3.0805459022521973
17768.56972533837,376,24690944,24641536,1915.7091693736604,1092.2528894424433,373,100,15.260000038146973,12.452003810688911,45.0,0.0,12.359999942779542,10.725222786848223,45.0,0.0,-0.0012717758945655078,0.20874139169851938,0.0032056526179076172,2.3746229534347854,0.009491606542117855,0.10672505696614583,0.8504292623450358,0.024796083084462833,0.0446319580078125,0.26545073091983795,3.082364320755005
17851.839352507144,378,24772608,24772608,980.7177331835503,1574.067333510902,373,100,15.260000038146973,12.452003810688911,45.0,0.0,12.359999942779542,10.725222786848223,45.0,0.0,-0.0018848525432986207,0.2038061865605414,0.003120537869108375,2.394383574525515,0.009023122142025386,0.10152180989583333,0.8552781411757072,0.022880186928280942,0.0414276123046875,0.25311821326613426,3.0850532054901123
17911.83936322294,379,24890112,24838144,1958.3996502364307,1092.2664715915605,376,100,15.239999961853027,11.687703266166432,45.0,0.0,13.250000095367431,10.708291285304625,42.0,0.0,-0.0008331670590753977,0.21234274934977296,0.003157656724700549,2.391975457469622,0.009628358989478633,0.09988911946614583,0.8598948307335377,0.022954836022108793,0.042724609375,0.2610148414969444,3.0865707397460938
17993.406171327457,381,24969216,24969216,969.8062464163196,1606.9281494017982,376,100,15.239999961853027,11.687703266166432,45.0,0.0,13.250000095367431,10.708291285304625,42.0,0.0,-0.0008327307150466369,0.21092873097707826,0.003213957604505898,2.380323338011901,0.008802785042765512,0.100311279296875,0.8578537882616122,0.023363741774422426,0.04449462890625,0.26404261216521263,3.0901589393615723
18053.406332286075,382,25090816,25034752,2026.6612298568239,1092.2637365123094,378,100,12.799999713897705,10.245974670913357,44.0,0.0,13.350000190734864,12.030273932251832,43.0,0.0,-0.0006351871197693981,0.1894149553651611,0.0030680390676328293,2.388334281742573,0.00918216553327511,0.09814961751302083,0.8537999913096428,0.02233366848668084,0.041900634765625,0.24714595824480057,3.0916783809661865
18134.691968861967,384,25165824,25165824,922.7706537054497,1612.4866030620828,381,100,14.469999980926513,11.734952012846003,45.0,0.0,11.299999952316284,11.337107143037434,47.0,0.0,0.0006524553731045065,0.20620947587303817,0.0031449948655790654,2.3837616046269736,0.008543168696633073,0.09710184733072917,0.8672812357544898,0.023023858200758692,0.047027587890625,0.27024513483047485,3.096435546875
18194.692286666483,385,25289472,25231360,2060.789084532062,1092.2608812426665,381,100,14.469999980926513,11.734952012846003,45.0,0.0,11.299999952316284,11.337107143037434,47.0,0.0,-0.0004134355185669846,0.21055278321728108,0.0030893864313839003,2.4007208645343785,0.00923725566038532,0.10093180338541667,0.8525821045041084,0.021725878313494224,0.04278564453125,0.2701241485774517,3.097663402557373
18276.168869320303,387,25362432,25362432,895.4720193652947,1608.7076277720382,383,100,14.330000019073486,13.016185977614338,57.0,0.0,13.379999828338622,12.480208196206474,48.0,0.0,-0.0003780934712267481,0.21616078757991394,0.003257426440541167,2.370135381817818,0.009985591379518155,0.11040751139322916,0.8299106533328692,0.025446415995247662,0.044586181640625,0.2638154439628124,3.1011688709259033
18336.169291811064,388,25481984,25427968,1992.5193029834002,1092.2589755112429,383,100,14.330000019073486,13.016185977614338,57.0,0.0,13.379999828338622,12.480208196206474,48.0,0.0,-0.0004760190834834551,0.19672085329269368,0.0031399436144662713,2.383705385029316,0.009901041965955907,0.11426289876302083,0.869572668025891,0.02307883919759964,0.0423583984375,0.25760889798402786,3.102694034576416
18419.283679982647,390,25559040,25559040,927.1078292837057,1577.0073375191273,386,100,13.869999885559082,11.73256564822964,47.0,0.0,12.680000066757202,10.512735159909163,47.0,0.0,-0.0007747015163962108,0.2083377668944498,0.0031837839026896595,2.357852461437384,0.00950875833890071,0.10994974772135417,0.8349148879448574,0.024186428306469072,0.0442352294921875,0.2522123008966446,3.107011556625366
18479.2838477809,391,25675776,25624576,1945.5945588772672,1092.2636120012728,388,100,13.33000020980835,11.685935895431928,45.0,0.0,11.310000085830689,11.057753019257529,49.0,0.0,0.00040955715909755475,0.19609788269735873,0.0031442418476217426,2.3673722644646964,0.0089764845991643,0.10426839192708334,0.8411540699501833,0.023464854205182444,0.0432586669921875,0.24812214821577072,3.1088197231292725
18562.4070695024,393,25755648,25755648,960.8867214941066,1576.839748092893,388,100,13.33000020980835,11.685935895431928,45.0,0.0,11.310000085830689,11.057753019257529,49.0,0.0,-0.0016338516482695313,0.20687882384906212,0.0031456961005460475,2.384426862001419,0.009002355340877937,0.1076202392578125,0.8180088481555382,0.023510552593506873,0.039215087890625,0.23683011904358864,3.1111369132995605
18622.407098622993,394,25875456,25821184,1996.7990308670933,1092.2661365426834,390,100,14.989999866485595,13.324785169793147,49.0,0.0,12.930000114440919,12.065865149389554,50.0,0.0,-0.00035953646632454667,0.2060089015091459,0.0031420672263872498,2.3892459869384766,0.010404646789538674,0.10718790690104166,0.8288902888695399,0.022381517027194302,0.040985107421875,0.24413951113820076,3.1124818325042725
18704.566400198266,396,25952256,25952256,934.7693873667712,1595.3397544392894,393,100,13.829999828338623,11.662808406432461,56.0,0.0,12.569999885559081,11.172515344454945,45.0,0.0,-0.001544780830348221,0.19046052630680302,0.003017115770489909,2.3816808462142944,0.009329181112965065,0.10496012369791667,0.8389800774554412,0.02389010697758446,0.0427093505859375,0.26652248203754425,3.116105318069458
18764.566438667476,397,26070528,26017792,1971.1987361590222,1092.2659663565146,393,100,13.829999828338623,11.662808406432461,56.0,0.0,12.569999885559081,11.172515344454945,45.0,0.0,0.00033698032348183915,0.17729087981084982,0.0029940785122259212,2.3776456490159035,0.01052391909919,0.10149129231770833,0.8482273705303669,0.023796905239578336,0.045013427734375,0.28281255066394806,3.1186256408691406
18845.959123078734,399,26148864,26148864,962.4452193293832,1610.3658571785759,395,100,14.160000038146972,11.842060549258147,44.0,0.0,12.089999961853028,11.313792510557155,48.0,0.0,-0.002224396618354755,0.19740611811478934,0.002962174320903917,2.3728638465205827,0.01008747056281815,0.10462951660156249,0.8249120488762856,0.02252701299342637,0.0449676513671875,0.2774830386042595,3.122086524963379
18905.959181603044,400,26276352,26214400,2124.7979274611025,1092.265601265145,397,100,15.600000190734864,13.49666637725182,60.0,1.0,12.55,11.021229524447197,41.0,0.0,-0.001033758460835088,0.21780464022109905,0.003095827468011218,2.367554878195127,0.010425080836284906,0.115386962890625,0.8199101487795513,0.023801913349113118,0.0448455810546875,0.259733110666275,3.1234800815582275
18986.71254681796,402,26345472,26345472,855.9395613550784,1623.1150200511115,397,100,15.600000190734864,13.49666637725182,60.0,1.0,12.55,11.021229524447197,41.0,0.0,-9.149378456640989e-05,0.2058304517995566,0.0030781939130974934,2.370809073249499,0.010675962737271524,0.11507161458333333,0.8364903920640547,0.024704007121423878,0.044097900390625,0.27275238558650017,3.126411199569702
19046.713006718084,403,26465024,26411008,1992.5180606782185,1092.258294504548,400,100,14.419999885559083,11.147358278227223,46.0,0.0,12.739999866485595,11.225524320650262,51.0,0.0,0.0004026751097020072,0.2126432933534185,0.0030751841307695336,2.369255038599173,0.010605468451103663,0.1162567138671875,0.833556870619456,0.024311274697538465,0.044403076171875,0.2545372061431408,3.1282713413238525
19128.008856235072,405,26542080,26542080,947.8466669309873,1612.2840314573605,402,100,14.530000019073487,12.389878910807855,59.0,0.0,12.460000038146973,11.334390331503169,44.0,0.0,-0.0009987078544024066,0.20264437779163322,0.0030149882344024563,2.3824396903316183,0.010308738443806458,0.10782368977864583,0.837302799647053,0.023689744625395786,0.0452728271484375,0.2778092920780182,3.1320388317108154
19188.009222893044,406,26659328,26607616,1954.1213917635466,1092.2599919027684,402,100,14.530000019073487,12.389878910807855,59.0,0.0,12.460000038146973,11.334390331503169,44.0,0.0,-0.0007608373489347287,0.22466737249245247,0.002998445343109779,2.3852392087380094,0.009343042972735324,0.10828145345052084,0.8403317077706258,0.023617025348357856,0.0443267822265625,0.24872317910194397,3.1338489055633545
19269.660272780806,408,26738688,26738688,971.9409622912286,1605.2702344939,404,100,13.369999980926513,12.112518250357335,51.0,0.0,11.860000038146973,11.428053206731496,46.0,0.0,-0.0010885818725607048,0.19720194620701176,0.0030243676107299207,2.3817663614948588,0.009236262863244821,0.10233561197916666,0.8545025636752447,0.023871492807908606,0.0415802001953125,0.2610824629664421,3.1357734203338623
19329.66041742824,409,26861056,26804224,2039.4617499515068,1092.2640334468322,407,100,15.320000267028808,12.331974772091543,56.0,0.0,12.119999933242799,11.2758854898221,48.0,0.0,-0.0005962846601808754,0.20455390432228646,0.0031225279599311766,2.3645144427816076,0.009389916009240551,0.10982259114583333,0.8464386531462271,0.026088159900003422,0.0448150634765625,0.2671700343489647,3.137805700302124
19411.137760432437,411,26935296,26935296,911.1735515991962,1608.6926152372016,407,100,15.320000267028808,12.331974772091543,56.0,0.0,12.119999933242799,11.2758854898221,48.0,0.0,-0.001165114139439538,0.19941191608086228,0.0030697610054630786,2.369387860099475,0.010896137109739358,0.11610921223958333,0.8526067584753035,0.024105269520077854,0.043670654296875,0.262560848146677,3.1422414779663086
19471.13792805001,412,27051776,27000832,1941.3279099887457,1092.2636152903713,409,100,15.290000247955323,12.29820736662977,52.0,0.0,11.089999961853028,10.345138917964258,50.0,0.0,0.0013025947603940342,0.20641082944348457,0.003119276179252968,2.361403663953145,0.00970984421595252,0.10595703125,0.8409578315913677,0.025337835114138823,0.04461669921875,0.26421552151441574,3.143779754638672
19555.749217418954,414,27131904,27131904,947.0131066152028,1549.1077015558587,411,100,15.820000076293946,13.199530350977419,58.0,0.0,11.580000019073486,9.9751490637458,49.0,0.0,0.001251660355289156,0.1839386562351137,0.002910041551028068,2.3852394372224808,0.010686322322120153,0.12018839518229167,0.8558095370729765,0.02325104078045115,0.0432281494140625,0.2773077264428139,3.146794080734253
19615.749713771045,415,27251200,27197440,1988.250218797427,1092.2576309273418,411,100,15.820000076293946,13.199530350977419,58.0,0.0,11.580000019073486,9.9751490637458,49.0,0.0,3.137361879150069e-05,0.19437423084552088,0.0030264757976207575,2.368369735777378,0.009260913402613369,0.10192362467447917,0.8526017510642608,0.02517296193400398,0.045074462890625,0.2797909304499626,3.1490437984466553
19697.6246012263,417,27328512,27328512,944.2700002763553,1600.8815898724963,413,100,14.669999885559083,11.319942790905083,43.0,0.0,12.180000019073486,11.389802233370412,47.0,0.0,-0.001408434567565564,0.20768489766245088,0.002965649832428123,2.378223600486914,0.009098005697524059,0.1121673583984375,0.8413363347450893,0.02293459677215045,0.0430450439453125,0.2711065486073494,3.151756525039673
19757.624701445922,418,27448320,27394048,1996.7966646965424,1092.2648422271684,413,100,14.669999885559083,11.319942790905083,43.0,0.0,12.180000019073486,11.389802233370412,47.0,0.0,-0.0008735275744887379,0.2066536668377618,0.002971429591222356,2.365271473924319,0.009851494483276232,0.10354105631510417,0.8461363166570663,0.02454553589147205,0.0438385009765625,0.2689453884959221,3.153329610824585
19839.319968886673,420,27525120,27525120,940.0789348746371,1604.4013821860472,415,100,15.030000114440918,12.416485064507889,46.0,0.0,13.269999885559082,12.200700693249907,48.0,0.0,-0.0003979453516270345,0.19842669771363336,0.0029575845716559948,2.3866413484017053,0.008465419274216401,0.10018412272135417,0.849321293955048,0.02344873813369001,0.0435943603515625,0.26729029044508934,3.156505823135376
19899.320359174162,421,27642112,27590656,1949.8539832730924,1092.2595617459774,418,100,18.220000076293946,13.66204979017527,58.0,0.0,12.419999885559083,10.466307544935454,43.0,0.0,-0.0015814320504432542,0.1995366377135118,0.003060058363189455,2.3774565185109777,0.009380751117835947,0.0987701416015625,0.8509739463527998,0.02318161898680652,0.0455474853515625,0.27844972163438797,3.15844988822937
19981.282352006063,423,27721728,27721728,971.3770645290164,1599.1802477133647,418,100,18.220000076293946,13.66204979017527,58.0,0.0,12.419999885559083,10.466307544935454,43.0,0.0,-0.001275237164615343,0.1976713181938976,0.003015942854593353,2.3758415977160134,0.008879737276098846,0.09638468424479166,0.863580105205377,0.024161285643155374,0.0449371337890625,0.2767995744943619,3.162841320037842
20041.282808311284,424,27840512,27787264,1979.7182774035743,1092.2583599467996,421,100,15.55000023841858,12.994133189617221,55.0,0.0,13.109999942779542,10.820254173401043,50.0,0.0,0.0006916645167317862,0.19540530544084808,0.0029691163532940363,2.376793240507444,0.009351310069784327,0.10254414876302083,0.8564425855875015,0.024119086641197402,0.0424957275390625,0.2639693506062031,3.1638782024383545
20122.70445128344,426,27918336,27918336,955.8146600727931,1609.7931117015464,421,100,15.55000023841858,12.994133189617221,55.0,0.0,13.109999942779542,10.820254173401043,50.0,0.0,-0.0006865206135747334,0.20624522352591157,0.003022488521916481,2.3731463352839155,0.00970614450488938,0.102752685546875,0.8567366873224577,0.02473473158897832,0.04302978515625,0.26904380321502686,3.166997194290161
20182.704519458115,427,28037632,27983872,1988.264407512,1092.2654255859914,423,100,16.400000190734865,12.694880999149468,48.0,0.0,11.620000076293945,10.16344421653623,45.0,0.0,-0.0004399491396422187,0.1988897166835765,0.0030356419883901253,2.3766976892948146,0.00909277001786298,0.10163370768229166,0.8529421035200359,0.02468002081150189,0.044952392578125,0.29120736569166183,3.1685731410980225
20265.412809960544,429,28114944,28114944,934.7551440170254,1584.7504428368113,423,100,16.400000190734865,12.694880999149468,48.0,0.0,11.620000076293945,10.16344421653623,45.0,0.0,-0.0005196292768232524,0.2006274740366886,0.002992654779518489,2.3795456265409785,0.010387898842357876,0.107574462890625,0.8584045947839817,0.023620736009130876,0.0466766357421875,0.2911318652331829,3.172462224960327
20325.412871751934,430,28236544,28180480,2026.66457949297,1092.2655417898955,426,100,16.930000209808348,12.582730348653259,54.0,1.0,14.360000038146973,12.632909279530326,52.0,0.0,-0.0017998058513815827,0.1970777981138478,0.0028766137183993123,2.3788766438762345,0.0097897934338107,0.10558064778645834,0.8509836364537477,0.023406142136082053,0.04412841796875,0.2714002951979637,3.1739590167999268
20408.183552948758,432,28311552,28311552,906.2146029901031,1583.5558932796341,429,100,16.580000019073488,12.467702086178829,49.0,0.0,14.449999952316285,12.264073510564971,50.0,0.0,-0.0008726116514784129,0.20803991332650182,0.002892030926886946,2.3795888125896454,0.010093389733810909,0.11036682128906251,0.8390777843693892,0.022460785675017785,0.0420684814453125,0.26730161905288696,3.1764233112335205
20468.183663206175,433,28428288,28377088,1945.5964247260627,1092.2646594953335,429,100,16.580000019073488,12.467702086178829,49.0,0.0,14.449999952316285,12.264073510564971,50.0,0.0,0.0002163752166476722,0.20480939784708121,0.0029331621505358876,2.3724994013706846,0.010600519628496839,0.11409505208333334,0.8598513100296259,0.023217503679916263,0.0464019775390625,0.3020424395799637,3.1784005165100098
20550.55322838947,435,28508160,28508160,969.6785435525977,1591.2673535222116,431,100,16.17999973297119,13.339700358920338,47.0,0.0,12.839999866485595,11.075847224172577,50.0,0.0,-0.0005127233234816231,0.20927362881290415,0.002795640386466403,2.390736818313599,0.010096056204323153,0.10934956868489583,0.8528971678266922,0.022626277233939614,0.043853759765625,0.2803500108420849,3.181110382080078
20610.553501823917,436,28625664,28573696,1958.3910751403794,1092.2616889671833,431,100,16.17999973297119,13.339700358920338,47.0,0.0,12.839999866485595,11.075847224172577,50.0,0.0,-0.0001651350248721428,0.23649698883915943,0.0028376135402747122,2.3825477610031762,0.00965662649347602,0.10695902506510417,0.8180056264003118,0.023495706904213876,0.0418853759765625,0.2641611620783806,3.181835412979126
20693.04432286136,438,28704768,28704768,958.9430557867249,1588.9282995559972,434,100,15.929999828338623,12.63903094723366,44.0,0.0,14.86999979019165,13.093245999673897,54.0,0.0,-0.00014562680735252798,0.20787380418429774,0.002817262924509123,2.379735646148523,0.01028551969648106,0.1064910888671875,0.8431492348512014,0.023464505832331874,0.0431976318359375,0.2674376741051674,3.184394121170044
20753.04467371106,439,28825600,28770304,2013.8548906601636,1092.2602796800888,436,100,15.679999923706054,12.263670003566574,44.0,0.0,14.769999933242797,13.167273777412378,56.0,0.0,-0.002015799281556004,0.22243361299236614,0.0028928768976281085,2.3616542915503183,0.008992940145011138,0.09996541341145833,0.826182845979929,0.022192226936264586,0.0442657470703125,0.2599456086754799,3.1861629486083984
20834.71785093099,441,28901376,28901376,927.7954229202135,1604.8353261322611,436,100,15.679999923706054,12.263670003566574,44.0,0.0,14.769999933242797,13.167273777412378,56.0,0.0,-0.0013101477597956546,0.20361664503191906,0.0028993382705569575,2.3740344320734343,0.010489720246672126,0.11014302571614583,0.8510137870907784,0.022861395283446957,0.0429840087890625,0.27410778403282166,3.1879160404205322
20894.718257376924,442,29021696,28966912,2005.319749098981,1092.2592675943386,438,100,15.59000015258789,11.852506277443064,45.0,0.0,10.560000133514404,8.913271017010747,40.0,0.0,-0.001638150672079064,0.19654129546446103,0.002911046879792896,2.368147117396196,0.010043723164320301,0.10309855143229167,0.8525868412107228,0.023335127159953117,0.0437469482421875,0.27560585737228394,3.1892249584198
20976.253660378978,444,29097984,29097984,935.6426434548764,1607.5470921103918,441,100,17.469999980926513,11.266281554111407,45.0,0.0,12.980000114440918,11.40085956195962,46.0,0.0,-0.0018643032114293114,0.18477338769783577,0.0029392943858207823,2.374566319088141,0.00953000189535184,0.09855651855468751,0.8483098167926072,0.022847575523580115,0.042572021484375,0.2784261927008629,3.1913044452667236
21036.25387810357,445,29213440,29163520,1924.2596840224394,1092.2627031258194,441,100,17.469999980926513,11.266281554111407,45.0,0.0,12.980000114440918,11.40085956195962,46.0,0.0,-0.001526149210500686,0.20098162434684733,0.002914956654421985,2.351898434261481,0.008762778184973286,0.10038248697916666,0.8482178281992673,0.0238115795267125,0.0455169677734375,0.2822297215461731,3.1928136348724365
21118.673403302208,447,29294592,29294592,984.6210567752776,1590.3027793972938,443,100,15.780000019073487,12.002149987855406,49.0,0.0,13.319999980926514,12.089565708818185,51.0,0.0,-0.000572604481324864,0.20798185630701482,0.002939634728439463,2.3312563374638557,0.009919959289618419,0.11106363932291667,0.8420146058003108,0.024520311621017754,0.04559326171875,0.28841765224933624,3.1963279247283936
21178.673591442406,448,29415680,29360128,2018.1270051530746,1092.2632416896133,443,100,15.780000019073487,12.002149987855406,49.0,0.0,13.319999980926514,12.089565708818185,51.0,0.0,-0.00033919981554693856,0.1949840352560083,0.0028847933378225816,2.345887705683708,0.009804393728700232,0.1083221435546875,0.8492898630599182,0.024323881002298244,0.0434722900390625,0.2599308602511883,3.197948694229126
21262.14124453813,450,29491200,29491200,904.7816393422769,1570.3328791296467,446,100,18.169999885559083,12.634915957807666,46.0,0.0,12.629999923706055,10.739324814108246,45.0,0.0,0.0009589624023647046,0.19470632642817995,0.002969125295445944,2.342621418337027,0.009065380171402165,0.103424072265625,0.8430598781754574,0.024949677657180775,0.0435333251953125,0.2801315039396286,3.200239896774292
21322.14158885926,451,29605120,29556736,1898.655770878271,1092.2603985277244,446,100,18.169999885559083,12.634915957807666,46.0,0.0,12.629999923706055,10.739324814108246,45.0,0.0,3.110675121812778e-05,0.195702405879274,0.0029051235687802546,2.3345186909039812,0.009641300804408578,0.10646565755208333,0.8451216705143452,0.025533036309449624,0.0446319580078125,0.2870691418647766,3.202185869216919
21404.839066794142,453,29687808,29687808,999.8853902788969,1584.957646510202,448,100,19.090000247955324,13.93276360103659,62.0,0.0,14.869999885559082,11.654745737103786,48.0,0.0,-0.00037403662766640383,0.1941045407826702,0.0029666431291843764,2.3391155327359834,0.010132253660534236,0.10845438639322916,0.8370365090668201,0.024963283969555054,0.0455474853515625,0.29390624910593033,3.2049062252044678
21464.839408762753,454,29808128,29753344,2005.3219040475683,1092.2604413535691,448,100,19.090000247955324,13.93276360103659,62.0,0.0,14.869999885559082,11.654745737103786,48.0,0.0,-0.0014035615507358066,0.20212542506245273,0.00289673097722698,2.349187376598517,0.008929792630927597,0.1024169921875,0.8409204886605341,0.024821438865425687,0.0453338623046875,0.302040696144104,3.20672869682312
21546.026229770854,456,29884416,29884416,939.6598986476846,1614.4492218376326,451,100,16.570000171661377,12.874979458889761,46.0,0.0,16.589999961853028,13.61770523146592,62.0,1.0,-0.00033718407212290913,0.1985756155724327,0.0029233859847105728,2.3481048867106438,0.010254984198885117,0.11075846354166667,0.8543584464738766,0.024040441494435072,0.04583740234375,0.2954501137137413,3.209536075592041
21606.026609499007,457,29999616,29949952,1919.9878487759956,1092.259753970344,454,100,15.55999984741211,12.45979152258539,46.0,0.0,13.919999980926514,11.859746948923116,44.0,0.0,0.0026122212220798247,0.21584921314691505,0.003000685787507488,2.332247359057267,0.010913087774800564,0.11649576822916667,0.8377243739863236,0.02559559262590483,0.0476226806640625,0.3007194474339485,3.2109224796295166
21689.514690838754,459,30081024,30081024,975.0852899435786,1569.948642928026,454,100,15.55999984741211,12.45979152258539,46.0,0.0,13.919999980926514,11.859746948923116,44.0,0.0,-0.00012515936638616645,0.19963944610208273,0.0029491443347069435,2.351874865591526,0.010806441135476538,0.11394755045572917,0.8639076376954714,0.025169243318183966,0.044769287109375,0.2792212590575218,3.213407039642334
21749.515071269125,460,30198528,30146560,1958.3875828314358,1092.2597411870318,457,100,13.919999885559083,10.78395086069353,44.0,0.0,13.05,10.593748275293693,47.0,0.0,-0.0004032264017344763,0.21034557543074092,0.002957486807038852,2.352357752621174,0.009755912598241897,0.10823567708333334,0.8455083332955837,0.0242472406437931,0.0451812744140625,0.275166817009449,3.2144765853881836
21831.467533290386,462,30277632,30277632,965.2425082662867,1599.3662272891222,457,100,13.919999885559083,10.78395086069353,44.0,0.0,13.05,10.593748275293693,47.0,0.0,-4.9443697207607275e-05,0.20613661346336207,0.0029464575830691806,2.3515169396996503,0.010624318717115482,0.11428324381510417,0.84734670445323,0.02629943300659458,0.0459747314453125,0.2962277717888355,3.2172489166259766
21891.467936219648,463,30402560,30343168,2082.119350886466,1092.2593316125722,459,100,16.880000019073485,12.330677081334075,45.0,0.0,13.539999866485596,11.523385042665446,44.0,0.0,-0.0005282314450596459,0.20269279414787889,0.0029172664071666077,2.359150816996892,0.009989920203224756,0.10308329264322917,0.8533630309005578,0.024230289234158892,0.04522705078125,0.28070978820323944,3.2187376022338867
21972.745948202908,465,30474240,30474240,881.9113343318824,1612.6378684925849,462,100,14.389999961853027,11.982399690208151,60.0,0.0,15.209999990463256,13.505032344951966,60.0,0.0,0.00020021469147953516,0.19903135322965682,0.0030118794117394527,2.349596527715524,0.01125119542060323,0.11848958333333334,0.8587427511811255,0.02690612922500198,0.0436553955078125,0.27261267602443695,3.221442937850952
22032.746650915593,466,30590464,30539776,1937.0439802437322,1092.253874322457,462,100,14.389999961853027,11.982399690208151,60.0,0.0,15.209999990463256,13.505032344951966,60.0,0.0,-0.0011291675861381616,0.2168834007655581,0.0029722244192574485,2.3533259058992066,0.00986221295291519,0.11017354329427083,0.840483671054244,0.026063135165410735,0.042694091796875,0.2552800253033638,3.2222812175750732
22114.73159999959,468,30670848,30670848,980.4726464810202,1598.732468147396,464,100,15.85,12.202766285333094,49.0,0.0,12.78000020980835,11.281471928346576,43.0,0.0,-0.001290291824261658,0.20816356828436255,0.0030508720713745183,2.3456790695587793,0.010854674785150564,0.10790506998697916,0.8358040718982618,0.0252408377515773,0.044952392578125,0.2841965891420841,3.225189208984375
22174.73195209913,469,30787072,30736384,1937.055299395405,1092.2602569278054,464,100,15.85,12.202766285333094,49.0,0.0,12.78000020980835,11.281471928346576,43.0,0.0,-0.0016762893428676764,0.21152001929779846,0.002975936389702838,2.368014559149742,0.009992969986948689,0.10934956868489583,0.8612507246434687,0.023419219651259485,0.0456390380859375,0.2782462425529957,3.2265677452087402
22257.87938584201,471,30867456,30867456,966.7646538385507,1576.3805820552163,466,100,16.310000228881837,12.335067857164926,47.0,0.0,14.189999961853028,11.909403815404959,48.0,0.0,-0.0007937966098931308,0.21497263216103119,0.0029452301775260517,2.3968294287721315,0.010170172616805454,0.11551411946614583,0.8514001015573741,0.021855306326566883,0.043121337890625,0.27336161583662033,3.228688955307007
22317.879638511688,472,30982144,30932992,1911.4586172061388,1092.2620669749365,469,100,15.919999742507935,13.048126142842616,60.0,0.0,14.720000076293946,12.588153025403376,54.0,0.0,-0.0008655018148904977,0.2179999303383132,0.0028228487499291077,2.3889210472504296,0.01021154146110348,0.10723368326822916,0.8557713100065788,0.022444715354746826,0.0433807373046875,0.25219495221972466,3.229525327682495
22399.641582114622,474,31064064,31064064,1001.9331291564337,1603.093006650294,469,100,15.919999742507935,13.048126142842616,60.0,0.0,14.720000076293946,12.588153025403376,54.0,0.0,-0.0011931139645942799,0.1908093161570529,0.0028342703953967434,2.3931944246093435,0.009284635689255083,0.11162312825520833,0.8662780299782753,0.02262264263117686,0.04180908203125,0.26209166646003723,3.2313578128814697
22459.641757315025,475,31180032,31129600,1932.7943562275063,1092.2634772499816,472,100,15.479999923706055,12.342187744975009,44.0,0.0,13.390000104904175,11.558455798600338,52.0,0.0,-0.0006688554519011329,0.19403972337022424,0.002884760045465858,2.375804265340169,0.009269209456761018,0.1004180908203125,0.8786741234362125,0.023773219009550907,0.0437469482421875,0.2754446193575859,3.2327969074249268
22541.430240690708,477,31260672,31260672,985.9578839430482,1602.572814536002,474,100,17.050000190734863,13.206343239828039,48.0,0.0,13.819999980926514,10.977595290748202,45.0,0.0,-0.0010348127034376375,0.19914855062961578,0.002891883688183346,2.377788757284482,0.01093017821100754,0.10746256510416667,0.8436224050819874,0.02306667170099293,0.0419464111328125,0.2593142241239548,3.2340030670166016
22601.430537926033,478,31380992,31326208,2005.323399117463,1092.2612556895117,474,100,17.050000190734863,13.206343239828039,48.0,0.0,13.819999980926514,10.977595290748202,45.0,0.0,-0.0012184983376452387,0.19624434225261214,0.002913865748269018,2.372686525185903,0.009325237142547849,0.10072835286458334,0.8495266561706861,0.023730958501497906,0.0460662841796875,0.2740050107240677,3.236025810241699
22683.128243688494,480,31457280,31457280,933.7838717504534,1604.353497772591,476,100,16.009999752044678,12.186463910916435,44.0,0.0,14.010000133514405,12.139600616381179,46.0,0.0,0.00017383639593996736,0.2141575845889747,0.00281203430252693,2.3853719582160315,0.009643262055154386,0.11236572265625,0.8560851905494928,0.022740338482738782,0.0438690185546875,0.27628014236688614,3.2380881309509277
22743.12856738828,481,31573504,31522816,1937.056216255248,1092.2607739236641,476,100,16.009999752044678,12.186463910916435,44.0,0.0,14.010000133514405,12.139600616381179,46.0,0.0,-0.0018841022586760423,0.18856772896833718,0.0028071691461567148,2.388286342223485,0.009721458591836077,0.103515625,0.8547775397698084,0.022932355757802725,0.0430145263671875,0.263076763600111,3.2391276359558105
22826.484346041456,483,31653888,31653888,964.3482587387305,1572.4404728478662,479,100,16.629999828338622,13.076432799345552,60.0,0.0,13.410000085830688,10.825982331748666,42.0,0.0,-0.0010257552445788556,0.1780794053338468,0.0027976523245645995,2.3815861890713377,0.00869034648227777,0.09092203776041667,0.8425773798177639,0.022087805594007172,0.04425048828125,0.2929031774401665,3.2406389713287354
22886.48461633548,484,31771136,31719424,1954.1245301969054,1092.2617461362615,481,100,15.819999885559081,12.372049167183373,47.0,1.0,14.209999942779541,12.724224930090651,47.0,0.0,-0.001581130137007373,0.19349802122451365,0.002747451939891713,2.3971943904956183,0.01007912190289062,0.09940083821614583,0.8335189993182819,0.022411039137902357,0.042449951171875,0.265622079372406,3.2412686347961426
22969.068624537438,486,31850496,31850496,960.9608655216573,1587.1353649906082,481,100,15.819999885559081,12.372049167183373,47.0,1.0,14.209999942779541,12.724224930090651,47.0,0.0,-0.002009207940621612,0.1782125992855678,0.002813857492583338,2.3836922148863473,0.008556647875593626,0.0931396484375,0.8570426162332296,0.022706042878174532,0.045654296875,0.3039904311299324,3.2433724403381348
23029.068909605965,487,31971072,31916032,2009.59045215017,1092.2614771771625,484,100,15.24000005722046,12.240196007401696,45.0,0.0,13.62000002861023,11.60239613706196,44.0,0.0,-0.0001586089589788268,0.18697969483522078,0.002705871190604133,2.394783760110537,0.010227964132961159,0.11607869466145833,0.833029563849171,0.023565672415619097,0.0446014404296875,0.2845420092344284,3.2446045875549316
23110.69999570027,489,32047104,32047104,931.4098787337396,1605.66282125143,484,100,15.24000005722046,12.240196007401696,45.0,0.0,13.62000002861023,11.60239613706196,44.0,0.0,3.8312949376025475e-05,0.18459615212244293,0.002702724093978759,2.385625009735425,0.009579834004398435,0.10452779134114584,0.8367652924110492,0.02450282871723175,0.047088623046875,0.31929101049900055,3.2477824687957764
23170.700131306425,490,32166400,32112640,1988.2621729901998,1092.2641980375347,486,100,17.86999979019165,13.062660451441598,48.0,1.0,16.000000095367433,12.671227205092432,51.0,0.0,-0.0011901387285130718,0.1978330483349661,0.002811684974100596,2.3833076606194177,0.008947905970368689,0.10264078776041666,0.8352698789288601,0.0240366556099616,0.0462799072265625,0.2894767224788666,3.249145746231079
23252.761788031086,492,32243712,32243712,942.1208769815855,1597.2380430946087,486,100,17.86999979019165,13.062660451441598,48.0,1.0,16.000000095367433,12.671227205092432,51.0,0.0,-0.00018388802709523588,0.19201447682765624,0.002759045135462656,2.3766642486055694,0.01053608552562461,0.105743408203125,0.8415643318245808,0.025584778845465433,0.046661376953125,0.3018171489238739,3.252154588699341
23312.76180981472,493,32359680,32309248,1932.7992982767587,1092.266270107837,489,100,17.5,12.788666747809028,51.0,0.0,16.409999942779542,11.881999111652632,45.0,0.0,0.0013792916627911231,0.1985336234793067,0.0028577183863186897,2.3704932928085327,0.009704364508555347,0.10312398274739583,0.8348235599696637,0.026513805826349806,0.0486907958984375,0.32654157280921936,3.254187822341919
23395.468872746453,495,32440320,32440320,975.007419457785,1584.7739643250345,492,100,18.549999904632568,13.416687197523068,46.0,0.0,14.429999923706054,11.754365260012511,49.0,0.0,-0.0011935104727551031,0.19073198246769607,0.0028840335483740396,2.384055095414321,0.009707594425587255,0.1030120849609375,0.8536280480523905,0.024711453860315185,0.044525146484375,0.2950974106788635,3.2561213970184326
23455.46893665567,496,32562944,32505856,2043.731156445676,1092.2655032361024,492,100,18.549999904632568,13.416687197523068,46.0,0.0,14.429999923706054,11.754365260012511,49.0,0.0,-0.0006197468489214467,0.18800762194829684,0.002802429827473437,2.382480723162492,0.008311280474420831,0.08922831217447917,0.8650923985987902,0.02452373632695526,0.0456695556640625,0.3148089051246643,3.2572712898254395
23537.156778723,498,32636928,32636928,905.6916932512283,1604.5472212616917,494,100,18.839999961853028,13.5208874735666,53.0,0.0,13.460000228881835,12.254321862746151,45.0,0.0,-0.001123861273905883,0.19101935112848875,0.0027927729145934186,2.391975539426009,0.009081618262522777,0.10634358723958333,0.8559953334430853,0.025177009752951562,0.0451202392578125,0.29397081583738327,3.2598352432250977
23597.15699633397,499,32755968,32702464,1983.992804356685,1092.262705194218,494,100,18.839999961853028,13.5208874735666,53.0,0.0,13.460000228881835,12.254321862746151,45.0,0.0,-0.00047808738357465097,0.21120961910734573,0.002760866361010509,2.3972632934649787,0.009623586701006086,0.10133870442708333,0.8409359318514665,0.02489936260584121,0.0451507568359375,0.2832980751991272,3.261237859725952
23678.299395592883,501,32833536,32833536,955.9490563311259,1615.3330588829585,497,100,18.419999885559083,13.313286731458016,47.0,0.0,13.190000057220459,10.468710427467832,48.0,0.0,-0.0014272518334716247,0.20255570160225034,0.0027622944132114453,2.3895276114344597,0.009720681233375217,0.10882568359375,0.8526153775552908,0.0240292048935468,0.043731689453125,0.28670360893011093,3.263543128967285
23738.299549499527,502,32954368,32899072,2013.8615008889358,1092.2638648889142,497,100,18.419999885559083,13.313286731458016,47.0,0.0,13.190000057220459,10.468710427467832,48.0,0.0,-0.002459326235111803,0.20803407370112836,0.0027355035320700454,2.3852239400148387,0.009648923686957762,0.1021881103515625,0.8472581406434377,0.024362080769302945,0.0465240478515625,0.2894802391529083,3.264801502227783
23820.41485644877,504,33030144,33030144,922.7999360318851,1596.1944839470443,500,100,19.14000005722046,13.635996206870097,45.0,1.0,13.260000133514405,11.565137122377806,44.0,0.0,0.0005389904763433151,0.2065556033824881,0.002783765880546222,2.3718556438883147,0.0126149779255987,0.1220855712890625,0.8580362865080436,0.024806270220627386,0.0434417724609375,0.28032293170690536,3.2669944763183594
23880.415554923937,505,33146368,33095680,1937.0441170464426,1092.2539514623113,500,100,19.14000005722046,13.635996206870097,45.0,1.0,13.260000133514405,11.565137122377806,44.0,0.0,-0.0003410544280389634,0.1978492328586678,0.0029072366717931195,2.3617041359345117,0.00944145934287614,0.11045837402343749,0.8576708535353342,0.02501480409409851,0.04705810546875,0.3113759011030197,3.2684473991394043
23962.613270463422,507,33226752,33226752,977.934720842528,1594.5941944948227,503,100,19.409999942779542,13.005456531139485,62.0,0.0,15.789999961853027,12.81974626256414,53.0,0.0,-0.0013063759348976116,0.19022074551321566,0.002799652630831891,2.376775123178959,0.009709712600548906,0.10708618164062499,0.8804392876724402,0.02532097495471438,0.0464019775390625,0.30312125384807587,3.2703723907470703
24022.6133779902,508,33347584,33292288,2013.8630575965287,1092.264709204897,503,100,19.409999942779542,13.005456531139485,62.0,0.0,15.789999961853027,12.81974626256414,53.0,0.0,0.00017287645459873602,0.2078953635257979,0.0028136165152924755,2.3751390650868416,0.009966915993572911,0.10979715983072916,0.8595020944873492,0.02449157409137115,0.0473175048828125,0.3108169585466385,3.2716751098632812
24106.168052619323,510,33423360,33423360,906.9031785037812,1568.6973898443782,505,100,16.460000133514406,11.59777568621762,45.0,0.0,15.480000114440918,12.482371338484041,48.0,0.0,0.001441678677413923,0.20924448943696916,0.002822594137493676,2.385063700377941,0.010982352611487538,0.11342366536458334,0.8588973749428988,0.023058671523661662,0.0436553955078125,0.2975872606039047,3.2734334468841553
24166.169445799664,511,33541120,33488896,1962.6210952479032,1092.2413051814417,508,100,16.50999984741211,12.593248268669052,44.0,0.0,14.180000114440919,10.918223208832112,47.0,0.0,-0.0008841809127867843,0.2027470291747401,0.0028044917465498047,2.3807181070248284,0.010201757869557088,0.1118927001953125,0.8668141594777504,0.02373664410940061,0.0424652099609375,0.27576731890439987,3.2742488384246826
24249.38565028645,513,33619968,33619968,947.5077659005599,1575.0778446139177,508,100,16.50999984741211,12.593248268669052,44.0,0.0,14.180000114440919,10.918223208832112,47.0,0.0,-0.0022970035861362703,0.1979935693865021,0.002669788186418979,2.3712148865063987,0.008395229980427152,0.09512837727864584,0.8539634849876167,0.023420910370380927,0.04412841796875,0.2905795946717262,3.2757296562194824
24309.386077828705,514,33744640,33685504,2077.8518605088566,1092.2588835529102,510,100,18.860000324249267,12.270305545214596,47.0,0.0,13.980000019073486,12.755375403832495,48.0,0.0,0.0012780318332564395,0.23464740642036,0.0027425801624000696,2.3725159615278244,0.011320857744673654,0.11141967773437499,0.8307129020492237,0.023981060755128663,0.0430145263671875,0.2812800109386444,3.275881767272949
24389.671699402854,516,33816576,33816576,896.0010346754659,1632.5712802627706,510,100,18.860000324249267,12.270305545214596,47.0,0.0,13.980000019073486,12.755375403832495,48.0,0.0,-0.0008992738900512146,0.20594411964217824,0.002788381437615802,2.3701722820599875,0.009774915281620148,0.10151163736979167,0.8503067394097646,0.021977499961697806,0.0435638427734375,0.28579479455947876,3.277306318283081
24449.67204650119,517,33940992,33882112,2073.5880043509155,1092.2603479708525,513,100,16.65999984741211,12.171458157174456,59.0,0.0,13.019999885559082,10.903192073526045,44.0,0.0,-0.0021306554554030304,0.20296705878960591,0.0027692016398456567,2.386912253995736,0.009179518804861194,0.09807840983072916,0.842567869151632,0.02171742122542734,0.0427398681640625,0.2767038345336914,3.2782797813415527
24531.58230707422,519,34013184,34013184,881.3547838202161,1600.1902458012435,516,100,17.470000076293946,12.428559620326329,46.0,0.0,15.569999885559081,13.31259153087577,49.0,0.0,-0.0017123223976038089,0.20797293291737637,0.0028087647200057595,2.37210118273894,0.00978596695252539,0.105010986328125,0.8478615252921979,0.0243591489464355,0.04656982421875,0.29939138144254684,3.280792236328125
24591.58247390762,520,34126080,34078720,1881.5947681191008,1092.2636295657364,516,100,17.470000076293946,12.428559620326329,46.0,0.0,15.569999885559081,13.31259153087577,49.0,0.0,-0.000472613670960224,0.1999550658899049,0.0027223107026657085,2.3709707682331405,0.009285525846886836,0.101593017578125,0.8604664547989765,0.024914448227112494,0.0435943603515625,0.2849193885922432,3.281602621078491
24674.94129189849,522,34209792,34209792,1004.2368884017693,1572.3831402498652,518,100,16.44999990463257,12.665208081291624,46.0,0.0,14.829999828338623,12.782061786122714,52.0,0.0,0.0002480582697899081,0.20453270990401506,0.002746455320448149,2.371821162601312,0.009307440468546703,0.10439046223958334,0.8617627651741107,0.024902342721664656,0.0477142333984375,0.3052621930837631,3.283700466156006
24734.943377086893,523,34325248,34275328,1924.1997946816946,1092.2287082893877,518,100,16.44999990463257,12.665208081291624,46.0,0.0,14.829999828338623,12.782061786122714,52.0,0.0,-0.0005316157839843071,0.20219824944312373,0.0028134505773778073,2.3670840238531428,0.00990561539644356,0.1051788330078125,0.8534189518541098,0.025197854362583406,0.04571533203125,0.30873484909534454,3.284736394882202
24817.92675910704,525,34406400,34406400,977.930737750589,1579.4969644425917,521,100,17.780000114440917,14.035369627620197,61.0,0.0,15.680000162124633,13.375260674376177,50.0,0.0,-0.0027007468136919974,0.20277967754130563,0.002752936573718519,2.3789787193139396,0.010122468907259949,0.10843404134114584,0.8416524225225052,0.02429087271836276,0.0464935302734375,0.30803121626377106,3.2866554260253906
24877.927006332204,526,34527744,34471936,2022.3916668980953,1092.2621660884226,521,100,17.780000114440917,14.035369627620197,61.0,0.0,15.680000162124633,13.375260674376177,50.0,0.0,-0.0011091978012700565,0.21322790121970076,0.0027718915346971094,2.3679064437747,0.009911067098073545,0.103271484375,0.8470554829885563,0.024428789775508147,0.047271728515625,0.2859242558479309,3.2880516052246094
24960.7491623275,528,34603008,34603008,908.7423418955204,1582.5716974507022,523,100,17.780000114440917,12.35684434905116,49.0,0.0,15.409999990463257,13.361208810045609,52.0,0.0,-0.0008582626493686499,0.21118706030150255,0.0027591739829707267,2.3844232708215714,0.010031276862719096,0.10662333170572917,0.8564724748333296,0.02306545221169169,0.0465850830078125,0.3016831576824188,3.2899436950683594
25020.749358214438,529,34723584,34668544,2009.5934391148508,1092.2631006653965,523,100,17.780000114440917,12.35684434905116,49.0,0.0,15.409999990463257,13.361208810045609,52.0,0.0,-0.0007982243599447731,0.2047433604020625,0.0027024616356357,2.3839508295059204,0.008854032141850135,0.10021972656250001,0.8554751873016357,0.023790755522592615,0.0463714599609375,0.30264607071876526,3.290722131729126
25103.023681906983,531,34799616,34799616,924.1279245773867,1593.109418800074,526,100,19.809999847412108,13.641624056989953,60.0,1.0,14.499999904632569,11.660617357260131,52.0,0.0,-0.00024964314798125997,0.20170889150661725,0.002787363873115585,2.384082401792208,0.009707639629899253,0.1128082275390625,0.8423900548368692,0.023948257323354483,0.0433197021484375,0.2747025266289711,3.2922613620758057
25163.02394318953,532,34916864,34865152,1954.1248236881058,1092.2619101837447,529,100,18.880000019073485,12.861010879424377,47.0,1.0,14.350000095367431,12.000312470296027,43.0,0.0,-0.00014361610616712517,0.2147451424971223,0.0027519724511269788,2.392909864584605,0.010742532791482517,0.11330668131510416,0.8420209412773451,0.02247319391851003,0.043060302734375,0.25200268998742104,3.2931313514709473
25246.616200478747,534,34996224,34996224,949.3702236730732,1567.9921113568175,529,100,18.880000019073485,12.861010879424377,47.0,1.0,14.350000095367431,12.000312470296027,43.0,0.0,-0.002063221606173708,0.2010053909228494,0.0027886827616991163,2.395649532477061,0.008868216989867506,0.09840901692708333,0.8460957917074362,0.022151882760226727,0.04681396484375,0.30576665699481964,3.2950944900512695
25306.61641897075,535,35117568,35061760,2022.3926353897614,1092.2626891556517,532,100,18.760000038146973,13.50786441751725,58.0,0.0,16.410000038146972,13.607420832115771,49.0,0.0,-0.0007573169859824702,0.21352953044697642,0.0027259227014534795,2.38706536591053,0.010541136013368183,0.10541280110677083,0.8568796180188656,0.022738858378337078,0.04400634765625,0.2977141663432121,3.296356678009033
25387.642289791256,537,35192832,35192832,928.8885048422202,1617.6561716980161,532,100,18.760000038146973,13.50786441751725,58.0,0.0,16.410000038146972,13.607420832115771,49.0,0.0,-0.0012093063172263405,0.19623568599733213,0.0026333094016687637,2.386962036291758,0.00993573285389478,0.097900390625,0.8438550513237716,0.02270078800696259,0.043365478515625,0.2794114351272583,3.2973263263702393
25447.642614314333,538,35314688,35258368,2030.922348647191,1092.2607589363045,534,100,19.1,13.706567502222573,49.0,0.0,15.320000076293946,13.118597648265508,51.0,0.0,-0.0005665845698482977,0.19261856540106237,0.002656979141950918,2.383761540055275,0.00975680809339489,0.10710652669270833,0.8640582412481308,0.023348268276701372,0.045623779296875,0.2907694913446903,3.298352003097534
25528.978948406875,540,35389440,35389440,919.048059320561,1611.4815286716687,534,100,19.1,13.706567502222573,49.0,0.0,15.320000076293946,13.118597648265508,51.0,0.0,0.0006770999849929165,0.17699572723358872,0.002638212999348373,2.396836869418621,0.008775964745533807,0.0980987548828125,0.8628820031881332,0.02456025400897488,0.044189453125,0.2930115610361099,3.3002736568450928
25588.979286001995,541,35508992,35454976,1992.5221222375817,1092.2605209696378,537,100,18.929999923706056,12.963992462580773,45.0,2.0,15.029999828338623,12.085904894934021,50.0,0.0,0.00037811415919956437,0.20524901648362479,0.002693287972457862,2.3650547862052917,0.009570105978734015,0.1049346923828125,0.8426778223365545,0.02508828651237612,0.0463409423828125,0.30278222262859344,3.301260471343994
25670.471419371665,543,35586048,35586048,945.5636613469686,1608.4006465436808,540,100,18.799999904632568,12.970736503346982,46.0,0.0,14.899999809265136,12.211879055015029,51.0,0.0,-8.598116740661982e-05,0.20473982727465528,0.0026529989966851035,2.3694969465335207,0.010643145854070704,0.10843912760416666,0.8333979261418184,0.025067657232284546,0.0453338623046875,0.28524959087371826,3.303119421005249
25730.47177584842,544,35704832,35651584,1979.7215712546758,1092.260177243959,540,100,18.799999904632568,12.970736503346982,46.0,0.0,14.899999809265136,12.211879055015029,51.0,0.0,0.0015712856960211259,0.20464228621373573,0.0027453518559923396,2.3525744130214052,0.010073731928059717,0.10622151692708334,0.8437032271176578,0.027194282408648483,0.0465545654296875,0.28925274312496185,3.3044750690460205
25812.02153419517,546,35782656,35782656,954.3130669877729,1607.2641128215123,542,100,17.790000247955323,14.30614917565591,57.0,0.0,15.679999828338623,12.528271674326255,51.0,0.0,-0.0020152020709550316,0.18774493550881743,0.002672057984455023,2.3702471554279327,0.00942208224175071,0.10424296061197916,0.8631165406356256,0.024409300453650452,0.0471954345703125,0.3180595263838768,3.3071811199188232
25872.02167112194,547,35901696,35848192,1983.9954722984644,1092.264173996574,542,100,17.790000247955323,14.30614917565591,57.0,0.0,15.679999828338623,12.528271674326255,51.0,0.0,-0.001243645565409679,0.22081608946124712,0.0026725836214609444,2.3841698467731476,0.00958131396813163,0.10742696126302083,0.846848597129186,0.02412027687144776,0.04498291015625,0.2844178155064583,3.3081846237182617
25954.619451854378,549,35979264,35979264,939.1051346920431,1586.8707226479407,545,100,19.880000114440918,14.119688430324754,61.0,0.0,16.139999866485596,11.689328311588449,46.0,0.0,0.0009419056344389294,0.21438465376074115,0.0027367465057371496,2.382602701584498,0.010572539923790222,0.11126708984375,0.838802274937431,0.02330424865552535,0.0479278564453125,0.30997753143310547,3.310248851776123
26014.61947514303,550,36097536,36044800,1971.19923489044,1092.2662427098542,545,100,19.880000114440918,14.119688430324754,61.0,0.0,16.139999866485596,11.689328311588449,46.0,0.0,0.0008642539857343461,0.23176813187698522,0.002653236413607374,2.385217229525248,0.009845076981946477,0.10814921061197917,0.8464127642412981,0.023604288018153362,0.043212890625,0.2908616364002228,3.310621976852417
26096.57548565045,552,36175872,36175872,955.8298349931031,1599.2969788119894,548,100,18.310000133514404,13.12607719127952,59.0,1.0,14.890000152587891,12.911928719873368,54.0,0.0,-0.0010587894648779184,0.23815320370097956,0.0027547754580155015,2.389938905835152,0.00943663823454699,0.10877482096354167,0.8387555405497551,0.022434358911899228,0.0440521240234375,0.27764931321144104,3.312065839767456
26156.575741942972,553,36296704,36241408,2013.858064387297,1092.2620010236187,548,100,18.310000133514404,13.12607719127952,59.0,1.0,14.890000152587891,12.911928719873368,54.0,0.0,-0.001549267193089084,0.22912180967008075,0.0027650306146824732,2.3793479626377425,0.008712021100412434,0.09592183430989584,0.8416763407488663,0.022745770188824586,0.0450897216796875,0.28719380497932434,3.3132095336914062
26239.4019069504,555,36372480,36372480,914.8799777607098,1582.4950966671738,550,100,18.309999847412108,13.310668612020894,45.0,0.0,14.65,11.42923867746472,44.0,0.0,-0.001612491900838601,0.217244067384551,0.002749347127974034,2.3934107621510825,0.009827659887984433,0.10332234700520833,0.8532839274654785,0.021277973505978782,0.043609619140625,0.27863648161292076,3.3146045207977295
26299.40219689533,556,36487936,36438016,1924.2573678554766,1092.2613884057694,553,100,16.760000228881836,13.771071546598412,62.0,0.0,14.729999923706055,12.014037543764797,52.0,0.0,-0.0015329219410583998,0.21124038744407395,0.002697090334550012,2.3883880550662675,0.010510352754863561,0.11020406087239583,0.8661014257619778,0.0229584452851365,0.0433502197265625,0.2641555666923523,3.315312147140503
26381.919790139422,558,36569088,36569088,983.4508837400142,1588.4127838324519,553,100,16.760000228881836,13.771071546598412,62.0,0.0,14.729999923706055,12.014037543764797,52.0,0.0,-0.0023509017604131563,0.20062013637895384,0.002612052279194662,2.3874414588014288,0.009532821669684685,0.09840393066406249,0.8684764951467514,0.022724426991771907,0.0472259521484375,0.2933626249432564,3.3180294036865234
26441.92009968683,559,36683520,36634624,1907.1901605704422,1092.2610315571212,556,100,18.019999694824218,13.015360141685953,48.0,0.0,15.839999961853028,13.522366812804975,50.0,0.0,-0.0020787112055889643,0.1997577007083843,0.002624588344284954,2.40163154900074,0.008918071716228345,0.0908355712890625,0.872656057899197,0.021584565324398376,0.044586181640625,0.2931879982352257,3.3186447620391846
26524.3971127104,561,36765696,36765696,996.3503403853367,1589.194312390319,556,100,18.019999694824218,13.015360141685953,48.0,0.0,15.839999961853028,13.522366812804975,50.0,0.0,-0.0016851052302323901,0.2312097547886272,0.0026969915100683766,2.4017721563577648,0.010957000996010416,0.107818603515625,0.8598009621103605,0.021253478616320837,0.04510498046875,0.257526695728302,3.320782423019409
26584.397185994312,562,36889344,36831232,2060.7974829450195,1092.2653325754143,558,100,17.45999994277954,13.614271860072932,65.0,0.0,16.910000133514405,12.856200722197682,49.0,0.0,-0.0013623503376341735,0.22057538852095604,0.002665021299132301,2.394424572587013,0.009338372843558318,0.0987396240234375,0.8684313353151083,0.02199722845883419,0.0473175048828125,0.3091055080294609,3.3216352462768555
26665.393601298332,564,36962304,36962304,900.7806052421535,1618.2444557332722,558,100,17.45999994277954,13.614271860072932,65.0,0.0,16.910000133514405,12.856200722197682,49.0,0.0,-0.0012117508837642768,0.21549690685545403,0.0026668642482642704,2.4046578531463942,0.009871264279354364,0.09850056966145834,0.8527264464646578,0.021776331316990156,0.04547119140625,0.2898697555065155,3.3236091136932373
26725.39362679422,565,37078272,37027840,1932.7991786928487,1092.266202528409,561,100,18.299999809265138,12.750294257434303,51.0,0.0,15.000000190734863,11.691022054765947,50.0,0.0,-0.0017493254830090639,0.2066212925904741,0.002597549593095512,2.408148748179277,0.008915639602491865,0.09941609700520833,0.8479555410643419,0.020834940019994974,0.0431671142578125,0.28368085622787476,3.323805570602417
26808.213497795165,567,37158912,37158912,973.6793721772317,1582.6153604912465,564,100,18.910000038146972,12.244259995039284,46.0,0.0,14.439999866485596,11.639862574975433,49.0,0.0,-0.0007472275610780342,0.21896475677688917,0.002642065987553603,2.3971956074237823,0.008691158482785491,0.10247294108072917,0.8542671383668979,0.021417219191789627,0.0447235107421875,0.2801624536514282,3.3252785205841064
26868.216081798077,568,37277440,37224448,1975.381593470168,1092.2196283549956,564,100,18.910000038146972,12.244259995039284,46.0,0.0,14.439999866485596,11.639862574975433,49.0,0.0,-0.0019344492926999615,0.2119063331435124,0.002588983841026978,2.4069933593273163,0.00841642780142138,0.10083007812500001,0.8458675139894088,0.021618620958179235,0.042083740234375,0.26601311564445496,3.325774908065796
26949.339746091515,570,37355520,37355520,962.4811783349833,1615.7061092049555,566,100,16.620000076293945,12.560079634760259,48.0,0.0,12.72000002861023,11.796677395116069,48.0,0.0,-0.0019372833194211123,0.17907949630171058,0.0025846790716362498,2.409567366043727,0.00720290881387579,0.07952880859374999,0.868688615038991,0.020171788850954425,0.0443878173828125,0.28568577766418457,3.326759099960327
27009.340034231544,571,37478144,37421056,2043.7235186907774,1092.2614212627118,566,100,16.620000076293945,12.560079634760259,48.0,0.0,12.72000002861023,11.796677395116069,48.0,0.0,-0.0024254182790173218,0.19541843002662065,0.002538915194842654,2.4009222661455474,0.008497995279564444,0.09887186686197917,0.8505888848255078,0.02130012563429773,0.044097900390625,0.27673131227493286,3.3270437717437744
27090.653032155707,573,37552128,37552128,909.8668341929874,1611.9440107502062,569,100,19.159999752044676,12.982849997444047,47.0,0.0,14.440000057220459,12.312043044955777,48.0,0.0,-0.0015462458080340489,0.20492997905239463,0.0025242017582058907,2.392756551504135,0.01007095689419657,0.10300699869791666,0.8472258001565933,0.02251143018171812,0.04486083984375,0.2777630016207695,3.329457998275757
27150.653161672875,574,37669888,37617664,1962.662430025345,1092.2643088836703,569,100,19.159999752044676,12.982849997444047,47.0,0.0,14.440000057220459,12.312043044955777,48.0,0.0,-0.0019061241400777362,0.17676476583195228,0.0025068469331017695,2.39653796205918,0.009166045039213106,0.09433492024739583,0.8679674851397674,0.02217614893258239,0.043853759765625,0.2747333012521267,3.3298213481903076
27233.41969757341,576,37748736,37748736,952.6555526590795,1583.6352044202881,572,100,18.159999942779542,13.334706443920336,48.0,0.0,15.689999771118163,12.171848675422918,49.0,0.0,-0.0006540837299932416,0.17905805989479026,0.0025677472391786678,2.3996966381867724,0.010002191442860445,0.1067047119140625,0.866650575151046,0.022581772490714986,0.0466156005859375,0.30518442392349243,3.3317816257476807
27293.41987913102,577,37865472,37814272,1945.594112709694,1092.2633615212317,572,100,18.159999942779542,13.334706443920336,48.0,0.0,15.689999771118163,12.171848675422918,49.0,0.0,-0.0010230891493847594,0.18599224882200363,0.002590349271486048,2.391414999961853,0.010266026430448013,0.10985819498697916,0.8547910104195278,0.022006521738755204,0.04681396484375,0.29238639771938324,3.3332958221435547
27375.01789285429,579,37945344,37945344,978.8473561486105,1606.3136100900274,575,100,17.620000076293945,13.297954765411475,47.0,0.0,16.20999994277954,12.68250372193364,56.0,0.0,-0.002138219502133628,0.200626684507976,0.002569884862168692,2.392775354286035,0.008805246057818295,0.0959625244140625,0.843657665575544,0.02212804179483404,0.0440673828125,0.2855706699192524,3.3342645168304443
27435.01833648607,580,38065664,38010880,2005.318506282922,1092.25859065623,575,100,17.620000076293945,13.297954765411475,47.0,0.0,16.20999994277954,12.68250372193364,56.0,0.0,-0.0004362729838855254,0.21274977130815387,0.0025986089943520105,2.3888959040244417,0.009754451260353866,0.10692850748697916,0.8251775807390611,0.02256939371970172,0.0441741943359375,0.28542453423142433,3.334960460662842
27516.454685727134,582,38141952,38141952,936.7806969609705,1609.5024055168353,578,100,17.600000381469727,13.671869138295783,46.0,0.0,13.880000019073487,11.585576940474848,47.0,0.0,-0.00015416142559843138,0.20139408313358825,0.002665651021137213,2.3883328114946685,0.009745631268136398,0.10640970865885417,0.8279968121399482,0.022531005709121626,0.044891357421875,0.2870211750268936,3.335716962814331
27576.45989899896,583,38262784,38207488,2013.6917012964393,1092.171770194679,578,100,17.600000381469727,13.671869138295783,46.0,0.0,13.880000019073487,11.585576940474848,47.0,0.0,-0.0011093794091721065,0.19278835815687975,0.002669543888866125,2.387758227686087,0.00903997498183647,0.1044769287109375,0.8469905747721593,0.02221552558088054,0.047332763671875,0.3091195598244667,3.3369345664978027
27659.01259560138,585,38338560,38338560,917.9106572974088,1587.7373531630853,580,100,17.579999923706055,14.164871990477275,65.0,0.0,14.939999961853028,12.011511087131506,50.0,0.0,-0.0011333211975094553,0.1980484959979852,0.0026290791429346427,2.3746891915798187,0.008654266137455124,0.10186767578125,0.832332664479812,0.022258239895260584,0.0450439453125,0.26945560052990913,3.3390657901763916
27719.012837504968,586,38453248,38404096,1911.4589601869814,1092.2622629639893,583,100,18.26999979019165,13.031388946233283,46.0,0.0,14.540000057220459,12.767474284714607,55.0,0.0,-0.0026626489003926204,0.18555747740902007,0.0026137898239539936,2.377608229716619,0.00861442047729118,0.09552510579427084,0.8595912344753742,0.022825405971768003,0.0451202392578125,0.2673335522413254,3.340226173400879
27802.064160825685,588,38535168,38535168,986.3780217402699,1578.2048347844318,583,100,18.26999979019165,13.031388946233283,46.0,0.0,14.540000057220459,12.767474284714607,55.0,0.0,7.955141578956201e-05,0.20586373377591374,0.0025805030187863545,2.3639542460441585,0.009775118885954726,0.09734598795572916,0.8418323689450821,0.02371567266527563,0.0471343994140625,0.27975234761834145,3.3424770832061768
27862.064680632204,589,38658816,38600704,2060.782146533428,1092.2572039597464,586,100,18.860000133514404,13.795666065212119,49.0,0.0,16.010000038146973,12.950285799130238,47.0,0.0,-0.002166577777340232,0.20247941161505878,0.002572637878377767,2.3685825417439146,0.008843441575663746,0.091705322265625,0.8316153691460689,0.023119620998234797,0.0477294921875,0.30480489879846573,3.3433303833007812
27943.86153605953,591,38731776,38731776,891.9658294789073,1602.408788397195,586,100,18.860000133514404,13.795666065212119,49.0,0.0,16.010000038146973,12.950285799130238,47.0,0.0,-0.0002945854648714885,0.21086249314248565,0.002607965043959363,2.359247217575709,0.010037082586374405,0.10556030273437501,0.8427554275840521,0.024316139072955895,0.048980712890625,0.31153587996959686,3.3459041118621826
28003.861859330907,592,38851840,38797312,2001.0558852650795,1092.2607817225166,588,100,18.95999984741211,13.579337124541311,46.0,0.0,15.900000095367432,12.724385941479067,47.0,0.0,-0.0005289158167821976,0.1964820136781782,0.0026108909708758197,2.3665725588798523,0.01010413699198883,0.09923807779947917,0.8470673200984796,0.023560054464420922,0.0458831787109375,0.2889985367655754,3.3465981483459473
28086.27413505502,594,38928384,38928384,928.7936697227257,1590.4426718997845,591,100,17.67000017166138,14.282895347464347,50.0,0.0,17.810000038146974,13.130647552356226,49.0,0.0,-0.0006126001802234289,0.20078809986201424,0.0025728315692200945,2.3749215702215833,0.008788634300799458,0.09637451171875,0.835185798505942,0.023919365407588582,0.0460205078125,0.30112023651599884,3.347923994064331
28146.274152763188,595,39044608,38993920,1937.0660949684877,1092.2663442994115,591,100,17.67000017166138,14.282895347464347,50.0,0.0,17.810000038146974,13.130647552356226,49.0,0.0,0.00021965321502648297,0.1826254929571102,0.0025692337706762674,2.377356809874376,0.008347647670840768,0.08924357096354167,0.8626318996151289,0.023644811590202153,0.045989990234375,0.2933701202273369,3.3489296436309814
28228.002188652754,597,39124992,39124992,983.5547756050071,1603.758105445107,593,100,18.210000038146973,12.940089080074518,46.0,0.0,16.43000011444092,12.888952669049624,48.0,0.0,-0.0013994708084889378,0.20601727945419648,0.00252655845542904,2.385322461525599,0.01011431792115521,0.10192362467447917,0.8303289618343115,0.02341412166909625,0.04241943359375,0.28130654245615005,3.3506038188934326
28288.00271319039,598,39246336,39190528,2022.3823197392535,1092.2571178338585,593,100,18.210000038146973,12.940089080074518,46.0,0.0,16.43000011444092,12.888952669049624,48.0,0.0,-0.000611229758457436,0.19355684130763015,0.0025295453621462607,2.377299912273884,0.010726468996532882,0.1076812744140625,0.8597557817896208,0.024494475471631933,0.0467071533203125,0.2949545457959175,3.3519747257232666
28369.09669567831,600,39321600,39321600,928.1083218624068,1616.2974856923547,596,100,17.65000009536743,12.49349830018663,51.0,0.0,15.010000038146973,12.81444108164851,49.0,0.0,-0.0011305863251133512,0.18622878977718452,0.0025322590493791117,2.381992551187674,0.008313657336960507,0.09564717610677083,0.8455084003508091,0.023870903785185266,0.0467529296875,0.30534931272268295,3.353644609451294
28429.097106827423,601,39437824,39387136,1937.0533930368827,1092.2591819767445,596,100,17.65000009536743,12.49349830018663,51.0,0.0,15.010000038146973,12.81444108164851,49.0,0.0,-0.0015399217445519755,0.1886401044515272,0.0025037726324323253,2.381928632656733,0.009632342116068077,0.10286966959635416,0.8469645964602629,0.022790600390483938,0.0464630126953125,0.2982843890786171,3.354576826095581
28510.88170070201,603,39518208,39518208,982.8746001143403,1602.649029485803,599,100,19.729999923706053,13.016800547887353,46.0,0.0,16.389999866485596,14.186539014327252,53.0,0.0,-0.0018920354899213026,0.18598272721283138,0.002543164402595721,2.3901057889064155,0.009568840157347344,0.1009063720703125,0.8558762241154909,0.021955482215465356,0.0449066162109375,0.2885960564017296,3.3563268184661865
28570.882044039667,604,39635968,39583744,1962.6554357747495,1092.260416431165,599,100,19.729999923706053,13.016800547887353,46.0,0.0,16.389999866485596,14.186539014327252,53.0,0.0,-0.001886814905446954,0.20989100107302266,0.0025334167269951044,2.4071659992138548,0.009606045450103315,0.09926350911458333,0.8502015341073276,0.021193610387854278,0.0463409423828125,0.30307409539818764,3.357095956802368
28653.658120114356,606,39714816,39714816,952.5457564436216,1583.4526860361502,602,100,18.810000133514404,13.67457151914993,61.0,0.0,15.710000133514404,13.88257565797444,50.0,0.0,-0.0012227891832784128,0.2174494070932269,0.0026201014431232275,2.397786664466063,0.00934282163871103,0.09654744466145833,0.8353001549839975,0.02185827336506918,0.0443267822265625,0.27132493257522583,3.358919620513916
28713.65844855085,607,39835136,39780352,2005.3223563159368,1092.260687695489,602,100,18.810000133514404,13.67457151914993,61.0,0.0,15.710000133514404,13.88257565797444,50.0,0.0,-0.0019798960056505166,0.2077227431970338,0.002512970575480722,2.3998574192325273,0.009034620664048513,0.09842427571614584,0.8508991952985525,0.021742137537027396,0.0442962646484375,0.26385097205638885,3.359739303588867
28794.437518514693,609,39911424,39911424,944.4030493808251,1622.5985277952432,605,100,18.43000011444092,13.768990638754751,59.0,0.0,16.560000228881837,14.465352011946274,57.0,0.0,-0.0003889301272768837,0.1963000196653108,0.0025667556692496873,2.3947285587588945,0.011362992254362325,0.11566162109375001,0.8579437707861265,0.022946993490525834,0.0470428466796875,0.3048729822039604,3.3613791465759277
28854.439700514078,610,40034304,39976960,2047.925523796097,1092.226946024585,605,100,18.43000011444092,13.768990638754751,59.0,0.0,16.560000228881837,14.465352011946274,57.0,0.0,-0.0011170751119304136,0.20697400486096737,0.0025636594800744206,2.4040044446786246,0.00941803571852991,0.09922281901041666,0.8579064570367336,0.02177188485317553,0.047149658203125,0.27609071135520935,3.3628008365631104
28935.444245271385,612,40108032,40108032,910.1711542345254,1618.0820519724896,608,100,19.11000003814697,13.261896509011578,56.0,0.0,16.540000104904173,13.01953916737033,48.0,0.0,-0.0005768551030390276,0.17816354450769722,0.0024970163188603083,2.4095885356267295,0.00874979925477722,0.09044901529947917,0.8611521820227305,0.021391317616992943,0.0453033447265625,0.30352959781885147,3.3640406131744385
28995.444674108177,613,40228608,40173568,2009.5856369290132,1092.2588599868945,608,100,19.11000003814697,13.261896509011578,56.0,0.0,16.540000104904173,13.01953916737033,48.0,0.0,-0.002933964749293712,0.18825273565016687,0.0024798372154085277,2.400685486694177,0.007895804192230571,0.089813232421875,0.8618151998768251,0.022638627153355628,0.0464019775390625,0.29603706300258636,3.3647916316986084
29076.98189705424,615,40304640,40304640,932.4820891961893,1607.5112110048785,611,100,20.089999866485595,13.340985846840587,47.0,0.0,14.610000038146973,12.880135480473996,51.0,0.0,-0.0015493476482030626,0.20550682628527284,0.002547357236229194,2.4000402614474297,0.01027773093119322,0.10339864095052084,0.8408312213917573,0.02214708315053334,0.0441741943359375,0.2816157601773739,3.3660120964050293
29136.982260959223,616,40429824,40370176,2086.3873458874796,1092.2600420188032,611,100,20.089999866485595,13.340985846840587,47.0,0.0,14.610000038146973,12.880135480473996,51.0,0.0,-0.00217644609559405,0.18869167170487344,0.002504679585399572,2.3943235899011293,0.010608808778367045,0.11029052734375,0.8642806845406692,0.022788656933698803,0.046142578125,0.2763862796127796,3.366879940032959
29217.657130142674,618,40501248,40501248,885.3314634769982,1624.6942985671078,613,100,20.230000305175782,14.890167911402658,57.0,0.0,15.870000076293945,13.27226824181341,49.0,0.0,-0.002408752860598421,0.18825899724227688,0.002461731004586909,2.397608277698358,0.008672104616077073,0.09931437174479167,0.8596925710638365,0.022505955460170906,0.0450286865234375,0.3016384616494179,3.367995500564575
29277.65725993924,619,40623104,40566784,2030.928939873345,1092.2643037974292,613,100,20.230000305175782,14.890167911402658,57.0,0.0,15.870000076293945,13.27226824181341,49.0,0.0,-0.0023553237260784954,0.17836650313499072,0.002546415261652631,2.3897616416215897,0.009017928974571987,0.09328715006510416,0.8674778553346794,0.023807088689257704,0.0460357666015625,0.3026367723941803,3.368528127670288
29359.639423610643,621,40697856,40697856,911.808089130416,1598.7867864204554,616,100,17.35999984741211,12.080165451065096,45.0,0.0,14.949999904632568,13.074689296809089,49.0,0.0,-0.001253573122085072,0.17701285138415793,0.0024569142357601472,2.411492208639781,0.009482957359675009,0.09872945149739584,0.8662922990818818,0.022691584405644484,0.047515869140625,0.3150317594408989,3.370033025741577
29419.639592586085,622,40819968,40763392,2035.194268369127,1092.2635905712716,616,100,17.35999984741211,12.080165451065096,45.0,0.0,14.949999904632568,13.074689296809089,49.0,0.0,-0.0010724077365011908,0.1805486772209406,0.0024472789251982854,2.394642822444439,0.00981792632107196,0.10095723470052083,0.8644611177345117,0.023315018605596077,0.0482635498046875,0.3145478591322899,3.371150493621826
29500.65110591799,624,40894464,40894464,919.5729956899968,1617.9428652689978,619,100,18.97999973297119,13.738981128962253,59.0,0.0,16.63999996185303,13.467382910810406,61.0,0.0,-0.0015287832696534072,0.20440485747531056,0.0024265961740942052,2.391436383128166,0.009274174123371873,0.09621175130208333,0.8473432933290799,0.0242873701111724,0.0468902587890625,0.2935483120381832,3.3727974891662598
29560.65128452331,625,41012480,40960000,1966.9274782715354,1092.263415265755,622,100,19.829999923706055,13.122541742057289,46.0,0.0,16.13999996185303,12.416134636199768,50.0,0.0,0.0017448538201279007,0.20263614940146604,0.002415474606095813,2.405405156314373,0.009829631044340204,0.10352579752604167,0.852860691646735,0.023301922425162047,0.0451507568359375,0.27839333936572075,3.3739733695983887
29642.88979063928,627,41091072,41091072,955.6593828342324,1593.8032703945505,622,100,19.829999923706055,13.122541742057289,46.0,0.0,16.13999996185303,12.416134636199768,50.0,0.0,-0.0008933639740765404,0.20296357246115804,0.002485948978574015,2.3859715089201927,0.009156174570913814,0.09816487630208334,0.861401816830039,0.023752480221446604,0.048553466796875,0.3033626079559326,3.3759095668792725
29702.890056783333,628,41212928,41156608,2030.9243246928436,1092.2618216835463,625,100,20.000000095367433,13.797100907434041,49.0,0.0,16.11999979019165,14.039429778079539,54.0,0.0,-0.002170129599107895,0.2004914403272172,0.0024247557206156975,2.387711882591247,0.009152944682379408,0.09383138020833334,0.8645004245142143,0.0233777603522564,0.046722412109375,0.3086542412638664,3.3769123554229736
29784.59129289165,630,41287680,41287680,914.9433173923488,1604.2841729619267,625,100,20.000000095367433,13.797100907434041,49.0,0.0,16.11999979019165,14.039429778079539,54.0,0.0,-0.0003351350411927949,0.20544098488365609,0.0024502930464223027,2.384719846149286,0.009212358178653327,0.10012817382812501,0.8518386303136747,0.02465387647195409,0.0467987060546875,0.2882317341864109,3.3790433406829834
29844.593727514148,631,41410304,41353216,2043.6504080456978,1092.2223475150283,628,100,20.259999752044678,14.22787368190664,61.0,0.0,16.869999980926515,13.606362364402363,53.0,0.0,-0.0008205963094951585,0.21050203948592147,0.002464475270244293,2.3869325816631317,0.010451600124118462,0.10898844401041666,0.8460766778637966,0.02415043098153546,0.048583984375,0.3247285336256027,3.3802340030670166
29925.446373643354,633,41484288,41484288,915.04735518205,1621.1219579695833,628,100,20.259999752044678,14.22787368190664,61.0,0.0,16.869999980926515,13.606362364402363,53.0,0.0,-0.002700748516266079,0.18779919017106295,0.0024863564904080704,2.392085182170073,0.010026624401386167,0.10979207356770833,0.8473814222961664,0.023611295813073717,0.0460968017578125,0.3033359572291374,3.382110595703125
29985.446709070355,634,41605888,41549824,2026.6553367513015,1092.2605604385963,630,100,18.339999866485595,14.023708550167083,46.0,0.0,16.150000190734865,13.160072222158409,56.0,0.0,-0.0028464224305935204,0.19420421170070767,0.0023652256107501066,2.409324993689855,0.009342330375147867,0.10044860839843751,0.8628573051343361,0.022294374745494377,0.043426513671875,0.29424117505550385,3.3824853897094727
30067.121912235394,636,41680896,41680896,918.3693103086975,1604.79551835513,630,100,18.339999866485595,14.023708550167083,46.0,0.0,16.150000190734865,13.160072222158409,56.0,0.0,-0.0023860475606246228,0.19088090808751682,0.0023740747128613293,2.398588001728058,0.009812273359178409,0.10700988769531251,0.8556446346143882,0.021974580828100443,0.0472564697265625,0.29935242235660553,3.383882999420166
30127.121998686343,637,41801728,41746432,2013.8637649927623,1092.2650928774303,633,100,16.840000295639037,13.742430558578981,51.0,0.0,15.730000019073486,12.261202976839899,55.0,0.0,-0.0013809974431448304,0.2089478288156291,0.0023971667299823216,2.394273939232032,0.009486503409182964,0.09969584147135417,0.8603466358035803,0.02211971951570983,0.045928955078125,0.2734515480697155,3.384460926055908
30208.958885166794,639,41877504,41877504,925.9394297472636,1601.6249595628342,633,100,16.840000295639037,13.742430558578981,51.0,0.0,15.730000019073486,12.261202976839899,55.0,0.0,-0.001841081206900223,0.19035139796324074,0.0024180404191914326,2.3858285670479136,0.010437433633948483,0.10553487141927083,0.8409751945485671,0.023585821482508134,0.04571533203125,0.3060508146882057,3.385765552520752
30268.958891130984,640,42002688,41943040,2086.3997926052616,1092.266558091916,636,100,16.250000286102296,13.37637831467531,48.0,0.0,18.18000011444092,14.327861375472176,57.0,0.0,-0.001890748021348069,0.19800426003833613,0.0024140043436394385,2.380378025273482,0.009049293728821795,0.0977325439453125,0.8458915992329519,0.023568249850844342,0.0460052490234375,0.29250863194465637,3.3864853382110596
30349.82356007397,642,42074112,42074112,883.2534768720332,1620.8809324676738,636,100,16.250000286102296,13.37637831467531,48.0,0.0,18.18000011444092,14.327861375472176,57.0,0.0,-0.002197009203276442,0.17900489868285757,0.0023217904357200796,2.380015691121419,0.008853780839369088,0.09432474772135417,0.8523859654863676,0.023143965886750568,0.04620361328125,0.31440696865320206,3.3874833583831787
30409.82376507856,643,42197504,42139648,2056.526306711204,1092.262934684789,639,100,20.710000038146973,14.402287925786197,53.0,0.0,17.19000024795532,12.811475286361132,56.0,0.0,-0.001905542364208183,0.20055095851421356,0.0023404349631164227,2.3855757017930346,0.009114866053399359,0.10306803385416667,0.8549212850630283,0.02211690959908689,0.0453948974609375,0.28794945776462555,3.388326644897461
30490.810837211087,645,42270720,42270720,904.0455232186788,1618.431146461411,639,100,20.710000038146973,14.402287925786197,53.0,0.0,17.19000024795532,12.811475286361132,56.0,0.0,-0.001829115099098999,0.21338301058858633,0.00240929451683769,2.3819450636704764,0.009723727101421295,0.1024627685546875,0.8376436190058787,0.022674767707940194,0.0440521240234375,0.2784358188509941,3.389375686645508
30550.811204515398,646,42391552,42336256,2013.8543383770232,1092.2599801366905,642,100,19.400000190734865,13.894603259819576,63.0,0.0,17.340000247955324,13.132570305474195,51.0,0.0,-0.0012742594844894486,0.19734152390932042,0.002364557161248134,2.39085657397906,0.009782220503742186,0.10280863444010417,0.847383023550113,0.02368298852040122,0.049713134765625,0.3316758871078491,3.3900790214538574
30632.55058146827,648,42467328,42467328,927.0440126267421,1603.5355894084187,642,100,19.400000190734865,13.894603259819576,63.0,0.0,17.340000247955324,13.132570305474195,51.0,0.0,-0.0024392749158626734,0.19730611192062497,0.0023969236184105585,2.3899533723791437,0.009141175126690845,0.10126241048177083,0.8466149158775806,0.023922429187223315,0.047637939453125,0.3152865469455719,3.391639471054077
30692.55255865492,649,42586624,42532864,1988.2011492538352,1092.2306742682013,645,100,21.280000114440917,13.484865570918018,46.0,0.0,16.4,12.801562465851674,48.0,0.0,-0.0019093147857347501,0.18898247717879713,0.0022924389171142443,2.3975675056378045,0.0093396809600866,0.09812418619791667,0.8577970831344526,0.023995534439260762,0.047210693359375,0.3146308735013008,3.3923158645629883
30775.35229769349,651,42663936,42663936,933.722749584811,1583.0001582365007,645,100,21.280000114440917,13.484865570918018,46.0,0.0,16.4,12.801562465851674,48.0,0.0,-0.000730148759127284,0.18406182092924914,0.0023073501579347067,2.401925678054492,0.009830109373069718,0.1078948974609375,0.856979500502348,0.023360725317616016,0.0460968017578125,0.3229549676179886,3.393273115158081
30835.35325325094,652,42780672,42729472,1945.5690149505335,1092.2492715511767,648,100,21.839999961853028,14.88000027927585,61.0,0.0,15.280000114440918,12.835170218911,50.0,0.0,-0.0012779717459731426,0.2071061541015903,0.0023010315999272284,2.4006705284118657,0.011185701404732148,0.11403910319010416,0.8508314353724321,0.02247201482532546,0.044891357421875,0.28469665348529816,3.393934488296509
30917.398367995396,654,42860544,42860544,973.5131731947331,1597.5600790887927,651,100,19.749999809265137,14.095655456400598,66.0,0.0,14.40999984741211,12.111230301728048,51.0,0.0,-0.0020785526248801034,0.19700703614701826,0.0022875198798525767,2.3888500332832336,0.009621990624509637,0.10671488444010417,0.8366609290242194,0.023074073057311274,0.045501708984375,0.292946420609951,3.3947229385375977
30977.398465007544,655,42981376,42926080,2013.8634105131027,1092.264900617276,651,100,19.749999809265137,14.095655456400598,66.0,0.0,14.40999984741211,12.111230301728048,51.0,0.0,-0.0015807787106799274,0.18735278483169776,0.0022834493283880875,2.3929511258999505,0.009843837672330363,0.1005096435546875,0.8563572491208712,0.023093302947624274,0.0460968017578125,0.30995217710733414,3.3953330516815186
31059.434278182685,657,43057152,43057152,923.6941412188179,1597.7412172433606,651,100,19.749999809265137,14.095655456400598,66.0,0.0,14.40999984741211,12.111230301728048,51.0,0.0,-0.0005084364335440721,0.18970262973258892,0.00235656331157467,2.379278843601545,0.010604530106623617,0.1087493896484375,0.8422971398880085,0.02436535789941748,0.0462646484375,0.280048131942749,3.3967721462249756
31119.434545354918,658,43173376,43122688,1937.058041197985,1092.2618029662647,653,100,20.61000003814697,13.210522141931374,46.0,0.0,14.719999885559082,13.218986034701624,51.0,0.0,-0.0010966448365555455,0.17892597212145725,0.002246293615219959,2.3794583380222325,0.011914206740281468,0.11317952473958333,0.863274618362387,0.02376602169048662,0.0440521240234375,0.28850990161299706,3.3970699310302734
31201.562855321914,660,43253760,43253760,978.7611608263062,1595.941765423786,657,100,20.24000005722046,14.273135515282258,63.0,0.0,15.850000095367431,11.909135229533927,44.0,0.0,-0.0004175775126592877,0.1885979292759051,0.002308277364742632,2.378856447835763,0.008398315526089087,0.09292093912760416,0.8532666303217412,0.02371545776259154,0.047576904296875,0.3054901137948036,3.398313283920288
31261.563037654385,661,43370752,43319296,1949.8607412845486,1092.2633474154145,657,100,20.24000005722046,14.273135515282258,63.0,0.0,15.850000095367431,11.909135229533927,44.0,0.0,-0.0014545437370543368,0.20017579539368552,0.0022787823933564746,2.3761355628569922,0.009825015455741475,0.1072845458984375,0.8508281037211418,0.02486636887382095,0.0460662841796875,0.2923622503876686,3.3992090225219727
31343.929388223216,663,43450368,43450368,966.6083230610953,1591.3294579012245,659,100,18.589999866485595,13.833362038829955,51.0,0.0,15.189999771118163,11.885869703211776,53.0,0.0,0.0001632179967903843,0.17969312976735335,0.0022143837243978246,2.3646469612916308,0.009693275007521152,0.09854634602864583,0.8628791887313129,0.02547833826004838,0.0442962646484375,0.2912726476788521,3.3998632431030273
31403.929516198114,664,43570432,43515904,2001.06239857074,1092.2643369597217,659,100,18.589999866485595,13.833362038829955,51.0,0.0,15.189999771118163,11.885869703211776,53.0,0.0,-0.0017108386697752092,0.17653949853653708,0.0022223585450168075,2.362851160267989,0.009085673754573994,0.1027984619140625,0.8634876931707065,0.026398482965305444,0.04583740234375,0.3071056604385376,3.400399923324585
31485.646701442078,666,43646976,43646976,936.6940353057952,1603.9710571122646,662,100,20.010000038146973,14.542004796650914,64.0,0.0,17.039999961853027,13.488454112762206,53.0,0.0,0.000801016317078999,0.19152136348808807,0.002221017467187873,2.3696921269098916,0.012242995977430837,0.1224822998046875,0.8594909360011419,0.025913471782890458,0.04473876953125,0.2940710708498955,3.402195930480957
31545.647031668574,667,43765504,43712512,1975.4557942025892,1092.260655109855,662,100,20.010000038146973,14.542004796650914,64.0,0.0,17.039999961853027,13.488454112762206,53.0,0.0,-0.0006545935490673098,0.17624672828242183,0.0022806394287423854,2.383217838903268,0.01251665668314672,0.12102254231770833,0.8507698824008306,0.025544357427861538,0.0441131591796875,0.29356391727924347,3.4026238918304443
31628.139636976644,669,43843584,43843584,946.5090805219232,1588.89393189254,665,100,20.429999923706056,12.950100260178182,46.0,0.0,17.810000276565553,14.239167785025492,62.0,0.0,0.0001585214195074514,0.18664175186616677,0.002266250308214997,2.386945473651091,0.010348154097907052,0.10938008626302083,0.8685585353523493,0.0241553076581719,0.0463409423828125,0.30285946279764175,3.403960943222046
31688.139872431755,670,43964160,43909120,2009.5921138544406,1092.262380354006,665,100,20.429999923706056,12.950100260178182,46.0,0.0,17.810000276565553,14.239167785025492,62.0,0.0,-0.0010275585639950198,0.21230022073723376,0.0023153493869661665,2.38207512597243,0.010053676731331507,0.1080169677734375,0.844070919478933,0.023904730527040858,0.04656982421875,0.2987234890460968,3.404587745666504
31770.020022718236,672,44040192,44040192,928.5767030712648,1600.7786935100592,668,100,19.90000009536743,13.740815314587998,47.0,0.0,16.629999923706055,12.935729532942128,48.0,0.0,-0.0014302937367271322,0.19929848099127412,0.0022844598400600566,2.3861980165044465,0.010561941212775613,0.10138956705729166,0.8500946424901485,0.023378596621720742,0.0455169677734375,0.3110160604119301,3.405687093734741
31830.02034982294,673,44162048,44105728,2030.9222612629624,1092.2607119397444,668,100,19.90000009536743,13.740815314587998,47.0,0.0,16.629999923706055,12.935729532942128,48.0,0.0,-0.0006462715779586385,0.19041759388831755,0.002286447153892368,2.4016925667723017,0.010339412074851376,0.1104583740234375,0.8555018982539574,0.022310506319627166,0.04541015625,0.2981748729944229,3.4060850143432617
31910.58231470734,675,44236800,44236800,927.8820359863718,1626.9712411815833,671,100,19.89999990463257,13.593012922159208,50.0,0.0,16.78999991416931,14.368225098752413,59.0,0.0,-0.0027080438109502816,0.22150071461995444,0.002328423911725016,2.3794332345326743,0.008900325291809471,0.09317525227864584,0.8488626790543398,0.02305788517696783,0.0462646484375,0.29148197919130325,3.4074158668518066
31970.585166003555,676,44356864,44302336,2000.9715772885477,1092.214762869655,671,100,19.89999990463257,13.593012922159208,50.0,0.0,16.78999991416931,14.368225098752413,59.0,0.0,-0.0022108336682625427,0.1952437668417891,0.002277013886972175,2.388015662630399,0.010142325763202582,0.10516357421875,0.8576095880319675,0.022499540995340794,0.0429534912109375,0.28624139726161957,3.4075849056243896
32052.505024326965,678,44433408,44433408,934.3766159581614,1600.002767125681,673,100,21.04000015258789,12.73806885638362,48.0,0.0,16.249999809265137,14.121171867667021,58.0,0.0,-0.0009389624926067578,0.2051875930434714,0.002308372410576946,2.372242366274198,0.009971923658667947,0.10709126790364583,0.8444278637568157,0.024722577247302983,0.046478271484375,0.28213073313236237,3.4091296195983887
32112.505176976323,679,44555776,44498944,2039.4614779585816,1092.263887776981,673,100,21.04000015258789,12.73806885638362,48.0,0.0,16.249999809265137,14.121171867667021,58.0,0.0,0.0015727960756824662,0.1776578677042077,0.0022746237834023004,2.392165179053942,0.009984717309635018,0.10298665364583334,0.8655394315719603,0.02544906723778695,0.047576904296875,0.3079414814710617,3.4097228050231934
32193.84312118776,681,44630016,44630016,912.7351412646087,1611.4496287154473,676,100,20.15000009536743,13.412960064449718,49.0,1.0,14.989999771118164,12.929419874444772,47.0,0.0,-0.001239184033086834,0.19399997545406222,0.0022241056479591257,2.3990527416268983,0.011003789607760458,0.11394246419270833,0.8347587597866853,0.023681518951586135,0.0451202392578125,0.2914944812655449,3.4107072353363037
32253.843163399026,682,44748800,44695552,1979.7319405501946,1092.2658982345902,676,100,20.15000009536743,13.412960064449718,49.0,1.0,14.989999771118164,12.929419874444772,47.0,0.0,0.0001567692888784222,0.18860542316300175,0.0022579747067842013,2.3853792771697044,0.01059103457070402,0.11356099446614583,0.8435252277801435,0.02541467054591825,0.044586181640625,0.29383233189582825,3.4112277030944824
32336.463498175144,684,44826624,44826624,941.9472846592146,1586.4375320576246,679,100,19.939999961853026,13.89519365871618,54.0,0.0,15.029999923706054,12.514355501532698,45.0,0.0,-0.0010745866214468456,0.19543407857418063,0.002282196748031614,2.384986112515132,0.010315769940765069,0.10883585611979167,0.848261456315716,0.024779907912792016,0.0447235107421875,0.28694403916597366,3.412595748901367
32396.463703704998,685,44951040,44892160,2073.5928969125875,1092.26292512268,682,100,21.100000381469727,13.620205646040668,59.0,0.0,17.129999828338622,14.500107096493643,49.0,0.0,-0.0005271357949823141,0.1902998546914508,0.002277396350109484,2.3913009961446123,0.009541996802605961,0.10505676269531251,0.8564791443447272,0.025026489320831995,0.0480804443359375,0.32285792380571365,3.413188934326172
32477.78584517166,687,45023232,45023232,887.7287132139141,1611.7627700905107,682,100,21.100000381469727,13.620205646040668,59.0,0.0,17.129999828338622,14.500107096493643,49.0,0.0,-0.0003017752824234776,0.1971295087908705,0.002277196785144042,2.4015851840376854,0.008531656270861276,0.09439086914062499,0.8652226328849791,0.023506236728280783,0.04473876953125,0.2908908650279045,3.4138834476470947
32537.786125592887,688,45144320,45088768,2018.123901253649,1092.2615617778733,685,100,18.85999994277954,13.643327861267801,47.0,0.0,16.570000076293944,13.617822805687144,49.0,0.0,-0.0007389438712076905,0.18022558279335496,0.0022166238219748875,2.4083380177617077,0.008617213036510899,0.09626770019531251,0.8632183944185574,0.023285435842505347,0.046783447265625,0.3219110742211342,3.414496660232544
32618.89089055918,690,45219840,45219840,931.1413457814086,1616.0826069155296,685,100,18.85999994277954,13.643327861267801,47.0,0.0,16.570000076293944,13.617822805687144,49.0,0.0,0.017100480343894258,0.20366388047114015,0.0022926913758662217,2.4019098058342934,0.010155101358880833,0.1017303466796875,0.8343223718305429,0.025204583168185003,0.0450897216796875,0.2892879322171211,3.4151346683502197
32678.891178190708,691,45339392,45285376,1992.5237814557163,1092.2614305196219,687,100,20.170000076293945,14.313668294823675,58.0,0.0,16.769999980926514,13.552752503499427,52.0,0.0,-0.0007357527259349202,0.20431374572217462,0.0022118310128765493,2.4012052863836293,0.008236692396773531,0.09974161783854167,0.8493263907730579,0.02338681713445112,0.0472259521484375,0.3059699162840843,3.415750026702881
32760.536157883704,693,45416448,45416448,943.7934860140673,1605.389584183397,687,100,20.170000076293945,14.313668294823675,58.0,0.0,16.769999980926514,13.552752503499427,52.0,0.0,-0.0013702477711679724,0.19510151081097624,0.0022108206661262857,2.3983250707387924,0.009049038286927196,0.0909881591796875,0.8395851260672013,0.022733410471118987,0.0463409423828125,0.2981675788760185,3.4169375896453857
32820.536595731974,694,45536256,45481984,1996.7854285159115,1092.2586959403277,690,100,20.179999828338623,13.970955666829424,63.0,0.0,17.060000038146974,13.312264870224743,51.0,0.0,-0.0006472626749503737,0.17937706154771146,0.0021841934600767368,2.4100954507788024,0.009568956444733582,0.10183715820312499,0.8654270799209673,0.023743467541256297,0.047271728515625,0.3148202896118164,3.4175169467926025
32902.67990181409,696,45613056,45613056,934.9514119047858,1595.6504096508343,690,100,20.179999828338623,13.970955666829424,63.0,0.0,17.060000038146974,13.312264870224743,51.0,0.0,0.0014244903504732065,0.19127075094729662,0.002258679409957646,2.4004450167218847,0.01107994210178731,0.11022949218749999,0.8485004728039106,0.023452493905400235,0.0462188720703125,0.28693196922540665,3.4187989234924316
32962.68018842861,697,45735680,45678592,2043.7235706524168,1092.261449033442,693,100,20.079999923706055,13.775107777454233,52.0,0.0,17.130000019073485,13.742383403341384,56.0,0.0,0.0002449527188825111,0.201447622384876,0.0022072653543242873,2.4047459959983826,0.010068552034984652,0.106353759765625,0.8485266311715046,0.023266554751899093,0.0467376708984375,0.31156784296035767,3.419373035430908
33045.041398566216,699,45809664,45809664,898.2869469303647,1591.428777952757,693,100,20.079999923706055,13.775107777454233,52.0,0.0,17.130000019073485,13.742383403341384,56.0,0.0,-0.0024143730236877064,0.20521308000509939,0.0022353394767075465,2.3951095665494604,0.008770201001728614,0.095123291015625,0.8412972645213206,0.023740030049035944,0.047027587890625,0.30234190076589584,3.4206759929656982
33105.0415822044,700,45930752,45875200,2018.1271565798556,1092.263323645757,696,100,21.22999973297119,14.595105265570208,59.0,1.0,16.630000114440918,12.153728036830266,56.0,0.0,-9.155240210626894e-05,0.20228914326677722,0.0022208142157372395,2.3890467757980027,0.008937996734554568,0.10126241048177083,0.8540555189053218,0.024427448515780274,0.0470123291015625,0.29983221739530563,3.4214887619018555
33186.304256351665,702,46006272,46006272,929.3319570451697,1612.9422440919557,696,100,21.22999973297119,14.595105265570208,59.0,1.0,16.630000114440918,12.153728036830266,56.0,0.0,-6.17736683731588e-05,0.215905806204925,0.00229589131049579,2.384248507519563,0.008306492133366799,0.09214274088541666,0.8401553221046925,0.024016635880495112,0.049560546875,0.3139011561870575,3.4233345985412598
33246.30441544205,703,46129664,46071808,2056.527880436468,1092.2637705222733,699,100,21.650000190734865,13.861006452697962,61.0,0.0,18.869999980926515,13.326405959587968,55.0,0.0,0.0011288284586044028,0.2302837491345902,0.002267326424771454,2.3925324007868767,0.009520604001712249,0.09555562337239583,0.827760378519694,0.022805455955676734,0.0473480224609375,0.3062645271420479,3.4240145683288574
33328.51801593974,705,46202880,46202880,890.5582477446013,1594.286093864461,699,100,21.650000190734865,13.861006452697962,61.0,0.0,18.869999980926515,13.326405959587968,55.0,0.0,-0.0004053779242288632,0.19586908755203086,0.0022548403891657167,2.377537486453851,0.010011081128444252,0.10797119140625,0.8574083639929692,0.025102764639693,0.0485382080078125,0.3149062842130661,3.4257118701934814
33388.519341858104,706,46325504,46268416,2043.6881706054887,1092.2425295929127,702,100,20.370000076293945,15.373779536709856,64.0,0.0,16.410000133514405,11.783967910034889,50.0,0.0,-0.001704064964239175,0.19179643287012976,0.002183436418514854,2.3983947783708572,0.009954336166629218,0.10413106282552084,0.8667526890834173,0.022727112324597933,0.04498291015625,0.30511828511953354,3.4260497093200684
33470.39739655331,708,46399488,46399488,903.5876618638534,1600.8196639248893,702,100,20.370000076293945,15.373779536709856,64.0,0.0,16.410000133514405,11.783967910034889,50.0,0.0,-0.0016377992263490644,0.20964454486966133,0.0022322463434344777,2.3875632236401243,0.010230762491725423,0.10622660319010417,0.8354764562100172,0.02287476098475357,0.0455474853515625,0.2904162257909775,3.4268124103546143
33530.397470524535,709,46522880,46465024,2056.530797931565,1092.2653200632378,705,100,21.289999771118165,13.709336349926414,47.0,0.0,16.65,12.797167916211443,51.0,0.0,0.0018787069493555464,0.19872357215111455,0.002277979983773548,2.3795322626829147,0.010746054990401413,0.11168416341145833,0.8436041722695033,0.025177147743913036,0.0496673583984375,0.3357390761375427,3.4276559352874756
33612.306531460956,711,46596096,46596096,893.8693614962963,1600.2136821192437,705,100,21.289999771118165,13.709336349926414,47.0,0.0,16.65,12.797167916211443,51.0,0.0,-0.0013889673646190206,0.22432792962839207,0.0022860925479714447,2.376999822755655,0.011139657427217267,0.11481730143229167,0.8358540448049705,0.025049127696547657,0.0472412109375,0.29263393580913544,3.4299087524414062
33672.30680851452,712,46711040,46661632,1915.7244873616937,1092.2616230837275,708,100,22.19000024795532,15.421864077827738,61.0,1.0,17.839999961853028,14.97245469602899,53.0,0.0,0.0018176307930843905,0.21772113209590316,0.002296183670599324,2.381075988213221,0.011596030131840962,0.1179656982421875,0.8465567578872045,0.0247619921186318,0.04547119140625,0.2941690608859062,3.4307374954223633
33755.30952202529,714,46792704,46792704,983.8714488461516,1579.129096580657,708,100,22.19000024795532,15.421864077827738,61.0,1.0,17.839999961853028,14.97245469602899,53.0,0.0,-0.0021076149084062004,0.21942872616151968,0.002217090848716907,2.391502407689889,0.010056535217396839,0.10666910807291666,0.8402834453930457,0.022362805417894076,0.0433197021484375,0.27536747232079506,3.431594133377075
33815.31008759141,715,46910976,46858240,1971.1814194427966,1092.2563709466579,711,100,19.419999980926512,13.858701069359974,48.0,2.0,15.649999904632569,12.611403823683368,50.0,0.0,-0.00023867288594677427,0.2278503168684741,0.0022887659797561355,2.3762577051917715,0.01027567026964486,0.11638895670572917,0.8283605072647333,0.024761867864678305,0.0466766357421875,0.3110814839601517,3.4322915077209473
33897.4518059697,717,46989312,46989312,953.6688730960813,1595.681251716319,711,100,19.419999980926512,13.858701069359974,48.0,2.0,15.649999904632569,12.611403823683368,50.0,0.0,-0.0026442015902527296,0.23026407975703478,0.0022690693779926128,2.3824657474954924,0.00859139716339996,0.09628804524739583,0.842629697173834,0.023015429576238,0.0449371337890625,0.2714880742132664,3.433234214782715
33957.4579027053,718,47111936,47054848,2043.5256860701177,1092.1556902587686,714,100,19.319999980926514,13.489166041106973,49.0,0.0,17.639999675750733,12.653473854922579,46.0,0.0,-0.00044758514559362084,0.21603472298011184,0.0022509208307989565,2.385344753662745,0.00959724420135899,0.10902913411458333,0.8400415647774934,0.022799460353174556,0.0462493896484375,0.29192277789115906,3.433774709701538
34039.12158076279,720,47185920,47185920,905.959684401121,1605.0220014303598,714,100,19.319999980926514,13.489166041106973,49.0,0.0,17.639999675750733,12.653473854922579,46.0,0.0,-0.003094609060402339,0.1993888120632619,0.002250840909255203,2.3789050926764803,0.009521067946479889,0.09351094563802084,0.8610656590511402,0.02318611725543936,0.046844482421875,0.3037840649485588,3.435246706008911
34099.12187348679,721,47302912,47251456,1949.8571538336262,1092.2613378148978,717,100,19.869999980926515,12.90167069519538,49.0,1.0,16.14000015258789,12.213124252205679,49.0,0.0,-0.0013662057511586074,0.19269746852417785,0.0022277264069998637,2.389934482673804,0.008778615067058126,0.10049438476562499,0.8606323283165693,0.022685960866510868,0.0456390380859375,0.28989430516958237,3.435887098312378
34181.620962608606,723,47382528,47382528,965.0530793429566,1588.7690566675042,717,100,19.869999980926515,12.90167069519538,49.0,1.0,16.14000015258789,12.213124252205679,49.0,0.0,-0.0019304055191848115,0.2246975974800686,0.0022292926854182342,2.397273100912571,0.009389276179717854,0.10732014973958334,0.8390689957886934,0.023017284751404077,0.0457000732421875,0.2966165319085121,3.4365458488464355
34241.62148851901,724,47507200,47448064,2077.848453964554,1092.2570928437904,720,100,19.14000015258789,13.795665858092056,60.0,0.0,16.469999980926513,13.49996700091215,54.0,1.0,4.50154523908476e-06,0.21027896537755927,0.0022577623579612314,2.3973991548021636,0.009569672762760698,0.10280863444010417,0.8393830259641012,0.023448636891165126,0.0469512939453125,0.2931416220963001,3.4372522830963135
34322.46063007414,726,47579136,47579136,889.8659562204933,1621.392774323461,720,100,19.14000015258789,13.795665858092056,60.0,0.0,16.469999980926513,13.49996700091215,54.0,1.0,-0.0011483978062945728,0.22181955988829336,0.00217698030610336,2.405171242853006,0.00820087928150315,0.0859375,0.8284771678348383,0.021797903677603852,0.04400634765625,0.2873702943325043,3.438385486602783
34382.46106827073,727,47700224,47644672,2018.1185944554104,1092.2586895995455,723,100,20.229999923706053,13.414808784873083,50.0,0.0,17.999999904632567,12.932130503983581,51.0,0.0,-0.0020906510956895845,0.20431267361467081,0.002189503393310588,2.3915558035175004,0.008015439672211263,0.08551025390625001,0.8412334366391103,0.022666929406113923,0.0465850830078125,0.29870761930942535,3.439070701599121
34464.910872926936,729,47775744,47775744,915.9512301441721,1589.7187451993766,723,100,20.229999923706053,13.414808784873083,50.0,0.0,17.999999904632567,12.932130503983581,51.0,0.0,-0.0020317902187040695,0.20369860297068954,0.0021249438456531302,2.390814147889614,0.008638809311378282,0.0864715576171875,0.8293173195173343,0.02280993910972029,0.0475311279296875,0.32541240006685257,3.4402620792388916
34524.91106194444,730,47891456,47841280,1928.5272579098407,1092.2632257188477,726,100,21.310000038146974,14.09375393794058,46.0,0.0,17.260000038146973,13.765623917680067,51.0,0.0,-0.0019322294707914507,0.19634788009958964,0.0021701864219115428,2.3853111465771994,0.008003440225972252,0.09140523274739583,0.8245987830062707,0.02251936728134751,0.0481719970703125,0.32170388847589493,3.4406301975250244
34606.93467836641,732,47972352,47972352,986.2525395592562,1597.9787982732253,726,100,21.310000038146974,14.09375393794058,46.0,0.0,17.260000038146973,13.765623917680067,51.0,0.0,-0.000496503848504896,0.2050774022160719,0.002168539918784518,2.4046110287308693,0.010022531824991649,0.1035003662109375,0.8207454805572827,0.022315702730945002,0.0454254150390625,0.2943653091788292,3.4415831565856934
34666.93495880626,733,48092160,48037888,1996.7906670052923,1092.2615614387923,729,100,21.129999923706055,14.108617829251434,62.0,0.0,15.279999828338623,13.212176066911642,56.0,0.0,-0.0008659415592167836,0.18206757097505033,0.0021202193978145565,2.3952778354287148,0.008236120082074194,0.0914306640625,0.8492174887408812,0.023881679711242516,0.044464111328125,0.29859758913517,3.4419002532958984
34749.508737027645,735,48168960,48168960,930.0773399770571,1587.3319935608442,729,100,21.129999923706055,14.108617829251434,62.0,0.0,15.279999828338623,13.212176066911642,56.0,0.0,3.044261150838186e-05,0.18965467632127306,0.0020971449145387546,2.3968562334775925,0.008719423317112765,0.09446207682291666,0.852247631798188,0.02505266214332854,0.048065185546875,0.32514549046754837,3.4435617923736572
34809.50890410878,736,48288000,48234496,1983.9944751992691,1092.2636250559417,732,100,20.810000038146974,13.22776996483396,44.0,0.0,16.10999994277954,13.510658702225475,47.0,0.0,-0.001504330245855575,0.19523782655596733,0.0020933124081542096,2.3931280225515366,0.009522645115187819,0.097503662109375,0.8484104716529449,0.025104798434767872,0.0482635498046875,0.3140352591872215,3.444338083267212
34891.71743908711,738,48365568,48365568,943.5516643186336,1594.3843304658099,735,100,18.129999780654906,13.50529889966619,50.0,0.0,14.68000020980835,12.049796972193374,46.0,0.0,-0.0008428523469774518,0.20369168161414564,0.0021550762782377815,2.3848573515812554,0.010071536402998996,0.10689798990885416,0.8277651909738779,0.025710616707025714,0.047637939453125,0.31866756081581116,3.4452779293060303
34951.71806137636,739,48484096,48431104,1975.4461783511476,1092.2553383539823,735,100,18.129999780654906,13.50529889966619,50.0,0.0,14.68000020980835,12.049796972193374,46.0,0.0,-0.0001502464341077332,0.2056630318984389,0.0021612559915714273,2.3945792764425278,0.008763458423951912,0.08916727701822916,0.815472229073445,0.024964003455049046,0.0484771728515625,0.3168512284755707,3.446326971054077
35033.85935648531,741,48562176,48562176,950.5572062924298,1595.689474169587,737,100,18.979999542236328,12.779655668904265,49.0,0.0,16.09000015258789,13.569889769304028,51.0,0.0,-0.00040972193043368554,0.19904413369173807,0.0021573414584660595,2.3906657124559088,0.00972818619690467,0.09985860188802083,0.8467731364071368,0.024497489309093606,0.046630859375,0.3094646483659744,3.447195053100586
35093.859646618366,742,48685312,48627712,2052.2567428745547,1092.261384981052,737,100,18.979999542236328,12.779655668904265,49.0,0.0,16.09000015258789,13.569889769304028,51.0,0.0,-0.0005995626464330901,0.19946294138208034,0.0021446001095076403,2.388147751490275,0.009465558236115612,0.09856160481770833,0.839835807060202,0.024118774434706818,0.047027587890625,0.32182738929986954,3.4477012157440186
35175.33238745481,744,48758784,48758784,901.7985555131477,1608.78348579349,740,100,20.19999990463257,12.857682550015946,47.0,0.0,17.949999809265137,12.894475609202937,54.0,0.0,-0.0014529689748693877,0.18666996760293839,0.0021097431623881375,2.3866237501303353,0.009436718079086859,0.0954437255859375,0.8554124211271604,0.024971009600752346,0.0471649169921875,0.3239031881093979,3.448868751525879
35235.33259881288,745,48874240,48824320,1924.2598882023856,1092.2628190239705,740,100,20.19999990463257,12.857682550015946,47.0,0.0,17.949999809265137,12.894475609202937,54.0,0.0,-0.001043966934958007,0.1803436086823543,0.002090989670250565,2.3922886078556376,0.00821621577051701,0.09028625488281251,0.8539820841203133,0.024158487309856962,0.047149658203125,0.31326889246702194,3.4493846893310547
35317.64596237056,747,48955392,48955392,985.8909476239832,1592.3538333863703,743,100,17.2,13.736811849290051,47.0,0.0,16.50999994277954,13.187490057551821,54.0,0.0,0.0019988553807100593,0.1832025570329279,0.0021889804678115374,2.3864234934250512,0.009190057761467566,0.10129292805989584,0.839210561166207,0.024772867599191766,0.048004150390625,0.3398703709244728,3.4504544734954834
35377.646584196016,748,49076480,49020928,2018.1124181054017,1092.255346797004,743,100,17.2,13.736811849290051,47.0,0.0,16.50999994277954,13.187490057551821,54.0,0.0,0.0006755675519040475,0.19093577843159437,0.002121784411428962,2.3735461210211115,0.010200618732293757,0.10559590657552083,0.822283461689949,0.025377227381492656,0.0487518310546875,0.33300531655550003,3.4510653018951416
35459.473711606115,750,49152000,49152000,922.921314608919,1601.8159765415814,746,100,19.69000005722046,13.04890388757234,46.0,0.0,16.45999984741211,12.583655964627775,51.0,0.0,0.0014825165720443085,0.1896973008600374,0.002187216749007348,2.380727221568425,0.011302762747315379,0.1078033447265625,0.8434892427176236,0.025206028891261667,0.0501708984375,0.34505219757556915,3.452430009841919
35519.473765389994,751,49272576,49217536,2009.598198600238,1092.2656875619127,746,100,19.69000005722046,13.04890388757234,46.0,0.0,16.45999984741211,12.583655964627775,51.0,0.0,-0.0021332367080807066,0.21702811882520714,0.0021454554031758257,2.391808860003948,0.009983406723525453,0.09951273600260416,0.8341655265539885,0.023499978143566597,0.047393798828125,0.31401176005601883,3.453052520751953
35600.7070812583,753,49348608,49348608,935.970656710165,1613.5251725104529,749,100,21.50999984741211,13.571657847286987,50.0,0.0,16.85,13.400279726918155,51.0,0.0,-0.00024682174019593123,0.218121652957052,0.002129625715800406,2.373410602410634,0.009235121107849409,0.09279886881510417,0.830223796889186,0.02316240033057208,0.0483245849609375,0.3254019021987915,3.454484462738037
35660.70722977817,754,49463808,49414144,1919.9952473758085,1092.263962951571,749,100,21.50999984741211,13.571657847286987,50.0,0.0,16.85,13.400279726918155,51.0,0.0,-0.0009210377344667601,0.22675371418396634,0.0021627733537267586,2.378290131688118,0.010975007950643583,0.1115570068359375,0.8230063915252684,0.023397846496663988,0.0462646484375,0.3002488948404789,3.45487117767334
35743.47003416903,756,49545216,49545216,983.6302744833987,1583.7066054575475,752,100,20.119999980926515,13.069261618869342,49.0,1.0,19.11000003814697,13.922567966192004,50.0,0.0,-0.0004895992751698941,0.2019828254512201,0.0021351621520201056,2.3785269235571227,0.009175401717584462,0.10135396321614583,0.8324681563923756,0.023932532737186797,0.0487060546875,0.3363141342997551,3.4562227725982666
35803.47005143948,757,49670144,49610752,2082.132734010657,1092.2663522678856,752,100,20.119999980926515,13.069261618869342,49.0,1.0,19.11000003814697,13.922567966192004,50.0,0.0,0.0008743576302852791,0.2243345819103221,0.0021275361796142533,2.3919003556172056,0.00904013249964919,0.10274251302083333,0.831050507724285,0.023600528734580923,0.047698974609375,0.3121296316385269,3.4566831588745117
35884.24314233102,759,49741824,49741824,887.424254895111,1622.7186375224885,755,100,19.139999771118163,14.25273298268861,70.0,0.0,19.749999809265137,13.311930987676547,53.0,0.0,-0.002760072252082561,0.2261200874733428,0.0021221958983611935,2.3820578356583915,0.009932549646691768,0.1055450439453125,0.8302095104008913,0.023254994477611035,0.0458526611328125,0.30371851474046707,3.457382917404175
35944.243436187506,760,49861120,49807360,1988.256928963404,1092.2613171987798,755,100,19.139999771118163,14.25273298268861,70.0,0.0,19.749999809265137,13.311930987676547,53.0,0.0,-0.001564074188839489,0.204830525132517,0.002091602019694013,2.3841146032015486,0.008391195078729652,0.09908040364583333,0.8451778391997019,0.022183966706506908,0.0458526611328125,0.3221348375082016,3.4577674865722656
36025.73786666617,762,49938432,49938432,948.6783274133397,1608.3553100517547,758,100,18.469999885559083,13.998182057044358,54.0,0.0,16.730000019073486,13.351295766931413,47.0,0.0,-0.002078760771837551,0.20424522560400266,0.002081843641159746,2.390041120350361,0.010168241799571357,0.10391743977864584,0.8534515965729951,0.02391084188517804,0.0457916259765625,0.31315139681100845,3.4583001136779785
36085.73808975518,763,50059520,50003968,2018.1258296384594,1092.2626054702869,758,100,18.469999885559083,13.998182057044358,54.0,0.0,16.730000019073486,13.351295766931413,47.0,0.0,-0.00024907540500862524,0.19801181244353452,0.002059855842768836,2.3791787077983217,0.008701223364065907,0.09660847981770834,0.8517171094814936,0.024103936040773984,0.047943115234375,0.326840341091156,3.458824872970581
36167.573800206184,765,50135040,50135040,922.8245173628943,1601.6479758976336,758,100,18.469999885559083,13.998182057044358,54.0,0.0,16.730000019073486,13.351295766931413,47.0,0.0,-0.0014774695373489521,0.2213267289722959,0.00205330071185017,2.386792714397113,0.010385837821862271,0.10578409830729166,0.8483086861670016,0.022422162098033976,0.0444183349609375,0.28130224347114563,3.460251808166504
36227.57802626304,766,50249216,50200576,1902.7993110320085,1092.1897390677,761,100,21.060000038146974,13.515043393596452,48.0,0.0,17.889999771118163,13.431228100026757,50.0,0.0,-0.00014456167991738766,0.22905944862092534,0.0021399443018405386,2.372534746925036,0.010008295360724635,0.10754903157552083,0.8244703983267149,0.02313318212206165,0.04705810546875,0.30711530148983,3.4608139991760254
36309.827257834375,768,50331648,50331648,1002.2221293156991,1593.5954354336582,761,100,21.060000038146974,13.515043393596452,48.0,0.0,17.889999771118163,13.431228100026757,50.0,0.0,-0.0018636138702277094,0.22065754157180587,0.0021185157772076004,2.367401930193106,0.010233150635637381,0.10465494791666667,0.8463148847222328,0.024575877352617678,0.049591064453125,0.3124238923192024,3.462221145629883
36369.82741618715,769,50452480,50397184,2013.8613516576956,1092.2637839499366,765,100,18.72000036239624,13.255248021829836,49.0,0.0,16.69000024795532,12.77630203809711,51.0,0.0,-0.0012692347833459885,0.2095036779840787,0.002099215882481076,2.375010865430037,0.009309715659279998,0.09882100423177084,0.8534909443308909,0.024868781135107078,0.0490264892578125,0.3179126977920532,3.4630613327026367
36451.695676490664,771,50528256,50528256,925.5845882039483,1601.0111795960186,765,100,18.72000036239624,13.255248021829836,49.0,0.0,16.69000024795532,12.77630203809711,51.0,0.0,-0.0011073251662310213,0.23002877986679474,0.002077552834331679,2.3831056281924248,0.009616921891696013,0.10024007161458333,0.8235850855708121,0.023692416104798518,0.0482025146484375,0.3305469751358032,3.4646682739257812
36511.69596593268,772,50650112,50593792,2030.9235360898995,1092.2613975609543,768,100,18.679999828338623,13.67031810509122,64.0,0.0,16.420000076293945,12.829013803613385,49.0,0.0,0.0007136497830894466,0.19681851651209098,0.002068540522789893,2.389271373550097,0.010891908133999095,0.10767618815104166,0.8493458578983942,0.023153450922109187,0.0463104248046875,0.3145233318209648,3.4649558067321777
36593.248250447214,774,50724864,50724864,916.6144203683249,1607.214326125282,768,100,18.679999828338623,13.67031810509122,64.0,0.0,16.420000076293945,12.829013803613385,49.0,0.0,-0.000769009401362079,0.2026526654760043,0.0021100706871948205,2.3844620436429977,0.009108767733171893,0.09549967447916666,0.8324995351334413,0.02359735859014715,0.0475616455078125,0.3268784135580063,3.4660778045654297
36653.24872601032,775,50848768,50790400,2065.0502989709958,1092.2580093730887,771,100,20.519999980926514,13.812660784777803,47.0,0.0,16.689999771118163,13.89798186087671,49.0,0.0,-0.0015006181638455018,0.21349092619493604,0.0020849025604547933,2.3672118932008743,0.009260156307088133,0.0980377197265625,0.8309641716380914,0.02498449171738078,0.0470733642578125,0.3015771955251694,3.4669554233551025
36733.93284237571,777,50921472,50921472,901.0943327525695,1624.5080928497027,771,100,20.519999980926514,13.812660784777803,47.0,0.0,16.689999771118163,13.89798186087671,49.0,0.0,-0.0014414778246039837,0.20977668937606114,0.002053467525305071,2.378775837520758,0.009541816029013718,0.09798177083333334,0.8226685517778,0.024281307240016755,0.05072021484375,0.3493668809533119,3.468353033065796
36793.93316145055,778,51042048,50987008,2009.589313176879,1092.2608581173695,774,100,21.27999973297119,12.948420704284063,49.0,0.0,21.84000015258789,13.98979634595271,52.0,0.0,-0.0020754629925553067,0.22643996154268584,0.0019945326093875337,2.3908028180400533,0.009739923349722327,0.10385640462239583,0.8020682769517103,0.024197977191458143,0.0475921630859375,0.31602298468351364,3.4686849117279053
36874.895971711725,780,51118080,51118080,939.0978370776791,1618.916136645696,774,100,21.27999973297119,12.948420704284063,49.0,0.0,21.84000015258789,13.98979634595271,52.0,0.0,-0.0006550637699547224,0.207374377331386,0.0020580907330440827,2.3827380388975143,0.010300038914162238,0.10552469889322917,0.8271233669171731,0.02498095926906293,0.046417236328125,0.29843752086162567,3.4692256450653076
36934.89616333507,781,51237120,51183616,1983.9936636749612,1092.263178281269,777,100,21.429999828338623,14.710713749545706,60.0,0.0,19.570000171661377,14.198771153631712,54.0,0.0,0.0014482678792167765,0.20288049809945127,0.0020307738923293073,2.389801169435183,0.010422705275535312,0.11474100748697916,0.834887245669961,0.025120610177206498,0.047027587890625,0.3280045986175537,3.469951629638672
37016.063948538154,783,51314688,51314688,955.6500747916483,1614.8278491528843,777,100,21.429999828338623,14.710713749545706,60.0,0.0,19.570000171661377,14.198771153631712,54.0,0.0,0.0007591592511744237,0.2056427402421832,0.0021005747112212703,2.3849581678708396,0.009997738708383016,0.11241658528645833,0.8399220040688913,0.026473476842511445,0.0489501953125,0.3342289850115776,3.4709606170654297
37076.064065508544,784,51434496,51380224,1996.796107233007,1092.26453728985,780,100,20.519999980926514,14.378094202626707,51.0,1.0,19.34000015258789,13.873154035687103,51.0,0.0,-0.0011534048984079468,0.22914626030251384,0.002065170854621101,2.3784165630737943,0.011232938143924306,0.11040751139322916,0.824733500679334,0.02647190579834084,0.047698974609375,0.3182102292776108,3.471680164337158
37157.31421241164,786,51511296,51511296,945.2290602205918,1613.1909294431434,780,100,20.519999980926514,14.378094202626707,51.0,1.0,19.34000015258789,13.873154035687103,51.0,0.0,0.0007754999484556416,0.21886863559484482,0.002056853433411258,2.386751644313336,0.00965089921252608,0.10602315266927083,0.8395568889876207,0.025008832182114322,0.047454833984375,0.2959715500473976,3.4726569652557373
37217.31486090273,787,51625728,51576832,1907.179386852849,1092.2548613743386,784,100,19.76999988555908,13.775234989863678,50.0,0.0,18.23000011444092,12.399076578623408,48.0,0.0,-0.0009464394000436489,0.2362876613624394,0.002050368534886123,2.391749242941539,0.011123327615374972,0.11225382486979167,0.8245603876809279,0.02353467867942527,0.04693603515625,0.3289952874183655,3.4732296466827393
37301.01656081155,789,51707904,51707904,981.7721753502649,1565.9419120851576,784,100,19.76999988555908,13.775234989863678,50.0,0.0,18.23000011444092,12.399076578623408,48.0,0.0,-0.0019859959017291353,0.21654508697489896,0.002086817998739813,2.3916358798742294,0.009887003810338987,0.10665384928385417,0.820471658060948,0.02376095774040247,0.045166015625,0.2963210791349411,3.4737327098846436
37361.01701010205,790,51829760,51773440,2030.91812546303,1092.2584876439826,786,100,21.299999809265138,14.381585626244997,62.0,1.0,18.810000133514404,13.214911883788979,49.0,0.0,-0.0009825119656549457,0.21306213705490032,0.002065774671791587,2.386020595828692,0.010011563292209757,0.10934956868489583,0.8487618546932936,0.023556356764553737,0.0458984375,0.3199981302022934,3.4740021228790283
37443.0524278786,792,51904512,51904512,911.2161798652243,1597.7489181198455,786,100,21.299999809265138,14.381585626244997,62.0,1.0,18.810000133514404,13.214911883788979,49.0,0.0,-0.0015190533619412843,0.19663664737405878,0.0020050278847823697,2.3983102490504584,0.009934622284466363,0.09999593098958333,0.8352492184688648,0.022858914414731164,0.045623779296875,0.32168395817279816,3.474534273147583
37503.05288768746,793,52025088,51970048,2009.5845995867287,1092.2582961660353,790,100,22.05000009536743,14.718950270405658,62.0,0.0,17.530000019073487,13.694856657874228,48.0,0.0,0.002791663248596403,0.20411969209089875,0.0020510437546666558,2.4017909864584603,0.010400479429639137,0.10990905761718749,0.8401941855748495,0.02330317775097986,0.04595947265625,0.3197135776281357,3.474874258041382
37584.326781220734,795,52101120,52101120,935.5033540859165,1612.7195868417145,790,100,22.05000009536743,14.718950270405658,62.0,0.0,17.530000019073487,13.694856657874228,48.0,0.0,-0.0009456551900560347,0.21696313245532414,0.0019920605251779002,2.3684331948558492,0.009671252131738584,0.09971110026041666,0.8296927344053984,0.023969096422661096,0.049285888671875,0.31364089995622635,3.475806474685669
37644.32733657956,796,52220672,52166656,1992.5148906544553,1092.2565567613287,793,100,21.490000343322755,13.498514902010465,50.0,0.0,18.7399995803833,13.493420633166346,57.0,0.0,-0.001635793351548879,0.21421214239671826,0.001985104852792574,2.3754613026976585,0.010060688397667642,0.103759765625,0.8385519230117401,0.023604104140152536,0.0478973388671875,0.31336935609579086,3.4763545989990234
37726.904053002596,798,52297728,52297728,933.1443939384508,1587.2755139418166,793,100,21.490000343322755,13.498514902010465,50.0,0.0,18.7399995803833,13.493420633166346,57.0,0.0,0.0007324354204077584,0.2073940655682236,0.0019404020701282811,2.3772168681025505,0.008314205912635467,0.091278076171875,0.8407971113920212,0.02460875903489068,0.049530029296875,0.32149288058280945,3.477226495742798
37786.906176459044,799,52414208,52363264,1941.2646301517202,1092.2280116897591,796,100,22.07000026702881,14.720906894530971,50.0,0.0,19.229999923706053,12.679791027309044,45.0,0.0,0.0021112450340297073,0.18336509494110942,0.0019327352820255328,2.3709678401549654,0.008158835102221929,0.0864410400390625,0.8643257524818182,0.027335264390179265,0.0501708984375,0.347476601600647,3.4782793521881104
37870.12972278334,801,52494336,52494336,962.804441038413,1574.9388939669886,796,100,22.07000026702881,14.720906894530971,50.0,0.0,19.229999923706053,12.679791027309044,45.0,0.0,0.00041494589095236734,0.19803238892927766,0.0019450994683817648,2.3766999989748,0.009891924893357402,0.10512288411458334,0.8493371661752462,0.025348587330275524,0.04815673828125,0.3295952305197716,3.4790449142456055
37930.1302299425,802,52614400,52559872,2001.0497524881873,1092.2574341939785,796,100,22.07000026702881,14.720906894530971,50.0,0.0,19.229999923706053,12.679791027309044,45.0,0.0,0.0016709265182726085,0.20902273532313606,0.001937040534054783,2.3645856281121573,0.0108323541238254,0.10616556803385417,0.8447543109456698,0.026759215747006238,0.04803466796875,0.3239666000008583,3.479484796524048
38011.3460983932,804,52690944,52690944,942.4759158545833,1613.8718023998215,799,100,22.7,14.06093871728836,49.0,1.0,16.309999847412108,12.654402281328199,46.0,1.0,-0.0003260986268287524,0.21605445460105938,0.0020040623712702654,2.374250183502833,0.011424428143679203,0.11278788248697917,0.8312743759403626,0.024447557438785832,0.04656982421875,0.30840813368558884,3.480381965637207
38071.34617837146,805,52812288,52756480,2022.39730420313,1092.2652107088636,799,100,22.7,14.06093871728836,49.0,1.0,16.309999847412108,12.654402281328199,46.0,1.0,-0.0027842537383548915,0.19092867205229896,0.0019929860003079134,2.375913836061955,0.008711111198257035,0.09249369303385417,0.8515058886259794,0.023904005822259933,0.0477294921875,0.3266773149371147,3.4810848236083984
38152.50687181018,807,52887552,52887552,927.345452719971,1614.968951675596,802,100,21.69000005722046,13.419906866504814,47.0,1.0,17.000000143051146,12.814054639483953,58.0,0.0,-0.0021152339346978506,0.2287751802553733,0.0019646453571719276,2.3834961379567785,0.009634866126361885,0.10167439778645834,0.8313861433416605,0.023423555248882625,0.0446014404296875,0.28886041045188904,3.482152223587036
38212.50717130676,808,53007616,52953088,2001.0566781729353,1092.2612145250991,802,100,21.69000005722046,13.419906866504814,47.0,1.0,17.000000143051146,12.814054639483953,58.0,0.0,-0.000905032090183037,0.20899605751037598,0.0019518900638407406,2.3909057453274727,0.009211661670027144,0.097198486328125,0.8354617661486069,0.021819407721826185,0.047119140625,0.31687384843826294,3.482440948486328
38295.30547752231,810,53084160,53084160,924.4633555755088,1583.027552022276,805,100,20.000000095367433,13.543263973737245,63.0,1.0,17.369999980926515,14.105782660917152,56.0,0.0,-0.0012713657245816043,0.2216175476399561,0.0019328953846221946,2.383109701176484,0.009665861546333568,0.09795633951822916,0.8355801782260338,0.024293804230789345,0.04718017578125,0.30249300599098206,3.483513593673706
38355.30565371923,811,53202432,53149696,1971.1942113609232,1092.263459109083,805,100,20.000000095367433,13.543263973737245,63.0,1.0,17.369999980926515,14.105782660917152,56.0,0.0,-0.0019889173345291056,0.19275114910366636,0.0019269495872625462,2.3741879438360534,0.010062933103351194,0.10133870442708334,0.8373665263255436,0.024171529415374,0.048675537109375,0.34070540964603424,3.4838852882385254
38437.73874063417,813,53280768,53280768,950.2980287615671,1590.041146163145,808,100,21.210000038146973,13.8335063100939,49.0,0.0,16.939999961853026,12.942040166101126,51.0,0.0,-0.001358664905031522,0.20504169600705305,0.0019562956864926186,2.3718593617280326,0.008453184825460387,0.09450276692708333,0.8372524057825406,0.024525988129122805,0.0481414794921875,0.31617506593465805,3.485585927963257
38497.73920800723,814,53398016,53346304,1954.1181116307014,1092.2581584660688,808,100,21.210000038146973,13.8335063100939,49.0,0.0,16.939999961853026,12.942040166101126,51.0,0.0,-0.0014581434588762932,0.22756071109324694,0.0019755098619498312,2.3762951716780663,0.00934551205379345,0.09734598795572917,0.817788607130448,0.022758093235703807,0.0516815185546875,0.34287966042757034,3.486219882965088
38581.05596291646,816,53477376,53477376,952.5094932760779,1573.176969539845,811,100,19.95,13.226772020043583,49.0,0.0,17.50999984741211,14.153088028209128,50.0,0.0,-0.0010306365111318883,0.23305122088640928,0.001949518897163216,2.391777607301871,0.009334887501609044,0.0955047607421875,0.8229775677124659,0.02166288908726225,0.04718017578125,0.2970294952392578,3.4870593547821045
38641.05617783964,817,53597440,53542912,2001.059498765713,1092.2627541237155,811,100,19.95,13.226772020043583,49.0,0.0,17.50999984741211,14.153088028209128,50.0,0.0,-0.001562038441382659,0.2169909126435717,0.002028346683800919,2.3878341615200047,0.008639549057988916,0.10174560546875,0.8239395208656788,0.022958347496266164,0.0471954345703125,0.3086610957980156,3.4876277446746826
38722.55856170505,819,53673984,53673984,939.1627136501459,1608.1983591601158,814,100,19.15000009536743,13.858841816390461,62.0,0.0,17.879999923706055,13.011748373255195,47.0,0.0,-5.017041985411197e-05,0.23217903403565285,0.0019784102187259123,2.410242758691311,0.009363689759387247,0.09122721354166667,0.8220136140783628,0.022161856778742123,0.0456390380859375,0.2897057458758354,3.4888265132904053
38782.564225334674,820,53798656,53739520,2077.6705473924094,1092.1635731672623,814,100,19.15000009536743,13.858841816390461,62.0,0.0,17.879999923706055,13.011748373255195,47.0,0.0,-0.0012470801593735812,0.2195482829896112,0.0019161883634903156,2.406103936334451,0.009579070225299802,0.09773763020833333,0.8205912094563246,0.021855227086537827,0.046112060546875,0.30837714672088623,3.4890856742858887
38865.20649023354,822,53870592,53870592,870.4504902912787,1586.0165517051057,817,100,17.160000038146972,13.10779907251701,50.0,0.0,17.339999961853028,13.420298137140655,55.0,0.0,-0.0019667817202086253,0.23215931871285042,0.001923309459622639,2.393703160186609,0.00832296627474231,0.09383138020833333,0.8047011755406857,0.022884098192056022,0.0479736328125,0.30812712758779526,3.4897828102111816
38925.20651337318,823,53991936,53936128,2022.3992200401453,1092.2662454225258,817,100,17.160000038146972,13.10779907251701,50.0,0.0,17.339999961853028,13.420298137140655,55.0,0.0,-0.002098260483762715,0.21598164939011139,0.001920753236239155,2.4046388541658716,0.008793593846955142,0.09745279947916667,0.8266235981136562,0.02115706754072259,0.045928955078125,0.30001429468393326,3.4901130199432373
39007.00486074202,825,54067200,54067200,920.116388912206,1602.3795616430255,820,100,22.799999904632568,14.34851927200685,62.0,0.0,18.860000133514404,12.848361785056964,47.0,0.0,-0.002149199676447703,0.19863611296750608,0.001955084877408808,2.3915488173564277,0.00910361641945201,0.09549967447916667,0.8485097705076138,0.021964528714306656,0.0458984375,0.3030567094683647,3.491057872772217
39067.00514138304,826,54189056,54132736,2030.9238339910837,1092.2615577767172,820,100,22.799999904632568,14.34851927200685,62.0,0.0,18.860000133514404,12.848361785056964,47.0,0.0,-0.002031110549675456,0.22040008512946466,0.0019358217432454694,2.386808226505915,0.008441661537896532,0.09115091959635417,0.8260539981226126,0.021480170971093077,0.0482177734375,0.32277657836675644,3.4914634227752686
39148.52208198421,828,54263808,54263808,917.0118437801999,1607.911178135145,823,100,22.93000011444092,14.532209290587296,59.0,1.0,20.470000076293946,13.748058029280248,49.0,0.0,-0.000981103815623404,0.21898676548153162,0.0019063396927473757,2.390234808127085,0.009835533868681523,0.1024627685546875,0.8353484484056632,0.022132942588844646,0.0452880859375,0.2964719384908676,3.4925918579101562
39208.52605097368,829,54376448,54329344,1877.2091562768906,1092.1944181974636,823,100,22.93000011444092,14.532209290587296,59.0,1.0,20.470000076293946,13.748058029280248,49.0,0.0,-0.002726599831172886,0.21837090925934413,0.0018967608969736225,2.3873535667856536,0.008666309799082226,0.09655253092447917,0.8376501643409332,0.022173297242261473,0.0455474853515625,0.2895680256187916,3.492833375930786
39291.46194121428,831,54460416,54460416,1012.4446696889746,1580.4014356120579,827,100,20.660000228881835,14.052914490116626,53.0,1.0,18.950000095367432,13.238107633765559,51.0,1.0,-0.002374669158598408,0.20958084613084793,0.0018616765046317596,2.3929310515522957,0.00870798950745666,0.09473673502604167,0.8357689461360375,0.021369650882358353,0.045440673828125,0.30432190001010895,3.4936258792877197
39351.462118571624,832,54579712,54525952,1988.2607894557264,1092.2634379842618,827,100,20.660000228881835,14.052914490116626,53.0,1.0,18.950000095367432,13.238107633765559,51.0,1.0,-0.0014807405532337725,0.2181870165901879,0.0018441130475063499,2.3992813006043434,0.009511848679418714,0.09933980305989584,0.8314800436298052,0.02110993084109699,0.0453643798828125,0.2947734594345093,3.4939944744110107
39432.69955633953,834,54657024,54657024,951.6794488383202,1613.4433039907944,830,100,21.160000228881835,15.192577096631712,51.0,0.0,19.39000015258789,14.734242557541524,55.0,0.0,-0.0016902104543987664,0.19262465570742884,0.0018486936617894874,2.3959972709417343,0.009341250404759196,0.093658447265625,0.8459182698279619,0.021883299496645726,0.0447845458984375,0.2977095693349838,3.494506359100342
39492.69956875034,835,54769664,54722560,1877.3329450131266,1092.26644073491,830,100,21.160000228881835,15.192577096631712,51.0,0.0,19.39000015258789,14.734242557541524,55.0,0.0,-0.0023251940195526304,0.1892931361217052,0.0017778873358717344,2.411052686472734,0.008680471698122952,0.09317525227864583,0.843224468951424,0.021330993874774627,0.046295166015625,0.2984301298856735,3.4950950145721436
39575.35432823934,837,54853632,54853632,1015.888262443918,1585.7767999124574,833,100,22.2,13.985707099082735,59.0,0.0,19.610000324249267,14.365162908876144,53.0,0.0,-0.002287537368829362,0.20135090818318227,0.0018368289092904888,2.410979099571705,0.008934341299512502,0.09851582845052083,0.8194698294003805,0.02157431154046208,0.044647216796875,0.304029643535614,3.4952149391174316
39635.354437625036,838,54977024,54919168,2056.5295840845642,1092.264675364416,833,100,22.2,13.985707099082735,59.0,0.0,19.610000324249267,14.365162908876144,53.0,0.0,-0.0030647581843368243,0.20646843515957394,0.0018526343471118405,2.3996724908550577,0.009441917035777198,0.10166422526041667,0.820197032764554,0.02216369443340227,0.048065185546875,0.31707829236984253,3.4955966472625732
39716.88283046894,840,55050240,55050240,898.0429694006432,1607.6853158501024,836,100,20.250000095367433,14.085719821104297,49.0,0.0,17.960000038146973,13.963466661015744,55.0,0.0,-0.0018065643065104573,0.18706887401640415,0.0018092564435695144,2.393912774821122,0.009780409556090794,0.09544881184895834,0.8307920340448618,0.02297846068783353,0.0485992431640625,0.3221204951405525,3.49633526802063
39776.88294880651,841,55174400,55115776,2069.329252010024,1092.2645124011672,836,100,20.250000095367433,14.085719821104297,49.0,0.0,17.960000038146973,13.963466661015744,55.0,0.0,0.0009850047184348416,0.203134720834593,0.0018190037881140597,2.390480024119218,0.00956509248862858,0.1033782958984375,0.8334311824291945,0.02379450745259722,0.04754638671875,0.30866339802742004,3.497091293334961
39858.27763681486,843,55246848,55246848,890.0826549340055,1610.3262167003916,839,100,22.989999961853027,14.702717566107653,61.0,1.0,21.15999984741211,14.157485845498906,51.0,0.0,-0.0027182836662783907,0.1829944948355357,0.0017563729003692667,2.4060905749599137,0.007403404514964981,0.0843963623046875,0.8478678539395332,0.02264462426925699,0.0472869873046875,0.31125064939260483,3.497896194458008
39918.278015570715,844,55364864,55312384,1966.9209169531857,1092.2597716703158,839,100,22.989999961853027,14.702717566107653,61.0,1.0,21.15999984741211,14.157485845498906,51.0,0.0,0.000893529890163336,0.19049099281740683,0.0017978951618715655,2.399007303019365,0.009578468055527384,0.09890238444010417,0.8392075995604197,0.023376588476821777,0.047515869140625,0.3090651407837868,3.498178243637085
40000.23779525049,846,55443456,55443456,958.9093614827483,1599.2234302253,839,100,22.989999961853027,14.702717566107653,61.0,1.0,21.15999984741211,14.157485845498906,51.0,0.0,-0.0016233722587154866,0.1815279726870358,0.0017728771369244591,2.3931905950109167,0.007821304917039622,0.08407084147135417,0.8495464157313108,0.024084439462361235,0.0489654541015625,0.3215720131993294,3.4995336532592773
40060.23801993765,847,55563520,55508992,2001.0591731283212,1092.2625763770793,842,100,22.50999984741211,15.03628583932281,61.0,1.0,19.530000066757204,14.190458232686177,49.0,0.0,-0.0007935696133548239,0.20034563432758054,0.0018234005340976485,2.396996001402537,0.008595635797973955,0.09327189127604166,0.8258028862377007,0.02443355156962449,0.0457305908203125,0.3070792257785797,3.4995384216308594
40142.567263318226,849,55640064,55640064,929.7303953853502,1592.0466971147134,842,100,22.50999984741211,15.03628583932281,61.0,1.0,19.530000066757204,14.190458232686177,49.0,0.0,-0.0014418344217119736,0.21525506923596063,0.0018055898581224028,2.392423215011756,0.01009502588143126,0.10080973307291667,0.8251137199501197,0.023513275082223117,0.0488433837890625,0.3174603655934334,3.5008647441864014
40202.56769845821,850,55762176,55705600,2035.1852401587896,1092.2587452424532,846,100,18.589999866485595,13.088999177128875,46.0,0.0,15.890000057220458,14.442226320908501,56.0,0.0,-0.0019372620542223253,0.21872811764478686,0.00185241666258662,2.3949638803799944,0.009256224749454608,0.09923299153645833,0.8168008259187143,0.02317576496473824,0.0473785400390625,0.28701575100421906,3.5015385150909424
40283.52659774199,852,55836672,55836672,920.1706132252672,1618.9943435441126,846,100,18.589999866485595,13.088999177128875,46.0,0.0,15.890000057220458,14.442226320908501,56.0,0.0,8.27965704957023e-05,0.1947504790344586,0.001836761961991821,2.4045000945528345,0.009194494240243026,0.09783426920572917,0.835771324733893,0.024065192264970392,0.048004150390625,0.3156823664903641,3.5022523403167725
40343.526709398255,853,55958528,55902208,2030.9295538999106,1092.264634030204,849,100,20.000000095367433,14.224626272376286,46.0,0.0,21.07000026702881,15.637298120042193,57.0,0.0,-0.0005339196068234742,0.20587336458265781,0.0018529115986893887,2.415216070910295,0.009950207765238398,0.1006317138671875,0.8255465272814037,0.023360672969526302,0.04925537109375,0.3272758200764656,3.5027804374694824
40424.747106587514,855,56033280,56033280,920.3599414296524,1613.7818151095273,849,100,20.000000095367433,14.224626272376286,46.0,0.0,21.07000026702881,15.637298120042193,57.0,0.0,0.0026572627587787183,0.19883285276591778,0.0018237791785698694,2.409227689107259,0.008398189787233907,0.08876546223958333,0.8293400574475526,0.023884839766348403,0.04840087890625,0.3374510928988457,3.503460645675659
40484.747433895245,856,56151296,56098816,1966.922603517096,1092.2607082437669,852,100,22.29000005722046,14.220615009724378,49.0,0.0,20.85999984741211,14.472746569964482,58.0,0.0,-0.001350231449274967,0.1942191543057561,0.0017796449198309952,2.4116445158918696,0.0095987023099345,0.09620157877604166,0.8324595279991627,0.0231581701276203,0.0469970703125,0.3099071830511093,3.5039589405059814
40566.46563882567,858,56229888,56229888,961.7440822019236,1603.9510426299182,852,100,22.29000005722046,14.220615009724378,49.0,0.0,20.85999984741211,14.472746569964482,58.0,0.0,-0.0017607956979190933,0.2171859828134378,0.0018633026690319336,2.390291554232438,0.010434124204645439,0.1006317138671875,0.8108387067914009,0.023421965384234984,0.0492401123046875,0.3203524425625801,3.5049304962158203
40626.46587510593,859,56351232,56295424,2022.392035811316,1092.262365332694,855,100,19.080000019073488,14.376842140262168,50.0,0.0,17.249999713897704,13.023344373077435,52.0,0.0,-0.0017130591089274578,0.19429965635451177,0.001792188665907209,2.395933377246062,0.008080171858940352,0.08912658691406249,0.8223301873852809,0.024310681774901848,0.0463104248046875,0.2980664595961571,3.505213975906372
40707.767527280375,861,56426496,56426496,925.737644771493,1612.1689596020558,855,100,19.080000019073488,14.376842140262168,50.0,0.0,17.249999713897704,13.023344373077435,52.0,0.0,-0.00025696338222284487,0.191231121464322,0.0018441703662877749,2.40228912482659,0.00868388029266498,0.08434549967447917,0.8233511708676816,0.024924013666653384,0.05108642578125,0.34690412133932114,3.5066475868225098
40767.767919970676,862,56545536,56492032,1983.9870151256994,1092.2595180046862,858,100,21.739999771118164,13.897208161645823,61.0,0.0,19.599999809265135,14.241488726057883,54.0,0.0,-0.002387528458105711,0.2071057129651308,0.0018958670067756125,2.3982628012696905,0.008989755319513886,0.09514363606770834,0.8140866762648027,0.024482053646352142,0.0489654541015625,0.31212929636240005,3.507293462753296
40850.00136181526,864,56623104,56623104,943.2658813746356,1593.9014233129155,858,100,21.739999771118164,13.897208161645823,61.0,0.0,19.599999809265135,14.241488726057883,54.0,0.0,-0.0014486275443535608,0.19186083359333375,0.001884186002522862,2.3965413520733514,0.008746113554176798,0.09364827473958333,0.8475939904650053,0.024407676479313523,0.0474090576171875,0.3138435035943985,3.50816011428833
40910.00190683082,865,56738560,56688640,1924.2491875709024,1092.2567450513327,861,100,20.490000343322755,14.325149188863069,50.0,0.0,18.75,15.158743498602384,59.0,0.0,0.00042099124645271035,0.20197613234631717,0.0018269185554042149,2.4037934963901835,0.008395871477963132,0.09478759765624999,0.8243066240102054,0.02468716058259209,0.0485382080078125,0.32026219367980957,3.508603096008301
40992.797073792666,867,56819712,56819712,980.1538299620087,1583.0875739449477,861,100,20.490000343322755,14.325149188863069,50.0,0.0,18.75,15.158743498602384,59.0,0.0,0.0005994699846875543,0.2020166654450198,0.001899842673689515,2.399515680968761,0.008804427121503977,0.09485371907552084,0.8237109805146853,0.024025260179769248,0.0494537353515625,0.32187699526548386,3.509779214859009
41052.7974309586,868,56936192,56885248,1941.3217770999483,1092.2601646979929,861,100,20.490000343322755,14.325149188863069,50.0,0.0,18.75,15.158743498602384,59.0,0.0,-0.0012126266835063386,0.19912657933309677,0.0018342201256018598,2.4091126720110574,0.009585688628552209,0.09511311848958334,0.8251096035043399,0.023300662908392646,0.0475616455078125,0.306676410138607,3.5102434158325195
41134.96566743404,870,57016320,57016320,975.1700101772568,1595.1662786286117,864,100,23.589999866485595,15.207954704367186,64.0,0.0,20.159999752044676,14.550408775135786,57.0,0.0,-0.00044807089579990134,0.18639176882182557,0.0018803659731929656,2.4022046948472657,0.008297090714525742,0.08802795410156251,0.8301623407751322,0.02417243436987822,0.0471649169921875,0.30857932567596436,3.511154890060425
41194.96581767872,871,57138176,57081856,2030.9282477304862,1092.2639315525303,864,100,23.589999866485595,15.207954704367186,64.0,0.0,20.159999752044676,14.550408775135786,57.0,0.0,-0.0017301961512809307,0.1956553452958663,0.0018321219637679558,2.4101474632819495,0.00882212277247163,0.091766357421875,0.8161165416240692,0.023877594949832808,0.048126220703125,0.3331892415881157,3.5113658905029297
41277.16552130878,873,57212928,57212928,909.3950062937164,1594.5556274739138,868,100,20.30000009536743,13.832208640601246,49.0,0.0,18.489999961853027,13.809775345520881,49.0,0.0,-0.0012002454313915223,0.20837555429898205,0.0018857739378290719,2.384752079844475,0.010688425327316509,0.1114349365234375,0.8425702669968208,0.025788010001027335,0.049468994140625,0.33189844340085983,3.5124943256378174
41337.16562643647,874,57336832,57278464,2065.063048411457,1092.2647528787872,868,100,20.30000009536743,13.832208640601246,49.0,0.0,18.489999961853027,13.809775345520881,49.0,0.0,-0.001683115702083645,0.21593587131549916,0.0018750176580700402,2.3974796359737716,0.010044763823316318,0.10301717122395833,0.8320950878163179,0.024078963654271014,0.0482635498046875,0.3104970157146454,3.5130295753479004
41418.374318327755,876,57409536,57409536,895.2736253568971,1614.0144231786314,871,100,22.54000015258789,13.51030708069286,48.0,0.0,17.51999988555908,13.51701143762444,49.0,0.0,-0.0005163053356227465,0.2111937644270559,0.0018493298739485908,2.392544666926066,0.010317617836941888,0.10081481933593749,0.8310013705243667,0.024901586002670232,0.0458831787109375,0.3044247701764107,3.514328718185425
41478.37440553121,877,57527296,57475072,1962.6638141488102,1092.2650791784683,871,100,22.54000015258789,13.51030708069286,48.0,0.0,17.51999988555908,13.51701143762444,49.0,0.0,0.001787788532965351,0.21800269652158022,0.0018906927131562648,2.390201692779859,0.010570831479829696,0.10944112141927084,0.8291403179367383,0.02383360018332799,0.0458984375,0.29926832020282745,3.5147101879119873
41560.88472385518,879,57606144,57606144,955.6138141463707,1588.5528339056552,874,100,22.830000114440917,14.086912400145026,61.0,1.0,18.67000017166138,13.293648849914216,53.0,0.0,-0.0003929215357250845,0.19299830667053658,0.0018663519598097384,2.384312560160955,0.009547884982869922,0.0995635986328125,0.8541793040931225,0.024085014165999986,0.047515869140625,0.32408761233091354,3.5153183937072754
41620.8848495502,880,57719296,57671680,1885.8627159408047,1092.2643784634524,874,100,22.830000114440917,14.086912400145026,61.0,1.0,18.67000017166138,13.293648849914216,53.0,0.0,-0.001186424951204875,0.2102317821700126,0.0018920290118937069,2.389521243671576,0.00802721089530678,0.09540303548177084,0.8300754850109419,0.02413106655391554,0.0460968017578125,0.3145102709531784,3.5152993202209473
41703.58382025175,882,57802752,57802752,1009.1540353166738,1584.92903706177,877,100,22.119999885559082,14.157881193995422,50.0,0.0,20.120000076293945,13.880403563567674,52.0,0.0,-0.0010467366203859758,0.21422307294172543,0.0018926584925793577,2.3883537252744036,0.011288163793021036,0.10886128743489583,0.840377235164245,0.024917619690919917,0.047271728515625,0.3113008216023445,3.5160157680511475
41763.583951747045,883,57922816,57868288,2001.0622811620185,1092.2642728730848,877,100,22.119999885559082,14.157881193995422,50.0,0.0,20.120000076293945,13.880403563567674,52.0,0.0,0.0009377135308265375,0.19470863168438274,0.0019296558893984184,2.387996586660544,0.009773771474404686,0.10357157389322916,0.8420896405975024,0.02645573720413571,0.0467681884765625,0.31923095881938934,3.516347885131836
41844.902127472684,885,57999360,57999360,941.2901767281824,1611.8413728589612,880,100,21.380000114440918,13.794767085628328,51.0,1.0,19.179999923706056,13.851628172532898,52.0,0.0,-0.0007325412322340223,0.19793199196768305,0.0019265937141123382,2.389419086277485,0.009096781776558297,0.10027567545572917,0.843371986101071,0.024751220325318474,0.0475006103515625,0.31588366627693176,3.5171687602996826
41904.90241090767,886,58114816,58064896,1924.2575766346442,1092.2615069145652,880,100,21.380000114440918,13.794767085628328,51.0,1.0,19.179999923706056,13.851628172532898,52.0,0.0,-0.0019795043626800184,0.21316395862959325,0.0019099194372150425,2.386508497099082,0.009207092990739815,0.10277811686197917,0.8446247534205515,0.024667702770481505,0.0482635498046875,0.32977546751499176,3.517502784729004
41987.637681007385,888,58195968,58195968,980.8634201857781,1584.2336628868086,883,100,21.330000019073488,13.364920411338728,59.0,1.0,19.399999809265136,14.296852676227012,49.0,0.0,-0.0014698734109212333,0.19121707781838876,0.0019115212865775297,2.3863352288802466,0.008998756181123705,0.09116109212239583,0.8565015662461519,0.025140476490681372,0.0469512939453125,0.30985938012599945,3.518277406692505
42047.63810551353,889,58315264,58261504,1988.2525995759695,1092.2589388228503,883,100,21.330000019073488,13.364920411338728,59.0,1.0,19.399999809265136,14.296852676227012,49.0,0.0,-0.00185618550798002,0.19803213654085994,0.0018591299594845623,2.399689157803853,0.009514298655024806,0.09822591145833333,0.8530712214608988,0.024079673690721393,0.0475311279296875,0.3082701563835144,3.518648386001587
42130.158510115,891,58392576,58392576,936.8834335383654,1588.3586687802751,887,100,23.289999961853027,14.490890267260664,58.0,0.0,17.330000019073488,13.495225178975124,50.0,0.0,-0.0001212052496460577,0.2126018749549985,0.0018678550247083574,2.4043799961606664,0.009640570536551724,0.09870402018229167,0.8436072201778491,0.023873611566765856,0.0454864501953125,0.30844462662935257,3.5193631649017334
42190.15890778601,892,58507008,58458112,1907.1873594478125,1092.259427334765,887,100,23.289999961853027,14.490890267260664,58.0,0.0,17.330000019073488,13.495225178975124,50.0,0.0,-0.0010406693084708727,0.2156323582554857,0.0019140375952702016,2.3989613503217697,0.008937091964374606,0.09791056315104167,0.826078861951828,0.023740008512201406,0.0490264892578125,0.3325541689991951,3.519646644592285
42271.444614226,894,58589184,58589184,1010.9526459079307,1612.4852171490982,890,100,22.79000015258789,12.831441892765918,47.0,0.0,18.889999771118163,13.404398625917139,54.0,0.0,-0.0011364393382488438,0.2064642912397782,0.0018087196864750392,2.417880577345689,0.009388513573261054,0.0964813232421875,0.8429838164399067,0.021874468482565135,0.047821044921875,0.3236861303448677,3.520224094390869
42331.44490320608,895,58705920,58654720,1945.5906293843502,1092.2614059701616,890,100,22.79000015258789,12.831441892765918,47.0,0.0,18.889999771118163,13.404398625917139,54.0,0.0,-0.0020170903153484687,0.19713956016736725,0.0018508873302683546,2.395007799069087,0.009462887409123747,0.09145609537760417,0.8526844599594672,0.023660711653064936,0.0499267578125,0.3206211030483246,3.5206398963928223
42413.59010338597,897,58785792,58785792,972.3270480209225,1595.6136172651036,893,100,21.049999809265138,14.22559307756544,49.0,0.0,15.900000095367432,12.229881651532908,53.0,0.0,-0.0008425059616759729,0.20844961935654283,0.0018266872890914478,2.4037479609251027,0.00963652976679441,0.10046386718749999,0.8445298417160908,0.023755696311127394,0.04852294921875,0.3043486475944519,3.521466016769409
42473.59024796635,898,58905856,58851328,2001.061844761997,1092.2640346675294,893,100,21.049999809265138,14.22559307756544,49.0,0.0,15.900000095367432,12.229881651532908,53.0,0.0,-0.0006073873300920242,0.19249210172953704,0.0018562143620025986,2.4052779947717986,0.009731996826909986,0.09359232584635417,0.8490281620373329,0.025278911906449743,0.0486297607421875,0.3268636167049408,3.5220701694488525
42555.90016545355,900,58982400,58982400,929.9486907139659,1592.4205004867913,896,100,22.579999923706055,14.854077000586347,49.0,0.0,19.209999752044677,14.377965343421971,57.0,0.0,-0.001007518541882746,0.20514604658819735,0.0018268280243016002,2.411117138961951,0.00873813075789561,0.09615071614583334,0.8292556355396906,0.024085482504839696,0.048004150390625,0.32095203548669815,3.5231261253356934
42615.900643130764,901,59101952,59047936,1992.517470330193,1092.2579708876433,896,100,22.579999923706055,14.854077000586347,49.0,0.0,19.209999752044677,14.377965343421971,57.0,0.0,0.00012644605400661624,0.2021872930539151,0.001817608965211548,2.4079106996456785,0.009755119363641521,0.09718831380208333,0.848583514491717,0.0241479358713453,0.0467529296875,0.3235761821269989,3.52327299118042
42699.23415241018,903,59179008,59179008,924.6700476951391,1572.8606791359177,899,100,20.70999984741211,13.596539994454664,47.0,0.0,16.099999713897706,14.269898455425725,50.0,0.0,0.0010231473424937576,0.2048205080597351,0.001852038762687395,2.4066813364624977,0.008839769966774233,0.0909423828125,0.8599989923338095,0.023299778598205496,0.0501556396484375,0.33214961737394333,3.524528980255127
42759.23457961902,904,59299840,59244544,2013.8523277413572,1092.258889622431,899,100,20.70999984741211,13.596539994454664,47.0,0.0,16.099999713897706,14.269898455425725,50.0,0.0,-0.0012745370598471102,0.2315339877580603,0.0019134884738984208,2.4000427673260374,0.008991732229939467,0.09644571940104167,0.8482583500444888,0.023754621021604787,0.048614501953125,0.3111441433429718,3.5248870849609375
42841.25364365801,906,59375616,59375616,923.8827690593498,1598.0674924269833,902,100,21.219999885559083,14.34752966756592,48.0,0.0,19.589999961853028,14.551353869570624,57.0,0.0,0.00022073579990925885,0.22135186210895577,0.0019442692112837299,2.3981862316528955,0.009721470130292193,0.10185750325520834,0.8370240746686856,0.023608222836628556,0.0464019775390625,0.2939871475100517,3.525506019592285
42901.25409508869,907,59488256,59441152,1877.3192086752686,1092.2584486837927,902,100,21.219999885559083,14.34752966756592,48.0,0.0,19.589999961853028,14.551353869570624,57.0,0.0,-0.0010931825114918563,0.2259692121297121,0.0019646074239669056,2.387601082523664,0.009381584558165438,0.10429890950520833,0.8396368809044361,0.02448273415211588,0.0500335693359375,0.3280439004302025,3.5259432792663574
42984.690695347264,909,59572224,59572224,1006.3689045308568,1570.91731438963,905,100,21.820000171661377,14.47506813376034,61.0,0.0,19.90999984741211,14.025045257775783,53.0,0.0,-0.00031941433068520075,0.22757274595399699,0.0019362365152725638,2.4009327217936516,0.008274405906073904,0.0893402099609375,0.8186250769843657,0.022945134667679667,0.04730224609375,0.3099490776658058,3.526872158050537
43044.690917359665,910,59692544,59637760,2005.3259132129995,1092.2626250692083,905,100,21.820000171661377,14.47506813376034,61.0,0.0,19.90999984741211,14.025045257775783,53.0,0.0,-0.0013667957634121801,0.21645869361236691,0.0019301294026566516,2.3967676709095636,0.008710337526887693,0.09212239583333333,0.8285417289783558,0.024240709589018177,0.0471649169921875,0.297416515648365,3.5273654460906982
43126.447023259476,912,59768832,59768832,933.1168499327529,1603.2074737099647,908,100,21.320000171661377,14.063342351301666,49.0,0.0,20.84000015258789,15.114707932215689,51.0,0.0,-0.0005512717810537046,0.19850895398606858,0.0019361897587562755,2.3978542213638625,0.008447209501052082,0.08887227376302084,0.8394476876904567,0.024251891106056668,0.05126953125,0.3167339265346527,3.5285000801086426
43186.447417406365,913,59891456,59834368,2043.71990790259,1092.2594914886492,908,100,21.320000171661377,14.063342351301666,49.0,0.0,20.84000015258789,15.114707932215689,51.0,0.0,-0.0011210320614433535,0.20803448852772513,0.0018895735944776486,2.409484339257081,0.009188923540932592,0.0965728759765625,0.8406887017190456,0.023950411453067012,0.0481719970703125,0.31444673985242844,3.528827667236328
43269.123706815764,915,59965440,59965440,894.8635761051602,1585.3638441724638,911,100,20.98000040054321,14.676498116450936,63.0,0.0,18.410000038146972,14.382694471907042,55.0,0.0,0.000617149186534031,0.19931820485120016,0.0019378989818505943,2.406150497496128,0.010324758679416847,0.0986175537109375,0.8372734021395444,0.024859968883295853,0.0456390380859375,0.31401489675045013,3.529262065887451
43329.12375966273,916,60083968,60030976,1975.4649267111315,1092.2657046178178,911,100,20.98000040054321,14.676498116450936,63.0,0.0,18.410000038146972,14.382694471907042,55.0,0.0,0.0010367142676841468,0.19654881511814892,0.001951780729238332,2.3903168588876724,0.0097272402405603,0.1025848388671875,0.8477615894128879,0.027098528672164928,0.0490264892578125,0.3134031370282173,3.5298986434936523
43410.84003515728,918,60162048,60162048,955.5012086326866,1603.988914163723,914,100,21.170000076293945,12.947629272777958,52.0,0.0,17.239999771118164,13.537444211039764,50.0,0.0,-8.853159185188511e-05,0.20913967940335473,0.001849529900937341,2.386512619753679,0.009727260084522035,0.10677591959635416,0.8432654043038686,0.026489314914215356,0.0490570068359375,0.31844595074653625,3.530686378479004
43470.84003668837,919,60282112,60227584,2001.0666156029715,1092.266638793946,914,100,21.170000076293945,12.947629272777958,52.0,0.0,17.239999771118164,13.537444211039764,50.0,0.0,0.0009452170706936158,0.18721862502085665,0.0018861474951942607,2.3998418549696603,0.009621227206783564,0.0932769775390625,0.8402185409019391,0.02507512217077116,0.0482330322265625,0.34161198884248734,3.5310845375061035
43552.612732490525,921,60358656,60358656,936.0581701402763,1602.8822177652892,914,100,21.170000076293945,12.947629272777958,52.0,0.0,17.239999771118164,13.537444211039764,50.0,0.0,-0.000888016562385019,0.195738680427894,0.001864139473279162,2.401309738556544,0.009971973235830472,0.10237630208333333,0.8533343008408943,0.024317742616403848,0.0465545654296875,0.3193022981286049,3.531299114227295
43612.6134031862,922,60482560,60424192,2065.04358306992,1092.2544571609494,917,100,20.139999866485596,13.371626538584549,47.0,0.0,16.489999866485597,13.718232318283368,54.0,0.0,-0.0012664663251295374,0.19047365166867775,0.0018896994697570335,2.3984624917308492,0.00977925069128105,0.09500122070312499,0.8474801977475485,0.025180752427938085,0.0481719970703125,0.31867650896310806,3.5317444801330566
43694.389209283516,924,60555264,60555264,889.0649138142612,1602.8212530735977,917,100,20.139999866485596,13.371626538584549,47.0,0.0,16.489999866485597,13.718232318283368,54.0,0.0,0.00011724639140690366,0.2012734479115655,0.001923780987757103,2.3793088520566625,0.009790781068659271,0.0978851318359375,0.8483013218889633,0.02601131267147139,0.0484619140625,0.3318104073405266,3.5328097343444824
43754.38934624754,925,60679424,60620800,2069.3286096071415,1092.2641733184087,921,100,24.18000011444092,13.83862691162684,61.0,0.0,18.85000009536743,13.971667974939855,49.0,0.0,-0.0009962166550394613,0.20921382913365963,0.0018890632418333553,2.3725978831450147,0.00855095730245618,0.09308369954427084,0.8261550857375066,0.027304465610844392,0.047393798828125,0.3174680396914482,3.5331311225891113
43836.06424748339,927,60751872,60751872,887.0289269257322,1604.8014508338335,921,100,24.18000011444092,13.83862691162684,61.0,0.0,18.85000009536743,13.971667974939855,49.0,0.0,-0.0005394840651812653,0.19519248775516945,0.001884428055442792,2.392082822819551,0.008784218731913521,0.09251403808593749,0.8294149668266376,0.025219729209008317,0.050750732421875,0.3663279041647911,3.533796787261963
43896.06691535562,928,60869376,60817408,1958.3129245220146,1092.2181016941954,924,100,20.69999990463257,12.88991835862368,47.0,0.0,18.960000228881835,13.990654396577245,47.0,0.0,-5.820239069483548e-05,0.20218051900155842,0.0019201324236443422,2.377090409398079,0.00892706798307093,0.09040323893229166,0.8305634787927071,0.026505977070579927,0.0520477294921875,0.3328070119023323,3.534567356109619
43977.54544137418,930,60948480,60948480,970.8570327104464,1608.6692580833287,924,100,20.69999990463257,12.88991835862368,47.0,0.0,18.960000228881835,13.990654396577245,47.0,0.0,-0.001908472169210048,0.1905490946955979,0.0019113040859034904,2.390460049112638,0.008940412669592964,0.0942230224609375,0.8402286705871423,0.024651880007392414,0.0491485595703125,0.34753499180078506,3.5353007316589355
44037.54571580514,931,61073152,61014016,2077.857162861053,1092.2616708263442,927,100,21.749999904632567,15.099254854894534,63.0,0.0,15.730000019073486,12.973707982477949,54.0,0.0,-0.0006713354062715855,0.18996524740941823,0.0019021489679289514,2.390548311173916,0.010547293524117169,0.10117085774739584,0.8450727555900812,0.026176768044630688,0.050262451171875,0.3346913307905197,3.53580379486084
44119.42603342235,933,61145088,61145088,878.5505734882752,1600.7754221565724,927,100,21.749999904632567,15.099254854894534,63.0,0.0,15.730000019073486,12.973707982477949,54.0,0.0,-0.0021801518814754672,0.20151713443920016,0.0019095687857770827,2.408320223291715,0.009191496910110192,0.09541829427083333,0.8236547304938237,0.022831979013668995,0.0459747314453125,0.3220254257321358,3.5363335609436035
44179.42747256532,934,61265920,61210624,2013.8183637909067,1092.240468496763,930,100,21.58000020980835,14.346553577414246,60.0,0.0,18.07999997138977,14.09232391823169,52.0,0.0,-0.0020055146839392064,0.20751881568382186,0.001929417515687722,2.394131660461426,0.009707657727631158,0.10509236653645833,0.8260268953939278,0.023865731549449265,0.0477294921875,0.31428856402635574,3.5366902351379395
44260.94312928617,936,61341696,61341696,929.5882907439176,1607.936502908398,930,100,21.58000020980835,14.346553577414246,60.0,0.0,18.07999997138977,14.09232391823169,52.0,0.0,8.417205632819483e-05,0.1894435811943064,0.0018780039742220347,2.3923848147193594,0.009596235392261102,0.08841451009114583,0.8461938040951889,0.025268645743684225,0.0500640869140625,0.33158887177705765,3.5376689434051514
44320.94322858751,937,61465088,61407232,2056.5299297304323,1092.264858943964,933,100,23.24000015258789,13.924165792623493,68.0,1.0,16.839999866485595,13.145888957968161,48.0,0.0,-0.0007817047905215684,0.18692741946627697,0.0018580823331528034,2.407447216411432,0.008652118008588635,0.08751424153645833,0.8578586348642906,0.024744330497924235,0.0476226806640625,0.3451121151447296,3.537954330444336
44402.01240434311,939,61538304,61538304,903.1299420228515,1616.792064040909,933,100,23.24000015258789,13.924165792623493,68.0,1.0,16.839999866485595,13.145888957968161,48.0,0.0,-0.0011737246726018686,0.19683559495024383,0.0018540235845042239,2.3893781329194703,0.009056742374620322,0.10042317708333333,0.8401055528471867,0.024377475938914962,0.0470733642578125,0.33577436208724976,3.5388576984405518
44462.012638650835,940,61660928,61603840,2043.7253523228303,1092.2624012414292,936,100,22.4,13.982846603173556,50.0,1.0,18.840000057220458,14.037606942010761,46.0,0.0,0.0009874581761929828,0.1967627405344198,0.0019140047540228502,2.3782559856772423,0.010532262703539647,0.10690816243489583,0.8435856395711501,0.025635007264403004,0.049560546875,0.3452318236231804,3.5392985343933105
44543.35814326629,942,61734912,61734912,909.5032399115862,1611.2998575596268,936,100,22.4,13.982846603173556,50.0,1.0,18.840000057220458,14.037606942010761,46.0,0.0,0.0012792267225449905,0.19049962221955258,0.001926343681892225,2.3678169175982475,0.00875718681587993,0.08744303385416667,0.8553272585074106,0.026902535794458043,0.050506591796875,0.35836831480264664,3.539910316467285
44603.35824582726,943,61854208,61800448,1988.2632680299362,1092.2647996044284,939,100,24.09999990463257,15.568236883834949,64.0,0.0,20.480000019073486,15.012314790847784,51.0,0.0,-0.0008032861078390853,0.19655865384265778,0.0018756505014607683,2.367216852804025,0.008887275827267635,0.09334818522135417,0.8609212792168062,0.026011657590667408,0.0504150390625,0.3367641493678093,3.540553092956543
44685.2184110228,945,61931520,61931520,944.4398238792289,1601.1695027356463,939,100,24.09999990463257,15.568236883834949,64.0,0.0,20.480000019073486,15.012314790847784,51.0,0.0,-0.0014114073662009712,0.204601538212349,0.0019311107632044393,2.371933495004972,0.008677173524726339,0.09208170572916667,0.8421606297294298,0.02559949480928481,0.05169677734375,0.3645898774266243,3.541743755340576
44745.21875535138,946,62054656,61997056,2052.254889166392,1092.2603983920922,939,100,24.09999990463257,15.568236883834949,64.0,0.0,20.480000019073486,15.012314790847784,51.0,0.0,-0.0013198703915501633,0.21353307785466316,0.001892960260496087,2.383935466408729,0.01136292370999096,0.1079864501953125,0.844598044330875,0.02453062739611293,0.047698974609375,0.32512688636779785,3.541963577270508
44826.73640632816,948,62128128,62128128,901.3017318289859,1607.897166189689,943,100,22.540000343322752,13.920071875812136,63.0,0.0,19.389999866485596,14.324032384970112,53.0,0.0,-0.000497844511604247,0.20943942091738185,0.001938132333937877,2.373741534849008,0.0106104464927436,0.10649617513020833,0.8424850851297379,0.025590664202657838,0.04937744140625,0.31242160499095917,3.5428261756896973
44886.736889058724,949,62248192,62193664,2001.0505671954031,1092.2578788955718,943,100,22.540000343322752,13.920071875812136,63.0,0.0,19.389999866485596,14.324032384970112,53.0,0.0,-0.0008758901894907467,0.22102468810044232,0.0019119471059336015,2.3854328095912933,0.009230729016659705,0.10755411783854166,0.8384743655721346,0.024658745135335874,0.04754638671875,0.32414260506629944,3.5431199073791504
44968.29741502926,951,62324736,62324736,938.4932121165344,1607.05192175139,946,100,22.439999771118163,12.494254710698907,43.0,0.0,18.369999885559082,13.497151645840784,60.0,1.0,-0.0005025020582252182,0.22110186532760662,0.0019092247433339555,2.3940746188163757,0.00896542535762516,0.09136454264322917,0.8403821916629871,0.024299261218402535,0.04583740234375,0.3084409683942795,3.543877601623535
45028.29795432277,952,62445824,62390272,2018.115194059466,1092.256849216117,946,100,22.439999771118163,12.494254710698907,43.0,0.0,18.369999885559082,13.497151645840784,60.0,1.0,-0.00043483621508736786,0.23666915902867913,0.0019151207319130965,2.385503234962622,0.008950627605978905,0.09531656901041667,0.8363580430547396,0.023366164105633896,0.046722412109375,0.2872791662812233,3.5441462993621826
45109.597926959395,954,62521344,62521344,928.9056016973205,1612.2022646407734,949,100,22.960000038146973,13.686431285404042,51.0,0.0,18.11999979019165,13.779172506877709,59.0,0.0,-0.0008194906234469576,0.20593159583707651,0.0019071241513302082,2.39885347088178,0.009888158114335965,0.09696451822916667,0.8456452842801809,0.022416154368935775,0.0484619140625,0.3235955238342285,3.5449774265289307
45169.598383059725,955,62646016,62586880,2077.8508715255384,1092.2583636766692,949,100,22.960000038146973,13.686431285404042,51.0,0.0,18.11999979019165,13.779172506877709,59.0,0.0,-0.0013576657438534312,0.2501684658539792,0.0019401571929241375,2.401429911454519,0.008668844267958775,0.09853617350260417,0.8328031320124865,0.022788437510219715,0.0470733642578125,0.2999158948659897,3.545417308807373
45250.2720966395,957,62717952,62717952,891.6906983445897,1624.7175713609606,952,100,22.70999984741211,13.426313774606642,44.0,1.0,18.3,13.9323362627915,62.0,0.0,-0.0015656248239489892,0.23859444990133247,0.0019909244207762336,2.3967529882987337,0.009449533151685802,0.09439595540364583,0.8358541671186686,0.023423007786429174,0.0485687255859375,0.2918962948024273,3.546531915664673
45310.272454245016,958,62839552,62783488,2026.6545876189766,1092.260156695701,952,100,22.70999984741211,13.426313774606642,44.0,1.0,18.3,13.9323362627915,62.0,0.0,-0.001546584147339066,0.21432496467605233,0.001979944704847488,2.383847149709861,0.008453734301535103,0.09455362955729166,0.8452224315454562,0.02464772951013098,0.0483856201171875,0.30568741261959076,3.5470235347747803
45391.04768568091,960,62914560,62914560,928.6014867011311,1622.6756354640925,955,100,24.759999656677245,15.400727537791566,59.0,0.0,19.02000002861023,13.282303807558774,53.0,0.0,-0.002586294911452569,0.21193387281770507,0.0018941277485282626,2.3874853228529296,0.010274416311100746,0.10411071777343749,0.8505071780333916,0.02566609822679311,0.0472869873046875,0.312129870057106,3.548182725906372
45451.04804103449,961,63034368,62980096,1996.7881739029342,1092.260197690494,955,100,24.759999656677245,15.400727537791566,59.0,0.0,19.02000002861023,13.282303807558774,53.0,0.0,-0.0006136634838185273,0.19133768323808908,0.0019527663110541955,2.385923278828462,0.009599976653286527,0.10114542643229167,0.8678414889921745,0.026580161550858367,0.0481414794921875,0.321798600256443,3.5485575199127197
45532.46369547397,963,63111168,63111168,943.3075313186828,1609.9115201172187,959,100,23.129999732971193,14.866509268059195,58.0,1.0,18.499999904632567,12.994998873737428,50.0,0.0,-0.0002982476386629666,0.22571068032023808,0.0019813020541429673,2.390802147487799,0.010615453737652084,0.10910542805989584,0.8269339737792809,0.02540860160176332,0.0486297607421875,0.31328046321868896,3.549356698989868
45592.463913526386,964,63234560,63176704,2056.5258594927604,1092.2626971579807,959,100,23.129999732971193,14.866509268059195,58.0,1.0,18.499999904632567,12.994998873737428,50.0,0.0,0.0016187464304190748,0.217922895681113,0.0019539889193159374,2.400826178491116,0.011432534526951107,0.11370340983072917,0.8389197494834661,0.024368135763021805,0.047332763671875,0.32063931971788406,3.549560785293579
45674.46705392748,966,63307776,63307776,892.8438550265838,1598.377810397241,959,100,23.129999732971193,14.866509268059195,58.0,1.0,18.499999904632567,12.994998873737428,50.0,0.0,0.0018416881187780139,0.21772740936527651,0.0019963791164627764,2.386344686150551,0.009680394770839484,0.09533182779947917,0.8453464265912771,0.024769243978274364,0.0497894287109375,0.33008885383605957,3.5504488945007324
45734.46710455045,967,63431424,63373312,2060.7982612711953,1092.2657451044017,962,100,23.440000152587892,14.387022064793019,52.0,0.0,18.880000114440918,13.348617775386641,49.0,0.0,-0.0011037823351216502,0.20429705455899239,0.001933559705018221,2.3959570229053497,0.008302207132752908,0.08836364746093751,0.8486662860959768,0.023059121274854988,0.046478271484375,0.31592749804258347,3.5507447719573975
45815.9037303254,969,63504384,63504384,895.9113826943794,1609.4969401386745,962,100,23.440000152587892,14.387022064793019,52.0,0.0,18.880000114440918,13.348617775386641,49.0,0.0,0.0046600708131639594,0.22202196344733235,0.001843240913634266,2.386247212688128,0.00938267462879594,0.10065714518229167,0.8232138051340977,0.023546002242558945,0.0465087890625,0.29609372839331627,3.550922155380249
45875.903936440125,970,63619072,63569920,1911.4601003321409,1092.262914475509,966,100,24.420000076293945,13.031638485835916,50.0,1.0,18.879999923706055,14.167766276572406,51.0,1.0,0.0007563523189067686,0.21363588872676095,0.0018584442065427234,2.3846437657872834,0.00989019156319652,0.10326131184895833,0.8052031286060811,0.02410997178715964,0.04638671875,0.3126326873898506,3.551004409790039
45958.45214609802,972,63700992,63700992,992.3897845816875,1587.8236553307001,966,100,24.420000076293945,13.031638485835916,50.0,1.0,18.879999923706055,14.167766276572406,51.0,1.0,-0.0007870303306845016,0.17149897571653128,0.001830616211615658,2.3958879138032594,0.007925031819468131,0.07933553059895834,0.841566115617752,0.024712459999136623,0.0472412109375,0.329807884991169,3.55161452293396
46018.452403098345,973,63822336,63766528,2022.3913374127458,1092.2619881385292,969,100,24.729999923706053,14.663461669457439,67.0,1.0,19.55,14.57283430916715,53.0,0.0,0.0003288699857269724,0.17626936609546345,0.0017690374140026204,2.3776293247938156,0.006892481954006749,0.07647196451822916,0.8473772505919138,0.02458262325186903,0.05047607421875,0.35049833357334137,3.551983118057251
46100.74059299566,975,63897600,63897600,914.6391492378299,1592.8409673801661,969,100,24.729999923706053,14.663461669457439,67.0,1.0,19.55,14.57283430916715,53.0,0.0,0.00028625054740890243,0.1895844192864994,0.0018059762405755464,2.372651644051075,0.008207616893438779,0.09027099609375,0.8341744815309842,0.026793069982280336,0.0489044189453125,0.3226925954222679,3.5529751777648926
46160.74069255963,976,64016384,63963136,1979.730048170243,1092.2648541628926,972,100,24.189999961853026,14.863172775128234,59.0,0.0,18.280000114440917,13.976465962612028,58.0,0.0,0.0002856644350686111,0.1897656264094015,0.0017902202392482043,2.390576931337516,0.008543468606148963,0.08409627278645833,0.832357211659352,0.025021267395156126,0.0481109619140625,0.3307243436574936,3.5531437397003174
46244.273950466886,978,64094208,64094208,931.6528763478226,1569.0995812173855,972,100,24.189999961853026,14.863172775128234,59.0,0.0,18.280000114440917,13.976465962612028,58.0,0.0,-0.0010081066235822316,0.19062245093906918,0.0017518721251690295,2.391175073881944,0.00737879860692677,0.07816569010416666,0.8500521487245957,0.023525992777043335,0.0512237548828125,0.35135092586278915,3.5541090965270996
46304.27411550656,979,64214016,64159744,1996.7945074947756,1092.2636622193645,972,100,24.189999961853026,14.863172775128234,59.0,0.0,18.280000114440917,13.976465962612028,58.0,0.0,-0.0011750640502820413,0.18993354588747025,0.0017135318012151401,2.393871953090032,0.007874981563266676,0.08546956380208333,0.8575650149335464,0.024048960205012314,0.0498809814453125,0.3222813904285431,3.5546061992645264
46386.112783866,981,64290816,64290816,938.4316917607553,1601.590087271689,976,100,20.46999979019165,14.447459955979065,49.0,0.0,20.199999809265137,14.5010343277126,60.0,0.0,-0.0010124432010343298,0.19789020771471164,0.0017969809220327686,2.396123838921388,0.008243173661564166,0.093963623046875,0.8426870318750541,0.024177970403494935,0.0489044189453125,0.3267170116305351,3.555449962615967
46446.11294847913,982,64413696,64356352,2047.9943812206564,1092.26366998435,976,100,20.46999979019165,14.447459955979065,49.0,0.0,20.199999809265137,14.5010343277126,60.0,0.0,-0.000895685300444408,0.2022691834717989,0.0017719921306706965,2.39216070373853,0.008022360336932858,0.08758036295572917,0.8349620724717777,0.024759352692247678,0.0499725341796875,0.3359619528055191,3.555880308151245
46528.00573436171,984,64487424,64487424,900.2990825799424,1600.531702364342,979,100,21.810000133514404,14.085236651625205,50.0,0.0,18.79000005722046,13.947971030323652,52.0,0.0,-9.337196873578552e-05,0.202735751401633,0.0018731540039880201,2.3887405892213187,0.00992143297662551,0.10187276204427083,0.8430423438549041,0.025204155574707936,0.0491180419921875,0.32446449249982834,3.556852340698242
46588.00606600195,985,64609536,64552960,2035.1887508251175,1092.260629373648,979,100,21.810000133514404,14.085236651625205,50.0,0.0,18.79000005722046,13.947971030323652,52.0,0.0,-0.0016379746666643769,0.20029465419550738,0.0018127438379451632,2.392983411749204,0.008629989491964805,0.091766357421875,0.8410703521221876,0.025000439161279548,0.05059814453125,0.34524695575237274,3.5573160648345947
46669.47102913074,987,64684032,64684032,914.454473909565,1608.9370812429459,982,100,25.13999996185303,14.651975951607353,60.0,1.0,19.19999990463257,14.080482607252387,62.0,0.0,-0.0005089314217912033,0.1990597750991583,0.0018587665229764145,2.4042181819677353,0.010113381624857235,0.09856160481770834,0.8528821809838215,0.025161999627016485,0.051513671875,0.3461131826043129,3.5582284927368164
46729.47143571451,988,64803584,64749568,1992.5198312295502,1092.2592650851495,982,100,25.13999996185303,14.651975951607353,60.0,1.0,19.19999990463257,14.080482607252387,62.0,0.0,-0.000620982849795837,0.21975131953756016,0.001830577188229654,2.411006758610408,0.009461180082629046,0.1006927490234375,0.8243515851596992,0.02445234133241077,0.047210693359375,0.3129771202802658,3.5584628582000732
46811.29334673472,990,64880640,64880640,941.7526312844542,1601.9180970685734,986,100,21.610000228881837,14.55808695470777,65.0,0.0,19.73000011444092,14.507828975760507,63.0,0.0,5.1279947607933224e-05,0.19938047952018678,0.0018139105292599802,2.3921172842383385,0.008301196816925463,0.08735148111979167,0.8567098261167606,0.02544365047166745,0.049072265625,0.3275444880127907,3.5592641830444336
46871.29717717506,991,64998912,64946176,1971.0741652999886,1092.1969400796474,986,100,21.610000228881837,14.55808695470777,65.0,0.0,19.73000011444092,14.507828975760507,63.0,0.0,6.706559118659547e-05,0.1916308756917715,0.0017919233760039788,2.3955718725919724,0.009302598979047616,0.09936014811197916,0.8220041027913491,0.025517706041379522,0.0500640869140625,0.36401672661304474,3.5595321655273438
46953.07352506369,993,65077248,65077248,957.9297929357421,1602.8106339316992,989,100,21.189999675750734,14.275640161730493,64.0,0.0,17.5,13.639281398779847,52.0,0.0,-0.0011379073694115505,0.1931265213061124,0.0018150492093506425,2.3847522363066673,0.008760359259516312,0.09075927734375,0.8426630782584349,0.025366431024546426,0.0507354736328125,0.32836589217185974,3.5602431297302246
47013.073669286445,994,65200384,65142784,2052.261733619441,1092.2640411779146,989,100,21.189999675750734,14.275640161730493,64.0,0.0,17.5,13.639281398779847,52.0,0.0,0.0008482595900810944,0.1954233000675837,0.001768360634741839,2.3885509446263313,0.009431206925607208,0.09694417317708333,0.8293749857693912,0.024883207438203193,0.0494384765625,0.3414505645632744,3.5606584548950195
47094.89180421084,996,65273856,65273856,897.9916257916533,1601.992029286852,992,100,24.070000076293944,13.896226170334945,62.0,0.0,19.089999961853028,14.948641748945862,59.0,0.0,-0.00017949220637092372,0.19896971962104243,0.0017663491332010985,2.376758528252443,0.009932470316925901,0.10574849446614584,0.8380394509683052,0.025044709036592394,0.0499114990234375,0.3474523350596428,3.5615592002868652
47154.89201199263,997,65395968,65339392,2035.1929520660333,1092.2628841276824,992,100,24.070000076293944,13.896226170334945,62.0,0.0,19.089999961853028,14.948641748945862,59.0,0.0,-0.0002581932009585822,0.21090192704771957,0.0017373359890674087,2.3834591830770173,0.009762512115533657,0.1014556884765625,0.8278512048224609,0.025841257302090526,0.0496978759765625,0.33277035504579544,3.5617923736572266
47235.955314371735,999,65470464,65470464,918.9855065564835,1616.9092074120947,995,100,24.789999961853027,14.025187789435314,52.0,0.0,16.850000190734864,13.955196454263119,52.0,0.0,-0.0015526411589235065,0.1870134515532603,0.0017907773011150616,2.3772541532913842,0.008482956862887173,0.09190877278645833,0.8630580094953377,0.02751464326865971,0.0524749755859375,0.34594155102968216,3.563131332397461
47295.95541661419,1000,65591296,65536000,2013.8632349613176,1092.2648054027484,995,100,24.789999961853027,14.025187789435314,52.0,0.0,16.850000190734864,13.955196454263119,52.0,0.0,0.0011870584567077458,0.18790646960648397,0.001792786328830213,2.393949287633101,0.009694161190661058,0.10372416178385417,0.8727628706643978,0.025320520896154147,0.052490234375,0.35069412738084793,3.563699245452881
47377.83691917546,1002,65667072,65667072,925.4348983556756,1600.7522566152227,995,100,24.789999961853027,14.025187789435314,52.0,0.0,16.850000190734864,13.955196454263119,52.0,0.0,0.000596753908515287,0.22381871736918885,0.0018836478435938866,2.395587387184302,0.01058477338119701,0.10234578450520833,0.836842533821861,0.025601608930931736,0.0503082275390625,0.34091150015592575,3.5646259784698486
47437.837413406,1003,65787136,65732608,2001.0501836648325,1092.2576695483947,998,100,22.249999904632567,14.665861636822365,61.0,0.0,20.68000011444092,13.602117575008076,50.0,0.0,0.0015062654880845607,0.23062797154610354,0.0018280538703644804,2.3952247798442845,0.008967575826318354,0.09146118164062501,0.8220028399179379,0.02472822342921669,0.0496673583984375,0.3231104165315628,3.5650975704193115
47518.85452092998,1005,65863680,65863680,944.7881112929896,1617.8311470970257,998,100,22.249999904632567,14.665861636822365,61.0,0.0,20.68000011444092,13.602117575008076,50.0,0.0,-0.0002460889081703499,0.2250976866732041,0.0018129551766226844,2.3925803403059644,0.01016702429903186,0.09955851236979167,0.8333739619702101,0.02560310158878565,0.047882080078125,0.30606717616319656,3.5657753944396973
47578.85474393144,1006,65984256,65929216,2009.5925309653524,1092.2626070639706,1002,100,24.00999984741211,14.360010411645899,62.0,0.0,18.379999923706055,14.33999996836656,55.0,0.0,-0.0008124033774947748,0.22612621697286764,0.0018447686670697294,2.3972921818494792,0.010259489687693227,0.09538777669270833,0.8463765593866508,0.024620181958501536,0.0492706298828125,0.31363189965486526,3.5664522647857666
47661.01223591529,1008,66060288,66060288,925.4420767244179,1595.374893208424,1002,100,24.00999984741211,14.360010411645899,62.0,0.0,18.379999923706055,14.33999996836656,55.0,0.0,0.00010275171613708757,0.20059853970694044,0.0018454693078335065,2.398416357735793,0.009065813007206694,0.09131368001302083,0.84215599236389,0.025025146489497274,0.0498504638671875,0.3298439532518387,3.567385673522949
47721.01238695718,1009,66181888,66125824,2026.6615648199404,1092.2639170397995,1005,100,23.010000038146973,14.428094198185082,59.0,0.0,20.189999771118163,14.004067403552343,52.0,0.0,-0.001446569704664095,0.20532032211000723,0.0018416226836658705,2.3920955980817475,0.008972001319610474,0.08851114908854167,0.8335666010777155,0.024554373405408114,0.048065185546875,0.3260813504457474,3.567551374435425
47802.416101044044,1011,66256896,66256896,921.4321587337405,1610.1476630432599,1005,100,23.010000038146973,14.428094198185082,59.0,0.0,20.189999771118163,14.004067403552343,52.0,0.0,-0.0003698236881367241,0.22003124468028545,0.0018118192892870866,2.395762282113234,0.009850951434297409,0.10005696614583333,0.8370341776559751,0.025578725733794275,0.04791259765625,0.3137511685490608,3.568263292312622
47862.41614563204,1012,66377984,66322432,2018.1318335923108,1092.2658549675086,1008,100,24.039999961853027,14.386048822205984,64.0,0.0,22.969999980926513,14.82730944023973,53.0,1.0,0.00205949282584091,0.21579837907726565,0.0017764113241961845,2.402692591150602,0.009176893358016969,0.09698486328125001,0.8356167990714312,0.024793986638542265,0.049591064453125,0.32131821662187576,3.5685348510742188
47944.68316524103,1014,66453504,66453504,917.9863371608991,1593.2508631402723,1008,100,24.039999961853027,14.386048822205984,64.0,0.0,22.969999980926513,14.82730944023973,53.0,1.0,0.0010206257187140486,0.1976473648101091,0.0018037293084489647,2.3833071837822595,0.007770563878390628,0.08576456705729166,0.8627714533358813,0.025701421759246536,0.0509796142578125,0.34283655881881714,3.569272994995117
48004.683240631595,1015,66575616,66519040,2035.1974427553362,1092.265294225086,1011,100,22.339999771118165,13.983718907158844,59.0,0.0,20.310000228881837,14.24548676727506,47.0,0.0,-0.0006092679177527316,0.19612795882858336,0.0017644196220013935,2.3884676098823547,0.008510267454767018,0.08959960937499999,0.8536899425089359,0.026905154809355736,0.0495147705078125,0.34847452491521835,3.5695338249206543
48085.42101802677,1017,66650112,66650112,922.6907453171109,1623.4283903861194,1011,100,22.339999771118165,13.983718907158844,59.0,0.0,20.310000228881837,14.24548676727506,47.0,0.0,-0.0023082843763404526,0.21780931344255805,0.0017504595646945138,2.3947567914923034,0.008775514779093404,0.09495544433593751,0.8211205738286177,0.024477920824817073,0.0491943359375,0.3378627300262451,3.5704898834228516
48145.42111472227,1018,66768640,66715648,1975.4634830262576,1092.264906381689,1014,100,23.330000114440917,13.727384832648275,51.0,0.0,21.060000038146974,14.807984093323157,53.0,1.0,-0.0014980268194146145,0.20261874158556262,0.0018140463544114027,2.3851904744903245,0.009334438422229141,0.10028584798177083,0.831674945851167,0.025453113155284278,0.0498199462890625,0.33811675757169724,3.570922613143921
48227.46906054765,1020,66846720,66846720,951.6386938701943,1597.504954955867,1014,100,23.330000114440917,13.727384832648275,51.0,0.0,21.060000038146974,14.807984093323157,53.0,1.0,0.0022056414381950162,0.18691389122977853,0.0018326054741919506,2.3792760148644443,0.01006269432582485,0.10455830891927084,0.8526484295725822,0.027046906897642962,0.0489501953125,0.341150239109993,3.571291208267212
48287.46907141805,1021,66967040,66912256,2005.332970020572,1092.2664687771626,1018,100,24.719999885559083,14.231710947459984,56.0,1.0,21.180000019073486,14.815788699384232,50.0,0.0,0.0005260090256342664,0.1933323194583257,0.0018512225033191496,2.3735274051626525,0.00964446681246045,0.09668477376302084,0.8492965598901112,0.027128680531556405,0.05023193359375,0.3461588993668556,3.571751832962036
48369.3859203849,1023,67043328,67043328,931.2858216857245,1600.0615459835267,1018,100,24.719999885559083,14.231710947459984,56.0,1.0,21.180000019073486,14.815788699384232,50.0,0.0,-0.0007381348841590807,0.19219217884043852,0.0017565478822992493,2.3908083364367485,0.010624471190870585,0.10402425130208333,0.8542182619373003,0.02501784940250218,0.0489349365234375,0.3246859684586525,3.572481632232666
48429.386042591184,1024,67162624,67108864,1988.2626170301796,1092.264441973661,1018,100,24.719999885559083,14.231710947459984,56.0,1.0,21.180000019073486,14.815788699384232,50.0,0.0,0.0013738559500779954,0.22836590201283494,0.0018039914745410592,2.3823519945144653,0.009649621538604455,0.09999593098958333,0.829452596604824,0.025120719413583476,0.04913330078125,0.31756641715765,3.5730772018432617
48511.260708820075,1026,67239936,67239936,944.2725517056163,1600.8859154744223,1021,100,22.57999982833862,13.800130350398751,60.0,0.0,22.690000152587892,14.717129657340305,56.0,0.0,-0.0009953953485819511,0.22112508118152618,0.001796636355720693,2.3799800475438437,0.00875845324784071,0.09402974446614584,0.8436637365569671,0.025098566606175154,0.047515869140625,0.3196876347064972,3.5739898681640625
48571.264629492536,1027,67358208,67305472,1971.0712012570298,1092.195297666233,1021,100,22.57999982833862,13.800130350398751,60.0,0.0,22.690000152587892,14.717129657340305,56.0,0.0,-0.0004462280849111267,0.22210719188054404,0.0017585625234157,2.3833719367782273,0.00969546083251771,0.09986368815104167,0.8195085823535919,0.02398325454366083,0.049163818359375,0.32678453624248505,3.5744190216064453
48653.02650620602,1029,67436544,67436544,958.0993385769542,1603.094318141832,1024,100,24.76999988555908,13.427475431507665,50.0,0.0,19.82999982833862,14.875519880215945,52.0,0.0,0.0021576122380793095,0.2277256236411631,0.0017467713720786076,2.382980778813362,0.01020668555975135,0.1040191650390625,0.8412030376493931,0.02479272778145969,0.05035400390625,0.33070969581604004,3.575265645980835
48713.0266890917,1030,67558912,67502080,2039.4604501982603,1092.263337344675,1024,100,24.76999988555908,13.427475431507665,50.0,0.0,19.82999982833862,14.875519880215945,52.0,0.0,0.00023112481964441634,0.20625863410532475,0.0018089020486513618,2.3805944596727686,0.0084746477665855,0.093902587890625,0.8403894094129404,0.026868759188801054,0.0492401123046875,0.33441828191280365,3.575413227081299
48793.49353891425,1032,67633152,67633152,922.6159612774362,1628.8943868070598,1028,100,24.080000114440917,14.439307482668475,60.0,0.0,18.570000076293944,13.900543126868135,54.0,0.0,0.0010860916736419313,0.2064545082394034,0.0017079816764938491,2.395694906512896,0.00933168530173134,0.09773763020833334,0.8553156902392705,0.02525748066060866,0.04925537109375,0.33030662685632706,3.5764732360839844
48853.49372967705,1033,67751680,67698688,1975.4603859273275,1092.2631939468592,1028,100,24.080000114440917,14.439307482668475,60.0,0.0,18.570000076293944,13.900543126868135,54.0,0.0,-0.00019831490984264133,0.19033414761846265,0.0018128798377195685,2.3987487306197486,0.008830501911385605,0.09327189127604167,0.8459134350220362,0.02438972081290558,0.0504150390625,0.348011277616024,3.576794147491455
48935.199660271406,1035,67829760,67829760,955.6221859542055,1604.1919974050927,1031,100,21.939999961853026,14.041239221089622,58.0,1.0,18.700000095367432,13.331541363935093,53.0,0.0,-0.0012746457214234397,0.20725540211424232,0.0017699741038086356,2.390308268368244,0.008720184489599585,0.09258524576822917,0.8370347979168097,0.025565633569688846,0.048980712890625,0.32605478912591934,3.5775556564331055
48995.19991378486,1036,67953408,67895296,2060.7912926946424,1092.2620516145516,1031,100,21.939999961853026,14.041239221089622,58.0,1.0,18.700000095367432,13.331541363935093,53.0,0.0,-0.00161342842814823,0.2060204251514127,0.0017772178592470784,2.403211675584316,0.007816420307790395,0.08758544921875,0.8363935233404239,0.024327029280054074,0.047332763671875,0.31451575458049774,3.577834129333496
49076.72918471508,1038,68026368,68026368,894.8933207369104,1607.6680007624495,1034,100,24.56999988555908,14.713432552083919,51.0,0.0,20.00999984741211,14.547504952833753,49.0,0.0,-0.0011664326278454003,0.21449612562234202,0.0017818640699260868,2.3991191561023397,0.008889353940200332,0.09858194986979166,0.8469221089035273,0.02459151811975365,0.04718017578125,0.3108615353703499,3.5784173011779785
49136.72974235937,1039,68149760,68091904,2056.5142199430393,1092.256515156469,1034,100,24.56999988555908,14.713432552083919,51.0,0.0,20.00999984741211,14.547504952833753,49.0,0.0,0.0007264002633746713,0.19668913229058185,0.0017932742387832452,2.3895434414347014,0.007366089015704347,0.08421834309895833,0.8682324482748907,0.025427556907137237,0.0497589111328125,0.3270670026540756,3.578885793685913
49217.664843622595,1041,68222976,68222976,904.6260381126816,1619.4703899080175,1034,100,24.56999988555908,14.713432552083919,51.0,0.0,20.00999984741211,14.547504952833753,49.0,0.0,0.002192372353116904,0.21729286822179955,0.001767005573735029,2.396958271662394,0.008840417182606568,0.09417724609375001,0.8346882530798515,0.025299440933546673,0.0492095947265625,0.3200541213154793,3.579120635986328
49277.6653605476,1042,68344832,68288512,2030.9158361469495,1092.257256415166,1037,100,21.450000095367432,14.657676974963717,60.0,0.0,19.11000003814697,13.06437531539629,51.0,0.0,-0.0003793021314777434,0.19482108019292352,0.0017409011052222922,2.3920435582598047,0.009428224469350729,0.09842427571614583,0.8413337953388691,0.025451882490112133,0.0502166748046875,0.35583583265542984,3.5794756412506104
49358.74409646727,1044,68419584,68419584,921.9680000199111,1616.6014246924467,1037,100,21.450000095367432,14.657676974963717,60.0,0.0,19.11000003814697,13.06437531539629,51.0,0.0,-0.000544505591581886,0.20303430741963288,0.00177249394376607,2.3871827324231463,0.009338741487226798,0.09617106119791667,0.8511083306123812,0.025664808209209394,0.048858642578125,0.3282405063509941,3.5801568031311035
49418.74420052022,1045,68540928,68485120,2022.3964927281168,1092.2647724438775,1041,100,22.130000400543214,14.603188328184645,60.0,0.0,18.82000026702881,13.88407736086681,52.0,0.0,0.0015586360374679014,0.19679952707762519,0.0017781158445965655,2.3957963014642396,0.009162238313971708,0.08974202473958334,0.8376050771524509,0.024298206689612318,0.0493316650390625,0.33434242755174637,3.580606460571289
49500.84463675134,1047,68616192,68616192,916.7308172166573,1596.4836000507773,1041,100,22.130000400543214,14.603188328184645,60.0,0.0,18.82000026702881,13.88407736086681,52.0,0.0,-0.0016805702762212604,0.20210225228220224,0.0017660714668939668,2.398242933054765,0.008656289069525277,0.08825174967447917,0.8473756064971287,0.023846551950555295,0.0484161376953125,0.3196643218398094,3.5809741020202637
49560.84491055831,1048,68731904,68681728,1928.5245326088814,1092.261682185561,1044,100,24.510000228881836,14.399649320924345,58.0,0.0,18.619999885559082,13.337750703886105,50.0,0.0,0.0002399537891809208,0.20609227203143138,0.0018114998104768651,2.3919429580370584,0.008641286520893725,0.09553019205729167,0.834829805418849,0.024910175901216764,0.047882080078125,0.31453026086091995,3.581106185913086
49642.53260107152,1050,68812800,68812800,990.3083254253528,1604.5501981575337,1044,100,24.510000228881836,14.399649320924345,58.0,0.0,18.619999885559082,13.337750703886105,50.0,0.0,0.0018115531468841555,0.21550221694633362,0.0017956806756653048,2.396739035844803,0.009152706322007967,0.098541259765625,0.8236699253320693,0.02491143863881007,0.0488128662109375,0.3178142160177231,3.581644296646118
49702.53301413916,1051,68933632,68878336,2013.852802376298,1092.2591470515515,1047,100,24.869999980926515,14.300108809702285,58.0,0.0,21.780000114440917,13.47113945120134,56.0,0.0,-0.0018454028031555936,0.20021590388690433,0.0018157396516471636,2.3915946359435716,0.008848094192823433,0.08551025390625,0.842910119642814,0.02389183273771778,0.0511627197265625,0.35135089606046677,3.5818493366241455
49784.73523732275,1053,69009408,69009408,921.8242167339547,1594.5067532695434,1047,100,24.869999980926515,14.300108809702285,58.0,0.0,21.780000114440917,13.47113945120134,56.0,0.0,-0.0010664341777252653,0.18909976367528242,0.0017614075344075295,2.387456176181634,0.008855325722227764,0.08843485514322916,0.8460271488875151,0.02461123059038073,0.048553466796875,0.33009684830904007,3.5827438831329346
49844.73568219878,1054,69123840,69074944,1907.1858589787737,1092.2585680057407,1047,100,24.869999980926515,14.300108809702285,58.0,0.0,21.780000114440917,13.47113945120134,56.0,0.0,-0.001354921786211586,0.19959342246875167,0.0017664453383379926,2.37925036996603,0.009437863703472734,0.09428914388020833,0.8292505989472071,0.02545873972121626,0.0462799072265625,0.3116948679089546,3.582958936691284
49927.25721253455,1056,69206016,69206016,995.8128462431181,1588.3370008612974,1050,100,22.810000038146974,13.817883345297538,61.0,0.0,24.380000114440918,14.152583268369462,58.0,0.0,-0.00027022311405744414,0.18431640750107664,0.0017770572012523191,2.383938538531462,0.00735138693380577,0.07925923665364583,0.8601837692161401,0.02655003019996608,0.051910400390625,0.35355396568775177,3.5840024948120117
49987.2574278377,1057,69326336,69271552,2005.326137449337,1092.2627472064473,1050,100,22.810000038146974,13.817883345297538,61.0,0.0,24.380000114440918,14.152583268369462,58.0,0.0,0.000367202126653865,0.1957753007300198,0.0017820400062191766,2.374046079814434,0.012009435031359317,0.11524454752604167,0.838797918210427,0.027160221885424107,0.0502471923828125,0.34682365506887436,3.584564685821533
50069.04335784353,1059,69402624,69402624,932.7765789856353,1602.6228471162594,1054,100,24.58000030517578,13.185734437995444,48.0,1.0,22.57999982833862,14.729684092570938,61.0,0.0,-0.0017780572937529844,0.20713457449649772,0.0017728234828003526,2.3783225218454995,0.009438197378282592,0.09849548339843751,0.8313884958624841,0.025381687000238646,0.0499420166015625,0.333472415804863,3.5854332447052
50129.04339864664,1060,69525504,69468160,2047.9986072549755,1092.2659238693202,1054,100,24.58000030517578,13.185734437995444,48.0,1.0,22.57999982833862,14.729684092570938,61.0,0.0,-0.0010132399499222327,0.21335973854487142,0.0018390101067780051,2.383838390310605,0.010510285230338923,0.10272216796875,0.8490640552093586,0.026320695935282856,0.0471954345703125,0.3262871727347374,3.5854856967926025
50210.048111751676,1062,69599232,69599232,910.1692626748497,1618.078689199733,1057,100,25.39000015258789,14.494064221008454,61.0,0.0,18.699999713897704,13.113733081172798,53.0,0.0,-0.00031929780379869044,0.20833671387905878,0.0017935756125856037,2.3832723423838615,0.008981238045938273,0.10287984212239583,0.8263886918624243,0.025830836889023583,0.049591064453125,0.3381033316254616,3.5861260890960693
50270.04831308313,1063,69723904,69664768,2077.8596943581942,1092.2630015517407,1057,100,25.39000015258789,14.494064221008454,61.0,0.0,18.699999713897704,13.113733081172798,53.0,0.0,-0.0010330203464642789,0.2103857190037767,0.001803761634315985,2.38357091943423,0.009667941333342847,0.10186767578125,0.8309643312046926,0.02642639889381826,0.04974365234375,0.3393101543188095,3.58640718460083
50351.666207101196,1065,69795840,69795840,881.3753511463369,1605.9223479961727,1060,100,23.839999961853028,14.089513930794828,60.0,0.0,22.70999984741211,14.430034627595587,53.0,0.0,-0.0005469108849259404,0.2142169054908057,0.001819526443190019,2.38290931781133,0.010156205810441557,0.10333251953125,0.8412836994975805,0.0246626596005323,0.0484619140625,0.32248666137456894,3.5869534015655518
50411.66648928821,1066,69917184,69861376,2022.3904884610877,1092.2615296329925,1060,100,23.839999961853028,14.089513930794828,60.0,0.0,22.70999984741211,14.430034627595587,53.0,0.0,-0.0017100612700839217,0.19847959714631241,0.0017930794965650418,2.3866879468162856,0.009913566391939337,0.1010589599609375,0.8604151612768571,0.02487109766419356,0.04913330078125,0.33351413160562515,3.587329149246216
50493.63022185117,1068,69992448,69992448,918.2597918193526,1599.1463041207774,1064,100,24.529999923706054,13.914348955433143,63.0,0.0,22.630000114440918,13.994752657157145,52.0,0.0,-0.0009867822094141352,0.2214590607521435,0.0018234688565523054,2.3805479307969413,0.009675081738654018,0.10236612955729167,0.8301136177033186,0.024960089552526675,0.0495147705078125,0.3437875509262085,3.587862491607666
50553.63030214235,1069,70116608,70057984,2069.330564183391,1092.2652050122642,1064,100,24.529999923706054,13.914348955433143,63.0,0.0,22.630000114440918,13.994752657157145,52.0,0.0,-0.0009982797370563883,0.20138198168327412,0.001787600181463252,2.384536251425743,0.00850526854628697,0.09486897786458333,0.8429646249860525,0.025841533827284973,0.0503387451171875,0.3450310602784157,3.5883517265319824
50634.630115278065,1071,70189056,70189056,894.421816487589,1618.1765725853202,1067,100,23.35999994277954,14.852285708715582,61.0,0.0,17.739999866485597,12.960416683447905,51.0,1.0,0.0005892757350617709,0.20932220931475362,0.0018638610442091401,2.385442028443019,0.008812799849086636,0.09628804524739583,0.8378784867624441,0.025247108307667073,0.049530029296875,0.3435758650302887,3.5890073776245117
50694.63023371622,1072,70313984,70254592,2082.129223274291,1092.2645105701197,1067,100,23.35999994277954,14.852285708715582,61.0,0.0,17.739999866485597,12.960416683447905,51.0,1.0,-0.0007157380314311013,0.22634621212879816,0.00187837964767823,2.383908902605375,0.009337147977324396,0.1082305908203125,0.8062312509864569,0.02567957923747599,0.049072265625,0.3304092362523079,3.589170217514038
50775.965174630284,1074,70385664,70385664,881.2940563359396,1611.509131585718,1070,100,21.910000228881835,13.482651813658611,62.0,0.0,21.840000247955324,14.741587159415477,56.0,0.0,-7.411263747295983e-06,0.21696429404740533,0.0018969606110961954,2.3811047449707985,0.009003740668049431,0.1043701171875,0.8174719673891861,0.026462757222664852,0.0444488525390625,0.31562376767396927,3.5894038677215576
50835.968065040186,1075,70504192,70451200,1975.371506110652,1092.2140508948746,1070,100,21.910000228881835,13.482651813658611,62.0,0.0,21.840000247955324,14.741587159415477,56.0,0.0,-0.00024948718782979995,0.20686676244561872,0.001831377257379548,2.3865087976058326,0.010888039409110206,0.11064656575520833,0.8236459549516439,0.0250181791294987,0.044708251953125,0.30432453006505966,3.5895333290100098
50917.59613368474,1077,70582272,70582272,956.533718076764,1605.7221759190268,1070,100,21.910000228881835,13.482651813658611,62.0,0.0,21.840000247955324,14.741587159415477,56.0,0.0,-0.0003516718352329917,0.18602862504000464,0.0018817761956597678,2.3910232732693353,0.00810527825827497,0.09077962239583333,0.8425206014265617,0.02566980750998482,0.0482177734375,0.3264613002538681,3.5899596214294434
50977.596412809566,1078,70702080,70647808,1996.7907107689985,1092.2615853779137,1073,100,23.649999809265136,14.051601366910049,62.0,1.0,19.830000019073488,14.01931201888851,50.0,0.0,-0.0010917709757147047,0.20724970552449426,0.001801879861886846,2.390063876907031,0.008855489910880957,0.096160888671875,0.8211087392022213,0.02454785639808203,0.0487823486328125,0.33630598336458206,3.5900747776031494
51058.98060685769,1080,70778880,70778880,943.6721822739808,1610.5338577475939,1073,100,23.649999809265136,14.051601366910049,62.0,1.0,19.830000019073488,14.01931201888851,50.0,0.0,-8.78453878006743e-05,0.19774678085620206,0.001822580342074313,2.3926595225930214,0.008870122919082254,0.09119669596354167,0.8328208935757477,0.023432321885290246,0.04840087890625,0.3274577707052231,3.5905864238739014
51118.981243690476,1081,70902272,70844416,2056.511505767384,1092.255073602594,1077,100,23.84000015258789,14.500841096501308,52.0,0.0,19.44000005722046,13.015621311153573,47.0,0.0,-0.00023525002810250342,0.20161727451098463,0.0018399200574397885,2.384341624875863,0.009186713121986637,0.0937347412109375,0.8229756423582634,0.025043041251289345,0.0478057861328125,0.3270316869020462,3.590611219406128
51200.624982787296,1083,70975488,70975488,896.774214531919,1605.4139784627362,1077,100,23.84000015258789,14.500841096501308,52.0,0.0,19.44000005722046,13.015621311153573,47.0,0.0,-0.00011079294442121568,0.19501273923863965,0.001816598852504588,2.3944505378603935,0.008785168696704204,0.09263610839843751,0.8311950700978438,0.024530885896335047,0.0466156005859375,0.3244880959391594,3.5909745693206787
51260.625157216564,1084,71096064,71041024,2009.59415779938,1092.2634912879857,1080,100,25.219999694824217,14.427460117547382,59.0,1.0,18.919999980926512,13.096319894754547,52.0,0.0,-0.0015889430845466754,0.1981941118525962,0.0018148245799238794,2.3995453144113226,0.008547993276200335,0.08902994791666667,0.8066634157051643,0.023842468780154984,0.0469512939453125,0.32698722928762436,3.5910513401031494
51342.45284754969,1086,71172096,71172096,929.1720161044117,1601.8049570554167,1080,100,25.219999694824217,14.427460117547382,59.0,1.0,18.919999980926512,13.096319894754547,52.0,0.0,-0.0005503615563308509,0.17566440533846617,0.0017550026520135968,2.386533960700035,0.0078079631469639334,0.09087626139322917,0.8414597554753225,0.02420066240786885,0.0477294921875,0.3494688346982002,3.5912296772003174
51402.45326549001,1087,71289344,71237632,1954.1197215763502,1092.259058348353,1083,100,24.499999904632567,13.996785266642737,56.0,1.0,20.249999904632567,13.839346070938602,62.0,0.0,-0.0006119325650312628,0.2000972405852129,0.0018018799964920618,2.3834820513923964,0.008832743879490105,0.091400146484375,0.815917629127701,0.02508757166409244,0.047149658203125,0.3250777795910835,3.5914106369018555
51484.612260475755,1089,71368704,71368704,965.9319714630149,1595.3457077066569,1083,100,24.499999904632567,13.996785266642737,56.0,1.0,20.249999904632567,13.839346070938602,62.0,0.0,-0.001522659770368288,0.18410397468445203,0.0017934099572206228,2.3947076325615244,0.007273621327840374,0.08137003580729167,0.8316880110651255,0.02211363452564304,0.0499267578125,0.35435201972723007,3.5919570922851562
51544.612508006394,1090,71490048,71434240,2022.3916566016765,1092.2621605274876,1086,100,25.489999771118164,13.622404318927366,60.0,1.0,20.639999866485596,14.833421575369579,55.0,0.0,-0.0016197154230515784,0.20489128826496503,0.0017633530502886667,2.397023973365625,0.010226750889463196,0.09847513834635416,0.8257285381356876,0.022922414083344243,0.0478363037109375,0.32308363169431686,3.592346668243408
51625.82483124547,1092,71565312,71565312,926.7559035152527,1613.9422537408484,1086,100,25.489999771118164,13.622404318927366,60.0,1.0,20.639999866485596,14.833421575369579,55.0,0.0,-0.0006348949245875701,0.1896629584953189,0.001758346982872657,2.4022635916868844,0.009345034342914007,0.0936279296875,0.8401772963503996,0.023162241520670552,0.04669189453125,0.3223145678639412,3.5928523540496826
51685.82485742681,1093,71685120,71630848,1996.7991286853778,1092.2661900501212,1086,100,25.489999771118164,13.622404318927366,60.0,1.0,20.639999866485596,14.833421575369579,55.0,0.0,-0.00029745658684987575,0.1876026027991126,0.0017469551700438994,2.3974414616823196,0.008864777459772691,0.097625732421875,0.8452468973894914,0.023687684054796893,0.050384521484375,0.3449152484536171,3.593160390853882
51767.37759013474,1095,71761920,71761920,941.7219687174223,1607.2054932777341,1090,100,23.339999961853028,13.47606775106329,50.0,1.0,19.980000019073486,14.062702407548553,50.0,0.0,-0.0010103919727650161,0.20516921929083765,0.00175378743976277,2.3833299428224564,0.009047644281963585,0.09189860026041666,0.8425562183062236,0.0238469893229194,0.04827880859375,0.31270501017570496,3.5936336517333984
51827.37822937034,1096,71881984,71827456,2001.0453476762482,1092.255029861662,1090,100,23.339999961853028,13.47606775106329,50.0,1.0,19.980000019073486,14.062702407548553,50.0,0.0,-0.0015871481324817673,0.20539098737450937,0.0017499689201940782,2.383707324663798,0.00893057191145393,0.09506734212239583,0.8394604778538147,0.022943615408924718,0.0473175048828125,0.3181791678071022,3.593864917755127
51909.554855125025,1098,71958528,71958528,931.4570815854757,1595.0034306747946,1093,100,21.79000015258789,14.11899075753133,46.0,0.0,18.590000057220458,13.921275113128061,48.0,0.0,-0.002729564213950653,0.20690760730455318,0.001772235153718308,2.3621153930823007,0.007167964567997842,0.08551534016927083,0.8311935625970364,0.023830516865321744,0.0532379150390625,0.3455525264143944,3.5946035385131836
51969.55556027591,1099,72078848,72024064,2005.309765900652,1092.2538299373764,1093,100,21.79000015258789,14.11899075753133,46.0,0.0,18.590000057220458,13.921275113128061,48.0,0.0,0.0013819188267613451,0.19995989363330108,0.001774146365884614,2.368656873703003,0.008517938085788046,0.08972167968749999,0.8559594458589952,0.02605992437262709,0.0512542724609375,0.3351796790957451,3.595107078552246
52051.19943744317,1101,72155136,72155136,934.3995244581207,1605.411263498516,1096,100,22.81999988555908,13.815484122721548,50.0,2.0,19.3,15.048920537144582,54.0,0.0,0.00015325767647785443,0.19646462184997895,0.0017183616510010324,2.384007290005684,0.008282131970797005,0.08831787109375,0.8415214164803426,0.025146582416103534,0.051116943359375,0.35335680842399597,3.596035957336426
52111.1999085024,1102,72281088,72220672,2099.183519337026,1092.258091362355,1096,100,22.81999988555908,13.815484122721548,50.0,2.0,19.3,15.048920537144582,54.0,0.0,-0.0014191055306582714,0.21515522773067156,0.0017426921561612594,2.3838042616844173,0.009219030305151438,0.09601847330729167,0.8195053680489461,0.023986602473693587,0.047027587890625,0.31772080063819885,3.5960583686828613
52191.934802446514,1104,72351744,72351744,875.1606219847001,1623.4863712179945,1099,100,24.11000003814697,14.743741529944232,63.0,1.0,18.51999988555908,13.95742122578867,52.0,0.0,-0.0019732793371076696,0.20372266493116814,0.0017794249700576377,2.3879581292470298,0.008584914442811472,0.09051005045572916,0.8326923890660207,0.02389981902282064,0.050689697265625,0.34159545600414276,3.5969326496124268
52251.938619442284,1105,72472576,72417280,2013.7385594739521,1092.1971847994316,1099,100,24.11000003814697,14.743741529944232,63.0,1.0,18.51999988555908,13.95742122578867,52.0,0.0,4.0782140179847714e-05,0.18832521388928097,0.0017001426676870324,2.3839274321993194,0.00939072253337751,0.0952606201171875,0.8474966144810121,0.02503509691450745,0.0486297607421875,0.3230765536427498,3.597200393676758
52333.07008197531,1107,72548352,72548352,933.9903119477622,1615.5508098555886,1102,100,25.05,13.368900606576076,50.0,0.0,22.060000133514404,13.838945062786024,53.0,0.0,-0.0017005621897017893,0.2016420737685015,0.001680739866666651,2.381572636465232,0.008613662220038048,0.09458923339843749,0.8427763283252716,0.02438472841943925,0.0522003173828125,0.35071154683828354,3.5981807708740234
52393.07028086297,1108,72667904,72613888,1992.5267285169882,1092.263046039291,1102,100,25.05,13.368900606576076,50.0,0.0,22.060000133514404,13.838945062786024,53.0,0.0,-0.001397934732570623,0.2154743238352239,0.0017094152220427834,2.382804768780867,0.009702142325598592,0.08968607584635417,0.8322564444194238,0.024607250990811735,0.050933837890625,0.34560462832450867,3.5984418392181396
52475.14829747006,1110,72744960,72744960,938.8141086409127,1596.9196798144426,1106,100,23.89000015258789,12.118494153947369,46.0,0.0,22.38000020980835,14.049754156103164,49.0,0.0,-0.0007684553905467811,0.1985593639158954,0.0017536948689667045,2.382394425570965,0.00936351121951399,0.10561625162760417,0.8444136548787355,0.024020133501229186,0.0504302978515625,0.32801568508148193,3.599123001098633
52535.148532355204,1111,72868864,72810496,2065.0585824737195,1092.2623907299012,1106,100,23.89000015258789,12.118494153947369,46.0,0.0,22.38000020980835,14.049754156103164,49.0,0.0,-0.0008746424161169366,0.18297491983200115,0.0017390853657464807,2.3857245792945228,0.00863486977626356,0.09363810221354166,0.8484286380310853,0.02472748203823964,0.0513153076171875,0.3559845983982086,3.5994389057159424
52616.216430038214,1113,72941568,72941568,896.8284867122878,1616.8175535094767,1109,100,23.520000076293947,14.143888844116615,63.0,1.0,21.619999980926515,14.417891830279896,49.0,0.0,-0.001312965219161318,0.2189420455445846,0.0017523992052398778,2.3896825437744456,0.009723110948471003,0.09978230794270833,0.8350683276851971,0.025377531186677516,0.0496978759765625,0.33652621507644653,3.6001675128936768
52676.21698319167,1114,73055232,73007104,1894.382535262584,1092.2565969081566,1109,100,23.520000076293947,14.143888844116615,63.0,1.0,21.619999980926515,14.417891830279896,49.0,0.0,0.0003361874478287064,0.1941332013035814,0.0016891520790522918,2.3866454462210336,0.008345882080902811,0.08405558268229166,0.8500367812812328,0.0253722711543863,0.0517578125,0.35649340599775314,3.600404739379883
52759.57012732327,1116,73138176,73138176,995.0914373313275,1572.490172572962,1109,100,23.520000076293947,14.143888844116615,63.0,1.0,21.619999980926515,14.417891830279896,49.0,0.0,-0.001504523323092144,0.19447130717647573,0.0016348332889416877,2.397466058532397,0.009023889339611438,0.09971110026041667,0.8446110871930917,0.024985675641801208,0.0485687255859375,0.3441298305988312,3.6008379459381104
52819.57045008242,1117,73262592,73203712,2073.5888455037293,1092.2607910472318,1112,100,24.809999847412108,15.347765510531202,62.0,0.0,20.95,14.304806821505071,52.0,0.0,0.00013696869670335823,0.21004301464806,0.0016869362128394036,2.3798367083072667,0.009443830651434837,0.0984954833984375,0.8322424534708263,0.025328138726763427,0.051361083984375,0.3476610332727432,3.6012563705444336
52900.10956845805,1119,73334784,73334784,896.3594518542061,1627.4327636501898,1112,100,24.809999847412108,15.347765510531202,62.0,0.0,20.95,14.304806821505071,52.0,0.0,-0.0016262534336419776,0.19510895999458927,0.0016801561129492863,2.3920114437739057,0.00883129471367283,0.09043375651041666,0.8538762585570415,0.02382397880622496,0.051422119140625,0.33573437482118607,3.602165937423706
52960.109972009435,1120,73457152,73400320,2039.4529495989657,1092.2593202873122,1116,100,24.959999752044677,14.485799840981919,61.0,0.0,20.909999799728393,14.99872964200795,58.0,0.0,-0.0016277299946523272,0.21521891948456567,0.0017001533997245133,2.388629858692487,0.010702965137170395,0.10227966308593751,0.8154901862144471,0.024482576157121606,0.0511322021484375,0.35541143268346786,3.6024656295776367
53041.16426469572,1122,73531392,73531392,915.9292807272041,1617.0889370080292,1116,100,24.959999752044677,14.485799840981919,61.0,0.0,20.909999799728393,14.99872964200795,58.0,0.0,0.0009327176085207611,0.2154180028786262,0.001720014863773637,2.379737670222918,0.009519755269745172,0.1053924560546875,0.8091267384588718,0.025553084230826546,0.0510711669921875,0.34925011545419693,3.6030428409576416
53101.16427828744,1123,73651968,73596928,2009.599544768039,1092.266419236981,1119,100,23.110000324249267,13.949118382316508,52.0,1.0,19.74000015258789,13.11992394636135,51.0,0.0,-0.0009103575600117135,0.2040858791830639,0.0016945891378175777,2.3961012984315553,0.00954191132344325,0.09887186686197916,0.8189128798743089,0.025488973692214735,0.0489349365234375,0.35244888812303543,3.603114366531372
53183.45360884257,1125,73728000,73728000,923.9593940926005,1592.8188881326985,1119,100,23.110000324249267,13.949118382316508,52.0,1.0,19.74000015258789,13.11992394636135,51.0,0.0,0.0017855808982858436,0.21926582340771952,0.0016620314515118177,2.393910681207975,0.009624417776649352,0.102783203125,0.8104969859123229,0.026034257898572832,0.04559326171875,0.2939918786287308,3.603654623031616
53243.45434395969,1126,73847552,73793536,1992.508921209587,1092.253284431808,1123,100,23.310000228881837,13.936782215722754,50.0,1.0,17.800000190734863,13.415662653350035,48.0,0.0,0.0002545061312654676,0.20246646724020442,0.0017175999710161705,2.4028828218579292,0.009309273429607856,0.09351094563802083,0.8303029617915552,0.024881235847715292,0.04595947265625,0.32281097769737244,3.6037793159484863
53325.4606391713,1128,73924608,73924608,939.6351804597539,1598.3163202504784,1123,100,23.310000228881837,13.936782215722754,50.0,1.0,17.800000190734863,13.415662653350035,48.0,0.0,-0.0011392046095958601,0.1958445186416308,0.0016698542785889001,2.414456975956758,0.009161904177138544,0.0908050537109375,0.8481195382773876,0.024064225959591568,0.0492095947265625,0.35839103907346725,3.6042535305023193
53385.46307759546,1129,74036736,73990144,1868.7240543021123,1092.2222783135635,1123,100,23.310000228881837,13.936782215722754,50.0,1.0,17.800000190734863,13.415662653350035,48.0,0.0,-0.0007692033711161154,0.21112168828646344,0.001670102080728005,2.4104108611742654,0.00841011954616988,0.09515889485677083,0.8375854610155027,0.02387907097969825,0.048187255859375,0.3386102542281151,3.6045310497283936
53468.319726482034,1131,74121216,74121216,1019.5922854138831,1581.9128791876005,1126,100,21.510000038146973,14.970968832214856,52.0,0.0,20.200000095367432,13.488513501633987,56.0,0.0,4.763397737406186e-05,0.18034493108280003,0.0016888561549421865,2.406410299241543,0.009210430950285323,0.09167989095052083,0.8586210515350103,0.024921702065815527,0.04693603515625,0.3399182930588722,3.6047427654266357
53528.31986070238,1132,74243584,74186752,2039.4621043781508,1092.2642232652859,1126,100,21.510000038146973,14.970968832214856,52.0,0.0,20.200000095367432,13.488513501633987,56.0,0.0,-0.0010033407573549387,0.19241401025404534,0.0016518761258339512,2.4116892168919244,0.008566517171857415,0.09806315104166666,0.8451865445822477,0.02506153683255737,0.04931640625,0.3307638391852379,3.604997158050537
53609.41859258525,1134,74317824,74317824,915.4273843298047,1616.2028302650344,1129,100,24.600000190734864,14.361058336125597,58.0,0.0,20.17000017166138,13.69383440600612,51.0,0.0,-0.0011988627156824805,0.20518228667788205,0.0016999245999613775,2.407676346600056,0.008968245644913015,0.09638977050781251,0.8361458082993826,0.024297273717820644,0.049896240234375,0.33662088960409164,3.6052281856536865
53669.418594947085,1135,74443008,74383360,2086.3999178711606,1092.2666236707917,1129,100,24.600000190734864,14.361058336125597,58.0,0.0,20.17000017166138,13.69383440600612,51.0,0.0,-0.0015338784602742332,0.19626066639708975,0.001680260650270308,2.4103100026647253,0.007769667655035544,0.08622233072916667,0.8155864247431358,0.024952872753298532,0.0478057861328125,0.316678985953331,3.6055209636688232
53750.506205579266,1137,74514432,74514432,880.8250661618832,1616.4244941752122,1132,100,23.74000015258789,13.56659137365817,49.0,0.0,20.330000019073488,13.906152983747562,53.0,0.0,-0.0026025725698370175,0.1916478289446483,0.001741152724813825,2.4032639339566235,0.00813800626868518,0.08583068847656249,0.8304827989389499,0.023891254832657676,0.0508575439453125,0.35537583380937576,3.6060049533843994
53810.50694173761,1138,74638080,74579968,2060.7747157250624,1092.253265477466,1132,100,23.74000015258789,13.56659137365817,49.0,0.0,20.330000019073488,13.906152983747562,53.0,0.0,-0.0017386778660390214,0.20199853895852962,0.0016553927744098473,2.4066558107733727,0.008743799534689362,0.09203592936197916,0.8367711491882801,0.024370405085695285,0.04852294921875,0.3259120136499405,3.6062657833099365
53891.609970854595,1140,74711040,74711040,899.5964860296135,1616.117195954955,1136,100,25.11000003814697,13.511399055438538,49.0,0.0,19.680000019073486,13.402895126830884,48.0,0.0,-0.002155824409176906,0.21135289726468426,0.0017025671962376994,2.4095872019728026,0.009943255738107839,0.10396321614583333,0.80356398721536,0.02451878514451285,0.0455780029296875,0.3045656308531761,3.60640287399292
53951.610393026844,1141,74830848,74776576,1996.7859502064316,1092.258981309501,1136,100,25.11000003814697,13.511399055438538,49.0,0.0,19.680000019073486,13.402895126830884,48.0,0.0,-0.0015271276643034073,0.2015549447387457,0.0017191541289018157,2.409148819744587,0.00853850542807777,0.09378560384114583,0.8315249277899662,0.024247632012702525,0.0463409423828125,0.31869829446077347,3.606576442718506
54034.44496053085,1143,74907648,74907648,927.1491638594965,1582.334572986874,1136,100,25.11000003814697,13.511399055438538,49.0,0.0,19.680000019073486,13.402895126830884,48.0,0.0,-0.0008330656952845554,0.19210410956293344,0.0017168930013819288,2.399757837255796,0.008696757398259555,0.09127298990885416,0.8413103017956018,0.025057796175436426,0.047607421875,0.330437570810318,3.6070947647094727
54094.44519706629,1144,75032832,74973184,2086.3917749065563,1092.262360687277,1139,100,24.160000228881835,14.227944362377887,58.0,0.0,22.339999961853028,13.751523610057648,52.0,1.0,0.00019379133785453936,0.1917560288372139,0.0016920310796801155,2.3962617591023445,0.009239637314749416,0.0944061279296875,0.8229542045543591,0.026039634773042053,0.0460357666015625,0.31607022881507874,3.6072607040405273
54175.97349193506,1146,75104256,75104256,876.0639495155427,1607.6872478564799,1139,100,24.160000228881835,14.227944362377887,58.0,0.0,22.339999961853028,13.751523610057648,52.0,1.0,0.0015790151737746783,0.1829039949613313,0.001666087288564692,2.4040451049804688,0.00835380637848478,0.08581542968749999,0.8342691256354253,0.024790148774627596,0.05047607421875,0.34551213681697845,3.6078531742095947
54235.97356557287,1147,75217664,75169792,1890.1310135814208,1092.26532613283,1143,100,26.910000038146972,14.463813262437363,52.0,0.0,19.689999866485596,12.999765454832987,49.0,0.0,8.3823397289967e-07,0.1915441317639003,0.00164430345830624,2.3941175639629364,0.008804579497033652,0.09233601888020833,0.8305991968760887,0.025846066263814766,0.0496826171875,0.3310958817601204,3.6081480979919434
54318.249244734645,1149,75300864,75300864,1011.2344358338319,1593.0831727597597,1143,100,26.910000038146972,14.463813262437363,52.0,0.0,19.689999866485596,12.999765454832987,49.0,0.0,6.510913954116404e-05,0.18400391284376383,0.0016925307475806524,2.415962981681029,0.008390403384206971,0.09202067057291667,0.8273248715947071,0.023348664108198136,0.04736328125,0.326564684510231,3.608350992202759
54378.2495794557,1150,75422720,75366400,2030.9220034606176,1092.260573289744,1146,100,24.81999969482422,14.116925950050415,62.0,1.0,21.25,14.51507824713068,50.0,0.0,-0.0011232762238554037,0.19299779793558022,0.0017310487940752257,2.39937000721693,0.007012388085665104,0.08216349283854167,0.8448785344759623,0.02480672187327097,0.0498504638671875,0.3249843046069145,3.6087591648101807
54460.334080506116,1152,75497472,75497472,910.6713087540197,1596.7935276782812,1146,100,24.81999969482422,14.116925950050415,62.0,1.0,21.25,14.51507824713068,50.0,0.0,-0.0006764926462589453,0.18171130935661498,0.001713652409913872,2.395887056986491,0.008670092704051058,0.08216857910156251,0.8406445079793533,0.024990061957699556,0.0494232177734375,0.358881339430809,3.609182119369507
54520.33508430235,1153,75614464,75563008,1949.834046065437,1092.2483934195884,1146,100,24.81999969482422,14.116925950050415,62.0,1.0,21.25,14.51507824713068,50.0,0.0,0.001967136158782523,0.18470948616353175,0.0016668032512825448,2.3999299829204874,0.009711175117142071,0.09557596842447917,0.8500443194061518,0.025651700930514682,0.0513458251953125,0.3570794239640236,3.6095399856567383
54602.637564467266,1155,75694080,75694080,967.3584543317257,1592.5644007004616,1150,100,25.630000019073485,14.331542069744213,64.0,1.0,21.250000095367433,14.158654302319952,56.0,0.0,-0.001558994276516993,0.18903990633164844,0.001687671633893236,2.4063626130421953,0.008811816142648848,0.0915069580078125,0.8399868949006001,0.02519310244436686,0.05010986328125,0.3467724248766899,3.6101739406585693
54662.63793490268,1156,75810816,75759616,1945.5879880883817,1092.2599231373372,1150,100,25.630000019073485,14.331542069744213,64.0,1.0,21.250000095367433,14.158654302319952,56.0,0.0,-0.0010426532365575745,0.2075627289401988,0.001657106913626194,2.3899103328585625,0.00913117938701665,0.09572855631510416,0.8453635747234027,0.026599028361185145,0.0499114990234375,0.3437974378466606,3.6105196475982666
54745.71818469837,1158,75890688,75890688,961.3837247290437,1577.6553431450975,1153,100,25.179999828338623,14.19463254509103,64.0,1.0,21.110000133514404,14.602667357706137,52.0,0.0,-0.0001424397657198521,0.18283565978830058,0.001722520163942439,2.396882305542628,0.009583339324308326,0.09935506184895834,0.8394575640559196,0.026793733180966228,0.048126220703125,0.333850733935833,3.6110057830810547
54805.71857463941,1159,76010752,75956224,2001.0536617843438,1092.2595680528614,1153,100,25.179999828338623,14.19463254509103,64.0,1.0,21.110000133514404,14.602667357706137,52.0,0.0,-0.0014632819729740731,0.1906858303118497,0.001694334281637566,2.3991077169775963,0.007583959454980989,0.08612569173177084,0.8431724583109219,0.026631032989826053,0.04840087890625,0.3429469168186188,3.611201047897339
54888.1833157856,1161,76087296,76087296,928.2027559427395,1589.4308061628183,1157,100,25.439999961853026,14.543947169141715,62.0,1.0,17.45999984741211,14.420415591487492,49.0,0.0,-4.687425340913856e-05,0.19482027444367608,0.001670147072824572,2.402846666673819,0.010024086765042739,0.10009765625,0.8454003048439821,0.025571205536834896,0.0486602783203125,0.3423994481563568,3.6119160652160645
54948.18337610923,1162,76206080,76152832,1979.731342923788,1092.265568509676,1157,100,25.439999961853026,14.543947169141715,62.0,1.0,17.45999984741211,14.420415591487492,49.0,0.0,0.0010194283325593763,0.1941799316555262,0.0016809167427709326,2.3899057433009148,0.008876903099614234,0.0876312255859375,0.8415559170146782,0.025880954014913488,0.051483154296875,0.35954201966524124,3.6122286319732666
55029.985498582944,1164,76283904,76283904,951.3689577554064,1602.3056130617372,1160,100,25.820000076293944,14.351571347015549,61.0,1.0,20.909999942779542,13.093582508074697,50.0,0.0,-0.0005850732025767987,0.21035510937993726,0.001668988374149194,2.408174340923627,0.008727680577673405,0.09185282389322917,0.8469023803869883,0.02403019310440868,0.0501861572265625,0.3407341465353966,3.6126697063446045
55089.985543910414,1165,76397824,76349440,1898.6652323051533,1092.2658415058859,1160,100,25.820000076293944,14.351571347015549,61.0,1.0,20.909999942779542,13.093582508074697,50.0,0.0,-0.0003234394195411975,0.19851201524337134,0.0016688385973490465,2.40347504367431,0.008384002603027815,0.08565775553385417,0.8420495614409446,0.024536554216562458,0.0500335693359375,0.3326660841703415,3.6129541397094727
55172.911238202825,1167,76480512,76480512,997.1336472436028,1580.595750429488,1160,100,25.820000076293944,14.351571347015549,61.0,1.0,20.909999942779542,13.093582508074697,50.0,0.0,0.000807102058994739,0.20846952109908065,0.001664565919782035,2.392198326687018,0.00829123971137354,0.08980814615885416,0.8260041984419029,0.026171916086847585,0.0499114990234375,0.33453039824962616,3.613584280014038
55232.91191133484,1168,76596736,76546048,1937.044935217254,1092.2544128097293,1163,100,26.559999847412108,14.266268042646942,50.0,0.0,17.510000038146973,12.47917842651254,48.0,0.0,0.0005001119619313006,0.2042923993431032,0.0017043970365193672,2.3897661666075387,0.009426091561787567,0.0926513671875,0.8402262292802334,0.02671886501290525,0.047943115234375,0.3160001412034035,3.613722324371338
55315.60470506735,1170,76677120,76677120,972.0798678059251,1585.0474277599799,1163,100,26.559999847412108,14.266268042646942,50.0,0.0,17.510000038146973,12.47917842651254,48.0,0.0,-0.0008854284387780353,0.17467408689359823,0.0016800791345303878,2.3990091010928154,0.009045154278283007,0.08730570475260417,0.8595344517379999,0.02342586168864121,0.0493011474609375,0.33705926686525345,3.6143593788146973
55375.60476583429,1171,76795136,76742656,1966.9313412601725,1092.2655604394884,1167,100,27.120000267028807,13.567814789921549,62.0,1.0,21.05999994277954,14.166735614170882,54.0,0.0,-0.0005888169083239819,0.232702632745107,0.0017237324185164957,2.3895566165447235,0.0083305731920215,0.09262593587239584,0.8257556358973185,0.023991721662847944,0.046783447265625,0.3274097591638565,3.614431381225586
55456.99056269042,1173,76873728,76873728,965.6721815838002,1610.502139970377,1167,100,27.120000267028807,13.567814789921549,62.0,1.0,21.05999994277954,14.166735614170882,54.0,0.0,-0.0007835590270891165,0.1944173404481262,0.0017007904304288481,2.406697017451127,0.008337514166972445,0.08217875162760416,0.84215422347188,0.02384656141900147,0.0494384765625,0.3441033437848091,3.6148338317871094
55516.99440025166,1174,76995840,76939264,2035.0698382479761,1092.1968104643227,1170,100,25.07000026702881,15.064697023533517,65.0,0.0,20.59000015258789,14.032173572279223,51.0,0.0,-0.0008835576130271269,0.18942485447041688,0.0017184891463936462,2.408774614334106,0.008534580460642852,0.09122212727864583,0.843527114018798,0.023886220956531666,0.0498504638671875,0.34572136402130127,3.615110158920288
55598.930133542046,1176,77070336,77070336,909.200381913689,1599.6927681780369,1170,100,25.07000026702881,15.064697023533517,65.0,0.0,20.59000015258789,14.032173572279223,51.0,0.0,-0.0005723797148675658,0.1893283282406628,0.001734479927108623,2.408808675905069,0.007759342015560833,0.08330790201822916,0.8483995695908864,0.02374700507304321,0.05169677734375,0.34878141433000565,3.6155738830566406
55658.93045289256,1177,77193216,77135872,2047.989099560581,1092.2608530989767,1174,100,23.84000015258789,14.569639611678136,62.0,0.0,21.199999809265137,14.641038164125042,52.0,0.0,0.00011394900987700873,0.2162538718742629,0.001686720913615621,2.41026363770167,0.009095045280143191,0.08825174967447917,0.831189471607407,0.022700441360939298,0.0475616455078125,0.31617965549230576,3.615636110305786
55739.65838580765,1179,77266944,77266944,913.2898284110167,1623.6263616195854,1174,100,23.84000015258789,14.569639611678136,62.0,0.0,21.199999809265137,14.641038164125042,52.0,0.0,-0.0006195578025653958,0.19517152073482671,0.0017021975060439825,2.401024011274179,0.008652124399911068,0.08746337890625,0.832467809940378,0.024025760397004586,0.0504150390625,0.3558179959654808,3.6161067485809326
55799.65869771689,1180,77385984,77332480,1983.989686254632,1092.2609885616898,1174,100,23.84000015258789,14.569639611678136,62.0,0.0,21.199999809265137,14.641038164125042,52.0,0.0,0.0018930306881278132,0.20287162453557056,0.0016962610643531661,2.400181107223034,0.008796305145248576,0.08714803059895833,0.8541787366072336,0.024874293284180265,0.0514984130859375,0.3467045798897743,3.616560697555542
55881.019674750045,1182,77463552,77463552,953.3808814561359,1610.9934366519524,1177,100,24.750000381469725,14.836020362138612,50.0,0.0,19.56000018119812,14.69307332307208,57.0,0.0,-0.000702711700190169,0.21112761553376913,0.0017059376453592752,2.400905097524325,0.009320615957525055,0.09269205729166667,0.8416144885122777,0.02584193016324813,0.047271728515625,0.32178259640932083,3.617208242416382
55941.01981496625,1183,77584896,77529088,2022.3952737902782,1092.2641141145807,1177,100,24.750000381469725,14.836020362138612,50.0,0.0,19.56000018119812,14.69307332307208,57.0,0.0,-0.0007169963573687709,0.186162907940646,0.0016800949900546887,2.381975586215655,0.007581033038150054,0.08279418945312501,0.8525713880856832,0.026151145808398724,0.05224609375,0.3530074208974838,3.6177310943603516
56022.257058635354,1185,77660160,77660160,926.4716108114458,1613.4471589641505,1180,100,25.969999885559083,14.39753767569893,62.0,0.0,21.88000030517578,14.418932060229071,51.0,0.0,-0.0010093788999559667,0.18070330540649593,0.001629181013413472,2.395793835322062,0.009490540499124716,0.09470113118489583,0.8645613261808952,0.025149459349146735,0.05120849609375,0.35777199268341064,3.6184842586517334
56082.25991133042,1186,77785344,77725696,2086.3008069998073,1092.2147374068522,1180,100,25.969999885559083,14.39753767569893,62.0,0.0,21.88000030517578,14.418932060229071,51.0,0.0,0.0010201665233277406,0.19715543673373756,0.0016585969860898329,2.3750603372852006,0.008061654602594595,0.0785369873046875,0.8502579617003599,0.02734379699298491,0.054229736328125,0.36947058141231537,3.618908166885376
56164.35500852764,1188,77856768,77856768,870.0154142995384,1596.5874269582928,1183,100,26.599999809265135,13.417153053629603,54.0,0.0,21.870000076293945,14.686493901068628,53.0,0.0,0.001495855884665313,0.207116623253872,0.0016378114681477503,2.3806984573602676,0.009948654356170056,0.10760498046875,0.834940696756045,0.027894708657792457,0.0495147705078125,0.3308154568076134,3.6197993755340576
56224.35786016658,1189,77975040,77922304,1971.1063186076858,1092.2147566310987,1183,100,26.599999809265135,13.417153053629603,54.0,0.0,21.870000076293945,14.686493901068628,53.0,0.0,-0.0007516697708827754,0.1981855679769069,0.0016713314059112843,2.3842303405205407,0.009316509846030385,0.0984954833984375,0.8371795751154424,0.02692454255884513,0.05047607421875,0.3422836661338806,3.620030403137207
56305.97860969417,1191,78053376,78053376,959.7559499686018,1605.866164653347,1187,100,25.460000038146973,14.167865408968575,50.0,1.0,21.7,14.589379549493298,53.0,0.0,0.00013118392962496728,0.21043358386183778,0.0016592688492285865,2.371690787374973,0.011058607624363503,0.10779317220052084,0.8372840217004219,0.02862758106008793,0.0515594482421875,0.34719260036945343,3.6210100650787354
56365.97877485864,1192,78171392,78118912,1966.927918889857,1092.263659947513,1187,100,25.460000038146973,14.167865408968575,50.0,1.0,21.7,14.589379549493298,53.0,0.0,-0.0010156382462203815,0.20591279258951545,0.001694530025512601,2.384879214068254,0.010054557997743055,0.10284932454427083,0.8494589248051246,0.025075631060947973,0.0511474609375,0.33998677134513855,3.621443271636963
56447.46458623931,1194,78249984,78249984,964.4869292992527,1608.5254325772553,1187,100,25.460000038146973,14.167865408968575,50.0,1.0,21.7,14.589379549493298,53.0,0.0,-0.0009774925177528833,0.21757191132443646,0.0017070352672211206,2.376895517110825,0.009183020012036042,0.10372416178385416,0.8563742538293203,0.025485864627019815,0.05126953125,0.3263813778758049,3.6223978996276855
56507.46937934868,1195,78371584,78315520,2026.5047790158462,1092.179417743277,1190,100,24.280000114440917,14.513497363209929,58.0,0.0,21.030000114440917,13.921533784992933,52.0,0.0,0.002781391085591167,0.21677046874538067,0.0016995186706481038,2.3803295344114304,0.008568403486909423,0.09619140625,0.8573396255572637,0.02641385826670254,0.0513763427734375,0.3425092548131943,3.6228904724121094
56589.95147783309,1197,78446592,78446592,909.3852045262361,1589.0963300936276,1190,100,24.280000114440917,14.513497363209929,58.0,0.0,21.030000114440917,13.921533784992933,52.0,0.0,-0.0012126586952945217,0.2146187916708489,0.0017288676596460089,2.3858909731109934,0.008259116939977199,0.09377543131510417,0.8493319402138392,0.02581625748037671,0.051361083984375,0.3499099016189575,3.623711347579956
56649.95480234362,1198,78565376,78512128,1979.623645339106,1092.2061491526101,1194,100,25.099999809265135,15.358710698542442,64.0,0.0,19.589999771118165,15.616078281449745,60.0,0.0,0.0004165247543520915,0.19146114595544836,0.0017240734850929584,2.389042402307193,0.00941970054191188,0.095916748046875,0.8667718693614006,0.02514971458973984,0.050323486328125,0.33964674919843674,3.6240522861480713
56732.82403835468,1200,78643200,78643200,939.1181063816631,1581.6726002217483,1194,100,25.099999809265135,15.358710698542442,64.0,0.0,19.589999771118165,15.616078281449745,60.0,0.0,0.00016917195049851821,0.2217782608543833,0.0017057096568654138,2.3958496724565825,0.007303815336247984,0.07482401529947917,0.8386410350600878,0.02450731862336397,0.05157470703125,0.3329758048057556,3.624624490737915
56792.828061275184,1201,78761216,78708736,1966.8014619011867,1092.193436543826,1197,100,20.919999980926512,15.21622801718233,49.0,0.0,23.749999809265137,14.403038063904198,54.0,0.0,-0.0005074671062175184,0.2028183500127246,0.0016249745349341536,2.38683545589447,0.0061362266302846065,0.07242329915364584,0.8524516200025877,0.02369035405960555,0.051300048828125,0.3480862230062485,3.6249470710754395
56874.76423719525,1203,78839808,78839808,959.1855992482301,1599.6841264335305,1197,100,20.919999980926512,15.21622801718233,49.0,0.0,23.749999809265137,14.403038063904198,54.0,0.0,-0.0011384571650220703,0.20230801411283514,0.001660845936081993,2.394455855091413,0.008719927693164209,0.08807881673177083,0.8597856182605028,0.023703284891477477,0.0516815185546875,0.3583921641111374,3.6256113052368164
56934.76809593476,1204,78959104,78905344,1988.1388048373676,1092.1964249750345,1200,100,23.919999599456787,15.825725771295964,65.0,0.0,21.610000228881837,12.910379571789617,50.0,0.0,0.00023449696648943552,0.2208608876292904,0.0016718107217457145,2.388279284040133,0.009318099303224395,0.09237162272135416,0.8510846129308144,0.023978949194618814,0.048614501953125,0.30762453377246857,3.6259148120880127
57016.55300428718,1206,79036416,79036416,945.30887858741,1602.6428670091188,1200,100,23.919999599456787,15.825725771295964,65.0,0.0,21.610000228881837,12.910379571789617,50.0,0.0,-0.0003982269966703219,0.21866165411969027,0.0016898809384050157,2.3944407080610595,0.009058081778372678,0.09692891438802083,0.8392201066017151,0.024451428578079987,0.0517120361328125,0.33880138397216797,3.6266086101531982
57076.55330356769,1207,79155456,79101952,1983.9901038405196,1092.2612184584366,1200,100,23.919999599456787,15.825725771295964,65.0,0.0,21.610000228881837,12.910379571789617,50.0,0.0,-0.0017329443726339377,0.19892495032399893,0.001672950608432681,2.396962771813075,0.008843124020131654,0.09038798014322917,0.8544777824232975,0.02530908278034379,0.0522308349609375,0.3552585765719414,3.627009868621826
57158.008712360635,1209,79233024,79233024,952.2756210968821,1609.1258019854906,1203,100,25.060000038146974,15.501496768605287,53.0,0.0,22.52999973297119,14.74547716133802,55.0,0.0,0.0008220570477230165,0.19658830218637985,0.001625895956143116,2.3985658859213195,0.008532606017979562,0.0879669189453125,0.8476149135579665,0.024736602771251153,0.0524139404296875,0.36450450867414474,3.6274831295013428
57218.00927125476,1210,79353856,79298560,2013.8479078705066,1092.2564924043427,1203,100,25.060000038146974,15.501496768605287,53.0,0.0,22.52999973297119,14.74547716133802,55.0,0.0,-0.000857180525296523,0.20198149311666688,0.001708498796991383,2.3874731585383415,0.008548110693178994,0.08815511067708333,0.8508211933076382,0.027006159769371152,0.0506439208984375,0.3361133635044098,3.627678871154785
57299.125088503584,1212,79429632,79429632,934.1704561461611,1615.8624106311977,1207,100,22.929999923706056,14.138072889232893,50.0,0.0,21.44999990463257,14.390535107785631,59.0,0.0,-0.00047094643377931783,0.21642409342651564,0.0017253811965929344,2.3825246095657344,0.009769800134866575,0.098358154296875,0.841101289416353,0.025611112379313756,0.051055908203125,0.32679302245378494,3.628385066986084
57359.12536191568,1213,79550976,79495168,2022.3907842316962,1092.2616893740806,1207,100,22.929999923706056,14.138072889232893,50.0,0.0,21.44999990463257,14.390535107785631,59.0,0.0,-0.0019397110202892993,0.2107667058395843,0.0016921566433059827,2.393836334347725,0.00810267468902263,0.09157816569010417,0.8371222397933404,0.024598248147716127,0.0507049560546875,0.34321974217891693,3.628654718399048
57441.08410649747,1215,79626240,79626240,918.3156767962945,1599.2436276180367,1210,100,22.529999923706054,14.797604531353302,61.0,0.0,20.450000095367432,14.063694279152958,52.0,0.0,-0.001353299861269382,0.2040201013442129,0.0016866060407968082,2.3900966371099153,0.008958676995462156,0.09860738118489584,0.85016682681938,0.026067179278470576,0.048248291015625,0.34202611446380615,3.628774881362915
57501.0864430964,1216,79747072,79691776,2013.7882430756742,1092.2241318376539,1210,100,22.529999923706054,14.797604531353302,61.0,0.0,20.450000095367432,14.063694279152958,52.0,0.0,-0.001802081011798388,0.1969969760781775,0.0017111766962140489,2.387821475664775,0.0085465152078541,0.09440104166666667,0.8521611417333285,0.025117968985189993,0.0490264892578125,0.32623568177223206,3.6290643215179443
57582.95780201815,1218,79822848,79822848,925.5495572318883,1600.9505854821853,1214,100,24.270000076293947,13.13609912581124,52.0,0.0,22.23000011444092,14.392953248309704,52.0,0.0,0.000535021026735194,0.2385730754273633,0.001738071492582094,2.403084345161915,0.009639166142126971,0.08542887369791667,0.8255327710260948,0.025517054581238575,0.047393798828125,0.3105504810810089,3.629472494125366
57642.95796648599,1219,79945472,79888384,2043.7277312085278,1092.2636726291923,1214,100,24.270000076293947,13.13609912581124,52.0,0.0,22.23000011444092,14.392953248309704,52.0,0.0,0.0002980807039421052,0.2022957585286349,0.0017121140541955051,2.397375913957755,0.009798259622281574,0.10480244954427083,0.85018030491968,0.025589637167286128,0.0502166748046875,0.34029341489076614,3.629960775375366
57724.12700031884,1221,80019456,80019456,911.4806041963705,1614.803008126442,1217,100,22.239999961853027,13.193271019995953,50.0,0.0,21.090000057220458,13.849256078183062,57.0,0.0,0.0002491027068269129,0.20053535754171511,0.0016644747144406817,2.392242396871249,0.010012410790295688,0.10235087076822917,0.8497314316531023,0.026485780409226813,0.047943115234375,0.3353106155991554,3.6302859783172607
57784.12785175815,1222,80141824,80084992,2039.4377257090957,1092.2511669069634,1217,100,22.239999961853027,13.193271019995953,50.0,0.0,21.090000057220458,13.849256078183062,57.0,0.0,-0.0002881564820806186,0.20109475900729495,0.0016835743056920667,2.3902909209330874,0.009570702285297253,0.09454345703124999,0.8609384217609962,0.026442721602506932,0.04962158203125,0.34020693600177765,3.6304731369018555
57865.64494248107,1224,80216064,80216064,910.7292635399149,1607.9082170084014,1217,100,22.239999961853027,13.193271019995953,50.0,0.0,21.090000057220458,13.849256078183062,57.0,0.0,0.00024155112381170818,0.2176532717421651,0.0016522369066175695,2.402654933432738,0.009157895094176638,0.09408060709635417,0.8398192885021368,0.025474908858692896,0.049835205078125,0.3373827189207077,3.630861520767212
57925.650715583935,1225,80338176,80281600,2035.0041951908538,1092.1615806475022,1220,100,22.370000267028807,14.871217435594053,67.0,0.0,20.920000076293945,14.465600433205518,49.0,0.0,-0.0001783841216820292,0.22218663897365334,0.0016423959774935308,2.4076814875006676,0.00876866623487634,0.08925882975260416,0.8457383817682664,0.02478647127281874,0.049560546875,0.33902814239263535,3.6310198307037354
58007.4170489274,1227,80412672,80412672,911.0840238742029,1603.0069423491132,1220,100,22.370000267028807,14.871217435594053,67.0,0.0,20.920000076293945,14.465600433205518,49.0,0.0,-0.0012633855682603705,0.21670199759925404,0.001719961723817202,2.3980707153677945,0.010004621125820753,0.09395853678385417,0.8411130594710509,0.024714368007456262,0.0507965087890625,0.34045129269361496,3.6316089630126953
58067.41720827855,1228,80536576,80478208,2065.0611821685857,1092.2637657751197,1224,100,23.210000133514406,14.566602374182374,61.0,0.0,18.860000133514404,14.326911763256609,52.0,0.0,-0.00024298994685523212,0.19182220349709192,0.0016561604740369755,2.3931003138422966,0.008643580612745913,0.095123291015625,0.8523376807570457,0.025022507489969335,0.0510101318359375,0.35498086363077164,3.631808280944824
58148.03579263948,1230,80609280,80609280,901.8268005613451,1625.828598195101,1224,100,23.210000133514406,14.566602374182374,61.0,0.0,18.860000133514404,14.326911763256609,52.0,0.0,0.0004301121734897606,0.2047640458525469,0.0017309100148850123,2.3920764227708182,0.00901197200679841,0.09818013509114583,0.8430830892175436,0.024576139248286683,0.0527191162109375,0.3514474183320999,3.6327221393585205
58208.0390027836,1231,80729088,80674816,1996.6931721193187,1092.2082309028751,1227,100,25.15,13.351685514072289,62.0,2.0,20.49000005722046,13.742994436531514,52.0,1.0,-0.001235580525341599,0.21798290638253093,0.001716236171584266,2.408934506277243,0.010385215614102586,0.1000518798828125,0.8426895334074895,0.02403390198014677,0.05023193359375,0.3421007767319679,3.632965564727783
58290.85585771687,1233,80805888,80805888,927.3474591841916,1582.672997007687,1227,100,25.15,13.351685514072289,62.0,2.0,20.49000005722046,13.742994436531514,52.0,1.0,-0.0010441437140495207,0.20425437157973647,0.0016630192888745416,2.413740873336792,0.007742254662540897,0.0858612060546875,0.8313966436932484,0.023050000095584743,0.0477447509765625,0.33421966433525085,3.6330208778381348
58350.85587650165,1234,80929024,80871424,2052.2660241440294,1092.2663247003566,1227,100,25.15,13.351685514072289,62.0,2.0,20.49000005722046,13.742994436531514,52.0,1.0,-0.0013731046274187975,0.18883831705898046,0.0016766956844852152,2.409292958676815,0.008292661100616291,0.0826568603515625,0.8606079556047916,0.023466766423856217,0.0467071533203125,0.3309036195278168,3.6331429481506348
58431.99322373234,1236,81002496,81002496,905.526277450336,1615.4336378208086,1231,100,24.570000076293944,13.911329530285977,56.0,0.0,20.95,14.092816986206127,52.0,0.0,-0.0009063007043247732,0.2111821606134375,0.0016998461712015949,2.4069599558909736,0.008739083641557954,0.09658304850260416,0.8323662895709276,0.023295117115291458,0.047332763671875,0.311965748667717,3.633416175842285
58491.99389069155,1237,81126400,81068032,2065.043711667915,1092.2545251797237,1231,100,24.570000076293944,13.911329530285977,56.0,0.0,20.95,14.092816986206127,52.0,0.0,0.001006090746765646,0.20295646926388144,0.0016415654184432544,2.394861775139968,0.009219111774655175,0.09782918294270833,0.8267766075829664,0.0251088326331228,0.0513916015625,0.356116347014904,3.633596658706665
58573.42084861547,1239,81199104,81199104,892.8738326185631,1609.6880362700856,1234,100,26.02999973297119,13.80540129454185,50.0,0.0,20.86999979019165,14.041833570742316,51.0,0.0,0.0005846945496159606,0.19654511893168092,0.0016250914195552466,2.400822559992472,0.007799958790201345,0.08074951171875,0.8353988205393156,0.023694159967514377,0.0493011474609375,0.33319445699453354,3.634045124053955
58633.420902933925,1240,81323776,81264640,2077.8647855598206,1092.2656778302137,1234,100,26.02999973297119,13.80540129454185,50.0,0.0,20.86999979019165,14.041833570742316,51.0,0.0,-0.000906740882783197,0.1856016079739978,0.0016279212589627907,2.390707952280839,0.0077385013246384915,0.0870361328125,0.8228965519617002,0.026377298345323652,0.0483551025390625,0.3421759158372879,3.634194850921631
58715.17753732763,1242,81395712,81395712,879.8796639987073,1603.1971102040502,1237,100,26.239999961853027,13.602293928632104,53.0,0.0,20.93000011444092,15.091225969947915,53.0,0.0,0.00048297800579651573,0.21126741853853068,0.001631863255170174,2.396962024271488,0.008821252592194167,0.08954366048177083,0.8153445093582075,0.02459598885616288,0.0492095947265625,0.3313233107328415,3.634870767593384
58775.190155886114,1243,81518080,81461248,2039.0378380299194,1092.0370011206262,1237,100,26.239999961853027,13.602293928632104,53.0,0.0,20.93000011444092,15.091225969947915,53.0,0.0,-0.0007841468444288087,0.2109449316437046,0.0016153005502322535,2.40151683986187,0.007961981510864765,0.09145100911458333,0.837720106045405,0.025009286395894986,0.050506591796875,0.34796036034822464,3.635190963745117
58856.396534875035,1245,81592320,81592320,914.2138945775182,1614.0603931851356,1241,100,26.38999996185303,14.922395921274651,64.0,2.0,22.92999973297119,15.234339266590714,58.0,0.0,-0.001322649341697494,0.19799056470704574,0.001614723162977801,2.388965835173925,0.009339337748315302,0.09322611490885416,0.8501789936174949,0.024351141182705763,0.04974365234375,0.34342240542173386,3.635758876800537
58916.39666743949,1246,81710592,81657856,1971.1956448253852,1092.2642534097372,1241,100,26.38999996185303,14.922395921274651,64.0,2.0,22.92999973297119,15.234339266590714,58.0,0.0,-0.0003254708669070775,0.22043616805846492,0.0015995758197580774,2.398896088202794,0.009090038712505095,0.09475199381510417,0.8327599602440993,0.024424314169057954,0.0471954345703125,0.31747984141111374,3.6358606815338135
58998.403303578496,1248,81788928,81788928,955.2397670258842,1598.3096755465776,1241,100,26.38999996185303,14.922395921274651,64.0,2.0,22.92999973297119,15.234339266590714,58.0,0.0,0.0002982497462653555,0.19470511671776572,0.0016211275069508702,2.4086208889881773,0.008645313973829618,0.0897979736328125,0.8376079897085826,0.024246405810117718,0.0485992431640625,0.33635878562927246,3.6364448070526123
59058.40383325517,1249,81908224,81854464,1988.2491145136396,1092.257024282171,1244,100,25.25999984741211,14.92288206049119,65.0,0.0,21.59999990463257,14.237275003991485,54.0,0.0,-0.001109292153463078,0.2209531033101181,0.0016499067921055635,2.3953657746315002,0.008619255637313472,0.09189860026041667,0.8287863936275244,0.024964829693393163,0.0488739013671875,0.3222828656435013,3.636713743209839
59140.14276277833,1251,81985536,81985536,945.840622712082,1603.544366982073,1244,100,25.25999984741211,14.92288206049119,65.0,0.0,21.59999990463257,14.237275003991485,54.0,0.0,-8.579130856863532e-05,0.2232552724890411,0.0016227022497332655,2.3954802453517914,0.00930241547030164,0.09946695963541667,0.8130665688465039,0.025003239318418007,0.0485992431640625,0.34770748019218445,3.6369130611419678
59200.14413202368,1252,82103808,82051072,1971.1550167526411,1092.2417408845804,1248,100,25.249999809265137,14.686984133412691,60.0,0.0,19.820000171661377,15.474740648219443,54.0,0.0,6.119771084437767e-05,0.21077719563618302,0.0016658141939842608,2.399699553847313,0.010649737646114469,0.10188802083333334,0.8251942750066519,0.02690803011258443,0.050537109375,0.343146912753582,3.637174129486084
59281.98361169174,1254,82182144,82182144,957.190836473109,1601.574210046509,1248,100,25.249999809265137,14.686984133412691,60.0,0.0,19.820000171661377,15.474740648219443,54.0,0.0,-0.0006748702386782194,0.20770197144399086,0.0016772860556860298,2.388308527568976,0.008056060617794477,0.08516438802083334,0.8131379261612892,0.02665887105589112,0.0501708984375,0.33752087503671646,3.6377971172332764
59341.9836372491,1255,82305792,82247680,2060.799122190452,1092.2662014094321,1251,100,24.119999885559082,14.073578024283778,50.0,0.0,21.280000114440917,13.524111812393633,56.0,0.0,0.0006841531818887839,0.20156594784930348,0.0016567524241205926,2.4042759090662007,0.010154780350906853,0.1057586669921875,0.8218321533252796,0.02605404497201865,0.04803466796875,0.3286063224077225,3.6378514766693115
59424.7383988183,1257,82378752,82378752,881.6411118409026,1583.860523728218,1251,100,24.119999885559082,14.073578024283778,50.0,0.0,21.280000114440917,13.524111812393633,56.0,0.0,-0.0002105699459207244,0.22245620656758544,0.0016033354089207326,2.404497670630614,0.009274065836507361,0.0926361083984375,0.8263834913571676,0.026346174243371934,0.047088623046875,0.32788722962141037,3.638592004776001
59484.73879159242,1258,82501120,82444288,2039.45331592531,1092.2595164788272,1254,100,24.61000003814697,14.199925847924968,52.0,0.0,21.85000009536743,14.578323251327344,52.0,0.0,0.0011392997087871966,0.2252531841707726,0.0016600257404206784,2.3993649284044904,0.00743181087091216,0.067474365234375,0.8130033134172361,0.027344140030133225,0.050933837890625,0.35748736560344696,3.638906955718994
59566.9877809193,1260,82575360,82575360,902.6250730565268,1593.6001289825579,1254,100,24.61000003814697,14.199925847924968,52.0,0.0,21.85000009536743,14.578323251327344,52.0,0.0,-0.0007014900887346206,0.2382043053706487,0.0016320602395959818,2.380913076301416,0.009351709411324313,0.09430440266927083,0.8063603434711695,0.0262533058024322,0.04962158203125,0.34107606112957,3.639268398284912
59626.9880990237,1261,82691072,82640896,1928.523108805187,1092.2608757834687,1254,100,24.61000003814697,14.199925847924968,52.0,0.0,21.85000009536743,14.578323251327344,52.0,0.0,-0.0003739988023880869,0.2044944812854131,0.0016704985888888284,2.3792775024970374,0.009027461238777809,0.09635416666666667,0.8079724262158076,0.02638727337277184,0.050537109375,0.3509479984641075,3.6393959522247314
59709.47015688196,1263,82771968,82771968,980.7708743035479,1589.097112795622,1258,100,23.43000030517578,14.854127476194167,62.0,0.0,22.2399995803833,15.353904869710375,53.0,0.0,0.0020884278395290794,0.20664790086448193,0.0016239731388244156,2.3732633938392,0.008300299382729767,0.09252421061197917,0.8167039441565673,0.02729973792641734,0.0516357421875,0.34603699296712875,3.639969825744629
59769.47034576349,1264,82890752,82837504,1979.7271011018913,1092.263228194147,1258,100,23.43000030517578,14.854127476194167,62.0,0.0,22.2399995803833,15.353904869710375,53.0,0.0,-0.0007018111961466881,0.18907863118996224,0.0016466421984659976,2.380230893691381,0.009096137151573203,0.0916900634765625,0.8418154505391915,0.0266216656503578,0.0505828857421875,0.34463630616664886,3.6405439376831055
59851.27096216194,1266,82968576,82968576,951.3864739223544,1602.3351139744916,1261,100,24.8,14.168274297215161,51.0,0.0,20.739999866485597,14.30707474497419,53.0,0.0,-0.0006234265868746055,0.20424135137970248,0.0015758853284448076,2.3822664941350618,0.0097524233697186,0.10362752278645833,0.832563458631436,0.027691557809400063,0.049560546875,0.32783836126327515,3.641209602355957
59911.27522860095,1267,83088896,83034112,2005.1907495995329,1092.1890040371925,1261,100,24.8,14.168274297215161,51.0,0.0,20.739999866485597,14.30707474497419,53.0,0.0,-0.0009935807296036123,0.2205480149326225,0.0016389139442859837,2.387948902944724,0.008340895823494066,0.0909576416015625,0.8157749560972055,0.025749776046723127,0.0526123046875,0.36625445634126663,3.6415674686431885
59993.338079467416,1269,83165184,83165184,929.6289270298001,1597.214800802878,1264,100,25.95,13.03485694204126,50.0,0.0,22.390000343322754,15.276056536445706,53.0,0.0,0.0012142422128817998,0.22411088335017362,0.001637421488946226,2.3817517682909966,0.009117935524045606,0.0982513427734375,0.8178139068186283,0.026660936457725864,0.048553466796875,0.3181343898177147,3.642133951187134
60053.338578021154,1270,83285504,83230720,2005.316670697966,1092.2575908482538,1264,100,25.95,13.03485694204126,50.0,0.0,22.390000343322754,15.276056536445706,53.0,0.0,0.0008486792648909613,0.21901298050458232,0.001626624833685734,2.3959604129195213,0.009532444213012544,0.10565694173177083,0.8164337712029616,0.026102230418473482,0.047088623046875,0.3340277522802353,3.6422016620635986
60135.697163403034,1272,83361792,83361792,926.2908007254823,1591.4794965484796,1267,100,25.780000114440917,14.248213765485492,53.0,0.0,21.030000019073487,14.525463920310589,51.0,0.0,-0.000348616505410367,0.18507208690668145,0.0016001175827113912,2.39079292366902,0.008940947242687495,0.09128824869791667,0.8504753727465868,0.026264915398011606,0.0480804443359375,0.33087108284235,3.6425042152404785
60195.69734307565,1273,83482368,83427328,2009.5939821832778,1092.2633958363463,1267,100,25.780000114440917,14.248213765485492,53.0,0.0,21.030000019073487,14.525463920310589,51.0,0.0,0.0005595299783938876,0.19136838320021826,0.00162546340895157,2.381975807249546,0.008650173443432626,0.08986918131510417,0.8545013212909301,0.026799712756959103,0.0490875244140625,0.35124415159225464,3.6426451206207275
60278.072717251256,1275,83558400,83558400,922.9942899915048,1591.155139648655,1271,100,24.439999961853026,14.124673426196459,57.0,0.0,21.5,15.161464214378693,55.0,0.0,-0.00015579494841707253,0.18895641512547928,0.001597420585312648,2.3817170162995653,0.009103420069247175,0.09688822428385417,0.8426214413096508,0.025938244012650102,0.0510711669921875,0.3553365543484688,3.642993688583374
60338.07308453508,1276,83676672,83623936,1971.1879335760607,1092.2599805096786,1271,100,24.439999961853026,14.124673426196459,57.0,0.0,21.5,15.161464214378693,55.0,0.0,0.0001692387474273952,0.20210888306610286,0.001604221648449311,2.3784349337220196,0.009958186353590767,0.10174560546875,0.8215842433273792,0.026670317553604644,0.0504150390625,0.32675619423389435,3.6434364318847656
60420.09243143909,1278,83755008,83755008,955.0917308775898,1598.0619810762287,1274,100,23.229999923706053,14.331681685574754,66.0,0.0,20.410000038146972,13.9721828619108,50.0,0.0,-0.00011574047433290013,0.21345385039846104,0.001619219220932185,2.3649978836377463,0.009258603551643318,0.0910491943359375,0.8241149336099625,0.028240637659716107,0.0506134033203125,0.34763484448194504,3.6441473960876465
60480.09247241914,1279,83869696,83820544,1911.4653611340432,1092.2659206480248,1274,100,23.229999923706053,14.331681685574754,66.0,0.0,20.410000038146972,13.9721828619108,50.0,0.0,0.0011669381104487306,0.19277479980761805,0.0015849196582469933,2.3755338589350385,0.00940310429238404,0.0966949462890625,0.8319250158965588,0.02621141964724908,0.0485382080078125,0.3337882533669472,3.644407272338867
60562.70857391693,1281,83951616,83951616,991.5742635495463,1586.5188216792742,1274,100,23.229999923706053,14.331681685574754,66.0,0.0,20.410000038146972,13.9721828619108,50.0,0.0,-0.0008094690905030195,0.19531283581939837,0.0016102350018627474,2.3685459792613983,0.00860651097536902,0.093841552734375,0.849191210543116,0.02491456437079857,0.0496063232421875,0.32651272416114807,3.645097494125366
60622.708828242496,1282,84073984,84017152,2039.4580218946464,1092.2620368306057,1277,100,24.440000343322755,13.88763467046309,54.0,0.0,23.07000026702881,14.174805170109176,51.0,0.0,-0.0006229027203517036,0.20091071802501878,0.00159513225783788,2.3769750619928045,0.00764914890169166,0.07644144694010416,0.8492885598291954,0.025054991807943832,0.0511474609375,0.34852491319179535,3.645373582839966
60703.95926855132,1284,84148224,84148224,913.7181253150352,1613.185104004476,1277,100,24.440000343322755,13.88763467046309,54.0,0.0,23.07000026702881,14.174805170109176,51.0,0.0,0.00018435553162513923,0.19954844564199448,0.0015631461562103748,2.3680820067723594,0.009760785188215474,0.10042826334635416,0.8533038149277369,0.027448162708121043,0.05084228515625,0.34114697575569153,3.6463186740875244
60763.959637394175,1285,84267008,84213760,1979.721163233231,1092.259952128679,1281,100,24.620000267028807,15.173516575840802,61.0,0.0,22.789999961853027,14.395342893573426,54.0,0.0,-0.0007850906767998822,0.21556088095530868,0.001576247237001856,2.359339214861393,0.01031747285014717,0.0965576171875,0.843487107505401,0.027091360864384722,0.052642822265625,0.34793611615896225,3.6468429565429688
60846.42789768241,1287,84344832,84344832,943.6842698996419,1589.3629808836074,1281,100,24.620000267028807,15.173516575840802,61.0,0.0,22.789999961853027,14.395342893573426,54.0,0.0,0.0012093439218006097,0.22196888846034804,0.0016126283238312074,2.3818323562542596,0.009632898330285874,0.0984954833984375,0.8268449579675992,0.026263522061829764,0.0505218505859375,0.35001127421855927,3.647343635559082
60906.42865273543,1288,84470016,84410368,2086.3737446202786,1092.2529215190007,1281,100,24.620000267028807,15.173516575840802,61.0,0.0,22.789999961853027,14.395342893573426,54.0,0.0,-0.00010418970487080514,0.20553661168863377,0.0015825542529152397,2.3867104227344194,0.008044218588111107,0.08732096354166667,0.8323455279072126,0.02389541477896273,0.0527191162109375,0.36354289948940277,3.647728443145752
60987.146087547764,1290,84541440,84541440,884.864591721184,1623.8375303270473,1285,100,22.839999961853028,14.77208150238342,61.0,0.0,18.780000019073487,14.522107281505805,56.0,0.0,-0.0007304974181655174,0.20819727083047232,0.0016082667825685348,2.380411319434643,0.00987498455227372,0.10090128580729167,0.8396414195497831,0.02484366383093099,0.050750732421875,0.3448656126856804,3.6480839252471924
61047.14636802301,1291,84665600,84606976,2069.323660099028,1092.2615607945384,1285,100,22.839999961853028,14.77208150238342,61.0,0.0,18.780000019073487,14.522107281505805,56.0,0.0,0.0009049213695107029,0.23350266708681983,0.0016745757166063413,2.3869934355219207,0.011022065869838116,0.10872904459635417,0.8183734050641457,0.024719314203442387,0.049835205078125,0.337999626994133,3.648391008377075
61129.172151250765,1293,84738048,84738048,883.2344800516869,1597.936585817893,1288,100,24.860000228881837,14.370121836500786,53.0,1.0,19.179999923706056,14.565287400209542,49.0,0.0,0.0017602698753762525,0.21277832131211954,0.0016735647926301076,2.389364168047905,0.008742865476961013,0.09078979492187501,0.8371980128188928,0.024767453452417005,0.0523834228515625,0.362615130841732,3.649153470993042
61189.17265795544,1294,84860928,84803584,2047.9827046265498,1092.2574424674933,1288,100,24.860000228881837,14.370121836500786,53.0,1.0,19.179999923706056,14.565287400209542,49.0,0.0,0.00118407799891429,0.20169015725453693,0.0016777972147489586,2.384222740928332,0.010702346323644935,0.107818603515625,0.8195824914922316,0.025583137622258317,0.05072021484375,0.3500087708234787,3.6493115425109863
61270.80885557458,1296,84934656,84934656,903.1287853945072,1605.5622851457906,1291,100,25.319999980926514,15.321801456277024,64.0,0.0,19.64000015258789,14.826004234684142,53.0,0.0,-0.0004172166494148162,0.2187199809898933,0.0016681300912750885,2.3820726772149405,0.009609642150583872,0.09675598144531251,0.8381333177288374,0.025336320492594194,0.0508270263671875,0.3429040238261223,3.650181531906128
61330.80939856544,1297,85054720,85000192,2001.048557481937,1092.256781909117,1291,100,25.319999980926514,15.321801456277024,64.0,0.0,19.64000015258789,14.826004234684142,53.0,0.0,0.0007479126992014546,0.2166693570713202,0.0016422056020625555,2.389572473863761,0.010366927837215675,0.1042022705078125,0.818473265816768,0.024815509348021198,0.0517120361328125,0.35598862916231155,3.650402784347534
61412.53840156272,1299,85131264,85131264,936.5585923340851,1603.739128010206,1294,100,25.099999809265135,14.542007911867435,65.0,1.0,21.10999984741211,14.991260592559744,58.0,0.0,-0.00015122942325736713,0.23138325397546092,0.0016546656200565242,2.3793234651287394,0.010349118949307012,0.10407511393229167,0.831454960629344,0.026431748430089403,0.04876708984375,0.3245110735297203,3.6509437561035156
61472.538470659405,1300,85252864,85196800,2026.6643327369018,1092.2654088013617,1294,100,25.099999809265135,14.542007911867435,65.0,1.0,21.10999984741211,14.991260592559744,58.0,0.0,0.0009577222081134096,0.22039048001170158,0.0016180190711262792,2.383416833976905,0.009581830173677494,0.10091145833333333,0.8178619512667259,0.025953703404714663,0.0497894287109375,0.3538646325469017,3.651132822036743
61554.93640246242,1302,85327872,85327872,910.3141105448572,1590.719537880433,1298,100,24.93000011444092,14.66714341502384,64.0,0.0,22.579999923706055,14.255651909114789,54.0,0.0,0.0009913967878674157,0.197859190714856,0.0016360257371464588,2.3912585874398546,0.008507064400570623,0.09068806966145833,0.8208157780269782,0.024976007252310712,0.0491790771484375,0.3496096432209015,3.6516690254211426
61614.936598470435,1303,85453312,85393408,2090.659836898704,1092.2630984613636,1298,100,24.93000011444092,14.66714341502384,64.0,0.0,22.579999923706055,14.255651909114789,54.0,0.0,-0.0009188094263663514,0.19653584528714418,0.0016099331793763365,2.3821735233068466,0.008002718243612131,0.08778889973958334,0.8363718794037899,0.025600525996802997,0.05242919921875,0.3607371374964714,3.6519715785980225
61695.50883157924,1305,85524480,85524480,883.2819602243829,1626.763897967209,1301,100,26.200000190734862,13.967104198035726,62.0,0.0,20.05999975204468,14.049071185267026,49.0,0.0,-0.0005914564171689562,0.23226303545137245,0.0016024653996282725,2.395032025873661,0.008162312847465122,0.08289591471354167,0.8016587682068348,0.023616102582309395,0.0506439208984375,0.3404836803674698,3.6524314880371094
61755.50919556804,1306,85645568,85590016,2018.1210904420388,1092.2600404929428,1301,100,26.200000190734862,13.967104198035726,62.0,0.0,20.05999975204468,14.049071185267026,49.0,0.0,-0.0006519373588768455,0.22382166096940637,0.0016614223895885518,2.389318721989791,0.008987035191239556,0.09027099609375,0.8177750806013744,0.02556663842794175,0.0479736328125,0.3128921762108803,3.6526384353637695
61838.11961231008,1308,85721088,85721088,914.1704276328473,1586.6279964339587,1301,100,26.200000190734862,13.967104198035726,62.0,0.0,20.05999975204468,14.049071185267026,49.0,0.0,0.00014073142907970276,0.205463943304494,0.0016067954323564966,2.393619904915492,0.009415280884544094,0.09827168782552083,0.8418700527399778,0.02538748106841619,0.0511322021484375,0.3500247821211815,3.6530327796936035
61898.11986544356,1309,85842176,85786624,2018.1248190841663,1092.262058531811,1304,100,24.630000114440918,14.382388605818807,49.0,1.0,20.820000076293944,14.959532064262678,50.0,0.0,-0.0019526406249497086,0.2222291943617165,0.001630138052860275,2.3943632990121846,0.008638395514329506,0.09209696451822917,0.8227621043721834,0.02445205634770294,0.0519561767578125,0.33849307894706726,3.6534817218780518
61979.120670650154,1311,85917696,85917696,932.3364108218707,1618.1567536976195,1304,100,24.630000114440918,14.382388605818807,49.0,1.0,20.820000076293944,14.959532064262678,50.0,0.0,-0.001347701365981872,0.24589628120884302,0.0016694307220556464,2.4030387178063393,0.00788346150511643,0.08234151204427083,0.8062840756028892,0.02403139156134178,0.048309326171875,0.3221815750002861,3.653806686401367
62039.12088144757,1312,86036224,85983232,1975.4597263032979,1092.2628292303332,1308,100,27.260000038146973,14.819325106750078,60.0,0.0,21.089999771118165,14.834483271571814,51.0,0.0,-0.0005415730920503847,0.222319093067199,0.0016750684117141645,2.3948058312137923,0.009114716502153897,0.09954325358072916,0.8094525362054507,0.02410900503552208,0.047332763671875,0.33657635748386383,3.6537904739379883
62121.284080058336,1314,86114304,86114304,950.303801704324,1595.2640867954553,1308,100,27.260000038146973,14.819325106750078,60.0,0.0,21.089999771118165,14.834483271571814,51.0,0.0,-0.0006338783326403548,0.20647805370390415,0.0016922304736605536,2.3899190202355385,0.008478025905787945,0.08341979980468751,0.8090803424517314,0.025307012353247654,0.051483154296875,0.3464388847351074,3.6542916297912598
62181.285619903356,1315,86236928,86179840,2043.6808841361492,1092.2386353629524,1308,100,27.260000038146973,14.819325106750078,60.0,0.0,21.089999771118165,14.834483271571814,51.0,0.0,-0.001424140102850894,0.23969152554248768,0.0016478419735600862,2.3920666923125586,0.011214893673847351,0.1095123291015625,0.800056291744113,0.025925251849306125,0.04901123046875,0.31270842254161835,3.654437303543091
62263.39531270042,1317,86310912,86310912,901.038567795552,1596.3036218384866,1312,100,24.93000030517578,13.900543148768827,51.0,1.0,21.73000040054321,13.956973311955451,57.0,1.0,-0.0007629552516542996,0.20576197452222308,0.001621176646343277,2.3861471563577648,0.009345320055217599,0.098114013671875,0.8270147771884997,0.025912846826637786,0.0507354736328125,0.34439563751220703,3.65502667427063
62323.39578174241,1318,86429696,86376448,1979.717857153335,1092.2581280845986,1312,100,24.93000030517578,13.900543148768827,51.0,1.0,21.73000040054321,13.956973311955451,57.0,1.0,0.00025870249373838305,0.2149151329261561,0.001628673803982868,2.3891333639621735,0.009220511079547578,0.0988616943359375,0.8332067889471849,0.026553127099759877,0.0487213134765625,0.3246852084994316,3.655390739440918
62406.544874895364,1320,86507520,86507520,935.9572912820647,1576.349122159267,1315,100,23.939999771118163,14.816760962777867,64.0,0.0,20.949999713897704,15.225882384190998,52.0,0.0,-0.0009359100319367524,0.2257013850224515,0.0016370767965175521,2.397363839050134,0.00890635599171219,0.090301513671875,0.8130822988847892,0.025300135059903063,0.0457916259765625,0.30401289463043213,3.655670642852783
62466.54520927742,1321,86624256,86573056,1945.5891571649197,1092.2605794610076,1315,100,23.939999771118163,14.816760962777867,64.0,0.0,20.949999713897704,15.225882384190998,52.0,0.0,-0.0007282661317731254,0.19842574760938686,0.0016408834635512903,2.3885677506526313,0.007443307193777097,0.08191426595052083,0.8543144172678391,0.025386168466260035,0.05078125,0.3275720775127411,3.6561644077301025
62548.02977260761,1323,86704128,86704128,980.2101985420965,1608.5500694024147,1318,100,21.59000015258789,14.845265114140252,49.0,0.0,20.23000040054321,14.056923680370522,54.0,0.0,-0.0011753583069851932,0.19876733670632044,0.0016322244276428441,2.3936987494428954,0.007832266911767269,0.0842437744140625,0.8408506562312443,0.02607102651381865,0.049102783203125,0.3286411687731743,3.6564745903015137
62608.02998735942,1324,86825216,86769664,2018.1261100627564,1092.2627572432677,1318,100,21.59000015258789,14.845265114140252,49.0,0.0,20.23000040054321,14.056923680370522,54.0,0.0,-0.0011466584328445606,0.203737380526339,0.0016061414729241128,2.3991049180428186,0.00930872115410845,0.09052022298177083,0.8147484523554642,0.025287046524075173,0.049102783203125,0.3272794857621193,3.6566901206970215
62690.376156196,1326,86900736,86900736,917.1039899849416,1591.719467363695,1321,100,24.379999732971193,14.713789549223232,58.0,0.0,22.569999980926514,14.910570281495279,56.0,1.0,0.0002658421678158144,0.19889823937167725,0.0016235902391296502,2.4013368239005404,0.009696783884161656,0.10426839192708333,0.8312632857511442,0.02561094369351243,0.0489044189453125,0.33256615698337555,3.6570823192596436
62750.37763303146,1327,87016704,86966272,1932.7524273780145,1092.2397823593194,1321,100,24.379999732971193,14.713789549223232,58.0,0.0,22.569999980926514,14.910570281495279,56.0,1.0,4.085663385922087e-05,0.19742308968367675,0.0016296498118511713,2.401752014954885,0.009115619192016311,0.10123697916666667,0.8362839681406816,0.026071458744506042,0.0500946044921875,0.3415686786174774,3.657351493835449
62833.39235128276,1329,87097344,87097344,971.394009383805,1578.9007390619306,1325,100,23.029999923706054,14.031005281744577,64.0,0.0,18.540000343322752,13.948777727419953,51.0,0.0,-0.00017099718873699507,0.19484029865513244,0.001670086856999357,2.386424496769905,0.008974989730025603,0.09484354654947917,0.8335007714728515,0.026836884945320584,0.0505218505859375,0.33888528496026993,3.6578502655029297
62893.392572615296,1330,87216640,87162880,1988.2593322253579,1092.2626374456902,1325,100,23.029999923706054,14.031005281744577,64.0,0.0,18.540000343322752,13.948777727419953,51.0,0.0,-0.0004329307654794927,0.2001644397775332,0.0016633525277332712,2.386828273534775,0.00856211467119768,0.09050496419270833,0.8455008057256539,0.027308485936373476,0.0511016845703125,0.34372491389513016,3.658156156539917
62975.6142860204,1332,87293952,87293952,940.2868998738501,1594.12878389209,1328,100,24.580000019073488,14.155691157170999,50.0,0.0,20.31999988555908,14.054095649843958,54.0,0.0,-0.0005245397090523815,0.18372824291388193,0.0016159170190803707,2.391391622523467,0.008452233256321051,0.08832295735677083,0.8498623917500178,0.0264945206969666,0.05023193359375,0.3490346595644951,3.65856671333313
63035.61460234411,1333,87417856,87359488,2065.0557795648224,1092.2609081995756,1328,100,24.580000019073488,14.155691157170999,50.0,0.0,20.31999988555908,14.054095649843958,54.0,0.0,0.007697699424170423,0.19531239941716194,0.0016454842940826588,2.3896096423268323,0.011039149746162973,0.11176045735677084,0.8354369265337785,0.027563135023228824,0.0489654541015625,0.3333910331130028,3.658734083175659
63116.575219955295,1335,87490560,87490560,898.0168648065741,1618.9599816231193,1331,100,25.52999973297119,12.901515455463848,49.0,1.0,19.19000005722046,13.581380526096204,53.0,0.0,0.0017102345542904611,0.2116435143786172,0.0016167334106285125,2.3905240322152776,0.007694893224349167,0.08211263020833333,0.8196887169033288,0.02649292196535195,0.0517120361328125,0.3398951590061188,3.6593191623687744
63176.5753811989,1336,87608320,87556096,1962.6613922234394,1092.263731324349,1331,100,25.52999973297119,12.901515455463848,49.0,1.0,19.19000005722046,13.581380526096204,53.0,0.0,-0.0009491661742989285,0.20200931862927973,0.001664779879016957,2.3888906637827554,0.007021462371388528,0.07618713378906251,0.8316022486736376,0.02627692214446142,0.0518798828125,0.3424086272716522,3.6596946716308594
63259.22059739567,1338,87687168,87687168,954.0540109698014,1585.95991433941,1334,100,25.90999984741211,15.018718367478545,66.0,0.0,21.520000076293947,14.559175909390648,51.0,0.0,-0.0004483662705752067,0.20990203662465018,0.0016686008748365566,2.3860274950663247,0.008853128897802284,0.10003153483072916,0.8367378662029902,0.025850284767026704,0.0533447265625,0.3591998293995857,3.6606104373931885
63319.220962187275,1339,87812352,87752704,2086.3873150571526,1092.2600258785913,1334,100,25.90999984741211,15.018718367478545,66.0,0.0,21.520000076293947,14.559175909390648,51.0,0.0,-0.00021776532472965,0.20235104796787104,0.001632954067948352,2.394878168900808,0.008099956879353462,0.08480834960937499,0.8422049824148415,0.025591363140847534,0.0531005859375,0.34845078736543655,3.660893201828003
63401.00661919452,1341,87883776,87883776,873.3071618373251,1602.6281966333709,1334,100,25.90999984741211,15.018718367478545,66.0,0.0,21.520000076293947,14.559175909390648,51.0,0.0,0.0014710468531120569,0.19757843126232424,0.0016535818443420187,2.3947692463795343,0.008290419079761097,0.08751424153645833,0.825722382714351,0.02610889608816554,0.0520477294921875,0.3433913066983223,3.6614911556243896
63461.00695350021,1342,88006912,87949312,2052.25523199002,1092.2605808512374,1337,100,27.1,14.736010344818578,61.0,0.0,21.84999990463257,14.934104928603777,51.0,0.0,-0.0007650657959554035,0.22118436164843538,0.0016432280256897986,2.4012521058320995,0.009163362953889495,0.0890960693359375,0.8324458251396815,0.02528436538220073,0.0505523681640625,0.32605794817209244,3.661674976348877
63541.95449973084,1344,88080384,88080384,907.6495016991574,1619.2214106967547,1337,100,27.1,14.736010344818578,61.0,0.0,21.84999990463257,14.934104928603777,51.0,0.0,-0.0011302344986082364,0.20797782220567268,0.0016462295110007592,2.408016170064608,0.007215754541903151,0.08092753092447916,0.8209073897451162,0.023415239120367914,0.0496368408203125,0.35128525644540787,3.661949634552002
63601.95488694683,1345,88199680,88145920,1988.2538352721513,1092.2596176602376,1341,100,25.170000076293945,13.114156510019273,51.0,1.0,23.11000003814697,14.741706426873415,54.0,0.0,-0.0031266371200520853,0.22513352629418174,0.001680931141891051,2.3989452968041105,0.008866940497682663,0.089141845703125,0.8124504735072454,0.024259090947452933,0.0500030517578125,0.31628723442554474,3.6621129512786865
63682.90138251521,1347,88276992,88276992,955.1000257286059,1619.2424277253187,1341,100,25.170000076293945,13.114156510019273,51.0,1.0,23.11000003814697,14.741706426873415,54.0,0.0,0.0026663570776387737,0.2545503835814694,0.0016570678320325292,2.409914513429006,0.008361812546960815,0.08984883626302084,0.8119793795049189,0.02339471606925751,0.0467071533203125,0.3190999701619148,3.66241455078125
63742.90171245672,1348,88392192,88342528,1919.9894419297023,1092.2606602977862,1344,100,24.779999923706054,13.615858159365308,50.0,0.0,20.479999923706053,13.579749688662426,53.0,0.0,-0.0011315033601325315,0.22522554996733862,0.001614906371590526,2.4089035565654435,0.007859663794685426,0.08605448404947916,0.834359822794795,0.02419359937387829,0.046875,0.3074820563197136,3.6625545024871826
63825.859211726114,1350,88473600,88473600,981.3217697852219,1579.9897677045083,1344,100,24.779999923706054,13.615858159365308,50.0,0.0,20.479999923706053,13.579749688662426,53.0,0.0,-0.0008620428488939069,0.19672358587073782,0.0015954369494769103,2.4001798952619233,0.008589510052843254,0.09094746907552084,0.8315404827396075,0.025539529121791325,0.0503082275390625,0.3389921337366104,3.66304874420166
63885.85947366245,1351,88594944,88539136,2022.3911710377529,1092.2618982819931,1344,100,24.779999923706054,13.615858159365308,50.0,0.0,20.479999923706053,13.579749688662426,53.0,0.0,0.0011059401100889468,0.20411497370029488,0.0016497635503280132,2.391623174150785,0.0077776863424029825,0.08443705240885416,0.8294552639126778,0.028072309757893283,0.0494537353515625,0.3411422669887543,3.6632745265960693
63968.03723313846,1353,88670208,88670208,915.8682407491934,1594.9814260666226,1348,100,23.930000019073486,14.401565756342716,64.0,0.0,19.969999980926513,12.648679798441503,53.0,1.0,0.001424720879488935,0.18853419429312152,0.0016635967234227185,2.3741086696585016,0.010028021011142604,0.10393778483072917,0.8366557154804468,0.029688386770430952,0.050567626953125,0.343259833753109,3.6638243198394775
64028.03758554347,1354,88780288,88735744,1834.6558909678226,1092.2602513668899,1348,100,23.930000019073486,14.401565756342716,64.0,0.0,19.969999980926513,12.648679798441503,53.0,1.0,0.00019190008849060783,0.17750655432852605,0.0015492357112331472,2.3917737851540246,0.008554592983879655,0.0901641845703125,0.8477684327711662,0.027278361589803048,0.051727294921875,0.3576248809695244,3.664090633392334
64112.61874623969,1356,88866816,88866816,1023.0174105882605,1549.6595095301461,1351,100,23.130000114440918,14.17085361772564,60.0,0.0,21.90000009536743,13.579764191141226,56.0,1.0,-0.0005035822177887894,0.20593155307384828,0.0015713967623014469,2.3926600267489753,0.009386934512804146,0.09423828125,0.8412375984092554,0.025986527539013572,0.05206298828125,0.35775598883628845,3.6646568775177
64172.619064414874,1357,88984576,88932352,1962.6562588581355,1092.2608744949623,1351,100,23.130000114440918,14.17085361772564,60.0,0.0,21.90000009536743,13.579764191141226,56.0,1.0,0.0031293398496927693,0.2032868821794788,0.0016033829985341679,2.3906461372971535,0.009879639676000807,0.09755452473958334,0.8398005707810322,0.02658634677451725,0.0499114990234375,0.3579702153801918,3.66483998298645
64255.62622124888,1359,89063424,89063424,949.893997184802,1579.0445667487616,1354,100,21.820000076293944,14.20167570065083,62.0,0.0,20.05,14.388450221747895,57.0,1.0,-0.0001345045457128435,0.18706219658876458,0.0016101092890797495,2.3890841404596963,0.009364663347999643,0.0928497314453125,0.834323492522041,0.027218314101143427,0.04937744140625,0.34702225029468536,3.6650967597961426
64315.62692868523,1360,89182720,89128960,1988.2432240744124,1092.2537883327245,1354,100,21.820000076293944,14.20167570065083,62.0,0.0,20.05,14.388450221747895,57.0,1.0,-0.00018088159655841687,0.21805629413574934,0.00161220398391985,2.384168361624082,0.00936729266444066,0.09713236490885417,0.8336119273056587,0.027151823548289638,0.0500946044921875,0.342445470392704,3.6654295921325684
64397.97048157826,1362,89260032,89260032,938.8956060766027,1591.7700341431146,1357,100,23.650000190734865,13.476924703402126,49.0,1.0,20.11000003814697,14.677121475992225,54.0,1.0,0.001767092020600103,0.1968646013798813,0.0016249977767680928,2.3745678638418517,0.00828784289539423,0.08426411946614584,0.8485191352665424,0.02813182534494748,0.05023193359375,0.353057436645031,3.6659610271453857
64457.970722543076,1363,89383168,89325568,2052.258424632139,1092.2622800536956,1357,100,23.650000190734865,13.476924703402126,49.0,1.0,20.11000003814697,14.677121475992225,54.0,1.0,0.0007235952483218475,0.19898187338064116,0.0016261150631180499,2.3931516831119852,0.008111541947679749,0.0859375,0.83971364920338,0.025879973720293496,0.0503387451171875,0.3481307476758957,3.66635799407959
64538.86286530644,1365,89456640,89456640,908.2711557651783,1620.3304242221996,1360,100,25.719999694824217,13.986478772950226,65.0,0.0,18.519999980926514,13.26686108483547,59.0,1.0,0.0028894940818039077,0.22856941477706033,0.001660099489527056,2.3862757235765457,0.008863332634064136,0.09174601236979166,0.8289735155800979,0.026414550666231666,0.05059814453125,0.3392237052321434,3.6668477058410645
64598.8635591045,1366,89581568,89522176,2082.1092572770967,1092.2540366043786,1360,100,25.719999694824217,13.986478772950226,65.0,0.0,18.519999980926514,13.26686108483547,59.0,1.0,0.0003602919096010737,0.2018755959967772,0.0016353242620728754,2.3859836136301356,0.009673603662425496,0.09381103515625,0.8446790513892968,0.026033134878768276,0.05224609375,0.3574434742331505,3.6671838760375977
64680.00708010048,1368,89653248,89653248,883.3730545604002,1615.3107283390175,1364,100,24.230000019073486,14.679138198822981,57.0,0.0,20.10999984741211,13.694448171112539,51.0,0.0,-0.00043862949193377665,0.19810532196424901,0.0016161656094482169,2.388838956753413,0.008332646682295792,0.08768717447916666,0.8456839794913927,0.026167066399163254,0.0501251220703125,0.3570568710565567,3.667851686477661
64740.01672245376,1369,89770496,89718784,1953.8193430607703,1092.0911611868062,1364,100,24.230000019073486,14.679138198822981,57.0,0.0,20.10999984741211,13.694448171112539,51.0,0.0,-8.014925939884654e-05,0.2123795060130457,0.0016154829124085761,2.386791576941808,0.008721643721704215,0.09059651692708334,0.8302592529604832,0.025707057172742985,0.0499420166015625,0.33736860752105713,3.6682076454162598
64823.39749936201,1371,89849856,89849856,951.7781309153178,1571.9690420278796,1364,100,24.230000019073486,14.679138198822981,57.0,0.0,20.10999984741211,13.694448171112539,51.0,0.0,0.0004838530973453696,0.19565649214200673,0.0016330596178401415,2.3841002757350602,0.007961471534144948,0.0872039794921875,0.8348409403115511,0.025984327483456582,0.0509796142578125,0.3721921816468239,3.6686203479766846
64883.39751597494,1372,89963264,89915392,1890.1328099891998,1092.2663642375512,1367,100,25.519999694824218,14.385047627022393,51.0,0.0,21.110000133514404,14.835696644157165,58.0,0.0,0.0002567406287804867,0.19455685443244874,0.0016497047424005964,2.384845440586408,0.009847630500492718,0.09987386067708333,0.849316365395983,0.024812591592005145,0.05224609375,0.35114529728889465,3.6690292358398438
64966.90547721833,1374,90046464,90046464,996.3121930076409,1569.5749009843448,1367,100,25.519999694824218,14.385047627022393,51.0,0.0,21.110000133514404,14.835696644157165,58.0,0.0,0.0007171160104917362,0.1933417821613451,0.0016478028567992926,2.3784678479035697,0.009050756201759214,0.08892822265625,0.8333200595031182,0.026079207484144717,0.0543365478515625,0.38861318677663803,3.6695539951324463
65026.90559944697,1375,90164736,90112000,1971.195984390015,1092.2644415667617,1371,100,27.409999656677247,14.754724749961833,51.0,0.0,19.920000076293945,14.040427473606474,52.0,0.0,0.000272401860759904,0.1871187936825057,0.0015980415640418264,2.3768752242128057,0.00807155748589139,0.08380126953124999,0.8352692450086276,0.025821782085889332,0.0537109375,0.3774321600794792,3.6698968410491943
65109.0719047375,1377,90243072,90243072,953.3835034082235,1595.203770408531,1371,100,27.409999656677247,14.754724749961833,51.0,0.0,19.920000076293945,14.040427473606474,52.0,0.0,-0.0012357317682472058,0.19216310931369662,0.0015608972086435338,2.3740863228837648,0.008479919656262306,0.0877532958984375,0.8570182453840971,0.026446197240147736,0.0529937744140625,0.36557168513536453,3.6704914569854736
65169.07197759114,1378,90355456,90308608,1873.064392340693,1092.2653404082403,1374,100,26.849999809265135,13.897032168930767,52.0,1.0,23.010000228881836,14.699996630837326,55.0,0.0,-0.0012244644907089726,0.22378491004928946,0.0015912861733037667,2.378029609719912,0.009438010460144142,0.09378560384114583,0.8338912986218929,0.02601270620167876,0.049530029296875,0.3439561128616333,3.670596122741699
65252.02970710769,1380,90439680,90439680,1015.2640446023353,1579.9853824814459,1374,100,26.849999809265135,13.897032168930767,52.0,1.0,23.010000228881836,14.699996630837326,55.0,0.0,0.0006080907041905448,0.2094717614818364,0.0015941841362897928,2.380885846912861,0.009187626685161376,0.08948771158854166,0.83069132703046,0.026384811634973936,0.053253173828125,0.37086237221956253,3.6713926792144775
65312.02972083911,1381,90561024,90505216,2022.3995371597077,1092.2664166938507,1374,100,26.849999809265135,13.897032168930767,52.0,1.0,23.010000228881836,14.699996630837326,55.0,0.0,0.0006047223917751883,0.23309118455896774,0.0016196030264836736,2.3792952572306,0.0103506031142994,0.10617574055989583,0.8355677605917057,0.026986629760358483,0.053863525390625,0.36456719785928726,3.6717894077301025
65394.12732033618,1383,90636288,90636288,916.7624931919081,1596.5387636539351,1377,100,26.82999982833862,14.69901695489298,58.0,1.0,19.199999809265137,14.39999988378968,53.0,0.0,0.0009495919657638296,0.20610923801238337,0.0015808563633375647,2.376152033607165,0.01039764413993301,0.09603881835937499,0.8485573201129835,0.02724268838452796,0.05279541015625,0.3540484234690666,3.672414541244507
65454.127384470776,1384,90756864,90701824,2009.5978519208345,1092.2654991331924,1377,100,26.82999982833862,14.69901695489298,58.0,1.0,19.199999809265137,14.39999988378968,53.0,0.0,0.002333153793491268,0.19099444321667153,0.0015334452679477786,2.374603477617105,0.009556945678923512,0.09707132975260417,0.8655498766650757,0.027686787788600974,0.049835205078125,0.3608660623431206,3.6725010871887207
65535.41539122909,1386,90832896,90832896,935.3409319785104,1612.4395864410683,1381,100,26.379999923706055,14.297398130721433,57.0,0.0,22.72999973297119,14.115845792801812,54.0,1.0,0.001494650178453109,0.19304537020313242,0.0015517088504566345,2.377238447467486,0.009160069761492196,0.09504699707031249,0.8648436895261208,0.02951274998486042,0.04913330078125,0.35539762675762177,3.672927141189575
65595.4159153793,1387,90951680,90898432,1979.7160388571194,1092.2571248866866,1381,100,26.379999923706055,14.297398130721433,57.0,0.0,22.72999973297119,14.115845792801812,54.0,1.0,0.0027534229181280048,0.19031337959070999,0.0015338171979237814,2.3741399471958475,0.00897409209816639,0.08620707194010417,0.8573903224120537,0.028241672553122044,0.0526123046875,0.3701941967010498,3.673325777053833
65676.44918398373,1389,91029504,91029504,960.3956663763132,1617.5084907390537,1385,100,26.059999847412108,14.148370858731457,54.0,0.0,23.64000015258789,13.915832701745776,52.0,0.0,0.001882928389629039,0.19398056475135186,0.0015532124064823924,2.377337396144867,0.00715386649426364,0.08028157552083333,0.8491545692086221,0.028089749937256176,0.053802490234375,0.39115381985902786,3.673624038696289
65736.44935341924,1390,91150336,91095040,2013.8609796737626,1092.263582195939,1385,100,26.059999847412108,14.148370858731457,54.0,0.0,23.64000015258789,13.915832701745776,52.0,0.0,-0.0005600724277125361,0.1937527107850959,0.0015670281306180791,2.3763114362955093,0.007818313904256986,0.08774820963541667,0.8401319632927576,0.026686761334228017,0.0536956787109375,0.3828344941139221,3.6739063262939453
65817.47510378622,1392,91226112,91226112,935.2088645499185,1617.658576518778,1388,100,27.570000076293944,13.691059115997781,64.0,0.0,19.06999969482422,13.927853232910394,52.0,0.0,0.00071046969727225,0.21419400442391634,0.0015740277364481396,2.378853291273117,0.010663085286675294,0.09903462727864583,0.8463659112652142,0.025693266982367884,0.0503997802734375,0.3440278545022011,3.674510955810547
65877.47510983795,1393,91347200,91291648,2018.1331297799156,1092.2665564982208,1388,100,27.570000076293944,13.691059115997781,64.0,0.0,19.06999969482422,13.927853232910394,52.0,0.0,-9.238351291666467e-06,0.20988042474103472,0.0015628261947616313,2.381305913130442,0.009344388094784033,0.08626810709635416,0.8542364469418924,0.025953029670442142,0.0523529052734375,0.36221645772457123,3.6746292114257812
65960.97254988551,1395,91422720,91422720,904.4588667267166,1569.7726771663692,1391,100,23.529999923706054,14.509620697157711,59.0,0.0,19.90999984741211,14.847285900402643,53.0,0.0,0.0004739754973949554,0.21768275989840427,0.0016917988953840297,2.381254278123379,0.008369454605902622,0.093841552734375,0.8226792023827632,0.02716635324759409,0.04925537109375,0.3496571481227875,3.674802780151367
66020.97293218598,1396,91537664,91488256,1915.7211269819975,1092.2597071434107,1391,100,23.529999923706054,14.509620697157711,59.0,0.0,19.90999984741211,14.847285900402643,53.0,0.0,-0.0010988946402600657,0.2034664467598001,0.0016017071102396585,2.393462191025416,0.008372957878843105,0.087615966796875,0.8291955112169186,0.025579386662381392,0.0511016845703125,0.36314916610717773,3.6748573780059814
66104.23847882263,1398,91619328,91619328,980.7657944810647,1574.1444726467246,1394,100,25.13999996185303,15.068523477350093,60.0,0.0,20.760000038146973,14.176826138057036,56.0,0.0,-9.828657008862746e-05,0.19546694944923124,0.0016546565736158905,2.3852980161706605,0.008206085865216059,0.08592732747395833,0.8503895582010349,0.025882950770513464,0.050445556640625,0.3467363119125366,3.675112724304199
66164.24227716215,1399,91738368,91684864,1983.8744095239279,1092.1975243830657,1394,100,25.13999996185303,15.068523477350093,60.0,0.0,20.760000038146973,14.176826138057036,56.0,0.0,-0.0012224016560746047,0.19664878002367914,0.0015996437565869808,2.384133202334245,0.008391363165477134,0.0866546630859375,0.8516156300902367,0.026020607794634998,0.049835205078125,0.3523913323879242,3.675337553024292
66246.85271419957,1401,91815936,91815936,938.9612593970544,1586.6276066379269,1394,100,25.13999996185303,15.068523477350093,60.0,0.0,20.760000038146973,14.176826138057036,56.0,0.0,-0.001333194835751783,0.20223101787269115,0.001633863788204811,2.3855328634381294,0.008344402850828676,0.09183756510416666,0.8379696824898323,0.02679972117766738,0.049591064453125,0.35866808146238327,3.6755616664886475
66306.85306142643,1402,91938560,91881472,2043.7215060833755,1092.2603456311986,1397,100,23.45999984741211,14.354385941930099,60.0,0.0,20.039999961853027,14.167511914943324,53.0,0.0,0.0014423533672622093,0.1884846189059317,0.0016297742646808426,2.3805980458855633,0.009937713912828865,0.10044860839843751,0.8427007378389438,0.028674489100618906,0.0493316650390625,0.35885975509881973,3.6756162643432617
66389.07343455032,1404,92012544,92012544,899.8256416147105,1594.154769919487,1397,100,23.45999984741211,14.354385941930099,60.0,0.0,20.039999961853027,14.167511914943324,53.0,0.0,-0.00020186170392359298,0.21680967106173435,0.0016703514653878908,2.375039550165335,0.009040364428680428,0.08853658040364583,0.830253661920627,0.027153340090687077,0.0518951416015625,0.36449629813432693,3.676206350326538
66449.0736980997,1405,92130816,92078080,1971.1913415621561,1092.2618689175583,1401,100,23.05,14.420384908223108,50.0,0.0,19.289999771118165,14.485368287143508,52.0,0.0,0.00037463865252599743,0.19623354411063096,0.0016572132820632155,2.378461703658104,0.008209536276505485,0.086761474609375,0.829953812683622,0.028793758053022128,0.0525360107421875,0.3624906614422798,3.6765246391296387
66530.25118059665,1407,92209152,92209152,964.9966664456007,1614.634945163881,1401,100,23.05,14.420384908223108,50.0,0.0,19.289999771118165,14.485368287143508,52.0,0.0,0.0004365065639528135,0.20726566311592856,0.0016359167251115045,2.373897852996985,0.008849987852348326,0.08919779459635417,0.8260844343652327,0.02811559285813322,0.0517578125,0.3807883784174919,3.676914691925049
66590.2512925975,1408,92333312,92274688,2069.3294705555754,1092.2646277571698,1404,100,25.410000038146972,14.90107020801331,62.0,0.0,21.49000005722046,13.915095832876258,52.0,2.0,0.00031545994230934105,0.20328690841173133,0.0016134799807332456,2.381793682773908,0.009076198753367255,0.09338887532552084,0.8252322363356749,0.027976777152313538,0.0512847900390625,0.3755541145801544,3.6770071983337402
66671.15814507939,1410,92405760,92405760,895.4494925657812,1620.0358310730742,1404,100,25.410000038146972,14.90107020801331,62.0,0.0,21.49000005722046,13.915095832876258,52.0,2.0,0.000737243137943248,0.19607939928149185,0.0016466881182471602,2.3860899582505226,0.009027889382196008,0.09144083658854167,0.828100398182869,0.026714972957658272,0.0515289306640625,0.35738856345415115,3.677534818649292
66731.15863084607,1411,92524800,92471296,1983.9839374451903,1092.2578236257393,1404,100,25.410000038146972,14.90107020801331,62.0,0.0,21.49000005722046,13.915095832876258,52.0,2.0,-0.0005132165582229694,0.19898802018724382,0.0016363045081864887,2.3907721986373267,0.007563307173768408,0.08168029785156251,0.8345353187372287,0.02598714696553846,0.0531768798828125,0.3733440563082695,3.6778790950775146
66812.49746103026,1413,92602368,92602368,953.6404669743537,1611.4320762074888,1407,100,26.800000381469726,13.322162214977107,50.0,2.0,21.330000114440917,14.859377353115898,54.0,0.0,-0.00019136801468751705,0.20346358139067888,0.001595040760245562,2.417763854066531,0.00910733805358177,0.0904083251953125,0.8534687459468842,0.023093095476118226,0.04901123046875,0.3582614064216614,3.6782400608062744
66872.49756302126,1414,92726528,92667904,2069.3298157831223,1092.2648099803696,1407,100,26.800000381469726,13.322162214977107,50.0,2.0,21.330000114440917,14.859377353115898,54.0,0.0,-0.0008363530432689004,0.22713194973766804,0.0016481741889341115,2.399271736542384,0.008927119776975207,0.08986918131510417,0.8259826265275478,0.026070218552680064,0.05029296875,0.3540603965520859,3.6784465312957764
66954.50025212765,1416,92798976,92798976,883.4832221905104,1598.3866069312414,1411,100,25.670000076293945,13.818867349971612,65.0,1.0,21.60000009536743,14.88690715279293,52.0,0.0,0.00017081949530014146,0.2000181272936364,0.0016319644940570772,2.3986497347553573,0.00895971469435608,0.09643046061197916,0.8425630964338781,0.026141853692630928,0.051300048828125,0.3720247596502304,3.6787760257720947
67014.50087851472,1417,92921856,92864512,2047.9786195443946,1092.2552637570104,1411,100,25.670000076293945,13.818867349971612,65.0,1.0,21.60000009536743,14.88690715279293,52.0,0.0,0.0002138282337303584,0.22151709844668704,0.0016847993562502477,2.412639645238717,0.009881060021749969,0.1056365966796875,0.8211074788123368,0.024988337128888816,0.048126220703125,0.3294776752591133,3.6787734031677246
67097.14935978316,1419,92995584,92995584,892.0672088400185,1585.8972601600328,1414,100,25.559999847412108,13.862409554258285,61.0,0.0,18.55,14.22840438643358,55.0,0.0,0.00022394252058196196,0.2241641467747589,0.0016557041635678615,2.406577909986178,0.008901176870494965,0.09196472167968749,0.8483355244000753,0.025566365686245263,0.046630859375,0.31782366335392,3.6788976192474365
67157.14942671545,1420,93114880,93061120,1988.2644486817626,1092.2654482028565,1414,100,25.559999847412108,13.862409554258285,61.0,0.0,18.55,14.22840438643358,55.0,0.0,0.002161082290209985,0.22072862181812525,0.001672375224491892,2.401545248925686,0.009576914338443506,0.09731038411458333,0.8469762075692415,0.026157289801631123,0.05108642578125,0.35624950379133224,3.679021120071411
67239.50707926042,1422,93192192,93192192,938.7348668999537,1591.4975226913123,1417,100,24.139999771118163,14.076945638912406,46.0,0.0,19.249999904632567,13.027183022842209,50.0,0.0,-0.00018887101517369348,0.2019586304668337,0.001680078713737506,2.409217447042465,0.008080075624093297,0.08468627929687499,0.8451618806769451,0.026317109004594386,0.0516815185546875,0.37108732759952545,3.679324150085449
67299.51173649728,1423,93316864,93257728,2077.7053938976164,1092.1818908373507,1417,100,24.139999771118163,14.076945638912406,46.0,0.0,19.249999904632567,13.027183022842209,50.0,0.0,0.0006800296420503097,0.1940912363740305,0.0016180271280366771,2.4142895167072616,0.00797060236679196,0.08251953125,0.836368577554822,0.026805396909670282,0.0510711669921875,0.36087729781866074,3.679455518722534
67379.92440123856,1425,93388800,93388800,894.5854515759329,1629.9919971775005,1421,100,25.68000011444092,13.584461970338896,52.0,1.0,20.93000030517578,14.345908799495435,49.0,1.0,0.0013319283170858398,0.2043486173885564,0.0016444429699428535,2.4094304541746774,0.009140663603223704,0.08930460611979167,0.8308887649327517,0.02608825378896048,0.0498809814453125,0.33875424414873123,3.6798739433288574
67439.9245554544,1426,93510144,93454336,2022.3948019113632,1092.2638592601454,1421,100,25.68000011444092,13.584461970338896,52.0,1.0,20.93000030517578,14.345908799495435,49.0,1.0,-0.0016214742815160812,0.17555276436420778,0.0016225724612013435,2.4133379757404327,0.00797699582411345,0.07917277018229166,0.8420279137790203,0.024530684070972104,0.050079345703125,0.35850581526756287,3.6800029277801514
67521.55148477852,1428,93585408,93585408,922.0486501598673,1605.7445880335106,1421,100,25.68000011444092,13.584461970338896,52.0,1.0,20.93000030517578,14.345908799495435,49.0,1.0,0.00027149786425676814,0.1989274670680364,0.0016337686829501763,2.4116958255569143,0.00839412514687865,0.0906829833984375,0.8397378219912449,0.026433165922450524,0.050628662109375,0.36011291295289993,3.6802265644073486
67581.55214188993,1429,93707776,93650944,2039.4443309644594,1092.2547044495848,1424,100,25.6100004196167,14.463675305798377,65.0,1.0,19.380000019073485,14.981842238786564,53.0,0.0,-0.0006029650224566769,0.21253876139720282,0.0016876909139682539,2.406746223568916,0.01026511901303214,0.10247294108072916,0.8396223373711109,0.025679537696608655,0.04962158203125,0.33798324316740036,3.680405616760254
67663.64048481919,1431,93782016,93782016,904.3915049421526,1596.718794932352,1424,100,25.6100004196167,14.463675305798377,65.0,1.0,19.380000019073485,14.981842238786564,53.0,0.0,-0.001808454542090961,0.1928421777362625,0.0017004717107435379,2.401368762056033,0.008709942919570796,0.08488972981770834,0.8462635862330595,0.02612370273952062,0.053192138671875,0.36709505319595337,3.6809756755828857
67723.64086330868,1432,93900032,93847552,1966.920925684891,1092.2597765191585,1428,100,26.9,14.525494610423587,59.0,0.0,21.939999771118163,14.292529025489484,55.0,0.0,-0.0009658781564212403,0.20269475427145758,0.0016272315272847966,2.415328023334344,0.008117227895733473,0.08074951171875,0.826739906022946,0.024402369783880808,0.0487213134765625,0.34038376808166504,3.681150436401367
67805.02884597704,1434,93978624,93978624,965.646246820635,1610.4588872057495,1428,100,26.9,14.525494610423587,59.0,0.0,21.939999771118163,14.292529025489484,55.0,0.0,-0.0003525734367334129,0.19236123111719886,0.0016761228180257604,2.4146495138605437,0.007830063180032692,0.08437601725260416,0.831932737181584,0.02360970427980646,0.052154541015625,0.3569703921675682,3.6816494464874268
67865.02897251956,1435,94097408,94044160,1979.729158001275,1092.264363035186,1431,100,25.04000015258789,14.529225801947968,60.0,0.0,19.07999982833862,14.096580953894708,49.0,0.0,-0.0010674185650714207,0.19200974237173796,0.0016188217438563393,2.4183966616789503,0.007048204442980931,0.07584126790364584,0.8427425362169743,0.023492621548939496,0.0504608154296875,0.3437292352318764,3.681992769241333
67947.24974563904,1437,94175232,94175232,946.5247898716516,1594.1470145206765,1431,100,25.04000015258789,14.529225801947968,60.0,0.0,19.07999982833862,14.096580953894708,49.0,0.0,-0.0015454170910137084,0.20992674119770524,0.0016661433789219398,2.4142872219284377,0.007765361781518246,0.08078511555989583,0.8195195812731981,0.024304148061977077,0.0504608154296875,0.3471580892801285,3.682466745376587
68007.25169950724,1438,94296576,94240768,2022.3341437606,1092.231098739902,1431,100,25.04000015258789,14.529225801947968,60.0,0.0,19.07999982833862,14.096580953894708,49.0,0.0,-0.0007230259773981136,0.19191080572394034,0.001662004765724608,2.4198656330506005,0.0077872025097652404,0.07542928059895833,0.8434770430127779,0.0248363758631361,0.0473175048828125,0.33824974298477173,3.68251633644104
68088.54245145805,1440,94371840,94371840,925.8617763252851,1612.3851342807684,1435,100,25.749999618530275,14.964207273731216,59.0,1.0,19.760000038146973,13.498236856989154,52.0,1.0,0.0009151885872900797,0.21130852649609247,0.0016468511191002715,2.405552079280217,0.006651895772544473,0.07797749837239583,0.8305904977023602,0.02611181780230254,0.049835205078125,0.3403128758072853,3.6828527450561523
68148.5427091308,1441,94488064,94437376,1937.058347881068,1092.2619758976946,1435,100,25.749999618530275,14.964207273731216,59.0,1.0,19.760000038146973,13.498236856989154,52.0,1.0,0.0020895072326917825,0.19272336309465268,0.0016463447997618155,2.4107715462644896,0.010076941300212637,0.10287984212239583,0.852053231249253,0.02635833900421858,0.04931640625,0.340518482029438,3.6829848289489746
68230.63532113098,1443,94568448,94568448,979.1867750513471,1596.6357605932794,1438,100,27.670000076293945,12.83359286387087,51.0,1.0,22.529999828338624,15.774317874237031,53.0,1.0,-0.00037276267782241723,0.191914591860647,0.0015985375915382367,2.402570098638534,0.00902067333421049,0.08690897623697917,0.8467277139425278,0.02621082713206609,0.0487518310546875,0.3319830372929573,3.6833999156951904
68290.63566209562,1444,94690048,94633984,2026.6551497041007,1092.2604596299996,1438,100,27.670000076293945,12.83359286387087,51.0,1.0,22.529999828338624,15.774317874237031,53.0,1.0,-0.0004092734428316665,0.2136383023268233,0.0016193906994885765,2.3973535920182862,0.008160633590402236,0.093109130859375,0.8361488872518141,0.027019010623916984,0.0489959716796875,0.32926083356142044,3.683621883392334
68373.52654831484,1446,94765056,94765056,904.9004470965505,1581.2594843461907,1441,100,24.739999961853027,14.55034036729148,64.0,0.0,21.100000381469727,13.489625394325575,51.0,1.0,-0.0008731326803778454,0.19079187442548573,0.0016387474764390695,2.4061153555909796,0.008909381091749916,0.0878143310546875,0.8478826247155665,0.026984008844010532,0.0493927001953125,0.34557972848415375,3.6840217113494873
68433.52670164965,1447,94884608,94830592,1992.5282412676343,1092.263875298746,1441,100,24.739999961853027,14.55034036729148,64.0,0.0,21.100000381469727,13.489625394325575,51.0,1.0,-0.0002925458878356343,0.21404380165040493,0.0016416276266681962,2.394166206320127,0.008896609916215917,0.09698486328125,0.8310868634531896,0.027891567927629996,0.0477142333984375,0.3355450704693794,3.6840691566467285
68515.4576296974,1449,94961664,94961664,940.4995382829609,1599.7865900361328,1444,100,26.289999866485594,14.285863592810113,65.0,0.0,22.019999694824218,14.012836860511229,53.0,0.0,0.002572216857515741,0.19242421343612173,0.0016843028788571246,2.41147335122029,0.008725167653513685,0.089752197265625,0.847746342420578,0.026485762927525986,0.050537109375,0.3549789562821388,3.6844608783721924
68575.45830622688,1450,95084800,95027200,2052.2435266125,1092.254350962162,1444,100,26.289999866485594,14.285863592810113,65.0,0.0,22.019999694824218,14.012836860511229,53.0,0.0,-0.0002721617396067207,0.18701707750248414,0.0016578582569006055,2.415414273738861,0.008362683169859034,0.09340413411458333,0.8350148225824039,0.024961352794586368,0.049713134765625,0.34975765645504,3.6846086978912354
68656.4628326036,1452,95158272,95158272,907.0110435348631,1618.0824191283969,1448,100,27.99000015258789,13.72479132860047,64.0,1.0,21.179999828338623,14.295719544378857,55.0,0.0,0.0010143175604753196,0.2074932747830947,0.0016741850364875668,2.3942522704601292,0.008864298585346358,0.09661865234375,0.8442120868712664,0.02699082309845835,0.0520782470703125,0.3508649617433548,3.685001850128174
68716.46734535508,1453,95279104,95223808,2013.7152100619269,1092.1845207115534,1448,100,27.99000015258789,13.72479132860047,64.0,1.0,21.179999828338623,14.295719544378857,55.0,0.0,0.00025757254964749643,0.1947618016662697,0.001663585392331394,2.3934884096185365,0.009170218004631654,0.09704081217447917,0.8486542503039043,0.026741417745749157,0.0497589111328125,0.3378576934337616,3.685312271118164
68797.67330502719,1455,95354880,95354880,933.1334831330943,1614.0687275815685,1448,100,27.99000015258789,13.72479132860047,64.0,1.0,21.179999828338623,14.295719544378857,55.0,0.0,0.0005340139493152188,0.2102251151421418,0.0016383710123288135,2.4022547031442327,0.008690099257970967,0.0857696533203125,0.8552691744019587,0.02593352556383858,0.0505218505859375,0.31733500212430954,3.686333179473877
68857.67415245064,1456,95478016,95420416,2052.2376814277586,1092.2512400114474,1451,100,26.879999923706055,14.01661863837043,62.0,0.0,22.169999980926512,14.693573490483082,53.0,0.0,-0.0020962738951008455,0.22809815096358457,0.0017040321969640595,2.4022599905729294,0.008579684774304042,0.09011332194010417,0.8459268268197775,0.025902787456288934,0.05072021484375,0.3414798155426979,3.6865592002868652
68939.6330369208,1458,95551488,95551488,896.4494877519444,1599.2408980104374,1451,100,26.879999923706055,14.01661863837043,62.0,0.0,22.169999980926512,14.693573490483082,53.0,0.0,-0.0005740108390455135,0.20641204187025627,0.0016761171003357351,2.4150959104299545,0.008171042031487255,0.09071858723958333,0.8468053874870142,0.025420389332187675,0.049896240234375,0.3540000915527344,3.686875104904175
68999.63341984712,1459,95670784,95617024,1988.2539774205168,1092.2596957503267,1455,100,24.44000005722046,14.952805674441452,60.0,0.0,18.76999979019165,14.282054901396151,60.0,0.0,-0.0003230014990549535,0.2174941951719423,0.0016711547492983907,2.400080827375253,0.009934775114743388,0.09853108723958334,0.8489832480748494,0.026752805899983894,0.0496063232421875,0.3352886289358139,3.6871585845947266
69080.7691665832,1461,95748096,95748096,952.8722309228577,1615.4655040811363,1455,100,24.44000005722046,14.952805674441452,60.0,0.0,18.76999979019165,14.282054901396151,60.0,0.0,0.00012242019632443163,0.19601023973276216,0.0016455823036570412,2.4074197908242545,0.008398773952649208,0.09557088216145834,0.8561224502821764,0.026235202307968088,0.0486602783203125,0.34206777811050415,3.6873178482055664
69140.76916718856,1462,95867136,95813632,1983.9999799827738,1092.2666556464303,1458,100,23.88999996185303,14.35819986675704,58.0,1.0,22.39000005722046,15.133998279222102,59.0,0.0,0.000557492567168083,0.21289896010421214,0.0016801215679151937,2.4004131903251014,0.010142881519641378,0.100677490234375,0.8357472444574038,0.02590247164092337,0.0495147705078125,0.3403661698102951,3.6874959468841553
69222.27776043676,1464,95944704,95944704,951.654260107228,1608.0758454617185,1458,100,23.88999996185303,14.35819986675704,58.0,1.0,22.39000005722046,15.133998279222102,59.0,0.0,-0.0024118914977104096,0.1998708132499208,0.0016498858931299765,2.3996543511748314,0.007997012208458424,0.08920796712239583,0.8420488083114226,0.026046827881752204,0.0485382080078125,0.338655561208725,3.68758487701416
69282.27778344043,1465,96063744,96010240,1983.9992393456832,1092.2662478978384,1461,100,24.60000047683716,14.268847331744777,51.0,1.0,18.879999923706055,13.97231526494231,54.0,0.0,-0.0004951183170002575,0.19753931323066354,0.0016405939313699491,2.4098368113239608,0.007202505087965013,0.08014424641927083,0.8216782392313082,0.023896911802391212,0.051422119140625,0.3687037006020546,3.6877553462982178
69364.0600059107,1467,96141312,96141312,948.4701889606796,1602.695500818046,1461,100,24.60000047683716,14.268847331744777,51.0,1.0,18.879999923706055,13.97231526494231,54.0,0.0,-0.0003713696520814362,0.2113648041461905,0.0016349768508613731,2.3861120815078416,0.007441617445995993,0.08555094401041666,0.8141465714822214,0.026935267456186317,0.052703857421875,0.3691461980342865,3.6880364418029785
69424.06018578447,1468,96260864,96206848,1992.5273599428863,1092.2633921742588,1464,100,26.4100004196167,13.420205345975583,58.0,1.0,21.34000015258789,14.86083476771866,54.0,0.0,-0.001627436899677074,0.21108746769217154,0.001667947618746742,2.389593871931235,0.010071501186757814,0.09612528483072917,0.8330780950685341,0.025473024036424857,0.0509490966796875,0.34910380095243454,3.6882455348968506
69506.51488400623,1470,96337920,96337920,934.5252806912413,1589.6243977206498,1464,100,26.4100004196167,13.420205345975583,58.0,1.0,21.34000015258789,14.86083476771866,54.0,0.0,-0.0008233450328892407,0.20079259822765985,0.001656062099452053,2.381999872624874,0.00702081382163063,0.07670084635416666,0.8255127078543106,0.02609484299318865,0.052154541015625,0.3555419445037842,3.688769817352295
69566.51541189477,1471,96457216,96403456,1988.2491737675593,1092.2570568336807,1468,100,25.36000003814697,14.841509171129665,61.0,1.0,19.479999828338624,14.274088454961516,57.0,0.0,-0.0018146475777029991,0.1981318537145853,0.001658208555454621,2.3936107953389487,0.008969302000574922,0.09314982096354166,0.8463410995900632,0.025259175531876586,0.0514678955078125,0.35771891474723816,3.6890010833740234
69648.60663818754,1473,96534528,96534528,941.7815215023196,1596.6627119509526,1468,100,25.36000003814697,14.841509171129665,61.0,1.0,19.479999828338624,14.274088454961516,57.0,0.0,-0.0014970264649794747,0.22221262799575925,0.00169246527851404,2.3891483644644422,0.008812383792246692,0.09319051106770833,0.8154011890292168,0.025853256229311228,0.051422119140625,0.3421231880784035,3.6894195079803467
69708.60698685423,1474,96654080,96600064,1992.521754567489,1092.2603194202939,1471,100,23.780000114440917,15.191826391678166,63.0,0.0,20.470000076293946,14.2621560578632,52.0,0.0,-0.0017619104425345238,0.21152649253296354,0.0016513339433004146,2.3902133579055467,0.008336549761224887,0.08604939778645833,0.8464254910747211,0.024643018395484738,0.0485382080078125,0.31474626809358597,3.689695119857788
69791.02639442869,1476,96731136,96731136,934.925429188332,1590.305048984804,1471,100,23.780000114440917,15.191826391678166,63.0,0.0,20.470000076293946,14.2621560578632,52.0,0.0,-0.001130005204079983,0.21393932091693085,0.0017004623550747056,2.379981944958369,0.008466682429570938,0.08910624186197916,0.838995311409235,0.026353212733132143,0.0529022216796875,0.36198341846466064,3.6902120113372803
69851.02668394148,1477,96852480,96796672,2022.3902415357024,1092.2613962724467,1471,100,23.780000114440917,15.191826391678166,63.0,0.0,20.470000076293946,14.2621560578632,52.0,0.0,-0.0006119306272012182,0.19913696016495427,0.0016603587537247222,2.3969598884383836,0.00797360492045603,0.08273315429687501,0.8392492458224297,0.025760041510996718,0.047119140625,0.335832342505455,3.69018292427063
69932.69380135089,1479,96927744,96927744,921.5949134422314,1604.9544070830696,1474,100,26.61999969482422,14.543575718140426,62.0,1.0,19.829999923706055,13.46035297818071,54.0,0.0,-0.001264000755327288,0.19596189260482788,0.0016170445645305638,2.399048425257206,0.008027228517676122,0.08839416503906251,0.8504670914262534,0.02573036577086896,0.0502166748046875,0.34373223036527634,3.69062876701355
69992.69403576292,1480,97043968,96993280,1937.0590988340934,1092.2623993425725,1474,100,26.61999969482422,14.543575718140426,62.0,1.0,19.829999923706055,13.46035297818071,54.0,0.0,0.0005070905244792812,0.1996071379010876,0.0016637584327933534,2.3955437391996384,0.007526761813399693,0.07979838053385417,0.8382264077663422,0.02599931133833403,0.051544189453125,0.3580417260527611,3.6907544136047363
70075.4726679232,1482,97124352,97124352,971.071856374243,1583.4037912853898,1477,100,26.77999973297119,14.74827430461347,62.0,0.0,20.499999809265137,14.316773017232222,49.0,0.0,-0.0003187256273425495,0.1978153196784357,0.0016934981419277997,2.3727972730994225,0.007594609305670019,0.08532206217447916,0.8516957486669223,0.027074438248140115,0.055572509765625,0.3620554879307747,3.6913881301879883
70135.47270001657,1483,97247744,97189888,2056.5322333156323,1092.2660824249,1477,100,26.77999973297119,14.74827430461347,62.0,0.0,20.499999809265137,14.316773017232222,49.0,0.0,-0.0009544634085614235,0.1869716193371763,0.0016859953648236117,2.3906821459531784,0.008986050729314835,0.09046427408854166,0.8467635288834573,0.0269226713765723,0.0520172119140625,0.35818642377853394,3.6917405128479004
70216.51758924685,1485,97320960,97320960,903.4005807813977,1617.2765641960686,1480,100,26.20999994277954,14.608418715161028,51.0,1.0,23.019999980926514,13.984262161840332,48.0,0.0,-4.5142747694626505e-05,0.18974135916990537,0.0016654637875035405,2.386520949502786,0.006947129056546449,0.06794230143229167,0.8548547060539324,0.025693559107215453,0.05224609375,0.3615170791745186,3.6923763751983643
70276.51762485132,1486,97442048,97386496,2018.1321357581835,1092.2660185076004,1480,100,26.20999994277954,14.608418715161028,51.0,1.0,23.019999980926514,13.984262161840332,48.0,0.0,-0.0006714809909074877,0.1918938640349855,0.0016814107390625093,2.3853085661927858,0.00869474277048236,0.08649190266927083,0.8487680666148663,0.025647330951566495,0.053680419921875,0.35645120590925217,3.692805767059326
70357.64459143952,1488,97517568,97517568,930.8865248634264,1615.640341457879,1484,100,27.040000343322752,14.830994416195598,51.0,0.0,20.530000114440917,14.327913343975101,53.0,1.0,0.00019392968048729625,0.19992442925771078,0.001730262630492992,2.3767594695091248,0.00764247454147456,0.07668050130208333,0.8353331026931603,0.027813686271353312,0.05242919921875,0.35898763686418533,3.693312168121338
70417.64481189102,1489,97640960,97583104,2056.5257772633236,1092.2626534842548,1484,100,27.040000343322752,14.830994416195598,51.0,0.0,20.530000114440917,14.327913343975101,53.0,1.0,-0.00018538693499673775,0.20148760445105535,0.0016935265472663257,2.3797494173049927,0.009108257678841861,0.09179178873697916,0.8588073365390302,0.027021234913263466,0.054168701171875,0.3662499189376831,3.6936216354370117
70499.08609265089,1491,97714176,97714176,899.0035436190747,1609.4049452201616,1487,100,25.870000076293945,15.121279808083624,58.0,2.0,21.92000017166138,15.007118416196137,59.0,1.0,0.0009182645007967949,0.21591888546633226,0.0017408770533317388,2.3847652773062387,0.00943242336870753,0.0946502685546875,0.8393587879836559,0.027350501603602122,0.0532989501953125,0.3659971058368683,3.6942477226257324
70559.0886482913,1492,97832960,97779712,1979.6490121496386,1092.2201446342833,1487,100,25.870000076293945,15.121279808083624,58.0,2.0,21.92000017166138,15.007118416196137,59.0,1.0,0.0004045768097663919,0.2086453310524424,0.0017513905913801864,2.3795177439848585,0.009733044432626533,0.09947713216145833,0.8327641046295564,0.02781529447141414,0.0526580810546875,0.3680039793252945,3.6945579051971436
70640.77331286296,1494,97910784,97910784,952.736972210114,1604.6096374065078,1487,100,25.870000076293945,15.121279808083624,58.0,2.0,21.92000017166138,15.007118416196137,59.0,1.0,0.014958102615006888,0.2224713135510683,0.0017988871707833216,2.378278421858947,0.009701288130600005,0.10518900553385417,0.8430541617174943,0.028345649538096037,0.0535125732421875,0.37572815269231796,3.6950080394744873
70700.7733161617,1495,98032384,97976320,2026.6665552424122,1092.266606614858,1490,100,27.739999771118164,14.056756060706286,60.0,0.0,20.529999828338624,13.402578076802916,53.0,1.0,-9.325576684204862e-05,0.21956684657682973,0.001775785588203386,2.378000296652317,0.009789701163754216,0.10595194498697917,0.8414743666847547,0.028646047440512728,0.052734375,0.35193874686956406,3.69527530670166
70781.8966028206,1497,98107392,98107392,924.6173705386079,1615.7136304292399,1490,100,27.739999771118164,14.056756060706286,60.0,0.0,20.529999828338624,13.402578076802916,53.0,1.0,0.0012343739775436309,0.2133186043550571,0.0017276404408524588,2.3821174055337906,0.009097060677352905,0.09525044759114583,0.8299982075889906,0.02774856222094968,0.050811767578125,0.36180783808231354,3.695495367050171
70841.8967799712,1498,98228224,98172928,2013.8607207230116,1092.2634417480742,1494,100,26.219999885559083,14.368423996217857,53.0,0.0,20.789999961853027,14.373791912458968,56.0,0.0,0.0014744691652595066,0.1984778232872486,0.0017293196894267262,2.387693059941133,0.009649338579644489,0.09856669108072917,0.8432682429750761,0.02681838412536308,0.0496673583984375,0.3497389256954193,3.695598602294922
70924.386725571,1500,98304000,98304000,918.6089219602442,1588.9451623096115,1494,100,26.219999885559083,14.368423996217857,53.0,0.0,20.789999961853027,14.373791912458968,56.0,0.0,-0.00028126604835658026,0.21725825856750208,0.0017221544512722176,2.3990253061056137,0.008777610594430978,0.09137980143229167,0.831035907069842,0.025443762521414708,0.05072021484375,0.34633708745241165,3.6958963871002197
70984.38685156405,1501,98418432,98369536,1907.195995109544,1092.264373038128,1497,100,24.38000030517578,15.43617837175027,58.0,0.0,21.720000171661376,14.797351024644668,52.0,0.0,-0.000274193841808786,0.23141449286291996,0.0017725363917027912,2.3923264741897583,0.009804539826291148,0.09934997558593749,0.8328820994744698,0.026566968784512333,0.051727294921875,0.35443736612796783,3.696225166320801
71068.02751894668,1503,98500608,98500608,982.4885736991149,1567.0845786104264,1497,100,24.38000030517578,15.43617837175027,58.0,0.0,21.720000171661376,14.797351024644668,52.0,0.0,-0.0007848021608272878,0.19647302835558852,0.0016889367834664881,2.401712030172348,0.007920969880312137,0.0871734619140625,0.861469262590011,0.026524515104635306,0.0478057861328125,0.3303714692592621,3.6965384483337402
71128.02815925516,1504,98621440,98566144,2013.8451752974654,1092.2550103308286,1500,100,25.41999979019165,15.000786579022195,59.0,0.0,22.34000015258789,14.881008157482569,54.0,0.0,0.00036642946361098444,0.2034655025539299,0.0016784876667467568,2.40604833761851,0.008504481965549832,0.08606974283854166,0.8530075866729021,0.02515310481733953,0.04827880859375,0.33251338452100754,3.696748971939087
71210.20209106803,1506,98697216,98697216,922.141588314925,1595.0557203285189,1500,100,25.41999979019165,15.000786579022195,59.0,0.0,22.34000015258789,14.881008157482569,54.0,0.0,0.001348611884168349,0.2080358264502138,0.001685336810623994,2.400510802865029,0.00852767405497919,0.08722432454427083,0.8596131317317485,0.02473767901149889,0.0533294677734375,0.36464449018239975,3.6971607208251953
71270.2021186892,1507,98813952,98762752,1945.5991043381046,1092.2661638389359,1504,100,22.380000114440918,15.05840641869447,51.0,0.0,18.680000019073486,15.300902234345292,52.0,0.0,0.0007537193935907756,0.19880568391333023,0.0016742060167113475,2.3883448814352355,0.008157173869525044,0.08631388346354166,0.8512463128815094,0.02652931265765801,0.051788330078125,0.3464484140276909,3.697450637817383
71352.99564877711,1509,98893824,98893824,964.7130629070208,1583.1188724628034,1504,100,22.380000114440918,15.05840641869447,51.0,0.0,18.680000019073486,15.300902234345292,52.0,0.0,0.0003417651023482904,0.1883396222256124,0.0017009317234624177,2.3850776106119156,0.009161823327910193,0.08454386393229167,0.8551246815671524,0.02755627689960723,0.0545196533203125,0.37684471905231476,3.697843313217163
71412.99609568901,1510,99014912,98959360,2018.1183013152174,1092.2585309443882,1504,100,22.380000114440918,15.05840641869447,51.0,0.0,18.680000019073486,15.300902234345292,52.0,0.0,-0.0006113905716726246,0.2081259428523481,0.0017149385227336704,2.389284126460552,0.007383618949461379,0.07813517252604167,0.830737225090464,0.025922274430437636,0.054595947265625,0.3732972666621208,3.698113441467285
71494.7790873032,1512,99090432,99090432,923.4193872029274,1602.6804279589792,1507,100,25.75,14.359230651643617,52.0,1.0,23.379999923706055,15.157691229131707,56.0,0.0,0.0004293941237847321,0.19993863782534996,0.0017137415076528366,2.390619747340679,0.006999640948076072,0.07367451985677084,0.8335061774899561,0.024707081359035026,0.054351806640625,0.37131787091493607,3.6988320350646973
71554.77936860733,1513,99205376,99155968,1915.724351647419,1092.2615457054328,1507,100,25.75,14.359230651643617,52.0,1.0,23.379999923706055,15.157691229131707,56.0,0.0,-0.0004737375226492683,0.21181736630387604,0.0017177969942470857,2.3770820970336595,0.008093755113198616,0.087127685546875,0.8306131369123856,0.02707405760884285,0.0510711669921875,0.34392741322517395,3.699108123779297
71637.23924415931,1515,99287040,99287040,990.3483294553121,1589.5245914768645,1510,100,27.02999973297119,14.226352237587884,59.0,2.0,23.39999990463257,14.639671930577219,54.0,0.0,0.0011477839943836443,0.20063661690801382,0.001737617273950794,2.396677978336811,0.009796498553744943,0.10049947102864583,0.834074114759763,0.025655926088802513,0.0513153076171875,0.35062210261821747,3.6995742321014404
71697.24125508592,1516,99403008,99352576,1932.735223522,1092.230060091903,1510,100,27.02999973297119,14.226352237587884,59.0,2.0,23.39999990463257,14.639671930577219,54.0,0.0,0.00016330979027164483,0.20124579469362897,0.0017405149883416013,2.391465986768405,0.007460852541044005,0.07594299316406249,0.8468566580365101,0.026797423197422177,0.0532684326171875,0.36236393451690674,3.699918270111084
71779.67871349677,1518,99483648,99483648,978.1960962224141,1589.9568294154794,1514,100,25.890000343322754,14.334500132788117,60.0,0.0,24.039999866485594,15.469272567552629,60.0,0.0,4.668425390264014e-05,0.20916627813130617,0.0017159519702545365,2.4058552285035453,0.007875449595303508,0.0790863037109375,0.8365550500651201,0.02618336776504293,0.0520172119140625,0.3589193597435951,3.7003791332244873
71839.67887409963,1519,99604480,99549184,2013.8612761355685,1092.263742988783,1514,100,25.890000343322754,14.334500132788117,60.0,0.0,24.039999866485594,15.469272567552629,60.0,0.0,-0.0006717363770197456,0.237113903897504,0.0016900000106640314,2.400502781073252,0.00922360837648739,0.09918212890625,0.8213707425942024,0.02486253931419924,0.0522308349609375,0.36057248711586,3.7004246711730957
71921.00602632761,1521,99680256,99680256,931.742940999318,1611.6634655123337,1517,100,23.839999961853028,15.638235304696888,62.0,0.0,21.580000019073488,14.008697136650973,49.0,1.0,0.0016301120995194651,0.20884461623306078,0.0017290340413940917,2.3903731430570283,0.008785492027527653,0.09709676106770833,0.8301041889935731,0.026626639456177752,0.0530853271484375,0.3616561070084572,3.700901508331299
71981.00635069795,1522,99800064,99745792,1996.7892050134606,1092.2607617167648,1517,100,23.839999961853028,15.638235304696888,62.0,0.0,21.580000019073488,14.008697136650973,49.0,1.0,0.0013184414516823988,0.2065062679660817,0.0017144910161732696,2.401199087500572,0.009313647406088421,0.09220377604166666,0.8479456572482983,0.02611913079939162,0.05157470703125,0.3452523350715637,3.7011773586273193
72062.72414062358,1524,99876864,99876864,939.8198369031986,1603.9591883147923,1520,100,25.420000076293945,14.596698308416084,64.0,0.0,21.50999994277954,14.471692923910954,62.0,0.0,0.00015296454269749426,0.21109962665165466,0.0017106068359377484,2.3890542114774385,0.008450215456226337,0.08870442708333333,0.8492931326230366,0.025842543380955856,0.052490234375,0.35583963245153427,3.7016818523406982
72122.72456507571,1525,100000512,99942400,2060.785421587442,1092.2589398061805,1520,100,25.420000076293945,14.596698308416084,64.0,0.0,21.50999994277954,14.471692923910954,62.0,0.0,0.0016988353163469583,0.19422975818937024,0.001695003325342744,2.3871906424562135,0.0069477390170504805,0.06939188639322917,0.8492758100231489,0.025835858522138246,0.0539398193359375,0.36810553818941116,3.7020349502563477
72203.94736657105,1527,100073472,100073472,898.2699273698759,1613.7340449592155,1520,100,25.420000076293945,14.596698308416084,64.0,0.0,21.50999994277954,14.471692923910954,62.0,0.0,0.0034020111925201486,0.2065289238623033,0.0017555466450479193,2.390582409997781,0.00959888077098488,0.09527079264322917,0.8403221027304729,0.026158256572671235,0.0520782470703125,0.3566347509622574,3.702756881713867
72263.94752820954,1528,100197632,100139008,2069.3277586166573,1092.2637241358025,1523,100,27.889999771118163,14.564954530308565,59.0,0.0,23.320000076293944,14.446369824387473,53.0,0.0,0.001091903555789031,0.2038316265679896,0.0016925936482342272,2.403396318356196,0.010204092042234455,0.09090169270833333,0.8430771473795176,0.024833453760948032,0.052276611328125,0.3608771041035652,3.703031063079834
72344.91238372214,1530,100270080,100270080,894.8079946702521,1618.8752412408803,1523,100,27.889999771118163,14.564954530308565,59.0,0.0,23.320000076293944,14.446369824387473,53.0,0.0,-0.00211003165410754,0.20658431101279953,0.0016949136697803624,2.391996492942174,0.008660685230400608,0.08721415201822917,0.8325575161725283,0.025065837757817157,0.0491180419921875,0.33724577724933624,3.703158378601074
72404.91269314662,1531,100390400,100335616,2005.3229917331068,1092.261033795054,1527,100,26.220000076293946,13.827204913426765,58.0,1.0,20.529999923706054,14.956239531324796,54.0,0.0,-0.00034349294825612253,0.20584077900275588,0.001704843808208049,2.3913168782989183,0.008220715916953242,0.088623046875,0.8563154308746259,0.025554355214505147,0.0523681640625,0.3654417097568512,3.7033989429473877
72486.18995455839,1533,100466688,100466688,938.6143021417231,1612.6527607267187,1527,100,26.220000076293946,13.827204913426765,58.0,1.0,20.529999923706054,14.956239531324796,54.0,0.0,0.00032057988816328975,0.20939022682917616,0.00168891115996909,2.3967688803871474,0.008676960932765118,0.08709208170572917,0.8339710781971613,0.027398491840964805,0.051910400390625,0.3657767325639725,3.7036406993865967
72546.19008684345,1534,100584960,100532224,1971.19565400446,1092.2642584959779,1530,100,26.810000038146974,13.79688000842572,63.0,0.0,22.679999923706056,14.073294015343997,49.0,0.0,0.0002994021197082475,0.20795959637810787,0.0017142990206290658,2.3993066300948462,0.00989225966016723,0.09390767415364584,0.8313992035885652,0.02698398076851542,0.0515899658203125,0.36196834594011307,3.703871726989746
72628.01248457842,1536,100663296,100663296,957.390667696361,1601.9085681716888,1530,100,26.810000038146974,13.79688000842572,63.0,0.0,22.679999923706056,14.073294015343997,49.0,0.0,-0.0014624387598208461,0.20383461052551866,0.001733540097726897,2.405156863232454,0.009077147649804829,0.08911641438802083,0.8464339865992467,0.0260138704519098,0.0527801513671875,0.36143091320991516,3.7043187618255615
72688.0124865789,1537,100785920,100728832,2043.733265192511,1092.2666302490247,1533,100,27.04000015258789,13.950569875994562,59.0,0.0,22.89000015258789,14.683252191243003,55.0,0.0,-0.001371521114682158,0.21468523206810156,0.0016848223846560964,2.3945682992537813,0.009902075861949317,0.09893290201822916,0.8336311789850394,0.02653247843651722,0.051422119140625,0.3584487810730934,3.7045822143554688
72769.85387800448,1539,100859904,100859904,903.9924506571385,1601.536798396038,1533,100,27.04000015258789,13.950569875994562,59.0,0.0,22.89000015258789,14.683252191243003,55.0,0.0,0.0018452271057564455,0.20988204221551615,0.0017308771590857457,2.3861901561419168,0.009637530414086845,0.09649149576822917,0.8370163484166067,0.028282770382550854,0.0536041259765625,0.36736150085926056,3.7052114009857178
72829.8539342191,1540,100980224,100925440,2005.3314545172175,1092.2656433115058,1533,100,27.04000015258789,13.950569875994562,59.0,0.0,22.89000015258789,14.683252191243003,55.0,0.0,0.0002289725380251184,0.20486703553857902,0.00167130153204198,2.39446809142828,0.009708291322264511,0.0906829833984375,0.8324318155646324,0.027067172981332988,0.049530029296875,0.35960201919078827,3.7052621841430664
72911.30764036253,1542,101056512,101056512,936.5810791429413,1609.1594379905569,1537,100,25.63000030517578,13.89219582634836,67.0,1.0,22.6,14.56502657891517,54.0,0.0,0.001382213391480036,0.2163480908299486,0.0017274958639366864,2.404316591719786,0.00977655847358013,0.09971110026041666,0.8249666386594374,0.026841152226552367,0.0516510009765625,0.3525259792804718,3.705439329147339
72971.30803852342,1543,101175296,101122048,1979.7201958807561,1092.2594184169689,1537,100,25.63000030517578,13.89219582634836,67.0,1.0,22.6,14.56502657891517,54.0,0.0,-0.0002637074503581971,0.22059436235576868,0.001724994310886056,2.391875351468722,0.008515887054575916,0.0914154052734375,0.8274355797717968,0.026286225571917992,0.0514068603515625,0.35760505497455597,3.705732822418213
73052.94787475094,1545,101253120,101253120,953.2601190320007,1605.490726790738,1540,100,26.00999984741211,14.121965478102153,63.0,1.0,19.69999990463257,14.046707815180543,54.0,0.0,0.0026707859239346967,0.2395690952738126,0.001687516569897222,2.4070336694518724,0.008277448128258888,0.08620707194010416,0.8193627422054609,0.025945925522440426,0.05078125,0.36088892072439194,3.705991744995117
73112.94802359119,1546,101373952,101318656,2013.8616709388048,1092.2639571193517,1540,100,26.00999984741211,14.121965478102153,63.0,1.0,19.69999990463257,14.046707815180543,54.0,0.0,0.0005303126672515645,0.19795180422564346,0.0016432393470798463,2.4088080152869225,0.009475538057207206,0.098846435546875,0.8441413020094236,0.026399300899356604,0.050262451171875,0.35572774708271027,3.7061729431152344
73194.07764940336,1548,101449728,101449728,934.0114568682059,1615.5873848531128,1543,100,26.650000381469727,14.951505134432612,62.0,0.0,21.4,13.605146127179692,52.0,0.0,0.0001297277728250871,0.20256374108915529,0.0016604062354114526,2.398043349385261,0.009387446583787096,0.08896382649739583,0.8548351793239515,0.02675229343973721,0.0499725341796875,0.34234437346458435,3.7066071033477783
73254.07772842608,1549,101568768,101515264,1983.997386985485,1092.265228103837,1543,100,26.650000381469727,14.951505134432612,62.0,0.0,21.4,13.605146127179692,52.0,0.0,-0.000597022282211886,0.20295228172714513,0.0016544075976222907,2.399736039340496,0.008024697292057681,0.08390299479166666,0.8325608366479476,0.02659352996852249,0.052337646484375,0.36358949542045593,3.7070131301879883
73335.44866558537,1551,101646336,101646336,953.2641838468612,1610.796244652122,1547,100,25.939999771118163,13.582945074813251,68.0,2.0,21.74000005722046,15.266053929310699,52.0,0.0,-0.0005848725995747373,0.23764786372582117,0.0017332431877245351,2.387778441111247,0.00847216356244947,0.09464518229166666,0.8411956870307525,0.026518929031832762,0.05157470703125,0.353378064930439,3.7074618339538574
73395.45016396232,1552,101764352,101711872,1966.8842144338091,1092.2393902278855,1547,100,25.939999771118163,13.582945074813251,68.0,2.0,21.74000005722046,15.266053929310699,52.0,0.0,0.0015179216740458894,0.21955977628628415,0.0017469352339200364,2.3964869479338327,0.009516530955806957,0.09161885579427083,0.8434726937363546,0.025830945873167366,0.0513153076171875,0.3442956954240799,3.707660675048828
73478.41068192199,1554,101842944,101842944,947.3422048570989,1579.9322765043473,1550,100,24.90999984741211,14.541729433130145,53.0,1.0,24.019999694824218,14.074786223272914,50.0,1.0,0.00047108208915839594,0.19798355316743257,0.0016944338070364513,2.391413460175196,0.007958048419823172,0.08208211263020833,0.8554984970639149,0.027120412793010473,0.0523681640625,0.3651815429329872,3.7082786560058594
73538.41127496213,1555,101961984,101908480,1983.980390333243,1092.2558708071185,1550,100,24.90999984741211,14.541729433130145,53.0,1.0,24.019999694824218,14.074786223272914,50.0,1.0,0.00019038938626181334,0.2000331876333803,0.001673809301185732,2.384641356766224,0.009750401712760018,0.10209147135416666,0.8652291273077329,0.026619005715474486,0.0533447265625,0.36926329880952835,3.708625078201294
73620.99728136323,1557,102039552,102039552,939.2390234159637,1587.0969636599782,1550,100,24.90999984741211,14.541729433130145,53.0,1.0,24.019999694824218,14.074786223272914,50.0,1.0,0.0015445760266932969,0.23266347280393046,0.0016666220132416734,2.3996302112936974,0.00743885643229684,0.08141072591145834,0.8399313477178414,0.02530984194405998,0.0511627197265625,0.36505986750125885,3.7090699672698975
73680.99742239714,1558,102157568,102105088,1966.9287099394596,1092.2640992288539,1553,100,26.599999809265135,13.622041056587799,50.0,0.0,20.979999923706053,14.602725562568338,52.0,0.0,-0.0011368298849750622,0.23355611491327485,0.001650114686829814,2.393931105732918,0.008101166732255175,0.08643086751302083,0.8561668234566847,0.02607236517360434,0.0511474609375,0.3580781817436218,3.7092878818511963
73763.10230258666,1560,102236160,102236160,957.2147212027555,1596.3971897583415,1553,100,26.599999809265135,13.622041056587799,50.0,0.0,20.979999923706053,14.602725562568338,52.0,0.0,0.00010188504772183177,0.20562686639217037,0.0016349887640293066,2.4017143696546555,0.00899279085691281,0.08989461263020833,0.8560253170629343,0.02616154819649334,0.0490570068359375,0.34879273921251297,3.709627866744995
73823.10263581015,1561,102354688,102301696,1975.4556955292505,1092.2606005518103,1557,100,25.560000228881837,14.104836009971864,50.0,0.0,22.479999923706053,14.21793206614245,49.0,1.0,0.0007245377394914005,0.2147563062608242,0.0017053801554235784,2.375437001387278,0.009363437620777404,0.09368387858072917,0.8557344836493332,0.028713132817453395,0.0521697998046875,0.3505784645676613,3.709878921508789
73904.75120753422,1563,102432768,102432768,956.2935193020652,1605.3189569923193,1557,100,25.560000228881837,14.104836009971864,50.0,0.0,22.479999923706053,14.21793206614245,49.0,1.0,-0.00038271316104025266,0.2070411917132636,0.0016586811664941101,2.4013845324516296,0.008181577971602867,0.09064737955729167,0.8511053547263145,0.02578086198385184,0.0514068603515625,0.3603309690952301,3.7103240489959717
73964.75210620277,1564,102547200,102498304,1907.1714347504405,1092.2503071501403,1560,100,25.10000009536743,14.553693609553479,52.0,0.0,20.000000095367433,14.38054257792075,51.0,0.0,-0.00021446153308109692,0.19573255985354382,0.0016128997510046854,2.402691217760245,0.008328885170461337,0.08939107259114583,0.8659036351988714,0.02620775489291797,0.0508880615234375,0.36294911056756973,3.710496425628662
74046.67438283935,1566,102629376,102629376,1003.0971229539914,1599.9555356773944,1560,100,25.10000009536743,14.553693609553479,52.0,0.0,20.000000095367433,14.38054257792075,51.0,0.0,0.00044460582527487225,0.20587866776622832,0.0016397534006197625,2.398505258063475,0.009140190502269736,0.09829203287760416,0.8494273424148561,0.0268801812781021,0.049774169921875,0.3645673468708992,3.710787057876587
74106.6746350266,1567,102747904,102694912,1975.458363576396,1092.2620757571433,1563,100,24.189999961853026,14.509097383346814,65.0,3.0,20.43000011444092,14.356361235302467,54.0,0.0,-2.218055791066338e-05,0.20678200634817281,0.001652106464462122,2.3896365563074746,0.008735147934809598,0.082122802734375,0.84596729837358,0.026110568898729983,0.0537261962890625,0.3643621355295181,3.7112393379211426
74188.12270648591,1569,102825984,102825984,958.6476217427571,1609.2707617452184,1563,100,24.189999961853026,14.509097383346814,65.0,3.0,20.43000011444092,14.356361235302467,54.0,0.0,-0.0006136360946887484,0.2052037964264552,0.0016537768266668234,2.3982741187016168,0.009147813583695097,0.08779398600260417,0.8469226391365131,0.026174830932480592,0.05096435546875,0.3595123216509819,3.711618661880493
74248.122773638,1570,102945024,102891520,1983.9977795069433,1092.265444201672,1566,100,23.419999885559083,13.84209507305774,52.0,1.0,22.800000286102296,13.968536122639016,52.0,0.0,0.0002822456323580506,0.23777642799541354,0.0016081107884626058,2.40065615127484,0.009264465309873534,0.09102376302083333,0.8401808689037958,0.026486525098637987,0.04888916015625,0.33862581104040146,3.711756944656372
74329.78424401022,1572,103022592,103022592,949.8726834874399,1605.0653925596343,1566,100,23.419999885559083,13.84209507305774,52.0,1.0,22.800000286102296,13.968536122639016,52.0,0.0,-0.0008245759890996851,0.2173767948212723,0.001633765203829777,2.3960528547565145,0.00801022364430537,0.08641560872395833,0.8548895561446747,0.025732125019809853,0.052215576171875,0.34807808697223663,3.7122552394866943
74389.78472333401,1573,103141632,103088128,1983.9841504866454,1092.2579409130778,1566,100,23.419999885559083,13.84209507305774,52.0,1.0,22.800000286102296,13.968536122639016,52.0,0.0,-0.0016871423310173364,0.216927451081574,0.0016242322368877162,2.4132903491457305,0.007353396924978975,0.077728271484375,0.8360108267515898,0.0235266846138984,0.049224853515625,0.34215855598449707,3.712337017059326
74472.20257852599,1575,103219200,103219200,941.1552850935144,1590.3350031943214,1570,100,24.719999885559083,14.282912837018957,61.0,0.0,20.950000095367432,13.63405680536758,64.0,0.0,-0.0008881743912449261,0.2152953906916082,0.0016289036187420909,2.4046251724163694,0.00980444930246449,0.0955657958984375,0.8318726780513922,0.024658627788691472,0.05029296875,0.35193728655576706,3.7125418186187744
74532.2029563915,1576,103344896,103284736,2094.9201400322777,1092.259787878336,1570,100,24.719999885559083,14.282912837018957,61.0,0.0,20.950000095367432,13.63405680536758,64.0,0.0,-7.467705775828339e-06,0.20641653115550676,0.0016761962409267048,2.3970178986589117,0.006580855884749326,0.07178751627604167,0.8489449017991623,0.0242476841667667,0.05316162109375,0.3700236305594444,3.7127273082733154
74613.43357909843,1578,103415808,103415808,872.971271632836,1613.5786681444476,1573,100,26.2,14.876155365898224,54.0,0.0,19.400000143051148,13.68210532068554,53.0,0.0,-0.001136063624774882,0.21904418167347708,0.0016536433334598162,2.390120993057887,0.00805710875344327,0.08877054850260417,0.8359625091155369,0.024520004206957918,0.0491943359375,0.3462814539670944,3.7131142616271973
74673.43417811394,1579,103535872,103481344,2001.0466890334799,1092.255762031068,1573,100,26.2,14.876155365898224,54.0,0.0,19.400000143051148,13.68210532068554,53.0,0.0,-0.0005783663364127278,0.21954823657870293,0.0016831842282651148,2.39154094705979,0.008561899876440293,0.08828735351562501,0.8478730923185747,0.025282800488639626,0.049560546875,0.3229445666074753,3.713285207748413
74756.00176514685,1581,103612416,103612416,927.0465899589271,1587.4510169196344,1576,100,25.949999618530274,14.104165767390993,59.0,0.0,20.569999790191652,14.647357971793939,52.0,0.0,-0.0008117268153000623,0.21917426337798437,0.0016786238847998902,2.3910183881719904,0.007650392812744636,0.08214823404947917,0.8580198287963867,0.02527386276051402,0.0514984130859375,0.350923091173172,3.7136361598968506
74816.00180043466,1582,103724800,103677952,1873.0655650602303,1092.2660242720249,1576,100,25.949999618530274,14.104165767390993,59.0,0.0,20.569999790191652,14.647357971793939,52.0,0.0,-0.001573634855352187,0.2172729610465467,0.001641093687794637,2.4112002526720366,0.008546275758514337,0.08130900065104167,0.836391981691122,0.02392336439030866,0.0495758056640625,0.3467841073870659,3.713789463043213
74898.0053839907,1584,103809024,103809024,1027.0770659972616,1598.3691726157992,1580,100,24.7,13.674428722583746,62.0,0.0,21.33000030517578,14.851973350371507,59.0,0.0,-0.0009686339957018693,0.22820559958927333,0.0016515726141127138,2.416225555042426,0.00817568685003304,0.09070841471354167,0.8505607446034749,0.02424979409746205,0.0468597412109375,0.3121175691485405,3.714071750640869
74958.00544972159,1585,103927552,103874560,1975.464502516177,1092.2654700737394,1580,100,24.7,13.674428722583746,62.0,0.0,21.33000030517578,14.851973350371507,59.0,0.0,-0.000495180019546145,0.21767955428610247,0.0016756578479544257,2.410193346440792,0.008677224538890489,0.08873494466145833,0.8509716788927714,0.023760300828143954,0.048492431640625,0.3361329138278961,3.7140872478485107
75039.34727154672,1587,104005632,104005632,959.8998184212787,1611.3728099399827,1580,100,24.7,13.674428722583746,62.0,0.0,21.33000030517578,14.851973350371507,59.0,0.0,-0.002080688949111694,0.22533692698925734,0.0016712663564248942,2.395050545533498,0.007150712555812787,0.07414754231770833,0.829802323753635,0.023799080944930513,0.048858642578125,0.3241603970527649,3.7142512798309326
75099.34791887552,1588,104123648,104071168,1966.9121126859031,1092.2548825327358,1583,100,25.869999980926515,14.52766667627064,49.0,0.0,18.760000133514403,14.091926543647652,53.0,0.0,-0.0011842619909051184,0.23801435173178714,0.0017061548387573566,2.3999045367042227,0.008110371956111823,0.08354695638020834,0.8367337100207807,0.02424008335219696,0.0481719970703125,0.3374370336532593,3.714315176010132
75182.47850892693,1590,104202240,104202240,945.4040919400949,1576.6999839522105,1583,100,25.869999980926515,14.52766667627064,49.0,0.0,18.760000133514403,14.091926543647652,53.0,0.0,-0.0019781062195155146,0.19761224898199242,0.0016544812763944112,2.401735663414001,0.008627114325160315,0.08472188313802083,0.8666278974463543,0.024421136612848688,0.04815673828125,0.31816835701465607,3.714359760284424
75242.4787437506,1591,104323328,104267776,2018.1254349395142,1092.2623918488703,1587,100,24.520000076293947,14.48756698565221,53.0,1.0,18.979999828338624,14.082599391455384,48.0,0.0,-0.0010303269737050869,0.22055934307475886,0.0016927785485070974,2.4010120009382563,0.006987226129543463,0.084197998046875,0.8556879404932262,0.023736189546373982,0.04803466796875,0.32536766678094864,3.7144134044647217
75325.84211875871,1593,104398848,104398848,905.9134181246435,1572.2971867112458,1587,100,24.520000076293947,14.48756698565221,53.0,1.0,18.979999828338624,14.082599391455384,48.0,0.0,-0.0006640939415471319,0.18871494537840286,0.0016952231841666314,2.405300721526146,0.008296152324570963,0.08235677083333333,0.8651491310447456,0.023485473803399753,0.0484161376953125,0.3412870317697525,3.7147414684295654
75385.84213460796,1594,104516608,104464384,1962.666148220305,1092.2663781399958,1590,100,23.760000038146973,15.215203009800645,62.0,0.0,18.259999990463257,14.151056228531333,61.0,0.0,-0.0014562180561673206,0.20508344176535806,0.0016522298089209169,2.4090657184521356,0.00938120502117575,0.08726501464843751,0.854597522566716,0.02267651273480927,0.0481109619140625,0.3404387906193733,3.7147958278656006
75469.65135250613,1596,104595456,104595456,940.803434006474,1563.9329812055673,1590,100,23.760000038146973,15.215203009800645,62.0,0.0,18.259999990463257,14.151056228531333,61.0,0.0,-0.0008177868464069131,0.20812172147755822,0.0017019131822356333,2.3930534025033317,0.00878211451830187,0.09044901529947917,0.8543346282094717,0.025076098119219143,0.049957275390625,0.3423261418938637,3.7150328159332275
75529.65147585608,1597,104713216,104660992,1962.662631761051,1092.2644211539762,1593,100,21.300000190734863,14.883884011715624,49.0,0.0,19.550000381469726,14.55841699026893,60.0,0.0,-5.607042597451561e-05,0.18086388520896435,0.0016566231000372986,2.3868253355224924,0.008822054385139685,0.08707173665364583,0.8621896095573902,0.025068952760193497,0.051483154296875,0.3574025109410286,3.7152085304260254
75612.77153940313,1599,104792064,104792064,948.6037021058453,1576.899660643483,1593,100,21.300000190734863,14.883884011715624,49.0,0.0,19.550000381469726,14.55841699026893,60.0,0.0,0.0004340325079586667,0.191119588057821,0.0016254622326717556,2.3892651796340942,0.007178503567653631,0.0667724609375,0.8511394076049328,0.025748276539767783,0.05511474609375,0.38266686350107193,3.7157130241394043
75672.77155034244,1600,104910080,104857600,1966.9329747183447,1092.2664675225515,1596,100,26.019999504089355,15.046580953246895,48.0,0.0,21.35999994277954,14.152398900856474,50.0,0.0,-0.00023226389506210884,0.18758598311493793,0.0016427082191512452,2.392442559202512,0.008592462421196009,0.08086649576822917,0.8568040672689677,0.024961888906545937,0.0513916015625,0.36223073303699493,3.715893030166626
75755.48142819107,1602,104988672,104988672,950.2129859729489,1584.720028723615,1596,100,26.019999504089355,15.046580953246895,48.0,0.0,21.35999994277954,14.152398900856474,50.0,0.0,0.0007621917296395015,0.1776761623720328,0.0016448977463975705,2.386779487133026,0.008232747009969898,0.07828776041666667,0.8563615195453167,0.02444922039285302,0.0506591796875,0.35883790999650955,3.716287612915039
75815.48176342994,1603,105108736,105054208,2001.0554861402015,1092.2605638633083,1596,100,26.019999504089355,15.046580953246895,48.0,0.0,21.35999994277954,14.152398900856474,50.0,0.0,0.005812118053048228,0.19176244316622615,0.0016522905874201872,2.388017555077871,0.008693986800305234,0.07807413736979167,0.8410214520990847,0.025034569611307234,0.0529022216796875,0.3615356534719467,3.716594696044922
75896.85575749539,1605,105185280,105185280,940.6445004829933,1610.735733268537,1600,100,27.10999984741211,14.159021879814915,48.0,0.0,24.060000038146974,13.757775880247106,50.0,0.0,-0.002214615559447945,0.18688138155266643,0.0016369516148794598,2.3984143262108164,0.007829561255978962,0.07728068033854167,0.8752206222464641,0.024928236923490964,0.04986572265625,0.33166663348674774,3.7172563076019287
75956.85696025565,1606,105304064,105250816,1979.693648385738,1092.2447715231658,1600,100,27.10999984741211,14.159021879814915,48.0,0.0,24.060000038146974,13.757775880247106,50.0,0.0,0.0012507064166129569,0.21482168386379877,0.0016770956390246283,2.3835226297378536,0.008510882106444722,0.08573913574218749,0.8529174495488404,0.025861455302219838,0.051727294921875,0.3418649807572365,3.7176127433776855
76040.29341187887,1608,105381888,105381888,932.7338170064917,1570.9201128530385,1603,100,25.699999809265137,14.145317238846932,63.0,0.0,22.839999961853028,15.165566246378535,53.0,0.0,-0.0001392530102748424,0.19884730293415487,0.0017050368393635533,2.375444372495015,0.00825036169347489,0.08390808105468749,0.8532713030775388,0.026543049005946766,0.0526885986328125,0.3646792322397232,3.718316078186035
76100.29424858652,1609,105505024,105447424,2052.2380479453723,1092.251435081113,1603,100,25.699999809265137,14.145317238846932,63.0,0.0,22.839999961853028,15.165566246378535,53.0,0.0,-0.00028884127338339266,0.199605104746297,0.0017053253371462538,2.378361195325852,0.00797722274728585,0.08037312825520833,0.8545208635429542,0.026314138376619667,0.0523834228515625,0.36250755935907364,3.718531370162964
76183.03409975767,1611,105578496,105578496,887.9880608924486,1584.1459483516853,1606,100,25.920000267028808,14.155338500183861,56.0,0.0,22.729999828338624,14.390173721246189,50.0,0.0,-0.0009025278244128759,0.22303267971922955,0.0016841515098349191,2.3889734223484993,0.008551134684239514,0.08318074544270833,0.8470641225576401,0.024902401841245595,0.050689697265625,0.34322284907102585,3.7188289165496826
76243.03429669142,1612,105696000,105644032,1958.3935721036173,1092.2630816089893,1606,100,25.920000267028808,14.155338500183861,56.0,0.0,22.729999828338624,14.390173721246189,50.0,0.0,6.830482258616643e-05,0.20219913544133308,0.001737970935209887,2.3895669604341188,0.0067558060879188515,0.0760040283203125,0.8599156818042198,0.02469269560727601,0.0517425537109375,0.34409407526254654,3.7191214561462402
76325.64338947088,1614,105775104,105775104,957.5701334862113,1586.6534250645313,1610,100,26.219999885559083,13.422056302523885,64.0,1.0,24.23000011444092,14.26944641253495,52.0,0.0,-0.0008050623752448398,0.18821841361932456,0.0016729294244820871,2.3860832303762436,0.009141275012249631,0.08636474609375,0.8697836622595787,0.024830150165750332,0.0517578125,0.3583260327577591,3.719680070877075
76385.64344900846,1615,105896704,105840640,2026.6646556211929,1092.2655828190009,1610,100,26.219999885559083,13.422056302523885,64.0,1.0,24.23000011444092,14.26944641253495,52.0,0.0,-0.0003589486514101737,0.22194459056481722,0.0016857438240549527,2.3849872002998986,0.009012076910342634,0.09494527180989584,0.8465979906419914,0.02447443831867228,0.0518341064453125,0.3525940626859665,3.719977855682373
76467.93551037088,1617,105971712,105971712,911.4852484939412,1592.766031497945,1610,100,26.219999885559083,13.422056302523885,64.0,1.0,24.23000011444092,14.26944641253495,52.0,0.0,-0.0002969772006811884,0.22127264769126972,0.0017172919360746164,2.3913248131672544,0.009267597583554258,0.09324137369791667,0.8363409551481406,0.02442009089281782,0.0518798828125,0.3569592833518982,3.7202203273773193
76527.93587284163,1618,106082816,106037248,1851.7221467482002,1092.2600681279705,1613,100,26.52999973297119,14.2284604823722,53.0,0.0,22.310000038146974,15.391357725456915,60.0,0.0,0.0022838186123408377,0.22234543040394783,0.001731725055530357,2.362476954857508,0.01111487679675823,0.11354573567708334,0.8478914623459181,0.026237273375348497,0.050506591796875,0.34634631872177124,3.720381259918213
76610.52305405214,1620,106168320,106168320,1035.3180571939733,1587.0743870757915,1613,100,26.52999973297119,14.2284604823722,53.0,0.0,22.310000038146974,15.391357725456915,60.0,0.0,-0.001782943872967735,0.18583848707688352,0.0016517381106192866,2.372439737121264,0.008703623174975897,0.08901977539062501,0.8588926742474238,0.026139667839743197,0.051910400390625,0.36243388056755066,3.720769166946411
76670.52659609541,1621,106281984,106233856,1894.2881724888282,1092.2021895431083,1617,100,23.939999866485596,14.586856803925713,61.0,0.0,22.65999984741211,13.430725880244022,51.0,0.0,-5.859474185854027e-07,0.199282290879637,0.0017021676091341458,2.3556986252466836,0.008192307605592457,0.08910624186197917,0.8571890058616797,0.02789150851701076,0.054901123046875,0.3684942275285721,3.7211904525756836
76753.34024310671,1623,106364928,106364928,1001.574052024146,1582.7343044332183,1617,100,23.939999866485596,14.586856803925713,61.0,0.0,22.65999984741211,13.430725880244022,51.0,0.0,0.001255661412869813,0.19458133277172843,0.0016446851138122536,2.3718508134285607,0.008510878218051706,0.08580017089843751,0.8456053187449772,0.02634450160743048,0.0515594482421875,0.3656177744269371,3.7216312885284424
76813.340487618,1624,106484480,106430464,1992.5252134181158,1092.262215492586,1620,100,25.400000190734865,13.996427965080246,52.0,0.0,21.05,14.013832739212491,50.0,0.0,0.0015863686882463905,0.1972995800897479,0.0016289066115859896,2.3642935579021773,0.008420197723050176,0.0783233642578125,0.8432250414043665,0.025942734074002754,0.051422119140625,0.359986275434494,3.721895933151245
76895.5074853357,1626,106561536,106561536,937.7974386352336,1595.190327512424,1620,100,25.400000190734865,13.996427965080246,52.0,0.0,21.05,14.013832739212491,50.0,0.0,-0.00048449601551207405,0.19074464721294743,0.0016422100125055294,2.3578593780597052,0.008492242840172064,0.0847625732421875,0.8289599710454544,0.02704678353620693,0.05322265625,0.3799677714705467,3.722175121307373
76955.5076845102,1627,106682624,106627072,2018.126634010328,1092.263040817429,1620,100,25.400000190734865,13.996427965080246,52.0,0.0,21.05,14.013832739212491,50.0,0.0,0.0026177577334844195,0.18919680391748744,0.0016859263062845762,2.3425960888465243,0.0077314453665167085,0.08463033040364584,0.8434581936647495,0.029405284265521914,0.051666259765625,0.36168695986270905,3.7222836017608643
77037.50339198671,1629,106758144,106758144,921.0238233706731,1598.5227036128292,1623,100,28.519999694824218,13.0640574286538,55.0,0.0,24.01999988555908,14.785790075172175,53.0,0.0,0.0016701295899110846,0.21514028388385972,0.001661708892546206,2.3492796396215754,0.008637413803929425,0.09169514973958333,0.8278634386758009,0.02816288749454543,0.0552215576171875,0.37944982200860977,3.7229082584381104
77097.50383673795,1630,106880000,106823680,2030.9182791098588,1092.2585702775712,1623,100,28.519999694824218,13.0640574286538,55.0,0.0,24.01999988555908,14.785790075172175,53.0,0.0,0.0018262477557679329,0.19446620896148184,0.0016585482201965835,2.3563781827688217,0.008064634143617392,0.08461507161458333,0.8422571644186974,0.028345377087437857,0.054962158203125,0.38292840123176575,3.723238945007324
77178.95751367137,1632,106954752,106954752,917.724071082753,1609.1600150492109,1627,100,25.460000038146973,14.227030609109784,49.0,0.0,24.499999618530275,15.03894969404937,62.0,1.0,8.959373371908441e-05,0.20311239982644716,0.0016623165405083757,2.357979337374369,0.009036061173295215,0.08482360839843749,0.8392632609854143,0.02812968175082157,0.0539398193359375,0.3994235247373581,3.7235891819000244
77238.9576947391,1633,107078912,107020288,2069.327088527187,1092.2633704390923,1627,100,25.460000038146973,14.227030609109784,49.0,0.0,24.499999618530275,15.03894969404937,62.0,1.0,0.0012727681072040773,0.19614874183510742,0.0016930561747964628,2.3590137089292207,0.007613456782564753,0.0782623291015625,0.8455451354384422,0.02757713154035931,0.0535888671875,0.37958338111639023,3.7237300872802734
77320.23018361628,1635,107151360,107151360,891.4209593050213,1612.7474599440666,1630,100,27.589999961853028,13.048444426213948,52.0,0.0,23.189999961853026,14.225817599284404,51.0,0.0,0.00015998994907325442,0.23466731312995154,0.0017272365645718915,2.353902724881967,0.007879074158457419,0.08115132649739583,0.839712884897987,0.029508680435052767,0.055572509765625,0.37591205537319183,3.7243306636810303
77380.23021537997,1636,107267328,107216896,1932.798976786281,1092.266088426684,1630,100,27.589999961853028,13.048444426213948,52.0,0.0,23.189999961853026,14.225817599284404,51.0,0.0,0.0007972766543389298,0.17962983801650503,0.0016443062268081123,2.379745393991471,0.007930112156827818,0.081756591796875,0.8712564737846454,0.026276769058313217,0.0528564453125,0.3814278468489647,3.7245631217956543
77462.78949156217,1638,107347968,107347968,976.7527494067567,1587.6108180833635,1634,100,26.310000038146974,13.613739258439333,51.0,0.0,21.56999988555908,14.022307063557706,54.0,1.0,0.0007397147104105291,0.20609986518199244,0.001604177519766381,2.3690780376394587,0.008771815311774844,0.08632405598958333,0.8432435709983109,0.027523328802393127,0.051055908203125,0.35520990937948227,3.7248497009277344
77522.78971025161,1639,107472128,107413504,2069.3257910049683,1092.2626855613855,1634,100,26.310000038146974,13.613739258439333,51.0,0.0,21.56999988555908,14.022307063557706,54.0,1.0,-0.00033827147126430646,0.20494268260275325,0.0016176299662523281,2.384326023360093,0.008736293651963933,0.0908660888671875,0.8304560631513596,0.025460537231992927,0.0541839599609375,0.38634590059518814,3.725013256072998
77603.96694646217,1641,107544576,107544576,892.4669449460778,1614.6398438600418,1637,100,23.999999809265137,14.081192880546721,49.0,1.0,21.739999961853027,14.46348509596543,55.0,0.0,0.0007369540495953212,0.19731680738429228,0.0016629703241051173,2.3721352592110634,0.009256497095217734,0.08929443359375,0.8681112459550301,0.02703280393810322,0.051910400390625,0.3546171933412552,3.7256014347076416
77663.96731224284,1642,107664384,107610112,1996.7878268936313,1092.2600078734392,1637,100,23.999999809265137,14.081192880546721,49.0,1.0,21.739999961853027,14.46348509596543,55.0,0.0,0.0008583029654497902,0.2101921746507287,0.0016209194315403388,2.3678180848558745,0.009328876913059503,0.09621175130208333,0.8521147637317578,0.028929442710553605,0.052276611328125,0.35349246859550476,3.7259809970855713
77746.5910128206,1644,107741184,107741184,929.5153746801208,1586.3729061207396,1637,100,23.999999809265137,14.081192880546721,49.0,1.0,21.739999961853027,14.46348509596543,55.0,0.0,0.006210889155530216,0.19878828486738107,0.0016625510397716425,2.3617820888757706,0.008890299696455866,0.09789021809895833,0.854588320478797,0.029410296391385298,0.0526580810546875,0.37455110996961594,3.726193904876709
77806.59123088233,1645,107864576,107806720,2056.525859173547,1092.2626969884398,1640,100,26.570000076293944,14.21284980639312,52.0,0.0,22.64999990463257,14.41136717230252,53.0,1.0,0.0010831403196789324,0.20324218808673322,0.001650477070749427,2.3702461992700896,0.008974606333746731,0.09050496419270833,0.8446567213783662,0.027500692463945597,0.0540008544921875,0.38162924349308014,3.726379871368408
77887.81153913029,1647,107937792,107937792,901.4494229261273,1613.7835823013188,1640,100,26.570000076293944,14.21284980639312,52.0,0.0,22.64999990463257,14.41136717230252,53.0,1.0,0.001979868155710089,0.2266847207210958,0.0017359233994890626,2.3754597703615823,0.009659412509790855,0.09545389811197916,0.8479548059403896,0.026848888664972037,0.053131103515625,0.3686949759721756,3.7270631790161133
77947.81164713204,1648,108061440,108003328,2060.7962905064437,1092.2647005582808,1644,100,25.910000228881835,14.781810067543907,51.0,1.0,22.0,14.103900213733624,54.0,0.0,-7.160653331084177e-05,0.21743603392193717,0.0016747333781192235,2.3877352699637413,0.00911174830677434,0.09431966145833334,0.8476014267653227,0.025506454422914732,0.0513763427734375,0.3509760797023773,3.727264404296875
78029.0222280994,1650,108134400,108134400,898.4050985833721,1613.9768788585493,1644,100,25.910000228881835,14.781810067543907,51.0,1.0,22.0,14.103900213733624,54.0,0.0,-0.0015149327349111748,0.20773479482159016,0.0017010232259053737,2.385071781774362,0.008631299796737343,0.09149169921875,0.8519472411523262,0.026209706459970523,0.0519256591796875,0.36401277035474777,3.7275607585906982
78089.0224697385,1651,108252928,108199936,1975.4587108658284,1092.2622677789461,1647,100,26.379999732971193,14.394290488861591,58.0,0.0,24.440000152587892,15.171895097021839,59.0,0.0,-0.00021891121771962693,0.20191794261336327,0.0016417685170987777,2.3899440616369247,0.007739117323581013,0.08716328938802084,0.8503753896802664,0.02549727389123291,0.0545501708984375,0.3768334686756134,3.7278101444244385
78171.8815724235,1653,108331008,108331008,942.322538741789,1581.8660322485114,1647,100,26.379999732971193,14.394290488861591,58.0,0.0,24.440000152587892,15.171895097021839,59.0,0.0,-0.0004272551668691449,0.1736773052252829,0.0016385220381683514,2.368089333176613,0.008482474361395967,0.08754984537760417,0.8696245104074478,0.02678059454774484,0.053741455078125,0.3943648636341095,3.7282586097717285
78231.88197197393,1654,108452096,108396544,2018.119894322375,1092.2593931216238,1647,100,26.379999732971193,14.394290488861591,58.0,0.0,24.440000152587892,15.171895097021839,59.0,0.0,0.00035600920576447004,0.20346760850710174,0.0016555049272331719,2.360956378281117,0.008974314351386662,0.09647115071614584,0.8509449133028587,0.02939013356808573,0.0554046630859375,0.3919576480984688,3.7286107540130615
78315.02184605598,1656,108527616,108527616,908.3487416093764,1576.5239176406803,1651,100,27.129999923706055,13.972584074340613,57.0,0.0,22.790000343322752,16.343374796214988,64.0,1.0,0.00037232107570162043,0.21843893391390642,0.0016262967910734005,2.3662382066249847,0.00892255334959676,0.09261067708333333,0.8373728195826212,0.02814997259217004,0.0511627197265625,0.3483640104532242,3.728947639465332
78375.02216189168,1657,108648448,108593152,2013.856065872681,1092.260917083488,1651,100,27.129999923706055,13.972584074340613,57.0,0.0,22.790000343322752,16.343374796214988,64.0,1.0,-0.0006880686729952381,0.20238191060100993,0.0016405258502345534,2.3791585986812906,0.008436494157043247,0.0822601318359375,0.8388080286482971,0.0268964227871038,0.052459716796875,0.3620901554822922,3.7291815280914307
78456.23250631802,1659,108724224,108724224,933.0831008694538,1613.9815798822983,1654,100,26.810000038146974,14.079555894632138,58.0,2.0,22.169999885559083,13.881682247274814,50.0,0.0,0.0006785706355003639,0.2265694155357778,0.0016577992889021211,2.3650796338915825,0.00961311670471332,0.09137471516927083,0.8339753436545531,0.02639257257881885,0.0518646240234375,0.3537648767232895,3.7298407554626465
78516.23282927088,1660,108847616,108789760,2056.522264003995,1092.260787520794,1654,100,26.810000038146974,14.079555894632138,58.0,2.0,22.169999885559083,13.881682247274814,50.0,0.0,0.0005684345354287265,0.21259515546262264,0.0016880247821973171,2.352858687440554,0.010548057298365164,0.09525044759114583,0.8481149381647507,0.02860642633944129,0.0523223876953125,0.35112736374139786,3.730034112930298
78598.26715519838,1662,108920832,108920832,892.504438504318,1597.7701836161218,1657,100,25.800000381469726,13.779695253275387,58.0,0.0,21.220000076293946,14.92218502702023,52.0,0.0,0.001444911935929364,0.1878314058606823,0.001641266089184986,2.373497352004051,0.006340953457159533,0.07256062825520834,0.8484944005807241,0.026936755632050332,0.0533599853515625,0.3809588924050331,3.7304575443267822
78658.26727588475,1663,109038592,108986368,1962.6627188894417,1092.2644696428197,1657,100,25.800000381469726,13.779695253275387,58.0,0.0,21.220000076293946,14.92218502702023,52.0,0.0,-1.049211762923128e-05,0.20791233455141384,0.0016481942899796802,2.378059660394986,0.00935503359263142,0.0898590087890625,0.8365403624872366,0.025586894907367725,0.0533294677734375,0.3702929615974426,3.73071551322937
78740.71472702362,1665,109117440,109117440,956.3424813120511,1589.7641247784745,1660,100,23.560000324249266,14.419653333055816,48.0,0.0,20.089999961853028,13.742703704561146,60.0,0.0,0.0005279551793743547,0.20611298798273006,0.0016566529532913894,2.370898808042208,0.007704935762982738,0.08656819661458333,0.8369786000500122,0.027382827887777236,0.05120849609375,0.37496595829725266,3.7309911251068115
78800.71577009559,1666,109231872,109182976,1907.166844795357,1092.2476784510322,1660,100,23.560000324249266,14.419653333055816,48.0,0.0,20.089999961853028,13.742703704561146,60.0,0.0,-0.00021200798073550686,0.22860010821993154,0.0016654975940279353,2.3715703164537745,0.009799371272189697,0.097442626953125,0.8353060614317656,0.027865263264781483,0.0507049560546875,0.3510522171854973,3.731182813644409
78882.79167260975,1668,109314048,109314048,1001.2195721615495,1596.9608129181102,1664,100,24.8,13.6102900208766,64.0,0.0,22.670000267028808,14.059199800767388,51.0,0.0,0.0008425277774222194,0.18807253257061043,0.0016317498520947993,2.3836530447006226,0.008565335413247038,0.09392801920572917,0.8567844871431589,0.027421373582910746,0.0482635498046875,0.3661877363920212,3.7313928604125977
78942.79178285971,1669,109430016,109379584,1932.7964484876088,1092.2646596309667,1664,100,24.8,13.6102900208766,64.0,0.0,22.670000267028808,14.059199800767388,51.0,0.0,0.0014700195800590636,0.19014893510999778,0.0016383302317990458,2.375756544371446,0.008294265537794368,0.08772786458333334,0.8348240007956823,0.027799200557637956,0.05145263671875,0.3633037805557251,3.731477975845337
79025.08535977826,1671,109510656,109510656,979.9063671739634,1592.7366983906961,1667,100,23.01999988555908,13.436502608964862,47.0,0.0,21.299999809265138,15.352198438023263,54.0,0.0,-0.0010286812842726554,0.19721354148350653,0.0016289105248385263,2.3872312804063163,0.00827930531280193,0.09067789713541666,0.8436770401895046,0.026245933608151972,0.052276611328125,0.37407927960157394,3.7317497730255127
79085.08540169895,1672,109628160,109576192,1958.398631709578,1092.2659035242962,1667,100,23.01999988555908,13.436502608964862,47.0,0.0,21.299999809265138,15.352198438023263,54.0,0.0,0.0002902259220718406,0.19922817731276152,0.0016396438162094757,2.3882936835289,0.009257127817060487,0.08820597330729167,0.849733126660188,0.027804314294674743,0.0525970458984375,0.3815784975886345,3.731868028640747
79167.13315182365,1674,109707264,109707264,964.1215009523906,1597.5087653321166,1670,100,24.949999809265137,13.577462827400725,51.0,1.0,22.529999923706054,14.745477378253973,54.0,0.0,0.0005539326448342763,0.19100354930075508,0.0015836815194537242,2.383822912971179,0.009091404564363378,0.090301513671875,0.8710488447298607,0.026550596017235268,0.05316162109375,0.3823544830083847,3.732292890548706
79227.1333310511,1675,109828608,109772800,2022.3939588584158,1092.2634039404102,1670,100,24.949999809265137,13.577462827400725,51.0,1.0,22.529999923706054,14.745477378253973,54.0,0.0,0.0013285287883869994,0.21909793171410757,0.0016276425315785068,2.378676583369573,0.00888984958267732,0.09751383463541666,0.8208245970308781,0.02815783264425894,0.052490234375,0.37041473388671875,3.732398509979248
79308.89906099066,1677,109903872,109903872,920.483435488552,1603.0187720072743,1670,100,24.949999809265137,13.577462827400725,51.0,1.0,22.529999923706054,14.745477378253973,54.0,0.0,0.0004893049554084428,0.20579990286690494,0.0015950551630036596,2.359903921683629,0.00838922008248725,0.08374532063802084,0.8532045142104228,0.028545794038412474,0.052947998046875,0.3609197959303856,3.7328643798828125
79368.89922118373,1678,110020096,109969408,1937.061494936181,1092.2637504485954,1673,100,25.380000114440918,13.465348230565128,49.0,0.0,22.34999990463257,14.501292823085278,53.0,0.0,0.0012930069339442223,0.2223930275067687,0.0015828375471755862,2.358325856427352,0.008809096239929204,0.08279927571614583,0.8344021414717039,0.027919900661800057,0.0517425537109375,0.3484683930873871,3.7330496311187744
79453.07055669278,1680,110100480,110100480,955.0044503138502,1557.2047087920105,1673,100,25.380000114440918,13.465348230565128,49.0,0.0,22.34999990463257,14.501292823085278,53.0,0.0,0.002745869768356594,0.19226712818878391,0.0015990759408547697,2.3739861448605857,0.008028224782416752,0.0757293701171875,0.8464241996407509,0.028420616135311622,0.05218505859375,0.3627832531929016,3.7333991527557373
79513.07061872259,1681,110223616,110166016,2052.2645449737124,1092.2655374496267,1677,100,23.960000038146973,14.593094381603178,49.0,0.0,22.09000015258789,14.674532656713794,61.0,0.0,0.0004462088594057908,0.20236214079583686,0.001587998477286116,2.367108707626661,0.009455382320690356,0.09260050455729167,0.8514938342074553,0.030243256051714223,0.05133056640625,0.350143238902092,3.733583927154541
79595.41348401457,1683,110297088,110297088,892.2691691559756,1591.7833261597893,1677,100,23.960000038146973,14.593094381603178,49.0,0.0,22.09000015258789,14.674532656713794,61.0,0.0,0.0009541787124665765,0.20891685457900167,0.0016123246932693291,2.3761638229091964,0.008845683929394,0.08338419596354167,0.855405100931724,0.027270199265331026,0.0511474609375,0.35369083285331726,3.733849287033081
79655.4140112549,1684,110418688,110362624,2026.6488578162562,1092.2570686336032,1680,100,24.439999771118163,14.899879365528921,51.0,0.0,22.080000114440917,14.875940199134478,50.0,0.0,0.00046413123103169107,0.19217926046500602,0.0015879481773784696,2.3747700452804565,0.006261875669830867,0.07172139485677084,0.8561105827490488,0.027215163204042863,0.0518035888671875,0.36946187913417816,3.7339420318603516
79736.40000590123,1686,110493696,110493696,926.1848339032912,1618.452679039198,1680,100,24.439999771118163,14.899879365528921,51.0,0.0,22.080000114440917,14.875940199134478,50.0,0.0,0.00028320714530612645,0.20080440258607268,0.0015901956964322985,2.3670298034946122,0.008295874201697492,0.07228597005208334,0.8505232241004707,0.027704516173495602,0.0518341064453125,0.35676682740449905,3.7341785430908203
79796.40037515014,1687,110608896,110559232,1919.9881841075412,1092.2599447367345,1683,100,25.619999885559082,14.178702426704039,61.0,2.0,23.7,14.937536432237415,53.0,1.0,0.00022814951322895163,0.20565770046475032,0.0015768126031616703,2.371647529304028,0.008191926396951507,0.07759602864583333,0.8364609728256862,0.02815103393125658,0.0520782470703125,0.37336378544569016,3.7342827320098877
79878.7969146315,1689,110690304,110690304,988.0026577866124,1590.7464175683822,1683,100,25.619999885559082,14.178702426704039,61.0,2.0,23.7,14.937536432237415,53.0,1.0,-0.0008631695163785481,0.19626787669646242,0.0015951495370245539,2.37159043798844,0.008066258900119768,0.07692464192708333,0.8522005472332239,0.027245083435749013,0.050140380859375,0.3543418124318123,3.7348005771636963
79938.79729585163,1690,110813440,110755840,2052.253627326684,1092.2597268100442,1683,100,25.619999885559082,14.178702426704039,61.0,2.0,23.7,14.937536432237415,53.0,1.0,0.0035598772446974176,0.20087432659541565,0.0015748261527429954,2.3822391505042715,0.008432399979938054,0.08220926920572916,0.8340878610809644,0.025285394377230357,0.052032470703125,0.36775826662778854,3.7349040508270264
80019.82443320751,1692,110886912,110886912,906.7579381128071,1617.6308861106522,1687,100,25.730000305175782,14.405454027661037,54.0,0.0,23.6,14.596574860394172,53.0,0.0,0.0001751126352852831,0.19570054408783713,0.0016167859563817426,2.3758839021126428,0.008321522806606177,0.081573486328125,0.8488649210582178,0.025139452210472275,0.05181884765625,0.35996347665786743,3.735258102416992
80079.82635713927,1693,111004672,110952448,1962.6037347389565,1092.2316436808105,1687,100,25.730000305175782,14.405454027661037,54.0,0.0,23.6,14.596574860394172,53.0,0.0,-0.0010549325355289816,0.22548422062148651,0.0016140426851052327,2.37331369270881,0.00941270987217043,0.0893402099609375,0.8260264402876297,0.02563621123166134,0.0530242919921875,0.36151123046875,3.7354395389556885
80162.67498490028,1695,111083520,111083520,951.7115989833051,1582.0660346735463,1690,100,25.439999961853026,14.263463760475336,61.0,0.0,21.85000009536743,13.756725424981141,51.0,1.0,-0.0005067843885626644,0.21223589374373356,0.0015696613227191847,2.3712462161978087,0.0075858921184893315,0.07792154947916666,0.8233413398265839,0.026347404345870018,0.050445556640625,0.3550424501299858,3.7359304428100586
80222.68017466739,1696,111203584,111149056,2000.8935971370706,1092.172198010853,1690,100,25.439999961853026,14.263463760475336,61.0,0.0,21.85000009536743,13.756725424981141,51.0,1.0,0.0011726883118778155,0.20397589340185127,0.001607803753965224,2.355763147274653,0.009022984269904553,0.08998616536458334,0.8437479386727015,0.026770995056722313,0.0538330078125,0.3669796362519264,3.736288070678711
80304.0132160522,1698,111280128,111280128,941.1181322710229,1611.5467683035574,1693,100,28.729999923706053,13.624136513879789,62.0,1.0,21.8,15.239422444379956,55.0,0.0,0.0011156677088971871,0.19563922542147338,0.0015999474611210947,2.358388756712278,0.007845759579140577,0.08201090494791666,0.8332164821525414,0.027143465568466734,0.0535736083984375,0.3583689332008362,3.736807107925415
80364.01323901117,1699,111397888,111345664,1962.665915653728,1092.26624871164,1693,100,28.729999923706053,13.624136513879789,62.0,1.0,21.8,15.239422444379956,55.0,0.0,0.001255819404226107,0.20871561610450348,0.0015764100668699637,2.349119770030181,0.008767450415689382,0.08639017740885417,0.8469750384489695,0.02916130794134612,0.05206298828125,0.3497043251991272,3.7371304035186768
80445.84576644376,1701,111476736,111476736,963.5288371723675,1601.7102747800393,1697,100,25.620000171661378,15.137225701805786,60.0,0.0,20.86999979019165,13.862651337241156,53.0,0.0,0.0016431159383500926,0.2039469458007564,0.0015673962298023978,2.33496234814326,0.008670570339139278,0.08649698893229167,0.8497813573728006,0.029747590927096702,0.0561370849609375,0.3787883222103119,3.7379417419433594
80505.84586707503,1702,111598592,111542272,2030.9299270824765,1092.2648347334327,1697,100,25.620000171661378,15.137225701805786,60.0,0.0,20.86999979019165,13.862651337241156,53.0,0.0,0.00027582215261645615,0.1917937903199345,0.0015274266831208174,2.354006566107273,0.007784122216132043,0.08087158203125,0.851040940110882,0.02796415943885222,0.0546722412109375,0.3752770945429802,3.7382781505584717
80587.58697017469,1704,111673344,111673344,914.4970787690748,1603.501727156734,1700,100,26.640000343322754,14.978998784654246,55.0,0.0,23.200000095367432,14.406942878601471,54.0,0.0,7.096054711534376e-06,0.22869792797913152,0.001571377921209205,2.3573005497455592,0.008228830101870699,0.08696492513020833,0.8313125999023517,0.027768233014891546,0.05377197265625,0.36212946474552155,3.738917589187622
80647.5872190129,1705,111791872,111738880,1975.4584738406243,1092.2621367239738,1700,100,26.640000343322754,14.978998784654246,55.0,0.0,23.200000095367432,14.406942878601471,54.0,0.0,0.0006917187323172886,0.20261328760534525,0.0015594215353000134,2.363960569103559,0.008202100366058099,0.07494099934895833,0.8594100829213858,0.026739798544440422,0.054443359375,0.3740794211626053,3.7392683029174805
80729.91923277453,1707,111869952,111869952,948.3552804388397,1591.993126507167,1700,100,26.640000343322754,14.978998784654246,55.0,0.0,23.200000095367432,14.406942878601471,54.0,0.0,0.0005786949089573075,0.21890618683149415,0.0015857110811339226,2.3744049817323685,0.009180481317040782,0.08883158365885416,0.8473791001985471,0.02715034148423001,0.05352783203125,0.3625498339533806,3.739778518676758
80789.91934084706,1708,111988992,111935488,1983.9964264079724,1092.2646992697655,1703,100,29.189999961853026,13.145869965684904,59.0,0.0,24.170000076293945,14.584961283469655,52.0,0.0,0.00011892042190690211,0.23411330006395778,0.0015660976314393338,2.3857485204935074,0.008187348161300179,0.08315022786458334,0.8248881796995798,0.025302652560640126,0.0521087646484375,0.3683244436979294,3.7399234771728516
80871.77792127058,1710,112066560,112066560,947.5854528465989,1601.2005011797314,1703,100,29.189999961853026,13.145869965684904,59.0,0.0,24.170000076293945,14.584961283469655,52.0,0.0,-0.00027451010100776324,0.21415206945190826,0.0015658691639449294,2.3814692174394927,0.008802758215703458,0.08481343587239583,0.8467845792571703,0.025470323259166133,0.0510711669921875,0.3519331216812134,3.740236759185791
80931.77794412524,1711,112184576,112132096,1966.9325841072075,1092.26625061051,1707,100,25.65,14.487494344866196,52.0,0.0,23.330000114440917,13.74849458445276,55.0,0.0,0.0018830414774129165,0.21889252200101814,0.001606310948166841,2.3638133158286414,0.007884248675812463,0.07847086588541667,0.8288956303149462,0.027237271230357386,0.05487060546875,0.3703741654753685,3.740553140640259
81013.01926286891,1713,112263168,112263168,967.3895157704812,1613.366228255656,1707,100,25.65,14.487494344866196,52.0,0.0,23.330000114440917,13.74849458445276,55.0,0.0,0.0015846234819036908,0.19378484048259753,0.0016101787465837938,2.3540801852941513,0.00848920812253103,0.083648681640625,0.8294475059956311,0.02835054612175251,0.0531005859375,0.3762166351079941,3.7407732009887695
81073.01928774826,1714,112383744,112328704,2009.5991667079406,1092.2662137520867,1710,100,27.820000076293944,14.748816805596244,57.0,0.0,23.039999580383302,14.774247760590656,56.0,0.0,0.0023998066947873062,0.22995216523607573,0.001587830059482561,2.361702467004458,0.008104343241332874,0.07909647623697916,0.8150861586133639,0.028567511355504397,0.0499114990234375,0.34468962252140045,3.7409234046936035
81154.18737043813,1716,112459776,112459776,936.722877765996,1614.8219306942422,1710,100,27.820000076293944,14.748816805596244,57.0,0.0,23.039999580383302,14.774247760590656,56.0,0.0,0.0010674079045808564,0.26842400493721164,0.0016070614619820844,2.356999377409617,0.0084379827506685,0.0800933837890625,0.7963573057204485,0.028397029750825215,0.0506439208984375,0.35316840559244156,3.741255283355713
81214.18748372234,1717,112575744,112525312,1932.7963507447002,1092.264604394356,1713,100,29.189999961853026,12.989761364662678,57.0,1.0,22.880000019073485,14.64669256695098,52.0,0.0,-0.0014964966103434563,0.22414673694098988,0.0016409897689300126,2.362441547214985,0.008533080126653656,0.08994547526041667,0.8189953931917747,0.02667688850002984,0.0507049560546875,0.36298204213380814,3.7413249015808105
81296.78684949875,1719,112656384,112656384,976.2786825541892,1586.8402713261742,1713,100,29.189999961853026,12.989761364662678,57.0,1.0,22.880000019073485,14.64669256695098,52.0,0.0,-1.3281484522546512e-06,0.2117307420509557,0.0016287848933037215,2.3698381905754404,0.0074990785536404765,0.080841064453125,0.835865331813693,0.025266705721151084,0.0510406494140625,0.3682236820459366,3.741586685180664
81356.78695492633,1720,112774144,112721920,1962.6632180195052,1092.2647474195508,1716,100,26.390000343322754,14.359592747282008,62.0,0.0,19.9199999332428,14.216666334117981,49.0,0.0,-4.27054959194114e-05,0.25229102668041986,0.0016589145925536286,2.353772719701131,0.00917949304433326,0.09228006998697916,0.8210074845701456,0.027022464705320697,0.05096435546875,0.3451860323548317,3.741790294647217
81439.07368751429,1722,112852992,112852992,958.2103641764195,1592.8691768127492,1716,100,26.390000343322754,14.359592747282008,62.0,0.0,19.9199999332428,14.216666334117981,49.0,0.0,0.00034417959492808825,0.2303644004277885,0.0016518862187998216,2.365124049286048,0.00919654123511767,0.0946197509765625,0.8088990884522598,0.02562855271389708,0.0506439208984375,0.35294078290462494,3.7420289516448975
81499.0741337873,1723,112970496,112918528,1958.3854337571668,1092.2585425748032,1716,100,26.390000343322754,14.359592747282008,62.0,0.0,19.9199999332428,14.216666334117981,49.0,0.0,-0.0010008653965390597,0.2411480937153101,0.0016555516704102047,2.3699873089790344,0.008477116162490953,0.08252461751302083,0.8062174897640942,0.026384515144551795,0.050811767578125,0.36380796134471893,3.742067575454712
81580.60333820619,1725,113049600,113049600,970.2535498025658,1607.669312294219,1720,100,25.98000011444092,13.412665645850534,51.0,0.0,22.329999923706055,14.233098819728829,54.0,0.0,-0.001555277425116704,0.2046350153783957,0.0015720392172321833,2.3819191033641496,0.008110125691018766,0.08277384440104167,0.8442926195760567,0.024590103867618986,0.0489959716796875,0.348099447786808,3.7423336505889893
81640.60347153991,1726,113168128,113115136,1975.4622767375113,1092.2642394056218,1720,100,25.98000011444092,13.412665645850534,51.0,0.0,22.329999923706055,14.233098819728829,54.0,0.0,5.2224408136680736e-05,0.2405875260010362,0.0016323622682345256,2.3653498391310372,0.0077111182684651185,0.08072916666666667,0.8130824745943149,0.026500353162797786,0.053253173828125,0.3586902767419815,3.742609977722168
81722.11778134666,1728,113246208,113246208,957.8686268105423,1607.9630718917956,1723,100,26.84000015258789,14.05042377318821,56.0,1.0,23.85999999046326,14.330401199696334,51.0,0.0,-3.708194223387806e-06,0.216225103319933,0.0016247450645702581,2.3752398366729417,0.008388072913779372,0.08684794108072917,0.8232971491913001,0.026081134351746492,0.0531005859375,0.3786415830254555,3.7428836822509766
81782.11790488474,1729,113367040,113311744,2013.862520188286,1092.2644177292398,1723,100,26.84000015258789,14.05042377318821,56.0,1.0,23.85999999046326,14.330401199696334,51.0,0.0,0.0004219103454185339,0.22597415947044888,0.001634061574198616,2.378082367281119,0.008712683764921772,0.08642578125,0.829350624854366,0.025777432679509122,0.0521392822265625,0.3728751540184021,3.7429683208465576
81863.92118183523,1731,113442816,113442816,926.3198593603884,1602.282999974726,1726,100,26.8,15.180908832941126,61.0,0.0,22.670000076293945,14.286395559470396,54.0,0.0,-6.765848957002159e-05,0.21515003762518367,0.0015836528703706185,2.366129251817862,0.009488244471261472,0.08868916829427084,0.8194810344527166,0.02672383899334818,0.0487060546875,0.35203512758016586,3.743129253387451
81923.92121766694,1732,113558784,113508352,1932.7988457420408,1092.266014370778,1726,100,26.8,15.180908832941126,61.0,0.0,22.670000076293945,14.286395559470396,54.0,0.0,-0.0005597869700674588,0.20742743322625756,0.0015986884330535154,2.3823763777812323,0.008352237448586191,0.0810699462890625,0.8254768326878548,0.02681859821313992,0.0516510009765625,0.3751785010099411,3.743239641189575
82006.36831275932,1734,113639424,113639424,978.0817615179641,1589.7709901498338,1730,100,27.65,12.84708112829184,61.0,0.0,21.249999618530275,13.843680961023226,50.0,0.0,0.0005086081049133402,0.18751131440512836,0.0015528493216455295,2.3479167371988297,0.008110312969923447,0.0800018310546875,0.8605531336118778,0.02830204978818074,0.054412841796875,0.3787848651409149,3.7436091899871826
82066.37135014683,1735,113754368,113704960,1915.636357834371,1092.2113755135833,1730,100,27.65,12.84708112829184,61.0,0.0,21.249999618530275,13.843680961023226,50.0,0.0,0.00022223056294023988,0.20081696659326553,0.001565571388103611,2.350367419421673,0.008319926037681096,0.08447774251302083,0.8573801418145498,0.02877570184258123,0.0535125732421875,0.3793814182281494,3.743752956390381
82148.35277042538,1737,113836032,113836032,996.1281437004789,1598.801283933057,1730,100,27.65,12.84708112829184,61.0,0.0,21.249999618530275,13.843680961023226,50.0,0.0,-0.00027586579138490675,0.19825999694876373,0.0015842741619659744,2.3602844874064126,0.007178522036459375,0.07928975423177084,0.8381946459412575,0.027255444069548197,0.053466796875,0.36622972041368484,3.7442214488983154
82208.35332126915,1738,113958656,113901568,2043.7145705425064,1092.2566389538238,1733,100,28.11999969482422,13.453088586223382,49.0,1.0,22.669999885559083,14.494864821662318,61.0,0.0,0.0006003883269537861,0.215089562193801,0.0015821105128755637,2.3573182895779614,0.009924119778588649,0.09692891438802083,0.8265267883737882,0.027823943722372253,0.0534820556640625,0.3627708852291107,3.7444701194763184
82289.65810312517,1740,114032640,114032640,909.9587786979138,1612.1069020530513,1733,100,28.11999969482422,13.453088586223382,49.0,1.0,22.669999885559083,14.494864821662318,61.0,0.0,-0.0010971171092630054,0.1939207393831263,0.0015597091587551404,2.3574288785457616,0.009273789647825955,0.09047444661458333,0.8533165225138266,0.027365074473588418,0.0543670654296875,0.38018859177827835,3.744776487350464
82349.65851831064,1741,114152448,114098176,1996.78618272329,1092.25910849821,1737,100,25.539999961853027,14.59206624952098,62.0,0.0,23.85,13.630388925441851,55.0,0.0,0.0014141701030894183,0.19002533121965826,0.0015872415109091285,2.350775914887587,0.0073902467490067165,0.07731119791666667,0.8332070031513771,0.02841388758194322,0.0558624267578125,0.3919397369027138,3.7451179027557373
82431.33492659405,1743,114229248,114229248,940.2959999600913,1604.7718399318892,1737,100,25.539999961853027,14.59206624952098,62.0,0.0,23.85,13.630388925441851,55.0,0.0,0.00026780411523456366,0.22437414123366275,0.0015592276092017223,2.3421811759471893,0.010069788887146084,0.0998077392578125,0.8416689820587635,0.02894092919693018,0.0535888671875,0.35750188678503036,3.7455928325653076
82491.33586764894,1744,114349056,114294784,1996.7686821842735,1092.2495355537906,1737,100,25.539999961853027,14.59206624952098,62.0,0.0,23.85,13.630388925441851,55.0,0.0,0.0017665887862676757,0.19498173551013073,0.0015865747397280454,2.347101526955764,0.009969073165848386,0.09967549641927084,0.8619070431838434,0.029009418503846977,0.052734375,0.37217140942811966,3.7456977367401123
82572.73975389637,1746,114425856,114425856,943.4439010266315,1610.1442577521177,1741,100,28.10999984741211,13.833216909848952,65.0,0.0,23.910000038146972,13.582411386637313,52.0,0.0,0.0005401618933926026,0.1940004158144196,0.0015402787527515707,2.3581402599811554,0.008587967864514212,0.08711751302083334,0.8538304747392734,0.027877669859056674,0.0539398193359375,0.37822818756103516,3.7459654808044434
82632.74060657434,1747,114546688,114491392,2013.8380474109927,1092.2511443585045,1741,100,28.10999984741211,13.833216909848952,65.0,0.0,23.910000038146972,13.582411386637313,52.0,0.0,0.0010573596712977935,0.22230151047309238,0.001545576102216728,2.3495413487156234,0.009741019691621961,0.09674072265625,0.8550504899273317,0.02772889476424704,0.053955078125,0.3653608113527298,3.7462007999420166
82714.14402439445,1749,114622464,114622464,930.8700055746228,1610.1535231561043,1744,100,26.970000076293946,14.045963874699883,62.0,0.0,22.089999866485595,15.401360303219287,56.0,0.0,0.0011937387195454599,0.25026987896611297,0.00155053162961849,2.376088547209899,0.008472012008496677,0.08990478515624999,0.8276670674482982,0.02473775666051855,0.0513916015625,0.3471980467438698,3.746345043182373
82774.14442657493,1750,114737408,114688000,1915.7204922436126,1092.2593452435742,1744,100,26.970000076293946,14.045963874699883,62.0,0.0,22.089999866485595,15.401360303219287,56.0,0.0,0.0023121390040614642,0.2321949574785928,0.0016134430940534608,2.3676850994427996,0.007833260759070981,0.07967122395833334,0.8571739457547665,0.026046032842714336,0.0509490966796875,0.3295631930232048,3.746589422225952
82856.01195708476,1752,114819072,114819072,997.5139043701204,1601.0254515282184,1747,100,28.95999984741211,13.75784857688776,65.0,0.0,23.10999975204468,15.175569332168864,62.0,0.0,-0.0004615372624054241,0.22817760566249487,0.0015599073182481031,2.3805832217137017,0.00872846363199642,0.08676656087239584,0.8432798782984416,0.025488367672854412,0.05230712890625,0.35712411999702454,3.7469258308410645
82916.01240787283,1753,114936576,114884608,1958.385286388078,1092.2584603820217,1747,100,28.95999984741211,13.75784857688776,65.0,0.0,23.10999975204468,15.175569332168864,62.0,0.0,-0.00018495855571624512,0.24393906754751998,0.0016215252047307633,2.3689297760526338,0.008536434492270928,0.08443196614583333,0.8075431926796833,0.02654697687830776,0.0522918701171875,0.36477041244506836,3.747115135192871
82997.57595881075,1755,115015680,115015680,969.8449747511262,1606.9923206232252,1751,100,26.660000228881835,15.183030134137978,64.0,0.0,21.719999885559083,13.417958159154567,55.0,0.0,0.0005539733683690429,0.20301296034206945,0.0015470922626263925,2.3788643330335617,0.008917597640296055,0.08803812662760417,0.8315321505069733,0.02509937877766788,0.0521697998046875,0.36622384935617447,3.7474730014801025
83057.57646957412,1756,115138816,115081216,2052.2491964378346,1092.2573685822988,1751,100,26.660000228881835,15.183030134137978,64.0,0.0,21.719999885559083,13.417958159154567,55.0,0.0,0.0006430433156007591,0.2013351442292333,0.0015803249043528924,2.3574030126134553,0.0087423995876937,0.08672587076822917,0.8469676685829957,0.027603351142412674,0.0544586181640625,0.3569144383072853,3.747924566268921
83139.37314267829,1758,115212288,115212288,898.2272409347795,1602.4123601345195,1751,100,26.660000228881835,15.183030134137978,64.0,0.0,21.719999885559083,13.417958159154567,55.0,0.0,0.0014489358824600156,0.2126310245754818,0.001612998695539621,2.345195370415847,0.008373295267422995,0.08894856770833334,0.8322517735262712,0.027777331337953605,0.0564117431640625,0.3708328977227211,3.748403787612915
83199.37349011935,1759,115330816,115277824,1975.4552274289533,1092.2603417317755,1754,100,29.479999923706053,13.798898487046062,64.0,1.0,24.329999732971192,14.677230484440406,59.0,0.0,-0.001039104121446144,0.22016328324874243,0.0015033063342949995,2.3579287727673846,0.007999339890981599,0.08495585123697917,0.8428896727661291,0.02749768072195972,0.0532989501953125,0.358790785074234,3.7487127780914307
83281.92918292992,1761,115408896,115408896,945.7857761446531,1587.6797291346309,1754,100,29.479999923706053,13.798898487046062,64.0,1.0,24.329999732971192,14.677230484440406,59.0,0.0,-0.0013451204965046295,0.2175877671688795,0.0015564007395975448,2.354314588010311,0.00853212670578311,0.08659871419270833,0.8436610295126836,0.027392720240944374,0.05352783203125,0.3700808510184288,3.7491166591644287
83341.92947066203,1762,115524352,115474432,1924.2574388224675,1092.2614286885846,1758,100,26.929999923706056,14.070717586489035,50.0,0.0,25.460000038146973,14.854911450961307,61.0,0.0,0.0002997226741475363,0.227112988786151,0.0015880827292373094,2.351785883307457,0.009663724841326864,0.09532674153645834,0.8231878075748682,0.028363788306402665,0.0536651611328125,0.3683294579386711,3.749443531036377
83424.23966505565,1764,115605504,115605504,985.9289070794654,1592.4151432955402,1758,100,26.929999923706056,14.070717586489035,50.0,0.0,25.460000038146973,14.854911450961307,61.0,0.0,0.0028789461648557335,0.21974582023297745,0.001593919717076157,2.357542370756467,0.010708065751411292,0.11171468098958334,0.833135848864913,0.02729458953641976,0.0534515380859375,0.3567098379135132,3.7498295307159424
83484.24577820674,1765,115726848,115671040,2022.1939670458248,1092.1553914846647,1761,100,25.470000076293946,14.220024823626694,63.0,0.0,22.670000267028808,13.911186067297049,49.0,0.0,0.0024145296265487555,0.2077006286320587,0.0015767533902059465,2.35767071445783,0.009029682129039429,0.0889129638671875,0.8317416316519182,0.026223718324520938,0.0531463623046875,0.36977432668209076,3.7500171661376953
83566.08151390962,1767,115802112,115802112,919.696014871223,1601.647481680497,1761,100,25.470000076293946,14.220024823626694,63.0,0.0,22.670000267028808,13.911186067297049,49.0,0.0,0.00016812768687183663,0.21968653285875916,0.0015742420388657288,2.3533571337660155,0.008857999134003574,0.08705139160156249,0.8294337876141071,0.026782924949657172,0.0544891357421875,0.37647321075201035,3.7504501342773438
83626.08177892305,1768,115919104,115867648,1949.8580543572623,1092.261842265775,1761,100,25.470000076293946,14.220024823626694,63.0,0.0,22.670000267028808,13.911186067297049,49.0,0.0,0.0014920976682333276,0.2324299882166088,0.0015448698007579271,2.363426461815834,0.008080811862479702,0.08418273925781249,0.8358456132312616,0.028093786095269024,0.05096435546875,0.3645170331001282,3.7505388259887695
83708.32513933256,1770,115998720,115998720,968.0538295562008,1593.7091984976682,1765,100,24.660000228881835,14.213528884215506,64.0,1.0,23.180000019073486,14.785384557769394,60.0,0.0,0.005054199874090651,0.1966456963370244,0.0015137505979510024,2.354496479034424,0.009998113576633235,0.1000213623046875,0.8509050967792671,0.028546977924027793,0.0521697998046875,0.3781980872154236,3.750736951828003
83768.32552602328,1771,116119808,116064256,2018.1203268599318,1092.2596272222886,1765,100,24.660000228881835,14.213528884215506,64.0,1.0,23.180000019073486,14.785384557769394,60.0,0.0,0.0010793773593225826,0.1915415314336618,0.0015344911698775832,2.346306788424651,0.00664567719347057,0.07172648111979166,0.8493476777027051,0.030178916524164375,0.0540008544921875,0.37313055992126465,3.7510695457458496
83849.43776605092,1773,116195328,116195328,931.0555345810827,1615.9336735780148,1768,100,24.95999984741211,14.071190317538179,63.0,0.0,23.17999973297119,14.322276367641042,54.0,0.0,0.0005837622350857903,0.19182792531015974,0.0015389350543652351,2.3417028759916625,0.007657872486258082,0.08539326985677083,0.8512134167055289,0.030592135541761916,0.0565338134765625,0.38384800404310226,3.751661777496338
83909.44189229235,1774,116318208,116260864,2047.8591673109954,1092.1915558991975,1768,100,24.95999984741211,14.071190317538179,63.0,0.0,23.17999973297119,14.322276367641042,54.0,0.0,0.0012539156208125253,0.20651227072812617,0.0015672391879585725,2.338421056667964,0.010052579610904406,0.09753417968749999,0.8415997090439001,0.03002695529721677,0.054046630859375,0.36514856666326523,3.7520928382873535
83991.07639353909,1776,116391936,116391936,903.1475524932954,1605.5956488769696,1772,100,29.650000190734865,13.23130761381873,64.0,1.0,22.190000152587892,14.435854620546088,49.0,0.0,0.0004906943261933824,0.19728927205627161,0.0015448686547946031,2.3555496806899705,0.008834474202861506,0.08809916178385417,0.8537371853987377,0.028614586549034964,0.056121826171875,0.398203507065773,3.752652883529663
84051.08129150234,1777,116511488,116457472,1992.3706906927562,1092.1775092448513,1772,100,29.650000190734865,13.23130761381873,64.0,1.0,22.190000152587892,14.435854620546088,49.0,0.0,0.001060068546697342,0.20208211538071436,0.0015473449408697586,2.3465910802284875,0.00698317025489814,0.073089599609375,0.8507244475185871,0.028975419079264004,0.0550079345703125,0.3842933923006058,3.7530341148376465
84132.87454679795,1779,116588544,116588544,942.0825680738122,1602.479318451136,1772,100,29.650000190734865,13.23130761381873,64.0,1.0,22.190000152587892,14.435854620546088,49.0,0.0,-0.0006901767725745838,0.22696616353156668,0.0015386215018224902,2.3399413699905076,0.009635398412986735,0.0944671630859375,0.8278692085295916,0.029402208514511585,0.0537109375,0.3752666562795639,3.753539800643921
84192.87456091121,1780,116712448,116654080,2065.0661809196554,1092.2664097426277,1775,100,29.4899995803833,13.048750625675819,66.0,0.0,24.95,14.265605367482435,55.0,1.0,0.0027254229256262383,0.21462208948408565,0.0015588287824357394,2.3442490771412845,0.007157397504367205,0.08011372884114583,0.8334430226435264,0.029965574620291587,0.056365966796875,0.39705876260995865,3.753798246383667
84272.57666860707,1782,116785152,116785152,912.196704727472,1644.5236366917807,1775,100,29.4899995803833,13.048750625675819,66.0,0.0,24.95,14.265605367482435,55.0,1.0,0.0013966671055338034,0.22654949842641753,0.001572299281785187,2.345846109092235,0.00872922360455656,0.0911712646484375,0.848078278824687,0.029038077006892614,0.0527801513671875,0.3679147958755493,3.754291534423828
84332.57857589796,1783,116908032,116850688,2047.9348998736748,1092.2319465992932,1775,100,29.4899995803833,13.048750625675819,66.0,0.0,24.95,14.265605367482435,55.0,1.0,0.00014149518149982515,0.2185685761893789,0.0015474856105962924,2.3598834450046224,0.010278466804569083,0.0947113037109375,0.8260859865695237,0.028092130048510928,0.05413818359375,0.38327905535697937,3.7545385360717773
84413.94905718602,1785,116981760,116981760,906.0779638133722,1610.8052690015504,1779,100,27.590000343322753,14.632904427079165,65.0,0.0,26.13999996185303,13.939885546453098,63.0,0.0,-0.00026894252854011336,0.2186525252958139,0.0015153963589303505,2.344714234272639,0.008978402065622504,0.09099833170572916,0.8442587361981472,0.028360704057073843,0.0522613525390625,0.3606644496321678,3.7549996376037598
84473.9494926501,1786,117102336,117047296,2009.5854149621293,1092.2587393424737,1779,100,27.590000343322753,14.632904427079165,65.0,0.0,26.13999996185303,13.939885546453098,63.0,0.0,0.001917169463316289,0.19192455887484053,0.0015542001977640514,2.3600739861528077,0.009735421205429398,0.09009297688802083,0.8449674292157094,0.028654674824792892,0.0522003173828125,0.3775068521499634,3.755094528198242
84555.35762530938,1788,117178368,117178368,933.9607422052926,1610.060269390942,1783,100,30.030000114440917,13.228344436037977,67.0,1.0,25.180000495910644,13.112879222506992,52.0,0.0,0.0002522986105759628,0.22078345149445036,0.0015487300600701324,2.358583462735017,0.009527335573996727,0.09705098470052083,0.830447431653738,0.02675380833291759,0.050567626953125,0.36547593772411346,3.755465030670166
84615.35777117498,1789,117297152,117243904,1979.7285204283842,1092.2640112708327,1783,100,30.030000114440917,13.228344436037977,67.0,1.0,25.180000495910644,13.112879222506992,52.0,0.0,-0.0011611821658637687,0.21452164774139723,0.0015830765514692757,2.364318259060383,0.008269788319618481,0.0836639404296875,0.8419872671365738,0.02765211882069707,0.0511932373046875,0.3598017990589142,3.7555415630340576
84697.18195905536,1791,117374976,117374976,951.1124035079971,1601.8735216976795,1787,100,28.440000152587892,14.186838943786718,66.0,0.0,21.929999923706056,14.249389372069476,47.0,0.0,-0.0012309066975528062,0.206779049243778,0.001578489579211843,2.3708054199814796,0.008480980967457679,0.07891845703125,0.8395833137134711,0.026737405530487496,0.0528564453125,0.3864162638783455,3.755716562271118
84757.18240554631,1792,117499648,117440512,2077.851204304258,1092.258538607577,1787,100,28.440000152587892,14.186838943786718,66.0,0.0,21.929999923706056,14.249389372069476,47.0,0.0,0.0012369461037451401,0.22845426155254242,0.0015786949685813547,2.3621894692381225,0.009186768171881948,0.087310791015625,0.8297165110707284,0.027685607414847862,0.054046630859375,0.36912573128938675,3.7560267448425293
84837.69316635467,1794,117571584,117571584,893.4954691488545,1628.0059793744251,1787,100,28.440000152587892,14.186838943786718,66.0,0.0,21.929999923706056,14.249389372069476,47.0,0.0,-0.0008571013604523614,0.22041282011196017,0.001582161649518336,2.3574050093690553,0.007234978384682714,0.07704671223958333,0.8443366512656212,0.027828903713574014,0.0544891357421875,0.36366821825504303,3.7565650939941406
84897.694188755,1795,117693440,117637120,2030.8987268077071,1092.2480547537248,1790,100,26.770000076293947,15.077038831843678,67.0,0.0,23.260000038146973,13.589422089102532,54.0,0.0,0.000564095978916157,0.2028283273490767,0.0015591509654768743,2.36830236017704,0.008407227565233674,0.08846537272135417,0.8454026406009992,0.027782247207748394,0.05487060546875,0.3842281103134155,3.7567992210388184
84979.90635618195,1797,117768192,117768192,909.257137228828,1594.3138844560272,1790,100,26.770000076293947,15.077038831843678,67.0,0.0,23.260000038146973,13.589422089102532,54.0,0.0,0.001388477457415623,0.19442436409493288,0.0015203316009622843,2.3525444393356643,0.007485852246948827,0.07358805338541667,0.8666945242633423,0.029439403268042952,0.0539093017578125,0.37561657279729843,3.757331371307373
85039.90644713119,1798,117891072,117833728,2047.996895604071,1092.2650109888377,1794,100,26.00999984741211,14.106377844022113,53.0,1.0,23.940000152587892,13.812906829475374,53.0,0.0,0.00045306357060326263,0.19615718877563873,0.0015703754470450804,2.352103166282177,0.008713900315948802,0.08510335286458333,0.8581826786200206,0.029627075515842687,0.05413818359375,0.3835713118314743,3.7575104236602783
85121.21020121872,1800,117964800,117964800,906.8215954778556,1612.127280849521,1794,100,26.00999984741211,14.106377844022113,53.0,1.0,23.940000152587892,13.812906829475374,53.0,0.0,0.0016368560148597075,0.1912249505209426,0.0016013283590533924,2.343006134033203,0.008343619967490667,0.08611551920572916,0.8587177414447069,0.028809597754540544,0.0566253662109375,0.3883478343486786,3.7580623626708984
85181.21049109846,1801,118083328,118030336,1975.4571225834056,1092.2613895925526,1797,100,27.159999656677247,15.533009973903619,65.0,1.0,24.700000190734862,14.5530068188897,58.0,0.0,-0.0005790861517501374,0.2004433039110154,0.0015680959537955157,2.35763310144345,0.008299652348190042,0.09001668294270833,0.8653500421593586,0.027220493376565475,0.051483154296875,0.3553422540426254,3.758234739303589
85263.45296590216,1803,118161408,118161408,949.3877730012847,1593.726359923468,1797,100,27.159999656677247,15.533009973903619,65.0,1.0,24.700000190734862,14.5530068188897,58.0,0.0,0.0023209183733949126,0.2034554968898495,0.0015797646459153232,2.3649379884203277,0.009168398387676765,0.09483846028645833,0.859129166851441,0.026548413715014856,0.054840087890625,0.397660493850708,3.75860595703125
85323.45349342376,1804,118282240,118226944,2013.848960853056,1092.2570635135219,1801,100,25.310000038146974,14.014060728788081,51.0,0.0,22.130000114440918,14.046817907220111,53.0,0.0,0.0010810433038083527,0.24903574663524825,0.0016102685731311794,2.352571884791056,0.008737151407331112,0.0825958251953125,0.8438139806191126,0.02772281516809016,0.0506439208984375,0.3454134687781334,3.7589151859283447
85404.49836116284,1806,118358016,118358016,934.988261612763,1617.2769930599143,1801,100,25.310000038146974,14.014060728788081,51.0,0.0,22.130000114440918,14.046817907220111,53.0,0.0,1.7940898639305182e-05,0.2103127754914264,0.001607028127182275,2.3600866074363394,0.008902731507987482,0.08960469563802084,0.8617272675037383,0.02874642360256985,0.055389404296875,0.38538626581430435,3.759420871734619
85464.49848181568,1807,118477824,118423552,1996.7959846815743,1092.2644702531688,1801,100,25.310000038146974,14.014060728788081,51.0,0.0,22.130000114440918,14.046817907220111,53.0,0.0,0.0008480355997259419,0.21383893101786572,0.0016064423325587995,2.3672846034169197,0.00785033892437544,0.08572387695312499,0.8479985408484936,0.027144366506642353,0.05157470703125,0.36011803150177,3.7595908641815186
85546.16376075149,1809,118554624,118554624,940.4241435380459,1604.9905383049315,1804,100,27.400000381469727,14.514130831868757,58.0,0.0,25.910000228881835,13.41200581118916,57.0,1.0,0.009098498410215447,0.21129700688955685,0.001605951595896234,2.3691476210951805,0.008915061816272404,0.0936279296875,0.8455401094009479,0.027106933625570186,0.052459716796875,0.36289865523576736,3.7599425315856934
85606.16557639278,1810,118678528,118620160,2065.004178218861,1092.2336149256785,1804,100,27.400000381469727,14.514130831868757,58.0,0.0,25.910000228881835,13.41200581118916,57.0,1.0,-0.0010078637787955813,0.20874348872651657,0.0015663733453645061,2.3653651525576906,0.009223266440433994,0.0862884521484375,0.8603457479427258,0.02610103477491066,0.0530853271484375,0.3690805211663246,3.7601521015167236
85686.62615911476,1812,118751232,118751232,903.5977312172802,1629.021261912843,1807,100,27.539999961853027,14.234760286316485,64.0,1.0,22.599999713897706,14.034243649252204,55.0,0.0,-0.00010967697501958659,0.21362901479005816,0.0015923719887117236,2.357355490326881,0.009039932134934741,0.08801778157552083,0.8508666828274727,0.0279852319508791,0.0536651611328125,0.3758218213915825,3.7605247497558594
85746.62827262655,1813,118874624,118816768,2056.460894094386,1092.2281927140307,1807,100,27.539999961853027,14.234760286316485,64.0,1.0,22.599999713897706,14.034243649252204,55.0,0.0,0.0005464155086277364,0.19574255612678826,0.0015821325844929865,2.3715853591759997,0.007568221843636518,0.07202657063802083,0.8499770648777485,0.026569833086493112,0.053863525390625,0.37404321134090424,3.760735273361206
85827.26802498661,1815,118947840,118947840,907.9392961561518,1625.4018168949292,1807,100,27.539999961853027,14.234760286316485,64.0,1.0,22.599999713897706,14.034243649252204,55.0,0.0,-0.00039698984376930946,0.21483565339197716,0.0015480557412956841,2.358416629334291,0.006792623122237274,0.07529703776041667,0.8457656931132078,0.02785746914256985,0.0541534423828125,0.3645530715584755,3.76113224029541
85887.2681355197,1816,119070720,119013376,2047.9962271441982,1092.2646544769057,1811,100,29.429999923706056,12.955504640528535,48.0,0.0,23.120000267028807,13.924281243335422,52.0,0.0,0.007671314723362836,0.20208420418202877,0.0015220566201605834,2.373191403845946,0.008806763086492236,0.07631937662760416,0.8396923635154964,0.02754461350074659,0.05316162109375,0.3646393492817879,3.7613625526428223
85969.04618525505,1818,119144448,119144448,901.5622191846868,1602.7772785505545,1811,100,29.429999923706056,12.955504640528535,48.0,0.0,23.120000267028807,13.924281243335422,52.0,0.0,-0.00015856300403053564,0.19825092485795417,0.0015031923382290795,2.3800826892256737,0.008586711945099523,0.08805338541666667,0.8518801021079223,0.025920341722667214,0.051422119140625,0.37833457440137863,3.76157546043396
86029.04659274593,1819,119266048,119209984,2026.652902623778,1092.2592485719729,1815,100,26.330000114440917,14.390312660510737,67.0,0.0,20.64000005722046,14.265707222441504,51.0,0.0,0.0013773571263300255,0.22117958823218942,0.0015617439348716287,2.371306387086709,0.008547982302237262,0.082122802734375,0.8582142734279234,0.02679724345216528,0.0535736083984375,0.36650630086660385,3.761793613433838
86109.68565794826,1821,119341056,119341056,930.1695129005143,1625.4156675940728,1815,100,26.330000114440917,14.390312660510737,67.0,0.0,20.64000005722046,14.265707222441504,51.0,0.0,0.0005391197749607576,0.19606280839070678,0.00151616890313259,2.378992192447186,0.008178937693931706,0.0817108154296875,0.85181700065732,0.026779655192513022,0.0532379150390625,0.37045125663280487,3.7620670795440674
86169.68609886244,1822,119460864,119406592,1996.7853264837906,1092.2586401278854,1818,100,25.479999923706053,13.157112351328179,50.0,0.0,23.29000015258789,13.8400107488887,60.0,0.0,-0.0004071776493219659,0.21497079644662637,0.0015489906315148498,2.3618667175372443,0.008443452212911021,0.08483378092447916,0.8564088176935911,0.028852297458797693,0.0529937744140625,0.3598373606801033,3.7622485160827637
86251.24088978209,1824,119537664,119537664,941.6982023247247,1607.16493196753,1818,100,25.479999923706053,13.157112351328179,50.0,0.0,23.29000015258789,13.8400107488887,60.0,0.0,-0.0004600954343914055,0.20791138242930174,0.0015406885043679115,2.374686077237129,0.009425863584207642,0.09295145670572916,0.8359706345945597,0.026660731799590092,0.0519256591796875,0.3750818222761154,3.762519598007202
86311.24152900651,1825,119655168,119603200,1958.3791359370496,1092.2550300651083,1818,100,25.479999923706053,13.157112351328179,50.0,0.0,23.29000015258789,13.8400107488887,60.0,0.0,0.0002444623338912303,0.20370201657836634,0.0015111741340660956,2.380562268197537,0.00852197904229494,0.086517333984375,0.8456056589881579,0.0283446612690265,0.0504302978515625,0.35636646300554276,3.762533187866211
86392.89071584307,1827,119734272,119734272,968.8277748356451,1605.3068631580913,1821,100,29.570000076293944,13.471640397943512,63.0,0.0,24.43000011444092,14.463924003291343,54.0,0.0,0.0019499464566858173,0.20756027956182757,0.0015656735789283023,2.361334626873334,0.008819754040814587,0.09088643391927084,0.8372133231411378,0.02880895291067039,0.053436279296875,0.37357190251350403,3.7629234790802
86452.89075690694,1828,119854336,119799808,2001.0652971417476,1092.2659191221478,1821,100,29.570000076293944,13.471640397943512,63.0,0.0,24.43000011444092,14.463924003291343,54.0,0.0,-4.282428320342055e-05,0.18673456087708473,0.0015345024488245447,2.3637326434254646,0.008971731029911703,0.091522216796875,0.8607191139211258,0.02901904700168719,0.053985595703125,0.3915511965751648,3.7631266117095947
86534.90341202728,1830,119930880,119930880,933.319374768218,1598.1923741850424,1825,100,26.059999847412108,13.375215774666882,61.0,0.0,22.620000076293945,13.265579528675397,49.0,0.0,0.0025477604406963414,0.19804390768210095,0.0015012253146172345,2.3710826685031257,0.009366899568703957,0.08730061848958333,0.820420702919364,0.02819492188670362,0.0555267333984375,0.3938739225268364,3.763498544692993
86594.90350966714,1831,120051712,119996416,2013.863389444386,1092.2648891901756,1825,100,26.059999847412108,13.375215774666882,61.0,0.0,22.620000076293945,13.265579528675397,49.0,0.0,0.0019680028126458637,0.20339035227273902,0.0015031567988141128,2.359601135055224,0.00737501816850757,0.07569376627604166,0.8500504953165848,0.029019936686381698,0.0547332763671875,0.3684895411133766,3.7638416290283203
86675.57339493558,1833,120127488,120127488,939.3344213624437,1624.7946747890917,1828,100,28.95,12.819809018472407,63.0,1.0,25.050000190734863,14.255087115826317,55.0,0.0,0.001902471868864571,0.19526281782115498,0.0014970970987633336,2.378107520441214,0.008281526676607124,0.08967081705729167,0.8494227696210145,0.026711775145183008,0.05389404296875,0.3698233664035797,3.7641937732696533
86735.57385283895,1834,120247552,120193024,2001.0513951970345,1092.2583308538185,1828,100,28.95,12.819809018472407,63.0,1.0,25.050000190734863,14.255087115826317,55.0,0.0,-0.0005742587575999398,0.21404775247598687,0.0015067609820107464,2.387045256793499,0.0073806453292490914,0.08156331380208334,0.8193478832642237,0.025428264731696494,0.0529022216796875,0.3680045008659363,3.7643232345581055
86817.58532650769,1836,120324096,120324096,933.3328201024234,1598.2153976335812,1832,100,28.599999809265135,12.653062812744798,62.0,0.0,25.239999771118164,14.340934458543321,52.0,0.0,-0.00101296445063781,0.21663792602096996,0.001491915622561161,2.381962843239307,0.007904090906473963,0.07787577311197917,0.8345367852598429,0.025029589247424155,0.0514984130859375,0.3561137616634369,3.7646067142486572
86877.58556811325,1837,120445696,120389632,2026.6585058004457,1092.2622683892928,1832,100,28.599999809265135,12.653062812744798,62.0,0.0,25.239999771118164,14.340934458543321,52.0,0.0,-0.0010054164959001355,0.21056019809717935,0.0014758017156661176,2.3815997093915935,0.008139895746353432,0.08306884765625,0.8424744661897421,0.026513802644331008,0.0521087646484375,0.3513958305120468,3.7647156715393066
86959.14921465516,1839,120520704,120520704,919.6253868009688,1606.9904370037407,1832,100,28.599999809265135,12.653062812744798,62.0,0.0,25.239999771118164,14.340934458543321,52.0,0.0,0.009967263198632281,0.21842131298035383,0.001536489790548027,2.360768601298332,0.009794314006891607,0.09900919596354166,0.8596120203534762,0.029706753829183676,0.0538482666015625,0.35871049016714096,3.765115976333618
87019.14925178327,1840,120643840,120586240,2052.265396721222,1092.2659907705463,1835,100,29.01999988555908,14.608203038121456,66.0,0.0,25.550000190734863,15.514106780948845,53.0,0.0,-0.00029598795663332567,0.224086360540241,0.001517377647057098,2.3740080446004868,0.00801935338616507,0.08497111002604167,0.8423057043304045,0.027242337877396494,0.0543365478515625,0.3675631359219551,3.765317916870117
87099.81121275574,1842,120717312,120717312,910.8630525988985,1624.9542959255612,1835,100,29.01999988555908,14.608203038121456,66.0,0.0,25.550000190734863,15.514106780948845,53.0,0.0,-8.591200942949702e-05,0.19882770371623337,0.0015079016642024121,2.3756471102436385,0.007840583912790558,0.08007303873697917,0.8596902682135502,0.028074618137907237,0.0551605224609375,0.39317236095666885,3.765933036804199
87159.81185211428,1843,120842240,120782848,2082.1111464077812,1092.2550276237541,1839,100,24.479999923706053,15.199657688306063,53.0,0.0,24.160000038146972,14.97045109208654,51.0,0.0,0.0017431728726175302,0.20395433406035104,0.0014971751297707667,2.3778286452094712,0.009767058658932608,0.0961151123046875,0.8618432289610306,0.02847993168203781,0.05133056640625,0.3535107225179672,3.766050338745117
87240.74231934547,1845,120913920,120913920,885.6985811687858,1619.563119851494,1839,100,24.479999923706053,15.199657688306063,53.0,0.0,24.160000038146972,14.97045109208654,51.0,0.0,3.438655888506517e-05,0.20741425974604985,0.001517096693229784,2.381022110581398,0.008643658857181435,0.0850982666015625,0.8446439175556103,0.028060708893463016,0.0550689697265625,0.3847320228815079,3.7663040161132812
87300.74259196594,1846,121034240,120979456,2005.3242217928248,1092.261703785028,1839,100,24.479999923706053,15.199657688306063,53.0,0.0,24.160000038146972,14.97045109208654,51.0,0.0,0.0011574398595257662,0.20950425633539757,0.001519762066891417,2.373009038468202,0.008817875810564148,0.08653259277343751,0.8445193419853846,0.028926197458834697,0.052459716796875,0.36747511476278305,3.7665047645568848
87382.64116170257,1848,121110528,121110528,931.4936786482077,1600.41866935531,1843,100,28.939999771118163,14.073961700021156,55.0,0.0,21.840000057220458,13.336206027183659,49.0,0.0,0.0010474352287322593,0.22543526363248628,0.0014978116584340266,2.3738276859124503,0.010105472882666316,0.09407552083333333,0.8492267138014238,0.028786367212887853,0.0550537109375,0.3712896332144737,3.767230749130249
87442.64123798348,1849,121231872,121176064,2022.3974288281704,1092.2652780169021,1843,100,28.939999771118163,14.073961700021156,55.0,0.0,21.840000057220458,13.336206027183659,49.0,0.0,1.3506144265799464e-05,0.20053619782750803,0.0015149167156778276,2.3827703769008317,0.008042364998497458,0.0871429443359375,0.8390121608972549,0.026709209079854194,0.0516357421875,0.3670436218380928,3.7673912048339844
87523.73911596276,1851,121307136,121307136,928.0637406965299,1616.2198477436166,1847,100,26.190000343322755,14.043998819126047,51.0,0.0,26.910000228881835,13.784843005007644,54.0,0.0,-0.00027048864285461605,0.2446313858963549,0.0014909152438728295,2.4024143765370054,0.008264207462464887,0.07890828450520833,0.8372648314883312,0.02431660438499724,0.051300048828125,0.35987845063209534,3.7677066326141357
87583.73947205022,1852,121426176,121372672,1983.9882254444988,1092.2601843307348,1847,100,26.190000343322755,14.043998819126047,51.0,0.0,26.910000228881835,13.784843005007644,54.0,0.0,-0.0008794284294708632,0.24269990824783844,0.0015280112202162854,2.401099875569343,0.008395961105028011,0.082244873046875,0.8187726270407438,0.02487331407610327,0.049560546875,0.3435079902410507,3.767781972885132
87664.98808263801,1854,121503744,121503744,954.6994027200792,1613.2214329791439,1847,100,26.190000343322755,14.043998819126047,51.0,0.0,26.910000228881835,13.784843005007644,54.0,0.0,-0.00017104808769848506,0.22174196348836026,0.0015435045570484363,2.3922924151023226,0.00857865262090248,0.08823140462239583,0.8342192564159632,0.02561048362016057,0.053985595703125,0.3725517764687538,3.768200635910034
87724.98835918866,1855,121627392,121569280,2060.790501450768,1092.2616322389163,1850,100,27.47999973297119,13.330025946204655,50.0,0.0,22.429999828338623,14.572751912087234,61.0,0.0,-0.0005295540225536872,0.19461899204179642,0.001475311040849192,2.3987218886613846,0.008280634410160321,0.076416015625,0.8492059167474508,0.02538298217890163,0.0537567138671875,0.37072421610355377,3.7684366703033447
87804.81228013895,1857,121700352,121700352,914.011728958194,1642.0140534266502,1850,100,27.47999973297119,13.330025946204655,50.0,0.0,22.429999828338623,14.572751912087234,61.0,0.0,-0.0012139982378964003,0.2125165487329165,0.0014684769424396411,2.3843466341495514,0.008099325745812772,0.08510843912760417,0.8467647122840086,0.026303872795930754,0.055633544921875,0.3903370127081871,3.7689192295074463
87864.81270745397,1858,121820160,121765888,1996.7857790576936,1092.2588876896787,1854,100,24.75999984741211,15.14603572647662,61.0,1.0,23.799999809265138,15.002666436327678,64.0,0.0,0.00011845617215537152,0.2289891194862624,0.0015019001002656296,2.392647137244542,0.007976906691813687,0.08717854817708334,0.8291369521369536,0.026113240067691855,0.0511474609375,0.36554041504859924,3.7690086364746094
87947.01181569509,1860,121896960,121896960,934.3167054162194,1594.567177243681,1854,100,24.75999984741211,15.14603572647662,61.0,1.0,23.799999809265138,15.002666436327678,64.0,0.0,-0.000751569474232383,0.2029029329617818,0.0014767044303880539,2.386060766875744,0.008334466087641582,0.0789947509765625,0.8370810821652414,0.026958704091763746,0.0540924072265625,0.37309152632951736,3.7694270610809326
88007.01197408698,1861,122018560,121962496,2026.6613165546298,1092.2637832378637,1854,100,24.75999984741211,15.14603572647662,61.0,1.0,23.799999809265138,15.002666436327678,64.0,0.0,-0.00133136787917465,0.2093015469921132,0.0014807897083907544,2.386421367526054,0.007707992953631521,0.08501180013020834,0.8381865614404281,0.02576794669342538,0.0541229248046875,0.3768889382481575,3.7695701122283936
88088.3867101632,1863,122093568,122093568,921.7602860148465,1610.721045868947,1858,100,28.539999961853027,13.463595132484013,60.0,1.0,21.619999885559082,13.783163359485476,44.0,0.0,-0.00011997530479372168,0.2210651080434521,0.0014546180718753021,2.3874104445179305,0.008975441773145574,0.08555094401041667,0.8214827173699936,0.025394168585383646,0.0519561767578125,0.3569794222712517,3.7697482109069824
88148.38695934601,1864,122215168,122159104,2026.6582498601945,1092.262130450968,1858,100,28.539999961853027,13.463595132484013,60.0,1.0,21.619999885559082,13.783163359485476,44.0,0.0,-0.00025383765993562224,0.19850312538134557,0.0014598145983957995,2.38369911412398,0.007562998588885724,0.0851287841796875,0.8485791962593794,0.02683735196478665,0.051971435546875,0.3544796109199524,3.7699179649353027
88230.23205665685,1866,122290176,122290176,916.4629582530235,1601.4642819984574,1861,100,26.42000036239624,14.13023721236988,52.0,1.0,23.2,14.083323449048757,54.0,1.0,-0.0006357986276270822,0.21111921888465685,0.0014802914156462066,2.3689408029119177,0.008084784015712406,0.08258056640625,0.8546929098665714,0.02847641883029913,0.0537109375,0.3628906384110451,3.7703917026519775
88290.23297756165,1867,122410240,122355712,2001.035953939741,1092.2499023636965,1861,100,26.42000036239624,14.13023721236988,52.0,1.0,23.2,14.083323449048757,54.0,1.0,0.001256446846430966,0.1827099844813347,0.001413538203147861,2.3819063529372215,0.007544692323790514,0.08551025390625,0.8407876801987489,0.02718425914645195,0.052947998046875,0.3802424892783165,3.770496368408203
88372.11180366762,1869,122486784,122486784,934.8448633220162,1600.8045820096063,1864,100,27.310000038146974,14.522186440064527,62.0,2.0,25.42000045776367,14.685489365688264,55.0,0.0,-0.00024897109930558753,0.18695512708897394,0.001419047343612571,2.3805948098500567,0.006320665295788785,0.062744140625,0.8524017706513405,0.026927099272143096,0.0541229248046875,0.38885706663131714,3.770892858505249
88432.11205561459,1870,122606080,122552320,1988.258317738994,1092.2620801312928,1864,100,27.310000038146974,14.522186440064527,62.0,2.0,25.42000045776367,14.685489365688264,55.0,0.0,-0.000715419795596972,0.2139525592016677,0.0014200282991320516,2.364056130250295,0.006869289297659028,0.07184346516927084,0.8212566791723173,0.028469170443713665,0.0558319091796875,0.3822549283504486,3.7712361812591553
88513.41492521763,1872,122683392,122683392,950.9135455793468,1612.1448189954488,1864,100,27.310000038146974,14.522186440064527,62.0,2.0,25.42000045776367,14.685489365688264,55.0,0.0,-0.0011663210486100677,0.2208374406521519,0.0014380965852372658,2.37399194141229,0.008634176353856068,0.08565775553385416,0.8194282253583272,0.026546894475662462,0.0533294677734375,0.3688768595457077,3.7714896202087402
88573.41499422118,1873,122805248,122748928,2030.9309976424481,1092.265410496779,1868,100,27.76999988555908,14.43388715315244,52.0,0.0,25.14000005722046,14.451311241926346,53.0,0.0,0.0005554878589464352,0.21822431947415075,0.0014684610505355522,2.3739588608344393,0.009058779613648463,0.09172566731770833,0.8324600048363209,0.02746079351830607,0.0509490966796875,0.35443850606679916,3.771676540374756
88654.22366701066,1875,122880000,122880000,925.0492233022737,1622.00411757111,1868,100,27.76999988555908,14.43388715315244,52.0,0.0,25.14000005722046,14.451311241926346,53.0,0.0,-0.00010748400624531013,0.19543246366083622,0.0014477255244855767,2.3842024008433027,0.008788182560844387,0.089385986328125,0.8507931356628735,0.02639127538229028,0.051055908203125,0.3560991585254669,3.7720487117767334
88714.22912853397,1876,122996736,122945536,1945.4229171231932,1092.1672517182838,1872,100,28.40000009536743,14.711220421871891,50.0,0.0,23.15,14.07435609714157,56.0,0.0,0.0005330770266785597,0.21634295070543882,0.0014254112841930084,2.37738120307525,0.006415495366430454,0.06700134277343751,0.8378828999896843,0.02630605843539039,0.05426025390625,0.37587645649909973,3.772310733795166
88795.65259188227,1878,123076608,123076608,980.9457460478844,1609.7571217196053,1872,100,28.40000009536743,14.711220421871891,50.0,0.0,23.15,14.07435609714157,56.0,0.0,0.00022840122983325273,0.20612367545254529,0.001461189858673606,2.3928800324598947,0.007907257868888944,0.08061726888020834,0.8206844907253981,0.025616908329539,0.052398681640625,0.3731132224202156,3.772533893585205
88855.65286367014,1879,123196672,123142144,2001.0576022803773,1092.2617189419543,1875,100,26.920000076293945,14.108635824662182,51.0,1.0,23.560000228881837,13.880432458232837,55.0,0.0,-0.0008276507990861622,0.21137164315829676,0.0014382522846669112,2.3755772809187574,0.007956529518802807,0.08057149251302084,0.8356468422959249,0.026071503253964085,0.0515289306640625,0.3575911894440651,3.7726223468780518
88937.2456412185,1881,123273216,123273216,938.1222492963232,1606.4166944472156,1875,100,26.920000076293945,14.108635824662182,51.0,1.0,23.560000228881837,13.880432458232837,55.0,0.0,-0.0009179440336689974,0.21994981650883955,0.0014454024300600092,2.376767391959826,0.008241317334977794,0.08550008138020833,0.8177262830237547,0.026469412686613698,0.05279541015625,0.3595542088150978,3.7730159759521484
88997.2456748914,1882,123392768,123338752,1992.5322150943991,1092.2660536705914,1875,100,26.920000076293945,14.108635824662182,51.0,1.0,23.560000228881837,13.880432458232837,55.0,0.0,0.0007698278301783527,0.19673260735968748,0.0014492768241325393,2.3763739267985025,0.007142214139093994,0.07476806640625001,0.8181492295116186,0.028131457918789238,0.052459716796875,0.36674898117780685,3.7731494903564453
89078.80575929396,1884,123469824,123469824,944.7758736941701,1607.0606223635052,1879,100,27.1,14.386452027619097,48.0,2.0,24.9,14.735331594623219,61.0,0.0,-0.0016343387324013747,0.20284142453844348,0.001474163154246829,2.3708931480844813,0.009163154167254106,0.083221435546875,0.8413185179233551,0.026656144841884572,0.056793212890625,0.39104826003313065,3.773618459701538
89138.80604556203,1885,123590656,123535360,2013.8570582837665,1092.261455340348,1879,100,27.1,14.386452027619097,48.0,2.0,24.9,14.735331594623219,61.0,0.0,0.0028564144328508214,0.2168487394228578,0.0014788061307626776,2.3641444022456803,0.010089314419019502,0.10056050618489583,0.8246859560410182,0.02914995746687055,0.0524139404296875,0.36691730469465256,3.7737269401550293
89219.86015016772,1887,123666432,123666432,934.8817110328162,1617.0926893540604,1882,100,24.830000114440917,14.753341843018903,66.0,0.0,23.899999618530273,14.890601063191497,54.0,0.0,0.0011552421419764869,0.1964556573269268,0.001499753993509027,2.3671153262257576,0.008418227986718799,0.08514912923177083,0.8379091663906971,0.028045166342053562,0.0531768798828125,0.3754107877612114,3.774134635925293
89279.86291824654,1888,123784448,123731968,1966.8425937446018,1092.216277654269,1882,100,24.830000114440917,14.753341843018903,66.0,0.0,23.899999618530273,14.890601063191497,54.0,0.0,-0.0005025287585643431,0.21532208767409128,0.0014969360369529263,2.36414847522974,0.008050576170110919,0.089813232421875,0.8334635080148777,0.029003001497282337,0.052642822265625,0.3704996407032013,3.7742092609405518
89361.12484969571,1890,123863040,123863040,967.1441300795959,1612.9569856702055,1886,100,26.45,14.370369073104712,51.0,0.0,23.649999713897706,15.197614798547828,52.0,0.0,0.0002506143112744515,0.2037910520254324,0.0014340029192680959,2.3650890414913497,0.008734619757281811,0.08770243326822917,0.8308009039610624,0.027723248950981848,0.0517120361328125,0.36376989632844925,3.7744948863983154
89421.12521823123,1891,123980800,123928576,1962.6546115344136,1092.2599577234998,1886,100,26.45,14.370369073104712,51.0,0.0,23.649999713897706,15.197614798547828,52.0,0.0,0.000863808212064517,0.23506231093779206,0.0014481689601476926,2.367416496078173,0.008759592431791436,0.09151204427083333,0.8197194008777539,0.026837480623119823,0.050933837890625,0.3551221191883087,3.774552583694458
89502.61595421284,1893,124059648,124059648,967.5701053649868,1608.4282271002378,1886,100,26.45,14.370369073104712,51.0,0.0,23.649999713897706,15.197614798547828,52.0,0.0,-0.0010222636847174726,0.20925591800672314,0.0014286836582565836,2.370902148385843,0.008046714101510588,0.0904693603515625,0.838592067360878,0.028164340959240995,0.052276611328125,0.37066441029310226,3.7746880054473877
89562.6162356995,1894,124176128,124125184,1941.3242257187876,1092.2615423824386,1889,100,30.060000038146974,13.378953671129112,61.0,2.0,24.489999961853027,14.274799350587697,59.0,0.0,0.0009772497360245325,0.22171808530886966,0.0014750764967175203,2.355605604747931,0.008636051215338131,0.0953826904296875,0.82568013916413,0.02995583383987347,0.052276611328125,0.36265966296195984,3.774731159210205
89644.72615945712,1896,124256256,124256256,975.8625551344644,1596.2991317215522,1889,100,30.060000038146974,13.378953671129112,61.0,2.0,24.489999961853027,14.274799350587697,59.0,0.0,0.0007775193710889046,0.24420746873753765,0.0014631299491156824,2.3598467856645584,0.009178229894435693,0.09674072265625,0.816778963431716,0.02863959197808678,0.0537109375,0.37603189051151276,3.77492356300354
89704.72642863356,1897,124376832,124321792,2009.5909844242678,1092.2617664811307,1893,100,28.0,13.992855136405263,63.0,0.0,24.489999961853027,14.303492661185272,52.0,0.0,0.002907420794751185,0.21429825713858008,0.0014662577147343352,2.361948120097319,0.01051800599937754,0.09871927897135416,0.8243216220289469,0.02938927032907183,0.0538482666015625,0.3883716091513634,3.7750957012176514
89785.58657380193,1899,124452864,124452864,940.2901743705125,1620.9716137296377,1893,100,28.0,13.992855136405263,63.0,0.0,24.489999961853027,14.303492661185272,52.0,0.0,0.0012037340153862412,0.20315244980156422,0.0014240406514242447,2.3697570164998374,0.0073837978270603335,0.08175150553385417,0.8321293604870637,0.028093329650194693,0.0540618896484375,0.37811387330293655,3.775538444519043
89845.58657580614,1900,124577792,124518400,2082.1332637829273,1092.2666301812078,1893,100,28.0,13.992855136405263,63.0,0.0,24.489999961853027,14.303492661185272,52.0,0.0,-0.0008157894990290515,0.19347817784485719,0.0014216887878622706,2.3743635887900987,0.007986321883436176,0.08819071451822917,0.8166654072701931,0.027223195609015722,0.05322265625,0.3786788731813431,3.775648593902588
89926.50452688523,1902,124649472,124649472,885.8355784360293,1619.813629140168,1896,100,27.329999923706055,14.512790965289243,69.0,1.0,26.320000076293944,14.898912484149992,56.0,0.0,0.005344717889480914,0.19577730633318421,0.0014810106889247738,2.371353805065155,0.007903486478123039,0.08772786458333334,0.8111301058282454,0.027411095584587503,0.05682373046875,0.38471006602048874,3.776203155517578
89986.50470716693,1903,124774400,124715008,2082.1270771765603,1092.2633847483594,1896,100,27.329999923706055,14.512790965289243,69.0,1.0,26.320000076293944,14.898912484149992,56.0,0.0,-0.00044863120031853515,0.20089827935832244,0.001443840773087383,2.3652683769663176,0.007951882091826217,0.080810546875,0.8238841146230698,0.027566348648785304,0.05474853515625,0.37187575548887253,3.77651047706604
90067.29360058717,1905,124846080,124846080,887.2506722815672,1622.4012293148655,1900,100,27.169999885559083,13.919809572874344,49.0,0.0,25.35999984741211,13.957449789916472,60.0,0.0,0.000998232668886582,0.24112133573119843,0.0014256080260868962,2.383542880415916,0.008679292822610781,0.08738199869791666,0.7771816744158666,0.02610038168495521,0.0523223876953125,0.35275232046842575,3.776874542236328
90127.29422896728,1906,124967936,124911616,2030.9120635877407,1092.2552274757597,1900,100,27.169999885559083,13.919809572874344,49.0,0.0,25.35999984741211,13.957449789916472,60.0,0.0,-0.0009551037704416861,0.2309698803971211,0.001459993698517792,2.3842582975824675,0.007603443113112008,0.0858001708984375,0.8146300110965967,0.026119873975403607,0.052001953125,0.35791660100221634,3.777024030685425
90208.94056088664,1908,125042688,125042688,915.5585834992958,1605.3629957247927,1904,100,28.489999961853027,13.844489716879817,54.0,0.0,22.00999984741211,15.07613692004995,56.0,0.0,0.000731021456886083,0.17716875742189586,0.001411357886051216,2.3803178668022156,0.007192160886916098,0.07830810546874999,0.8443144957224528,0.027490876556839794,0.0526123046875,0.3689480423927307,3.777399778366089
90268.94083730318,1909,125168384,125108224,2094.9236821407317,1092.2616346803002,1904,100,28.489999961853027,13.844489716879817,54.0,0.0,22.00999984741211,15.07613692004995,56.0,0.0,0.0019027459226587475,0.18869114209276933,0.001419481360547555,2.3791290124257403,0.008759236274878882,0.08820088704427084,0.8224812410771847,0.027499702526256442,0.0532684326171875,0.37187664955854416,3.7775278091430664
90349.5635549631,1911,125239296,125239296,879.5535806559906,1625.7452465554773,1907,100,27.480000305175782,14.118413551955557,63.0,1.0,23.09000015258789,14.878907884727798,55.0,0.0,0.0016290377874004966,0.21688044521336752,0.0014426931981385374,2.369303065041701,0.008725159994355636,0.09234110514322916,0.8029040507972239,0.028078928589820865,0.051788330078125,0.35496579110622406,3.7777411937713623
90409.56391579285,1912,125357824,125304832,1975.454786618867,1092.2600980009286,1907,100,27.480000305175782,14.118413551955557,63.0,1.0,23.09000015258789,14.878907884727798,55.0,0.0,0.0004856023782243331,0.20402572055657706,0.0014679963569506072,2.3567378347118697,0.007691503432094276,0.08122253417968751,0.8333332060525814,0.028468024218454957,0.0529937744140625,0.38137660920619965,3.777923822402954
90490.77555793524,1914,125435904,125435904,961.4385073399371,1613.9557893706485,1907,100,27.480000305175782,14.118413551955557,63.0,1.0,23.09000015258789,14.878907884727798,55.0,0.0,0.0005288642278173938,0.18016287265345457,0.0014110962062356216,2.379066770275434,0.008294665281937341,0.08421834309895833,0.8484895173460245,0.026888320843378704,0.0536651611328125,0.375953808426857,3.778330087661743
90550.77572799101,1915,125556736,125501440,2013.86095885517,1092.263570904499,1910,100,28.120000076293945,14.299846027826035,52.0,2.0,24.789999961853027,13.84290059679007,53.0,1.0,-0.00010042421975716329,0.20885995084730286,0.0014545109443133695,2.362204318245252,0.006930080788151827,0.07124837239583333,0.8308309794714054,0.02709359520425399,0.0558319091796875,0.37235334515571594,3.778649091720581
90632.01247827709,1917,125632512,125632512,932.7798038838008,1613.456958069277,1910,100,28.120000076293945,14.299846027826035,52.0,2.0,24.789999961853027,13.84290059679007,53.0,1.0,0.002829721214463158,0.1887956679177781,0.0014314540688549946,2.3710804929335914,0.008592776033765404,0.0859222412109375,0.8275473633160194,0.026823712706876297,0.0540924072265625,0.37279586493968964,3.779189109802246
90692.01278289035,1918,125753856,125698048,2022.3897325544283,1092.2611213796067,1910,100,28.120000076293945,14.299846027826035,52.0,2.0,24.789999961853027,13.84290059679007,53.0,1.0,-0.000808865394598494,0.19300629547797143,0.0014366878094733693,2.362193788091342,0.0076194787404044,0.07696024576822917,0.8361765127629042,0.0276355014842314,0.054962158203125,0.38757263123989105,3.779308319091797
90773.57287359424,1920,125829120,125829120,922.8042704519767,1607.0604982020818,1914,100,27.269999694824218,15.242607988689873,61.0,0.0,25.81999969482422,15.20616961531258,59.0,0.0,0.001029832169782215,0.19477962904299298,0.0014518544157908764,2.3639781028032303,0.008929050093380889,0.0873260498046875,0.8328806708256403,0.026864782984678943,0.053192138671875,0.374665342271328,3.7796835899353027
90833.5730378665,1921,125947904,125894656,1979.727913093572,1092.263676189557,1914,100,27.269999694824218,15.242607988689873,61.0,0.0,25.81999969482422,15.20616961531258,59.0,0.0,-0.0002912233127669121,0.19717358704656363,0.0014648641299572773,2.3640213385224342,0.009023099698121465,0.09282938639322916,0.8387339649101099,0.02679674515578275,0.053436279296875,0.3826693668961525,3.779841899871826
90915.7958112061,1923,126025728,126025728,946.5017639160454,1594.108233963866,1918,100,26.360000228881837,14.31189700851357,50.0,0.0,24.779999828338624,14.857038413734188,56.0,0.0,-0.0014316758218531809,0.2154103183808426,0.0014527276859250073,2.368076922992865,0.00758316171838184,0.075286865234375,0.8221469235916933,0.025975413581666846,0.0526580810546875,0.3629452809691429,3.7801623344421387
90975.7960302066,1924,126143744,126091264,1966.926154036368,1092.2626798987205,1918,100,26.360000228881837,14.31189700851357,50.0,0.0,24.779999828338624,14.857038413734188,56.0,0.0,0.000535525689580633,0.23003568469236296,0.0014596615328628106,2.363872473438581,0.008128750856485567,0.0842742919921875,0.8075397120167812,0.02586277745043238,0.0546722412109375,0.37055299431085587,3.78049373626709
91057.07518094964,1926,126222336,126222336,966.9392369571768,1612.615274664738,1921,100,29.379999923706055,14.257475363601644,61.0,1.0,26.349999809265135,14.68630332633987,62.0,0.0,0.000817399571436302,0.18883430057515702,0.0014828866599903754,2.3667565609018006,0.008651973599019888,0.09081013997395833,0.8595458976924419,0.026765728272342436,0.0526123046875,0.3555346429347992,3.7808220386505127
91117.07533647493,1927,126348288,126287872,2099.194558702904,1092.2638354226492,1921,100,29.379999923706055,14.257475363601644,61.0,1.0,26.349999809265135,14.68630332633987,62.0,0.0,0.00010389464781231556,0.23158159727851552,0.0014534655504879386,2.3665929734706874,0.008456496895329716,0.08794657389322916,0.8411944812784592,0.027434771434248734,0.051544189453125,0.35962820798158646,3.780916690826416
91197.8935764432,1929,126418944,126418944,874.2580886163836,1621.8121064187985,1921,100,29.379999923706055,14.257475363601644,61.0,1.0,26.349999809265135,14.68630332633987,62.0,0.0,-0.0015247441818549607,0.1944964184270551,0.0014473776973318309,2.379364257057508,0.007471309013756885,0.07918294270833333,0.8554798898597559,0.025546116133530937,0.0521087646484375,0.37362972646951675,3.781116247177124
91257.89685967937,1930,126542848,126484480,2064.9536711567594,1092.2069004465504,1925,100,27.239999961853027,13.387396841533352,48.0,0.0,24.04000015258789,14.454010045777334,54.0,0.0,0.0001436539484226766,0.19328557179930309,0.0014026435637788381,2.3800509845217066,0.007296682940553486,0.0796051025390625,0.8615099812547367,0.026533827437863998,0.05328369140625,0.3712058365345001,3.7812721729278564
91338.88915577903,1932,126615552,126615552,897.6656237839726,1618.3267583711056,1925,100,27.239999961853027,13.387396841533352,48.0,0.0,24.04000015258789,14.454010045777334,54.0,0.0,0.0036187201767461374,0.17669768522803983,0.0014472317452600694,2.3683756937583285,0.0066647324523122125,0.07593790690104167,0.8703428190201521,0.028835821916194014,0.0578460693359375,0.4154500290751457,3.7816669940948486
91398.88971934654,1933,126735872,126681088,2005.3144978318858,1092.256407329708,1929,100,28.47999973297119,14.263576055924256,59.0,1.0,26.959999656677248,15.026589500570255,55.0,2.0,-0.00044433126943962026,0.18894600161972144,0.0014750880133457636,2.3722078700860343,0.008674391297972763,0.08863321940104166,0.8611548189073802,0.02800142605944226,0.0532379150390625,0.3736902177333832,3.7817764282226562
91480.08460335061,1935,126812160,126812160,939.5665864388043,1614.2889001901606,1929,100,28.47999973297119,14.263576055924256,59.0,1.0,26.959999656677248,15.026589500570255,55.0,2.0,-0.0003168472248944454,0.2003250257888188,0.0014500517063424923,2.384795183936755,0.008315509686629715,0.08145141601562499,0.8279531995455424,0.02567943298102667,0.0520477294921875,0.3668504133820534,3.7820465564727783
91540.08461823128,1936,126932480,126877696,2005.3328359883271,1092.2663957723653,1929,100,28.47999973297119,14.263576055924256,59.0,1.0,26.959999656677248,15.026589500570255,55.0,2.0,-0.00034010063973255455,0.19399715478842455,0.001469405729343028,2.3805995633204775,0.00752034613530365,0.07876078287760417,0.8633448674033085,0.027653093333356082,0.05322265625,0.3786633312702179,3.7821991443634033
91621.46831753477,1938,127008768,127008768,937.386732882586,1610.5436484425638,1932,100,26.829999923706055,14.579475184669462,63.0,0.0,24.810000038146974,13.939651811719168,51.0,0.0,0.00019209141949734962,0.21160331787541511,0.0014597663212043697,2.3868413691719375,0.007710636075595781,0.07770792643229167,0.841265793889761,0.026333367238597326,0.053619384765625,0.36691440641880035,3.782548189163208
91681.46838053875,1939,127127296,127074304,1975.4645922980633,1092.2655197155598,1932,100,26.829999923706055,14.579475184669462,63.0,0.0,24.810000038146974,13.939651811719168,51.0,0.0,-0.0005871229028950135,0.20363726854945222,0.0014881352775167518,2.394999124109745,0.007532658221559055,0.0770416259765625,0.8492547702044249,0.026019455147131033,0.0539398193359375,0.376083068549633,3.78277850151062
91763.26731272228,1941,127205376,127205376,954.5356878841686,1602.3681055629322,1936,100,26.5,15.020319355618064,62.0,0.0,25.02000026702881,15.03993351309638,55.0,0.0,-0.0005549961812600183,0.20723344990983605,0.001486516367246319,2.377631415923436,0.007954871072797687,0.0806732177734375,0.832822480549415,0.027787784250297893,0.053985595703125,0.37021833658218384,3.783090353012085
91823.26757373847,1942,127322880,127270912,1958.391480468619,1092.2619150326066,1936,100,26.5,15.020319355618064,62.0,0.0,25.02000026702881,15.03993351309638,55.0,0.0,0.0009468731586821376,0.21964382768298188,0.0014956550706604805,2.369762947161992,0.009684978279741092,0.10087585449218751,0.8437236982087294,0.02751555972887824,0.05517578125,0.37141165137290955,3.783322811126709
91904.94956929795,1944,127401984,127401984,968.4386315267435,1604.6620690669665,1940,100,28.36000003814697,13.960315255177322,50.0,0.0,25.20999984741211,14.458419756240005,57.0,0.0,-0.000941583053645445,0.2101963072394331,0.0014364814342116006,2.3805600504080457,0.0077856255653993385,0.08040364583333333,0.8324704132974147,0.02594611915992573,0.052032470703125,0.37757599353790283,3.783679962158203
91964.94977840409,1945,127525888,127467520,2065.0594697233523,1092.2628600189632,1940,100,28.36000003814697,13.960315255177322,50.0,0.0,25.20999984741211,14.458419756240005,57.0,0.0,-0.001402153912446617,0.2231104333574573,0.0014751519617372348,2.389360594252745,0.007628634180946392,0.08291117350260417,0.824117229009668,0.025021070478639256,0.052398681640625,0.35651519894599915,3.7838521003723145
92045.98487733118,1947,127598592,127598592,897.1914758246827,1617.4719564163292,1940,100,28.36000003814697,13.960315255177322,50.0,0.0,25.20999984741211,14.458419756240005,57.0,0.0,-0.0007231902200146578,0.22342711112772423,0.0014797845021045457,2.37995898971955,0.009349826509302753,0.09156290690104166,0.8167868877450626,0.02465673501137644,0.05279541015625,0.37856604158878326,3.783830165863037
92105.9853823632,1948,127719424,127664128,2013.8497156902415,1092.257472916741,1943,100,27.8600004196167,13.77462874349266,55.0,0.0,23.59999990463257,13.910427772692952,62.0,0.0,0.00011691450587629035,0.20305110064024726,0.001482895660349944,2.378243791560332,0.007809869193200332,0.08169047037760417,0.8443595090260109,0.026182606738681592,0.052947998046875,0.3688320964574814,3.7840218544006348
92187.22890134342,1950,127795200,127795200,932.7020905932064,1613.3225350801408,1943,100,27.8600004196167,13.77462874349266,55.0,0.0,23.59999990463257,13.910427772692952,62.0,0.0,0.0009819627957767807,0.2096843474234144,0.0014420378417222914,2.3851934671401973,0.008216462863856577,0.08330281575520833,0.8200718617687622,0.02540297183440998,0.0545501708984375,0.3657459244132042,3.7844078540802
92247.22912163474,1951,127914496,127860736,1988.2593667287756,1092.2626564003574,1947,100,28.1,14.465476008894589,51.0,0.0,22.460000038146973,14.25231215554663,53.0,1.0,-0.0008383682191682358,0.18531291784408194,0.0014047772541137724,2.39180630693833,0.007748933366504691,0.07424418131510417,0.8510126595695813,0.02516679586066554,0.0509796142578125,0.3699119836091995,3.784527540206909
92328.91907025687,1953,127991808,127991808,946.4077442086808,1604.5058444862402,1947,100,28.1,14.465476008894589,51.0,0.0,22.460000038146973,14.25231215554663,53.0,1.0,-0.0008059820635632302,0.2512005783307056,0.001472919491789071,2.381841344137986,0.007516060712077888,0.07372029622395833,0.7858186513185501,0.024923808542856328,0.0518798828125,0.3522214889526367,3.784775733947754
92388.91907563806,1954,128111104,128057344,1988.2664883462749,1092.2665687052497,1950,100,26.679999923706056,14.645736628987827,49.0,0.0,24.530000114440917,14.098549508800158,60.0,1.0,-0.002201397090781635,0.21683761849999425,0.001434283126097095,2.3906951074798903,0.007908579099724497,0.07946268717447917,0.8205527166525522,0.024320124318668,0.05340576171875,0.3741138055920601,3.7848684787750244
92471.17342890613,1956,128188416,128188416,939.9137787642123,1593.4962077062144,1950,100,26.679999923706056,14.645736628987827,49.0,0.0,24.530000114440917,14.098549508800158,60.0,1.0,-0.0009511326594899098,0.23648726458971703,0.0014592803915244683,2.380169602731864,0.008130044301045322,0.08032735188802083,0.8183367196470499,0.0244258795476829,0.0518341064453125,0.35136328637599945,3.7852091789245605
92531.17365779169,1957,128306944,128253952,1975.4591307654696,1092.2624999480781,1950,100,26.679999923706056,14.645736628987827,49.0,0.0,24.530000114440917,14.098549508800158,60.0,1.0,0.0005911791934825791,0.2022525043381999,0.0014784272801383245,2.386915055414041,0.007229052300317562,0.07346089680989583,0.8386874943971634,0.02546545201524471,0.0516204833984375,0.35855498164892197,3.7853400707244873
92612.64721257426,1959,128385024,128385024,958.3477756478667,1608.7674135465827,1954,100,28.59000015258789,14.261202928178326,64.0,1.0,22.830000114440917,13.868709443731591,56.0,1.0,-0.00032097996639398235,0.19701666594482958,0.0014537318929797036,2.3884280174970627,0.0067207100540448055,0.0673675537109375,0.8329992027332385,0.024990391354852665,0.0546722412109375,0.3888978362083435,3.7858059406280518
92672.64763225801,1960,128505856,128450560,2013.8525803131365,1092.2590266105149,1954,100,28.59000015258789,14.261202928178326,64.0,1.0,22.830000114440917,13.868709443731591,56.0,1.0,9.348428041751805e-05,0.1966973425199588,0.001444177288552358,2.391035263737043,0.007439512436879643,0.0757598876953125,0.8299324872593086,0.024439028406050056,0.05316162109375,0.3825604021549225,3.785919666290283
92754.01369778998,1962,128581632,128581632,931.2973351307897,1610.8926877937986,1957,100,28.289999961853027,13.923573441908516,59.0,0.0,23.85999984741211,14.907058825603427,55.0,0.0,-0.0003730307944351807,0.21066101361066103,0.0014247754152165726,2.399104577799638,0.007149011159829873,0.06790669759114584,0.8001127255459626,0.024343372477839388,0.0516204833984375,0.34994012117385864,3.7860872745513916
92814.01371458359,1963,128700416,128647168,1979.7327792190408,1092.2663609484362,1957,100,28.289999961853027,13.923573441908516,59.0,0.0,23.85999984741211,14.907058825603427,55.0,0.0,0.0016000680407159962,0.20495839370414615,0.001435926819491821,2.388553537428379,0.00658836926049844,0.06973775227864584,0.8268767179300388,0.025356005430997662,0.052978515625,0.3675355836749077,3.786212921142578
92895.1852717828,1965,128778240,128778240,958.7594803559773,1614.7528090205933,1961,100,26.710000038146973,14.945430620835502,62.0,0.0,22.6,14.704421268616873,57.0,0.0,-0.001252359616046306,0.20586409078290066,0.0014327063363452905,2.3848324939608574,0.0065595413767975215,0.06674702962239584,0.8291621388246616,0.02502942484958718,0.05303955078125,0.35960161685943604,3.786423444747925
92955.18552013859,1966,128894720,128843776,1941.3252976770027,1092.2621455061817,1961,100,26.710000038146973,14.945430620835502,62.0,0.0,22.6,14.704421268616873,57.0,0.0,0.0006334944215874808,0.23049487887571257,0.0014413381128785354,2.3765376582741737,0.007732642724173882,0.08044433593750001,0.8220790928850571,0.02562646734683464,0.0512847900390625,0.355587437748909,3.786499500274658
93037.33428096771,1968,128974848,128974848,975.4012013239701,1595.544457117804,1961,100,26.710000038146973,14.945430620835502,62.0,0.0,22.6,14.704421268616873,57.0,0.0,0.0014391989073677298,0.21909638975436488,0.0014044104876423564,2.3647607788443565,0.008035519456219237,0.07767232259114584,0.8203627442320188,0.026878552200893562,0.0529632568359375,0.35308142751455307,3.7868893146514893
93097.33428517543,1969,129096704,129040384,2030.9331909068526,1092.2665900675509,1964,100,28.629999923706055,12.927996634167378,55.0,0.0,23.860000133514404,14.318533277074858,58.0,1.0,1.4581019058823586e-06,0.2303641433827579,0.0014050771242182236,2.3565270180503526,0.008581475919224127,0.08394877115885417,0.830215700591604,0.026927026512566954,0.0550994873046875,0.3576900064945221,3.787144184112549
93178.56863116287,1971,129171456,129171456,920.2019058731453,1613.5047116679807,1964,100,28.629999923706055,12.927996634167378,55.0,0.0,23.860000133514404,14.318533277074858,58.0,1.0,0.0014282033189374488,0.2098453412763774,0.0013931706635048613,2.3631226917107897,0.008627605509294275,0.08353169759114583,0.8457198689381281,0.026555864761273067,0.054718017578125,0.37190666049718857,3.7876336574554443
93238.56875877455,1972,129292544,129236992,2018.129041052649,1092.2643435718355,1968,100,28.079999923706055,15.391348120932498,62.0,0.0,23.22000026702881,14.40803937440283,57.0,0.0,-4.1093779145739986e-05,0.21659953022996584,0.0013995012923260222,2.3656491612394652,0.008577963181475448,0.08322652180989583,0.8353632049014171,0.027082515375999112,0.0554656982421875,0.3769429549574852,3.787821054458618
93319.87398508191,1974,129368064,129368064,928.8455789361913,1612.0980895434914,1968,100,28.079999923706055,15.391348120932498,62.0,0.0,23.22000026702881,14.40803937440283,57.0,0.0,2.6577756216283888e-05,0.22452150549118718,0.0014332578393805309,2.3533231541514397,0.009175746637386812,0.09482828776041667,0.8155861676981052,0.026879404477464654,0.052947998046875,0.35105203092098236,3.788316488265991
93379.87412992492,1975,129488384,129433600,2005.3284923696822,1092.264029886465,1971,100,27.010000038146973,15.260730555910172,61.0,0.0,24.339999961853028,15.040757649160748,55.0,0.0,-0.0008081113070754024,0.20561883451106647,0.0014168736233841628,2.3373973419268923,0.008069482570742062,0.07918294270833334,0.8325338872770469,0.02925656724255532,0.0548553466796875,0.3711059242486954,3.788562297821045
93461.9486782141,1977,129564672,129564672,929.4964345244814,1596.9871626729346,1971,100,27.010000038146973,15.260730555910172,61.0,0.0,24.339999961853028,15.040757649160748,55.0,0.0,0.0009408243010208632,0.20961888840732476,0.0014024466787911176,2.3347968980669975,0.009406942198741792,0.09227498372395833,0.8171589523553848,0.02806505747139454,0.0563507080078125,0.3846633732318878,3.789151906967163
93521.94890754856,1978,129681664,129630208,1949.8592138348772,1092.2624917762114,1971,100,27.010000038146973,15.260730555910172,61.0,0.0,24.339999961853028,15.040757649160748,55.0,0.0,0.0010269824148660214,0.19102921290323138,0.0013699998974819514,2.3309161265691123,0.008355231810734646,0.08975728352864583,0.8505704402923584,0.02963128063129261,0.0550994873046875,0.3738374710083008,3.7893550395965576
93603.73035277799,1980,129761280,129761280,973.5215583027277,1602.7107326398605,1975,100,27.630000114440918,15.044370923096341,62.0,0.0,23.569999980926514,15.242214337964743,61.0,1.0,0.00017115627269959075,0.19463155961905917,0.0014018007483779607,2.3501334016521773,0.007804530449599649,0.08538309733072917,0.8474085777997971,0.02836563251912594,0.054656982421875,0.3803132027387619,3.789729356765747
93663.73073788546,1981,129878016,129826816,1945.5875123285086,1092.259656044075,1975,100,27.630000114440918,15.044370923096341,62.0,0.0,23.569999980926514,15.242214337964743,61.0,1.0,-1.3332925542878789e-06,0.2100734667231639,0.0014262013319239486,2.361976948877176,0.007995531112101162,0.07959493001302084,0.8379054938753446,0.027040693326853216,0.0534820556640625,0.36792023479938507,3.789914131164551
93746.04712622613,1983,129957888,129957888,970.30496126056,1592.2953210429703,1978,100,29.829999923706055,13.601511013595164,59.0,0.0,21.159999942779542,14.226538608362512,56.0,0.0,-0.00011631093366304402,0.2084818780422211,0.0014368631345860194,2.370474748313427,0.007360312823342004,0.07444254557291666,0.8366346930464109,0.02487850489948566,0.0531158447265625,0.3655782788991928,3.7901668548583984
93806.04742773995,1984,130079232,130023424,2022.3898370252152,1092.2611778026478,1978,100,29.829999923706055,13.601511013595164,59.0,0.0,21.159999942779542,14.226538608362512,56.0,0.0,0.0037962714607904973,0.23117546333620945,0.0014321317794383503,2.370096325874328,0.007228947565939355,0.06917317708333333,0.8286959460626047,0.024561932756720733,0.0504150390625,0.34686584025621414,3.790280342102051
93887.32699071802,1986,130154496,130154496,925.9892307775237,1612.6070957758236,1982,100,28.39000015258789,13.842611705151977,49.0,0.0,23.589999866485595,14.066339346828942,51.0,2.0,-0.0001726858730156285,0.2064698284181456,0.0014718533129780553,2.368441025416056,0.009108375209204192,0.09014892578125,0.847330837820967,0.02475910831708461,0.05267333984375,0.37370286136865616,3.79044771194458
93947.32897910476,1987,130277376,130220032,2047.932131981899,1092.230470390346,1982,100,28.39000015258789,13.842611705151977,49.0,0.0,23.589999866485595,14.066339346828942,51.0,2.0,-0.00037335525121307,0.18927212486354011,0.0014509414104395546,2.3600890512267747,0.008118091306945036,0.08466084798177083,0.8562063220888377,0.025924616066428523,0.0523681640625,0.384923554956913,3.790503978729248
94028.28198418766,1989,130351104,130351104,910.750625310252,1619.1122227737812,1982,100,28.39000015258789,13.842611705151977,49.0,0.0,23.589999866485595,14.066339346828942,51.0,2.0,0.0003414709135540761,0.19198334589600563,0.0014285408797150012,2.341756885250409,0.008222576721891528,0.07962544759114584,0.8487216339757045,0.0283978126438645,0.055511474609375,0.3788307160139084,3.7909274101257324
94088.28236399963,1990,130470656,130416640,1992.520720279587,1092.2597524444845,1985,100,30.760000228881836,13.16595636720271,64.0,1.0,22.740000247955322,14.665347019812426,52.0,0.0,0.00018726663741593558,0.22280988780160743,0.001419100261652299,2.338759404917558,0.00885333415377924,0.09357706705729166,0.8294743311901887,0.027724314054163795,0.0569000244140625,0.3891749009490013,3.7910823822021484
94170.54730038717,1992,130547712,130547712,936.6809649860991,1593.2912095444608,1985,100,30.760000228881836,13.16595636720271,64.0,1.0,22.740000247955322,14.665347019812426,52.0,0.0,-0.0003237679411540739,0.2189956724178046,0.001415019013317457,2.354263924062252,0.007525147367535586,0.07991536458333333,0.8530681965251763,0.026623642751170944,0.053863525390625,0.3671674206852913,3.7914700508117676
94230.54748083837,1993,130669824,130613248,2035.1938791137247,1092.2633816627117,1989,100,28.510000038146973,13.694155768871317,64.0,0.0,19.94999990463257,13.722518046279438,53.0,1.0,0.00029578841349575674,0.22209650992105406,0.0014260939218123287,2.3403737048308053,0.009094208716608893,0.0981597900390625,0.8383801455299059,0.027563316747546193,0.0536651611328125,0.37213147431612015,3.7915923595428467
94312.03719815798,1995,130744320,130744320,914.176689407598,1608.4483332532309,1989,100,28.510000038146973,13.694155768871317,64.0,0.0,19.94999990463257,13.722518046279438,53.0,1.0,0.0002146275486059797,0.20217109844088554,0.0014421710062985462,2.35484695682923,0.008252074557579666,0.0791473388671875,0.8534655198454857,0.025998932076618075,0.056182861328125,0.3812134563922882,3.792243003845215
94372.03720338643,1996,130861056,130809856,1945.5998304589737,1092.2665714857396,1992,100,26.939999961853026,14.525026314691909,65.0,0.0,23.07000026702881,15.171193273592605,63.0,0.0,-0.0012374853322398849,0.19988224251816672,0.0014085569855524227,2.3705267161130905,0.008176680543328985,0.0808258056640625,0.8540176544338465,0.02540421969024464,0.051513671875,0.3695572391152382,3.7923152446746826
94453.15790924057,1998,130940928,130940928,984.6068171991402,1615.7650333524352,1992,100,26.939999961853026,14.525026314691909,65.0,0.0,23.07000026702881,15.171193273592605,63.0,0.0,-0.00010684440348995854,0.20106095448136332,0.0013935781668502993,2.3598837529619536,0.009321100207065077,0.088836669921875,0.8537594843655826,0.02488210593583062,0.0540924072265625,0.36377129703760147,3.792705774307251
94513.15797119774,1999,131060992,131006464,2001.0646003284864,1092.2655387720522,1995,100,26.379999923706055,14.580658443943054,52.0,0.0,22.200000190734862,14.751948984926063,54.0,0.0,-0.001498226202481116,0.22432709935431677,0.001422473159133612,2.351704960068067,0.008797675212311637,0.09191385904947917,0.8443070904662211,0.025862058682832863,0.0533294677734375,0.3615224286913872,3.7928924560546875
94594.67285936326,2001,131137536,131137536,939.0186470546939,1607.9516631839576,1995,100,26.379999923706055,14.580658443943054,52.0,0.0,22.200000190734862,14.751948984926063,54.0,0.0,-0.0004848590785210642,0.19832714895407358,0.001431044746520153,2.355020066102346,0.008200680763062945,0.08658345540364583,0.8585759854565064,0.026854447399576504,0.05401611328125,0.3729720935225487,3.7933881282806396
94654.67721068114,2002,131256320,131203072,1979.5897695939245,1092.1874590863033,1995,100,26.379999923706055,14.580658443943054,52.0,0.0,22.200000190734862,14.751948984926063,54.0,0.0,-0.0010685561064747162,0.21827000325235224,0.00145000252208168,2.35703556984663,0.009069737205209094,0.08880106608072917,0.8265712323288122,0.026378181433149923,0.0551605224609375,0.3888196125626564,3.7936575412750244
94736.58952993155,2004,131334144,131334144,950.0890795448374,1600.1500287070946,1999,100,28.31999988555908,14.636174536664921,65.0,0.0,24.449999713897704,14.993581922462118,54.0,0.0,-0.0006393867273194094,0.21945974991346398,0.001439370624818063,2.3620016748706503,0.00919543297883744,0.0923309326171875,0.8319331637273232,0.02655169414356351,0.0533905029296875,0.36803339421749115,3.7939324378967285
94796.58989157155,2005,131454720,131399680,2009.587887543728,1092.2600832509434,1999,100,28.31999988555908,14.636174536664921,65.0,0.0,24.449999713897704,14.993581922462118,54.0,0.0,0.00031128307697751245,0.23309725103899837,0.001471462004701607,2.375218895574411,0.008012943392410914,0.08544921875,0.8045294911911091,0.025422220312369365,0.0495452880859375,0.3535032644867897,3.7939212322235107
94878.62810403295,2007,131530752,131530752,926.78762394752,1597.6944897681153,2002,100,28.330000114440917,13.162868032077021,65.0,0.0,22.260000133514403,14.830118078704439,57.0,0.0,0.00021254158976565435,0.20080340839922428,0.0014967388087825384,2.3690299664934473,0.008250184945912526,0.08188883463541667,0.8337234680851301,0.02652011320848639,0.0512237548828125,0.3616364151239395,3.7940313816070557
94938.62824392691,2008,131651840,131596288,2018.1286279331084,1092.26411998071,2002,100,28.330000114440917,13.162868032077021,65.0,0.0,22.260000133514403,14.830118078704439,57.0,0.0,0.00039710383377193165,0.20369509615314502,0.0014647945875670605,2.376740557452043,0.008714158297152608,0.09019470214843751,0.8383959836016099,0.025300442376950134,0.0508880615234375,0.3559553921222687,3.7942230701446533
95020.48001779057,2010,131727360,131727360,922.6434130284673,1601.3336524426281,2006,100,26.65999984741211,14.355640105122193,53.0,0.0,24.969999885559083,13.574575623605794,50.0,0.0,0.001183188011054881,0.2068955092690885,0.0014774510952217192,2.374540862937768,0.00801054013694132,0.0825958251953125,0.8240455562869707,0.027091610342419397,0.050445556640625,0.3605673685669899,3.7943923473358154
95080.48007143289,2011,131851776,131792896,2073.5981461231595,1092.2656901389482,2006,100,26.65999984741211,14.355640105122193,53.0,0.0,24.969999885559083,13.574575623605794,50.0,0.0,-0.0005974288918271972,0.18784011201933026,0.0013966053666081277,2.3790943572918577,0.006320200572493681,0.07277933756510417,0.8604212403297424,0.02620129589922726,0.0533447265625,0.3771117851138115,3.7945961952209473
95160.94426747411,2013,131923968,131923968,897.1940757726819,1628.948109204302,2009,100,26.789999771118165,14.692375053115128,65.0,0.0,22.89000015258789,14.071883329663882,50.0,1.0,-0.0009001398648251779,0.17841036633277935,0.0014247009433650721,2.380239501595497,0.00796268908197817,0.08337910970052083,0.8591386092205843,0.025119347070964675,0.0535736083984375,0.3806278854608536,3.7948875427246094
95220.94473654218,2014,132048640,131989504,2077.850422445373,1092.258127609888,2009,100,26.789999771118165,14.692375053115128,65.0,0.0,22.89000015258789,14.071883329663882,50.0,1.0,0.0018359285677433945,0.17942564911209047,0.0014301150949904695,2.370843636492888,0.008463894831341651,0.08012898763020833,0.860610058531165,0.02588113313928867,0.0531463623046875,0.36122529953718185,3.7950308322906494
95301.64955241047,2016,132120576,132120576,891.3470556379294,1624.0914323367253,2009,100,26.789999771118165,14.692375053115128,65.0,0.0,22.89000015258789,14.071883329663882,50.0,1.0,0.0008019152519409545,0.2090724709754189,0.001431891098036431,2.3608222107092542,0.0077726818811546155,0.07681783040364584,0.8377535945425431,0.027455569400141638,0.0534820556640625,0.3680778741836548,3.7954115867614746
95361.6498421561,2017,132238336,132186112,1962.6571888109775,1092.2613920339352,2012,100,27.100000190734864,14.023908205489464,52.0,0.0,24.86999969482422,13.789601132502085,50.0,0.0,0.0011158210278760332,0.19087083567865196,0.0014075093774105578,2.367110013961792,0.00896635516983224,0.0867767333984375,0.8664288160701592,0.025962812108142923,0.0532989501953125,0.3626503348350525,3.795727014541626
95443.32084872201,2019,132317184,132317184,965.4344095338752,1604.8779794848836,2012,100,27.100000190734864,14.023908205489464,52.0,0.0,24.86999969482422,13.789601132502085,50.0,0.0,-0.0006383378689254944,0.21716047854473194,0.0014377725650168334,2.3605077415704727,0.007327817379215654,0.077117919921875,0.8293728530406952,0.026768138787398733,0.055511474609375,0.36487552523612976,3.7960867881774902
95503.32086047344,2020,132434176,132382720,1949.8662847714377,1092.266452738486,2016,100,27.85999984741211,13.951358127658015,61.0,0.0,24.38999996185303,14.098862077261261,58.0,0.0,0.0003946558717871085,0.19718791513393324,0.0014491432666545734,2.3540194307764373,0.007245729748319718,0.08029683430989583,0.8364900220185518,0.027866277125819277,0.0556793212890625,0.38023433089256287,3.796316385269165
95585.41577633284,2022,132513792,132513792,969.8042706609663,1596.5909536283432,2016,100,27.85999984741211,13.951358127658015,61.0,0.0,24.38999996185303,14.098862077261261,58.0,0.0,0.00026816315463899326,0.19082670969267687,0.0014045605979238947,2.3714607929189997,0.007959862043814308,0.080535888671875,0.8392293695360422,0.02530766755808145,0.0519256591796875,0.3664043918251991,3.7966058254241943
95645.41653703526,2023,132636160,132579328,2039.4408098741337,1092.2528186773604,2016,100,27.85999984741211,13.951358127658015,61.0,0.0,24.38999996185303,14.098862077261261,58.0,0.0,-0.0008153009500044087,0.20626914547756317,0.0014006948961953942,2.371391835312049,0.008507266642482136,0.07851664225260417,0.844330282881856,0.025312699571562312,0.050933837890625,0.34793025255203247,3.7966485023498535
95727.2524115555,2025,132710400,132710400,907.1816050751268,1601.6447648222927,2019,100,28.809999465942383,12.948123250395948,52.0,2.0,26.43000030517578,14.548027435534747,52.0,0.0,-0.0006223802847671323,0.20713476355498034,0.0014110653404107627,2.359513173500697,0.008142089060129365,0.07423400878906249,0.859376265356938,0.026543648253815867,0.0527801513671875,0.35601991415023804,3.7969970703125
95787.25278169289,2026,132828416,132775936,1966.9211994819009,1092.2599285626175,2019,100,28.809999465942383,12.948123250395948,52.0,2.0,26.43000030517578,14.548027435534747,52.0,0.0,0.0004293060240646203,0.1753894416615367,0.001404996523585093,2.37151063233614,0.007278952309206943,0.07390848795572916,0.8690560447673004,0.026102229157307495,0.053131103515625,0.36718862503767014,3.7971749305725098
95869.309386082,2028,132907008,132907008,957.7778727880016,1597.336387190413,2023,100,27.239999771118164,13.616255128655759,52.0,1.0,23.570000076293944,14.594694152685745,53.0,1.0,0.002016894994691635,0.20738383498974147,0.0014414300846207577,2.3727342635393143,0.008706722889958957,0.09029134114583334,0.8466336025545994,0.026634103637964777,0.0546875,0.3727070242166519,3.79754376411438
95929.30955439061,2029,133028864,132972544,2030.927636289683,1092.2636027104177,2023,100,27.239999771118164,13.616255128655759,52.0,1.0,23.570000076293944,14.594694152685745,53.0,1.0,-0.0006943975652878483,0.2104051373898983,0.0014244696212699637,2.3795458053549132,0.009592958698704024,0.08929443359375,0.8342143675933281,0.02510553705117976,0.0517120361328125,0.36696991324424744,3.79763126373291
96010.45206171833,2031,133103616,133103616,921.2434081940509,1615.3309075183358,2026,100,28.43000030517578,14.236751720794073,52.0,0.0,26.14000015258789,13.470723783532375,57.0,0.0,-0.0009695137632661499,0.20828277703064182,0.0014425895521223233,2.378856601814429,0.008572117312724002,0.08110555013020833,0.8538061305880547,0.026498357648961246,0.0528564453125,0.36443816870450974,3.7977700233459473
96070.45229134709,2032,133226752,133169152,2052.258812372677,1092.262486418722,2026,100,28.43000030517578,14.236751720794073,52.0,0.0,26.14000015258789,13.470723783532375,57.0,0.0,-0.0009879163286920325,0.22983949057136974,0.0014286478362919297,2.377597466111183,0.008319744291535851,0.07978312174479167,0.8292375840246677,0.024413296720013022,0.0513763427734375,0.35245654731988907,3.7977986335754395
96151.43685398996,2034,133300224,133300224,907.2346333954854,1618.481297207277,2026,100,28.43000030517578,14.236751720794073,52.0,0.0,26.14000015258789,13.470723783532375,57.0,0.0,-0.00040289169313230855,0.21312339014063278,0.0014433558487022917,2.379466764628887,0.0079026524793638,0.07510375976562499,0.8348599846164385,0.02539159058748434,0.0523834228515625,0.368149995803833,3.7979655265808105
96211.43720507994,2035,133419264,133365760,1983.988390692455,1092.2602753059537,2030,100,27.780000305175783,13.7735831399958,49.0,0.0,23.24000005722046,14.338144938812286,56.0,0.0,-0.00014157585974317044,0.1979521291020016,0.0014555329871654976,2.381762864689032,0.008369999034888073,0.08217875162760417,0.8437845893204212,0.025351493347746633,0.0536346435546875,0.36651603132486343,3.798150062561035
96293.47520751879,2037,133496832,133496832,945.5130268173522,1597.6985799685951,2030,100,27.780000305175783,13.7735831399958,49.0,0.0,23.24000005722046,14.338144938812286,56.0,0.0,0.0002312732467544265,0.19564361909093955,0.0014077836895012297,2.381764161090056,0.007780174812675493,0.08416239420572917,0.8495997327069441,0.026071812530669074,0.0519561767578125,0.37339242547750473,3.7984983921051025
96353.47536833026,2038,133615360,133562368,1975.4613720525815,1092.2637391910603,2034,100,26.760000038146973,14.060668874562413,53.0,0.0,24.220000076293946,13.804043151761483,52.0,0.0,0.0007725769464741461,0.17095878502974907,0.001397833670732022,2.3725616311033564,0.007233036230900325,0.07519022623697917,0.8708262393871943,0.026961092953570187,0.0558929443359375,0.3816077709197998,3.7986900806427
96435.1671897415,2040,133693440,133693440,955.7872336684791,1604.4690611090534,2034,100,26.760000038146973,14.060668874562413,53.0,0.0,24.220000076293946,13.804043151761483,52.0,0.0,0.0007502196070466501,0.19366737152449787,0.0014092966897199706,2.3640697548786798,0.007919792844404583,0.08014424641927084,0.8599975388497114,0.026896142129165433,0.05316162109375,0.3739945590496063,3.798895835876465
96495.1679032147,2041,133813504,133758976,2001.0428718261187,1092.2536784381373,2034,100,26.760000038146973,14.060668874562413,53.0,0.0,24.220000076293946,13.804043151761483,52.0,0.0,0.0004747024892518918,0.17924879250737527,0.0014030585310441288,2.363972383240859,0.005989262529207432,0.058019002278645836,0.8719511944800616,0.02719143029147138,0.0556793212890625,0.3866179883480072,3.7991292476654053
96576.34230176546,2043,133890048,133890048,942.9574024146538,1614.6962877468318,2037,100,29.890000343322754,13.92041289006231,57.0,0.0,26.36000003814697,13.428715485280993,56.0,1.0,-0.0009449520075577311,0.18710515430818,0.0013921372119511943,2.372260299821695,0.008119767251628218,0.08367919921875,0.8554123938083648,0.026131684542633593,0.053558349609375,0.38015855103731155,3.7994611263275146
96636.34239826165,2044,134012928,133955584,2047.9967062685214,1092.2649100098781,2037,100,29.890000343322754,13.92041289006231,57.0,0.0,26.36000003814697,13.428715485280993,56.0,1.0,0.003012365678538724,0.19350829316924015,0.001458823133968205,2.373903438448906,0.008823930364693902,0.0814666748046875,0.8591289905210336,0.025192866179471213,0.05511474609375,0.3911423087120056,3.7995855808258057
96717.44629237801,2046,134086656,134086656,909.0562272413822,1616.099959540235,2041,100,27.789999961853027,13.996638897667175,57.0,0.0,25.04000015258789,15.576212483714453,58.0,0.0,-0.0005884947022423148,0.21732861424485841,0.0014244358353607822,2.3759951243797937,0.008507121711469761,0.0821533203125,0.8411191273480654,0.02446173758168394,0.05255126953125,0.37092339247465134,3.799881935119629
96777.44634990208,2047,134205696,134152192,1983.998097872571,1092.2656194739316,2041,100,27.789999961853027,13.996638897667175,57.0,0.0,25.04000015258789,15.576212483714453,58.0,0.0,-0.0010642388951964676,0.23105859740947685,0.0014538253005108952,2.3789716983834905,0.00837619530648226,0.08284505208333333,0.84363494006296,0.02561320228657375,0.0521392822265625,0.36753644049167633,3.8000142574310303
96859.62775172107,2049,134283264,134283264,943.8631890320879,1594.910735262142,2045,100,27.739999961853027,13.895769272704841,52.0,1.0,23.289999580383302,13.485024717150043,51.0,0.0,-0.0002411134022016388,0.21462236577644944,0.0014615538542178304,2.3809194788336754,0.007942882956437339,0.08510335286458333,0.8475050013512373,0.026517138952234138,0.0510406494140625,0.3601744696497917,3.800191640853882
96919.62788295001,2050,134405888,134348800,2043.7288633938379,1092.2642777219676,2045,100,27.739999961853027,13.895769272704841,52.0,1.0,23.289999580383302,13.485024717150043,51.0,0.0,-0.00012744215928250924,0.20756665780209005,0.0014410774868641358,2.3809519335627556,0.007467650996356194,0.07536824544270833,0.8465231396257877,0.02517570099250103,0.053131103515625,0.3694360479712486,3.8003292083740234
97000.89688097127,2052,134479872,134479872,910.3594458079309,1612.8167344417323,2045,100,27.739999961853027,13.895769272704841,52.0,1.0,23.289999580383302,13.485024717150043,51.0,0.0,-0.0006462004627489175,0.2162179471924901,0.0014735609875060618,2.3797821203867597,0.008106736278326329,0.07770284016927083,0.829647266616424,0.025954772951081395,0.052581787109375,0.3687297999858856,3.800685405731201
97060.89873200655,2053,134600192,134545408,2005.2714695293314,1092.2329706372527,2048,100,26.250000190734863,13.477666735748278,50.0,0.0,25.06999969482422,14.041548797110485,53.0,0.0,-0.0010714665161989008,0.19641478188956776,0.001435710963657281,2.373764472703139,0.007409426948167189,0.073883056640625,0.8577540429929892,0.026267332102482516,0.0529937744140625,0.3565344586968422,3.8008317947387695
97141.34866496548,2055,134676480,134676480,948.266793944311,1629.2369077164,2048,100,26.250000190734863,13.477666735748278,50.0,0.0,25.06999969482422,14.041548797110485,53.0,0.0,0.0001907124945622248,0.2014104458503425,0.0014683695202014253,2.374060985942682,0.007732231249974575,0.08009847005208333,0.8512044263382752,0.026943192603842665,0.0536651611328125,0.37894439697265625,3.8010878562927246
97201.34931216203,2056,134793216,134742016,1945.5790137996985,1092.2548849401817,2052,100,27.569999504089356,14.378633628837806,62.0,1.0,22.810000228881837,14.873933589322833,56.0,0.0,-0.0010468838372617029,0.20454361646746594,0.001436573676376914,2.3766403968135514,0.008334269683473394,0.07990519205729167,0.8588589585075775,0.025340236781630665,0.05157470703125,0.3438979908823967,3.8012924194335938
97283.66298952885,2058,134873088,134873088,970.3369179347698,1592.3477627647503,2052,100,27.569999504089356,14.378633628837806,62.0,1.0,22.810000228881837,14.873933589322833,56.0,0.0,0.0009200512383055563,0.21609544878204665,0.0014692604975910701,2.3770527169108395,0.007127151893655537,0.07454935709635416,0.85002979884545,0.026289518922567368,0.0515899658203125,0.35641782730817795,3.8016257286071777
97343.66337521933,2059,134991360,134938624,1971.1873288635338,1092.259645430876,2055,100,27.369999885559082,14.774068511442392,59.0,1.0,22.030000114440917,14.484098080354991,52.0,1.0,0.000481132008038306,0.20901815989054742,0.001451607832374672,2.3600369667013488,0.00734325385322639,0.07421875,0.8513327799737453,0.027439922986862562,0.0550689697265625,0.3680041655898094,3.801908254623413
97426.0077346433,2061,135069696,135069696,951.3219915485961,1591.7544433754288,2055,100,27.369999885559082,14.774068511442392,59.0,1.0,22.030000114440917,14.484098080354991,52.0,1.0,0.001568720052697851,0.2175233269420763,0.0014302546624094248,2.375041708350182,0.008651901813815735,0.08509318033854167,0.8541020943472782,0.026471195393241942,0.054443359375,0.358052060008049,3.8021645545959473
97486.0077395849,2062,135187712,135135232,1966.9331713367967,1092.2665767076355,2055,100,27.369999885559082,14.774068511442392,59.0,1.0,22.030000114440917,14.484098080354991,52.0,1.0,-0.00047969533382759744,0.2179820581804961,0.0014867634684681739,2.362350908418496,0.0082057390530584,0.08364359537760417,0.8386272999147574,0.028042272276555497,0.0548248291015625,0.3694852739572525,3.802398204803467
97567.47753007337,2064,135266304,135266304,964.6765939714993,1608.8417462977447,2059,100,28.85999984741211,13.953508657328587,53.0,0.0,24.419999504089354,14.600123371292224,54.0,0.0,0.001440032683603931,0.21632616276231906,0.0014801403291736885,2.3540390729904175,0.008706764498735234,0.09155782063802084,0.8503585308790207,0.02951360980902488,0.055145263671875,0.36024999618530273,3.802762985229492
97627.47790926509,2065,135390464,135331840,2069.320255515176,1092.2597637358456,2059,100,28.85999984741211,13.953508657328587,53.0,0.0,24.419999504089354,14.600123371292224,54.0,0.0,-0.0007802764303050935,0.18579521449282765,0.0014656226291360024,2.3570823768774667,0.0071314740913900705,0.079742431640625,0.8663190609465042,0.029653953252515446,0.053314208984375,0.3697946146130562,3.8030500411987305
97708.17780050635,2067,135462912,135462912,897.7459434660605,1624.1905408290563,2062,100,27.850000381469727,14.341112576258315,52.0,1.0,24.170000076293945,15.29055604992516,57.0,0.0,0.0004906292694310348,0.18891102285124362,0.0014155331846268384,2.3537213628490763,0.00762254365993916,0.07275390625,0.8611793133119742,0.02988610420531283,0.0561370849609375,0.38620615005493164,3.8034768104553223
97768.17875335552,2068,135584256,135528448,2022.367883140867,1092.2493208524513,2062,100,27.850000381469727,14.341112576258315,52.0,1.0,24.170000076293945,15.29055604992516,57.0,0.0,0.0011619729339145122,0.20762299528966346,0.0014558506166698257,2.360996767878533,0.010623016461977388,0.09732564290364583,0.8376973910878103,0.028881061686358105,0.053436279296875,0.38275281339883804,3.8036022186279297
97850.62308262289,2070,135659520,135659520,912.9069357325736,1589.824323452645,2066,100,28.95,13.5855622176432,56.0,1.0,23.479999923706053,15.234486982197346,55.0,0.0,0.00079960797544724,0.19627855081732073,0.0014896025822963566,2.3533115138610206,0.0096839931550979,0.098724365234375,0.8548702622453371,0.028115479508414865,0.054931640625,0.3913470283150673,3.8038461208343506
97910.62351905368,2071,135776768,135725056,1954.119119370589,1092.2587217442592,2066,100,28.95,13.5855622176432,56.0,1.0,23.479999923706053,15.234486982197346,55.0,0.0,3.697179393687594e-05,0.2170837757488092,0.001485156897009195,2.360318382581075,0.00913134327007962,0.09411112467447916,0.8468390020231406,0.028281420430478953,0.0533599853515625,0.36896781623363495,3.8039655685424805
97993.43947495148,2073,135856128,135856128,958.2694438489809,1582.6901782279945,2066,100,28.95,13.5855622176432,56.0,1.0,23.479999923706053,15.234486982197346,55.0,0.0,-0.0007449599894850205,0.21712687456359464,0.0014816106656022991,2.363136927286784,0.008202412359120595,0.08460998535156249,0.8442143201828002,0.027687100945816688,0.053558349609375,0.3668777719140053,3.8042876720428467
98053.44318419509,2074,135977984,135921664,2030.8077873198454,1092.1991461215976,2069,100,29.34000015258789,14.096254847311892,53.0,1.0,24.29000015258789,14.224833853295761,54.0,0.0,-0.0012780208514110807,0.21293620431485277,0.0014466924039879814,2.374158608416716,0.007892240633130616,0.07874043782552084,0.8295044874151548,0.02646078481726969,0.05438232421875,0.38006632775068283,3.804403781890869
98134.96141092479,2076,136052736,136052736,916.9973759102851,1607.8858098152944,2069,100,29.34000015258789,14.096254847311892,53.0,1.0,24.29000015258789,14.224833853295761,54.0,0.0,-0.0015016207047059047,0.20898670454819998,0.0014681643381967053,2.3759140421946845,0.008719602955655622,0.087158203125,0.8411600713928541,0.02553590914855401,0.0541534423828125,0.37666910886764526,3.804612159729004
98194.96147202887,2077,136170752,136118272,1966.9313302080368,1092.265554302077,2073,100,27.76999988555908,12.99296336910807,59.0,0.0,24.349999809265135,14.693791429895805,57.0,0.0,-0.0003022447829910864,0.2226448024933537,0.001465829763522682,2.3825809583067894,0.008028108693300359,0.08334350585937499,0.8447546288371086,0.025268794891114034,0.054443359375,0.37387628108263016,3.804924964904785
98276.18558868393,2079,136249344,136249344,967.5943948243305,1613.707915798232,2073,100,27.76999988555908,12.99296336910807,59.0,0.0,24.349999809265135,14.693791429895805,57.0,0.0,-0.0001283562499641751,0.23704435552159944,0.0014449447965792692,2.3834474806984267,0.007370715677097905,0.08371480305989583,0.8391025792807341,0.026276646511784442,0.054290771484375,0.35699257254600525,3.8053464889526367
98336.1856040582,2080,136370432,136314880,2018.1328162112502,1092.2663867866386,2073,100,27.76999988555908,12.99296336910807,59.0,0.0,24.349999809265135,14.693791429895805,57.0,0.0,-0.001330482875346206,0.225943891176333,0.0014489394537425446,2.3963557754953704,0.006886782820705169,0.06714884440104167,0.8581442199647428,0.025039633619599044,0.0538787841796875,0.35130394250154495,3.8055126667022705
98418.18229315802,2082,136445952,136445952,921.0127973346084,1598.503566899388,2076,100,25.95999984741211,13.953437271557815,50.0,0.0,21.919999885559083,14.549694260159763,56.0,0.0,0.00026408328994875774,0.2584755993448198,0.0014705226664470197,2.382809770603975,0.007601271078480446,0.0743255615234375,0.8343614942083756,0.02642128125686819,0.0517120361328125,0.3329506665468216,3.805898427963257
98478.182427831,2083,136568320,136511488,2039.4620889930688,1092.2642150255765,2076,100,25.95999984741211,13.953437271557815,50.0,0.0,21.919999885559083,14.549694260159763,56.0,0.0,0.0003514171282101112,0.23502649630730352,0.0014918661533253421,2.3734554400046664,0.007913940846871506,0.08534749348958333,0.8228074678530296,0.0270576011777545,0.05194091796875,0.3486747741699219,3.805908203125
98559.323587263,2085,136642560,136642560,914.9487204728496,1615.3577409727552,2080,100,27.22999973297119,14.498175688792731,62.0,0.0,22.300000190734863,14.426711306990034,50.0,0.0,-0.00035313904663780704,0.20500448578968644,0.00149042787355332,2.370499029755593,0.007328005478484555,0.07415262858072916,0.8581146442641815,0.02675033186096698,0.0550689697265625,0.37518310546875,3.8062491416931152
98619.32401609048,2086,136766208,136708096,2060.7852713107727,1092.2588601564344,2080,100,27.22999973297119,14.498175688792731,62.0,0.0,22.300000190734863,14.426711306990034,50.0,0.0,-0.00031680051324656233,0.21272516266132394,0.001446081046500088,2.3853706469138465,0.008545547564305403,0.089202880859375,0.8554249672840039,0.02803268365096301,0.0528564453125,0.3805013373494148,3.806337833404541
98700.14426232874,2088,136839168,136839168,902.7440944056378,1621.7718467918826,2083,100,26.130000114440918,14.14047732020134,51.0,0.0,21.95999994277954,13.768747221115987,54.0,1.0,0.003779645509591016,0.22374653614436588,0.0014989241414392989,2.37027674416701,0.008518345826814766,0.09242757161458333,0.856503076851368,0.027957380167208612,0.052520751953125,0.3550123795866966,3.806602954864502
98760.14437589794,2089,136954368,136904704,1919.9963657924777,1092.2645992063874,2083,100,26.130000114440918,14.14047732020134,51.0,0.0,21.95999994277954,13.768747221115987,54.0,1.0,-0.0005278227496698189,0.19230703365368146,0.0014818028757872526,2.3776582752664885,0.007624232069550393,0.08151753743489583,0.8592219352722168,0.02794905059272423,0.0519561767578125,0.35664888471364975,3.8067474365234375
98842.42790420167,2091,137035776,137035776,989.3596164168395,1592.9312063063578,2087,100,26.689999961853026,13.323434293689793,54.0,1.0,21.770000076293947,14.88479405416003,53.0,0.0,-0.00010184695565840231,0.22489761483545104,0.0014698465117059338,2.3780503595868745,0.008910228272725362,0.08496602376302083,0.8304268810898066,0.025152847772308935,0.0532684326171875,0.36801254004240036,3.807051420211792
98902.42817243747,2092,137159168,137101312,2056.5241394432796,1092.2617836047295,2087,100,26.689999961853026,13.323434293689793,54.0,1.0,21.770000076293947,14.88479405416003,53.0,0.0,-0.0007170076254017961,0.20342054823413488,0.001480208536425683,2.3746694698929787,0.008065715366683435,0.08578999837239584,0.8490744618078073,0.02577776025282219,0.054351806640625,0.3813016340136528,3.807210683822632
98983.56967465393,2094,137232384,137232384,902.3249262095773,1615.3509168507117,2087,100,26.689999961853026,13.323434293689793,54.0,1.0,21.770000076293947,14.88479405416003,53.0,0.0,-0.0008374391739683537,0.20108489397292334,0.0014498930637879917,2.363850273191929,0.007124117298493123,0.0745697021484375,0.8468384332954884,0.026791754624961566,0.055206298828125,0.37327613681554794,3.807440996170044
99043.5699331034,2095,137353728,137297920,2022.3912885675563,1092.261961758005,2090,100,28.439999771118163,13.832078573475561,61.0,0.0,22.850000190734864,13.578935956563901,48.0,0.0,-0.0012162932519762157,0.18762805623312792,0.001468775213046077,2.3700968250632286,0.00815177151283327,0.0789794921875,0.8494523198654254,0.026713042908037703,0.0509796142578125,0.36088479310274124,3.8074820041656494
99124.63409124687,2097,137428992,137428992,928.4497825387893,1616.892138298844,2090,100,28.439999771118163,13.832078573475561,61.0,0.0,22.850000190734864,13.578935956563901,48.0,0.0,-0.0005957542865265472,0.19034438308638832,0.0014509684539613468,2.3622451598445577,0.007458694543553672,0.07806905110677083,0.848680391907692,0.026856009343949456,0.055328369140625,0.3753660172224045,3.8077433109283447
99184.63435807079,2098,137545984,137494528,1949.857995520847,1092.2618093070828,2094,100,30.649999809265136,13.09990420206865,54.0,2.0,23.14000015258789,13.426108835719013,54.0,0.0,0.00029688903547745815,0.18943329590062302,0.0014149031449051106,2.3726000264286995,0.00814200585167176,0.07542928059895833,0.8573771771043539,0.027505574224051088,0.0548858642578125,0.3677610009908676,3.808008909225464
99266.49995569699,2100,137625600,137625600,972.5208428030268,1601.0632524602884,2094,100,30.649999809265136,13.09990420206865,54.0,2.0,23.14000015258789,13.426108835719013,54.0,0.0,0.00042028055759146815,0.1968422521216174,0.0014240505042835139,2.364448259274165,0.00792568024796007,0.07310485839843751,0.8481734214971463,0.029804688199268035,0.0547943115234375,0.36911892145872116,3.808394432067871
99326.50024032593,2101,137741824,137691136,1937.0574776229728,1092.2614851794738,2097,100,28.289999961853027,14.055102316280484,56.0,0.0,22.94000005722046,14.879395211637206,58.0,0.0,-0.0007305672552320175,0.2025756461856266,0.0014132557832150874,2.372170756260554,0.007339099304469225,0.07973734537760417,0.8460748754441738,0.028109001306196053,0.054931640625,0.38560590893030167,3.8085873126983643
99408.46618256345,2103,137822208,137822208,980.7000054615132,1599.103193618773,2097,100,28.289999961853027,14.055102316280484,56.0,0.0,22.94000005722046,14.879395211637206,58.0,0.0,-0.0004127405409235508,0.22023334804301462,0.0014067943775444292,2.379316046833992,0.008748194623573605,0.09419759114583333,0.8423339072614908,0.02767071826383471,0.0536041259765625,0.3675086051225662,3.8088772296905518
99468.46619212627,2104,137942016,137887744,1996.7996817493945,1092.2664925808654,2100,100,25.349999809265135,13.787222407564743,50.0,1.0,22.230000305175782,15.057791795100723,55.0,0.0,-0.0013075096236813502,0.2046436727978289,0.001390669933850101,2.386149411400159,0.009266598423588828,0.09193929036458333,0.8487954710920652,0.027171593392267823,0.05279541015625,0.3704441711306572,3.808997392654419
99550.93241341412,2106,138018816,138018816,931.2903974577816,1589.4022783279472,2100,100,25.349999809265135,13.787222407564743,50.0,1.0,22.230000305175782,15.057791795100723,55.0,0.0,-0.0017938015589606948,0.22296931470433873,0.001364987314445898,2.382221922278404,0.007694611250068798,0.08834330240885417,0.8363431822508575,0.02698928569831575,0.05206298828125,0.36614940315485,3.809173345565796
99610.93271448463,2107,138140416,138084352,2026.6564972248677,1092.261185872771,2100,100,25.349999809265135,13.787222407564743,50.0,1.0,22.230000305175782,15.057791795100723,55.0,0.0,-0.001482693345072524,0.21133174297089377,0.0014017255804598485,2.384839065372944,0.007234664196100009,0.07671101888020834,0.8417106301834186,0.025779434479773045,0.0531158447265625,0.3712010532617569,3.8093059062957764
99692.97535200045,2109,138215424,138215424,914.2563217271356,1597.6083164651652,2104,100,28.13999996185303,13.895337100435961,60.0,0.0,22.320000076293944,13.620484656312174,49.0,0.0,0.0002933845389634371,0.21515195242439708,0.001439078441762831,2.3790524750947952,0.008256536380940815,0.08346048990885417,0.8290404689808687,0.02653954061679542,0.0524139404296875,0.36834175139665604,3.8094253540039062
99752.97628920712,2110,138338560,138280960,2052.234610533888,1092.2496056063937,2104,100,28.13999996185303,13.895337100435961,60.0,0.0,22.320000076293944,13.620484656312174,49.0,0.0,0.0001620770344743505,0.21316711938319108,0.0014046073483768848,2.3904526755213733,0.007926918748732229,0.08015950520833333,0.8177562399456898,0.025172629742883146,0.0525665283203125,0.38519297540187836,3.8094332218170166
99834.71274984069,2112,138412032,138412032,898.8889343933615,1603.592802820213,2107,100,27.929999923706056,13.900542904071369,58.0,0.0,22.560000038146974,14.343165679659913,55.0,0.0,-0.0017586448908938714,0.20691234789167842,0.0013993178751358453,2.3748528410991034,0.007779947706391492,0.07980855305989584,0.8231949203958114,0.027139091631397605,0.0528411865234375,0.3719194829463959,3.8096201419830322
99894.71304397844,2113,138533632,138477568,2026.6567313959486,1092.2613120786586,2107,100,27.929999923706056,13.900542904071369,58.0,0.0,22.560000038146974,14.343165679659913,55.0,0.0,-0.0007295614656565401,0.20150841089586416,0.001389376945250357,2.3850424860914545,0.008893492249626433,0.08294677734375001,0.8366074680040281,0.02595419444454213,0.0514373779296875,0.3498350456357002,3.809709310531616
99975.95252123848,2115,138608640,138608640,923.294961141958,1613.4027989920903,2111,100,26.199999809265137,14.519641863575929,61.0,0.0,24.65000009536743,13.731259998534503,53.0,2.0,0.00038925295181494823,0.1980701357436677,0.001383217203207702,2.3932035068670907,0.008520986992152757,0.07839457194010416,0.8275957616666952,0.026037577481474727,0.0538787841796875,0.38308902829885483,3.809922695159912
100035.95276857167,2116,138727936,138674176,1988.2584706278742,1092.2621641217506,2111,100,26.199999809265137,14.519641863575929,61.0,0.0,24.65000009536743,13.731259998534503,53.0,2.0,0.0005437685952832301,0.2207123818807304,0.0014329812717429984,2.377844877541065,0.008052804977220754,0.0866546630859375,0.8236970603466034,0.025870317476801574,0.053802490234375,0.37874166667461395,3.8100829124450684
100118.75720075518,2118,138805248,138805248,933.6698285505751,1582.9104378075974,2114,100,25.380000114440918,14.62585373433062,61.0,0.0,21.489999771118164,14.418387506596085,55.0,0.0,0.0010815003673390797,0.2027445680772265,0.0014089770884311294,2.3772162993748984,0.00919924610570888,0.08702596028645834,0.8420112313081821,0.02626275868775944,0.05230712890625,0.3523556664586067,3.8102810382843018
100178.75744941458,2119,138922496,138870784,1954.125234806457,1092.262139979155,2114,100,25.380000114440918,14.62585373433062,61.0,0.0,21.489999771118164,14.418387506596085,55.0,0.0,-0.0011507035039054851,0.18638946814462545,0.0013644082888883229,2.3877735286951065,0.0075849675728629036,0.07114664713541666,0.8507939750949542,0.025128032391270004,0.0528717041015625,0.3710760921239853,3.8103206157684326
100260.82257136889,2121,139001856,139001856,967.0368861961463,1597.1705991368608,2114,100,25.380000114440918,14.62585373433062,61.0,0.0,21.489999771118164,14.418387506596085,55.0,0.0,0.0014885564135814395,0.20248153526335955,0.0013999009182346829,2.377648929754893,0.007317433113712468,0.08248392740885417,0.8289086620012919,0.02651746858221789,0.053680419921875,0.3735728785395622,3.8105826377868652
100320.82273215428,2122,139122176,139067392,2005.3279595426347,1092.2637396657756,2117,100,26.860000228881837,13.572044900342092,63.0,0.0,23.460000133514406,14.179153933086114,55.0,1.0,-0.0002685573199414648,0.198533008651187,0.0013603158622572666,2.3824474016825357,0.007995802315538944,0.08308919270833333,0.8383280293395122,0.026587831574336935,0.0511322021484375,0.36907023191452026,3.810612916946411
100401.75772233121,2124,139198464,139198464,942.5836691056329,1619.472612691557,2117,100,26.860000228881837,13.572044900342092,63.0,0.0,23.460000133514406,14.179153933086114,55.0,1.0,0.0016968457954741705,0.16881636522399882,0.0013426781964274899,2.384585586686929,0.007789017288208318,0.07790629069010417,0.8549502367774646,0.02607716567581519,0.0539398193359375,0.3831159248948097,3.8108203411102295
100461.75797665119,2125,139320064,139264000,2026.6580763392842,1092.2620369323301,2117,100,26.860000228881837,13.572044900342092,63.0,0.0,23.460000133514406,14.179153933086114,55.0,1.0,0.0018299481913951847,0.18823242226305106,0.0013888144627950776,2.380444494386514,0.009083209971625669,0.08562215169270834,0.832204155003031,0.027603504461391516,0.0529937744140625,0.38887274265289307,3.8108294010162354
100543.01574498974,2127,139395072,139395072,923.0871279591681,1613.0396229184098,2121,100,28.51999988555908,13.369727239423185,53.0,0.0,24.93000011444092,14.632330629257028,59.0,0.0,0.0006999156200132953,0.18886683291445175,0.0013782921693443009,2.3787098775307336,0.008629696648010091,0.08709208170572917,0.8382157267381748,0.02647658249285693,0.052764892578125,0.3927818834781647,3.810962200164795
100603.0159658026,2128,139514368,139460608,1988.2593494462049,1092.2626469060697,2121,100,28.51999988555908,13.369727239423185,53.0,0.0,24.93000011444092,14.632330629257028,59.0,0.0,-0.00040626134917450435,0.1973637774741898,0.001377304191313063,2.3806695317228637,0.008538917403711821,0.08561197916666667,0.8354274798184633,0.026393237096878387,0.0502777099609375,0.3707076758146286,3.8109428882598877
100685.07541161776,2130,139591680,139591680,942.146260336019,1597.281077125966,2125,100,25.629999923706055,13.7758157666847,49.0,0.0,22.570000171661377,14.018741117260218,53.0,0.0,0.0007016622451677298,0.22591613062346977,0.0014097343118919525,2.3727781424919767,0.0087926636733755,0.0824127197265625,0.8075364250689745,0.02755417989101261,0.0481414794921875,0.3517344519495964,3.8109216690063477
100745.07577748597,2131,139712000,139657216,2005.3211052792524,1092.260006279763,2125,100,25.629999923706055,13.7758157666847,49.0,0.0,22.570000171661377,14.018741117260218,53.0,0.0,-0.0009465100859718706,0.1759088470134884,0.0013406896675102569,2.377695731818676,0.0075941018682594095,0.07677714029947917,0.8465138847629229,0.02590718964347616,0.052520751953125,0.3853273168206215,3.81099271774292
100826.60123332217,2133,139788288,139788288,935.7568040253675,1607.7432337617051,2128,100,24.669999885559083,14.000039125019475,51.0,0.0,20.84999990463257,13.334447448132336,45.0,0.0,0.00033891101338667795,0.18414561186606684,0.0013271082813541095,2.3637679542104406,0.007131021178186832,0.07569376627604167,0.8406136247018973,0.02756446927863484,0.0534210205078125,0.3826950490474701,3.8110640048980713
100886.60134420358,2134,139904000,139853824,1928.5297693652212,1092.2646481360546,2128,100,24.669999885559083,14.000039125019475,51.0,0.0,20.84999990463257,13.334447448132336,45.0,0.0,0.0018900781045279778,0.19335549945632619,0.0013515138877361703,2.355661074320475,0.007647594816565591,0.08086649576822917,0.8437947568794092,0.02851562110784774,0.0535736083984375,0.371701218187809,3.8111844062805176
100968.90567492694,2136,139984896,139984896,982.888740957097,1592.5285929431443,2132,100,26.45,12.93860529217494,49.0,0.0,24.130000019073485,13.933883114549939,58.0,0.0,0.000146598817082122,0.16567425647129616,0.001322768550987045,2.363689842323462,0.0073770764271709295,0.0727996826171875,0.8491742530216774,0.02777799870818853,0.05364990234375,0.3912784680724144,3.8114101886749268
101028.90580443107,2137,140105216,140050432,2005.3290050268877,1092.2643091210282,2132,100,26.45,12.93860529217494,49.0,0.0,24.130000019073485,13.933883114549939,58.0,0.0,-0.00039411764494919527,0.1881375510711223,0.0013247887060667076,2.361542801062266,0.008401206265261862,0.07883707682291666,0.8393441463510195,0.028357023179220654,0.0559539794921875,0.4025718569755554,3.8114845752716064
101111.59612265229,2139,140181504,140181504,922.5747541072725,1585.0948795400118,2132,100,26.45,12.93860529217494,49.0,0.0,24.130000019073485,13.933883114549939,58.0,0.0,0.0008917140973305018,0.19299201729396978,0.0013153772063863773,2.3581720491250358,0.0072608841407297104,0.0752410888671875,0.8384566033879916,0.0275893906946294,0.055816650390625,0.39597121626138687,3.8118622303009033
101171.59621092118,2140,140299776,140247040,1971.197100076968,1092.2650597829086,2135,100,28.710000419616698,12.938543184162683,53.0,0.0,23.579999923706055,13.326799932886873,49.0,0.0,-0.00014581681413498393,0.19840711952808004,0.001291036432424638,2.3696238150199256,0.007876524071131524,0.07343037923177084,0.8443090077489613,0.02672114646217475,0.0554656982421875,0.3957248777151108,3.812028646469116
101254.10344348662,2142,140378112,140378112,949.4440373803016,1588.6122455513541,2135,100,28.710000419616698,12.938543184162683,53.0,0.0,23.579999923706055,13.326799932886873,49.0,0.0,-0.0007087420308380388,0.18654196383431554,0.0012733633629977703,2.3642309407393136,0.007015519633569056,0.06266276041666667,0.8373972407231729,0.026558045103835564,0.054718017578125,0.3820197135210037,3.8123154640197754
101314.10376826674,2143,140493312,140443648,1919.9896070923705,1092.260754256993,2139,100,25.49000015258789,14.35234801131047,51.0,0.0,24.620000267028807,13.671708308838783,55.0,1.0,-0.0004548891690016414,0.2166493283584714,0.0013280851211068996,2.3647486840685206,0.009067328495196609,0.08357747395833334,0.8261146365354458,0.027257051144260913,0.0546722412109375,0.38544362783432007,3.8124139308929443
101395.55578505248,2145,140574720,140574720,999.4595985774466,1609.1928128039392,2139,100,25.49000015258789,14.35234801131047,51.0,0.0,24.620000267028807,13.671708308838783,55.0,1.0,-0.0005249098176136613,0.2036802483877788,0.001307502720010234,2.367880572875341,0.007634845778132633,0.08323160807291667,0.832368541508913,0.027706674474757165,0.052764892578125,0.36933809518814087,3.81272292137146
101455.55617229827,2146,140695296,140640256,2009.5870299314115,1092.25961711771,2142,100,26.190000152587892,13.3136732389925,47.0,1.0,22.689999771118163,13.759138586078324,50.0,0.0,-0.0005619403261031645,0.21388888979951542,0.0013211576418446689,2.358906053006649,0.008262773736836,0.08979288736979167,0.8227903433144093,0.02704701345646754,0.0529022216796875,0.3787391260266304,3.8128373622894287
101537.823964471,2148,140771328,140771328,924.2012942363001,1593.235901175036,2142,100,26.190000152587892,13.3136732389925,47.0,1.0,22.689999771118163,13.759138586078324,50.0,0.0,0.00224923480952081,0.20477780342722932,0.0013766357405984309,2.3723970974485082,0.008921859173521323,0.09564717610677083,0.8373365166286628,0.028983753135738272,0.054595947265625,0.38717570900917053,3.8130619525909424
101597.82407119684,2149,140888576,140836864,1954.1298573974343,1092.2647237854655,2142,100,26.190000152587892,13.3136732389925,47.0,1.0,22.689999771118163,13.759138586078324,50.0,0.0,0.0007254737235295275,0.1905977730639279,0.0013318100088023734,2.3671438569823904,0.008121688678026356,0.08741760253906251,0.851294873903195,0.027245979794921975,0.0539398193359375,0.3797629624605179,3.813246011734009
101679.81999354251,2151,140967936,140967936,967.8530069512983,1598.5185147066604,2146,100,29.27000026702881,12.719162834133927,60.0,0.0,23.169999885559083,13.97358584529743,55.0,0.0,0.0007153463617820913,0.19514865009114146,0.00132627038207526,2.3638556773463884,0.007939181279652985,0.07848103841145834,0.8447135544071595,0.028162942714213084,0.0561065673828125,0.39191681146621704,3.81360125541687
101739.82051221468,2152,141088256,141033472,2005.3159983067187,1092.257224609617,2146,100,29.27000026702881,12.719162834133927,60.0,0.0,23.169999885559083,13.97358584529743,55.0,0.0,0.0027487741414612783,0.2175259068608284,0.0013692154861928427,2.3560412501295405,0.00863989131418445,0.08102925618489583,0.8346142694354057,0.026899821513021987,0.052154541015625,0.36901718378067017,3.813638687133789
101821.75476359576,2154,141164544,141164544,931.0880213596747,1599.7217011280318,2149,100,28.189999961853026,13.812092837875165,52.0,1.0,22.420000076293945,14.616552369219791,53.0,0.0,-0.00011843370884889737,0.18742094025947154,0.0013152736998260177,2.359727380176385,0.006700882411678322,0.06564839680989583,0.8644446562975645,0.02802162735800569,0.05462646484375,0.38256196677684784,3.8140532970428467
101881.75516765565,2155,141283840,141230080,1988.2532771100944,1092.259311030438,2149,100,28.189999961853026,13.812092837875165,52.0,1.0,22.420000076293945,14.616552369219791,53.0,0.0,0.00036576007308516034,0.22902498642603558,0.0013376500355661847,2.3575548306107517,0.008231586306768197,0.08113606770833334,0.8157773036509752,0.02831363183213398,0.0538787841796875,0.360973596572876,3.814154624938965
101963.36468049511,2157,141361152,141361152,947.3405404597875,1606.08727389209,2153,100,26.43000011444092,14.569320557923957,52.0,1.0,21.90000009536743,14.891944082586841,59.0,0.0,0.0003865476610371843,0.1983761554583907,0.0013266986340264944,2.359573806325595,0.007900576253935773,0.07796223958333334,0.8460757769644259,0.02782035944983363,0.0565338134765625,0.39153018593788147,3.814548969268799
102023.3649295941,2158,141480448,141426688,1988.258412114081,1092.2621319768343,2153,100,26.43000011444092,14.569320557923957,52.0,1.0,21.90000009536743,14.891944082586841,59.0,0.0,0.001910916306466485,0.19471534504555166,0.0013389917427654534,2.3722074429194135,0.00859516991416361,0.08386739095052084,0.8466048159946997,0.02779185626422986,0.0540771484375,0.38545234501361847,3.814653158187866
102105.6678185407,2160,141557760,141557760,939.3594925951452,1592.5564907573323,2156,100,27.839999961853028,13.968335502802372,55.0,0.0,23.92999973297119,14.684859725637224,61.0,0.0,0.001000033393211197,0.19117111068529388,0.001335598362250797,2.3726964568098388,0.007973530575933788,0.08183288574218751,0.8772412644078333,0.027942818220860012,0.0543670654296875,0.3757259473204613,3.8149001598358154
102165.66802752763,2161,141675008,141623296,1954.1265268851635,1092.262862189087,2156,100,27.839999961853028,13.968335502802372,55.0,0.0,23.92999973297119,14.684859725637224,61.0,0.0,4.981160357904932e-05,0.2266344140904645,0.0013364990130260896,2.3695302084088326,0.00854620789141336,0.0908660888671875,0.8273453998068968,0.028924860487071175,0.0506439208984375,0.3550319969654083,3.8149545192718506
102247.9696366787,2163,141754368,141754368,964.2581818094711,1592.581255117578,2156,100,27.839999961853028,13.968335502802372,55.0,0.0,23.92999973297119,14.684859725637224,61.0,0.0,0.001577028444444295,0.23103958585609993,0.0013772113234153949,2.3712273016572,0.008498962967981546,0.08624776204427083,0.8205141245077054,0.02874055066301177,0.0537261962890625,0.3768332228064537,3.8154025077819824
102307.96996857971,2164,141874688,141819904,2005.3222405252545,1092.2606246265216,2159,100,28.290000343322752,14.615262123281447,59.0,1.0,25.470000171661376,14.33768118537347,60.0,0.0,0.0004886044710777545,0.19813747820444408,0.0013160159226875596,2.379098946849505,0.007910246732232432,0.0770721435546875,0.8635085448622704,0.02758024689198161,0.054046630859375,0.3866768553853035,3.8155601024627686
102388.91595660336,2166,141950976,141950976,942.4556035773818,1619.2525806430185,2159,100,28.290000343322752,14.615262123281447,59.0,1.0,25.470000171661376,14.33768118537347,60.0,0.0,0.0018978765898888623,0.23000261466950178,0.001385597054953299,2.3792774329582853,0.00989235658380494,0.09528096516927083,0.8379886007557312,0.02591028056728343,0.054046630859375,0.37467508763074875,3.815901041030884
102448.91621010192,2167,142070784,142016512,1996.7915636037587,1092.2620518858168,2163,100,26.670000076293945,13.35893330239684,48.0,0.0,24.469999885559083,14.36972877368534,58.0,1.0,0.00015899280212276298,0.218383330386132,0.0013425540540386767,2.3738610620299974,0.007641203967674908,0.08416748046875,0.8525537364184858,0.02601117908488959,0.0523681640625,0.35325754433870316,3.8160343170166016
102530.81296475977,2169,142147584,142147584,937.7660973362983,1600.4541394539492,2163,100,26.670000076293945,13.35893330239684,48.0,0.0,24.469999885559083,14.36972877368534,58.0,1.0,0.00030679377232445404,0.22346242532754937,0.0013740213944402058,2.3736700291434922,0.00698345186538063,0.07019551595052083,0.8475504710028569,0.02637514644690479,0.05792236328125,0.3898592069745064,3.8164851665496826
102590.81346333958,2170,142264320,142213120,1945.5838328528748,1092.2575903735437,2163,100,26.670000076293945,13.35893330239684,48.0,0.0,24.469999885559083,14.36972877368534,58.0,1.0,0.00039273709747552244,0.23396550336231786,0.0013489120635009992,2.368922824660937,0.008732374243966964,0.08915201822916667,0.8477834034711123,0.02776940931410839,0.054779052734375,0.36946285516023636,3.8166801929473877
102673.45767193846,2172,142344192,142344192,966.4561056862796,1585.9792503569715,2167,100,27.79000015258789,15.042137372205925,63.0,0.0,23.1,14.909392878250557,53.0,0.0,0.0006063287898238438,0.22398647060617805,0.0013617263927396077,2.3808620025714236,0.007713267879201642,0.08875020345052083,0.8456181964526573,0.02596704863632719,0.0551605224609375,0.36883845180273056,3.8170559406280518
102733.45818656869,2173,142464000,142409728,1996.782873252902,1092.2572981896215,2167,100,27.79000015258789,15.042137372205925,63.0,0.0,23.1,14.909392878250557,53.0,0.0,0.0019808389770332724,0.24439919802049798,0.0013811295236034007,2.375436522066593,0.007584560456962208,0.0774688720703125,0.8195645076533158,0.02680980561611553,0.052459716796875,0.35414929687976837,3.81715989112854
102814.75471652299,2175,142540800,142540800,944.6897677326813,1612.2705369304426,2170,100,29.570000076293944,14.231131568960404,63.0,1.0,23.739999961853027,14.905448789200083,56.0,0.0,-0.001130056366188607,0.22385529226933917,0.0013503446777273591,2.3748660013079643,0.007699812868546966,0.07756551106770834,0.8239519695440928,0.02677641471382231,0.0515899658203125,0.3644179627299309,3.817446708679199
102874.75489455462,2176,142662912,142606336,2035.1939611852538,1092.2634257094862,2170,100,29.570000076293944,14.231131568960404,63.0,1.0,23.739999961853027,14.905448789200083,56.0,0.0,0.001863413420020758,0.2098887003182123,0.001343727884280573,2.3726990347107253,0.008638221748090777,0.08862304687500001,0.8408747464418411,0.02765780097494523,0.052520751953125,0.3536345660686493,3.8175911903381348
102956.33749132231,2178,142737408,142737408,913.1359254489922,1606.6171609274365,2173,100,30.249999809265137,12.647035029529937,60.0,2.0,24.20999994277954,15.50889763967814,53.0,0.0,7.123993661177033e-05,0.19322301059340438,0.0013586827747834225,2.3686507369081182,0.007656762567421538,0.08213297526041667,0.8576205956439177,0.028256873794210453,0.0544586181640625,0.3725404664874077,3.8178350925445557
103016.33792523853,2179,142854656,142802944,1954.119201266183,1092.2587675199625,2173,100,30.249999809265137,12.647035029529937,60.0,2.0,24.20999994277954,15.50889763967814,53.0,0.0,0.001561456161046711,0.20099273921611407,0.001345885371847544,2.367767741282781,0.0075888629222996915,0.07889811197916666,0.8362783864140511,0.028857244062237438,0.0518341064453125,0.3505505472421646,3.8179309368133545
103097.73708675429,2181,142934016,142934016,974.9486176787866,1610.2377169404476,2177,100,28.649999809265136,13.540586816826586,61.0,2.0,24.49000015258789,14.557125226517297,53.0,0.0,0.0007189380000151384,0.22499910447125634,0.0013845913223728226,2.3621824209888778,0.009035004394415107,0.09209187825520833,0.8394004901250204,0.027625569724477828,0.0545654296875,0.36559051275253296,3.8183603286743164
103157.73751165532,2182,143049728,142999552,1928.519676166929,1092.258931634367,2177,100,28.649999809265136,13.540586816826586,61.0,2.0,24.49000015258789,14.557125226517297,53.0,0.0,-0.0003153874495183117,0.21128619322553277,0.0013850594526350808,2.3757858872413635,0.007859512628783705,0.08538309733072917,0.8549008760601282,0.02807980488675336,0.0543670654296875,0.37761013954877853,3.818521022796631
103240.02307970636,2184,143130624,143130624,983.1128582574985,1592.891719708352,2177,100,28.649999809265136,13.540586816826586,61.0,2.0,24.49000015258789,14.557125226517297,53.0,0.0,-0.00039764597022440284,0.2297305000635485,0.001389208183051475,2.3733799333373704,0.008493889331172493,0.08310953776041666,0.8452752437442542,0.027666143723763525,0.054595947265625,0.36716632544994354,3.8188438415527344
103300.02314255573,2185,143254272,143196160,2060.7978413358096,1092.2655225299527,2180,100,28.38999996185303,14.787085452063758,54.0,1.0,24.200000095367432,14.116656796407806,55.0,1.0,0.000522873024844254,0.18806946945066255,0.001385110619594343,2.3847506990035376,0.009009092413786373,0.08992513020833333,0.8478705324232578,0.02626380122577151,0.052703857421875,0.38384727388620377,3.8188915252685547
103381.01315131411,2187,143327232,143327232,900.8518596122507,1618.3724635841136,2180,100,28.38999996185303,14.787085452063758,54.0,1.0,24.200000095367432,14.116656796407806,55.0,1.0,0.00066412871334857,0.22394060902297497,0.0013941651741333771,2.375656535228093,0.008398977155593457,0.086700439453125,0.8242321045448383,0.027133685594890267,0.0550537109375,0.36985310912132263,3.819207191467285
103441.01720310561,2188,143444480,143392768,1954.0013798968346,1092.1929110340386,2184,100,28.620000076293945,14.455296696943277,64.0,1.0,24.460000038146973,15.521224235217577,63.0,0.0,0.0001972633714710052,0.20499099232256413,0.001360552740758673,2.3616225123405457,0.0067405011504888535,0.07243855794270834,0.8599817802508672,0.028037561142506696,0.0548553466796875,0.3741874247789383,3.819368839263916
103523.4258934427,2190,143523840,143523840,963.0052325231592,1590.5118679092177,2184,100,28.620000076293945,14.455296696943277,64.0,1.0,24.460000038146973,15.521224235217577,63.0,0.0,-0.0003198868459245811,0.17777796547549465,0.0013437138901887617,2.3716652343670526,0.0076211411493810974,0.07419840494791667,0.880409692103664,0.02808213678266232,0.05572509765625,0.3912014812231064,3.819739818572998
103583.42622249015,2191,143641600,143589376,1962.6559032182756,1092.260676573649,2187,100,28.299999809265138,14.702720720864118,61.0,0.0,21.750000286102296,15.216027764483576,52.0,0.0,0.0022974387951156436,0.20684366983671984,0.0013499685119313654,2.3623724232117334,0.008641424580370463,0.0795440673828125,0.852763295173645,0.02973626125215863,0.0560150146484375,0.37485799193382263,3.820025682449341
103665.27479704097,2193,143720448,143720448,963.3399290422678,1601.396245680653,2187,100,28.299999809265138,14.702720720864118,61.0,0.0,21.750000286102296,15.216027764483576,52.0,0.0,-0.0002985126702697017,0.20540392647186914,0.0013487496677650295,2.359503840406736,0.008477675552664246,0.08540852864583334,0.8507311120629311,0.029013389042423416,0.05511474609375,0.38991275429725647,3.8202478885650635
103725.27500715852,2194,143842048,143785984,2026.6595693876536,1092.2628416068196,2191,100,27.499999809265137,15.278416273794798,66.0,0.0,26.43000030517578,13.985174495311611,52.0,1.0,-0.0006688144349027424,0.1843806147420158,0.0013398596444555249,2.371388142307599,0.007612722055152213,0.07869974772135416,0.8573167435824871,0.027466240533006687,0.05419921875,0.3843074217438698,3.8203487396240234
103807.60268240236,2196,143917056,143917056,911.0909518316888,1592.0770216308008,2191,100,27.499999809265137,15.278416273794798,66.0,0.0,26.43000030517578,13.985174495311611,52.0,1.0,0.00045194900303613394,0.21568279977266988,0.0013734283468996484,2.3672762513160706,0.00848308660958234,0.08954366048177083,0.8424929194152355,0.028687002428341657,0.0534515380859375,0.3639329522848129,3.820598840713501
103867.6033845637,2197,144038656,143982592,2026.6429494944502,1092.2538843591142,2191,100,27.499999809265137,15.278416273794798,66.0,0.0,26.43000030517578,13.985174495311611,52.0,1.0,0.001163631340508194,0.21158261527307334,0.0013560487362459146,2.3653843998908997,0.008714794212210109,0.08854166666666667,0.8393043534209331,0.027686072940317292,0.0543975830078125,0.3865501955151558,3.820662498474121
103949.44313816912,2199,144113664,144113664,916.5227984634051,1601.5688491920255,2194,100,25.8,14.42705792899268,54.0,0.0,24.47000026702881,14.900641105847752,54.0,1.0,0.0003977168113730537,0.19653866222749153,0.0014089713755917426,2.3686375667651496,0.008091022541217777,0.0857086181640625,0.8307284787297249,0.028655790161186207,0.0566558837890625,0.39084818959236145,3.820960521697998
104009.44340203889,2200,144235264,144179200,2026.6577537716666,1092.2618630853615,2194,100,25.8,14.42705792899268,54.0,0.0,24.47000026702881,14.900641105847752,54.0,1.0,0.00261736023821868,0.2035701140606155,0.0014043861265236046,2.3530426025390625,0.007678939448548288,0.07997639973958333,0.8478799077371756,0.027824084701326985,0.05584716796875,0.3833467364311218,3.8211891651153564
104090.97750949487,2202,144310272,144310272,919.9585589440974,1607.5726354244978,2197,100,26.429999923706056,14.2830350806011,49.0,0.0,24.439999961853026,14.070763703673396,56.0,1.0,0.0005617073475150391,0.21237879976009327,0.0013715718911650279,2.3680909077326455,0.009005688437658439,0.0926513671875,0.8540078761676947,0.027628108956074964,0.0553131103515625,0.38381177932024,3.8215320110321045
104150.97751363926,2203,144430080,144375808,1996.7998620748615,1092.266591220437,2197,100,26.429999923706056,14.2830350806011,49.0,0.0,24.439999961853026,14.070763703673396,56.0,1.0,0.0022603717200884903,0.2050686340468625,0.001397228716086829,2.3557023406028748,0.006569157937822941,0.07375590006510417,0.8575737910966078,0.02880708046723157,0.057403564453125,0.3856799304485321,3.821866989135742
104232.14218329452,2205,144506880,144506880,946.2245127861445,1614.88983515502,2200,100,26.610000228881837,14.344960984529601,52.0,0.0,27.1,13.623141990848122,54.0,0.0,0.0004886765649037745,0.21057968850558004,0.0014018527120545816,2.378335756560167,0.008746176033431158,0.08658345540364583,0.8448914432277282,0.02792096430979048,0.05462646484375,0.3847532272338867,3.8220152854919434
104292.1442817226,2206,144626432,144572416,1992.4636493053179,1092.2284672851422,2200,100,26.610000228881837,14.344960984529601,52.0,0.0,27.1,13.623141990848122,54.0,0.0,0.0008801016131959234,0.23346315712357557,0.0013782742862531447,2.3686331013838453,0.006947427904985186,0.07223002115885417,0.8070990790923437,0.02745553177859013,0.0523223876953125,0.36105526238679886,3.8220179080963135
104373.76136613637,2208,144703488,144703488,944.1160579733045,1605.9382780143917,2204,100,28.170000076293945,14.23871859903729,66.0,1.0,25.219999885559083,14.802418825586283,56.0,1.0,-0.000844194854532058,0.2112811541495224,0.0014048997448602072,2.3618832056721053,0.0083368635083995,0.0850830078125,0.8417720757424831,0.02771913291265567,0.0535888671875,0.3624437227845192,3.8222811222076416
104433.76156415604,2209,144825088,144769024,2026.6599780243846,1092.2630618405103,2204,100,28.170000076293945,14.23871859903729,66.0,1.0,25.219999885559083,14.802418825586283,56.0,1.0,0.0012646844140059934,0.20135512598790228,0.0013926269602961838,2.3660577485958734,0.008021194932856208,0.0815887451171875,0.830773097773393,0.02785412649003168,0.0535888671875,0.36682768166065216,3.8223347663879395
104515.67560148053,2211,144900096,144900096,915.6916500510029,1600.1164669833224,2204,100,28.170000076293945,14.23871859903729,66.0,1.0,25.219999885559083,14.802418825586283,56.0,1.0,0.0006939204395166598,0.18814431751767793,0.0013076598321883164,2.365313023328781,0.008168947830199613,0.08020528157552083,0.8584362821032603,0.02797420361700157,0.052734375,0.35915280878543854,3.8226845264434814
104575.67589003593,2212,145020416,144965632,2005.3236892170594,1092.261413701207,2207,100,28.38999996185303,13.812237630874648,69.0,1.0,25.43000011444092,13.688867584132566,60.0,1.0,0.00020590013203521568,0.19245268994321427,0.0013400357941767045,2.3578433444102607,0.008042706163299348,0.08405558268229167,0.8346408146123091,0.029149765090551227,0.055633544921875,0.37674081325531006,3.8228960037231445
104657.1632861942,2214,145096704,145096704,936.1938606041739,1608.494149762876,2207,100,28.38999996185303,13.812237630874648,69.0,1.0,25.43000011444092,13.688867584132566,60.0,1.0,0.007387854374731736,0.2031791602106144,0.0013497277771724232,2.3648010194301605,0.008954131668967117,0.0914306640625,0.8407866756121318,0.027948764017007,0.0545196533203125,0.36537569016218185,3.8233442306518555
104717.1636227835,2215,145211904,145162240,1919.9892292030881,1092.260539279979,2211,100,27.720000076293946,14.532088802724283,60.0,0.0,25.05000009536743,14.540547084450157,56.0,1.0,0.0019332308414353367,0.1962482878006995,0.00132513007944605,2.3562028780579567,0.007889072853383066,0.08132425944010417,0.8522320712606112,0.029252921638544645,0.0534210205078125,0.36850177496671677,3.8234822750091553
104799.36269269511,2217,145293312,145293312,990.3761695544163,1594.5679207920161,2211,100,27.720000076293946,14.532088802724283,60.0,0.0,25.05000009536743,14.540547084450157,56.0,1.0,0.0005312236316967756,0.21512048381070298,0.0013793403765400094,2.3531117861469584,0.00931517608538949,0.087738037109375,0.8310415719946226,0.03017483661339308,0.0554046630859375,0.37017835676670074,3.823815107345581
104859.36313770525,2218,145416448,145358848,2052.2514454549305,1092.2585655643707,2214,100,26.23000011444092,14.62180235890221,65.0,1.0,24.260000038146973,14.766597321406808,58.0,0.0,0.0019743669472518377,0.20674202505809566,0.0013527894225262571,2.360061647991339,0.008611876040959032,0.0869293212890625,0.8304050955921412,0.02973384225818639,0.0547027587890625,0.379724346101284,3.8239290714263916
104941.13228677027,2220,145489920,145489920,898.529590195193,1602.9517427872431,2214,100,26.23000011444092,14.62180235890221,65.0,1.0,24.260000038146973,14.766597321406808,58.0,0.0,2.0070639341914387e-05,0.19547923537902534,0.001326767350595522,2.356312908232212,0.00758274998467338,0.08080037434895834,0.8472260901083549,0.028640090293871857,0.056854248046875,0.37307117879390717,3.8242990970611572
105001.13259338401,2221,145609216,145555456,1988.2565062204997,1092.2610849623345,2214,100,26.23000011444092,14.62180235890221,65.0,1.0,24.260000038146973,14.766597321406808,58.0,0.0,-0.0010264342054142617,0.20741530926898122,0.0013267390762242333,2.3604038928945856,0.00791470304466202,0.08267720540364583,0.8671162718286117,0.027904554425428312,0.052093505859375,0.34642278403043747,3.8245532512664795
105082.91823183745,2223,145686528,145686528,945.3004398078307,1602.6285602040043,2218,100,26.4,13.98642200190204,61.0,0.0,25.270000171661376,14.428343646297241,54.0,0.0,-0.0002498970279702917,0.21651469357311726,0.0013697189606318716,2.3604258274038634,0.009324081271794665,0.08974711100260417,0.8447673177967469,0.027193023532163352,0.05438232421875,0.3761480078101158,3.8247649669647217
105142.91834963858,2224,145809408,145752064,2047.9959790626633,1092.2645221667537,2218,100,26.4,13.98642200190204,61.0,0.0,25.270000171661376,14.428343646297241,54.0,0.0,0.00046962768828962,0.19418941251933575,0.001368423256887278,2.3569158762693405,0.007258478194368459,0.074798583984375,0.8614620752632618,0.027738026479103915,0.0573883056640625,0.3978119194507599,3.8249969482421875
105224.18980940618,2226,145883136,145883136,907.181933372843,1612.7678815517208,2221,100,25.689999961853026,14.153935904121811,59.0,0.0,24.529999828338624,14.869065106129248,55.0,0.0,-0.0006118072875930618,0.1921587713683645,0.0013382745734512962,2.3691515723864236,0.007080309366453246,0.07232666015625001,0.8587163897852104,0.027024623899099726,0.0545654296875,0.37723255157470703,3.825392961502075
105284.19004352763,2227,146002432,145948672,1988.258908432133,1092.2624046322446,2221,100,25.689999961853026,14.153935904121811,59.0,0.0,24.529999828338624,14.869065106129248,55.0,0.0,7.027808896964416e-05,0.20004925791484612,0.0013414512529076699,2.371712644894918,0.00781520991101085,0.07850138346354167,0.8547181660930316,0.028129849990364164,0.052947998046875,0.3668026104569435,3.8255178928375244
105365.8891001828,2229,146079744,146079744,946.3022360994299,1604.326969810954,2224,100,29.620000267028807,13.321246551312475,54.0,0.0,24.38999996185303,14.617041285237923,56.0,1.0,0.0018250357000700508,0.1948350735474378,0.0013416793141611076,2.3752837181091313,0.00857443779144281,0.080841064453125,0.845642352476716,0.02765770514573281,0.056060791015625,0.40124476701021194,3.8257339000701904
105425.88939987496,2230,146196992,146145280,1954.123572741624,1092.2612109647505,2224,100,29.620000267028807,13.321246551312475,54.0,0.0,24.38999996185303,14.617041285237923,56.0,1.0,0.0007845304207876325,0.2174157158782085,0.0013878494282835163,2.3623611802856126,0.006875911944613715,0.07016499837239583,0.8241706987222036,0.027473635990948726,0.05609130859375,0.37869249284267426,3.825949192047119
105507.84628635459,2232,146276352,146276352,968.3139929885394,1599.279885193975,2228,100,30.07000026702881,12.948555650775576,59.0,0.0,25.45999984741211,14.571492768694126,53.0,0.0,2.2102377746098994e-05,0.2280085673555732,0.0013919774270713483,2.375322125852108,0.00970721167504962,0.08666483561197917,0.8417591191828251,0.026378489080040406,0.0549468994140625,0.3738269880414009,3.8262863159179688
105567.84660460241,2233,146397440,146341888,2018.1226289477156,1092.260873172548,2228,100,30.07000026702881,12.948555650775576,59.0,0.0,25.45999984741211,14.571492768694126,53.0,0.0,0.0004533816439410051,0.2266438331765433,0.0013920599764484602,2.3708288768927255,0.00843172168424644,0.08469136555989584,0.8356662578880787,0.027448939411745716,0.054473876953125,0.3688238263130188,3.8264009952545166
105649.20251764357,2235,146472960,146472960,928.2668853067015,1611.0937128034955,2228,100,30.07000026702881,12.948555650775576,59.0,0.0,25.45999984741211,14.571492768694126,53.0,0.0,0.0005033150300732814,0.20681011630222199,0.001354558586172061,2.3798858746886253,0.008689085510316849,0.08429463704427083,0.8374610748142004,0.02832018624758348,0.0537261962890625,0.37746651470661163,3.8267745971679688
105709.2026801072,2236,146596096,146538496,2052.2611097033287,1092.2637091144536,2231,100,27.710000038146973,14.037303683479973,50.0,0.0,23.479999923706053,14.424617582743187,57.0,0.0,0.00023475379324130089,0.2069601332768798,0.001394306780033124,2.3667126645644507,0.00869878386159447,0.085052490234375,0.8508454182495673,0.029139270811962586,0.0555419921875,0.3761942908167839,3.826978921890259
105790.01523117535,2238,146669568,146669568,909.1657054366169,1621.9262759008636,2231,100,27.710000038146973,14.037303683479973,50.0,0.0,23.479999923706053,14.424617582743187,57.0,0.0,-0.00029714571671017137,0.20860048934506872,0.001386637794591176,2.3568500032027564,0.009121676810536883,0.09160868326822917,0.8505913789073626,0.02836330756933118,0.052459716796875,0.3670284077525139,3.8272430896759033
105850.01531379856,2239,146787584,146735104,1966.9306247645166,1092.2651625590374,2235,100,29.039999771118165,14.075453711696426,65.0,1.0,23.32000026702881,14.386716390156794,55.0,0.0,0.0014636844255922672,0.19134724279865625,0.001345699442026671,2.3632190202673273,0.009083341748313009,0.09442647298177083,0.8538232371211052,0.02852523745968938,0.0548858642578125,0.38953785598278046,3.8273603916168213
105931.36357961409,2241,146866176,146866176,966.1177065313643,1611.245165290093,2235,100,29.039999771118165,14.075453711696426,65.0,1.0,23.32000026702881,14.386716390156794,55.0,0.0,-0.00032736894354457036,0.2311209044419229,0.0013763213852750291,2.3700999468564987,0.008801344645083493,0.09081522623697917,0.8414094665398201,0.02806152184105789,0.05133056640625,0.35583218187093735,3.8275389671325684
105991.36404475942,2242,146987520,146931712,2022.3843216228004,1092.2581990199092,2235,100,29.039999771118165,14.075453711696426,65.0,1.0,23.32000026702881,14.386716390156794,55.0,0.0,0.0009936189793127899,0.2349471285318335,0.0014190195385405484,2.353413273890813,0.008033916928373705,0.07693990071614583,0.8350224768122037,0.029071221419144422,0.054779052734375,0.3661559298634529,3.827777624130249
106072.69314649142,2244,147062784,147062784,925.425197096278,1611.624833038416,2239,100,24.45999984741211,13.546527219326993,47.0,0.0,24.370000076293945,14.54967695155477,56.0,0.0,0.0006201889918884262,0.2212519383368393,0.001375499438533249,2.3685723344484964,0.008987643471603707,0.0826263427734375,0.8243148345500231,0.02764698878551523,0.052459716796875,0.36728131026029587,3.8279900550842285
106132.69368120655,2245,147183104,147128320,2005.3154621246688,1092.2569325615216,2239,100,24.45999984741211,13.546527219326993,47.0,0.0,24.370000076293945,14.54967695155477,56.0,0.0,0.0014201935458307466,0.20482293159390488,0.0013964769071511303,2.364549954732259,0.008278716791513336,0.08072916666666666,0.8455975310256084,0.02826818363973871,0.0569915771484375,0.38227908313274384,3.828181266784668
106214.15294412337,2247,147259392,147259392,936.5171899222944,1609.0496685913247,2242,100,24.959999656677248,14.344978047848006,55.0,0.0,22.980000019073486,13.445430466165192,59.0,1.0,-0.0009078539272498649,0.23475037065024176,0.0014283913527227319,2.3731059605876603,0.009132061698740776,0.08160400390625,0.8327766992151737,0.026954472860476624,0.0557403564453125,0.36335771530866623,3.8285675048828125
106274.15307901427,2248,147375872,147324928,1941.3289688731668,1092.2642110583092,2242,100,24.959999656677248,14.344978047848006,55.0,0.0,22.980000019073486,13.445430466165192,59.0,1.0,0.0008560182128955298,0.24142274477829534,0.0013935554513106279,2.382118535538514,0.008445155348454138,0.08327229817708334,0.825825747102499,0.025587819924112413,0.0533294677734375,0.3616219833493233,3.8287410736083984
106355.75695350207,2250,147456000,147456000,981.9141615877198,1606.1982451530753,2245,100,29.039999771118165,13.264930967404124,52.0,1.0,24.23000011444092,13.999182001634672,52.0,0.0,2.9428296935899822e-05,0.2100450930496057,0.0013521505109868788,2.3791415144999823,0.009890189347061096,0.0917510986328125,0.8477870399753253,0.025345115262704592,0.05157470703125,0.34910357743501663,3.8289411067962646
106415.75749103725,2251,147577088,147521536,2018.1152532010472,1092.256881225091,2245,100,29.039999771118165,13.264930967404124,52.0,1.0,24.23000011444092,13.999182001634672,52.0,0.0,-0.0004535077362864589,0.2014709614062061,0.0013996056004543787,2.370322398841381,0.007793901813177703,0.08152262369791667,0.8399949899564186,0.025667405590259783,0.055419921875,0.3832309693098068,3.8291006088256836
106496.85956186615,2253,147652608,147652608,931.1722774542196,1616.136291717154,2245,100,29.039999771118165,13.264930967404124,52.0,1.0,24.23000011444092,13.999182001634672,52.0,0.0,-0.00035429202155986194,0.20038496625299254,0.0013576342862506863,2.3755761111776037,0.007524297800046042,0.08024088541666666,0.8630037158727646,0.026570988916015875,0.0504913330078125,0.3406336009502411,3.8294262886047363
106556.8599057924,2254,147776256,147718144,2060.7881873474125,1092.260405716227,2249,100,26.95999984741211,14.109514686289934,51.0,0.0,21.860000228881837,13.739738130069595,48.0,0.0,-0.0016677475092971388,0.22109918777520457,0.0013801437780784909,2.3710694313049316,0.008830620276664073,0.08789062500000001,0.8420139582206805,0.025733081022432696,0.05450439453125,0.3598818704485893,3.8295862674713135
106638.53752276301,2256,147849216,147849216,893.2679809481946,1604.7480920893881,2249,100,26.95999984741211,14.109514686289934,51.0,0.0,21.860000228881837,13.739738130069595,48.0,0.0,-0.0008507006471821418,0.22042683667192858,0.0013587025957046233,2.365195165077845,0.007723190249938247,0.07852681477864583,0.8428544451793035,0.02669335490403076,0.0533599853515625,0.3621579706668854,3.82981276512146
106698.5418459829,2257,147972608,147914752,2056.3851632463393,1092.1879705208773,2253,100,25.57000026702881,14.376546966168869,52.0,1.0,23.689999866485596,14.513920837239624,50.0,0.0,0.0005495511213666759,0.18929663867068788,0.0013538858244525425,2.3719687536358833,0.007565939416357044,0.07774861653645833,0.855104815835754,0.02725324286924054,0.054290771484375,0.3670857176184654,3.8299918174743652
106779.62680422328,2259,148045824,148045824,902.954155602313,1616.477369469875,2253,100,25.57000026702881,14.376546966168869,52.0,1.0,23.689999866485596,14.513920837239624,50.0,0.0,0.0006988301077702393,0.1854029215561847,0.0013157781007369824,2.377116210758686,0.006890811824632692,0.07247416178385417,0.8557797055691481,0.0260434511777324,0.05615234375,0.39506200700998306,3.830296277999878
106839.62712092698,2260,148165376,148111360,1992.522816011127,1092.260901282331,2253,100,25.57000026702881,14.376546966168869,52.0,1.0,23.689999866485596,14.513920837239624,50.0,0.0,0.002108272708331545,0.18998075951822102,0.00132104004296707,2.366637696822484,0.007864097204825763,0.07152303059895834,0.8492226830373207,0.02803636460642641,0.0549163818359375,0.3633875250816345,3.8305649757385254
106921.69170212932,2262,148242432,148242432,938.9678089017032,1597.1811234474153,2256,100,29.93000030517578,12.871095285195768,49.0,0.0,22.689999771118163,14.038301425384851,60.0,0.0,-0.000540008911533126,0.18585704748208323,0.0012952070561974929,2.377078970273336,0.007002694243055885,0.07303873697916667,0.8515162151306868,0.026960729349715013,0.0551910400390625,0.3834146782755852,3.830965042114258
106981.69546479546,2263,148362752,148307968,2005.2075845554316,1092.198173715299,2256,100,29.93000030517578,12.871095285195768,49.0,0.0,22.689999771118163,14.038301425384851,60.0,0.0,0.00013571177502550813,0.19209803120854002,0.0013125658103187259,2.3707036276658373,0.009059528935419317,0.0872650146484375,0.8578495973100264,0.026349748775828633,0.0543060302734375,0.3810645341873169,3.831163167953491
107063.56945217215,2265,148439040,148439040,931.7733561578035,1600.8991891033404,2260,100,29.280000305175783,14.943948618968813,60.0,0.0,23.91999979019165,13.971886146749112,55.0,0.0,0.002505377576502118,0.23166436546792588,0.0013410488609224558,2.3836423084139824,0.006404257492249599,0.06793212890625,0.8191244279344876,0.025557282012111198,0.052978515625,0.36324629187583923,3.8314993381500244
107123.56951512955,2266,148555520,148504576,1941.3312963136218,1092.2655205632686,2260,100,29.280000305175783,14.943948618968813,60.0,0.0,23.91999979019165,13.971886146749112,55.0,0.0,-0.0015057360384768497,0.18790298708093664,0.001338755744654918,2.3860529934366546,0.00767729505787429,0.07652791341145834,0.8411720562726259,0.02454233996104449,0.0543060302734375,0.3676941841840744,3.8316640853881836
107205.73901090212,2268,148635648,148635648,975.1550651080926,1595.1418317423113,2263,100,27.35999984741211,13.832223153683778,63.0,0.0,23.939999961853026,13.70388253061804,50.0,1.0,-0.0007748301504761912,0.20057008283523223,0.0012849296278242643,2.3836869473258653,0.008643504383144318,0.08348592122395834,0.8450662456452847,0.02498815200912456,0.0546722412109375,0.3831975534558296,3.8319666385650635
107265.73907427862,2269,148752896,148701184,1954.1312692332879,1092.26551293389,2263,100,27.35999984741211,13.832223153683778,63.0,0.0,23.939999961853026,13.70388253061804,50.0,1.0,0.0013944619859103111,0.21444856810073057,0.0013053816655883566,2.371133913596471,0.007237452221185473,0.0756988525390625,0.8309997407098612,0.02631174468357737,0.0533599853515625,0.3706856966018677,3.8320441246032715
107347.94377521425,2271,148832256,148832256,965.3949116868699,1594.4586928505723,2267,100,29.209999656677248,13.586239092504618,62.0,1.0,23.719999885559083,13.964297320955756,51.0,0.0,0.00026073537689323234,0.18548761129689714,0.0012960431316363004,2.384404703974724,0.007484586143618799,0.0754241943359375,0.8222945729891459,0.025032363502153505,0.0552215576171875,0.404447466135025,3.8322062492370605
107407.94410453923,2272,148953344,148897792,2018.122256365619,1092.2606715213499,2267,100,29.209999656677248,13.586239092504618,62.0,1.0,23.719999885559083,13.964297320955756,51.0,0.0,0.0013216991210356355,0.19597468889939287,0.0013119359076275334,2.3609612385431924,0.00878852139430819,0.08245849609375,0.825723361223936,0.02552301448304206,0.0535736083984375,0.3599163666367531,3.832423210144043
107489.67454079539,2274,149028864,149028864,924.0131762335033,1603.7110041747583,2270,100,28.079999732971192,13.061148317000287,52.0,0.0,24.990000343322755,14.645474010027636,55.0,0.0,-0.0007060645802994259,0.19624034439524016,0.0012814612661410745,2.3707093919316926,0.0070324218280196265,0.06486002604166667,0.8349808808416128,0.02536139538278803,0.05615234375,0.3786306381225586,3.8328418731689453
107549.67482928,2275,149148928,149094400,2001.0570454303752,1092.2614149897145,2270,100,28.079999732971192,13.061148317000287,52.0,0.0,24.990000343322755,14.645474010027636,55.0,0.0,-0.0013481728068048446,0.2353848653535048,0.001307925410704532,2.3578175182143846,0.008531617977496353,0.080596923828125,0.826842508589228,0.025724252103827894,0.05682373046875,0.3793075755238533,3.833021879196167
107631.324643787,2277,149225472,149225472,937.4669184759088,1605.2945226075763,2270,100,28.079999732971192,13.061148317000287,52.0,0.0,24.990000343322755,14.645474010027636,55.0,0.0,-0.0009293989084350567,0.22570410983947414,0.0013421185370437647,2.3629327913125353,0.008515789539766653,0.09444681803385417,0.833206793293357,0.026651261083316058,0.053863525390625,0.3588784337043762,3.833449363708496
107691.32487045974,2278,149345792,149291008,2005.3257574553065,1092.2625402309754,2273,100,26.420000076293945,13.608952999454724,49.0,0.0,24.69999990463257,14.697958987741247,58.0,1.0,-0.0010667362100017879,0.18412321456708014,0.0013235322767286561,2.3733965009450912,0.007683650224862503,0.07610575358072917,0.8540891272326311,0.02583367893627534,0.05364990234375,0.372939296066761,3.8335204124450684
107772.7775437031,2280,149422080,149422080,936.5929559128394,1609.1798437160194,2273,100,26.420000076293945,13.608952999454724,49.0,0.0,24.69999990463257,14.697958987741247,58.0,1.0,7.1581421555796e-05,0.20994229956219593,0.0013610875006027832,2.3634935940305395,0.008767953420829144,0.08481852213541667,0.8371428791433573,0.026738309476058934,0.0545654296875,0.37020572274923325,3.8339874744415283
107832.77765434235,2281,149538304,149487616,1937.0630947462357,1092.2646525441328,2277,100,27.99999942779541,13.920488199908606,49.0,1.0,25.689999961853026,14.916229316991055,64.0,0.0,-0.0008517428335229246,0.18905485359330973,0.0013427690561608567,2.3755533322691917,0.008321222165856549,0.08211771647135417,0.8568073393156131,0.025922602644034974,0.0558319091796875,0.3875187709927559,3.8342549800872803
107915.08346695825,2283,149618688,149618688,976.6503415151271,1592.4999199227552,2277,100,27.99999942779541,13.920488199908606,49.0,1.0,25.689999961853026,14.916229316991055,64.0,0.0,-0.0004535886473604478,0.20180725407165787,0.0013597849999011185,2.3650704051057496,0.007835681353147569,0.08251444498697916,0.8547779818375905,0.026743566481551777,0.0564117431640625,0.3864612728357315,3.834643602371216
107975.08358745277,2284,149741312,149684224,2043.7292290306393,1092.264473135373,2277,100,27.99999942779541,13.920488199908606,49.0,1.0,25.689999961853026,14.916229316991055,64.0,0.0,0.0006044224768023316,0.20510058275734386,0.0013514061368672021,2.38225698719422,0.007678970639365919,0.07676188151041667,0.834378344938159,0.02531914321783309,0.0511627197265625,0.3582075461745262,3.834693431854248
108056.20369805954,2286,149815296,149815296,912.0303146359527,1615.7768895972588,2280,100,28.629999923706055,15.208323275382723,60.0,0.0,24.739999771118164,14.237007849524776,54.0,1.0,-0.0010358122647933972,0.18154904812884828,0.0013075278790590044,2.3684798081715903,0.006828688963651075,0.069061279296875,0.8604340646415949,0.02559370077991237,0.055206298828125,0.37792394310235977,3.8350627422332764
108116.20379122719,2287,149935616,149880832,2005.3302194683424,1092.2649706040334,2280,100,28.629999923706055,15.208323275382723,60.0,0.0,24.739999771118164,14.237007849524776,54.0,1.0,-0.0015480688901637525,0.2097418887230257,0.0013556750442755099,2.3666998917857804,0.009165817138637067,0.0769805908203125,0.8442129728694756,0.02682484684434409,0.053009033203125,0.3710729256272316,3.835134506225586
108198.01957085915,2289,150011904,150011904,932.4362652678525,1602.038147037384,2284,100,28.98000011444092,14.012123154047625,57.0,1.0,25.690000152587892,14.075293795760723,60.0,0.0,0.0002713054758108532,0.20916028933910033,0.0013357487587200012,2.362980810304483,0.00871508822395602,0.08664449055989584,0.8498553788910309,0.026792044227477167,0.0526580810546875,0.3648665174841881,3.835369825363159
108258.01959514245,2290,150131968,150077440,2001.0658567917976,1092.2662246027721,2284,100,28.98000011444092,14.012123154047625,57.0,1.0,25.690000152587892,14.075293795760723,60.0,0.0,-0.0006657374615315348,0.20179803390055895,0.0013212332814873662,2.3649894073605537,0.0073624281631055055,0.076019287109375,0.8527868017554284,0.026703248887012403,0.05462646484375,0.3791091814637184,3.835620880126953
108339.87826795503,2292,150208512,150208512,935.0750185658491,1601.1986939990459,2287,100,29.4,14.01213763827338,56.0,1.0,24.450000190734862,14.809034271581995,56.0,0.0,-0.0008775983975889782,0.22727063375835618,0.0013592400561416675,2.3693631067872047,0.006799167949793628,0.06913248697916667,0.8214268988619248,0.025480963541970898,0.0521087646484375,0.35749271512031555,3.8358914852142334
108399.87909954228,2293,150328576,150274048,2001.0389326926104,1092.2515282927682,2287,100,29.4,14.01213763827338,56.0,1.0,24.450000190734862,14.809034271581995,56.0,0.0,-0.000546503312458905,0.23191587394103408,0.001334368129998135,2.37079576899608,0.00790808976853441,0.07960001627604167,0.8310322016477585,0.02608488148932035,0.05224609375,0.35967568308115005,3.835953712463379
108481.70660607517,2295,150405120,150405120,935.431167870565,1601.808555015817,2287,100,29.4,14.01213763827338,56.0,1.0,24.450000190734862,14.809034271581995,56.0,0.0,-0.0005761587381130084,0.19863586546853187,0.0013565063794279315,2.366429254412651,0.0074988361272213915,0.07082621256510416,0.8351252159724633,0.026413928969608,0.05548095703125,0.3868733048439026,3.836212635040283
108541.70896687917,2296,150523904,150470656,1979.6554403584166,1092.2236912322298,2291,100,28.70999984741211,13.795865103442475,61.0,0.0,24.370000076293945,14.651044444539018,60.0,0.0,-0.0008728518635810664,0.2045764859455327,0.0013569604549653984,2.369731783866882,0.007037829425219873,0.07015482584635417,0.8373208213597535,0.026301427045837045,0.0539093017578125,0.38859574496746063,3.836270570755005
108624.65768582374,2298,150601728,150601728,938.2182267577952,1580.157013486813,2291,100,28.70999984741211,13.795865103442475,61.0,0.0,24.370000076293945,14.651044444539018,60.0,0.0,0.0028753937173557156,0.18344790876532593,0.0013444445467030164,2.3792041713992753,0.006194384894115501,0.06344095865885416,0.8495157013336817,0.02574481723907714,0.0557403564453125,0.38970787823200226,3.8365108966827393
108684.65820762329,2299,150724096,150667264,2039.4489302744505,1092.2571676783668,2295,100,30.07000026702881,12.284343427501337,58.0,0.0,22.839999961853028,13.820796118336961,57.0,0.0,0.005455712594994111,0.19942145996416608,0.0013455337733224344,2.377601390083631,0.007140971144205348,0.074737548828125,0.8327463356157144,0.026108980489273865,0.0544281005859375,0.37820135056972504,3.8366587162017822
108765.10620226525,2301,150798336,150798336,922.8322014788703,1629.276162610971,2295,100,30.07000026702881,12.284343427501337,58.0,0.0,22.839999961853028,13.820796118336961,57.0,0.0,-0.00018560823324757314,0.20852532532686988,0.0013191833725916997,2.3700323527057967,0.0077262786277666855,0.0774688720703125,0.8424573863546054,0.02908395112414534,0.0536651611328125,0.37210503965616226,3.836872100830078
108825.10653873347,2302,150916608,150863872,1971.1889459594092,1092.2605414840016,2298,100,28.230000305175782,14.048384488007427,51.0,0.0,25.729999923706053,15.397957277201739,63.0,0.0,-0.00013097086290751275,0.18601999036036432,0.0013243831429766337,2.3798241540789604,0.007292584691337349,0.07664489746093749,0.8557673506438732,0.027020064551228035,0.054473876953125,0.3937709555029869,3.8369534015655518
108906.62439543009,2304,150994944,150994944,960.9673656109203,1607.893108473174,2298,100,28.230000305175782,14.048384488007427,51.0,0.0,25.729999923706053,15.397957277201739,63.0,0.0,0.0012600743163299437,0.20632366339365643,0.0013368282634473871,2.3763959109783173,0.007414550365865579,0.0752716064453125,0.8476579474906126,0.0267164222508048,0.055511474609375,0.3794381693005562,3.837395668029785
108966.62441461161,2305,151117056,151060480,2035.1993493630582,1092.2663174778677,2298,100,28.230000305175782,14.048384488007427,51.0,0.0,25.729999923706053,15.397957277201739,63.0,0.0,-0.0009887700847078424,0.2028681105778863,0.0013443138232105412,2.3834784453113875,0.006551183435779724,0.06656392415364583,0.8457278826584419,0.025770488854808114,0.0553436279296875,0.3691146522760391,3.8375697135925293
109048.11186397448,2307,151191552,151191552,914.2021327512632,1608.4930995486143,2302,100,27.879999542236327,13.881844194322252,61.0,0.0,25.32000026702881,14.921045664467744,57.0,0.0,0.0010299682107870467,0.21459700741494697,0.0013526129187084737,2.3745146642128625,0.008632041031887638,0.08583068847656251,0.8360937622686228,0.0268612404470332,0.0543365478515625,0.37153150141239166,3.8379950523376465
109108.11241275445,2308,151310848,151257088,1988.2484814844836,1092.2566765236647,2302,100,27.879999542236327,13.881844194322252,61.0,0.0,25.32000026702881,14.921045664467744,57.0,0.0,0.0008784669213734256,0.22193638064588112,0.0014215953403133121,2.3744234144687653,0.00889157581635421,0.09220377604166666,0.8421170034756262,0.0272654479679962,0.0537567138671875,0.3643260672688484,3.838226556777954
109190.37914688513,2310,151388160,151388160,939.7723249495966,1593.256391967528,2305,100,27.060000228881837,14.12361142757891,51.0,1.0,22.75,14.547422427575087,55.0,0.0,0.0010201494733337313,0.23083713650703427,0.0013905722820103013,2.376013038059076,0.008370758882544274,0.08017985026041667,0.8365162865569193,0.02665329185159256,0.0550994873046875,0.3882339969277382,3.838578701019287
109250.37939126231,2311,151508480,151453696,2005.3251657381522,1092.2622179339724,2305,100,27.060000228881837,14.12361142757891,51.0,1.0,22.75,14.547422427575087,55.0,0.0,-0.0007212749987957068,0.19611632622157535,0.0013648887991924616,2.3761201798915863,0.007253999934619059,0.07479349772135417,0.857603940491875,0.026144126954022795,0.0543212890625,0.36780375987291336,3.838745594024658
109331.16054851562,2313,151584768,151584768,944.378647124098,1622.5566017702624,2308,100,27.260000038146973,14.224359269064086,53.0,0.0,25.660000228881835,14.00587039683463,65.0,0.0,0.000507037320251887,0.22519796574488282,0.0013729830461670645,2.377337547640006,0.007711421942076413,0.07758076985677084,0.8400735581914583,0.026715254624529432,0.0546722412109375,0.37023354321718216,3.8391025066375732
109391.16100159474,2314,151703808,151650304,1983.9850182969192,1092.2584186752931,2308,100,27.260000038146973,14.224359269064086,53.0,0.0,25.660000228881835,14.00587039683463,65.0,0.0,-0.0005622230116083907,0.18072786601260304,0.0013205908556604602,2.384574530025323,0.006839495700963502,0.07404073079427083,0.8567523776243131,0.028176792606245726,0.053619384765625,0.3792029693722725,3.839164972305298
109473.32648110203,2316,151781376,151781376,944.0460941156077,1595.2198025979906,2312,100,28.229999923706053,13.985603083486609,60.0,1.0,23.79000015258789,14.214285040893156,56.0,0.0,0.011994061128158744,0.2396297853750487,0.0013457361795493248,2.3782163858413696,0.00853140371327754,0.08913675944010417,0.8204337519903978,0.027043903692780685,0.0542449951171875,0.37080880999565125,3.839277744293213
109533.33008266613,2317,151907072,151846912,2094.8075902699693,1092.201106128538,2312,100,28.229999923706053,13.985603083486609,60.0,1.0,23.79000015258789,14.214285040893156,56.0,0.0,0.0012367305389489045,0.2351234752374391,0.0013315812345050895,2.3781994208693504,0.008373328875677544,0.075958251953125,0.8411266772697369,0.027423149750878416,0.0502777099609375,0.35420237481594086,3.839348077774048
109613.9455791805,2319,151977984,151977984,879.632366803869,1625.890872937115,2312,100,28.229999923706053,13.985603083486609,60.0,1.0,23.79000015258789,14.214285040893156,56.0,0.0,-0.0008640396651268627,0.22185377854232985,0.0013773116988886613,2.376934878528118,0.00795606653749322,0.08559672037760416,0.8225823268294334,0.02707570579756672,0.052459716796875,0.3631734624505043,3.839582920074463
109673.94599686936,2320,152098560,152043520,2009.5860103051216,1092.259062925926,2315,100,24.219999885559083,14.60587542019474,65.0,1.0,22.84000015258789,14.373392373939536,59.0,0.0,-0.0005758096400919992,0.19594553710582355,0.0013534889100507523,2.3696678479512534,0.008571330577372768,0.08497111002604167,0.8518812538435062,0.0269252829408894,0.0519256591796875,0.36760329455137253,3.839637517929077
109755.97705435939,2322,152174592,152174592,926.8684608781914,1597.8338450156027,2315,100,24.219999885559083,14.60587542019474,65.0,1.0,22.84000015258789,14.373392373939536,59.0,0.0,-0.0006290628249795797,0.19743979535996914,0.0013694328627025243,2.3723647470275564,0.007546331559448542,0.07950337727864584,0.8514606108268101,0.027004449259644996,0.05401611328125,0.3738018125295639,3.839725971221924
109815.97726973146,2323,152295424,152240128,2013.859437848714,1092.2627459518449,2319,100,25.14000015258789,15.276138142039272,51.0,0.0,24.089999866485595,14.021479956527479,54.0,0.0,0.0008982646783503393,0.21492626292941472,0.0013444359913895219,2.3716311727960906,0.008160486908915724,0.0810699462890625,0.8467846183727185,0.026860232348553836,0.0529327392578125,0.35633768886327744,3.839829683303833
109896.82954659127,2325,152371200,152371200,937.2154123920706,1621.1293619754736,2319,100,25.14000015258789,15.276138142039272,51.0,0.0,24.089999866485595,14.021479956527479,54.0,0.0,-0.0004927337092037002,0.20977793028578162,0.0012975984597384618,2.3701910749077797,0.00753565798610604,0.07680257161458333,0.84668326502045,0.028001481802978862,0.052978515625,0.3907971680164337,3.8399674892425537
109956.83046615496,2326,152489728,152436736,1975.4363910068582,1092.2499267770102,2322,100,26.939999771118163,14.083905812881833,52.0,0.0,24.800000190734863,15.112908317248914,59.0,1.0,0.0004139562006457709,0.21246095762277642,0.0013726350334763993,2.357391436894735,0.00815897495704121,0.08267720540364584,0.8459993569801251,0.027588232963656385,0.0518798828125,0.35431843996047974,3.8400864601135254
110038.09501255304,2328,152567808,152567808,960.8125986149732,1612.9050835766109,2322,100,26.939999771118163,14.083905812881833,52.0,0.0,24.800000190734863,15.112908317248914,59.0,1.0,0.0011207341861639484,0.1822396881567935,0.0013513378944480792,2.3602187459667525,0.008895021258770916,0.089385986328125,0.8452352148791153,0.028301400190684944,0.0540771484375,0.3870852440595627,3.84031343460083
110098.09502874315,2329,152688128,152633344,2005.3327922239705,1092.2663719347584,2325,100,26.61000003814697,14.489923989385911,63.0,0.0,24.869999980926515,13.941775435387179,57.0,0.0,0.0005586951956502162,0.17148833388152224,0.0013146633925013398,2.3711006864905357,0.007751088639148899,0.07338460286458334,0.8521795670191447,0.026953511231113222,0.0571136474609375,0.3972417861223221,3.8404793739318848
110179.86140177958,2331,152764416,152764416,932.9996814951238,1603.0061641795414,2325,100,26.61000003814697,14.489923989385911,63.0,0.0,24.869999980926515,13.941775435387179,57.0,0.0,0.0004824272133798028,0.19259121377641955,0.001331077695795102,2.3578301270802813,0.006987039275675974,0.0747528076171875,0.8301204852759838,0.02706257350898037,0.0556182861328125,0.39189472049474716,3.8407952785491943
110239.8657068517,2332,152883968,152829952,1992.3903769286442,1092.1883008431112,2325,100,26.61000003814697,14.489923989385911,63.0,0.0,24.869999980926515,13.941775435387179,57.0,0.0,-0.0005812954089681929,0.20025817273805538,0.0013423001946648583,2.372330541412036,0.007602001172926975,0.07253011067708333,0.8265419552723567,0.026242706614236038,0.053131103515625,0.3616016134619713,3.8408701419830322
110322.15022643097,2334,152961024,152961024,936.4580408806409,1592.912016381688,2329,100,29.149999618530273,12.72900224826404,49.0,1.0,24.539999771118165,13.960243398742609,55.0,0.0,-0.0007688710926837909,0.20999978249892592,0.0013751079410819025,2.36980027705431,0.0076093035653078305,0.07696024576822917,0.8327570005009571,0.026186864958920825,0.053863525390625,0.35034511983394623,3.841118574142456
110382.15071113408,2335,153081344,153026560,2005.3171336091912,1092.257842987134,2329,100,29.149999618530273,12.72900224826404,49.0,1.0,24.539999771118165,13.960243398742609,55.0,0.0,-0.0008736224481253884,0.2095828123856336,0.0013328055647434667,2.3737065667907395,0.007060962697626867,0.07246907552083334,0.8242079311360915,0.02579060730446751,0.056060791015625,0.38596756011247635,3.8412814140319824
110463.76790043153,2337,153157632,153157632,934.7050622139116,1605.936214273566,2332,100,29.22999973297119,13.525424025235807,49.0,1.0,25.75,14.051601280317497,54.0,1.0,0.0005206028048026686,0.19703843568762144,0.0013436493633586604,2.365497007966041,0.006287022324613644,0.065948486328125,0.8331411201506853,0.02685350138926879,0.0569305419921875,0.3990570828318596,3.841500759124756
110523.76798312366,2338,153279232,153223168,2026.6638735140777,1092.2651613044293,2332,100,29.22999973297119,13.525424025235807,49.0,1.0,25.75,14.051601280317497,54.0,1.0,0.00043373209822069236,0.1850447286851704,0.0013025867871571488,2.389279112219811,0.00719398714803295,0.06857808430989583,0.8522014990448953,0.025200398891077686,0.0535888671875,0.37189381569623947,3.8416597843170166
110604.92131253518,2340,153354240,153354240,924.2750795798023,1615.1154974227263,2335,100,27.829999732971192,14.24012292684004,52.0,1.0,26.35,13.054022394177384,54.0,0.0,-0.0011461368776508607,0.20014173824650547,0.0013213305525520507,2.382241485019525,0.007306791128333619,0.07673136393229167,0.8235558768113453,0.02687763269447411,0.0528411865234375,0.3765053078532219,3.8419125080108643
110664.92162352055,2341,153473280,153419776,1983.989716803682,1092.2610053800915,2335,100,27.829999732971192,14.24012292684004,52.0,1.0,26.35,13.054022394177384,54.0,0.0,0.00020462818793021145,0.21080178138799965,0.0013330651224047567,2.3573670660456023,0.0060237111714135,0.06661478678385417,0.8344156388193369,0.026863509032409638,0.05511474609375,0.3666737750172615,3.8420228958129883
110747.62801770307,2343,153550848,153550848,937.8718630729009,1584.7867785258259,2339,100,29.690000152587892,13.881422883037704,50.0,1.0,23.810000133514404,15.261517162987158,62.0,0.0,-0.0005999720330388906,0.2290200755620996,0.001368722342400967,2.355897036691507,0.008104380901083156,0.07931009928385417,0.8207300535092752,0.02709410066017881,0.0556640625,0.3847241997718811,3.8424060344696045
110807.62862179242,2344,153668096,153616384,1954.1136590125143,1092.2556696663835,2339,100,29.690000152587892,13.881422883037704,50.0,1.0,23.810000133514404,15.261517162987158,62.0,0.0,0.0008918153907870874,0.19954121229238808,0.0013481400480183463,2.366641049583753,0.007850582451889446,0.08028666178385417,0.8422925832370917,0.02645736492316549,0.0545654296875,0.37150098383426666,3.8425021171569824
110889.60830056295,2346,153747456,153747456,968.0447787815796,1598.8352475360282,2339,100,29.690000152587892,13.881422883037704,50.0,1.0,23.810000133514404,15.261517162987158,62.0,0.0,0.0005511908651290772,0.1972023316969474,0.0013484964498881404,2.364379972219467,0.008376121912078816,0.08919779459635416,0.8359350891162951,0.027318455822144944,0.0563507080078125,0.39818741381168365,3.8428380489349365
110949.60850119963,2347,153869568,153812992,2035.1931944264059,1092.2630141994966,2342,100,29.439999961853026,13.712271903084776,55.0,0.0,26.510000038146973,14.529621568765755,58.0,0.0,0.0024311861197929834,0.2240482751900951,0.00134611054090783,2.3649899140000343,0.010610489473644217,0.09738667805989583,0.8224075449009737,0.027746282770143203,0.05279541015625,0.3647805228829384,3.84291410446167
111030.81239973754,2349,153944064,153944064,917.394378118768,1614.1096962089664,2342,100,29.439999961853026,13.712271903084776,55.0,0.0,26.510000038146973,14.529621568765755,58.0,0.0,-0.00025424707564525306,0.19490350340493023,0.0013300673635967544,2.3820272559920945,0.007349616780629732,0.07406616210937499,0.8383097729335228,0.02662404663472747,0.0531463623046875,0.3702111020684242,3.8430230617523193
111090.81627833098,2350,154063104,154009600,1983.8717561335216,1092.196063591788,2346,100,27.770000076293947,13.387946127897138,52.0,1.0,25.730000305175782,13.424496323177205,54.0,0.0,-1.9039180187974084e-05,0.19598573554928103,0.0013699757012849054,2.373522919913133,0.007096053200560466,0.07153320312500001,0.8381477414319912,0.026760438418326277,0.05419921875,0.3776785209774971,3.8431236743927
111173.54571515694,2352,154140672,154140672,937.6106374709275,1584.34536760764,2346,100,27.770000076293947,13.387946127897138,52.0,1.0,25.730000305175782,13.424496323177205,54.0,0.0,0.0014190877724710542,0.19932749044770995,0.0013416746187431272,2.368591782947381,0.007204286912383395,0.07181803385416667,0.8411260135471821,0.027666111942380667,0.056488037109375,0.4000120311975479,3.8433446884155273
111233.54575102217,2353,154260992,154206208,2005.3321346382843,1092.266013760427,2346,100,27.770000076293947,13.387946127897138,52.0,1.0,25.730000305175782,13.424496323177205,54.0,0.0,0.0016949288547039032,0.2074417656597992,0.0013267740638790808,2.3763946344455085,0.007012378926447126,0.06746419270833333,0.8406535883744557,0.027539877764259778,0.0547637939453125,0.3847754970192909,3.8434977531433105
111316.65732816048,2355,154337280,154337280,917.8985964019224,1577.0606756972627,2350,100,29.48000011444092,13.935910753448699,62.0,0.0,23.660000038146972,13.156914598848836,56.0,0.0,-0.0011692545352464852,0.1759208037207524,0.001286121657661473,2.3876577392220497,0.007717187199887121,0.07007344563802084,0.8552151098847389,0.02733891185683509,0.05242919921875,0.38074079900979996,3.8436362743377686
111376.65912472643,2356,154456320,154402816,1983.9405953313294,1092.233962160904,2350,100,29.48000011444092,13.935910753448699,62.0,0.0,23.660000038146972,13.156914598848836,56.0,0.0,0.00017799651686800644,0.18195695779286325,0.001350877784716431,2.3757538621624312,0.006722567427762745,0.06895955403645833,0.8513368175675472,0.027292541965531807,0.0578155517578125,0.4017479717731476,3.843836784362793
111458.2654691115,2358,154533888,154533888,950.5143329786099,1606.1496319638557,2353,100,28.410000038146972,13.552191484767171,50.0,1.0,22.04000005722046,14.622530576157292,57.0,0.0,-0.0008654339180793614,0.20218235246526697,0.0013077037862482637,2.373909090956052,0.007668966499598659,0.073333740234375,0.8431949894875288,0.02681207478356858,0.053466796875,0.3758419305086136,3.8440003395080566
111518.26973952353,2359,154654208,154599424,2005.1906168311964,1092.1889317208218,2353,100,28.410000038146972,13.552191484767171,50.0,1.0,22.04000005722046,14.622530576157292,57.0,0.0,0.00011785042200547962,0.21319002130379278,0.0013249093814617177,2.369772970676422,0.007053114399241167,0.07396443684895833,0.8409084230661393,0.02637034705063949,0.054718017578125,0.3807416632771492,3.8441193103790283
111599.97285215557,2361,154730496,154730496,933.7220767044203,1604.2473264183327,2356,100,28.99000015258789,14.107795630647601,49.0,0.0,25.1,14.44056800746592,53.0,0.0,0.0004630468198835539,0.20732373526940742,0.0013436873341561295,2.3648290261626244,0.007458476246029022,0.07755025227864583,0.8503855746239424,0.028727046078226216,0.0523223876953125,0.36425432562828064,3.844327688217163
111659.97325839847,2362,154851584,154796032,2018.11966921998,1092.2592712903063,2356,100,28.99000015258789,14.107795630647601,49.0,0.0,25.1,14.44056800746592,53.0,0.0,0.0013291203698220975,0.20496898827453455,0.0013072359567255867,2.3677646343906718,0.008248842110939828,0.08265177408854166,0.8499974869191647,0.027673879948755104,0.053314208984375,0.3835851103067398,3.844438314437866
111741.6304252427,2364,154927104,154927104,924.842275559953,1605.149983344732,2360,100,28.09000015258789,13.053807920942765,52.0,0.0,24.300000190734863,14.435026587829695,61.0,0.0,-0.00017140732476642978,0.1960421425756067,0.001317903815409712,2.369108945131302,0.007910604381928957,0.07738240559895834,0.8491679262369871,0.027760300242031615,0.052764892578125,0.37451867014169693,3.844562292098999
111801.63068205118,2365,155051008,154992640,2065.0578279274855,1092.2619916310666,2360,100,28.09000015258789,13.053807920942765,52.0,0.0,24.300000190734863,14.435026587829695,61.0,0.0,-0.0006679514262941666,0.21123299251000088,0.0013103631184397575,2.3714036668340364,0.008345314526498745,0.07736714680989583,0.863861016308268,0.028360518568661064,0.0524139404296875,0.3775016665458679,3.8446226119995117
111882.91975857504,2367,155123712,155123712,894.3883127847328,1612.4183667105042,2360,100,28.09000015258789,13.053807920942765,52.0,0.0,24.300000190734863,14.435026587829695,61.0,0.0,0.0003955384842508163,0.23238992768650252,0.0013605802608556892,2.3747997482617693,0.007868544846132863,0.06999206542968749,0.8376361231009166,0.025899321869170915,0.050140380859375,0.3639441877603531,3.844702959060669
111942.91992904246,2368,155243776,155189248,2001.060981404907,1092.2635634107808,2363,100,25.779999923706054,14.920174171463602,59.0,0.0,23.069999980926514,13.931442888691961,57.0,0.0,-0.00040562677653118356,0.19337071889700988,0.0013559835873214372,2.3784310842553777,0.008636473160246775,0.08422342936197917,0.8580444622784853,0.0257193602155894,0.05279541015625,0.3959410637617111,3.844675302505493
112024.76702354662,2370,155320320,155320320,935.2072967734614,1601.425203839506,2363,100,25.779999923706054,14.920174171463602,59.0,0.0,23.069999980926514,13.931442888691961,57.0,0.0,0.00027090623674060527,0.18918548050957423,0.0013565927159409814,2.377193095783393,0.008358237398473042,0.07967631022135417,0.8640590862681469,0.02580729755572975,0.0532989501953125,0.37514858692884445,3.844855785369873
112084.76755373366,2371,155435776,155385856,1924.2496631294298,1092.2570149914282,2367,100,28.88999996185303,12.954454861038323,57.0,1.0,23.58000030517578,13.86952040650766,58.0,0.0,0.0013074761785295172,0.1923819825363656,0.0013412040195059187,2.3782117341955504,0.009716240632769768,0.08717854817708333,0.8525427312900622,0.02467246140198161,0.053253173828125,0.3901558667421341,3.8449459075927734
112167.14112444222,2373,155516928,155516928,985.1703562435099,1591.1899760147542,2367,100,28.88999996185303,12.954454861038323,57.0,1.0,23.58000030517578,13.86952040650766,58.0,0.0,0.00022762495549007628,0.2044036639854312,0.001317110677822105,2.3796580309669175,0.0075213099165315125,0.07846577962239584,0.8372517433017493,0.0250561295542866,0.0532989501953125,0.35894257575273514,3.8451991081237793
112227.14150129817,2374,155637760,155582464,2013.854017785364,1092.2598062564687,2367,100,28.88999996185303,12.954454861038323,57.0,1.0,23.58000030517578,13.86952040650766,58.0,0.0,0.0028090410560253076,0.1888934246574839,0.0013447459799256951,2.365022984643777,0.008665599660768445,0.08420817057291667,0.8613739237189293,0.02633609777937333,0.0538787841796875,0.38693898916244507,3.8453094959259033
112308.71784592234,2376,155713536,155713536,928.8967328594454,1606.7402946757973,2370,100,30.529999923706054,11.798690762551564,50.0,1.0,24.72000026702881,12.359676355554438,53.0,0.0,0.0017564383548839637,0.20441475060457984,0.0013391623130398027,2.3497677122553187,0.008494932620427184,0.08242797851562501,0.8450310484816631,0.02784270333359018,0.057861328125,0.3950154036283493,3.8457536697387695
112368.7181271743,2377,155832832,155779072,1988.257346645174,1092.2615466548596,2370,100,30.529999923706054,11.798690762551564,50.0,1.0,24.72000026702881,12.359676355554438,53.0,0.0,0.0003966241517143014,0.17106331155324977,0.0012875998739521795,2.3686802064379058,0.006740913209190088,0.06824239095052083,0.8643336693445841,0.026239795222257573,0.05572509765625,0.4013512432575226,3.845900774002075
112450.26746196859,2379,155910144,155910144,948.0396154674706,1607.2724606600827,2374,100,29.619999885559082,13.412516503579115,51.0,0.0,25.34000015258789,14.43275431805788,60.0,0.0,-0.00040810494586670154,0.18218092845442393,0.0012956554722525955,2.348429123560588,0.007570282340263171,0.07248942057291666,0.8689014402528604,0.026846174247718107,0.056884765625,0.392843134701252,3.846379518508911
112510.26758703217,2380,156027136,155975680,1949.8626023866016,1092.2643899583588,2374,100,29.619999885559082,13.412516503579115,51.0,0.0,25.34000015258789,14.43275431805788,60.0,0.0,-0.0006812253899018591,0.18800524761900309,0.001273678797588218,2.36114501953125,0.007399696321347923,0.07476298014322916,0.8707065402219692,0.025491986093887437,0.0572967529296875,0.3965705931186676,3.846651077270508
112592.40924350731,2382,156106752,156106752,969.2524282620722,1595.6824542449547,2377,100,30.06999969482422,12.781435693411234,59.0,2.0,22.930000019073486,14.671233876678212,61.0,0.0,0.000521344285516534,0.22562103004505238,0.0012841022520054441,2.344599410891533,0.008335269879050125,0.08376566569010417,0.8290656047562758,0.02645406400552019,0.054046630859375,0.3764815703034401,3.8467743396759033
112652.40942197666,2383,156220160,156172288,1890.1277111690913,1092.263417741055,2377,100,30.06999969482422,12.781435693411234,59.0,2.0,22.930000019073486,14.671233876678212,61.0,0.0,-0.0013118076264314975,0.21423399293174344,0.00132997457452196,2.338324695825577,0.007837591350835282,0.08227030436197916,0.8324881040801605,0.02719305510011812,0.054779052734375,0.3713967353105545,3.8467862606048584
112735.3978455048,2385,156303360,156303360,1002.5494697074046,1579.4010107390495,2381,100,26.810000038146974,13.875658586347358,59.0,0.0,25.860000228881837,13.275556370623454,54.0,0.0,-0.000424516079268263,0.19761822496851286,0.001363194699176044,2.3384434406956034,0.007346242292139021,0.07169087727864583,0.8340689887603124,0.02623129866939659,0.059356689453125,0.3940550461411476,3.8471336364746094
112795.3979871925,2386,156424704,156368896,2022.3952241914994,1092.2640873270545,2381,100,26.810000038146974,13.875658586347358,59.0,0.0,25.860000228881837,13.275556370623454,54.0,0.0,-0.000627192920849969,0.20521512231789532,0.001324632086228424,2.356803797185421,0.008666405208108092,0.0926666259765625,0.8540314889202515,0.02657488393985356,0.05255126953125,0.3696039095520973,3.8472657203674316
112877.1635610871,2388,156499968,156499968,920.4851921789787,1603.0218312776772,2381,100,26.810000038146974,13.875658586347358,59.0,0.0,25.860000228881837,13.275556370623454,54.0,0.0,-0.00042029646768545115,0.20248085485460857,0.0013034943755580268,2.348677396774292,0.009287952013740627,0.08723958333333333,0.853967339421312,0.026805539266206324,0.0554046630859375,0.3748006373643875,3.847576141357422
112937.16412528604,2389,156613888,156565504,1898.6488130725058,1092.2563958349697,2384,100,27.729999923706053,13.900255475332486,58.0,1.0,24.95,13.344193364833096,54.0,0.0,9.758025407791138e-05,0.20056006925490996,0.001339330531967183,2.354929529130459,0.008059487296122825,0.0755767822265625,0.8479115410397451,0.029020486612959456,0.0556488037109375,0.38303733617067337,3.847717523574829
113019.32456829958,2391,156696576,156696576,1006.4210582016841,1595.3175907097902,2384,100,27.729999923706053,13.900255475332486,58.0,1.0,24.95,13.344193364833096,54.0,0.0,-0.0009854747477220371,0.18801787262782457,0.0013602737526525741,2.361532188951969,0.010127961855080988,0.09406534830729167,0.8712366577237844,0.027462235225054126,0.0555419921875,0.38481517881155014,3.8480517864227295
113079.32457111031,2392,156815616,156762112,1983.9999070584818,1092.266615498863,2388,100,29.219999885559083,13.394461272982683,62.0,1.0,26.35999984741211,13.250297951998299,60.0,0.0,0.0008554642384600205,0.18046437157317996,0.001335562174062943,2.3773433963457746,0.008596623930619291,0.079986572265625,0.8686021311829487,0.025762030777210992,0.0560150146484375,0.3996436223387718,3.848172187805176
113161.07615024224,2394,156893184,156893184,948.8257086119452,1603.296246895432,2388,100,29.219999885559083,13.394461272982683,62.0,1.0,26.35999984741211,13.250297951998299,60.0,0.0,0.0019553803528348603,0.2243912470682214,0.0013594565534731375,2.3573926463723183,0.008559837277061888,0.08304341634114583,0.8307358175516129,0.027222300685631733,0.055816650390625,0.37772978097200394,3.848411798477173
113221.07668103464,2395,157011968,156958720,1979.7158196981377,1092.2570039713864,2391,100,29.060000228881837,13.900229850006214,56.0,1.0,25.370000267028807,14.3955929119778,59.0,1.0,-0.0018007676238388133,0.20702504692599177,0.0013499452907126397,2.362074337899685,0.007580355132328502,0.0771942138671875,0.8397047283748785,0.02662609554439162,0.0545654296875,0.37615855783224106,3.8485217094421387
113303.23235521838,2397,157089792,157089792,947.2748020538007,1595.4101929327169,2391,100,29.060000228881837,13.900229850006214,56.0,1.0,25.370000267028807,14.3955929119778,59.0,1.0,0.0008754302737846349,0.1965738732057313,0.0013225382887564288,2.3748801623781524,0.0070820809742144775,0.0786285400390625,0.8596298626313607,0.025667519696677726,0.0541229248046875,0.38338398188352585,3.8488128185272217
113363.23254618235,2398,157213184,157155328,2056.5267879580497,1092.2631902847731,2391,100,29.060000228881837,13.900229850006214,56.0,1.0,25.370000267028807,14.3955929119778,59.0,1.0,0.0002185294021425458,0.21894542686641216,0.0013219271083168376,2.35389286528031,0.008262703337095445,0.08066304524739583,0.8480761970082918,0.026722536111871403,0.053558349609375,0.3623691499233246,3.8489413261413574
113444.5070187822,2400,157286400,157286400,900.8486632755577,1612.708096493306,2395,100,28.4,12.943724417652849,52.0,2.0,24.999999809265137,14.342245269195368,58.0,1.0,0.0012648346213002999,0.2177404516066114,0.0013214043465268333,2.362156555056572,0.007832273176366774,0.08193461100260417,0.8638231232762337,0.02762210138219719,0.0545196533203125,0.3781532421708107,3.8492541313171387
113504.50770484284,2401,157403392,157351936,1949.8443714754667,1092.2541774567164,2395,100,28.4,12.943724417652849,52.0,2.0,24.999999809265137,14.342245269195368,58.0,1.0,0.0014758540880090247,0.19214739448701343,0.0013254479793734693,2.3589295099178953,0.008210137159646061,0.08455403645833334,0.8708496491114298,0.027183234924450517,0.0542755126953125,0.3931776210665703,3.849353075027466
113586.12949985452,2403,157483008,157483008,975.4257424576712,1605.845595300089,2398,100,30.010000038146973,12.346250444577988,62.0,1.0,23.680000209808348,14.472650001218561,62.0,0.0,-0.0004837566229980439,0.20646364761826894,0.0013383595724008046,2.3582742984096208,0.008035248007217888,0.0799560546875,0.8561701470365127,0.02733519426935042,0.0551910400390625,0.37547463178634644,3.849581003189087
113646.13014840335,2404,157604864,157548544,2030.9113809134506,1092.2548603232003,2398,100,30.010000038146973,12.346250444577988,62.0,1.0,23.680000209808348,14.472650001218561,62.0,0.0,-0.0004620184020798963,0.2041952097012351,0.001314523125377794,2.3578812380631766,0.007316299364902079,0.07582600911458333,0.8500059998283783,0.02718478433477382,0.0556793212890625,0.3945990577340126,3.849606990814209
113727.88368107937,2406,157679616,157679616,914.3580412142926,1603.2579352798555,2402,100,28.48000011444092,12.755767020728266,51.0,1.0,22.339999771118165,14.510837287131709,59.0,0.0,0.00039540301319599774,0.21963324397802356,0.00136748694058042,2.3584150870641074,0.00953965876821409,0.08250935872395834,0.8356749409188827,0.027549307618755847,0.0540313720703125,0.37601400911808014,3.849794864654541
113787.88372120261,2407,157797888,157745152,1971.198681818731,1092.265936245877,2402,100,28.48000011444092,12.755767020728266,51.0,1.0,22.339999771118165,14.510837287131709,59.0,0.0,0.00022320544909841067,0.21414950373582542,0.0013658528405358084,2.3594992235302925,0.009004054873003042,0.09466044108072916,0.845976303021113,0.026214200537651777,0.0544891357421875,0.3730761930346489,3.8499178886413574
113870.42871718295,2409,157876224,157876224,949.0096773238698,1587.885473169351,2402,100,28.48000011444092,12.755767020728266,51.0,1.0,22.339999771118165,14.510837287131709,59.0,0.0,-0.0012036006834629613,0.18257566021444896,0.001303719486410652,2.3693432236711187,0.006938779798777736,0.0650787353515625,0.8601174590488274,0.02526019715393583,0.055694580078125,0.3897470608353615,3.8502249717712402
113930.42924801446,2410,157995520,157941760,1988.2490762454847,1092.2570032593221,2405,100,28.480000305175782,13.311258210331326,51.0,1.0,24.679999923706056,13.956991153394197,55.0,1.0,-0.002295962481487853,0.18474058574065566,0.0013425116364184457,2.363499822715918,0.006869195154649788,0.07194010416666666,0.865267255033056,0.026051292661577463,0.0569610595703125,0.3978405222296715,3.8504223823547363
114012.54066869244,2412,158072832,158072832,941.5499008743592,1596.2700306214301,2405,100,28.480000305175782,13.311258210331326,51.0,1.0,24.679999923706056,13.956991153394197,55.0,1.0,0.0030088530062736636,0.223925550468266,0.0013546302773950931,2.3677738234400754,0.008192717077690759,0.0811309814453125,0.834384315336744,0.025850817231306184,0.055511474609375,0.38581305742263794,3.8506627082824707
114072.54094995,2413,158191872,158138368,1983.990699793781,1092.2615465531353,2409,100,28.249999809265137,13.265274149134385,52.0,0.0,23.390000343322754,14.53815339895994,62.0,0.0,0.0006878838248667307,0.2354322113096714,0.0013587077143408048,2.361094149450461,0.007168422478571301,0.063140869140625,0.852120970065395,0.026553186238743365,0.0557708740234375,0.3829405829310417,3.850844621658325
114154.1678131707,2415,158269440,158269440,950.2753988018376,1605.7458884044254,2409,100,28.249999809265137,13.265274149134385,52.0,0.0,23.390000343322754,14.53815339895994,62.0,0.0,0.00029834688757546246,0.22287334105931222,0.0013912204073373382,2.3731343746185303,0.007409254837815146,0.07589721679687501,0.8360212265203397,0.02694472499812643,0.05255126953125,0.36144381761550903,3.8508975505828857
114214.1681821309,2416,158388480,158334976,1983.987799791019,1092.259949992475,2412,100,28.13999996185303,12.31667187941406,49.0,0.0,25.57000026702881,14.058630811485633,64.0,1.0,0.000560720669454895,0.213458267506212,0.0014267147659362915,2.361641079187393,0.00803250734982915,0.076141357421875,0.8573359592507284,0.02685428789118305,0.054840087890625,0.35289468616247177,3.8510546684265137
114295.75611130148,2418,158466048,158466048,950.7288736036661,1606.51215605636,2412,100,28.13999996185303,12.31667187941406,49.0,0.0,25.57000026702881,14.058630811485633,64.0,1.0,5.925414006924258e-05,0.22815411289532977,0.0013989120573872544,2.381012886762619,0.008268620137338681,0.08130900065104167,0.8363233438382547,0.02672815080344056,0.0536956787109375,0.3864881247282028,3.8511292934417725
114355.75640582666,2419,158588672,158531584,2043.7233012005738,1092.2613050257764,2412,100,28.13999996185303,12.31667187941406,49.0,0.0,25.57000026702881,14.058630811485633,64.0,1.0,-0.00011007400947467735,0.23377448708439869,0.0013666188303128972,2.377003309627374,0.008151723072539122,0.07479858398437499,0.8327604886144401,0.026016832639773686,0.0543060302734375,0.3639913573861122,3.851269483566284
114436.6658698488,2421,158662656,158662656,914.404771977612,1619.9835406662191,2415,100,28.049999809265138,13.686033131127251,60.0,0.0,24.960000038146973,13.333356663201615,51.0,1.0,-0.0006438109970379932,0.17790978673535088,0.001381758761757131,2.39203725506862,0.007249935402796837,0.0748748779296875,0.8648898918181658,0.02579318966794138,0.05523681640625,0.39049073308706284,3.851500988006592
114496.6663668789,2422,158783232,158728192,2009.5833529432775,1092.2576185848811,2415,100,28.049999809265138,13.686033131127251,60.0,0.0,24.960000038146973,13.333356663201615,51.0,1.0,-0.00024408779669708264,0.1887269283955296,0.0013545272862150646,2.3800209065278373,0.007962176871539365,0.0771484375,0.853534135967493,0.027693708582470812,0.053375244140625,0.37008973211050034,3.851572036743164
114578.32115223445,2424,158859264,158859264,931.1395488816793,1605.1967980721206,2419,100,28.200000190734862,13.392535464204839,54.0,0.0,25.620000076293945,13.000599927257507,51.0,0.0,0.0029335863412901135,0.19692494596044222,0.0013182075975540404,2.39202027519544,0.006671190186049595,0.0764312744140625,0.8533829717586437,0.02624313678825274,0.0533905029296875,0.3690507709980011,3.851811647415161
114638.32123074122,2425,158979072,158924800,1996.797387298188,1092.2652374964446,2419,100,28.200000190734862,13.392535464204839,54.0,0.0,25.620000076293945,13.000599927257507,51.0,0.0,-0.0013391857379853416,0.19466183078475296,0.0013380646608614672,2.3906228045622506,0.007402734070031633,0.07482401529947916,0.8598095191021761,0.025904551924516756,0.0529632568359375,0.37880009412765503,3.8518476486206055
114720.2511998862,2427,159055872,159055872,937.3859260717287,1599.8053138290836,2423,100,30.400000190734865,12.214745349203369,53.0,1.0,27.939999771118163,13.311513692609998,55.0,0.0,-0.00022526166624932864,0.1982383734236161,0.0013442625446865957,2.381605135897795,0.008015043179208686,0.07328287760416666,0.8608498411873976,0.02679276796213041,0.0529022216796875,0.37404583394527435,3.8520028591156006
114780.2516406402,2428,159175936,159121408,2001.0519671391423,1092.2586430439667,2423,100,30.400000190734865,12.214745349203369,53.0,1.0,27.939999771118163,13.311513692609998,55.0,0.0,-0.00032670111977495253,0.17622978853372237,0.0013188974492853354,2.3796438996990523,0.006946896532099345,0.06726074218750001,0.8650417172660431,0.025107469176873565,0.0543670654296875,0.3622892424464226,3.8522191047668457
114861.82542223297,2430,159252480,159252480,938.3407083187483,1606.7907781244119,2426,100,29.900000381469727,13.257073661051896,53.0,0.0,26.030000114440917,14.599626633280478,61.0,0.0,-0.0005361652632321542,0.19753917337705693,0.0013391576661282065,2.363241866230964,0.007143673884153638,0.067779541015625,0.8548072775204976,0.026651066398092855,0.0544281005859375,0.3757275566458702,3.8525280952453613
114921.82587450743,2431,159369472,159318016,1949.8519688626716,1092.2584333235097,2426,100,29.900000381469727,13.257073661051896,53.0,0.0,26.030000114440917,14.599626633280478,61.0,0.0,-0.001268543848709669,0.1841532657854259,0.0013245599341947432,2.360022922356923,0.007695792238640327,0.07927449544270833,0.8649818599224091,0.02536469236171494,0.0553741455078125,0.3849909231066704,3.8526771068573
115003.84174685925,2433,159449088,159449088,970.7389279293347,1598.1296819929885,2426,100,29.900000381469727,13.257073661051896,53.0,0.0,26.030000114440917,14.599626633280478,61.0,0.0,9.256216920524214e-05,0.18744223735605678,0.0013364522128540557,2.3525680750608444,0.005691107805735858,0.062413533528645836,0.8667685066660246,0.026953464179920655,0.0601043701171875,0.3990327715873718,3.8530263900756836
115063.84553333744,2434,159570176,159514624,2018.005981072702,1092.1977402845914,2429,100,28.2,13.730258451083706,51.0,0.0,25.239999771118164,14.212754997605119,60.0,0.0,3.902052897804728e-05,0.18324204604141414,0.0013085900573059914,2.367100827395916,0.006960301282864141,0.07367451985677084,0.8585630053033432,0.026374323468189687,0.0546417236328125,0.37371350824832916,3.8531386852264404
115144.88647299446,2436,159645696,159645696,931.8746835811212,1617.355383028929,2429,100,28.2,13.730258451083706,51.0,0.0,25.239999771118164,14.212754997605119,60.0,0.0,0.001449029051097265,0.21504577482119205,0.001353567888145335,2.3555942401289944,0.008603744120288564,0.08897908528645833,0.8486321916182836,0.02742166460181276,0.0573272705078125,0.38562100380659103,3.8534910678863525
115204.88664875738,2437,159767808,159711232,2035.1940381391648,1092.2634670096986,2433,100,27.04000015258789,14.286301011495251,56.0,0.0,24.939999771118163,15.189351413358251,59.0,1.0,-0.0017515524474826332,0.22368299712737402,0.0013443159162610148,2.373129151761532,0.008216561259056713,0.07749430338541666,0.8363300108661255,0.02659878582926467,0.05438232421875,0.3802134767174721,3.8536295890808105
115286.71247507818,2439,159842304,159842304,910.4216034182081,1601.8414465639949,2433,100,27.04000015258789,14.286301011495251,56.0,0.0,24.939999771118163,15.189351413358251,59.0,1.0,-0.0005090863366300861,0.20215287253571051,0.0013696036548935808,2.3684395526846247,0.007968186363238297,0.0806732177734375,0.8487392769505581,0.026745097925110407,0.0550537109375,0.3805251866579056,3.8538355827331543
115346.71285065822,2440,159960064,159907840,1962.6543811030656,1092.2598294834452,2433,100,27.04000015258789,14.286301011495251,56.0,0.0,24.939999771118163,15.189351413358251,59.0,1.0,-0.0006435643202469995,0.23089097440242765,0.0013698038989484,2.3726565887530646,0.008543829318417314,0.07407633463541667,0.8245940009752909,0.02640645349553476,0.0529937744140625,0.3715592920780182,3.8538453578948975
115428.61641009152,2442,160038912,160038912,962.693203391425,1600.3211692740572,2437,100,27.530000114440917,12.361597797912912,49.0,2.0,22.599999809265135,14.866068567825872,57.0,0.0,0.001026418392333047,0.22169639030471444,0.0013228684607990242,2.3782928362488747,0.008163452502534103,0.0818023681640625,0.8391927679379781,0.026752107466260593,0.053558349609375,0.3702957481145859,3.8540866374969482
115488.61658306606,2443,160159488,160104448,2009.594206522716,1092.2635177703085,2437,100,27.530000114440917,12.361597797912912,49.0,2.0,22.599999809265135,14.866068567825872,57.0,0.0,0.0022865930101640215,0.22380690183490515,0.0013569480567336238,2.37255097180605,0.008388374031104226,0.07973734537760417,0.8363778553903103,0.02725876753296082,0.0531463623046875,0.3709525391459465,3.854130506515503
115570.39843928255,2445,160235520,160235520,929.6927645996511,1602.7026783670754,2440,100,27.070000076293944,13.304326330654732,49.0,2.0,23.719999885559083,14.922519668323199,61.0,1.0,-0.0010956722059442352,0.18466084163325527,0.0013421464500424918,2.382027566432953,0.008415911754733923,0.08063761393229167,0.852439443891247,0.02687650431956475,0.051361083984375,0.3539653569459915,3.854238748550415
115630.398828106,2446,160355072,160301056,1992.5204210222746,1092.2595883976494,2440,100,27.070000076293944,13.304326330654732,49.0,2.0,23.719999885559083,14.922519668323199,61.0,1.0,-0.001373123045292838,0.2093367654985438,0.0013360188677324913,2.388810656964779,0.00867487384615136,0.07935078938802084,0.8533737175166607,0.02606798184569925,0.0512847900390625,0.3722817525267601,3.8542983531951904
115711.61791478656,2448,160432128,160432128,948.7425080642075,1613.8078542487517,2444,100,26.289999961853027,14.336871989054833,52.0,0.0,22.000000190734863,13.673331972996232,52.0,0.0,-0.00014342295617097991,0.1833198096913596,0.0013315696329906739,2.3886547759175305,0.007379404160625806,0.07237243652343751,0.849176291997234,0.025679802968321987,0.053985595703125,0.37973614037036896,3.854522466659546
115771.61830406263,2449,160555008,160497664,2047.986712796269,1092.2595801580103,2444,100,26.289999961853027,14.336871989054833,52.0,0.0,22.000000190734863,13.673331972996232,52.0,0.0,0.0007266824783679718,0.20894172477225464,0.0013276151730678976,2.385249642034372,0.008626549080266463,0.08675638834635417,0.8543019952873389,0.025392205318591248,0.05340576171875,0.3735564425587654,3.85459566116333
115853.22441547923,2451,160628736,160628736,903.4617471677334,1606.1542171870815,2444,100,26.289999961853027,14.336871989054833,52.0,0.0,22.000000190734863,13.673331972996232,52.0,0.0,-0.00024509467281556374,0.20482995345567662,0.0013645949390289995,2.385810335477193,0.007217477148515172,0.07665506998697917,0.8492384168008963,0.02659797474431495,0.05328369140625,0.3643717095255852,3.854835271835327
115913.2247140836,2452,160749824,160694272,2018.12328965947,1092.2612307670704,2447,100,28.920000076293945,14.118555112171345,60.0,1.0,26.010000038146973,15.521272598775289,57.0,0.0,-0.0009318740194430575,0.21764586322630447,0.0013343978935154155,2.3925635417302447,0.008128233581980263,0.07194519042968749,0.8259480701138575,0.027000058034900576,0.052490234375,0.3718699961900711,3.854830741882324
115995.14775256626,2454,160825344,160825344,921.8408081382281,1599.940656836518,2447,100,28.920000076293945,14.118555112171345,60.0,1.0,26.010000038146973,15.521272598775289,57.0,0.0,-0.0002292052304255776,0.17066677729599178,0.0012738849654851947,2.400313970943292,0.006588569792559914,0.0699920654296875,0.8689233480642239,0.02667459659278393,0.0523681640625,0.37608061730861664,3.855064630508423
116055.14790577069,2455,160949760,160890880,2073.594705268551,1092.2638776723234,2447,100,28.920000076293945,14.118555112171345,60.0,1.0,26.010000038146973,15.521272598775289,57.0,0.0,-7.679582631681113e-05,0.1942683394687871,0.001294252924708417,2.3933816999197006,0.007232764134945076,0.07739766438802083,0.8416685226062933,0.026965333168239642,0.0540924072265625,0.3808971643447876,3.855182647705078
116136.1745769903,2457,161021952,161021952,890.9658870759806,1617.6401921379506,2451,100,27.169999885559083,14.613729668535166,60.0,0.0,26.52000026702881,13.55616470395604,58.0,1.0,0.00013050961570115763,0.17493259611849984,0.001324048702372238,2.3853127261002856,0.007055295622800864,0.0715179443359375,0.8512353884677092,0.02642507360239203,0.0571136474609375,0.3857745826244354,3.855329751968384
116196.17496605031,2458,161144832,161087488,2047.9867201712548,1092.259584091336,2451,100,27.169999885559083,14.613729668535166,60.0,0.0,26.52000026702881,13.55616470395604,58.0,1.0,0.0006870654663847139,0.180609269766137,0.0013351525243100089,2.388512427608172,0.006880677763547283,0.06534830729166667,0.8637600845346848,0.025877707773664348,0.05657958984375,0.3918546736240387,3.8554482460021973
116278.26709536277,2460,161218560,161218560,898.112896053403,1596.6451485393832,2455,100,29.160000038146972,14.758536400932508,59.0,1.0,27.51999988555908,12.976501776526236,57.0,0.0,0.0007890958828890388,0.1704777484604468,0.001311984832379191,2.3869082008798914,0.006626026923792475,0.0608673095703125,0.8548936260243256,0.02627122732034574,0.056915283203125,0.4121538773179054,3.855707883834839
116338.26768477261,2461,161332224,161284096,1894.3813905493641,1092.255936893327,2455,100,29.160000038146972,14.758536400932508,59.0,1.0,27.51999988555908,12.976501776526236,57.0,0.0,-0.0014057348889764398,0.18505378579720855,0.0012615212823826973,2.3812127759059267,0.007958176686467292,0.07121785481770833,0.8482150876273711,0.02574383286992088,0.05377197265625,0.379384882748127,3.855724573135376
116421.26295710728,2463,161415168,161415168,999.3822258398247,1579.2706778703405,2459,100,29.18000011444092,13.647988869983017,53.0,0.0,24.849999809265135,14.96821632149455,57.0,1.0,0.0022840706345353587,0.16636033612303433,0.0012859822296983718,2.36382944136858,0.005438878511995426,0.058024088541666664,0.8504557597140471,0.02655050901618476,0.0579681396484375,0.3940982446074486,3.8559491634368896
116481.26308598556,2464,161535232,161480704,2001.0623684420457,1092.2643205142083,2459,100,29.18000011444092,13.647988869983017,53.0,0.0,24.849999809265135,14.96821632149455,57.0,1.0,-0.0005062581331003457,0.16332077460053068,0.0012501802120823413,2.376263591150443,0.005506091159380352,0.055425008138020836,0.8774555747707685,0.026248410363526393,0.05657958984375,0.3963730111718178,3.8561489582061768
116563.05076082423,2466,161611776,161611776,935.8867353911211,1602.5886572583745,2459,100,29.18000011444092,13.647988869983017,53.0,0.0,24.849999809265135,14.96821632149455,57.0,1.0,-0.00010473905786057006,0.198837448299552,0.0012469768723046097,2.3741201062997184,0.006877283137024885,0.06839497884114583,0.8529283112535874,0.026108045499616612,0.056243896484375,0.38922079652547836,3.8564443588256836
116623.05104045942,2467,161733120,161677312,2022.3905744737583,1092.261576087093,2462,100,27.67999973297119,14.328210205260506,49.0,0.0,26.160000228881835,14.71035011742985,58.0,0.0,-0.0006554190282865117,0.19902773046245179,0.001294279156960935,2.3642151554425554,0.008026658169304332,0.08028157552083334,0.8617443988720577,0.02622289907109613,0.0550537109375,0.3739830106496811,3.856576442718506
116704.4212331213,2469,161808384,161808384,924.9578689428132,1610.8109826487087,2462,100,27.67999973297119,14.328210205260506,49.0,0.0,26.160000228881835,14.71035011742985,58.0,0.0,0.001399291169946082,0.20224720790671805,0.0013120913378467474,2.3762225831548376,0.008042194506439653,0.08024088541666667,0.8578358429173628,0.027855349025533847,0.056121826171875,0.3892097696661949,3.8568899631500244
116764.42139356211,2470,161926144,161873920,1962.6614184837806,1092.2637459387997,2466,100,28.830000114440917,12.860836116510027,50.0,1.0,26.379999732971193,14.88272824533973,58.0,1.0,-1.2832688904988274e-05,0.1829166792643567,0.0012913877823545288,2.3825832481185594,0.007235222890813021,0.0736236572265625,0.8598764675358932,0.027403605675014354,0.059722900390625,0.4198196157813072,3.857084035873413
116846.20709385164,2472,162004992,162004992,964.0805143303453,1602.6273484971973,2466,100,28.830000114440917,12.860836116510027,50.0,1.0,26.379999732971193,14.88272824533973,58.0,1.0,-3.567813352371254e-05,0.17723270234030983,0.0012967452967131976,2.373282127082348,0.008024748572400616,0.07700093587239583,0.8595279219249884,0.025859946637259174,0.0554046630859375,0.3971174284815788,3.8573665618896484
116906.20742117055,2473,162123264,162070528,1971.1892465415126,1092.2607080403186,2469,100,28.68000011444092,13.599176246658187,60.0,1.0,23.65,14.560477117146954,56.0,1.0,-4.71580230320493e-05,0.21242888194198412,0.0013019805713459696,2.3809222131967545,0.007431137464057731,0.07278951009114583,0.8540987862894932,0.02554585897208502,0.05706787109375,0.3780064657330513,3.8575291633605957
116988.40504607745,2475,162201600,162201600,953.0202373697357,1594.595952723218,2469,100,28.68000011444092,13.599176246658187,60.0,1.0,23.65,14.560477117146954,56.0,1.0,0.00032704395319645607,0.21916595768804353,0.001325606227813599,2.374523920317491,0.006745717182639055,0.07362874348958334,0.8343282801409562,0.02495772288724159,0.05450439453125,0.3712211102247238,3.8578834533691406
117048.40534935147,2476,162320896,162267136,1988.2566168903652,1092.261145759514,2469,100,28.68000011444092,13.599176246658187,60.0,1.0,23.65,14.560477117146954,56.0,1.0,-0.0001234263011914057,0.2578598194134732,0.001347029581665993,2.3684775903820987,0.007996979790429274,0.07273356119791666,0.8013160768896341,0.026318717592706282,0.0526275634765625,0.3498614802956581,3.858064889907837
117129.88817081414,2478,162398208,162398208,948.8134874589925,1608.5844555596166,2473,100,30.199999809265137,11.331372447914461,53.0,2.0,26.34000015258789,14.804201966802589,64.0,1.0,0.0005032266659933764,0.2076497613452375,0.001352231265627779,2.360014818608761,0.007878038684793863,0.08196004231770834,0.8584744340429703,0.02601467550266534,0.0558319091796875,0.36899685859680176,3.8583247661590576
117189.88826708682,2479,162513664,162463744,1924.2635790998938,1092.2649140788756,2473,100,30.199999809265137,11.331372447914461,53.0,2.0,26.34000015258789,14.804201966802589,64.0,1.0,-0.00019856861763400957,0.17811603106868765,0.0013030526424699929,2.372863012055556,0.007380358677134306,0.07521565755208334,0.8723086509853601,0.026558966531107824,0.0548553466796875,0.3843717947602272,3.8584563732147217
117272.01420194283,2481,162594816,162594816,988.1409586664673,1595.9879206221806,2476,100,28.01999988555908,13.646962777566849,59.0,0.0,24.01999988555908,14.554710825739088,55.0,1.0,-0.0009639224833032738,0.19064857213137051,0.001272740965456857,2.3643521443009377,0.006922864642547211,0.07218424479166667,0.8669880535453558,0.026383162107473858,0.0561065673828125,0.4110928624868393,3.858823537826538
117332.01455751806,2482,162718720,162660352,2065.054428629816,1092.2601936554397,2476,100,28.01999988555908,13.646962777566849,59.0,0.0,24.01999988555908,14.554710825739088,55.0,1.0,-0.0006653088106152912,0.20026129041798416,0.0013195867165147015,2.3507216523090997,0.008260912938567344,0.07502237955729167,0.8542889518042406,0.027852720542189978,0.057159423828125,0.39625801146030426,3.858950138092041
117412.51843019947,2484,162791424,162791424,903.1118327403104,1628.1452759261936,2479,100,28.86000003814697,13.466269349427348,62.0,0.0,24.030000019073487,14.548164942472843,62.0,1.0,0.001192968872298176,0.19955638602065545,0.0013014890331154068,2.3757507974902787,0.007294886807964455,0.0682525634765625,0.8484763583789269,0.026708554806342967,0.0548095703125,0.38621531426906586,3.8591856956481934
117472.5187077783,2485,162913024,162856960,2026.657290713983,1092.2616135216413,2479,100,28.86000003814697,13.466269349427348,62.0,0.0,24.030000019073487,14.548164942472843,62.0,1.0,0.0003696433729298102,0.18815020867623386,0.0012654717029363383,2.3645908708373704,0.006205670830847035,0.06646728515625,0.8511453128109375,0.02799657256885742,0.056365966796875,0.3884561136364937,3.8593170642852783
117554.02900798246,2487,162988032,162988032,920.2272573175219,1608.0421697835195,2483,100,28.83000030517578,13.241642674051224,51.0,2.0,23.860000133514404,14.190151694112306,63.0,0.0,0.0025101184194985158,0.18571312283165753,0.0013230163312982768,2.3617053603132567,0.007058520205949511,0.07545979817708333,0.8561196842541298,0.02734458427100132,0.059783935546875,0.40821944922208786,3.85976505279541
117614.02905497141,2488,163107328,163053568,1988.2651095585302,1092.2658112596218,2483,100,28.83000030517578,13.241642674051224,51.0,2.0,23.860000133514404,14.190151694112306,63.0,0.0,0.001446592262558018,0.18864147660012046,0.0012864933257030013,2.3716089129447937,0.006571051805318954,0.06429036458333333,0.8548282453169426,0.027674781197371583,0.056671142578125,0.3970063701272011,3.8599724769592285
117695.79343240708,2490,163184640,163184640,945.5462442776825,1603.0452883118326,2483,100,28.83000030517578,13.241642674051224,51.0,2.0,23.860000133514404,14.190151694112306,63.0,0.0,0.00017988511050740874,0.181318952391545,0.001285356018343009,2.366484602292379,0.00725935991552736,0.0727081298828125,0.8772457788387935,0.028303350729402155,0.0550537109375,0.38958902657032013,3.860183000564575
117755.79386429861,2491,163302656,163250176,1966.9191750711102,1092.2588043778833,2486,100,28.989999771118164,14.03887095982628,55.0,1.0,25.37999963760376,15.16758366463745,53.0,0.0,-0.00018801216841287288,0.18352395389229056,0.001290946057755112,2.3677362029751143,0.007922095055012809,0.07739766438802083,0.8662360658248266,0.02618497418006882,0.05792236328125,0.4110657721757889,3.860363721847534
117836.90439231135,2493,163381248,163381248,968.9494314185438,1615.9677813885812,2486,100,28.989999771118164,14.03887095982628,55.0,1.0,25.37999963760376,15.16758366463745,53.0,0.0,0.0013420678199812148,0.20211488722513118,0.0013079448787417882,2.3639976357420287,0.00798548354941886,0.080291748046875,0.8532885164022446,0.026806178017674633,0.0565643310546875,0.3812384828925133,3.8606040477752686
117896.90475094318,2494,163500032,163446784,1979.7215001474472,1092.2601380123847,2490,100,28.789999961853027,13.125010519468047,62.0,1.0,25.72000045776367,13.596382209616769,58.0,0.0,0.0009506740437548917,0.22408979184304675,0.0013688780794230602,2.3549227838714915,0.008422445661684225,0.07933553059895834,0.8335232436656952,0.027366375647640478,0.0571441650390625,0.3728039115667343,3.8608901500701904
117978.95400565676,2496,163577856,163577856,948.5034357919562,1597.479470807505,2490,100,28.789999961853027,13.125010519468047,62.0,1.0,25.72000045776367,13.596382209616769,58.0,0.0,-0.00011361584377785525,0.19572208953710896,0.0013173308713400425,2.378868212302526,0.007331944811691453,0.07464090983072917,0.8582110852003098,0.025028875485683482,0.0548095703125,0.3780384063720703,3.86110258102417
118038.9579262305,2497,163698176,163643392,2005.2023076081168,1092.1952994631445,2490,100,28.789999961853027,13.125010519468047,62.0,1.0,25.72000045776367,13.596382209616769,58.0,0.0,-0.0014089578107814305,0.21550991913924616,0.0013168329387553968,2.3708707044521966,0.007553260646697405,0.07537841796875,0.8601976943512758,0.02487830247264355,0.0531158447265625,0.36194541305303574,3.8612236976623535
118120.72096511908,2499,163774464,163774464,933.0377275233739,1603.0715318522398,2493,100,29.080000114440917,13.565898390203012,54.0,0.0,24.47000026702881,14.811789427080162,59.0,0.0,-0.0008855162668623962,0.22243909367049733,0.0013068937538870764,2.3745003889004392,0.0065554098146094475,0.06436665852864584,0.8436719328165054,0.02431234602894013,0.054473876953125,0.3771217539906502,3.8615164756774902
118180.72173104621,2500,163890176,163840000,1928.5087150473873,1092.2527235666619,2493,100,29.080000114440917,13.565898390203012,54.0,0.0,24.47000026702881,14.811789427080162,59.0,0.0,-0.0004949863117265827,0.1973407007753849,0.001337024635480096,2.366417867441972,0.007538689341041996,0.07361348470052083,0.8614764648179213,0.025189103306426357,0.055694580078125,0.3816991150379181,3.8616409301757812
118263.2563924864,2502,163971072,163971072,980.1457786148859,1588.0842995279163,2497,100,29.670000267028808,13.007732399823,60.0,2.0,24.460000038146973,13.932279238258488,48.0,0.0,0.00042095021247708553,0.20304255249599615,0.0013556923004216515,2.379127653936545,0.007917193785033305,0.08336385091145834,0.8558182995766401,0.02654297061963007,0.05377197265625,0.38469158858060837,3.8618719577789307
118323.26431185938,2503,164090624,164036608,1992.2703744634375,1092.122517907152,2497,100,29.670000267028808,13.007732399823,60.0,2.0,24.460000038146973,13.932279238258488,48.0,0.0,0.0004133363957710874,0.2069832490912328,0.0013107429064499836,2.368906505405903,0.009046015309650102,0.08434041341145833,0.8371191490441562,0.02511377250387644,0.0540313720703125,0.3669910728931427,3.8619844913482666
118405.29762789235,2505,164167680,164167680,939.3256755467361,1597.7898534216906,2500,100,27.23000011444092,13.016032488080182,47.0,0.0,24.689999961853026,14.49323613103933,55.0,0.0,-0.0006954043128644115,0.19985323694224158,0.0013144408488490928,2.3575980191429458,0.007351273324578264,0.07262166341145833,0.8499758752683798,0.02717216700936357,0.0543670654296875,0.3778330460190773,3.8622848987579346
118465.29790241085,2506,164293120,164233216,2090.657101265644,1092.261669232663,2500,100,27.23000011444092,13.016032488080182,47.0,0.0,24.689999961853026,14.49323613103933,55.0,0.0,-0.0005856878609241296,0.2225787122733891,0.001320017442291525,2.359948242704074,0.0072091990872043725,0.073516845703125,0.8348321691155434,0.026928577824340515,0.0562591552734375,0.3871261775493622,3.8623969554901123
118547.25543114357,2508,164364288,164364288,868.3521953437096,1599.2673525754653,2504,100,28.149999618530273,13.23130729612702,49.0,1.0,23.5600004196167,13.854472277422738,52.0,0.0,0.002201595651664926,0.20444623411943513,0.0013109953421614287,2.3574597562352815,0.008189241889946667,0.08006795247395833,0.8368333590527376,0.02733580731243516,0.0559234619140625,0.38059066236019135,3.8627026081085205
118607.25564439595,2509,164484608,164429824,2005.3262059902152,1092.2627845393513,2504,100,28.149999618530273,13.23130729612702,49.0,1.0,23.5600004196167,13.854472277422738,52.0,0.0,2.2324900783132735e-05,0.1926193297064553,0.0013166226490284316,2.365658817191919,0.0069688021249021395,0.07600911458333333,0.8593794734527668,0.02677834422017137,0.0568695068359375,0.39490463584661484,3.8628714084625244
118690.03897920251,2511,164560896,164560896,921.5381354020225,1583.3138433752868,2504,100,28.149999618530273,13.23130729612702,49.0,1.0,23.5600004196167,13.854472277422738,52.0,0.0,0.007014172561563707,0.19400221396548054,0.0012937133469677065,2.3734694297115007,0.0074994549183126456,0.07258097330729167,0.8456270781656107,0.02641482148707534,0.0554656982421875,0.3902541846036911,3.8630363941192627
118750.03933121637,2512,164680704,164626432,1996.788285047597,1092.2602584875744,2507,100,30.450000190734862,12.631211606182395,51.0,0.0,25.970000076293946,13.891331566702078,58.0,0.0,-0.0017783922085072845,0.20931612389783064,0.0013142299649189226,2.3538901085654893,0.006997640807336817,0.06926472981770833,0.831946004802982,0.02662554127164185,0.05584716796875,0.37421634793281555,3.863201379776001
118831.7743665073,2514,164757504,164757504,939.6215432785342,1603.620767195365,2507,100,30.450000190734862,12.631211606182395,51.0,0.0,25.970000076293946,13.891331566702078,58.0,0.0,5.4451719430896215e-05,0.23061239253729582,0.0013410185771742058,2.3745510602990785,0.0077380557207410074,0.07971700032552083,0.8257100575913985,0.025752799313825868,0.053009033203125,0.34525609761476517,3.863490104675293
118891.77441551909,2515,164874240,164823040,1945.5984107125867,1092.2657744351363,2511,100,26.339999771118165,14.663028396027881,50.0,1.0,22.74000015258789,14.106466467132863,54.0,0.0,-0.0007056082249619067,0.24792449253921708,0.0013237341675752152,2.375701367855072,0.006265934867769829,0.059967041015625,0.8152091950178146,0.025206005938040715,0.054168701171875,0.3547687828540802,3.863682508468628
118973.4726025071,2517,164954112,164954112,977.647154051546,1604.344047674332,2511,100,26.339999771118165,14.663028396027881,50.0,1.0,22.74000015258789,14.106466467132863,54.0,0.0,-0.0001897247190451405,0.20801863896970949,0.0012749069416410443,2.388050513962905,0.007448319940522197,0.07367451985677084,0.8442334899057944,0.02411206047205875,0.0513458251953125,0.3464711010456085,3.8639893531799316
119033.47322377376,2518,165076224,165019648,2035.1789268529892,1092.255356969319,2514,100,28.760000038146973,13.29670639529599,58.0,1.0,24.59000015258789,14.616493852303567,59.0,0.0,-0.0008667365958293278,0.20952634296069542,0.0012585761554267567,2.3859835043549538,0.0073440161413600435,0.07208251953125,0.8462985828518869,0.0248071378058133,0.05120849609375,0.35638853162527084,3.864051342010498
119114.86296549253,2520,165150720,165150720,915.2996240903499,1610.4240808737427,2514,100,28.760000038146973,13.29670639529599,58.0,1.0,24.59000015258789,14.616493852303567,59.0,0.0,-0.0017863414262440833,0.22030624126394588,0.0012899342109449206,2.377790945271651,0.0073947639969749925,0.06834920247395833,0.845864901940028,0.024294427751253046,0.0535736083984375,0.3764384165406227,3.8642373085021973
119174.86465025134,2521,165269760,165216256,1983.9442922061803,1092.235997429639,2518,100,29.910000610351563,13.377664476894644,64.0,1.0,23.85,14.343204003855178,52.0,0.0,0.0005337110900048477,0.19470547589783868,0.0012781922960130032,2.381726754208406,0.007994147525702527,0.07860819498697917,0.8468659017235041,0.024191552307456735,0.05230712890625,0.3724101558327675,3.864316940307617
119256.35080585815,2523,165347328,165347328,951.9163031115066,1608.5186376009617,2518,100,29.910000610351563,13.377664476894644,64.0,1.0,23.85,14.343204003855178,52.0,0.0,-0.0020546949187216037,0.21440130192786452,0.0012786237287703748,2.3597497642040253,0.007226542803133877,0.0728607177734375,0.8407700763394435,0.024534869570440303,0.05419921875,0.353644423186779,3.8646016120910645
119316.35135603137,2524,165469184,165412864,2030.9147107517986,1092.2566511606312,2518,100,29.910000610351563,13.377664476894644,64.0,1.0,23.85,14.343204003855178,52.0,0.0,-0.001627703044505324,0.19075888628140092,0.0012756480852355405,2.366151534020901,0.0067469121452935115,0.064300537109375,0.839096503953139,0.024842880142387003,0.0546875,0.3774735629558563,3.8647429943084717
119397.38598153554,2526,165543936,165543936,922.4698643934264,1617.4814060597066,2521,100,28.86000003814697,12.77342552389333,50.0,1.0,25.0,14.004285190666067,53.0,0.0,-1.9415514543652534e-05,0.22545146569609642,0.001252885784197133,2.3551688169439635,0.007851907759686583,0.0816192626953125,0.8442903409401575,0.02541251430132737,0.053436279296875,0.36236172169446945,3.864858865737915
119457.38630239293,2527,165666560,165609472,2043.722404276032,1092.2608256673575,2521,100,28.86000003814697,12.77342552389333,50.0,1.0,25.0,14.004285190666067,53.0,0.0,-0.00031438545435473014,0.1948453645842771,0.001297926439292496,2.3619894012808795,0.006692605540592922,0.06712849934895833,0.85542525164783,0.02491359975344191,0.0548248291015625,0.38199783861637115,3.8649706840515137
119538.41286365874,2529,165740544,165740544,913.083300638813,1617.6423872909074,2524,100,27.699999809265137,13.740086892315635,62.0,1.0,21.560000038146974,14.224148431829489,49.0,0.0,0.0014271698188773978,0.22309224121272564,0.001259014617971843,2.37085422873497,0.007949226504327575,0.0747528076171875,0.8228487819433213,0.023323104910862945,0.0549468994140625,0.364609070122242,3.8652985095977783
119598.41295022145,2530,165860096,165806080,1992.530458686128,1092.265090842931,2524,100,27.699999809265137,13.740086892315635,62.0,1.0,21.560000038146974,14.224148431829489,49.0,0.0,0.0014644407589609423,0.24421526181201142,0.0013007880588702392,2.3636795580387115,0.007932767909854496,0.08193969726562499,0.8113157904396454,0.02524544019252062,0.0518798828125,0.35620513558387756,3.8652782440185547
119680.67026304267,2532,165937152,165937152,936.7677761060744,1593.43887497113,2528,100,29.00000057220459,13.274034875590225,63.0,1.0,23.989999961853027,14.818566200052466,55.0,0.0,0.0012898065857977299,0.21359873826925954,0.0012980661946736898,2.372964844107628,0.008156475771708454,0.0779571533203125,0.8199734507749478,0.024631258895775925,0.0545654296875,0.3714263513684273,3.8653788566589355
119740.67457814515,2533,166056704,166002688,1992.3900438799112,1092.1881182724994,2528,100,29.00000057220459,13.274034875590225,63.0,1.0,23.989999961853027,14.818566200052466,55.0,0.0,0.0034489211805824502,0.22028000125040612,0.0013174322799992901,2.386042649547259,0.007262089781458295,0.0716094970703125,0.8383879779527585,0.023852686727574717,0.052032470703125,0.34682832658290863,3.865527629852295
119822.36538007855,2535,166133760,166133760,943.2640906477335,1604.4890844240517,2528,100,29.00000057220459,13.274034875590225,63.0,1.0,23.989999961853027,14.818566200052466,55.0,0.0,-0.00039351091739566374,0.1923603321580837,0.0012534171328297816,2.373448863625526,0.006309071479336126,0.067596435546875,0.8576733258863289,0.02587609588711833,0.0538787841796875,0.36680372804403305,3.865795373916626
119882.36555753276,2536,166255616,166199296,2030.9273267234857,1092.2634362210342,2531,100,29.530000114440917,12.47674236601431,49.0,0.0,25.129999923706055,13.517141090979697,52.0,0.0,-7.554586530507851e-05,0.1935515602429708,0.0012709112318892342,2.3959739183386164,0.006273238378829168,0.06438191731770833,0.8427257779985666,0.025194026743217062,0.055389404296875,0.37664590030908585,3.8659486770629883
119964.2918186672,2538,166330368,166330368,912.4302630792305,1599.8777215635823,2531,100,29.530000114440917,12.47674236601431,49.0,0.0,25.129999923706055,13.517141090979697,52.0,0.0,-0.00023864778874364373,0.19103607651777563,0.0012612896656113055,2.38630224019289,0.00697971540709356,0.06720987955729167,0.852405259385705,0.02473787162064885,0.0539093017578125,0.3793221339583397,3.866238832473755
120024.29207409173,2539,166448640,166395904,1971.1916084885202,1092.2620168248077,2535,100,30.149999809265136,13.016432016768293,66.0,0.0,23.35,13.652380750258162,61.0,0.0,0.0028834069016738795,0.1929426003092279,0.0012506100647442508,2.375528628627459,0.0066595280477486085,0.07065836588541666,0.858938650538524,0.024855463590938598,0.05743408203125,0.38607167452573776,3.8664536476135254
120105.72104013897,2541,166526976,166526976,962.0163905133236,1609.6483396824237,2535,100,30.149999809265136,13.016432016768293,66.0,0.0,23.35,13.652380750258162,61.0,0.0,0.00010534944158280267,0.18344979717706641,0.0012549878095645302,2.3725751166542373,0.006715230150803109,0.071014404296875,0.8512483810385069,0.025901093943199765,0.055419921875,0.3740573078393936,3.866705894470215
120165.72131561488,2542,166648320,166592512,2022.390714668149,1092.261651803895,2535,100,30.149999809265136,13.016432016768293,66.0,0.0,23.35,13.652380750258162,61.0,0.0,0.0002760938223218545,0.2068025117429594,0.0012486784798966255,2.3730096518993373,0.008436041810152043,0.08509318033854166,0.820904927328229,0.02551959794557964,0.0536346435546875,0.37161335349082947,3.866736650466919
120247.23563602194,2544,166723584,166723584,923.3224251168361,1607.9628627885038,2538,100,30.850000381469727,12.797167691537668,62.0,0.0,25.850000381469727,14.634462871589816,54.0,1.0,-0.0005113948451859566,0.18190951738506556,0.0012856516126097024,2.3594873150189715,0.006412656255027589,0.06555175781249999,0.8581925065567096,0.026418261967288952,0.0590667724609375,0.4034137949347496,3.867070436477661
120307.2387667112,2545,166843904,166789120,2005.2287042004202,1092.2096771815054,2538,100,30.850000381469727,12.797167691537668,62.0,0.0,25.850000381469727,14.634462871589816,54.0,1.0,-0.0010800326817843597,0.2097865951557954,0.0012825221298650527,2.3581526428461075,0.007517303756079249,0.07689412434895833,0.8505614989747603,0.026272270750875272,0.0567169189453125,0.39221762120723724,3.8671793937683105
120388.4135529846,2547,166920192,166920192,939.7992098564724,1614.688575323872,2542,100,29.240000343322755,13.909795002565554,63.0,0.0,24.5,14.316773432111422,59.0,0.0,-0.0018342573021072894,0.19606277121541402,0.0012875524189439602,2.378631830215454,0.008281650470962632,0.07568359375,0.8453802621612946,0.02525273421391224,0.0548858642578125,0.37880558520555496,3.867540121078491
120448.4136914704,2548,167040512,166985728,2005.3287048406937,1092.2641456153565,2542,100,29.240000343322755,13.909795002565554,63.0,0.0,24.5,14.316773432111422,59.0,0.0,0.0004016722693146827,0.1882655555382371,0.0013102812954457477,2.360165397326152,0.0074960293907982605,0.07520039876302084,0.8601999866465728,0.027146747161168605,0.054595947265625,0.3781450316309929,3.8677000999450684
120529.81371258572,2550,167116800,167116800,937.1987740878368,1610.220712526753,2545,100,28.929999923706056,13.881105909452682,51.0,0.0,25.689999771118163,14.991127480387107,61.0,1.0,5.1961231899137316e-05,0.16736962056408325,0.0012560728646349162,2.3729252244035406,0.005650893929365945,0.06206258138020833,0.8657645924637715,0.026750795698414247,0.058624267578125,0.40944457799196243,3.868037223815918
120589.81393623166,2551,167232000,167182336,1919.9928433565824,1092.2625953317447,2545,100,28.929999923706056,13.881105909452682,51.0,0.0,25.689999771118163,14.991127480387107,61.0,1.0,0.00044609940717540064,0.17911865453546244,0.0012646465074794833,2.3680290679136915,0.006457293772352083,0.06772359212239583,0.8574381874253353,0.026621392423597477,0.05548095703125,0.3916141912341118,3.8681859970092773
120672.11137213558,2553,167313408,167313408,989.1924226538467,1592.6620138326086,2549,100,30.060000038146974,12.14069182222414,49.0,2.0,25.450000286102295,14.359230487138914,58.0,0.0,-0.00046548504663708934,0.18496082397177815,0.0012952630410533554,2.3532357811927795,0.007600914403155911,0.07647705078125,0.8679996921370426,0.027254680656672768,0.0565338134765625,0.39334601908922195,3.8685288429260254
120732.11149106361,2554,167430400,167378944,1949.8628017776325,1092.2645016522406,2549,100,30.060000038146974,12.14069182222414,49.0,2.0,25.450000286102295,14.359230487138914,58.0,0.0,-0.00020768957377489028,0.19441540337478122,0.0013192349215387367,2.3652047738432884,0.007704195261491501,0.07918802897135417,0.8432797684023777,0.02606573171215132,0.0570831298828125,0.4043841063976288,3.868650197982788
120814.40475042164,2556,167510016,167510016,967.4668450500232,1592.742844583961,2552,100,28.48000011444092,14.092182134906576,62.0,1.0,26.030000114440917,15.023618401586294,60.0,0.0,-0.0005145517134224064,0.21963844231019417,0.0013338263343030121,2.358435697853565,0.007868093484527588,0.08971150716145834,0.8369141947478056,0.027022735661982246,0.05511474609375,0.3736046105623245,3.8689205646514893
120874.40627612174,2557,167623680,167575552,1894.351829787307,1092.2388928503392,2552,100,28.48000011444092,14.092182134906576,62.0,1.0,26.030000114440917,15.023618401586294,60.0,0.0,-0.0004895656942001854,0.21727641470109424,0.0013084794033299356,2.365941834946473,0.009131577399481708,0.08139546712239583,0.8356692579885323,0.025943449310337506,0.053314208984375,0.35663001239299774,3.869053602218628
120957.00819177926,2559,167706624,167706624,1004.1413608843897,1586.7912863358256,2552,100,28.48000011444092,14.092182134906576,62.0,1.0,26.030000114440917,15.023618401586294,60.0,0.0,-0.00040637066558701923,0.20110549746702114,0.0013094455583389695,2.3496831382314363,0.008144165397122075,0.0875091552734375,0.8555162499348323,0.027740614042462163,0.0559234619140625,0.37762437760829926,3.869386911392212
121017.00896051154,2560,167823616,167772160,1949.841684895947,1092.2526725018872,2555,100,30.269999504089355,12.481870781742327,50.0,1.0,23.969999885559083,14.849549006240574,62.0,1.0,-0.0006381858474924229,0.1907935532120367,0.0013135311322306127,2.376393010218938,0.00706123582131113,0.07349650065104167,0.8578843077023824,0.02615704701747745,0.0545196533203125,0.37873345613479614,3.8694698810577393
121099.16488598846,2562,167903232,167903232,969.0840866050859,1595.4053129961544,2555,100,30.269999504089355,12.481870781742327,50.0,1.0,23.969999885559083,14.849549006240574,62.0,1.0,0.00020386144994214805,0.19703801379849514,0.0012564025273604784,2.3722313940525055,0.007575533734173708,0.07370503743489584,0.8685102444142102,0.0268053732579574,0.0540008544921875,0.3593004569411278,3.8696703910827637
121159.16560843028,2563,168025600,167968768,2039.442110362089,1092.2535151730017,2559,100,29.29999942779541,13.31352713440063,62.0,1.0,21.839999961853028,14.058250047106592,52.0,0.0,-0.0010355024933232926,0.20025665227634212,0.001313342826809579,2.357557147741318,0.007475991456885822,0.07818094889322916,0.8541936551531156,0.027939390216488388,0.055511474609375,0.37480106204748154,3.8698556423187256
121240.95902896486,2565,168099840,168099840,907.6524678242612,1602.476081124213,2559,100,29.29999942779541,13.31352713440063,62.0,1.0,21.839999961853028,14.058250047106592,52.0,0.0,0.0005544827508856542,0.20344187800462046,0.001349959946916594,2.3658487796783447,0.007866582929636934,0.08058166503906251,0.8556634144236644,0.028351804183330387,0.0569000244140625,0.38270295411348343,3.870170831680298
121300.95906360447,2566,168215552,168165376,1928.5322199398747,1092.2660360721413,2562,100,28.45999984741211,13.610598895617782,58.0,1.0,25.999999904632567,15.029970007801102,61.0,0.0,-0.0003621781409795707,0.19000011690271398,0.0013277248387263778,2.369280738135179,0.007106296263373225,0.071044921875,0.8512970407803854,0.027600301837082956,0.055999755859375,0.3834994062781334,3.8703532218933105
121383.15484645963,2568,168296448,168296448,984.1867452318863,1594.6316884769803,2562,100,28.45999984741211,13.610598895617782,58.0,1.0,25.999999904632567,15.029970007801102,61.0,0.0,0.0008968802709811523,0.1971505757731696,0.001293440287554404,2.358960894246896,0.007461645826576083,0.076324462890625,0.8553723109265169,0.02762064504592369,0.0568695068359375,0.3903590366244316,3.8706517219543457
121443.15497681312,2569,168419584,168361984,2052.2622080074593,1092.2642936588556,2565,100,29.90999984741211,13.905463110410931,62.0,1.0,22.069999790191652,14.259912240863649,54.0,0.0,0.00012394030151578284,0.23348462100451192,0.0013313092822500037,2.3626317605376244,0.007956697166567514,0.07880655924479166,0.8353858950237433,0.028737034765072167,0.0541229248046875,0.3652358502149582,3.8707218170166016
121524.33350573853,2571,168493056,168493056,905.0669058996426,1614.6141317791535,2565,100,29.90999984741211,13.905463110410931,62.0,1.0,22.069999790191652,14.259912240863649,54.0,0.0,0.00021518248346789431,0.1930243851772199,0.0013170704478397965,2.3598250299692154,0.008191219414584339,0.07790120442708333,0.8466150444000959,0.028378577553667125,0.0543212890625,0.3713073208928108,3.8709371089935303
121584.33387958631,2572,168609024,168558592,1932.787957191799,1092.259861017882,2568,100,29.509999656677245,13.593745122314655,62.0,2.0,20.679999923706056,14.399916460325993,55.0,0.0,0.0006187435258956004,0.18768256390467286,0.001323600858692468,2.3704157496492066,0.007758832004280217,0.07867431640624999,0.8717675004154444,0.027175985296101622,0.0550537109375,0.3755619451403618,3.871096134185791
121666.3132433705,2574,168689664,168689664,983.662183720774,1598.841390682655,2568,100,29.509999656677245,13.593745122314655,62.0,2.0,20.679999923706056,14.399916460325993,55.0,0.0,0.0010678128819563426,0.22326413821429014,0.001297711702742769,2.368362101415793,0.006795094242988853,0.06818135579427084,0.8367774598300458,0.025774393424702186,0.0553131103515625,0.37982457876205444,3.8713254928588867
121726.3159785252,2575,168808704,168755200,1983.9095616738591,1092.2168769645332,2571,100,29.550000190734863,13.913572776718215,53.0,0.0,20.480000019073486,14.222854887963615,54.0,0.0,-0.001213195217133034,0.19197183459376296,0.0012939458235147563,2.3747647032141685,0.007252138144394849,0.07410176595052083,0.8623209701230129,0.025666514372763533,0.0533905029296875,0.3657376170158386,3.8713929653167725
121808.50142951496,2577,168886272,168886272,943.8166861148122,1594.8321560751942,2571,100,29.550000190734863,13.913572776718215,53.0,0.0,20.480000019073486,14.222854887963615,54.0,0.0,0.0007690743902154887,0.22193284720803302,0.0013041101240863404,2.3582073375582695,0.007865895196421963,0.079498291015625,0.8585421331226826,0.026222452812362462,0.05609130859375,0.36737997084856033,3.871682643890381
121868.50178782642,2578,169004032,168951808,1962.6549459706994,1092.2601438445631,2571,100,29.550000190734863,13.913572776718215,53.0,0.0,20.480000019073486,14.222854887963615,54.0,0.0,-0.000981893475303271,0.20169836942416924,0.0012940237174916547,2.374409335354964,0.006341962045553373,0.06664530436197917,0.8532319174458584,0.02578064618865028,0.0556640625,0.37999361753463745,3.8718011379241943
121949.82805713452,2580,169082880,169082880,969.526829040735,1611.6809625612218,2575,100,29.970000076293946,13.536214309416932,60.0,1.0,23.779999923706054,15.078182679877228,55.0,0.0,-0.0013926144213958955,0.19972316393007836,0.001299067784808964,2.370856486260891,0.006522615651192608,0.0736541748046875,0.8638376084466775,0.02640266349771991,0.0545501708984375,0.3647713363170624,3.8721415996551514
122009.82818660326,2581,169205504,169148416,2043.7289233498896,1092.2643097652854,2575,100,29.970000076293946,13.536214309416932,60.0,1.0,23.779999923706054,15.078182679877228,55.0,0.0,-0.00034561618425262475,0.21088180427129072,0.0012907750739638384,2.367541347940763,0.007136595015860318,0.06949869791666666,0.8504181789855162,0.026925964455585923,0.05523681640625,0.37646278738975525,3.8722269535064697
122091.51908452436,2583,169279488,169279488,905.6578135725251,1604.4871991319476,2578,100,29.499999809265137,12.79960931752161,52.0,1.0,24.570000171661377,15.246806354670005,58.0,0.0,-0.0005907938272381823,0.20959484111517668,0.0012719981920478554,2.352363519370556,0.007372324211246451,0.07287089029947916,0.8400410550336044,0.026964399944214772,0.0565032958984375,0.380995437502861,3.8724803924560547
122151.51925401948,2584,169399040,169345024,1992.5277046046053,1092.2635811108757,2578,100,29.499999809265137,12.79960931752161,52.0,1.0,24.570000171661377,15.246806354670005,58.0,0.0,0.001228091537389749,0.21710689117511114,0.0012706345648136146,2.3661685585975647,0.008260062503419855,0.08328755696614583,0.8601594331363837,0.026160394074395295,0.054595947265625,0.3646107614040375,3.8727145195007324
122233.59510657564,2586,169476096,169476096,938.8388618598914,1596.961784957689,2582,100,29.379999923706055,13.48686776183868,62.0,0.0,25.310000038146974,15.125273606789793,57.0,0.0,-0.0006572141161692949,0.19770452287048101,0.0012582111655016583,2.350142161051432,0.0065525323516339995,0.06699117024739583,0.8644592377046744,0.026355214902044583,0.0543975830078125,0.3660627454519272,3.8730709552764893
122293.5952180624,2587,169596928,169541632,2013.8629246823646,1092.2646371158587,2582,100,29.379999923706055,13.48686776183868,62.0,0.0,25.310000038146974,15.125273606789793,57.0,0.0,-0.0020780070735781924,0.210584147212406,0.0012445447706947257,2.3566638951500254,0.008316101777381846,0.07751464843749999,0.8549215955038865,0.025806262992167223,0.0537567138671875,0.36455919593572617,3.873225450515747
122375.91238270141,2589,169672704,169672704,920.5370512007274,1592.2803047796367,2585,100,30.320000457763673,13.76799176267254,64.0,0.0,24.800000190734863,14.660150222594845,56.0,0.0,-0.0011632149883856377,0.2090020002797246,0.0012929559464585811,2.366549114386241,0.007343302479057456,0.0697784423828125,0.8486644327640533,0.02471694662623728,0.05438232421875,0.3704698607325554,3.873481512069702
122435.91290321015,2590,169793280,169738240,2009.5825665786272,1092.2571911764937,2585,100,30.320000457763673,13.76799176267254,64.0,0.0,24.800000190734863,14.660150222594845,56.0,0.0,-0.0005002325730553517,0.21066500657858947,0.0012939240890167032,2.3516677344838777,0.007571620931533592,0.07332865397135416,0.8531368722518285,0.025931755449467648,0.0606231689453125,0.40379951894283295,3.873753070831299
122517.42161187157,2592,169869312,169869312,932.8083004704226,1608.073568487732,2588,100,28.270000076293947,14.132130015296791,49.0,1.0,24.54000005722046,14.916045268179639,58.0,0.0,0.0021177715801362256,0.20476586503597596,0.0012942031959634428,2.362701957424482,0.007485384929168504,0.0771484375,0.8651077176133792,0.025271435986117773,0.0560302734375,0.3868298605084419,3.873927116394043
122577.42213914543,2593,169989632,169934848,2005.3157108239584,1092.2570680232625,2588,100,28.270000076293947,14.132130015296791,49.0,1.0,24.54000005722046,14.916045268179639,58.0,0.0,-0.0004736465659031333,0.20155338609280685,0.0012745132941442232,2.3643931622306504,0.007322773042687913,0.0752105712890625,0.8599116522818804,0.025057455932255834,0.05303955078125,0.3765198364853859,3.8740389347076416
122659.0289421454,2595,170065920,170065920,934.8240244140549,1606.1406057046847,2588,100,28.270000076293947,14.132130015296791,49.0,1.0,24.54000005722046,14.916045268179639,58.0,0.0,0.0004191150461944441,0.21116140329589447,0.0013313067793205846,2.3598337595661483,0.0094087516960523,0.080841064453125,0.8511501339574655,0.027054869395215064,0.056427001953125,0.38789112120866776,3.8743245601654053
122719.02921883948,2596,170182400,170131456,1941.3243807841266,1092.261629627992,2591,100,27.719999885559083,13.74123731821473,50.0,1.0,24.850000190734864,13.78432064712889,58.0,0.0,-7.107716010068549e-05,0.22009221922295788,0.0013234638984916576,2.3734311312437057,0.007674907215914573,0.0739593505859375,0.8280324383328358,0.025558071036357433,0.0524139404296875,0.3702276274561882,3.87438702583313
122801.62094044313,2598,170262528,170262528,970.1698722848987,1586.9871393286523,2591,100,27.719999885559083,13.74123731821473,50.0,1.0,24.850000190734864,13.78432064712889,58.0,0.0,0.0002867781101182724,0.21516776162510115,0.0012836923003002691,2.3717270766695338,0.006841047054573816,0.07010904947916667,0.8434600668648878,0.02541831465593229,0.053436279296875,0.3723382353782654,3.874528169631958
122861.62266406044,2599,170381824,170328064,1988.2095514598445,1092.235290072361,2595,100,29.00999984741211,12.875942632444131,52.0,1.0,25.739999961853027,14.041809084288165,55.0,0.0,-0.0007796232797166642,0.22287953815733394,0.0013061461395409424,2.365485509236654,0.00772187207743021,0.07965596516927083,0.8215538046012322,0.02540919301100075,0.053741455078125,0.37200815975666046,3.8746349811553955
122943.9518517591,2601,170459136,170459136,939.0594291173384,1592.0477738678055,2595,100,29.00999984741211,12.875942632444131,52.0,1.0,25.739999961853027,14.041809084288165,55.0,0.0,-0.000882815203416006,0.21431280959707996,0.0013397255364300995,2.3518575578927994,0.007039404009750191,0.07268269856770833,0.8294958658516408,0.025640026355783146,0.056915283203125,0.38841797411441803,3.874850273132324
123003.95204306766,2602,170577152,170524672,1966.9270618336689,1092.2631840117554,2598,100,28.140000343322754,13.517411230324202,53.0,0.0,25.909999942779542,14.237341782596635,53.0,0.0,-0.0004604635226617877,0.19362327922135592,0.0012778740104598305,2.368176293869813,0.006512519996855795,0.06656392415364583,0.8404753133654594,0.025320850584345557,0.05328369140625,0.3749394118785858,3.8748700618743896
123086.24041980319,2604,170655744,170655744,955.0802083822412,1592.8373507873207,2598,100,28.140000343322754,13.517411230324202,53.0,0.0,25.909999942779542,14.237341782596635,53.0,0.0,0.0001162186454166658,0.18609737356503805,0.0012563649628039761,2.347507069508235,0.006881522096591652,0.06891377766927083,0.8518253595878681,0.027101444681951158,0.0538482666015625,0.3724621385335922,3.8749465942382812
123146.24060449935,2605,170772736,170721280,1949.8606644701285,1092.2633043858925,2601,100,29.929999923706056,12.179700299585361,49.0,0.0,24.160000228881835,13.890802899680676,51.0,0.0,0.00023603851877851417,0.1914656163814167,0.0012891004043922296,2.33109858383735,0.008324740406654504,0.07970682779947917,0.8538358515749375,0.02817724365741014,0.0556488037109375,0.38514988869428635,3.8750081062316895
123228.17950086482,2607,170852352,170852352,971.6508707280709,1599.631015475152,2601,100,29.929999923706056,12.179700299585361,49.0,0.0,24.160000228881835,13.890802899680676,51.0,0.0,0.0009338211190576355,0.17088476599504548,0.0012634275832776134,2.338774946828683,0.008009999798863039,0.08507792154947917,0.8437889659156402,0.02885513638223832,0.0543975830078125,0.3844963163137436,3.8752994537353516
123288.17986373976,2608,170968064,170917888,1928.5216697969117,1092.2600607699324,2604,100,26.669999885559083,13.558801741004986,53.0,1.0,25.179999923706056,13.235845305665961,52.0,1.0,0.0006305305262988744,0.1640818123705685,0.0012565336195014727,2.344838519891103,0.007228257170936558,0.07401021321614583,0.860645189260443,0.027738507060954966,0.0567626953125,0.414126418530941,3.875356912612915
123370.95591764711,2610,171048960,171048960,977.287466379419,1583.4531100831093,2604,100,26.669999885559083,13.558801741004986,53.0,1.0,25.179999923706056,13.235845305665961,52.0,1.0,0.0011323140060994774,0.17815859701174,0.0012468651912058701,2.3413152645031614,0.007114930217236784,0.07231648763020833,0.8696880030135313,0.029834762157406658,0.057861328125,0.3952495753765106,3.8757619857788086
123430.95604022592,2611,171165696,171114496,1945.5960251857582,1092.2644351920046,2607,100,29.5899995803833,11.947464099118104,54.0,1.0,25.289999771118165,13.943668498560628,50.0,0.0,0.001022583370892486,0.1887221698028346,0.0012670800351770595,2.3352142348885536,0.008061141620904285,0.08584086100260417,0.8649387235442798,0.02948853876053666,0.05474853515625,0.3842401057481766,3.8758838176727295
123513.08854762651,2613,171245568,171245568,972.4773116987411,1595.8602038133188,2607,100,29.5899995803833,11.947464099118104,54.0,1.0,25.289999771118165,13.943668498560628,50.0,0.0,0.0003566152202741554,0.18467218956599635,0.0012583053515603144,2.3238815913597746,0.007646887172086281,0.0727081298828125,0.8536888274053732,0.03014548260640974,0.05804443359375,0.397501640021801,3.876204490661621
123573.08896546438,2614,171364096,171311104,1975.4529096826302,1092.25906021329,2607,100,29.5899995803833,11.947464099118104,54.0,1.0,25.289999771118165,13.943668498560628,50.0,0.0,9.533533254095043e-05,0.16987100158197183,0.0012156386558975405,2.344991420706113,0.006997347822107258,0.06760152180989584,0.8702931596587102,0.027791074457733583,0.05731201171875,0.4070974215865135,3.8763856887817383
123656.42126988806,2616,171442176,171442176,936.9715687091602,1572.8834202593116,2610,100,29.669999504089354,13.176536135466876,56.0,0.0,26.19999942779541,14.531345236220174,65.0,0.0,0.0007290178303568002,0.17075909821627042,0.0012741094493928056,2.3317282001177473,0.007144490817760621,0.07151285807291666,0.8611987059315046,0.028855288614674162,0.0579071044921875,0.4137404039502144,3.8766727447509766
123716.42155177705,2617,171561216,171507712,1983.9906789144698,1092.2615350582887,2610,100,29.669999504089354,13.176536135466876,56.0,0.0,26.19999942779541,14.531345236220174,65.0,0.0,9.999781468650321e-05,0.16436718287877738,0.0012479993310989812,2.3425278638799982,0.007380206635086022,0.071502685546875,0.861797091861566,0.02810979587957263,0.0566253662109375,0.4133296385407448,3.876777172088623
123798.41603363119,2619,171638784,171638784,946.0148810743754,1598.546597723037,2614,100,28.410000038146972,13.974330004376242,61.0,1.0,24.780000114440917,13.70224782536147,58.0,0.0,0.001473952092055697,0.16293234665257236,0.001236596532786886,2.3441735704739886,0.007399053109111264,0.06824747721354167,0.8678881457696358,0.027364307005579274,0.059539794921875,0.4260410666465759,3.8770592212677
123858.41608579084,2620,171754752,171704320,1932.7983197652006,1092.265717130003,2614,100,28.410000038146972,13.974330004376242,61.0,1.0,24.780000114440917,13.70224782536147,58.0,0.0,0.0010446555097587407,0.17831630810784796,0.0012075394418692063,2.3623383889595666,0.007727253582440122,0.07415262858072917,0.8578861256440481,0.025237886526156217,0.0561676025390625,0.39119701087474823,3.8771555423736572
123940.89855335653,2622,171835392,171835392,977.6623127306631,1589.089219422538,2617,100,29.95999984741211,14.448473915469318,61.0,1.0,25.220000076293946,14.532432496803604,60.0,0.0,0.001027857930845736,0.2089331268022458,0.0012470916202194835,2.361021208266417,0.007445424410737663,0.07694498697916666,0.8395510253806908,0.02606032020412385,0.0560302734375,0.3822227790951729,3.8773231506347656
124000.89895573817,2623,171955200,171900928,1996.7866088287053,1092.259341581514,2617,100,29.95999984741211,14.448473915469318,61.0,1.0,25.220000076293946,14.532432496803604,60.0,0.0,-0.0015108249378196583,0.19684181665070355,0.0012581141248422985,2.3585005303223925,0.008009824583496084,0.07542928059895833,0.8437052505711714,0.026327276893425733,0.0552215576171875,0.3914456069469452,3.877323865890503
124082.34435826913,2625,172032000,172032000,942.9629864105858,1609.3234968073998,2620,100,28.210000038146973,14.496410114187123,59.0,1.0,25.549999809265138,14.261399099776296,54.0,0.0,-0.0010348851210437715,0.19309216101343432,0.0013031653931345015,2.350610392789046,0.007530248212181808,0.0691986083984375,0.849365525568525,0.027025193946125604,0.0531005859375,0.37588202953338623,3.8775012493133545
124142.3447822202,2626,172147200,172097536,1919.9864336614744,1092.2589489274164,2620,100,28.210000038146973,14.496410114187123,59.0,1.0,25.549999809265138,14.261399099776296,54.0,0.0,-0.00019440277052732805,0.18752079270780087,0.0012654054335143883,2.3489567761619887,0.008902088715331047,0.0833587646484375,0.8714068196713924,0.026149433533040185,0.054168701171875,0.3763256147503853,3.877580165863037
124225.11565741897,2628,172228608,172228608,983.5343628360366,1583.5521816731155,2623,100,28.01999988555908,13.797086799460606,52.0,1.0,25.279999923706054,13.76232546282117,59.0,0.0,0.028586982278890595,0.20533201502015191,0.0012807630434205446,2.34196670850118,0.008745745014797043,0.0843658447265625,0.857304888466994,0.02717622099832321,0.0545501708984375,0.3675929754972458,3.8777451515197754
124285.1156741865,2629,172346880,172294144,1971.199449130848,1092.266361423154,2623,100,28.01999988555908,13.797086799460606,52.0,1.0,25.279999923706054,13.76232546282117,59.0,0.0,-0.0006778528913855555,0.21656608519454798,0.0012874742424173746,2.340998287002246,0.008485718798813954,0.08284505208333333,0.8425331196437279,0.027342712118600804,0.0555877685546875,0.3817291110754013,3.877922296524048
124366.44195308723,2631,172425216,172425216,963.2310866653844,1611.6807724597281,2626,100,28.9100004196167,13.978623189273796,58.0,1.0,24.979999923706053,15.179578160506306,62.0,0.0,-0.00023801965289749205,0.17780174990184605,0.001276323198302028,2.347195044159889,0.007951345931966594,0.07875569661458333,0.8776248426487049,0.027560756735814113,0.053314208984375,0.38759373128414154,3.87802791595459
124426.44231009483,2632,172542976,172490752,1962.6549886206258,1092.2601675801743,2626,100,28.9100004196167,13.978623189273796,58.0,1.0,24.979999923706053,15.179578160506306,62.0,0.0,0.0001427770087805887,0.20849075727164745,0.0013034427101956683,2.336584324638049,0.007851636799387052,0.07597351074218749,0.8636276560525099,0.0273395463397416,0.0569915771484375,0.39056237787008286,3.878173351287842
124508.40094711818,2634,172621824,172621824,962.0462572790392,1599.2457263859353,2630,100,29.660000038146972,12.724165955911912,48.0,1.0,24.789999961853027,14.744690718986217,61.0,0.0,0.0010354527281985308,0.17353029758669436,0.00126887070897889,2.348393070201079,0.007153370785090374,0.06303914388020834,0.8703392061094444,0.027474876958876848,0.0562744140625,0.3986658528447151,3.8783299922943115
124568.40122575685,2635,172742400,172687360,2009.5906675052915,1092.2615942279292,2630,100,29.660000038146972,12.724165955911912,48.0,1.0,24.789999961853027,14.744690718986217,61.0,0.0,0.0019678995085996576,0.18070122064091265,0.001249390914987695,2.3434519345561666,0.008198415003789705,0.07681783040364584,0.867420656606555,0.026992791700952996,0.05499267578125,0.3818633258342743,3.8785548210144043
124650.9018026907,2637,172818432,172818432,921.5935551695259,1588.740404871371,2630,100,29.660000038146972,12.724165955911912,48.0,1.0,24.789999961853027,14.744690718986217,61.0,0.0,0.00020295157203994071,0.20692485244944692,0.0012651705898557946,2.335017181932926,0.007407014757215317,0.07838439941406249,0.8452233802527189,0.028248943155631423,0.0548095703125,0.37241707742214203,3.87870717048645
124710.90196325816,2638,172939264,172883968,2013.8612773234165,1092.2637436330394,2633,100,29.419999885559083,13.766030579637263,53.0,2.0,25.369999885559082,15.124585922774534,65.0,0.0,0.0006640770855786589,0.22000586241483688,0.001292067088797921,2.349604420363903,0.009610137044243554,0.08400980631510416,0.8392189169923465,0.027482374299628038,0.054473876953125,0.3694649413228035,3.87876558303833
124792.86635814048,2640,173015040,173015040,924.4989865269399,1599.1333821006529,2633,100,29.419999885559083,13.766030579637263,53.0,2.0,25.369999885559082,15.124585922774534,65.0,0.0,-0.0011966156149962142,0.19236349446388581,0.0013212162484705914,2.3547604704896608,0.007227919574991878,0.07459513346354167,0.8631109533210596,0.0267912483929346,0.0550689697265625,0.38709451258182526,3.8790462017059326
124852.86636234261,2641,173134336,173080576,1988.2665274175106,1092.2665901692762,2637,100,27.25999984741211,14.644193182073138,51.0,0.0,26.469999504089355,14.360678739367808,63.0,0.0,-0.0003552243870217353,0.213895083249857,0.0012937447778919402,2.3594170759121575,0.00754280004669757,0.07565816243489583,0.8464192654937506,0.026213737844955173,0.055084228515625,0.3865202069282532,3.8791043758392334
124934.24830931053,2643,173211648,173211648,949.9895600983925,1610.5783270542286,2637,100,27.25999984741211,14.644193182073138,51.0,0.0,26.469999504089355,14.360678739367808,63.0,0.0,-0.0005167408938480852,0.22290579703015587,0.001320973968783316,2.3502610325813293,0.006698549882761047,0.06851704915364583,0.8202585484832525,0.026939869858324524,0.05474853515625,0.38740262389183044,3.879202127456665
124994.24848699011,2644,173328896,173277184,1954.1275465238593,1092.2634321181397,2640,100,27.110000228881837,14.555339298279815,60.0,0.0,23.799999809265138,14.635573145781873,52.0,0.0,0.0004707671711609388,0.19228671304881573,0.001314981265750248,2.366207825640837,0.007010180099920642,0.07360331217447916,0.837168716515104,0.02627228895047059,0.055877685546875,0.38751881569623947,3.8793399333953857
125076.91455891542,2646,173408256,173408256,960.006906723483,1585.5597943303976,2640,100,27.110000228881837,14.555339298279815,60.0,0.0,23.799999809265138,14.635573145781873,52.0,0.0,0.0021043044228766425,0.1681303574393193,0.0012900394770743635,2.356935610373815,0.006223185402025896,0.05574035644531251,0.8623481585333744,0.026175203713743638,0.05804443359375,0.40984466671943665,3.879751682281494
125136.91494833492,2647,173524224,173473792,1932.7874555813844,1092.2595775470957,2640,100,27.110000228881837,14.555339298279815,60.0,0.0,23.799999809265138,14.635573145781873,52.0,0.0,0.0004202142881695181,0.16989297466352582,0.0012533161061583087,2.356256494919459,0.0062827563112174785,0.06695048014322917,0.8681587744504213,0.026642708282452077,0.05712890625,0.3918042331933975,3.879913568496704
125219.32371632569,2649,173604864,173604864,978.5366529085096,1590.5103691719266,2644,100,29.679999923706056,13.32657490181947,49.0,1.0,24.30999994277954,12.945033696438253,49.0,0.0,-0.0003309443491161801,0.2011536192148924,0.0013151872881280722,2.333925483127435,0.007613719455548562,0.07388305664062501,0.8567770502219598,0.02796250203391537,0.0570220947265625,0.38717909902334213,3.8802058696746826
125279.3239366468,2650,173726720,173670400,2030.9258757356465,1092.2626558578268,2644,100,29.679999923706056,13.32657490181947,49.0,1.0,24.30999994277954,12.945033696438253,49.0,0.0,0.0007439039861007283,0.2095631587629517,0.001293332834999698,2.3571969966093698,0.006965099856946229,0.07299296061197917,0.8514020169774691,0.026801053686843563,0.057342529296875,0.38687480986118317,3.880463123321533
125360.93639852293,2652,173801472,173801472,915.938550088866,1606.0292385119842,2647,100,24.499999809265137,16.277284658642127,52.0,0.0,25.52999973297119,14.054504730701012,55.0,1.0,-0.0008008084090154928,0.22536904783919454,0.001261383832267408,2.365486189723015,0.0069785586886913125,0.0676116943359375,0.8165925374875466,0.025576061898997676,0.054473876953125,0.37729189544916153,3.8805806636810303
125420.9369593095,2653,173917696,173867008,1937.0485621528512,1092.2564579540306,2647,100,24.499999809265137,16.277284658642127,52.0,0.0,25.52999973297119,14.054504730701012,55.0,1.0,0.00018189438075448078,0.21703565136219066,0.0012899689184754,2.3553622166315713,0.008629219943031785,0.0815582275390625,0.8495868183672428,0.026386088808067143,0.054718017578125,0.3621152639389038,3.8806746006011963
125502.55773925036,2655,173998080,173998080,984.8472418205922,1605.865566280711,2651,100,30.090000534057616,14.240853041909707,59.0,0.0,25.149999618530273,15.277679831862201,64.0,0.0,-0.0010077213689025182,0.22599944037695727,0.0013006689684213295,2.3596151893337565,0.007316086764452241,0.07363382975260416,0.845091085260113,0.027129265926002212,0.0533294677734375,0.35435813665390015,3.880831718444824
125562.55854343809,2656,174116864,174063616,1979.7067990680546,1092.2520270720302,2651,100,30.090000534057616,14.240853041909707,59.0,0.0,25.149999618530273,15.277679831862201,64.0,0.0,0.0006169108746689744,0.1972481810953468,0.0012763090259492553,2.355438719193141,0.006342680390541015,0.0729522705078125,0.8528502626965444,0.028146886674221605,0.0543670654296875,0.3750675097107887,3.8808977603912354
125644.8179170657,2658,174194688,174194688,946.080629695985,1593.3989552774485,2654,100,29.809999656677245,13.71108674235161,53.0,0.0,26.689999961853026,14.201897608702133,65.0,0.0,0.00021035814521989474,0.1946761489380151,0.0012755569829702533,2.3664545863866806,0.0069341955319638755,0.07754516601562499,0.8497839719057083,0.02705313826057439,0.0570068359375,0.39952221512794495,3.881196975708008
125704.81815290637,2659,174312448,174260224,1962.6589520863606,1092.262373335018,2654,100,29.809999656677245,13.71108674235161,53.0,0.0,26.689999961853026,14.201897608702133,65.0,0.0,9.580652113072574e-05,0.20783683680929244,0.001299164966136838,2.3677787532409034,0.006700901303702267,0.07089742024739583,0.8528237926463287,0.027200127602554858,0.054168701171875,0.3787776157259941,3.8812623023986816
125787.172393566,2661,174391296,174391296,957.4248923729882,1591.5634574512012,2654,100,29.809999656677245,13.71108674235161,53.0,0.0,26.689999961853026,14.201897608702133,65.0,0.0,-0.0006119104922011804,0.18781666938836378,0.001282263947359752,2.3656564901272454,0.007000494422754856,0.06992594401041666,0.8561953629056612,0.027562743654319398,0.0560760498046875,0.39332182705402374,3.881514549255371
125847.17274408601,2662,174513920,174456832,2043.7213939124472,1092.260285681809,2657,100,29.749999618530275,14.589293798663567,55.0,1.0,23.82000026702881,15.050169448613014,65.0,0.0,0.0019263671880859572,0.19224284829882282,0.0013027735682650623,2.3625201607743898,0.009301306508859852,0.09052530924479167,0.8674721320470173,0.026634240600590907,0.0560150146484375,0.393958181142807,3.8816490173339844
125927.99277099594,2664,174587904,174587904,915.4166711977131,1621.7762479350488,2657,100,29.749999618530275,14.589293798663567,55.0,1.0,23.82000026702881,15.050169448613014,65.0,0.0,-0.0020465676619399647,0.19724867539480329,0.0012594335203175433,2.3793490777413053,0.007313509026062093,0.069244384765625,0.8444181419909,0.025396530206004776,0.0535430908203125,0.35858865082263947,3.8818862438201904
125987.99308464304,2665,174701312,174653440,1890.1234528046111,1092.2609569254637,2661,100,28.539999771118165,15.645715228047143,58.0,0.0,24.199999809265137,14.796621127720824,51.0,1.0,0.00025588227678478387,0.1825273783567051,0.0013157325968980633,2.3671042968829474,0.006816614943090826,0.06823221842447917,0.8634270913898945,0.026300765360550336,0.056884765625,0.3804430216550827,3.882040500640869
126070.25750779174,2667,174784512,174784512,1011.3728002395669,1593.3011499158715,2661,100,28.539999771118165,15.645715228047143,58.0,0.0,24.199999809265137,14.796621127720824,51.0,1.0,-0.00047423716265863425,0.22380333207547665,0.0012967377624590881,2.358036028842131,0.007671759496588494,0.07081095377604167,0.8459143160531918,0.027266605388528358,0.0554962158203125,0.37954001873731613,3.882282018661499
126130.25757642649,2668,174900992,174850048,1941.331112620457,1092.2654172106306,2664,100,27.429999923706056,16.01640141690801,64.0,1.0,25.999999809265137,13.293607457863962,57.0,2.0,-0.00033015965891536325,0.1995212323963642,0.0012720051515013135,2.365511449674765,0.007436243559520032,0.07334391276041667,0.8510320540517567,0.026413907995447513,0.0576019287109375,0.40160680562257767,3.882436513900757
126212.32384508103,2670,174981120,174981120,976.3816646434924,1597.148282100537,2664,100,27.429999923706056,16.01640141690801,64.0,1.0,25.999999809265137,13.293607457863962,57.0,2.0,5.986167525406925e-05,0.18745610490441322,0.0012914341556703826,2.3646580750743547,0.007127106797876574,0.06543986002604166,0.861819565296173,0.026505800235706072,0.055328369140625,0.38258929550647736,3.8827171325683594
126272.32399897091,2671,175097600,175046656,1941.3283541535557,1092.2638651940886,2664,100,27.429999923706056,16.01640141690801,64.0,1.0,25.999999809265137,13.293607457863962,57.0,2.0,3.590168247076995e-05,0.19753607378030819,0.0012820973897760268,2.3599139725168543,0.008009659003922327,0.07599385579427083,0.8582052569836378,0.027346946493101616,0.0554656982421875,0.38441912084817886,3.8828070163726807
126354.10553677566,2673,175177728,175177728,979.7810380051756,1602.7089183982425,2667,100,27.310000228881837,15.517535158349556,60.0,1.0,26.420000553131104,13.82619264609323,53.0,1.0,-0.0005070214659402457,0.2089708271281173,0.0013057073483651036,2.3631580347816152,0.007711613028732245,0.08182271321614583,0.857022000476718,0.028330640867352486,0.0556793212890625,0.38731032609939575,3.8831634521484375
126414.10560089536,2674,175297792,175243264,2001.0645282058256,1092.2654994044592,2667,100,27.310000228881837,15.517535158349556,60.0,1.0,26.420000553131104,13.82619264609323,53.0,1.0,-4.181590338703245e-05,0.19714670822334787,0.0013016350167163182,2.3724148819843927,0.008296588306620833,0.08313496907552083,0.8402813542634248,0.02698253442455704,0.055633544921875,0.40180929750204086,3.8831562995910645
126496.0879411716,2676,175374336,175374336,933.6644909389425,1598.7833423436073,2671,100,27.809999847412108,14.784921445875572,60.0,0.0,27.289999771118165,13.90560675623156,58.0,1.0,0.00024806719011394307,0.17308470956049857,0.001333851088323475,2.372674403091272,0.006566439204713485,0.06378682454427084,0.8638156782835722,0.02683394627335171,0.0562286376953125,0.38536351174116135,3.8832764625549316
126556.0880977977,2677,175492864,175439872,1975.4615098526253,1092.263815382877,2671,100,27.809999847412108,14.784921445875572,60.0,0.0,27.289999771118165,13.90560675623156,58.0,1.0,0.0009242865174504308,0.22546515272309384,0.0013115286237734836,2.369013672073682,0.007816280865881708,0.07465616861979167,0.8302270931502184,0.02783786616055295,0.0543975830078125,0.36336851119995117,3.8832926750183105
126638.22888311557,2679,175570944,175570944,950.5631057439542,1595.6993775111625,2674,100,28.259999465942382,14.526265924159905,53.0,1.0,26.520000076293947,12.547892189367786,53.0,0.0,0.0013472652050647107,0.2209421647712588,0.001328262784227263,2.3728673780957856,0.007712936976531637,0.0781707763671875,0.8387225164721409,0.02705282341533651,0.053802490234375,0.36660943925380707,3.88350510597229
126698.2298562713,2680,175693568,175636480,2043.700186024498,1092.2489511947213,2674,100,28.259999465942382,14.526265924159905,53.0,1.0,26.520000076293947,12.547892189367786,53.0,0.0,0.0004464420320194525,0.24420897398764888,0.0013489902909592881,2.380347840487957,0.007370672964801391,0.07023111979166667,0.8186340071260929,0.026699612829058122,0.0537872314453125,0.38019879162311554,3.883559226989746
126779.13698138297,2682,175767552,175767552,914.4312061253704,1620.0303720975419,2678,100,28.4100004196167,14.58498882886932,60.0,2.0,25.589999961853028,14.943289440002742,60.0,0.0,0.0004763921218303342,0.2548169574389855,0.0013523738853109535,2.3803478876749677,0.006358476349608584,0.06585693359375,0.8235650695860386,0.02599141676910222,0.0548553466796875,0.37537702918052673,3.8837504386901855
126839.13737099059,2683,175887360,175833088,1996.7870339424937,1092.2595741223897,2678,100,28.4100004196167,14.58498882886932,60.0,2.0,25.589999961853028,14.943289440002742,60.0,0.0,-0.0008910614803122977,0.20845321263186636,0.0013251743342455788,2.3948097079992294,0.006807535487799517,0.07115681966145834,0.8424332650999229,0.0245502782248271,0.0521392822265625,0.3544802665710449,3.88382887840271
126921.31062970869,2685,175964160,175964160,934.6106166175516,1595.0687856939546,2681,100,26.77999973297119,15.285666572404446,64.0,1.0,25.939999961853026,14.784329527755832,54.0,0.0,-4.183127506015183e-06,0.2492077692101399,0.001343211955827428,2.3808657253781957,0.006935212749037116,0.0771942138671875,0.8259778513262669,0.02567766938591376,0.0519256591796875,0.35171081125736237,3.8839786052703857
126981.31080465019,2686,176083456,176029696,1988.260869511182,1092.2634819632244,2681,100,26.77999973297119,15.285666572404446,64.0,1.0,25.939999961853026,14.784329527755832,54.0,0.0,-0.00020273333696726098,0.21035737978915373,0.0013285316187345113,2.3782356356581054,0.00786328883623355,0.080169677734375,0.8263908717781305,0.026292830201176304,0.0550079345703125,0.3798273056745529,3.884119987487793
127062.89183056913,2688,176160768,176160768,947.6713381468488,1606.6480964608827,2681,100,26.77999973297119,15.285666572404446,64.0,1.0,25.939999961853026,14.784329527755832,54.0,0.0,0.000733431511131736,0.19328194476353625,0.001331740068659807,2.360636909802755,0.007805570298539047,0.07747395833333334,0.8419902970393499,0.028233343560714275,0.0550689697265625,0.38586393743753433,3.8843913078308105
127122.89193901792,2689,176277504,176226304,1945.5964833736405,1092.2646924202893,2684,100,27.129999923706055,14.66809797546154,64.0,1.0,24.84000015258789,14.644261806701442,58.0,0.0,-0.0006387254276584523,0.182130613985161,0.0013274345474201255,2.3613492101430893,0.007472656447741126,0.06870524088541667,0.8536695484071969,0.027545487449970096,0.0564422607421875,0.3837655186653137,3.884591579437256
127204.99305116013,2691,176357376,176357376,972.8491845720159,1596.4704567335646,2684,100,27.129999923706055,14.66809797546154,64.0,1.0,24.84000015258789,14.644261806701442,58.0,0.0,-0.0002356099527484427,0.2078853133134544,0.0013030744424516645,2.3638641387224197,0.0075428546842886135,0.07431030273437499,0.8473647298912208,0.026896907559906445,0.0544586181640625,0.36522673070430756,3.8848702907562256
127264.99354465492,2692,176474624,176422912,1954.1172608884222,1092.2576829420002,2688,100,31.229999923706053,13.467631468183708,57.0,0.0,25.749999809265137,14.242454000721882,63.0,0.0,0.00045652718836208795,0.19902021220574775,0.0013262965937125653,2.3636518567800526,0.007375244197949845,0.08350118001302083,0.8398654274642467,0.026645915020102013,0.0578155517578125,0.39377718418836594,3.885025978088379
127347.24641305767,2694,176553984,176553984,964.8295742273152,1593.5249742076949,2688,100,31.229999923706053,13.467631468183708,57.0,0.0,25.749999809265137,14.242454000721882,63.0,0.0,-0.00039695008551158634,0.18534792913123965,0.0013750794702597582,2.369121159116427,0.00811896371669718,0.07913716634114583,0.851434231425325,0.0269593878959616,0.057373046875,0.38920463621616364,3.885261058807373
127407.24667685851,2695,176670976,176619520,1949.8580937631352,1092.261864339962,2691,100,26.699999809265137,14.856311901681982,52.0,0.0,25.84000015258789,14.237780753098454,58.0,0.0,0.00043713693594327196,0.20071925983453792,0.0013431684504515335,2.3676344404617944,0.008049361556307607,0.07877095540364583,0.8506703345725934,0.02676852031921347,0.055999755859375,0.3765672445297241,3.885467529296875
127490.09140618145,2697,176750592,176750592,961.0267382206769,1582.1404822153909,2691,100,26.699999809265137,14.856311901681982,52.0,0.0,25.84000015258789,14.237780753098454,58.0,0.0,-0.00018318343063583595,0.1809379057958722,0.0013265198310061048,2.37129303564628,0.007332468595147171,0.0661773681640625,0.8618847044805685,0.026859400735702366,0.0572357177734375,0.39593708515167236,3.885812759399414
127550.09383733943,2698,176871168,176816128,2009.5185757147658,1092.2224105795756,2694,100,27.099999809265135,14.350958078016822,52.0,0.0,26.31999988555908,13.872187683045636,57.0,0.0,-0.000600083881484655,0.199713633240511,0.001284609632421052,2.3904773890972137,0.008236917447599506,0.07099405924479167,0.8264527997622887,0.02566122740972787,0.055084228515625,0.38295071572065353,3.88590407371521
127632.25088445842,2700,176947200,176947200,925.4470878180366,1595.3835318613965,2694,100,27.099999809265135,14.350958078016822,52.0,0.0,26.31999988555908,13.872187683045636,57.0,0.0,0.002120024265119961,0.19259725456746915,0.0012804696283031567,2.3792965312798815,0.0071860462133675656,0.06830342610677083,0.8399973722795645,0.026375881221611056,0.055328369140625,0.3941074088215828,3.886049270629883
127692.25100001134,2701,177068800,177012736,2026.6627635534273,1092.2645630940578,2694,100,27.099999809265135,14.350958078016822,52.0,0.0,26.31999988555908,13.872187683045636,57.0,0.0,-0.0005761909657546009,0.18852708729294437,0.0012960895874130074,2.3796943177779517,0.007470593516700319,0.0707550048828125,0.8291456798712412,0.026303418698565416,0.0523529052734375,0.35440461337566376,3.8860647678375244
127774.89567307197,2703,177143808,177143808,907.5963062371395,1585.9703371788924,2697,100,26.170000076293945,14.846585621806275,50.0,0.0,26.97000036239624,14.49031053651801,59.0,0.0,0.00022142541517193115,0.1719821474980563,0.0013075482966087293,2.3727712109684944,0.006371804483933374,0.0625762939453125,0.8500090880940359,0.026593541901092976,0.0569610595703125,0.39348187297582626,3.8863236904144287
127834.89613827132,2704,177263360,177209344,1992.5178846995427,1092.25819803658,2697,100,26.170000076293945,14.846585621806275,50.0,0.0,26.97000036239624,14.49031053651801,59.0,0.0,0.0008152605878422037,0.17105892548958462,0.001289423152532739,2.365481172998746,0.005893238985057299,0.06942240397135417,0.8642811197787524,0.025806962318407994,0.056610107421875,0.39200299233198166,3.8865485191345215
127916.43568689562,2706,177340416,177340416,945.0138159954154,1607.4653614274175,2701,100,28.52999954223633,14.212286781888231,50.0,0.0,24.080000114440917,13.769299206222612,55.0,0.0,0.0018152018116476634,0.17865080347595114,0.0013034480204320669,2.377945306400458,0.006729365749076047,0.0569610595703125,0.8483814653009176,0.025481562906255324,0.0551910400390625,0.3816925808787346,3.8868112564086914
127976.43595610373,2707,177458432,177405952,1966.92450813306,1092.2617659046928,2701,100,28.52999954223633,14.212286781888231,50.0,0.0,24.080000114440917,13.769299206222612,55.0,0.0,-0.000444537348812446,0.19445863738656044,0.0012525830825325102,2.379253258307775,0.007042896981753681,0.066253662109375,0.8323132408161958,0.025173873039117705,0.055145263671875,0.37729281932115555,3.887007713317871
128057.6986598894,2709,177537024,177537024,967.1349381542034,1612.9416558141763,2704,100,30.609999465942384,12.594359683885429,60.0,0.0,25.080000114440917,14.258106205938201,61.0,1.0,-0.0021537642436063225,0.18708828448628387,0.001254543384372179,2.3755663086970644,0.006732530223113524,0.07047017415364584,0.8451733216643333,0.026869070541579276,0.0523834228515625,0.3681398555636406,3.8871119022369385
128117.69889879972,2710,177656576,177602560,1992.5253994187392,1092.262317454384,2704,100,30.609999465942384,12.594359683885429,60.0,0.0,25.080000114440917,14.258106205938201,61.0,1.0,-0.0005385459226090461,0.17553618201054633,0.0012789244635011223,2.377123894790808,0.0057092586090827045,0.05379231770833333,0.8407280345757803,0.026087123299172767,0.057525634765625,0.3998626470565796,3.8872551918029785
128199.60158850253,2712,177733632,177733632,940.8238029740477,1600.33816319838,2707,100,30.849999809265135,13.335947366894535,63.0,0.0,25.22999973297119,13.970580209092537,51.0,0.0,-0.0009530279239697848,0.19138243375346062,0.0012841938320586148,2.375018559396267,0.007483914957750433,0.07462565104166667,0.8499629702419043,0.025978928140830252,0.05413818359375,0.3711334094405174,3.8874785900115967
128259.60190759413,2713,177852928,177799168,1988.2560927362647,1092.260857812197,2707,100,30.849999809265135,13.335947366894535,63.0,0.0,25.22999973297119,13.970580209092537,51.0,0.0,-0.0012685154700496544,0.18629310900966328,0.0012297661245005051,2.366414375603199,0.007193377585281269,0.07227579752604167,0.8494327800969282,0.027860072635424636,0.057098388671875,0.3853370472788811,3.887671947479248
128341.55102774873,2715,177930240,177930240,943.4146437953699,1599.431449083541,2710,100,30.429999923706056,13.152379856933278,59.0,1.0,26.6,14.542351994718615,58.0,1.0,-0.0008854099578456953,0.19505756751944622,0.0012425358654581942,2.381858783463637,0.007367393246264934,0.0735931396484375,0.8382019841422637,0.026922780030872673,0.0558929443359375,0.38689739257097244,3.8879945278167725
128401.55154282227,2716,178051584,177995776,2022.3826387369904,1092.257290119556,2710,100,30.429999923706056,13.152379856933278,59.0,1.0,26.6,14.542351994718615,58.0,1.0,0.00037130093308708945,0.1822281659115106,0.0012403061664372217,2.3800866405169168,0.007855437286707456,0.08302307128906249,0.8559313913186392,0.027671485925869398,0.051025390625,0.35732725262641907,3.8879899978637695
128483.11270691454,2718,178126848,178126848,922.7921258560219,1607.0393484295348,2714,100,30.15999984741211,13.31143853670603,59.0,2.0,26.00999984741211,13.214004185151065,61.0,2.0,-0.00035982822737423703,0.18275393545627594,0.001262309480807744,2.3634238714973135,0.006335351019515656,0.07183329264322917,0.8753815001497666,0.028510191768873483,0.05657958984375,0.38485150039196014,3.8881759643554688
128543.11288465,2719,178240768,178192384,1898.6610423433494,1092.2634311008933,2714,100,30.15999984741211,13.31143853670603,59.0,2.0,26.00999984741211,13.214004185151065,61.0,2.0,0.0007010897437188154,0.18728420433277887,0.0012460041058754239,2.375619113445282,0.007728180252039843,0.0782012939453125,0.8613568966587385,0.027786589052993804,0.0566558837890625,0.3913837820291519,3.8883283138275146
128626.2252623383,2721,178323456,178323456,994.8939291584184,1577.0454852294433,2714,100,30.15999984741211,13.31143853670603,59.0,2.0,26.00999984741211,13.214004185151065,61.0,2.0,0.00014784162340220056,0.1959371838408212,0.0012470671911917939,2.3885076493024826,0.007086653286629978,0.07056681315104167,0.8479231788466374,0.02689812962974732,0.0557098388671875,0.3973955735564232,3.8885366916656494
128686.22574653104,2722,178444544,178388992,2018.117047372822,1092.257852277891,2717,100,28.149999809265136,13.92434912242138,57.0,1.0,25.09000015258789,14.113182038729489,57.0,0.0,0.00028880499788404756,0.18732529459521174,0.0012591643038225204,2.37569610029459,0.007623911711561958,0.069610595703125,0.8380954495320718,0.028672779153566804,0.0559234619140625,0.3959662541747093,3.8885953426361084
128768.52816518396,2724,178520064,178520064,917.5915026079113,1592.565590966951,2717,100,28.149999809265136,13.92434912242138,57.0,1.0,25.09000015258789,14.113182038729489,57.0,0.0,-0.0008828450105890321,0.19256876882476112,0.0012538856572064105,2.384791195392609,0.007074636555747323,0.0713043212890625,0.8530241474509239,0.025865104650923364,0.0559539794921875,0.3929704502224922,3.8887698650360107
128828.52839005925,2725,178636288,178585600,1937.0594067201914,1092.2625729523547,2721,100,30.059999847412108,13.802767980618595,61.0,1.0,25.20999984741211,13.084567322887159,56.0,0.0,-0.000902255885497046,0.21534455831473073,0.0012614086687487238,2.383234332005183,0.00746922598167051,0.073394775390625,0.8359048242370287,0.025175144876508664,0.0555419921875,0.37308208644390106,3.888904571533203
128910.35731302202,2727,178716672,178716672,982.3421485893531,1601.7808282730853,2721,100,30.059999847412108,13.802767980618595,61.0,1.0,25.20999984741211,13.084567322887159,56.0,0.0,-0.00025452326372032985,0.20487991037468115,0.0012611629693613697,2.3820597156882286,0.006882713709880288,0.0703125,0.8503363976875941,0.02556835786284258,0.05303955078125,0.36684469133615494,3.888951301574707
128970.35740714706,2728,178834176,178782208,1958.3969277632748,1092.26495317516,2724,100,27.260000038146973,13.840968238971325,50.0,1.0,24.310000038146974,13.58947722189469,56.0,0.0,0.0005536862421043527,0.23061619815416634,0.0012747932378260884,2.3691351041197777,0.007963760981510859,0.07740275065104167,0.8271411942938964,0.027190521999727935,0.05413818359375,0.3646775335073471,3.8890905380249023
129051.59048395976,2730,178913280,178913280,973.7905186380113,1613.5299208500383,2724,100,27.260000038146973,13.840968238971325,50.0,1.0,24.310000038146974,13.58947722189469,56.0,0.0,-0.0010230923689960036,0.20961352872351804,0.0012371700831863564,2.375923477113247,0.007680311526200966,0.07748921712239583,0.8478997753312191,0.02725144962702567,0.05548095703125,0.38325081765651703,3.889260768890381
129111.59055660665,2731,179026176,178978816,1881.59772179641,1092.2653441720656,2727,100,29.210000038146973,14.139515334437286,62.0,0.0,25.620000171661378,14.005556097936614,58.0,1.0,0.0005844469754568612,0.2115726210176945,0.0012156972176550578,2.390105001628399,0.008102642551724179,0.0810546875,0.8306628676752249,0.02663117425981909,0.0533294677734375,0.36983512341976166,3.8893520832061768
129194.36117785424,2733,179109888,179109888,1011.3733440467299,1583.5570402199564,2727,100,29.210000038146973,14.139515334437286,62.0,0.0,25.620000171661378,14.005556097936614,58.0,1.0,0.0015360604302259162,0.1776866956303517,0.0012605732348068461,2.361743584275246,0.006520462594077496,0.06531270345052083,0.8684602404634159,0.028403665016715728,0.0567474365234375,0.38084495067596436,3.8896780014038086
129254.36121565104,2734,179224320,179175424,1907.1987985666215,1092.2659785974386,2727,100,29.210000038146973,14.139515334437286,62.0,0.0,25.620000171661378,14.005556097936614,58.0,1.0,-0.0011522288684015318,0.2151841529024144,0.0012406214846123476,2.3768252953886986,0.008802655032923212,0.08130900065104167,0.8297920003533363,0.027061493252404034,0.054656982421875,0.3841944709420204,3.8897056579589844
129337.09177240543,2736,179306496,179306496,993.2968328009481,1584.3239202307957,2731,100,27.870000076293945,14.417111183027533,64.0,1.0,25.410000038146972,12.734280736753888,55.0,0.0,0.0011611491111883272,0.1919320926535875,0.0012388697650749236,2.3553975274165473,0.007629504785048387,0.08205668131510417,0.8412245362997055,0.027228597338156153,0.0531768798828125,0.38681864738464355,3.8898985385894775
129397.09344957769,2737,179427840,179372032,2022.3434696939246,1092.236135530896,2731,100,27.870000076293945,14.417111183027533,64.0,1.0,25.410000038146972,12.734280736753888,55.0,0.0,-0.00026778370617345604,0.1800104083182911,0.0012605699666892178,2.362656347453594,0.0074645416419419535,0.07579549153645833,0.8475218893339237,0.026882351143285632,0.056121826171875,0.39288198947906494,3.890066385269165
129478.38307347521,2739,179503104,179503104,925.8746244770568,1612.4075092933779,2734,100,27.68000011444092,13.036011914747135,61.0,1.0,22.71000032424927,15.27239008097451,49.0,0.0,0.0007323782604847414,0.1848427972290665,0.001288982148253126,2.3447032446662583,0.007785488679170765,0.07776896158854167,0.8626336995512248,0.029369570722337812,0.055908203125,0.3897729218006134,3.89031982421875
129538.38354242593,2740,179621632,179568640,1975.451226845459,1092.2581297460852,2734,100,27.68000011444092,13.036011914747135,61.0,1.0,22.71000032424927,15.27239008097451,49.0,0.0,0.0006846263422630726,0.19298556291808686,0.0012729094451060519,2.3556204338868456,0.007305264496608288,0.0771942138671875,0.8482191301882267,0.02846004068851471,0.0580596923828125,0.40521567314863205,3.8904125690460205
129620.45317364484,2742,179699712,179699712,951.3872408142254,1597.082843596339,2737,100,30.109999465942384,12.976050686184115,59.0,1.0,24.830000114440917,13.76012731490919,54.0,0.0,0.00044813738592589897,0.2048089576419443,0.0012628811709873844,2.3642425338427224,0.007911198138875381,0.07430521647135416,0.8458221393326918,0.026661938599621255,0.0544586181640625,0.375029981136322,3.890641927719116
129680.453705661,2743,179819520,179765248,1996.7822946592505,1092.256981693949,2737,100,30.109999465942384,12.976050686184115,59.0,1.0,24.830000114440917,13.76012731490919,54.0,0.0,-0.0008655835845274851,0.18230396361711124,0.001254019932578861,2.3680310522516566,0.00644199845919502,0.06431070963541667,0.8758434218664964,0.02640845758530001,0.056427001953125,0.3942549601197243,3.8907666206359863
129762.36652122997,2745,179896320,179896320,937.5822264995422,1600.1403332258856,2741,100,30.350000190734864,12.60902467719429,54.0,0.0,25.879999923706055,13.499836940411324,59.0,0.0,-0.001263775763315304,0.17220751770461598,0.0012539596827991772,2.3738390033443766,0.007575670650112443,0.07529195149739584,0.8796439245343207,0.025082452145094674,0.0569610595703125,0.40864722430706024,3.8909494876861572
129822.36658029817,2746,180016128,179961856,1996.7980342121402,1092.2655913639057,2741,100,30.350000190734864,12.60902467719429,54.0,0.0,25.879999923706055,13.499836940411324,59.0,0.0,4.400826583150774e-06,0.2143493854285528,0.0012877882436441721,2.358014283080896,0.007346474354562816,0.070281982421875,0.8447036202996969,0.02750496248093744,0.0575103759765625,0.391851507127285,3.891068458557129
129903.65311199427,2748,180092928,180092928,944.805964746168,1612.4688465001266,2741,100,30.350000190734864,12.60902467719429,54.0,0.0,25.879999923706055,13.499836940411324,59.0,0.0,-0.00042891559132840484,0.19997117458842695,0.0012537221591628622,2.3804785211881003,0.007426788070612625,0.07374064127604166,0.8463350012898445,0.02629405496797214,0.0531768798828125,0.3811834752559662,3.8912384510040283
129963.6564725209,2749,180212480,180158464,1992.4217402278555,1092.2054935724434,2744,100,30.539999961853027,13.560545406891,60.0,1.0,27.350000190734864,14.258594060179838,59.0,0.0,0.000605941929582817,0.197656274229909,0.001221144159596103,2.385691985487938,0.008414793848108578,0.07126871744791666,0.8544530272483826,0.02591993473470211,0.053314208984375,0.3704541325569153,3.8913345336914062
130045.16456672363,2751,180289536,180289536,945.3785020214824,1608.085691146176,2744,100,30.539999961853027,13.560545406891,60.0,1.0,27.350000190734864,14.258594060179838,59.0,0.0,-0.0017014400679424095,0.1815459770926585,0.0012526516147772782,2.3755499819914503,0.006823988680480398,0.06908671061197917,0.8717002402991056,0.025609303324017674,0.05609130859375,0.3949897363781929,3.8915762901306152
130105.16499948874,2752,180408064,180355072,1975.452418218572,1092.2587884750635,2748,100,29.93000011444092,12.966306205038126,59.0,0.0,26.38000030517578,13.850473303282582,55.0,0.0,-0.0016930603305809198,0.20299125338594118,0.001252388662881761,2.3823400114973388,0.006635527592152357,0.06539408365885417,0.8562218224008877,0.024162546576311193,0.055145263671875,0.37943240255117416,3.891733169555664
130186.58483798243,2754,180486144,180486144,958.98004030125,1609.8287889647213,2748,100,29.93000011444092,12.966306205038126,59.0,0.0,26.38000030517578,13.850473303282582,55.0,0.0,-0.001244018470364002,0.2087780813065668,0.0012852679610659834,2.3732353523373604,0.007518972307783163,0.06501261393229167,0.8584712222218512,0.02510901187391331,0.0557708740234375,0.38812874257564545,3.891995429992676
130246.58508597873,2755,180603648,180551680,1958.39190543421,1092.2621520504526,2751,100,29.3,13.171560187215768,61.0,0.0,26.47000045776367,14.448152175019896,63.0,0.0,-0.001079205862576297,0.19406569687028727,0.0012427598327728144,2.3818347603082657,0.006033775035272507,0.06694539388020833,0.8346292606244485,0.023632883695730317,0.0565185546875,0.3871620148420334,3.8921360969543457
130328.09999999031,2757,180682752,180682752,970.4236452823816,1607.9511533481534,2751,100,29.3,13.171560187215768,61.0,0.0,26.47000045776367,14.448152175019896,63.0,0.0,-0.0005233336317663391,0.17528831205951673,0.0012635764008640158,2.37486615528663,0.0056193500313384,0.05782572428385417,0.8715753561506668,0.025080628693103787,0.056732177734375,0.39365845918655396,3.892375946044922
130388.100065317,2758,180799744,180748288,1949.8645436967017,1092.2654774318503,2751,100,29.3,13.171560187215768,61.0,0.0,26.47000045776367,14.448152175019896,63.0,0.0,-0.0013323396487976424,0.24364185302207866,0.001277803249346713,2.381619816025098,0.0070741561533698896,0.0718231201171875,0.8314365471402805,0.025304091648043446,0.055450439453125,0.38674888759851456,3.8924849033355713
130469.90842064284,2760,180879360,180879360,973.201327454866,1602.183535874249,2755,100,29.41999969482422,14.04505590411441,62.0,0.0,26.75,14.479899768875079,52.0,0.0,9.828422723027572e-05,0.22536034447451433,0.0012678089806286155,2.3911668409903846,0.007735864366016661,0.072265625,0.828988882402579,0.024895856719619285,0.050933837890625,0.349434532225132,3.8925652503967285
130529.90868109092,2761,181001216,180944896,2030.9245174933687,1092.261925374585,2755,100,29.41999969482422,14.04505590411441,62.0,0.0,26.75,14.479899768875079,52.0,0.0,-0.0005685108359709071,0.224401377607137,0.0012641027751669753,2.3977960348129272,0.006712402821600942,0.06635538736979167,0.816463050742944,0.023950411879923195,0.0523223876953125,0.35513603687286377,3.8925652503967285
130611.55703311972,2763,181075968,181075968,915.5359311309884,1605.323276503651,2758,100,27.609999465942384,14.244222924585308,61.0,0.0,24.2399995803833,14.25140003502379,56.0,0.0,-0.0009420562006804782,0.19835861151417095,0.00128078028865275,2.377762774626414,0.007845038405624411,0.0762939453125,0.8553847900281351,0.025530382040111967,0.056060791015625,0.37848737835884094,3.8928778171539307
130671.55716401897,2764,181194496,181141504,1975.462356890968,1092.2642837237318,2758,100,27.609999465942384,14.244222924585308,61.0,0.0,24.2399995803833,14.25140003502379,56.0,0.0,0.00043334171399086097,0.19619169070695838,0.0012408549337123986,2.389990704754988,0.007226007441810604,0.0692291259765625,0.8494646816203992,0.024049329552023362,0.0550537109375,0.3848534971475601,3.8929786682128906
130752.81987426616,2766,181272576,181272576,960.8343084114782,1612.9415275628749,2761,100,27.660000228881835,14.423744176159909,64.0,1.0,25.339999961853028,13.4679024239847,57.0,0.0,-0.0003115578365395777,0.20285462976122895,0.0012570298871044845,2.373992366095384,0.006175239412793114,0.05959065755208333,0.8455213562895855,0.02604016471498956,0.056884765625,0.3926564157009125,3.893266439437866
130812.8201651834,2767,181390080,181338112,1958.390504507567,1092.2613707057453,2761,100,27.660000228881835,14.423744176159909,64.0,1.0,25.339999961853028,13.4679024239847,57.0,0.0,-3.3764998079277575e-05,0.19526616965110105,0.001270036836406992,2.3591991613308587,0.0065576452446597005,0.07349650065104167,0.8515681456774473,0.027324306720402092,0.05633544921875,0.38257769495248795,3.893385648727417
130894.92872716114,2769,181469184,181469184,963.4074461253078,1596.325606524782,2765,100,29.469999885559083,13.536214232944834,64.0,1.0,23.960000038146973,14.967244501735047,59.0,0.0,-0.001276153206466309,0.1941010090522468,0.0012427856272552162,2.357496455311775,0.006364556664266274,0.06482950846354167,0.8590630857894818,0.02605533824923138,0.055938720703125,0.38086947053670883,3.893551826477051
130954.93138436228,2770,181593600,181534720,2073.508171195356,1092.2182959382947,2765,100,29.469999885559083,13.536214232944834,64.0,1.0,23.960000038146973,14.967244501735047,59.0,0.0,-0.0016175875255915646,0.19010756692538658,0.0012659988290882513,2.3642844085892043,0.007511688489103108,0.07303873697916667,0.8467277679592371,0.025657577711778384,0.0597686767578125,0.408772774040699,3.8937759399414062
131035.91958531551,2772,181665792,181665792,891.3891054536455,1618.4085886250584,2765,100,29.469999885559083,13.536214232944834,64.0,1.0,23.960000038146973,14.967244501735047,59.0,0.0,0.004447048023090853,0.21121051659186682,0.0013021175557999718,2.368512344857057,0.008067338797748864,0.08480326334635417,0.8227671316514413,0.02558302766798685,0.0550994873046875,0.38118934631347656,3.893869400024414
131095.9198450651,2773,181782784,181731328,1949.8582254187127,1092.2619380901322,2768,100,29.51999988555908,14.08792394473528,63.0,0.0,24.52000026702881,13.897107666259682,55.0,0.0,0.001871389686129987,0.18312832084484398,0.0012893946513941046,2.360482749839624,0.00792911759223595,0.08434041341145833,0.8639357859889666,0.02839563680269445,0.0567474365234375,0.39778991788625717,3.894019365310669
131178.23247809522,2775,181862400,181862400,967.2391353447542,1592.367965583647,2768,100,29.51999988555908,14.08792394473528,63.0,0.0,24.52000026702881,13.897107666259682,55.0,0.0,-0.0004188478390763824,0.20167888312910995,0.0013159567994686463,2.3693165481090546,0.00788249067166665,0.07212320963541667,0.8275088338802259,0.02687810406011219,0.054779052734375,0.3878376856446266,3.8942017555236816
131238.2325058747,2776,181976064,181927936,1894.3991229093162,1092.2661609567228,2772,100,28.879999732971193,13.29833049198717,51.0,0.0,26.1,13.478501326762444,56.0,1.0,-0.0003364120881694059,0.183368894426773,0.001317975144047523,2.3771293312311172,0.006966628675096823,0.07251993815104166,0.8402136638760567,0.02756773158519839,0.05572509765625,0.39145204424858093,3.8942930698394775
131320.2902083937,2778,182059008,182059008,1010.8009053847835,1597.3150109784233,2772,100,28.879999732971193,13.29833049198717,51.0,0.0,26.1,13.478501326762444,56.0,1.0,0.0017057593140634708,0.1843379301329454,0.001345321624588299,2.365301767985026,0.006788270179337511,0.05894470214843751,0.8536023255437613,0.02700644308545937,0.0578155517578125,0.38941752165555954,3.894615650177002
131380.29065432213,2779,182177792,182124544,1979.718619786579,1092.2585488477678,2775,100,31.989999961853027,12.59007156032653,64.0,1.0,26.050000190734863,14.01811334911109,53.0,0.0,0.0010863358935845708,0.19531468294250467,0.0013265981203100332,2.359558485448361,0.007325959589555471,0.07231648763020834,0.8342746968070667,0.028003861759013184,0.054840087890625,0.36989712715148926,3.8947181701660156
131461.51916769892,2781,182255616,182255616,958.0872130332474,1613.6205693191534,2775,100,31.989999961853027,12.59007156032653,64.0,1.0,26.050000190734863,14.01811334911109,53.0,0.0,-0.0003712806137627922,0.1723754326812923,0.0012971173334032453,2.3621241872509318,0.006526041555237802,0.06383768717447917,0.8611954655498267,0.027364296411784988,0.05767822265625,0.4014212563633919,3.895005702972412
131521.51975146122,2782,182379264,182321152,2060.7799499058415,1092.2560397016468,2775,100,31.989999961853027,12.59007156032653,64.0,1.0,26.050000190734863,14.01811334911109,53.0,0.0,-0.0004207024200392577,0.1930335482272009,0.0012780537059976873,2.36601089934508,0.007485812973148616,0.0697784423828125,0.8482539920757214,0.028649528394453228,0.057647705078125,0.3978195786476135,3.8951098918914795
131603.8024834022,2784,182452224,182452224,886.6988039767807,1592.9466232846025,2778,100,30.189999961853026,12.85588979550863,62.0,1.0,23.55,13.790848428691662,51.0,0.0,0.0005714288636227139,0.21030461237144968,0.001335673838184448,2.372429373363654,0.008239433079021788,0.07675679524739583,0.8385894056409597,0.027885522906823702,0.05450439453125,0.3786475360393524,3.8953299522399902
131663.80264867842,2785,182571776,182517760,1992.5278447085147,1092.2636579130187,2778,100,30.189999961853026,12.85588979550863,62.0,1.0,23.55,13.790848428691662,51.0,0.0,-0.0007076253677951172,0.22074997308664027,0.001317971530321908,2.364959421257178,0.008168249101193698,0.08338419596354167,0.8349357613672812,0.028840466926340014,0.0535125732421875,0.3685593083500862,3.8953781127929688
131746.18095901795,2787,182648832,182648832,935.391848684572,1591.0984269983417,2782,100,30.120000076293945,13.735559761685906,60.0,0.0,25.07000026702881,13.168337069526906,48.0,0.0,0.0013931822541053407,0.161070900503546,0.0012562352991759933,2.3783804625272746,0.005934662992634306,0.0624542236328125,0.8772257938981056,0.028582783047265064,0.0578460693359375,0.41749051958322525,3.895691394805908
131806.18133064732,2788,182770688,182714368,2030.9207541699177,1092.2599014023087,2782,100,30.120000076293945,13.735559761685906,60.0,0.0,25.07000026702881,13.168337069526906,48.0,0.0,0.0006351472038659268,0.16974965801152092,0.0012530315119268682,2.3745890830953913,0.007292990874702809,0.06688944498697917,0.860098285600543,0.029848634866842378,0.0568084716796875,0.4072446748614311,3.895763397216797
131888.12146788277,2790,182845440,182845440,912.2757481502223,1599.6067912771023,2785,100,26.70999984741211,14.438348187058045,64.0,0.0,24.219999504089355,14.786196146317751,53.0,0.0,0.00024334610498044634,0.1829374776377032,0.0012472738296006962,2.3746219153205557,0.007180757165770046,0.07415771484375,0.8535911000023286,0.02927454869495705,0.0554351806640625,0.3907875716686249,3.896026611328125
131948.12177505717,2791,182962688,182910976,1954.1233290556643,1092.2610747560045,2785,100,26.70999984741211,14.438348187058045,64.0,0.0,24.219999504089355,14.786196146317751,53.0,0.0,0.0020255985970531283,0.1866049150315424,0.0012686465791678832,2.3664541567365327,0.007241251716550323,0.06984456380208333,0.8524487242102623,0.030182334031754483,0.0587005615234375,0.41593389213085175,3.8962724208831787
132030.16409979202,2793,183042048,183042048,967.3055981346142,1597.6144072416855,2788,100,28.930000495910644,14.688944871623182,68.0,1.0,25.019999980926514,12.958379531787006,55.0,0.0,-0.0005429450732966264,0.1911914185620844,0.0012446315437652327,2.3765679250160856,0.006847550934253377,0.07321166992187499,0.8462044404198726,0.029154608724638823,0.0587615966796875,0.412822961807251,3.8966073989868164
132090.16429570504,2794,183156736,183107584,1911.4604253336931,1092.2631001906818,2788,100,28.930000495910644,14.688944871623182,68.0,1.0,25.019999980926514,12.958379531787006,55.0,0.0,-0.00020031411986565217,0.197014487736548,0.0012288899209427957,2.3770866046349206,0.006580178920557955,0.06725056966145833,0.8573745296647152,0.026991101486297946,0.054412841796875,0.3830246925354004,3.8967132568359375
132171.80923199467,2796,183238656,183238656,1003.3690235164851,1605.390437626376,2792,100,27.529999923706054,16.072619773375408,61.0,1.0,23.760000038146973,14.44030479899658,54.0,0.0,0.001401133272641649,0.19440663978457448,0.0012953839929347548,2.367763079702854,0.009567471988702891,0.09065755208333334,0.8500297187517087,0.030259328836109486,0.0552825927734375,0.36424631625413895,3.8968944549560547
132231.80965049006,2797,183357696,183304192,1983.986161849062,1092.2590482437847,2792,100,27.529999923706054,16.072619773375408,61.0,1.0,23.760000038146973,14.44030479899658,54.0,0.0,0.0019196548867815484,0.20107666154702505,0.0012453928332737025,2.3709196969866753,0.007602360888995464,0.0767669677734375,0.8482246473431587,0.029855703527573496,0.05377197265625,0.37529171258211136,3.896947145462036
132313.45317004435,2799,183435264,183435264,950.0815303341099,1605.41829548206,2795,100,26.780000305175783,15.540000028733786,64.0,1.0,19.410000038146972,13.946394125201346,52.0,0.0,0.0007177725929068401,0.17657790410642824,0.0012371561751933768,2.386206517616908,0.008016505729149989,0.08139546712239583,0.8675738374392191,0.029149397295744468,0.05474853515625,0.38109827041625977,3.8970065116882324
132373.4544794876,2800,183556864,183500800,2026.622437548301,1092.2428294997158,2795,100,26.780000305175783,15.540000028733786,64.0,1.0,19.410000038146972,13.946394125201346,52.0,0.0,-0.00019183373175716645,0.2032734272070229,0.0012580170756943214,2.372963093221188,0.0075051098580540074,0.08042399088541666,0.8752931070824463,0.02857047428066532,0.05584716796875,0.37333129346370697,3.897170066833496
132455.396726951,2802,183631872,183631872,915.3764062123353,1599.5655972038078,2798,100,26.76999988555908,14.38808883860709,55.0,0.0,23.689999675750734,13.005148816909866,49.0,1.0,0.0006371492733402799,0.16613980739687878,0.0012021361847776766,2.3808462495605154,0.006927660586370621,0.07322692871093751,0.8800026364624499,0.026700502455544967,0.0562744140625,0.3877803906798363,3.897303819656372
132515.3970562946,2803,183747072,183697408,1919.989461062583,1092.2606711822693,2798,100,26.76999988555908,14.38808883860709,55.0,0.0,23.689999675750734,13.005148816909866,49.0,1.0,0.0007692412085210283,0.1983771304755161,0.001220655382591455,2.3790581598877907,0.006939496522439488,0.07703145345052084,0.8543139013151327,0.02773869904922321,0.0550994873046875,0.3825640007853508,3.8973655700683594
132598.21058515832,2805,183828480,183828480,983.0277868483755,1582.7365624728561,2798,100,26.76999988555908,14.38808883860709,55.0,0.0,23.689999675750734,13.005148816909866,49.0,1.0,-1.67088001035154e-05,0.17639296400981647,0.0012189807809287838,2.3749793718258543,0.00639393825561759,0.0609893798828125,0.8569530906776587,0.027433172799646854,0.0585784912109375,0.4161539301276207,3.8975281715393066
132658.2117708344,2806,183947520,183894016,1983.9607944189418,1092.2450825188153,2801,100,30.65,13.700638810620154,62.0,1.0,24.229999923706053,14.019882365933523,57.0,0.0,0.0010329746461745042,0.204354266791294,0.001235546045791125,2.374788237114747,0.008865183292073198,0.08489481608072917,0.8466636898616949,0.026507262877809502,0.054779052734375,0.38009997457265854,3.8976333141326904
132739.8933081627,2808,184025088,184025088,949.6393253256833,1604.6710711773924,2801,100,30.65,13.700638810620154,62.0,1.0,24.229999923706053,14.019882365933523,57.0,0.0,-0.0003502615994269339,0.18821398564614356,0.0012639130485088874,2.3742324461539583,0.006936079093065928,0.07720947265625,0.8470224961638451,0.027006948560786743,0.0537567138671875,0.3842609077692032,3.897747278213501
132799.89366605133,2809,184141312,184090624,1937.0551124997028,1092.2601515416827,2805,100,31.429999923706056,12.401818244223412,54.0,1.0,24.45,13.78504613707753,54.0,2.0,-0.0006342094105396731,0.18824315730792782,0.0012271134971039526,2.3657925526301065,0.0073325705925526554,0.0679931640625,0.8454836315164963,0.02733286035557588,0.05767822265625,0.3935501053929329,3.8979532718658447
132882.6926951483,2811,184221696,184221696,970.8326399077346,1583.0137313145226,2805,100,31.429999923706056,12.401818244223412,54.0,1.0,24.45,13.78504613707753,54.0,2.0,9.510550201715279e-05,0.18705020557778576,0.0012320144135931819,2.3660524214307466,0.005708220436645205,0.059275309244791664,0.84505370631814,0.02664611447835341,0.0574493408203125,0.4081893786787987,3.8981432914733887
132942.69522055238,2812,184343296,184287232,2026.5813677185633,1092.2206950230573,2805,100,31.429999923706056,12.401818244223412,54.0,1.0,24.45,13.78504613707753,54.0,2.0,-0.0008048434998878899,0.19152597648402056,0.001250432048739943,2.36300673832496,0.005582433320644971,0.0578765869140625,0.8354949795951446,0.02676836441969499,0.0569915771484375,0.384598933160305,3.8982796669006348
133024.59751514718,2814,184418304,184418304,915.8229372094698,1600.3458834513604,2809,100,31.060000228881837,12.63552110164166,52.0,0.0,25.35,13.61644229195523,51.0,0.0,-0.0010774751159866962,0.19669077941216528,0.001249739730459017,2.365929688016574,0.0073588545546954265,0.0755767822265625,0.8517111359785,0.026122062738674384,0.053985595703125,0.37761230766773224,3.8985061645507812
133084.59760376252,2815,184539392,184483840,2018.1303527114437,1092.2650534759612,2809,100,31.060000228881837,12.63552110164166,52.0,0.0,25.35,13.61644229195523,51.0,0.0,-2.139857436607903e-05,0.2062410457680623,0.0012717738112163108,2.370966074367364,0.006597340099081824,0.06689453124999999,0.8594302497804165,0.025777101167477664,0.05511474609375,0.37011174112558365,3.898636817932129
133166.43937823176,2817,184614912,184614912,922.7561412220185,1601.5293027310965,2812,100,28.749999809265137,14.785381169270783,60.0,0.0,24.529999923706054,13.764050637524388,56.0,0.0,-0.0002972476553016652,0.22777931500847143,0.0012647654087534952,2.3811066150665283,0.007012056364449866,0.07207234700520833,0.8188006163885195,0.025560773249405123,0.0539093017578125,0.36509647220373154,3.8990957736968994
133226.4396720566,2818,184738048,184680448,2052.256616601092,1092.2613177752173,2812,100,28.749999809265137,14.785381169270783,60.0,0.0,24.529999923706054,13.764050637524388,56.0,0.0,0.0016385019795658688,0.20300316290619472,0.0012809713480237406,2.380714423954487,0.00817563284484398,0.08246866861979167,0.8530279118567704,0.025586909381672743,0.0546417236328125,0.39129678159952164,3.8990542888641357
133307.71448671073,2820,184811520,184811520,903.9946791961827,1612.701309228033,2812,100,28.749999809265137,14.785381169270783,60.0,0.0,24.529999923706054,13.764050637524388,56.0,0.0,8.292811495872837e-05,0.1992263167630881,0.0012638288802312068,2.3687359963854155,0.007230470171028476,0.07293701171875,0.8629758351792891,0.028101696729815256,0.054534912109375,0.3736465200781822,3.8992972373962402
133367.71462062374,2821,184928768,184877056,1954.1289719451122,1092.26422886015,2816,100,29.26999988555908,13.337057464329138,53.0,1.0,23.260000228881836,13.786674646245206,56.0,1.0,-0.001694907802933206,0.19463225159173209,0.0012363309591213085,2.375242911279201,0.0069785539023238625,0.07607523600260416,0.8514532521367073,0.02686113796274488,0.054168701171875,0.38623709976673126,3.8994028568267822
133450.07033888996,2823,185008128,185008128,963.6246476955602,1591.5349020004091,2816,100,29.26999988555908,13.337057464329138,53.0,1.0,23.260000228881836,13.786674646245206,56.0,1.0,0.0013146670122902528,0.1886967144285639,0.0012346829474457384,2.378292831281821,0.008734722094838313,0.08072408040364583,0.8388272579759359,0.026267856534104794,0.0528564453125,0.3857765942811966,3.8994288444519043
133510.07415623032,2824,185127680,185073664,1992.4065717663646,1092.1971785271721,2820,100,29.670000267028808,12.670481530177696,50.0,0.0,23.489999771118164,12.904646381095084,52.0,2.0,0.0019234075928883005,0.20096283413780233,0.0012578180455117642,2.3630202487111096,0.008117200784909073,0.08037821451822917,0.8492217026650907,0.02807731464660416,0.05645751953125,0.39045602083206177,3.8995838165283203
133592.02364710346,2826,185204736,185204736,940.2865006114785,1599.4242136647076,2820,100,29.670000267028808,12.670481530177696,50.0,0.0,23.489999771118164,12.904646381095084,52.0,2.0,-0.0001479765754387093,0.2224059635773301,0.0012559813743185564,2.3772068123022714,0.0070402399348192075,0.07470194498697917,0.8261400454988083,0.026907700094549604,0.05462646484375,0.37545905262231827,3.8996925354003906
133652.02410483174,2827,185324544,185270272,1996.784766918998,1092.2583340411613,2823,100,29.25,13.34344401743589,50.0,3.0,24.04000015258789,13.553538219697643,60.0,0.0,-0.0008596668000488232,0.19321845332160595,0.0012675984180532396,2.37925315151612,0.007633839407086876,0.079071044921875,0.8332879226654768,0.025925035336210083,0.0538482666015625,0.36904946714639664,3.899775743484497
133733.43872396462,2829,185401344,185401344,943.3195268610801,1609.9319925095767,2823,100,29.25,13.34344401743589,50.0,3.0,24.04000015258789,13.553538219697643,60.0,0.0,-5.409509806971374e-05,0.1974779268105825,0.0012890747930214275,2.381926695505778,0.008141913192351542,0.07811482747395834,0.8148561889926592,0.026826239288008463,0.0565643310546875,0.37931037694215775,3.8999924659729004
133793.43878060207,2830,185519872,185466880,1975.4648019118163,1092.2656356143088,2823,100,29.25,13.34344401743589,50.0,3.0,24.04000015258789,13.553538219697643,60.0,0.0,-0.0008033902292178634,0.19847874428766468,0.001295921509154141,2.3763723373413086,0.007485492641838695,0.07465616861979167,0.8434333571543297,0.026276063736683376,0.053863525390625,0.3781807944178581,3.900062322616577
133875.10870437883,2832,185597952,185597952,956.0435027884498,1604.8992571399551,2826,100,28.350000381469727,13.07774837263772,50.0,0.0,23.260000038146973,14.677615600342142,54.0,0.0,-0.0011892109735830068,0.19033651566132903,0.0012764831517415587,2.3732913682858148,0.007215771184443535,0.06356302897135416,0.8432395781079929,0.027003942076892905,0.05633544921875,0.39781781286001205,3.9001622200012207
133935.1092134267,2833,185719552,185663488,2026.649472306351,1092.2573998114228,2826,100,28.350000381469727,13.07774837263772,50.0,0.0,23.260000038146973,14.677615600342142,54.0,0.0,-0.0005207719029082607,0.19507872763400277,0.0012751873643234528,2.3714886407057443,0.0072195188337597456,0.07139078776041667,0.8575337703029314,0.026676842904028795,0.0543212890625,0.37139953672885895,3.900273561477661
134016.10118013807,2835,185794560,185794560,926.1165402652443,1618.3333399856829,2830,100,30.6,13.003845573290258,48.0,0.0,25.84999990463257,13.87038227851533,57.0,0.0,-0.00020754991904444373,0.18347366464634737,0.0012552537203494771,2.3709961349765463,0.007097048761352199,0.06703694661458334,0.8633567510793606,0.026787941926158965,0.0572662353515625,0.40245551615953445,3.900503396987915
134076.10136360303,2836,185913856,185860096,1988.2605870642064,1092.2633267992207,2830,100,30.6,13.003845573290258,48.0,0.0,25.84999990463257,13.87038227851533,57.0,0.0,0.00017292051294740912,0.18727161370528242,0.001272580876199451,2.366208809117476,0.008910291149732075,0.080230712890625,0.863819058984518,0.02751651906874031,0.0543060302734375,0.3885573148727417,3.900583267211914
134157.41443404742,2838,185991168,185991168,950.7942521107169,1611.9425731148579,2834,100,29.939999961853026,13.273145685400257,59.0,0.0,25.3,14.597602342099817,52.0,0.0,-0.0006036331396899186,0.19927365348363915,0.001280466146757438,2.3768714119990664,0.006804132359926976,0.06671142578125,0.8497906209280094,0.02583103896661972,0.0580291748046875,0.394311785697937,3.9008100032806396
134217.4148574602,2839,186114560,186056704,2056.5188207278247,1092.2589587268114,2834,100,29.939999961853026,13.273145685400257,59.0,0.0,25.3,14.597602342099817,52.0,0.0,-0.00021365899738157165,0.1955225900746882,0.0012733698325367488,2.3707023834188776,0.007251269663053487,0.06626383463541666,0.8532028111318747,0.026194949440347653,0.0560455322265625,0.38493289798498154,3.9009106159210205
134298.63356259465,2841,186187776,186187776,901.4672159422272,1613.8154355329382,2837,100,30.73000011444092,13.271665230497435,60.0,0.0,23.98000011444092,15.382444596945941,59.0,0.0,-0.00026237254981727653,0.19664666661992672,0.001278528367644564,2.371395734449228,0.006966129384939753,0.0649871826171875,0.8620951424042383,0.026957753347232938,0.055633544921875,0.3905131667852402,3.901167154312134
134358.63363058865,2842,186307328,186253312,1992.53107533075,1092.2654288751007,2837,100,30.73000011444092,13.271665230497435,60.0,0.0,23.98000011444092,15.382444596945941,59.0,0.0,-0.001568559828835229,0.2051742090843618,0.0012587417259055655,2.3789713606238365,0.006550025182150421,0.0689697265625,0.8471157550811768,0.02585651663442453,0.05487060546875,0.38840125501155853,3.901263952255249
134440.5176369045,2844,186384384,186384384,941.0384697443878,1600.7033106615502,2837,100,30.73000011444092,13.271665230497435,60.0,0.0,23.98000011444092,15.382444596945941,59.0,0.0,-0.0004611452798902368,0.20404147884498042,0.001255642505081293,2.3710445314645767,0.007210011812882536,0.0669708251953125,0.8481903883318106,0.026378390127016853,0.0526275634765625,0.3662126362323761,3.901390314102173
134500.51801831834,2845,186508032,186449920,2060.7868997890046,1092.2597232836133,2840,100,28.160000038146972,14.34135282000503,61.0,1.0,23.27999973297119,14.815586561845002,56.0,0.0,-0.0010848609454114924,0.20046425028704107,0.0012629360171558801,2.3807075197498,0.0076530455826286925,0.07559712727864583,0.8471356282631556,0.026161125764095534,0.0529937744140625,0.3837566003203392,3.901442527770996
134581.7674799636,2847,186580992,186580992,897.9751806670093,1613.2045350930132,2840,100,28.160000038146972,14.34135282000503,61.0,1.0,23.27999973297119,14.815586561845002,56.0,0.0,0.0003172400126156087,0.18768566156116626,0.0012855501590820495,2.3611549163858094,0.008977563747369762,0.08733113606770833,0.8585100366423527,0.027407307585235685,0.0565185546875,0.38046543300151825,3.90169620513916
134641.76772287488,2848,186698240,186646528,1954.1254220149003,1092.2622446196822,2844,100,30.279999923706054,12.289898321643204,49.0,1.0,23.31999988555908,14.539518471070496,53.0,0.0,0.00023598329911086086,0.1920065553082774,0.0011899198519434624,2.3735112597544985,0.007823448580893455,0.07332356770833334,0.8454268568505844,0.027078632342939574,0.054931640625,0.39259835332632065,3.9017300605773926
134723.1417981796,2850,186777600,186777600,975.2491773679168,1610.7341252012045,2844,100,30.279999923706054,12.289898321643204,49.0,1.0,23.31999988555908,14.539518471070496,53.0,0.0,-0.0014623852281753593,0.17868305913483104,0.001243188618294274,2.368954000373681,0.007237110234200372,0.06834920247395834,0.8717691792796056,0.027200587559491392,0.05731201171875,0.3959444537758827,3.9019882678985596
134783.1418860741,2851,186895872,186843136,1971.1971123769463,1092.265066598481,2847,100,27.36999969482422,14.404620956353229,61.0,0.0,22.989999961853027,14.439179646932146,57.0,0.0,0.0009631647408241406,0.20764640159904957,0.0012749759638002918,2.373830092449983,0.0087944581919146,0.07328287760416667,0.8373087216168643,0.027364281141975276,0.05438232421875,0.38084274530410767,3.9020917415618896
134865.56572435424,2853,186974208,186974208,950.4046600420663,1590.219561900451,2847,100,27.36999969482422,14.404620956353229,61.0,0.0,22.989999961853027,14.439179646932146,57.0,0.0,-0.0003131730360716271,0.18298909557051954,0.0012608403703779913,2.367685077091058,0.008018077185018532,0.07225545247395834,0.8624889471878607,0.027212555636651814,0.055999755859375,0.397986501455307,3.9022576808929443
134925.56588326395,2854,187091200,187039744,1949.8615024679582,1092.2637738113726,2847,100,27.36999969482422,14.404620956353229,61.0,0.0,22.989999961853027,14.439179646932146,57.0,0.0,-0.0002193503726933462,0.19845456443727016,0.0012776923358615022,2.372944364945094,0.006134010063154467,0.065948486328125,0.8586080204695462,0.02735878509702161,0.0575408935546875,0.3929908573627472,3.902390956878662
135007.9201389104,2856,187170816,187170816,966.7502835770616,1591.563167818185,2851,100,30.52999973297119,12.896863852779061,59.0,0.0,23.619999885559082,14.465669674502207,55.0,0.0,-0.00141908452254332,0.19152919373785454,0.0012647297589865047,2.372519920269648,0.0072263550670565255,0.07275899251302084,0.8562696737547716,0.027035151414262753,0.0573272705078125,0.4022471755743027,3.902566909790039
135067.92047679797,2857,187288064,187236352,1954.1223287730577,1092.2605156460759,2851,100,30.52999973297119,12.896863852779061,59.0,0.0,23.619999885559082,14.465669674502207,55.0,0.0,-0.0005077038270731767,0.19064401478196183,0.0012577308176939064,2.372091643512249,0.0073939184179228805,0.0709228515625,0.8718424892673889,0.02702098273827384,0.0540008544921875,0.37718287110328674,3.9026267528533936
135150.2501453068,2859,187367424,187367424,963.9295461450372,1592.038476213739,2854,100,29.010000038146973,13.845934569490016,52.0,0.0,22.9,14.292305503125506,56.0,0.0,-0.0014819967861209686,0.2106519996499022,0.001286789730026309,2.3611057450373965,0.00822765777593304,0.07703145345052083,0.8586503813664119,0.028151929960586134,0.0584869384765625,0.39676085114479065,3.9029903411865234
135210.25022126548,2860,187485184,187432960,1962.6641819773447,1092.265283883044,2854,100,29.010000038146973,13.845934569490016,52.0,0.0,22.9,14.292305503125506,56.0,0.0,-0.0005185694099054672,0.18461228542340297,0.0012923271096951794,2.3785159091154733,0.007379874014077359,0.07375590006510417,0.8739222909013431,0.026184851167878755,0.057281494140625,0.4029911980032921,3.903082847595215
135292.4331262093,2862,187564032,187564032,959.4209410569827,1594.8815643544647,2857,100,28.189999771118163,13.92386093283948,52.0,0.0,26.09000015258789,14.370173991167006,56.0,0.0,-0.0009624953551489548,0.19403705978766084,0.0013004445924404233,2.366383800903956,0.0076181542614601,0.07434082031250001,0.8683904930949211,0.02744032578387608,0.0557403564453125,0.3972358927130699,3.903242826461792
135352.4337118864,2863,187680512,187629568,1941.3143836102888,1092.2560048444702,2857,100,28.189999771118163,13.92386093283948,52.0,0.0,26.09000015258789,14.370173991167006,56.0,0.0,0.002105023658562762,0.19527045404538512,0.0012967346422859312,2.3871080204844475,0.007898641412490786,0.08221435546875,0.8659898036470015,0.026528370489055913,0.054107666015625,0.3670816123485565,3.9033384323120117
135434.36130390316,2865,187760640,187760640,978.0343597015708,1599.8517321635918,2860,100,29.629999923706055,13.567354250910922,66.0,0.0,24.79000015258789,13.48354166548066,55.0,1.0,0.0012116616708226502,0.2214055444734792,0.0013155937849660404,2.3896871233979864,0.00846765319389912,0.074798583984375,0.8326126666118702,0.02617147295192505,0.0544891357421875,0.38528164476156235,3.903439998626709
135494.36176797934,2866,187878656,187826176,1966.9181200026633,1092.2582184830408,2860,100,29.629999923706055,13.567354250910922,66.0,0.0,24.79000015258789,13.48354166548066,55.0,1.0,-0.0005993187684604587,0.19882777457435927,0.001309894580723873,2.3770133728782334,0.007405096905737689,0.0714263916015625,0.869805761302511,0.026186062663327903,0.053863525390625,0.37002407014369965,3.9035353660583496
135576.68768982217,2868,187957248,187957248,954.6446397532363,1592.1109301422052,2864,100,27.91999969482422,14.176515557365354,62.0,1.0,21.680000400543214,14.89824131322176,53.0,0.0,-6.280678644543515e-05,0.2066182078172763,0.0013016640332352836,2.3827570627133055,0.008307580043037888,0.08085123697916667,0.8707946284363667,0.02576691624320423,0.0533599853515625,0.3558935150504112,3.903682231903076
135636.68792314827,2869,188076288,188022784,1983.9922847133894,1092.2624191110274,2864,100,27.91999969482422,14.176515557365354,62.0,1.0,21.680000400543214,14.89824131322176,53.0,0.0,-0.0005466638588889813,0.22608552283296982,0.0012934919371521878,2.3817538221677146,0.00764003184970837,0.07332356770833334,0.8528288615246614,0.025907741180465866,0.050567626953125,0.3511747419834137,3.9036378860473633
135718.28083754703,2871,188153856,188153856,950.6707852217521,1606.4140001106834,2867,100,24.85,14.65835954969943,51.0,0.0,24.469999694824217,15.02761102199809,61.0,0.0,0.0009613161334224666,0.2161473085482915,0.0012789794357862168,2.383249876399835,0.0067834026740456466,0.07031758626302083,0.8591873118033012,0.02636887887880827,0.05499267578125,0.3879087343811989,3.903825044631958
135778.28113310598,2872,188273408,188219392,1992.5235181975397,1092.2612862067883,2867,100,24.85,14.65835954969943,51.0,0.0,24.469999694824217,15.02761102199809,61.0,0.0,-0.0005548163292890725,0.2111051743850112,0.0013007160341658164,2.3803944264849024,0.007557170595949477,0.074310302734375,0.8632529464860756,0.02679029514547437,0.054107666015625,0.38040244579315186,3.903890609741211
135860.08447058126,2874,188350464,188350464,941.9664573377677,1602.281814474874,2870,100,27.269999504089355,13.420771379750391,50.0,0.0,23.160000228881835,14.831533842406817,57.0,0.0,0.0009104146350485582,0.22877510931963724,0.0012743341394525487,2.3990793426831565,0.007664323590991747,0.07091267903645833,0.8523364576200644,0.02505974877082432,0.0513153076171875,0.355326771736145,3.9039270877838135
135920.08598174714,2875,188471296,188416000,2013.8159465011454,1092.23915742435,2870,100,27.269999504089355,13.420771379750391,50.0,0.0,23.160000228881835,14.831533842406817,57.0,0.0,0.0004447406948505279,0.23310152146344384,0.0013109915319849583,2.407259898881118,0.005870499698479155,0.05502827962239583,0.8260859480748575,0.02455136998711775,0.0522918701171875,0.3547556400299072,3.903981924057007
136002.25943928212,2877,188547072,188547072,922.1469106096679,1595.064926459966,2873,100,27.25999984741211,14.08376373828221,60.0,0.0,23.690000152587892,13.704521302605071,48.0,0.0,0.002863073642705179,0.21861582777152458,0.0013233360587037166,2.3876868883768716,0.006208949961243586,0.05895487467447917,0.8486552058408658,0.02608192818782603,0.05145263671875,0.34921641647815704,3.903937816619873
136062.2596252933,2878,188668672,188612608,2026.66038364133,1092.2632804466957,2873,100,27.25999984741211,14.08376373828221,60.0,0.0,23.690000152587892,13.704521302605071,48.0,0.0,0.0005857381038367748,0.20571027300320566,0.0012968530839619536,2.400497687359651,0.006796881263653631,0.063507080078125,0.8575474601238966,0.025933722169914592,0.050567626953125,0.35522718727588654,3.90395450592041
136144.49884326756,2880,188743680,188743680,912.070929753854,1593.78947451868,2876,100,25.689999961853026,14.110064225030621,53.0,0.0,22.590000057220458,15.122232171975911,53.0,0.0,-0.0005996167722817821,0.20841931411996484,0.0012876969716065407,2.396577673653762,0.0062004164028621744,0.06659444173177084,0.8614180951068799,0.025078043070000906,0.0508575439453125,0.3627958744764328,3.90390682220459
136204.4989284221,2881,188864000,188809216,2005.3304872831366,1092.2651164776232,2876,100,25.689999961853026,14.110064225030621,53.0,0.0,22.590000057220458,15.122232171975911,53.0,0.0,0.00027480018131124473,0.19483033319314322,0.0013194769708206877,2.3959444339076676,0.007055744997463383,0.06714375813802084,0.8602527001251777,0.026015148148871958,0.0514068603515625,0.3573514148592949,3.903977155685425
136286.21463410556,2883,188940288,188940288,933.5781825775283,1604.0000989251494,2879,100,26.95999984741211,13.309335115584675,49.0,0.0,23.94999990463257,14.03878549055976,53.0,0.0,-0.00041636404785094777,0.1712646617088467,0.0012677542193462918,2.379521268109481,0.007756304850772722,0.07049560546875,0.8755322905878226,0.027249355936267722,0.0560150146484375,0.39325179904699326,3.904278039932251
136346.2149514351,2884,189057792,189005824,1958.3896424185662,1092.260889889222,2879,100,26.95999984741211,13.309335115584675,49.0,0.0,23.94999990463257,14.03878549055976,53.0,0.0,-0.00045946358295623213,0.17968771203110614,0.0012402076075280395,2.3829877004027367,0.006146233973292207,0.054443359375,0.8601091392338277,0.027197767107281834,0.0572509765625,0.39256706088781357,3.9043939113616943
136428.50640180334,2886,189136896,189136896,961.2663240959156,1592.7778574016465,2879,100,26.95999984741211,13.309335115584675,49.0,0.0,23.94999990463257,14.03878549055976,53.0,0.0,0.0010155951288955596,0.1929336665974309,0.001256741658532216,2.3694655199845633,0.007270226880791597,0.073516845703125,0.8457128250350555,0.027662754349876195,0.0570831298828125,0.39242173731327057,3.9046437740325928
136488.50683500618,2887,189255168,189202432,1971.1857679456846,1092.2587805066996,2882,100,29.429999923706056,12.830631531558515,60.0,0.0,24.779999923706054,13.70662608353962,55.0,0.0,-0.0003696540055292038,0.19128615463462967,0.0012582112479625116,2.3776160329580307,0.006873800783675203,0.06720987955729166,0.837583879629771,0.027304645084465545,0.0577850341796875,0.4090069606900215,3.9047114849090576
136570.68832173944,2889,189333504,189333504,953.2073842161151,1594.9090873158525,2882,100,29.429999923706056,12.830631531558515,60.0,0.0,24.779999923706054,13.70662608353962,55.0,0.0,0.000696535520546604,0.19130623682091633,0.0012771799386731193,2.3690904527902603,0.007800507839419879,0.07845560709635416,0.834150169044733,0.02745313758108144,0.055450439453125,0.37571603804826736,3.904794454574585
136630.68844063394,2890,189453312,189399040,1996.7960431987967,1092.2645022625898,2886,100,27.720000171661376,13.757238305117252,53.0,1.0,25.35,14.521277432987892,52.0,0.0,0.001474689374542019,0.19588032884833714,0.0012533488200764018,2.380164201060931,0.00834953687566061,0.07903544108072917,0.8216399792581797,0.028490368839508545,0.0540771484375,0.36764799803495407,3.9048306941986084
136712.66194517165,2892,189530112,189530112,936.8880888173306,1598.9556715815777,2886,100,27.720000171661376,13.757238305117252,53.0,1.0,25.35,14.521277432987892,52.0,0.0,-0.0003857857833888071,0.18190607250047228,0.0012933405669173226,2.383583940565586,0.006501058363331444,0.06685892740885417,0.8326925430446863,0.026884865927665185,0.05755615234375,0.40567679703235626,3.904900550842285
136772.66230424307,2893,189645312,189595648,1919.988509783367,1092.2601300100932,2889,100,27.010000038146973,14.435023507132344,60.0,0.0,24.689999961853026,12.685184350371824,48.0,0.0,-0.0006501263148190143,0.1878618816845119,0.0012846663691258677,2.38671629379193,0.005670440528168304,0.06612141927083333,0.8365835460523764,0.02573736427196612,0.054168701171875,0.3812532350420952,3.904961347579956
136854.8033359833,2895,189726720,189726720,991.0759370231497,1595.6945904272095,2889,100,27.010000038146973,14.435023507132344,60.0,0.0,24.689999961853026,12.685184350371824,48.0,0.0,-0.00082885743904626,0.1879528524974982,0.0012634634416220556,2.3925738781690598,0.006867360742035089,0.06745402018229166,0.8365963095178206,0.024855169642250985,0.0543975830078125,0.3857085257768631,3.905074119567871
136914.80335865542,2896,189847040,189792256,2005.3325755810952,1092.2662539335327,2892,100,27.479999923706053,14.187656463331143,60.0,0.0,24.13999996185303,13.530721049563295,50.0,0.0,0.0028907184023410078,0.20567489865546426,0.0012642486581171397,2.3861038958032927,0.00737816817733498,0.07129414876302084,0.8428172736118237,0.02535093205127244,0.053619384765625,0.36570000648498535,3.9051291942596436
136996.29478599876,2898,189923328,189923328,936.1475493438628,1608.4145814230126,2892,100,27.479999923706053,14.187656463331143,60.0,0.0,24.13999996185303,13.530721049563295,50.0,0.0,-0.0004925338265214425,0.2022825968451798,0.0012313877911462139,2.4037490362922354,0.007772496854765146,0.063446044921875,0.8137458649774392,0.025289014719116192,0.0532073974609375,0.3749820664525032,3.9051949977874756
137056.29502203502,2899,190041344,189988864,1966.925595570778,1092.262369774662,2895,100,29.310000038146974,13.028196443890856,64.0,0.0,25.63999996185303,13.858946506024019,55.0,0.0,0.0005614358548579428,0.2397986645810306,0.0012164635700173676,2.3928787832458815,0.006249643333527881,0.05693562825520833,0.7829058462133011,0.025512758914070826,0.0509490966796875,0.3748093396425247,3.905203104019165
137137.88264540955,2901,190119936,190119936,963.2833602618266,1606.5181773747727,2895,100,29.310000038146974,13.028196443890856,64.0,0.0,25.63999996185303,13.858946506024019,55.0,0.0,-0.0005640641320496798,0.20135969125355282,0.0012531223643842775,2.3845297371347747,0.006861993873220247,0.06447855631510416,0.8275370256354412,0.0258528131331938,0.054351806640625,0.3658471331000328,3.9052491188049316
137197.88306203112,2902,190235904,190185472,1932.7865793238154,1092.2590823551805,2898,100,30.460000228881835,13.081605342436989,62.0,0.0,23.03000020980835,14.048811232323992,49.0,0.0,-0.0018845206456414114,0.18561853328719735,0.0012111239217726204,2.3960476269324618,0.00655949932721948,0.06269327799479167,0.8252693588534991,0.02400951642387857,0.0540618896484375,0.3679579570889473,3.9053800106048584
137280.59169386514,2904,190316544,190316544,974.9889245155607,1584.7439027046576,2898,100,30.460000228881835,13.081605342436989,62.0,0.0,23.03000020980835,14.048811232323992,49.0,0.0,-2.4218376590094183e-05,0.19897019102548558,0.0012213344853080343,2.3849837059775987,0.007492387141610379,0.07256062825520833,0.8256584896395605,0.026057218414886545,0.055206298828125,0.37610986083745956,3.9054136276245117
137340.59295419976,2905,190437632,190382080,2018.0909421684582,1092.2437234569245,2898,100,30.460000228881835,13.081605342436989,62.0,0.0,23.03000020980835,14.048811232323992,49.0,0.0,-0.0004145605877662699,0.18472907839653394,0.0012096827837619153,2.397871288160483,0.008164333316623622,0.0710601806640625,0.8360539879649878,0.02497770154150203,0.0536956787109375,0.3903655484318733,3.905423879623413
137421.90025943518,2907,190513152,190513152,928.8218294941735,1612.0568701729385,2902,100,29.959999656677248,12.480320626180282,53.0,2.0,24.60999984741211,14.859942535421352,60.0,0.0,-0.0014216809431673028,0.17505169248518843,0.0012172475168578483,2.395779848098755,0.006368821908836252,0.0626678466796875,0.8421466232587894,0.02467129664728418,0.0538177490234375,0.38133180886507034,3.905486822128296
137481.9026513435,2908,190634496,190578688,2022.3193799575638,1092.223125040372,2902,100,29.959999656677248,12.480320626180282,53.0,2.0,24.60999984741211,14.859942535421352,60.0,0.0,-0.00034073175023271074,0.19491875202705464,0.0012103995589617018,2.3973632156848907,0.005851959208181748,0.0580902099609375,0.8302135101209084,0.02393856196431443,0.0542144775390625,0.369750052690506,3.9055559635162354
137563.71277299523,2910,190709760,190709760,919.983963847342,1602.1489438429903,2905,100,29.75,13.496203079607776,52.0,0.0,25.170000076293945,15.914179226803375,54.0,0.0,0.001501532164790357,0.1867367996989439,0.0012322696396343722,2.3923995022972426,0.005706688738428056,0.06079610188802083,0.8220232135305803,0.02445615379838273,0.0544281005859375,0.3800230771303177,3.9057021141052246
137623.71299284324,2911,190829056,190775296,1988.259381418961,1092.2626644705022,2905,100,29.75,13.496203079607776,52.0,0.0,25.170000076293945,15.914179226803375,54.0,0.0,-0.00032496122366865166,0.17499183863401413,0.0012071842005146514,2.3877372294664383,0.00639229777031384,0.0680694580078125,0.8231736787905296,0.02660852841412028,0.0536956787109375,0.37343862652778625,3.9057884216308594
137705.3270671293,2913,190906368,190906368,947.2875931791639,1605.9975089659997,2908,100,27.06999988555908,13.646431946428649,53.0,0.0,24.509999752044678,14.77192930821845,57.0,0.0,0.000484776920833004,0.17482296649056175,0.0012508883216166091,2.3888002758224807,0.005045883962642013,0.050623575846354164,0.8315512351691723,0.02590879483614117,0.054779052734375,0.38038263469934464,3.9060466289520264
137765.33094760217,2914,191020032,190971904,1894.277488460475,1092.1960293826162,2908,100,27.06999988555908,13.646431946428649,53.0,0.0,24.509999752044678,14.77192930821845,57.0,0.0,0.0004676727767218835,0.166970125787581,0.0012121504429766599,2.3849588135878244,0.00588211179698798,0.056427001953125,0.8643448936442534,0.02658776215200002,0.0550079345703125,0.3783562704920769,3.9061906337738037
137848.01919741742,2916,191102976,191102976,1003.0929447087827,1585.1345299101752,2912,100,28.679999923706056,13.569730672423002,50.0,0.0,25.870000076293945,14.481474281407232,55.0,0.0,-0.000611443281134901,0.175637137144804,0.0012070160531341874,2.383909620344639,0.0060490418363770004,0.055302937825520836,0.8596648176511129,0.025848615584739793,0.05792236328125,0.398621141910553,3.9065287113189697
137908.01930263452,2917,191220480,191168512,1958.3965657199049,1092.2647512511887,2912,100,28.679999923706056,13.569730672423002,50.0,0.0,25.870000076293945,14.481474281407232,55.0,0.0,0.0016955531682469882,0.18821155993888777,0.0012332786294185403,2.3660004933675127,0.006293781411538172,0.06494649251302083,0.8510610001782576,0.027954719068172075,0.05841064453125,0.3882215693593025,3.906691789627075
137989.91992495023,2919,191299584,191299584,965.8534668402812,1600.3785599424723,2915,100,28.199999809265137,13.003076401889778,50.0,0.0,24.120000076293945,13.051651236785842,53.0,0.0,0.00013011020928388467,0.22985585546121,0.0012358761850919109,2.3647004241744676,0.007161077079823978,0.067230224609375,0.8134505096822977,0.02681216875013585,0.0536346435546875,0.35722044110298157,3.9069385528564453
138049.92019294016,2920,191420672,191365120,2018.124319383298,1092.261788080601,2915,100,28.199999809265137,13.003076401889778,50.0,0.0,24.120000076293945,13.051651236785842,53.0,0.0,-0.0007360938034253195,0.181780524396648,0.0012443486448319163,2.3706954742471376,0.006497422264146735,0.06238810221354167,0.8729907063146432,0.02690212595431755,0.0566558837890625,0.3927527815103531,3.9070961475372314
138131.9500669986,2922,191496192,191496192,920.6402041553481,1597.8568967035194,2918,100,30.18000011444092,13.513237995056194,52.0,2.0,24.460000038146973,14.842115587949538,57.0,0.0,-0.00044518800132209446,0.20093532636140785,0.0012576131763732217,2.3730487500627837,0.00789368141280041,0.07105509440104167,0.837048968921105,0.025834246092320733,0.056793212890625,0.3812446668744087,3.9073493480682373
138191.9500682708,2923,191613184,191561728,1949.866625323429,1092.2666435072163,2918,100,30.18000011444092,13.513237995056194,52.0,2.0,24.460000038146973,14.842115587949538,57.0,0.0,0.00019849278760375452,0.18244899669662118,0.0012696619160124099,2.3803326909740767,0.007525000758808649,0.07046000162760417,0.8579790083070596,0.026671068956299372,0.0555419921875,0.3734132945537567,3.9074654579162598
138274.06681428663,2925,191692800,191692800,969.546455051152,1596.1665112096134,2921,100,28.739999961853027,13.181517599491638,50.0,0.0,24.000000095367433,15.389606534371,64.0,0.0,-0.000532747554340555,0.17456605510475734,0.0012378812813646314,2.3847261120875674,0.005810340012734136,0.058400472005208336,0.8526524615784487,0.026050633013558887,0.056976318359375,0.4112557992339134,3.9076626300811768
138334.0683506895,2926,191810048,191758336,1954.0832956808792,1092.2386980225,2921,100,28.739999961853027,13.181517599491638,50.0,0.0,24.000000095367433,15.389606534371,64.0,0.0,0.0011453543581107322,0.19446606786611179,0.001264473405171884,2.3671915605664253,0.006672598598015611,0.06588236490885417,0.8427727048595746,0.026859189771736663,0.054443359375,0.3636394217610359,3.9077999591827393
138415.69264853,2928,191889408,191889408,972.2595121743678,1605.796355591214,2924,100,26.789999961853027,13.774102441456865,48.0,1.0,23.810000228881837,14.077425215907624,52.0,0.0,-0.0008690808147851687,0.1665635125245899,0.0012512467728811316,2.3872785121202464,0.006469155510785641,0.06191507975260417,0.87130491870145,0.025745077698957175,0.0570068359375,0.39556653052568436,3.908043622970581
138475.69293489866,2929,192007680,191954944,1971.1905918800842,1092.2614535093107,2924,100,26.789999961853027,13.774102441456865,48.0,1.0,23.810000228881837,14.077425215907624,52.0,0.0,-0.0012141673044728427,0.18919570231810212,0.0012217279448426175,2.37821439653635,0.00687071214755027,0.07152303059895834,0.8613063829640547,0.02677648460182051,0.056671142578125,0.39988163113594055,3.908168077468872
138557.42096923664,2931,192086016,192086016,958.4960734042014,1603.7581358919972,2927,100,28.95,14.235430793306405,66.0,2.0,26.410000228881835,14.795333766697663,56.0,0.0,-0.0003276165104277121,0.1960654390665392,0.001276657546744294,2.377071594198545,0.007699490838300941,0.07431538899739584,0.8580299926300843,0.02621874878726279,0.0556640625,0.3969700038433075,3.9084060192108154
138617.42115031928,2932,192205056,192151552,1983.9940122189037,1092.2633701678267,2927,100,28.95,14.235430793306405,66.0,2.0,26.410000228881835,14.795333766697663,56.0,0.0,-0.0009989685810675533,0.20986012741923332,0.0012805057000756883,2.372196950018406,0.007628788696213936,0.0736541748046875,0.8485075458884239,0.02666630221453185,0.055999755859375,0.35945311933755875,3.9086124897003174
138699.57772305794,2934,192282624,192282624,944.1484401587871,1595.3927437666634,2930,100,28.149999809265136,15.171931088898091,64.0,0.0,25.060000038146974,15.270114441309184,58.0,0.0,-0.0020237036175482595,0.2079716717513899,0.0012709655299355898,2.3967290222644806,0.007483805815354572,0.07175699869791667,0.8314114833871523,0.024804313376080245,0.055419921875,0.38948144763708115,3.908846378326416
138759.5781179741,2935,192400640,192348160,1966.9203871891657,1092.259477484656,2930,100,28.149999809265136,15.171931088898091,64.0,0.0,25.060000038146974,15.270114441309184,58.0,0.0,-0.00042926048869655154,0.20151470896477502,0.001282223856833298,2.384638746579488,0.007143863507735659,0.07199096679687499,0.8536461126059294,0.026953567265688132,0.0553436279296875,0.3829134404659271,3.908938407897949
138841.28939003497,2937,192479232,192479232,961.8256822810516,1604.0871313612327,2930,100,28.149999809265136,15.171931088898091,64.0,0.0,25.060000038146974,15.270114441309184,58.0,0.0,-0.002180844671480979,0.17868815502151847,0.0012647625893199195,2.3788411716620126,0.006449390443473627,0.06589762369791667,0.8622037085394064,0.02593549690209329,0.057037353515625,0.3930327072739601,3.9091618061065674
138901.2896771822,2938,192597248,192544768,1966.9239200537888,1092.2614393357264,2933,100,28.480000305175782,14.1438892913569,51.0,0.0,25.75999984741211,14.7533859207592,61.0,0.0,8.247493193872896e-05,0.22272846878816685,0.0012373493118502665,2.3855179101228714,0.00793946918201982,0.07645161946614583,0.8164500563095014,0.02561230616023143,0.0545654296875,0.38066064566373825,3.909219741821289
138983.2239591889,2940,192675840,192675840,959.2077708519771,1599.7211031798445,2933,100,28.480000305175782,14.1438892913569,51.0,0.0,25.75999984741211,14.7533859207592,61.0,0.0,0.0018264644119578102,0.17719557120775184,0.0012624060958235834,2.3810292879740396,0.00563668012606892,0.057484944661458336,0.8617839881529411,0.026713961948795866,0.05828857421875,0.40599679946899414,3.9094555377960205
139043.22435706668,2941,192793344,192741376,1958.3870133557812,1092.2594235709803,2937,100,28.300000190734863,14.737367518035672,61.0,0.0,23.320000076293944,14.930425343642769,54.0,0.0,-0.00034608673498344916,0.18469164861987036,0.0012610989979293663,2.3872888957460723,0.007312630001858149,0.07074991861979166,0.86000145226717,0.025137942284345627,0.0559844970703125,0.3858526721596718,3.909597873687744
139124.62842471898,2943,192872448,192872448,971.7450525675911,1610.1406696265585,2937,100,28.300000190734863,14.737367518035672,61.0,0.0,23.320000076293944,14.930425343642769,54.0,0.0,8.587851819659892e-05,0.18849543769222996,0.0012657177248911466,2.370949571331342,0.007450007523705911,0.06874593098958333,0.8763571089754503,0.02704297462090229,0.0576019287109375,0.3859725221991539,3.909996747970581
139184.62855365127,2944,192989184,192937984,1945.5958191643592,1092.2643195308683,2940,100,29.440000343322755,14.319441314939242,62.0,0.0,25.630000114440918,14.683770085174606,52.0,0.0,0.0007886823332228232,0.20059762794213992,0.0012351976001809817,2.3878189027309418,0.007316491165814416,0.07550557454427084,0.8443713548282782,0.02722111443290487,0.055572509765625,0.3826034590601921,3.910188913345337
139267.49804039858,2946,193069056,193069056,963.8288245171631,1581.6678145922676,2940,100,29.440000343322755,14.319441314939242,62.0,0.0,25.630000114440918,14.683770085174606,52.0,0.0,0.0023049383283553957,0.1986798228075107,0.0012206777646497358,2.395423730214437,0.006523660003949772,0.060455322265625,0.8537481762468815,0.025788921435984474,0.05621337890625,0.3887212201952934,3.910492420196533
139327.4982460551,2947,193189376,193134592,2005.326459859195,1092.2629228169233,2943,100,27.939999961853026,15.29171020958259,60.0,0.0,24.789999771118165,15.134262410151859,54.0,0.0,0.0020593536852781353,0.20342024229466915,0.0012192547571127459,2.394575148820877,0.008388406986947908,0.0731658935546875,0.821592423443993,0.025259954466794927,0.0555572509765625,0.3940456584095955,3.9105944633483887
139409.6824936513,2949,193265664,193265664,928.255745247429,1594.8555086130325,2943,100,27.939999961853026,15.29171020958259,60.0,0.0,24.789999771118165,15.134262410151859,54.0,0.0,-0.0011946291924687102,0.1771035755518824,0.0012252359895986349,2.3962904637058577,0.006544421221406083,0.06766255696614583,0.8554545926551024,0.024949899991042915,0.0556640625,0.3864249065518379,3.910788059234619
139469.68256669678,2950,193383936,193331200,1971.1976002150188,1092.2653369156815,2943,100,27.939999961853026,15.29171020958259,60.0,0.0,24.789999771118165,15.134262410151859,54.0,0.0,0.0005003574648677993,0.198645844279478,0.0012540240483455516,2.3891560956835747,0.007353182265433134,0.0797271728515625,0.8287327531725168,0.025400419583699357,0.05487060546875,0.3796706795692444,3.910841464996338
139551.95628009923,2952,193462272,193462272,952.1388638046716,1593.121236169908,2947,100,29.969999694824217,13.65756576070494,55.0,0.0,23.209999752044677,15.231739912036037,51.0,0.0,-0.0010364862537244335,0.19546624707678953,0.0012849139178191158,2.376452088356018,0.0074313750416573985,0.07303365071614583,0.8324714017411073,0.02590570618243267,0.0567626953125,0.39690837264060974,3.9110686779022217
139611.95640193857,2953,193584896,193527808,2043.729183222933,1092.2644486535926,2947,100,29.969999694824217,13.65756576070494,55.0,0.0,23.209999752044677,15.231739912036037,51.0,0.0,0.00045664583497758343,0.2023578928783536,0.0012613654422845382,2.3715896556774774,0.008904085005876064,0.07992045084635417,0.846654236316681,0.026946709122663982,0.0551605224609375,0.3865468204021454,3.9111404418945312
139693.29395479523,2955,193658880,193658880,909.5921551806023,1611.457382188472,2950,100,27.899999809265136,13.410816659398801,52.0,1.0,24.070000171661377,15.081282974948389,52.0,0.0,-0.0009778059053739223,0.17081985793386895,0.0012536449091082127,2.378038115799427,0.006715140854794299,0.06302388509114583,0.8487662983437378,0.026058412176401664,0.0554656982421875,0.39901915937662125,3.9112768173217773
139753.29422637634,2956,193776640,193724416,1962.6577829869032,1092.261722705755,2950,100,27.899999809265136,13.410816659398801,52.0,1.0,24.070000171661377,15.081282974948389,52.0,0.0,0.00015941469609970227,0.17352961927341917,0.0012279620835518774,2.378702921171983,0.007879110941454806,0.07228597005208334,0.8615987120817105,0.02644238834424565,0.054443359375,0.38636957854032516,3.9113314151763916
139835.29612553865,2958,193855488,193855488,961.5387058772282,1598.4020045751324,2954,100,32.839999961853025,11.859780737072755,52.0,0.0,26.5,13.926593323164187,56.0,0.0,-0.0005308307421122056,0.19216074127083022,0.001239941040694248,2.3932349557677903,0.008455902054265607,0.070159912109375,0.8476011001815399,0.024812025600112975,0.0543670654296875,0.38205405324697495,3.911484956741333
139895.29644098133,2959,193971968,193921024,1941.3231270637918,1092.2609242380895,2954,100,32.839999961853025,11.859780737072755,52.0,0.0,26.5,13.926593323164187,56.0,0.0,-0.0006366747062808523,0.21173774652803937,0.0012655184254981577,2.3830839867393174,0.007055878085642083,0.07940165201822917,0.8382953125983478,0.02656378071211899,0.0550537109375,0.36730577796697617,3.9116125106811523
139976.62236742675,2961,194052096,194052096,985.2700547318271,1611.6877572610078,2954,100,32.839999961853025,11.859780737072755,52.0,0.0,26.5,13.926593323164187,56.0,0.0,0.0020781989563450525,0.23522938322275877,0.0012949440873247415,2.37444456666708,0.008412350982325734,0.079681396484375,0.8360196507225435,0.026169613178353757,0.054595947265625,0.37083934247493744,3.911696195602417
140036.62237909064,2962,194173952,194117632,2030.932938523899,1092.266454332181,2957,100,29.730000495910645,13.496558748141755,63.0,2.0,27.66999979019165,14.534135696185537,60.0,0.0,-0.0006223205006487358,0.19984286635493237,0.0012485875874214496,2.399701803922653,0.008371126407534272,0.08660888671875,0.8479369773219029,0.024066238858116172,0.0549468994140625,0.37928614020347595,3.911811590194702
140118.2476848904,2964,194248704,194248704,915.7944251182583,1605.7765262347543,2957,100,29.730000495910645,13.496558748141755,63.0,2.0,27.66999979019165,14.534135696185537,60.0,0.0,-0.002018164491649562,0.20575314216936627,0.001283057950786315,2.384560205042362,0.0068361973305097,0.07204691569010416,0.8517523538321258,0.025785999100965757,0.0517120361328125,0.35953402519226074,3.9119577407836914
140178.24802977964,2965,194368000,194314240,1988.2552378694186,1092.260388185775,2961,100,29.790000343322752,13.278776319930047,49.0,0.0,25.100000190734864,14.313280521811489,51.0,0.0,0.00018691422155825427,0.1904047088076671,0.001308486148142644,2.3898070206244784,0.006689585191149187,0.06849161783854167,0.8496765643358231,0.024751589924562722,0.0553131103515625,0.3708416670560837,3.912036895751953
140259.6201573871,2967,194445312,194445312,950.1041975078905,1610.7726792186754,2961,100,29.790000343322752,13.278776319930047,49.0,0.0,25.100000190734864,14.313280521811489,51.0,0.0,-0.0005819547683737862,0.21850088130061826,0.0013120474795869086,2.3934034655491514,0.007603335768484007,0.07397969563802083,0.8479379763205847,0.025228142505511638,0.0547943115234375,0.3659041151404381,3.9122679233551025
140319.6202697493,2968,194564864,194510848,1992.5296019163075,1092.2646211789609,2964,100,30.570000076293944,12.978640170026909,65.0,0.0,26.35999984741211,15.298705947314367,61.0,0.0,1.694455325681096e-05,0.19933685342160362,0.0012908056693656058,2.3874748597542443,0.007270989212580996,0.07626851399739584,0.842326020821929,0.026405045025361083,0.053131103515625,0.3728174865245819,3.9123237133026123
140401.7985014543,2970,194641920,194641920,937.6692391804079,1594.9722606656774,2964,100,30.570000076293944,12.978640170026909,65.0,0.0,26.35999984741211,15.298705947314367,61.0,0.0,0.002069946237800953,0.18790251272730527,0.001246644481094942,2.3716976195573802,0.008554362385135997,0.07898457845052084,0.83996467726926,0.026885201669453334,0.0547637939453125,0.37864868342876434,3.9124045372009277
140461.79850465432,2971,194758912,194707456,1949.8665626729914,1092.266608412004,2964,100,30.570000076293944,12.978640170026909,65.0,0.0,26.35999984741211,15.298705947314367,61.0,0.0,0.004081074196922903,0.1959107999379436,0.001300096408764754,2.3749401569366455,0.007132710811977934,0.07729085286458333,0.8363450343410175,0.0252953320935679,0.054718017578125,0.36536161601543427,3.912459135055542
140544.26600840688,2973,194838528,194838528,965.4226983623118,1589.3775612910085,2968,100,27.82000026702881,13.982403214690004,53.0,1.0,23.919999980926512,14.455227458088602,56.0,0.0,0.0015496950290980749,0.2230011535187562,0.0012753562465756354,2.3679643347859383,0.007574795715603008,0.07249959309895833,0.8192442959795396,0.027121072867885232,0.0546875,0.371590793132782,3.912583351135254
140604.2660695389,2974,194959360,194904064,2013.8646148066764,1092.2655537934515,2968,100,27.82000026702881,13.982403214690004,53.0,1.0,23.919999980926512,14.455227458088602,56.0,0.0,-0.000381022022338584,0.19355971071248254,0.0012490507845844454,2.3842090517282486,0.00664931502797117,0.061258951822916664,0.8326057096322378,0.02507491479627788,0.0520477294921875,0.3685626685619354,3.912595748901367
140685.91438691504,2976,195035136,195035136,928.0779131173265,1605.3239578245648,2971,100,29.000000190734863,13.136209587586043,52.0,1.0,25.389999771118163,14.764751531996506,57.0,1.0,-0.0013537172611298351,0.20617247838526964,0.0012985060384380631,2.37373395015796,0.007744803625125011,0.07854207356770833,0.8270211337755123,0.024884293127494555,0.0522918701171875,0.35350827872753143,3.9126687049865723
140745.9152068626,2977,195150336,195100672,1919.9737620363046,1092.2517401806533,2971,100,29.000000190734863,13.136209587586043,52.0,1.0,25.389999771118163,14.764751531996506,57.0,1.0,-0.0008293358211327966,0.20102237273628515,0.0012604239915769235,2.376877342661222,0.005821261428233507,0.0627288818359375,0.8548744482298691,0.024595533187190693,0.054779052734375,0.391438290476799,3.9127695560455322
140827.6466998104,2979,195231744,195231744,996.0420036864651,1603.690270086384,2974,100,29.31999988555908,12.091219662156044,50.0,1.0,24.80999975204468,15.18334266771002,57.0,1.0,-1.7678554286248955e-05,0.16521995584480464,0.0012297640023462009,2.387716782589753,0.005674149825305601,0.05507405598958333,0.8622962534427643,0.023698667529970404,0.056854248046875,0.3960864096879959,3.9128851890563965
140887.64678392746,2980,195349504,195297280,1962.6639151081938,1092.26513536456,2974,100,29.31999988555908,12.091219662156044,50.0,1.0,24.80999975204468,15.18334266771002,57.0,1.0,-0.0016906067927872452,0.20329801986614865,0.0012331296917788375,2.3882082204023996,0.006670285679016767,0.06517537434895833,0.8391838204115629,0.023946553837352745,0.05340576171875,0.3726458102464676,3.9129772186279297
140970.47554626316,2982,195428352,195428352,951.9398549072984,1582.4454730926518,2978,100,30.639999771118163,12.327627409025519,62.0,3.0,24.38999996185303,15.259026833572548,55.0,0.0,-0.001819599732698407,0.21586087625473735,0.001264670067030238,2.3871237138907113,0.006462512207993616,0.06939697265625,0.8393055287500222,0.02426544827176258,0.054107666015625,0.3780248463153839,3.9131929874420166
141030.4758477304,2983,195547392,195493888,1983.990031532862,1092.2611786503498,2978,100,30.639999771118163,12.327627409025519,62.0,3.0,24.38999996185303,15.259026833572548,55.0,0.0,-0.0016523875019629486,0.20907460975771147,0.001224732089516086,2.384943058093389,0.006535179645652534,0.0651092529296875,0.8349731527268887,0.025122713045372315,0.05450439453125,0.3923761695623398,3.913219451904297
141112.9911193382,2985,195624960,195624960,940.0441698683135,1588.4574751570183,2981,100,31.119999885559082,11.882154748310734,50.0,1.0,25.45999984741211,13.677295073010017,56.0,0.0,0.0006029907744959928,0.17538424169955152,0.0012403572363837156,2.378684622546037,0.007026411694823763,0.0714263916015625,0.8448500391095878,0.025807972842206556,0.055389404296875,0.3886415436863899,3.913376569747925
141172.99137851037,2986,195743232,195690496,1971.191485367043,1092.2619486016515,2981,100,31.119999885559082,11.882154748310734,50.0,1.0,25.45999984741211,13.677295073010017,56.0,0.0,0.00027807048657753824,0.18567732100685438,0.0012507803197271035,2.3719552606344223,0.007863030950223521,0.06711832682291667,0.8465461942056814,0.025501580191000052,0.0562591552734375,0.3749605119228363,3.913503885269165
141254.76516898163,2988,195821568,195821568,957.9597515115287,1602.8607606990283,2981,100,31.119999885559082,11.882154748310734,50.0,1.0,25.45999984741211,13.677295073010017,56.0,0.0,0.0018315433165601764,0.20668523665517569,0.001221462237784484,2.3833057656884193,0.0078046109617086286,0.07784525553385416,0.8286145341893036,0.02426141620768855,0.0552978515625,0.37787729501724243,3.913651943206787
141314.76536549255,2989,195944960,195887104,2056.526597834236,1092.26308930615,2985,100,28.85999984741211,13.770272089704322,51.0,2.0,24.60999975204468,13.423036052196682,58.0,0.0,0.00035106737535291665,0.21076462231576445,0.0012341527653916271,2.376979092756907,0.007771760844358747,0.079132080078125,0.845332874606053,0.02476891463932892,0.0558929443359375,0.38591204583644867,3.9137609004974365
141396.39058094285,2991,196018176,196018176,896.9777242986661,1605.7783036395701,2985,100,28.85999984741211,13.770272089704322,51.0,2.0,24.60999975204468,13.423036052196682,58.0,0.0,0.00011731839670877284,0.1992439073510468,0.0012354699695909706,2.379741522173087,0.006950491956255671,0.059275309244791664,0.8519705136617025,0.025115589882868033,0.0553131103515625,0.3809257224202156,3.9139347076416016
141456.3907200303,2992,196133632,196083712,1924.2622059883101,1092.2641346629875,2988,100,29.16999969482422,13.926273708649683,60.0,1.0,22.320000171661377,14.789104356416194,54.0,0.0,-0.00147144860723832,0.20356221652279297,0.0011944782975964092,2.385160803794861,0.006823447015146181,0.06872049967447917,0.8407987039536238,0.024645100755151365,0.0573883056640625,0.38929545879364014,3.9141111373901367
141539.3319118917,2994,196214784,196214784,978.4281872342069,1580.300415974492,2988,100,29.16999969482422,13.926273708649683,60.0,1.0,22.320000171661377,14.789104356416194,54.0,0.0,0.0005124452800373546,0.19812645111232996,0.0011793748429530144,2.3753445570667586,0.006401414775003408,0.06189473470052083,0.8441641262422006,0.025929820898454636,0.0572052001953125,0.4012228399515152,3.9143409729003906
141599.33195491135,2995,196331264,196280320,1941.3319414095793,1092.2658835183568,2991,100,29.22999973297119,14.441505967670475,60.0,1.0,25.420000267028808,13.990124842296591,52.0,0.0,0.0007445926627648684,0.18274878314696252,0.00118271311900268,2.3831050346295037,0.006266945106593388,0.056549072265625,0.867351628219088,0.0254577209513324,0.0565185546875,0.38969098031520844,3.9144771099090576
141681.48111027107,2997,196411392,196411392,975.3965168495649,1595.5367943353906,2991,100,29.22999973297119,14.441505967670475,60.0,1.0,25.420000267028808,13.990124842296591,52.0,0.0,0.0003248552748118527,0.16045610164292154,0.0011728537865565158,2.3801152110099792,0.005213189158894238,0.047536214192708336,0.8776324161638815,0.027230510934411235,0.0590057373046875,0.41351688653230667,3.9147045612335205
141741.48639762774,2998,196525824,196476928,1907.0319473650716,1092.1704217571773,2994,100,29.450000190734862,14.071514025966946,57.0,0.0,25.710000228881835,15.010193206967653,56.0,0.0,-0.0006322360447181078,0.19272834489432475,0.0011852010672252313,2.377516306936741,0.006278595655506554,0.0621795654296875,0.8678904144714277,0.025551124456493806,0.05487060546875,0.3736113831400871,3.914767265319824
141824.5170686394,3000,196608000,196608000,989.7065626323008,1578.5973833885919,2994,100,29.450000190734862,14.071514025966946,57.0,0.0,25.710000228881835,15.010193206967653,56.0,0.0,0.00031359633430838585,0.19614916915694874,0.001208044501254335,2.373616243402163,0.008094153126270006,0.07547505696614583,0.8520638203869263,0.026455502297418814,0.0587005615234375,0.4053855910897255,3.9149975776672363
141884.51846795157,3001,196726272,196673536,1971.154029003025,1092.2411935601178,2994,100,29.450000190734862,14.071514025966946,57.0,0.0,25.710000228881835,15.010193206967653,56.0,0.0,-0.0005309839058706227,0.1843907202904423,0.0011789364107244182,2.375624659160773,0.0063064460306729115,0.0594940185546875,0.8623606401185194,0.025667524275680382,0.0557098388671875,0.3838006928563118,3.9150943756103516
141967.0842605997,3003,196804608,196804608,948.7706408131003,1587.485516654599,2998,100,31.029999923706054,13.43387891947472,61.0,2.0,25.50999984741211,14.646839356369059,52.0,0.0,-0.00029944642543947947,0.2047890645141403,0.0012191430093177285,2.3829649810989695,0.006504303658706098,0.069244384765625,0.842990587775906,0.026112397686423112,0.0571136474609375,0.3905797526240349,3.9154186248779297
142027.08431620896,3004,196920064,196870144,1924.2648832172129,1092.2656543317216,2998,100,31.029999923706054,13.43387891947472,61.0,2.0,25.50999984741211,14.646839356369059,52.0,0.0,0.0003833604156776952,0.18596153419154385,0.0011905400933756027,2.3874166533350945,0.006501713853746575,0.06630452473958333,0.8462576953073343,0.02537522534839809,0.056732177734375,0.38681280612945557,3.9155378341674805
142110.78584202565,3006,197001216,197001216,969.540270720066,1565.9451691125357,3001,100,30.660000228881835,13.332831778017527,64.0,0.0,24.42000045776367,15.64236564112278,55.0,0.0,-0.0006966237973150177,0.20027442532591522,0.001199828862202897,2.377949669957161,0.008256962328232476,0.07260131835937501,0.8425521223495404,0.024997380930775154,0.056365966796875,0.3883862718939781,3.915781021118164
142170.7863016352,3007,197118976,197066752,1962.6516324426682,1092.2582997941806,3001,100,30.660000228881835,13.332831778017527,64.0,0.0,24.42000045776367,15.64236564112278,55.0,0.0,-2.2911279908536587e-05,0.20480706558252373,0.0012197178803035058,2.3845086519916854,0.008078061958561495,0.07680257161458333,0.8393313102424145,0.024183078145142645,0.05712890625,0.3737138584256172,3.9159622192382812
142253.05617197417,3009,197197824,197197824,958.4067614928408,1593.1956554686185,3004,100,29.170000076293945,13.831163914462481,49.0,0.0,24.239999961853027,14.928576360385685,54.0,0.0,-0.000796882556945396,0.1895846042316407,0.0012197585238027386,2.3787988026936846,0.005829610025102738,0.06183878580729167,0.8331872976074616,0.023967934772372242,0.0573577880859375,0.3790875971317291,3.9162278175354004
142313.05630727857,3010,197314816,197263360,1949.8622695840545,1092.264203530674,3004,100,29.170000076293945,13.831163914462481,49.0,0.0,24.239999961853027,14.928576360385685,54.0,0.0,0.0007616047102298278,0.1974613336691012,0.0012147873433908292,2.3680262540777526,0.007372421701802523,0.06557210286458333,0.8094959333539009,0.025849096185993403,0.0573272705078125,0.38922614604234695,3.916328191757202
142394.79889036156,3012,197394432,197394432,973.9843909651123,1603.4726950936897,3007,100,31.51999988555908,12.267420339672576,59.0,2.0,26.199999809265137,14.310835254561226,57.0,0.0,0.00141592616031024,0.20246277307160201,0.001240136112755863,2.370630107820034,0.008514844690580503,0.07932027180989583,0.8302414858092865,0.0265430014502878,0.055633544921875,0.368813194334507,3.9165284633636475
142454.79916073754,3013,197504768,197459968,1838.925046647247,1092.2617446443046,3007,100,31.51999988555908,12.267420339672576,59.0,2.0,26.199999809265137,14.310835254561226,57.0,0.0,-0.0010989953928704685,0.22368152237807712,0.0012560725396421428,2.3672876184185343,0.007581255013671276,0.07440185546875,0.8325272090733051,0.0277294500459296,0.053680419921875,0.36144329607486725,3.9166343212127686
142538.4589325022,3015,197591040,197591040,1031.2244245979741,1566.7267222378714,3011,100,29.0,14.022125220761186,66.0,1.0,24.489999961853027,15.123157923462713,61.0,1.0,0.0005683748774269286,0.19627136543082693,0.001225543643765074,2.3824812347690263,0.006700581873398429,0.0677947998046875,0.8284153416752815,0.02431933422728131,0.0533905029296875,0.3822513520717621,3.916747808456421
142598.4590297714,3016,197711616,197656576,2009.5967421357996,1092.2648959379292,3011,100,29.0,14.022125220761186,66.0,1.0,24.489999961853027,15.123157923462713,61.0,1.0,-0.00020998415250990846,0.21392898463333646,0.0012433247478232565,2.3859495172897973,0.007388632403187027,0.08168029785156251,0.8419924719880024,0.025845263502560552,0.053314208984375,0.37326630204916,3.9167988300323486
142680.29628963396,3018,197787648,197787648,929.0633646297464,1601.6176521563305,3014,100,28.869999885559082,13.502336762413032,51.0,0.0,26.449999809265137,14.058004182546506,61.0,1.0,0.0004708234325031905,0.2128311249737938,0.0012417724901752083,2.381109875937303,0.007687213662696498,0.08718363444010417,0.8377125915139914,0.025500328086006142,0.0551605224609375,0.38630713522434235,3.9169554710388184
142740.296707822,3019,197904896,197853184,1954.119713508113,1092.259053838596,3014,100,28.869999885559082,13.502336762413032,51.0,0.0,26.449999809265137,14.058004182546506,61.0,1.0,0.0006714530366783341,0.18546805585113663,0.0012360309107558956,2.376086749136448,0.00746836581978035,0.0694122314453125,0.8536885778109232,0.02711381551731999,0.0565948486328125,0.38481197506189346,3.917067766189575
142823.0439409539,3021,197984256,197984256,959.0653003889432,1584.0046251585127,3014,100,28.869999885559082,13.502336762413032,51.0,0.0,26.449999809265137,14.058004182546506,61.0,1.0,-0.0005624894644521798,0.19651109042267004,0.0012161566943783935,2.3647835751374564,0.006653574346880002,0.0629730224609375,0.8419886988898119,0.02724940246359135,0.0588531494140625,0.3979822024703026,3.91748309135437
142883.04432766326,3022,198099968,198049792,1928.5209037156656,1092.259626883209,3017,100,30.8,13.312399955129424,65.0,1.0,26.9,13.404104052059482,57.0,2.0,-0.0007543196891977761,0.19024193434355158,0.0012335634977110506,2.3692289267977076,0.007389984146963494,0.068756103515625,0.8494896503786246,0.02781363995745778,0.0554962158203125,0.38398221880197525,3.917536497116089
142965.92824948207,3024,198180864,198180864,976.0155917434323,1581.392351179232,3017,100,30.8,13.312399955129424,65.0,1.0,26.9,13.404104052059482,57.0,2.0,0.0028871476509569525,0.2083490677177906,0.0011912856122459439,2.365787218014399,0.007155791995804369,0.06795756022135417,0.8438519258052111,0.02631260685545082,0.0587005615234375,0.3932758569717407,3.91792893409729
143025.92827965878,3025,198299904,198246400,1983.9990021571568,1092.2661173166282,3021,100,30.010000038146973,14.823963411823042,61.0,1.0,27.729999923706053,13.460947438588633,62.0,0.0,-0.0006447904343076516,0.19650131564897796,0.0011824304601759648,2.357249284783999,0.006378172975018971,0.06700642903645833,0.848797244951129,0.027224481784893822,0.05755615234375,0.40835026651620865,3.9180727005004883
143107.9889040906,3027,198377472,198377472,945.2523733163707,1597.2581357689169,3021,100,30.010000038146973,14.823963411823042,61.0,1.0,27.729999923706053,13.460947438588633,62.0,0.0,-0.00023802983438751346,0.18585142609663308,0.0011582085559590873,2.363236241042614,0.006666415215780337,0.06729634602864583,0.8639289811253548,0.027882499581513304,0.0560760498046875,0.40173201262950897,3.918259859085083
143167.98910106346,3028,198491904,198443008,1907.1937389098512,1092.263080896917,3024,100,29.910000038146972,13.947828076212373,53.0,0.0,24.719999694824217,14.49350197282812,56.0,0.0,0.0019606319862456685,0.18758110057873031,0.001198563592576344,2.3512718752026553,0.007877255247876747,0.07681783040364583,0.8735613295187553,0.028221376822330058,0.05780029296875,0.40035347640514374,3.9183661937713623
143251.14903381467,3030,198574080,198574080,988.1681872669113,1576.1436507185626,3024,100,29.910000038146972,13.947828076212373,53.0,0.0,24.719999694824217,14.49350197282812,56.0,0.0,-0.0006779399991501123,0.18304719558606544,0.0011886599386343732,2.3576138789455094,0.006624222323201441,0.06232198079427083,0.8598205931484699,0.0283270762496007,0.058502197265625,0.39688602834939957,3.9186644554138184
143311.1492196191,3031,198691328,198639616,1954.1272819078604,1092.2632842105072,3027,100,30.129999923706055,13.303875208538788,58.0,0.0,26.989999961853027,14.15520747345479,64.0,0.0,-0.0007823622727300972,0.1851976600009948,0.0011610306646616664,2.370738799373309,0.008383137138783543,0.07478841145833333,0.8572685706118742,0.02860965863025437,0.0586700439453125,0.40441910922527313,3.9188342094421387
143393.41624081135,3033,198770688,198770688,964.6635899767813,1593.2508324777807,3027,100,30.129999923706055,13.303875208538788,58.0,0.0,26.989999961853027,14.15520747345479,64.0,0.0,0.00333760770202692,0.22030789218842986,0.0012458641152382675,2.357995438079039,0.008552081320885918,0.08246358235677083,0.8423408400267363,0.027938060055021193,0.0575714111328125,0.38414207845926285,3.9192042350769043
143453.41629095562,3034,198886912,198836224,1937.0650477881186,1092.265753818851,3030,100,29.90999984741211,14.224693391596166,67.0,0.0,27.000000381469725,13.720058617535262,54.0,0.0,-0.0006147336825961247,0.17256798168333867,0.0011768750385575306,2.370229241748651,0.0069456192268262384,0.07302347819010417,0.8755563801775377,0.027098837580221396,0.05609130859375,0.3922560587525368,3.9192616939544678
143536.34496321902,3036,198967296,198967296,969.3149281913455,1580.5389911909838,3030,100,29.90999984741211,14.224693391596166,67.0,0.0,27.000000381469725,13.720058617535262,54.0,0.0,4.5136757156190755e-05,0.18672746350057426,0.0011711468650901224,2.372533356149991,0.008542459623640752,0.07691446940104166,0.861528371150295,0.026186415770401556,0.05755615234375,0.41303838789463043,3.919407606124878
143596.34514457546,3037,199085312,199032832,1966.9273880840235,1092.263365183319,3030,100,29.90999984741211,14.224693391596166,67.0,0.0,27.000000381469725,13.720058617535262,54.0,0.0,0.00019723438890650866,0.24513639835640788,0.001204824990660806,2.3701823701461158,0.0070629468391416594,0.07242838541666667,0.8293176032602787,0.02552258314487214,0.054107666015625,0.366534098982811,3.9195010662078857
143678.30783927068,3039,199163904,199163904,958.8752577284895,1599.1665536058197,3034,100,31.030000495910645,12.662112970012208,62.0,2.0,27.939999961853026,13.442336157378088,56.0,1.0,-0.0014099805848672986,0.18542494516198835,0.0011536805686773732,2.3641812155644097,0.006144889335701009,0.0606689453125,0.853940894206365,0.02514362777583301,0.0570068359375,0.3958354592323303,3.919748067855835
143738.30795643292,3040,199285504,199229440,2026.6627091942023,1092.2645337972963,3034,100,31.030000495910645,12.662112970012208,62.0,2.0,27.939999961853026,13.442336157378088,56.0,1.0,-0.000892846166001012,0.1828630897992601,0.0011729609808147265,2.3712491964300475,0.006256474241430017,0.06413777669270833,0.8630062931527693,0.026502656168304384,0.0590667724609375,0.4067598134279251,3.919928789138794
143819.8979563117,3042,199360512,199360512,919.3283504282615,1606.471383683515,3037,100,31.73000011444092,11.907858660944669,52.0,2.0,25.530000114440917,14.521332181657508,55.0,1.0,-0.0012388985608898415,0.1999391638673842,0.0011852494123255988,2.3702506522337594,0.007865873382494707,0.073150634765625,0.8548715201516947,0.02632478199666366,0.0572509765625,0.3772582933306694,3.9202513694763184
143879.89844539948,3043,199482624,199426048,2035.1834102778907,1092.2577631680083,3037,100,31.73000011444092,11.907858660944669,52.0,2.0,25.530000114440917,14.521332181657508,55.0,1.0,0.0006433184947430466,0.21037266061951718,0.001184685213956982,2.3710600088040037,0.006928922142227141,0.07440694173177083,0.8486829244842131,0.026602008768046893,0.058380126953125,0.4023823216557503,3.9204280376434326
143961.98963456228,3045,199557120,199557120,907.4786315040135,1596.6634341239,3040,100,30.429999923706056,13.425538766716027,56.0,3.0,25.369999980926515,14.245458796823304,55.0,0.0,0.0005509626813970195,0.21113239570210376,0.0011913448361156043,2.363462756077449,0.008648989790647951,0.08492024739583333,0.8619823089490334,0.027378107033049066,0.054351806640625,0.3778962790966034,3.9205708503723145
144021.9899356868,3046,199676928,199622656,1996.7899786260011,1092.2611848894364,3040,100,30.429999923706056,13.425538766716027,56.0,3.0,25.369999980926515,14.245458796823304,55.0,0.0,-0.0003462934643418218,0.21779696084558964,0.0012028315019657991,2.3754768818616867,0.0069268281185941305,0.06664530436197916,0.8507729892929395,0.026757647244570158,0.0543365478515625,0.37866930663585663,3.9206724166870117
144103.37341645174,3048,199753728,199753728,943.6804530619086,1610.5479732256574,3043,100,29.699999809265137,13.626811785681506,50.0,0.0,25.670000267028808,13.18184758328196,49.0,0.0,0.0010611955003696494,0.2260437741254767,0.0012368183827978405,2.3614557832479477,0.006522609889846838,0.07261149088541667,0.8391116447746755,0.027764293656218793,0.0536956787109375,0.36659200489521027,3.9208810329437256
144163.3736018464,3049,199871488,199819264,1962.6606022200945,1092.2632916703135,3043,100,29.699999809265137,13.626811785681506,50.0,0.0,25.670000267028808,13.18184758328196,49.0,0.0,-7.619558164151384e-05,0.19272781520461044,0.0011702766484328702,2.362104281783104,0.007287725390900354,0.07480875651041667,0.8534176362057527,0.027008832762173064,0.054046630859375,0.3765634819865227,3.9209630489349365
144244.93842840753,3051,199950336,199950336,966.6911991886404,1606.967188261636,3047,100,28.269999504089355,13.601363801241106,52.0,0.0,25.9,13.864703302918223,60.0,1.0,3.936042048735544e-05,0.18024735261375704,0.001166100174790093,2.371897098918756,0.00799056655705499,0.07642618815104167,0.8614641117552917,0.02634139739287396,0.0572052001953125,0.41037119179964066,3.921140193939209
144292.2069448866,3052,200015872,200015872,1386.4619599185526,1386.4619599185526,3047,100,28.269999504089355,13.601363801241106,52.0,0.0,25.9,13.864703302918223,60.0,1.0,-0.0013209354898814734,0.19346216980678338,0.001186099557041113,2.3757952079176903,0.006842439282384778,0.06630961100260416,0.8614119291305542,0.024823235367269568,0.0519866943359375,0.35933274030685425,3.921210765838623
