wall_time,updates,collected_samples,trained_samples,sampler_fps,learner_fps,version,num_episodes,train_return_mean,train_return_std,train_return_max,train_return_min,test_return_mean,test_return_std,test_return_max,test_return_min,actor_loss,critic_loss,spr_loss,entropy,approx_kl,clip_frac,explained_var,policy_reg,raw_reward_mean,raw_reward_std,reward_running_std
60.001737284474075,1,76288,65536,1271.4298527442825,1092.235041283679,0,0,0,0,0,0,0,0,0,0,0.004863532589297392,0.12339169866148345,0.015238211516892383,2.6777268101771674,0.019352072492135147,0.23238118489583334,0.0058325181404749555,6.351691267643864e-05,0.00091552734375,0.0809763465076685,0.09567887336015701
148.34836068283767,3,196608,196608,1361.9083035858125,1483.610747736034,0,0,0,0,0,0,0,0,0,0,-0.001484332458251932,0.17984789280065647,0.0001334692166589472,2.6741121585170426,0.007448128692582637,0.12401326497395833,0.00011476750175158182,5.023016832102674e-07,0.00213623046875,0.14479286782443523,0.11498933285474777
208.34844566509128,4,318720,262144,2035.1971174060404,1092.2651196141433,0,0,0,0,0,0,0,0,0,0,-0.0008401866010293209,0.10866064300838237,3.663637907417675e-05,2.6644087185462317,0.00798804393101212,0.130218505859375,0.000573643793662389,3.319531206950425e-07,0.001373291015625,0.11034751869738102,0.1155407726764679
289.24706099927425,6,393216,393216,920.8563050463287,1620.2007841364957,0,0,0,0,0,0,0,0,0,0,-0.0005710484159256642,0.12174613491030566,1.2575131525712399e-05,2.6803185765941935,0.005202088232181269,0.053822835286458336,0.004360595097144445,2.2988401244816714e-06,0.001220703125,0.10859601758420467,0.11047874391078949
349.2471556244418,7,516608,458752,2056.530090008261,1092.2649440707776,0,100,0.1,0.9949874749956643,10.0,0.0,0.0,0.0,0.0,0.0,-0.0014048954471945763,0.17833530027807382,1.0278099930853084e-05,2.6772122432788215,0.005583531964172532,0.0587921142578125,0.017985045909881592,1.6828994697940893e-05,0.002288818359375,0.14833625964820385,0.1171794980764389
431.27924154140055,9,589824,589824,892.5288096918163,1597.8138131545802,0,100,0.1,0.9949874749956643,10.0,0.0,0.0,0.0,0.0,0.0,-0.0006110573825329386,0.10828432657217492,1.8139731139399373e-05,2.680438280105591,0.004900631204994473,0.07225545247395834,0.055159950628876686,7.740733946093314e-05,0.001373291015625,0.11034751869738102,0.11645402014255524
491.27956690546125,10,706048,655360,1937.056162525686,1092.2607436268186,0,100,0.1,0.9949874749956643,10.0,0.0,0.0,0.0,0.0,0.0,-0.0007053767658362631,0.06494987212257304,2.4706829871471804e-05,2.6940453996260962,0.005706094635873645,0.07648722330729167,0.3266332875937224,0.0003070841471526365,0.00091552734375,0.09430065378546715,0.1145462691783905
573.9455333249643,12,786432,786432,972.3953336742857,1585.5618179657142,0,100,0.1,0.9949874749956643,10.0,0.0,0.0,0.0,0.0,0.0,-0.0016164485035308949,0.12492212736591075,7.367867757087272e-05,2.698552576204141,0.004119352551545792,0.033782958984375,0.6613958980888128,0.0004708476656863544,0.00244140625,0.1540104802697897,0.12300144135951996
633.9457389544696,13,911616,851968,2086.3928496011777,1092.2629233085918,6,100,0.4,1.9595918711795552,10.0,0.0,0.3,1.70587221972898,10.0,0.0,-0.0008613995887571946,0.1321075833790625,0.00010392537493923251,2.6984001571933427,0.004076036351155683,0.0372161865234375,0.7032844045509894,0.0005260858649004756,0.00274658203125,0.16438312456011772,0.12679842114448547
714.7063267482445,15,983040,983040,884.3917800893646,1622.9698616693718,6,100,0.4,1.9595918711795552,10.0,0.0,0.3,1.70587221972898,10.0,0.0,-0.0008168743515852839,0.1801280417324354,0.0002285899725696557,2.6924721524119377,0.004043486124525467,0.020329793294270832,0.7378934224446615,0.0006802967818657635,0.00335693359375,0.1751000229269266,0.13071699440479279
774.7097232816741,16,1100544,1048576,1958.289143424325,1092.2048381625864,6,100,0.4,1.9595918711795552,10.0,0.0,0.3,1.70587221972898,10.0,0.0,-0.0010247486037163374,0.14959103144550073,0.0002628954603096645,2.6912787035107613,0.003813043327681953,0.02679443359375,0.7809992445011934,0.0007749429957281488,0.00274658203125,0.1560414619743824,0.13317358493804932
858.1443782774732,18,1179648,1179648,948.095248958396,1570.953940021679,6,100,0.4,1.9595918711795552,10.0,0.0,0.3,1.70587221972898,10.0,0.0,-0.0009547102005550793,0.11041800518675396,0.0003337443425455907,2.6939487283428507,0.002715216024929153,0.016164143880208332,0.8922376825163763,0.0007573422038452312,0.00244140625,0.15008775889873505,0.13686087727546692
918.1445728838444,19,1306624,1245184,2116.259802705987,1092.2631239772836,12,100,0.3,1.7058722330228158,10.0,0.0,0.3,1.70587227722205,10.0,0.0,-0.001446413951877427,0.11619417945621535,0.0003302235882074456,2.6943360318740206,0.0039027570189015624,0.027949015299479168,0.8759404377390941,0.0008389734114947108,0.00335693359375,0.18082013726234436,0.13968317210674286
999.6059464635327,21,1376256,1376256,854.7854883871254,1609.0079781404713,12,100,0.3,1.7058722330228158,10.0,0.0,0.3,1.70587227722205,10.0,0.0,-0.0007981077093669835,0.1991574834100902,0.0005581852404551076,2.680491417646408,0.003932127904893909,0.023773193359375,0.9164475413660208,0.0017611557220031198,0.00396728515625,0.18461718037724495,0.14363650977611542
1059.6096337689087,22,1493504,1441792,1954.0132492740217,1092.1995454457415,12,100,0.3,1.7058722330228158,10.0,0.0,0.3,1.70587227722205,10.0,0.0,-0.0010204908406497757,0.1882659608963877,0.0005051925806280148,2.675560007492701,0.002931083881170101,0.026387532552083332,0.9248963979383309,0.001749526880303165,0.003814697265625,0.1945614367723465,0.14637991786003113
1142.4208431178704,24,1572864,1572864,958.3243696584781,1582.78089440368,12,100,0.3,1.7058722330228158,10.0,0.0,0.3,1.70587227722205,10.0,0.0,-0.0005522700084839016,0.13399114250205457,0.0005406294906909656,2.6734581664204597,0.003953530590782369,0.03162129720052083,0.9485785762468973,0.0016565097284910735,0.003662109375,0.18387512676417828,0.14979355037212372
1202.4212931869552,25,1693952,1638400,2018.1181951231829,1092.2584734704753,19,100,0.7,2.551470208760969,10.0,0.0,0.1,0.9949874749956643,10.0,0.0,-0.0006059231867160027,0.2034010351635516,0.0005894948338512525,2.6760985776782036,0.003588594949784844,0.027048746744791664,0.8914118545750778,0.0013816781890151713,0.003814697265625,0.19378358498215675,0.1518748700618744
1283.1763428077102,27,1769472,1769472,935.1737179861809,1623.0811647760158,19,100,0.7,2.551470208760969,10.0,0.0,0.1,0.9949874749956643,10.0,0.0,-0.0016973172775275696,0.1305606614332646,0.0005677708923030877,2.676348462700844,0.003768876806740688,0.03079732259114583,0.927161161477367,0.001305259558042356,0.002899169921875,0.16854942217469215,0.15496033430099487
1343.1764487409964,28,1893632,1835008,2069.3296798184447,1092.2647382134471,19,100,0.7,2.551470208760969,10.0,0.0,0.1,0.9949874749956643,10.0,0.0,-0.001082084070124741,0.1480670600042989,0.0007223484317364638,2.6743518312772117,0.003605523840330231,0.031188964843750003,0.9346296327809492,0.001628903737582732,0.00396728515625,0.1918723788112402,0.1567530483007431
1424.67788146995,30,1966080,1966080,888.9168886262119,1608.2171271258674,19,100,0.7,2.551470208760969,10.0,0.0,0.1,0.9949874749956643,10.0,0.0,-0.0013048583399116371,0.1380714785773307,0.0007991929978743427,2.6732033838828406,0.0027436352726605646,0.023991902669270832,0.9502746108919382,0.001610583409880443,0.005340576171875,0.2305634804069996,0.16072197258472443
1484.6778867226094,31,2092800,2031616,2111.9998151064083,1092.2665710449303,25,100,0.5,2.179449523662969,10.0,0.0,0.5,2.179449523662969,10.0,0.0,-0.0014074548307689838,0.1572879645197342,0.0008327515151904663,2.674846624334653,0.003948890283330305,0.029235839843750003,0.946805485834678,0.0016433654442759385,0.004730224609375,0.215916495770216,0.16286060214042664
1565.5146865434945,33,2162688,2162688,864.5567384514853,1621.4397439090128,25,100,0.5,2.179449523662969,10.0,0.0,0.5,2.179449523662969,10.0,0.0,-0.0008816207991912961,0.12680876437419403,0.0011989515830161206,2.670574036737283,0.0038171357991814148,0.038874308268229164,0.953203038002054,0.0018403591542058468,0.00213623046875,0.14416996203362942,0.1636003702878952
1625.52057130076,34,2287616,2228224,2081.9291392061987,1092.1595484360384,25,100,0.5,2.179449523662969,10.0,0.0,0.5,2.179449523662969,10.0,0.0,-0.0013891401492098034,0.15296696297203502,0.0013209500260321267,2.6666645606358848,0.004083423971678712,0.03536987304687499,0.9276818508903186,0.00203849488995426,0.002899169921875,0.16083257645368576,0.16379964351654053
1706.8513050964102,36,2359296,2359296,881.3396443723414,1611.592492566567,25,100,0.5,2.179449523662969,10.0,0.0,0.5,2.179449523662969,10.0,0.0,-0.002209093233735378,0.13646463948922852,0.00128637073309316,2.667592316865921,0.0038373804242534484,0.034088134765625,0.9386445948233206,0.0021008013694275482,0.0042724609375,0.2038641795516014,0.16557754576206207
1766.8515290739015,37,2482944,2424832,2060.792307148484,1092.262589296091,31,100,0.7,2.551470179210066,10.0,0.0,0.5,2.179449489067881,10.0,0.0,-0.0011429711654879307,0.12406571733299643,0.0012482334119946852,2.6619991014401116,0.004170229934364519,0.038304646809895836,0.9434839232514302,0.0019726846718792026,0.00335693359375,0.18255623802542686,0.1660781055688858
1847.89658594504,39,2555904,2555904,900.2399753510724,1617.2732188763125,31,100,0.7,2.551470179210066,10.0,0.0,0.5,2.179449489067881,10.0,0.0,-0.00232533753781657,0.10325373119364181,0.0012389378619748943,2.679089928666751,0.005715910919510255,0.050470987955729164,0.9524831989159187,0.0014022692036329925,0.00335693359375,0.18144304305315018,0.16839730739593506
1907.8969727875665,40,2683648,2621440,2129.0529398630283,1092.259624458788,31,100,0.7,2.551470179210066,10.0,0.0,0.5,2.179449489067881,10.0,0.0,-0.001924938602921126,0.10462554992409423,0.0014348102170818795,2.6730558425188065,0.0038141442146297777,0.038116455078125,0.9591839294880627,0.0019131946392008103,0.003509521484375,0.18334220722317696,0.16889582574367523
1987.7429514676332,42,2752512,2752512,862.4604662425113,1641.5604413240364,31,100,0.7,2.551470179210066,10.0,0.0,0.5,2.179449489067881,10.0,0.0,-0.0027320914159645326,0.09316426628114034,0.0010980630589377447,2.680796501537164,0.00391837927782035,0.03533935546875,0.9437820110470057,0.0013593816377882224,0.003509521484375,0.1800855789333582,0.17035143077373505
2047.7432001456618,43,2881536,2818048,2150.391087416395,1092.2621396400737,31,100,0.7,2.551470179210066,10.0,0.0,0.5,2.179449489067881,10.0,0.0,-0.0015325930689868983,0.1309118738475566,0.001382449775216325,2.672104979554812,0.0037013194566194825,0.03855895996093751,0.9452299699187279,0.002044778233539546,0.005035400390625,0.22096911817789078,0.17180009186267853
2127.675917748362,45,2949120,2949120,845.5111001720418,1639.7791033639598,36,100,0.6,2.3748684491559726,10.0,0.0,0.3,1.70587227722205,10.0,0.0,-0.0019486007925782662,0.17338960567334044,0.0019072350478381848,2.665462374687195,0.00459555677540872,0.04582722981770833,0.9543565443406503,0.0028395454937708564,0.0054931640625,0.23291095346212387,0.17437490820884705
2187.6763110561296,46,3072256,3014656,2052.253213881158,1092.259506764192,36,100,0.6,2.3748684491559726,10.0,0.0,0.3,1.70587227722205,10.0,0.0,-0.0023281780231627636,0.14116153392630318,0.0016540926105032363,2.671808123588562,0.0045891190099306796,0.04718017578125,0.9500016141682863,0.002134292547755952,0.004425048828125,0.20847298577427864,0.17523464560508728
2268.338861794211,48,3145728,3145728,910.856392808235,1624.9424150446562,36,100,0.6,2.3748684491559726,10.0,0.0,0.3,1.70587227722205,10.0,0.0,-0.003559941673302092,0.08048054381894568,0.0013973577964255432,2.6777138461669283,0.005550417758665086,0.0555877685546875,0.9512351353963217,0.0015593071075272749,0.002899169921875,0.1647732723504305,0.17656566202640533
2328.339097443968,49,3271936,3211264,2103.4584053422955,1092.2623768106039,36,100,0.6,2.3748684491559726,10.0,0.0,0.3,1.70587227722205,10.0,0.0,-0.0019460718879903047,0.11378473415970802,0.00178166214148708,2.670112664500872,0.004171366232185392,0.047602335611979164,0.9515603017061949,0.0019287229176067437,0.003814697265625,0.18886068277060986,0.1769672930240631
2408.6447502104566,51,3342336,3342336,876.6506164230806,1632.1640567586082,43,100,0.2,1.40000005385589,10.0,0.0,0.1,0.9949874749956643,10.0,0.0,-0.0023235558231438818,0.11278618220239878,0.0014713220152771098,2.678053485850493,0.004804519875809395,0.046051025390625,0.9638834930956363,0.0015344093493088924,0.00396728515625,0.19761453941464424,0.17881108820438385
2468.645529281348,52,3463168,3407872,2013.8405179245415,1092.2524842980563,43,100,0.2,1.40000005385589,10.0,0.0,0.1,0.9949874749956643,10.0,0.0,-0.002276457290766605,0.11813302516626815,0.0018388816994653703,2.6720096518596015,0.004813910057540246,0.045934041341145836,0.9563386452694734,0.001976659650002451,0.0042724609375,0.2020215094089508,0.17938737571239471
2550.4339053966105,54,3538944,3538944,926.4886234348338,1602.5749162116044,43,100,0.2,1.40000005385589,10.0,0.0,0.1,0.9949874749956643,10.0,0.0,-0.001907186189176476,0.16758459197202075,0.0021286016720599337,2.676721714437008,0.003970452783202442,0.043340047200520836,0.9403956700116396,0.0021025824656438394,0.00335693359375,0.18299874663352966,0.17945094406604767
2610.4342318326235,55,3664128,3604480,2086.388648793466,1092.2607241127348,43,100,0.2,1.40000005385589,10.0,0.0,0.1,0.9949874749956643,10.0,0.0,-0.002899865629539515,0.14433697580049434,0.002095974501571618,2.6700162664055824,0.003301438347383131,0.040802001953125,0.9647795303414266,0.0022927689957820503,0.004119873046875,0.20096296444535255,0.17990528047084808
2690.8619347261265,57,3735552,3735552,888.0522187059711,1629.687225725653,50,100,0.7,2.5514702294238254,10.0,0.0,0.0,0.0,0.0,0.0,-0.003149713452633781,0.1308783059939742,0.0020831922180756615,2.664169314006964,0.005099996865586339,0.0526275634765625,0.9620983557154735,0.0026358672306135604,0.0048828125,0.22003567591309547,0.18150149285793304
2750.8622400276363,58,3858688,3801088,2052.2562240512716,1092.261108850573,50,100,0.7,2.5514702294238254,10.0,0.0,0.0,0.0,0.0,0.0,-0.001162946024730142,0.14659356946746507,0.002055445571992702,2.6675952946146326,0.0035035514829360186,0.03432210286458333,0.9642669974515836,0.002557182137631268,0.005950927734375,0.2434740774333477,0.18275760114192963
2831.319222163409,60,3932160,3932160,913.1836423595231,1629.0941633730865,50,100,0.7,2.5514702294238254,10.0,0.0,0.0,0.0,0.0,0.0,-0.0011089133489197895,0.1767279451402525,0.0017739512428912954,2.6715932389100394,0.004990007625868506,0.05029296875000001,0.9441810889790455,0.0022121536070092893,0.004425048828125,0.20687587559223175,0.1844330132007599
2891.3195800129324,61,4059904,3997696,2129.0539686508664,1092.260152253751,50,100,0.7,2.5514702294238254,10.0,0.0,0.0,0.0,0.0,0.0,-0.0031009088440138535,0.13297186050719273,0.001958138611371396,2.6711019948124886,0.00313183240541548,0.029947916666666664,0.9469297459969918,0.0022631560350419026,0.003509521484375,0.18622884154319763,0.1844804435968399
2971.2754343124107,63,4128768,4128768,861.2752700017037,1639.3046031259194,56,100,0.9,2.8618176972644735,10.0,0.0,0.3,1.7058722330228158,10.0,0.0,-0.0021351806208258495,0.10649795764281103,0.0018001745568957024,2.6685110107064247,0.004213291678145954,0.031153361002604168,0.9665135964751244,0.002274290308074948,0.00396728515625,0.19734902307391167,0.18509455025196075
3031.27567228768,64,4252928,4194304,2069.3251258632563,1092.2623344762756,56,100,0.9,2.8618176972644735,10.0,0.0,0.3,1.7058722330228158,10.0,0.0,-0.0028076642605204443,0.09899818419944495,0.001787714511010563,2.6653443599740663,0.004124750868262102,0.044809977213541664,0.9685345174123844,0.002491397346602753,0.00457763671875,0.21022430062294006,0.18557915091514587
3112.0614782748744,66,4325376,4325376,896.7912013093506,1622.463233464267,56,100,0.9,2.8618176972644735,10.0,0.0,0.3,1.7058722330228158,10.0,0.0,-0.001812521841202397,0.12173951925554623,0.0020639258715770365,2.6583624506990113,0.0035934176648879652,0.027826944986979168,0.972332167128722,0.002813182084840567,0.00518798828125,0.222603689879179,0.1863769143819809
3172.0618025567383,67,4448256,4390912,2047.98893123887,1092.2607633273974,56,100,0.9,2.8618176972644735,10.0,0.0,0.3,1.7058722330228158,10.0,0.0,-0.0020657195345847867,0.13668954973885167,0.002060326284360296,2.6559679011503854,0.003983933421598825,0.039215087890625,0.9523678148786227,0.002773699290022099,0.003509521484375,0.181527653709054,0.18639078736305237
3252.187081313692,69,4521984,4521984,920.1590452326685,1635.8383026358551,56,100,0.9,2.8618176972644735,10.0,0.0,0.3,1.7058722330228158,10.0,0.0,-0.002738224103571459,0.07541574254476777,0.0020352165605193777,2.659597672522068,0.004685769800441146,0.0448150634765625,0.9652314949780703,0.0025472530348148816,0.0030517578125,0.17238037660717964,0.18677262961864471
3312.187275405973,70,4648448,4587520,2107.72651510921,1092.263133335947,62,100,0.6,2.374868471355376,10.0,0.0,0.7,2.5514701703220197,10.0,0.0,-0.0018765970792931816,0.13810572563670576,0.0019603210251564933,2.652134465674559,0.0036248502353070458,0.033782958984375,0.9680008888244628,0.0029247586159423613,0.00579833984375,0.24030734598636627,0.18765287101268768
3391.9887052206323,72,4718592,4718592,878.9817445992046,1642.476836623331,62,100,0.6,2.374868471355376,10.0,0.0,0.7,2.5514701703220197,10.0,0.0,-0.0017757362317449101,0.12631704731999585,0.001962472808372695,2.6624416857957836,0.0035421912665090836,0.030497233072916668,0.9715392005940278,0.0028289227702771313,0.006561279296875,0.24905750900506973,0.18916068971157074
3451.988978347741,73,4843264,4784128,2077.857208014471,1092.2616945620216,62,100,0.6,2.374868471355376,10.0,0.0,0.7,2.5514701703220197,10.0,0.0,-0.002036658460080313,0.1210842984340464,0.002016170106799109,2.655821787814299,0.0037381341741517344,0.027119954427083332,0.9781115738054117,0.0031244171841535717,0.007781982421875,0.2781399190425873,0.19067521393299103
3532.034581242129,75,4915200,4915200,898.6877154877836,1637.4665848033637,62,100,0.6,2.374868471355376,10.0,0.0,0.7,2.5514701703220197,10.0,0.0,-0.0024535263401048724,0.10488195472862571,0.0018770040308785003,2.6593320816755295,0.004282987461920129,0.046259562174479164,0.9644144903868437,0.0028699173514420786,0.00335693359375,0.1816200353205204,0.1904260367155075
3592.034858481027,76,5040896,4980736,2094.923653427916,1092.2616197098707,69,100,0.7,2.551470199872923,10.0,0.0,0.1,0.9949874749956643,10.0,0.0,-0.0011889670762078217,0.10784916195552795,0.0019845432701307195,2.6640064294139543,0.003560416181547528,0.030644734700520832,0.9721211101859809,0.0029499764956805543,0.006256103515625,0.24657060205936432,0.19133135676383972
3672.4172463687137,78,5111808,5111808,882.1832974044153,1630.6059504370419,69,100,0.7,2.551470199872923,10.0,0.0,0.1,0.9949874749956643,10.0,0.0,-0.001752949441045833,0.1204029608828326,0.001909402641710282,2.661413088440895,0.003966833178613645,0.031494140625,0.9513300477216642,0.003040049021365121,0.004119873046875,0.2007412500679493,0.19240115582942963
3732.4177703289315,79,5232384,5177344,2009.5824509790205,1092.257128345285,69,100,0.7,2.551470199872923,10.0,0.0,0.1,0.9949874749956643,10.0,0.0,-0.0019918694718702072,0.10112660137626031,0.0016188671240039791,2.6626267010966935,0.005067432170714407,0.0527801513671875,0.9732598972817262,0.00259143628985233,0.004730224609375,0.21358419954776764,0.19273845851421356
3813.8903426146135,81,5308416,5308416,933.2220386192705,1608.786814050729,69,100,0.7,2.551470199872923,10.0,0.0,0.1,0.9949874749956643,10.0,0.0,-0.0028357038803126975,0.10538785244959097,0.0016872447316321388,2.6660928428173065,0.004250419217593541,0.03560892740885417,0.9690564616272846,0.002425090920345004,0.005645751953125,0.2323133908212185,0.19333773851394653
3873.899539650418,82,5430016,5373952,2026.3560588462392,1092.0992653992362,69,100,0.7,2.551470199872923,10.0,0.0,0.1,0.9949874749956643,10.0,0.0,-0.0019730827589228284,0.12433488806709649,0.0017938325084590663,2.6635815749565763,0.005060999503863665,0.046778361002604164,0.9620986071725687,0.002856973311281763,0.004730224609375,0.21735147386789322,0.1936497539281845
3955.5933046089485,84,5505024,5505024,918.1606458959935,1604.4308897568214,76,100,0.9,2.8618177236107525,10.0,0.0,0.4,1.9595918327030493,10.0,0.0,-0.0029354695046398165,0.10764440121905257,0.0017944616386860919,2.654593368371328,0.0039057530539139407,0.041163126627604164,0.963883189484477,0.0029825971456981888,0.005645751953125,0.23627085238695145,0.19462352991104126
4015.5934677822515,85,5625600,5570560,2009.5945347970342,1092.2636961954156,76,100,0.9,2.8618177236107525,10.0,0.0,0.4,1.9595918327030493,10.0,0.0,-0.0030297191830565375,0.11858983916075279,0.0016735628487367649,2.6493861228227615,0.004714757292579937,0.048756917317708336,0.9650232829153538,0.0027920333474564054,0.0042724609375,0.20578878372907639,0.19476939737796783
4096.605405341834,87,5701632,5701632,938.5283489125331,1617.9343927381044,76,100,0.9,2.8618177236107525,10.0,0.0,0.4,1.9595918327030493,10.0,0.0,-0.001340302279762303,0.09675221079184364,0.0018066532065859064,2.649429557224115,0.003958469769713702,0.040303548177083336,0.9766565101842085,0.003329780144364728,0.0054931640625,0.23243989795446396,0.19581301510334015
4156.605536075309,88,5830400,5767168,2146.128657152378,1092.264286741568,76,100,0.9,2.8618177236107525,10.0,0.0,0.4,1.9595918327030493,10.0,0.0,-0.0017956923960203617,0.11703563004266469,0.0016483645461751923,2.664983426531156,0.0039457749723320985,0.039510091145833336,0.9658048283308744,0.002691648825323985,0.004730224609375,0.21427226811647415,0.19607219099998474
4236.5934919063,90,5898240,5898240,848.1276874151026,1638.6467017227644,82,100,1.0,3.000000017573554,10.0,0.0,0.3,1.7058722330228158,10.0,0.0,-0.002632430419907905,0.08435442467452958,0.0014058404400808893,2.6671896005670233,0.005185638029312638,0.04416910807291667,0.9676833363870779,0.0024222887550422456,0.002899169921875,0.16617402993142605,0.19648608565330505
4296.593710280955,91,6023168,5963776,2082.125755275121,1092.2626912918668,82,100,1.0,3.000000017573554,10.0,0.0,0.3,1.7058722330228158,10.0,0.0,-0.0003193673716547588,0.1888207895681262,0.0020287619227019604,2.6621919597188635,0.0027754007787734736,0.02105712890625,0.9511038524409136,0.0028694142019958235,0.00640869140625,0.2521226741373539,0.197196364402771
4377.430041251704,93,6094848,6094848,886.7300029480248,1621.4491482478168,82,100,1.0,3.000000017573554,10.0,0.0,0.3,1.7058722330228158,10.0,0.0,-0.002376452772296034,0.0970292992812271,0.0016264533466407254,2.6599091514945035,0.0035576519312598975,0.033182779947916664,0.977286908775568,0.00316842596657807,0.005035400390625,0.2233841009438038,0.19806784391403198
4437.430087312125,94,6219776,6160384,2082.13173493561,1092.2658281629429,82,100,1.0,3.000000017573554,10.0,0.0,0.3,1.7058722330228158,10.0,0.0,-0.0021930822707266393,0.09849357682590683,0.001628035325362968,2.66453788181146,0.0032493898773585292,0.0258941650390625,0.9640475281824669,0.0028401632322735777,0.005035400390625,0.22095253691077232,0.1983656883239746
4517.532186757773,96,6291456,6291456,894.8579437501121,1636.3116685716334,89,100,0.6,2.3748684491559726,10.0,0.0,0.2,1.40000005385589,10.0,0.0,-0.0020652706431671204,0.11631560573975246,0.0016192825011482153,2.659422787527243,0.003456161813422417,0.036066691080729164,0.9657276260356109,0.0029440730140777305,0.00518798828125,0.222603689879179,0.1989814043045044
4577.532312904485,97,6409984,6356992,1975.4625133650072,1092.2643702406951,89,100,0.6,2.3748684491559726,10.0,0.0,0.2,1.40000005385589,10.0,0.0,-0.002492611313452168,0.08486520522274077,0.0014652294691283412,2.662877735992273,0.004422249660516779,0.045740763346354164,0.9726677325864633,0.0026791922913010544,0.00518798828125,0.2266613133251667,0.19929876923561096
4660.142205313779,99,6488064,6488064,945.165254702775,1586.6380669108878,89,100,0.6,2.3748684491559726,10.0,0.0,0.2,1.40000005385589,10.0,0.0,-0.002204260523285484,0.11931370998111865,0.0015895061830330328,2.6628320465485253,0.003297880735772196,0.029352823893229164,0.963761283705632,0.002864731274409375,0.006256103515625,0.24804554134607315,0.20045135915279388
4720.142399885692,100,6615296,6553600,2120.5264567518707,1092.2631246045853,89,100,0.6,2.3748684491559726,10.0,0.0,0.2,1.40000005385589,10.0,0.0,-0.0018857178135173551,0.09632942243479194,0.001638303832199502,2.670227867861589,0.002974523228355489,0.0313720703125,0.960017850001653,0.002918394597751709,0.0042724609375,0.2016441635787487,0.20051434636116028
4799.676536059938,102,6684672,6684672,872.2795435661512,1647.9967760364186,95,100,0.7,2.551470199872923,10.0,0.0,0.4,1.9595918327030493,10.0,0.0,-0.0025564865342554794,0.0908195390754069,0.0015765406484812654,2.663578030963739,0.0038993113363782563,0.03824869791666667,0.9676431181530158,0.0027324912589392625,0.00457763671875,0.21263928338885307,0.20126883685588837
4859.6862152814865,103,6807040,6750208,2039.1377122386014,1092.090490236573,95,100,0.7,2.551470199872923,10.0,0.0,0.4,1.9595918327030493,10.0,0.0,-0.003077415170992026,0.09437793423421681,0.0015094470678983878,2.665547924737136,0.0037193130168210096,0.036463419596354164,0.9730731702099243,0.0024347223176543293,0.004119873046875,0.2017408162355423,0.20128504931926727
4940.633075244725,105,6881280,6881280,917.1449026400265,1619.235138454116,95,100,0.7,2.551470199872923,10.0,0.0,0.4,1.9595918327030493,10.0,0.0,-0.0012556324212103693,0.11016110555889708,0.0016688451845160066,2.6664373228947325,0.003412071600905619,0.03765360514322917,0.9756765166918437,0.0029465083231722624,0.005645751953125,0.23674190789461136,0.20207245647907257
5000.633125855587,106,7004416,6946816,2052.2649355516864,1092.265745324806,95,100,0.7,2.551470199872923,10.0,0.0,0.4,1.9595918327030493,10.0,0.0,-0.00241113526863046,0.14320711380181214,0.0016925601945937767,2.663567607601484,0.002951677292003296,0.024475097656249997,0.967671060313781,0.002617742029542569,0.004730224609375,0.21460899710655212,0.20222289860248566
5081.095375837758,108,7077888,7077888,913.1238564206234,1628.9875069245963,95,100,0.7,2.551470199872923,10.0,0.0,0.4,1.9595918327030493,10.0,0.0,-0.0019265095155181675,0.15232807067998996,0.0015520947466332777,2.665860255559285,0.0032388515464845113,0.036616007486979164,0.9627407329777876,0.002661104360110282,0.005035400390625,0.21977661922574043,0.2026892900466919
5141.107538172975,109,7207168,7143424,2154.22999221167,1092.0453029825496,101,100,0.7,2.551470179210066,10.0,0.0,0.4,1.9595918711795552,10.0,0.0,-0.002165424479850723,0.09451663016807288,0.0015560351093881764,2.6678019165992737,0.00305294690951996,0.031199137369791668,0.9764647067834933,0.002756406259625995,0.00457763671875,0.2120855413377285,0.20279501378536224
5221.24224048201,111,7274496,7274496,840.185313727797,1635.6459339491714,101,100,0.7,2.551470179210066,10.0,0.0,0.4,1.9595918711795552,10.0,0.0,-0.002762411739240633,0.08770843513775617,0.0015697033886681313,2.664317086338997,0.0029935376145052337,0.028493245442708336,0.9752061987916629,0.0029677315421092016,0.004425048828125,0.2091372087597847,0.20289906859397888
5281.242644070648,112,7398656,7340032,2069.3194141032777,1092.259319609153,101,100,0.7,2.551470179210066,10.0,0.0,0.4,1.9595918711795552,10.0,0.0,-0.0013104488243698142,0.09650919404036054,0.001327145061319849,2.66310016810894,0.0027657249235441364,0.027699788411458332,0.9729975014925003,0.0026973305187614947,0.0067138671875,0.2548454813659191,0.20346884429454803
5361.945109544322,114,7471104,7471104,897.7173073310021,1624.1387326977847,101,100,0.7,2.551470179210066,10.0,0.0,0.4,1.9595918711795552,10.0,0.0,-0.0024278405896135764,0.13958437500211102,0.0015743225279341762,2.6562115078171096,0.004472776232432807,0.041636149088541664,0.9720354316135248,0.0035800030066942177,0.004730224609375,0.21647023782134056,0.20375502109527588
5421.945744981058,115,7596288,7536640,2086.3779039805754,1092.255099016416,108,100,0.8,2.712932012683201,10.0,0.0,0.5,2.179449523662969,10.0,0.0,-0.0015591898906374506,0.10440568800549954,0.001431664576860688,2.6629094133774442,0.003462580015063092,0.033838907877604164,0.9631978080918392,0.0026687713786183545,0.004425048828125,0.20973806828260422,0.20381294190883636
5502.51484051533,117,7667712,7667712,886.4937545391415,1626.8272484732634,108,100,0.8,2.712932012683201,10.0,0.0,0.5,2.179449523662969,10.0,0.0,-0.0025073450172688654,0.09759270042801897,0.0013964500673561513,2.6568941424290338,0.003664436741019017,0.038426717122395836,0.9752794417242209,0.0030463208095170557,0.0054931640625,0.23188615590333939,0.20434071123600006
5562.521062683314,118,7793664,7733248,2098.982329655836,1092.1534073005976,108,100,0.8,2.712932012683201,10.0,0.0,0.5,2.179449523662969,10.0,0.0,-0.0011985089913650881,0.1412583124668648,0.0016890765667388528,2.6602830588817596,0.00355329998031569,0.034962972005208336,0.9680505879223347,0.0036051362379415273,0.008544921875,0.29081764817237854,0.20524364709854126
5642.651910566725,120,7864320,7864320,881.7577982302581,1635.7246112097541,108,100,0.8,2.712932012683201,10.0,0.0,0.5,2.179449523662969,10.0,0.0,-0.001324533704367544,0.09213637106586248,0.0016683485773683062,2.655838924149672,0.003148472659328642,0.033747355143229164,0.9780249545971552,0.0032352962055786825,0.003509521484375,0.18638719245791435,0.20520536601543427
5702.651996999979,121,7985920,7929856,2026.66374714762,1092.2650931995595,114,100,0.8,2.7129320210422696,10.0,0.0,0.3,1.7058722330228158,10.0,0.0,-0.0015197289758361876,0.08487243896039824,0.0013489140389234915,2.6607524330417314,0.00346640970747103,0.029637654622395836,0.974028566852212,0.0025922355792620993,0.003204345703125,0.17357042245566845,0.20500236749649048
5783.744503065012,123,8060928,8060928,924.968331103816,1616.3269130551323,114,100,0.8,2.7129320210422696,10.0,0.0,0.3,1.7058722330228158,10.0,0.0,-0.0019610631328153736,0.10816189898954084,0.001608549224329181,2.657299742102623,0.003088887326763749,0.031092325846354168,0.9709882667909066,0.003124621007979537,0.005645751953125,0.23674190789461136,0.20593416690826416
5843.74614196457,124,8186368,8126464,2090.609561681915,1092.2368322256534,114,100,0.8,2.7129320210422696,10.0,0.0,0.3,1.7058722330228158,10.0,0.0,-0.0015320790989790112,0.06548336187067132,0.0014156973678230618,2.6650888845324516,0.002949384513461458,0.029383341471354168,0.9830555021762848,0.00271535314823268,0.00457763671875,0.21001876145601273,0.2059996873140335
5923.924491999671,126,8257536,8257536,887.6211591887767,1634.7555162037902,114,100,0.8,2.7129320210422696,10.0,0.0,0.3,1.7058722330228158,10.0,0.0,-0.001703939519453949,0.16363321539635461,0.00163993553481608,2.657650262117386,0.003475549648404315,0.041234334309895836,0.97115225593249,0.0027674784820798473,0.0067138671875,0.2586006335914135,0.20700617134571075
5983.924684451893,127,8383744,8323072,2103.459919741072,1092.2631631921186,120,100,0.9,2.861817635846067,10.0,0.0,0.6,2.3748684491559726,10.0,0.0,-0.0030985752891865563,0.13825283649687967,0.0013725804868348253,2.6637934669852257,0.0037641238274469897,0.037236531575520836,0.9711613729596138,0.002577285071311053,0.005645751953125,0.23627085238695145,0.20726421475410461
6064.000111828558,129,8454144,8454144,879.171080397072,1636.8567024120032,120,100,0.9,2.861817635846067,10.0,0.0,0.6,2.3748684491559726,10.0,0.0,-0.001944074169538605,0.15585519326850772,0.0016180185424066926,2.6463229060173035,0.0029799188547864714,0.03232320149739583,0.9711935644348463,0.0030828869154599183,0.00823974609375,0.2810392715036869,0.20833541452884674
6124.000157522969,130,8578560,8519680,2073.5984208023656,1092.2658348259374,120,100,0.9,2.861817635846067,10.0,0.0,0.6,2.3748684491559726,10.0,0.0,-0.002086026761389803,0.12424609325050066,0.0013824565551961616,2.660166618724664,0.0033532780119761205,0.0399017333984375,0.9717412423342466,0.0026547745534723313,0.0048828125,0.2123610619455576,0.20843510329723358
6204.472382298671,132,8650752,8650752,897.1045624899643,1628.7855886342616,120,100,0.9,2.861817635846067,10.0,0.0,0.6,2.3748684491559726,10.0,0.0,-0.0026244542823405936,0.14666483458131552,0.0015800343377729102,2.6540519321958227,0.002794557641512559,0.028188069661458336,0.9684277183065813,0.0027946176208691513,0.005950927734375,0.24108849465847015,0.2089064121246338
6264.472925961949,133,8778240,8716288,2124.7807472455574,1092.256769668399,120,100,0.9,2.861817635846067,10.0,0.0,0.6,2.3748684491559726,10.0,0.0,-0.0018851757195079697,0.11476777602608004,0.0016032825442380272,2.6533957024415336,0.0035804439242686685,0.031438191731770836,0.9783398397266865,0.003263497118799327,0.005950927734375,0.23674307018518448,0.20919117331504822
6344.478536821902,135,8847360,8847360,863.9394069622472,1638.2850976469279,126,100,0.8,2.7129320210422696,10.0,0.0,0.4,1.9595918327030493,10.0,0.0,-0.0016842932721677548,0.12315192946698517,0.001599561511587429,2.6603930766383805,0.0034355500392848626,0.0396270751953125,0.9730050942550104,0.0031235130275793685,0.0079345703125,0.2784925065934658,0.209935262799263
6404.4826079420745,136,8971776,8912896,2073.459311632818,1092.1925592139944,126,100,0.8,2.7129320210422696,10.0,0.0,0.4,1.9595918327030493,10.0,0.0,-0.0022462476020640074,0.08269403781741858,0.0015204647194574743,2.6562311624487243,0.004146723887970438,0.047266642252604164,0.9811290012051661,0.0030771093273263737,0.00579833984375,0.2388000190258026,0.2101781815290451
6485.021941754036,138,9043968,9043968,896.3570541637454,1627.4284103965874,126,100,0.8,2.7129320210422696,10.0,0.0,0.4,1.9595918327030493,10.0,0.0,-0.0018534919242180572,0.15618675112879524,0.0016734236257131367,2.650876199205716,0.0032836731140074944,0.033315022786458336,0.9660897850990295,0.00365220330907808,0.006866455078125,0.25708020851016045,0.21060016751289368
6545.032683073543,139,9168384,9109504,2073.2288464424746,1092.0711619120855,126,100,0.8,2.7129320210422696,10.0,0.0,0.4,1.9595918327030493,10.0,0.0,-0.0023173797938701073,0.08661237537550429,0.001411067785132521,2.6601410408814745,0.004424279869150875,0.03886413574218751,0.9830752989898125,0.0030847197049297392,0.0079345703125,0.28086935728788376,0.2111961543560028
6626.517646481283,141,9240576,9240576,885.9548680013608,1608.5421716904139,133,100,1.1,3.128897611674895,10.0,0.0,0.5,2.179449523662969,10.0,0.0,-0.0017413765490346125,0.1431701743664841,0.001539368559557867,2.6500500167409577,0.003483214181566533,0.036468505859375,0.9760596168537935,0.0032339058961952105,0.004425048828125,0.20765511319041252,0.2116694450378418
6686.517835098319,142,9363712,9306112,2052.2602151460273,1092.2632330091124,133,100,1.1,3.128897611674895,10.0,0.0,0.5,2.179449523662969,10.0,0.0,-0.0022870484262966784,0.13412216123348722,0.0016095613815802305,2.6593488107124967,0.0036082225942664086,0.0343780517578125,0.9732639460513989,0.0033233991416636854,0.007476806640625,0.27016348764300346,0.21216654777526855
6767.740237887017,144,9437184,9437184,904.5780163773107,1613.7419664988959,133,100,1.1,3.128897611674895,10.0,0.0,0.5,2.179449523662969,10.0,0.0,-0.0025034243662958033,0.11431450680053483,0.0015305850392905993,2.661446623504162,0.0047917208782261396,0.0468597412109375,0.9671624178687731,0.0033372822047870914,0.004425048828125,0.2091372087597847,0.21221573650836945
6827.743458845653,145,9564928,9502720,2128.9523788741885,1092.208034051688,133,100,1.1,3.128897611674895,10.0,0.0,0.5,2.179449523662969,10.0,0.0,-0.0008681057661306113,0.17225122234473628,0.001739140301651787,2.6617282380660376,0.003154133429537372,0.031021118164062503,0.9656181732813517,0.003682058571333376,0.0067138671875,0.2581261359155178,0.21257393062114716
6907.709276904352,147,9633792,9633792,861.1679549060573,1639.1003453974026,139,100,1.3,3.3630344314151928,10.0,0.0,0.7,2.551470208760969,10.0,0.0,-0.0016419796399228894,0.1290539203910157,0.0016264015442478315,2.6561746969819073,0.003978407340885799,0.032496134440104164,0.976620152592659,0.0037750422973961877,0.00732421875,0.2694913223385811,0.21366260945796967
6967.7093644356355,148,9759488,9699328,2094.9302771344,1092.2650732106038,139,100,1.3,3.3630344314151928,10.0,0.0,0.7,2.551470208760969,10.0,0.0,-0.002780204831045315,0.08738693653140217,0.001609697913712201,2.652224195500215,0.0038258383568366603,0.0382232666015625,0.9814163241535425,0.003868495640441931,0.005340576171875,0.22846725955605507,0.21378473937511444
7047.815435545519,150,9830400,9830400,885.2262883137565,1636.2305401322865,139,100,1.3,3.3630344314151928,10.0,0.0,0.7,2.551470208760969,10.0,0.0,-0.0021394024151959457,0.08344827549687277,0.0013729872116527984,2.6619762058059373,0.0038597813581873193,0.027598063151041664,0.9751335034767786,0.00318652674468467,0.005340576171875,0.22237132117152214,0.2141188681125641
7107.815445557237,151,9959680,9895936,2154.6663071348207,1092.2664844089388,139,100,1.3,3.3630344314151928,10.0,0.0,0.7,2.551470208760969,10.0,0.0,-0.002712331831086582,0.10764520025501648,0.0016070694897886522,2.655752018094063,0.004182469198591813,0.044916788736979164,0.9738018910090128,0.004003160756838042,0.00762939453125,0.26758410036563873,0.21458843350410461
7187.625488944352,153,10027008,10027008,843.603099843319,1642.2995707976402,145,100,0.9,2.8618176174239767,10.0,0.0,0.5,2.179449523662969,10.0,0.0,-0.001571945346465024,0.11749320547096431,0.0016973668316495605,2.657971826692422,0.003588662551919697,0.0373382568359375,0.9695829047511021,0.0038754760559337837,0.00640869140625,0.25271156802773476,0.21506653726100922
7247.625655482523,154,10151936,10092544,2082.1275541047394,1092.2636349401912,145,100,0.9,2.8618176174239767,10.0,0.0,0.5,2.179449523662969,10.0,0.0,-0.0013332331436686218,0.10453108927079786,0.0016968306481430773,2.653459459543228,0.004187783060236446,0.03330485026041667,0.977469994376103,0.003908365479825685,0.005035400390625,0.22256622835993767,0.21512804925441742
7327.622447251342,156,10223616,10223616,896.0359336302686,1638.465707209634,145,100,0.9,2.8618176174239767,10.0,0.0,0.5,2.179449523662969,10.0,0.0,-0.00205255851324182,0.11643440489812443,0.001568439988962685,2.641573858757814,0.0037768898655485827,0.036382039388020836,0.9742209023485582,0.003511833080362218,0.006103515625,0.2457253560423851,0.2155662178993225
7387.622617511079,157,10344960,10289152,2022.3942611281007,1092.2635671915482,145,100,0.9,2.8618176174239767,10.0,0.0,0.5,2.179449523662969,10.0,0.0,-0.0027477021867525764,0.09178046998567878,0.0018158874057310945,2.6482404470443726,0.00439617236891839,0.044403076171875,0.9777071910599868,0.003476400946965441,0.005950927734375,0.24292033538222313,0.2157582938671112
7468.005850512534,159,10420224,10420224,936.3146665006251,1630.588806967075,152,100,0.9,2.8618176094997874,10.0,0.0,0.6,2.374868439606987,10.0,0.0,-0.001599190940396511,0.1202569619830077,0.0016507571259959757,2.640645369887352,0.004300966114290834,0.03428141276041667,0.9775918070226908,0.0037380132950299108,0.007171630859375,0.2645430378615856,0.2165999710559845
7528.008913531899,160,10546688,10485760,2107.6257383591515,1092.2109089472526,152,100,0.9,2.8618176094997874,10.0,0.0,0.6,2.374868439606987,10.0,0.0,-0.0029150190894142725,0.09771618456579745,0.0018894316902636397,2.6452030266324678,0.0038196658618592965,0.04289245605468749,0.9781698075433571,0.003988756502318816,0.00701904296875,0.2634263075888157,0.21693487465381622
7608.693804594688,162,10616832,10616832,869.3573118344327,1624.4924951066773,152,100,0.9,2.8618176094997874,10.0,0.0,0.6,2.374868439606987,10.0,0.0,-0.002392257507987476,0.13024602946825325,0.0017827946176112164,2.6473050167163215,0.005456037585342226,0.0515899658203125,0.9644998150567214,0.003539827766265565,0.0054931640625,0.2217784859240055,0.21782849729061127
7668.703078338876,163,10744320,10682368,2124.471636558456,1092.0978693955117,152,100,0.9,2.8618176094997874,10.0,0.0,0.6,2.374868439606987,10.0,0.0,-0.0022491673880722374,0.12232967272090416,0.002004835485422518,2.6487134099006653,0.003740794683835702,0.040791829427083336,0.9756729106108347,0.0037590779368959675,0.0054931640625,0.23291095346212387,0.21793343126773834
7748.339729176834,165,10813440,10813440,867.9420753221176,1645.8753428330526,158,100,1.2,3.2496154483906574,10.0,0.0,0.7,2.551470199872923,10.0,0.0,-0.0017905349741340615,0.1110261066739137,0.0020063623063227474,2.6524245863159495,0.004198892000204069,0.045252482096354164,0.9810189499209324,0.004149051945811758,0.008087158203125,0.28392449021339417,0.21877369284629822
7808.341759658419,166,10938368,10878976,2082.0628734946313,1092.2297041283312,158,100,1.2,3.2496154483906574,10.0,0.0,0.7,2.551470199872923,10.0,0.0,-0.0015434349006682169,0.08633387150863807,0.0018121860011888202,2.648370648423831,0.0031641179496849268,0.03439839680989583,0.9815562361230452,0.003517146687954664,0.004425048828125,0.2091372087597847,0.21872369945049286
7888.510527190752,168,11010048,11010048,894.1137827906605,1634.9509171029222,158,100,1.2,3.2496154483906574,10.0,0.0,0.7,2.551470199872923,10.0,0.0,-0.0014203406535671093,0.10617437364999205,0.0019320536775921937,2.6524929056564965,0.004029803566178694,0.030853271484375,0.9696358044942219,0.003909304626480056,0.0067138671875,0.2527872174978256,0.21920575201511383
7948.510834491812,169,11137024,11075584,2116.25582787237,1092.2610724502556,158,100,1.2,3.2496154483906574,10.0,0.0,0.7,2.551470199872923,10.0,0.0,-0.0013095281392452305,0.07495493527191381,0.0018246873150928877,2.6609856461485224,0.0026200552201771643,0.020716349283854164,0.9843878063062826,0.0036736913704468557,0.0054931640625,0.23339348286390305,0.21929818391799927
8028.789759312756,171,11206656,11206656,867.3758418577263,1632.7074670263082,163,100,1.3,3.3630344058812955,10.0,0.0,0.4,1.9595918327030493,10.0,0.0,-0.002564162855075362,0.10122453817166388,0.0017282736419777698,2.652729523678621,0.003450748077132933,0.030278523763020836,0.9808407289286455,0.0034045740467263386,0.0054931640625,0.22807547822594643,0.21966241300106049
8088.798915239982,172,11329536,11272192,2047.6875253672708,1092.100013529211,163,100,1.3,3.3630344058812955,10.0,0.0,0.4,1.9595918327030493,10.0,0.0,-0.0017652776465790034,0.09284945914987475,0.0018703530658967795,2.6480705862243967,0.003411217983133004,0.03116861979166667,0.9815017332633337,0.003209697337297257,0.005035400390625,0.2233128882944584,0.21968989074230194
8169.340649700724,174,11403264,11403264,915.401195338517,1627.3799028240303,163,100,1.3,3.3630344058812955,10.0,0.0,0.4,1.9595918327030493,10.0,0.0,-0.0018871713327826003,0.08549150690669194,0.0014337250128543626,2.6594458371400833,0.0031416502727855304,0.031987508138020836,0.977868349601825,0.0029074691968465536,0.0054931640625,0.23262159153819084,0.21972395479679108
8229.34068854805,175,11530496,11468800,2120.5319603833505,1092.2659594731142,163,100,1.3,3.3630344058812955,10.0,0.0,0.4,1.9595918327030493,10.0,0.0,-0.0025806413274646425,0.09338769731887926,0.0017649323259926557,2.6492917984724045,0.004013127391469122,0.034535725911458336,0.9777848764012257,0.0034825531280754753,0.006561279296875,0.2529890537261963,0.21994872391223907
8309.45151737146,177,11599872,11599872,866.0002776020083,1636.13336580158,170,100,1.5,3.5707143316929635,10.0,0.0,0.8,2.712932012683201,10.0,0.0,-0.0019446379859194471,0.10175630846060811,0.0017042677500285208,2.644116255144278,0.00366842332368833,0.032277425130208336,0.9754630463818709,0.00362373117726141,0.004730224609375,0.21713446080684662,0.22005756199359894
8369.451795924455,178,11724544,11665408,2077.8570201117614,1092.261595787702,170,100,1.5,3.5707143316929635,10.0,0.0,0.8,2.712932012683201,10.0,0.0,-0.0016315017201122828,0.12948544315683347,0.0017108761021518148,2.645596014956633,0.0042035902060888475,0.042973836263020836,0.979723809286952,0.0038931825329200365,0.007171630859375,0.2660423330962658,0.2203540802001953
8450.226082677022,180,11796480,11796480,890.5804420206057,1622.6946132190394,170,100,1.5,3.5707143316929635,10.0,0.0,0.8,2.712932012683201,10.0,0.0,-0.0018446611138642766,0.12923695833887905,0.001654218023759313,2.6447250048319497,0.0037238752884150017,0.038553873697916664,0.9789617378264666,0.003818470128559663,0.007781982421875,0.27618860080838203,0.2209744155406952
8510.226420606486,181,11926016,11862016,2158.9211739487164,1092.260514883145,170,100,1.5,3.5707143316929635,10.0,0.0,0.8,2.712932012683201,10.0,0.0,-0.0008994934784520108,0.1714454370861252,0.0016889105318114161,2.6430667266249657,0.004589479807085203,0.04523213704427083,0.9749228854974111,0.0039818745135562494,0.0103759765625,0.3216003328561783,0.22165906429290771
8589.866735178046,183,11993088,11993088,842.1865277758743,1645.799626798655,176,100,1.1,3.128897671356073,10.0,0.0,0.6,2.3748684491559726,10.0,0.0,-0.0023068036595456456,0.09297123844347273,0.0016259883389769434,2.658697471022606,0.00331033256467587,0.034784952799479164,0.9798083982119957,0.0036878332005774914,0.006866455078125,0.25444838032126427,0.2222139686346054
8649.86682431586,184,12113408,12058624,2005.3303541539,1092.2650439646775,176,100,1.1,3.128897671356073,10.0,0.0,0.6,2.3748684491559726,10.0,0.0,-0.002331240763548218,0.09141036860334377,0.0014694733266272426,2.657931571205457,0.004392909706439241,0.036519368489583336,0.9825843889266253,0.0032154706932487898,0.0054931640625,0.23262159153819084,0.22228148579597473
8731.102239700034,186,12189696,12189696,939.0978016081239,1613.483471219327,176,100,1.1,3.128897671356073,10.0,0.0,0.6,2.3748684491559726,10.0,0.0,-0.0012982227308384608,0.08944490577171868,0.001463103978797638,2.655215802292029,0.003941887470015597,0.034942626953125,0.9831199819842975,0.002817752024081225,0.006103515625,0.24497844651341438,0.22259844839572906
8791.10256627854,187,12310784,12255232,2018.1223487436628,1092.2607215187688,176,100,1.1,3.128897671356073,10.0,0.0,0.6,2.3748684491559726,10.0,0.0,-0.002940111987603207,0.10695943496345231,0.001568324169056723,2.649974524974823,0.0033624102579778987,0.031026204427083336,0.9840397046258053,0.0031182521731049446,0.00579833984375,0.23595117777585983,0.2226993441581726
8871.658461752348,189,12386304,12386304,937.4856992875782,1627.0938238482713,181,100,0.8,2.7129320404753634,10.0,0.0,0.7,2.551470199872923,10.0,0.0,-0.0022123586883632624,0.14013534194479385,0.0015479553391439063,2.655194071431955,0.0039473707680978505,0.0396270751953125,0.9799818905691307,0.003208657731496108,0.0079345703125,0.28146743029356003,0.22322319447994232
8931.658740992658,190,12508160,12451840,2030.9238814030896,1092.2615832756112,181,100,0.8,2.7129320404753634,10.0,0.0,0.7,2.551470199872923,10.0,0.0,-0.002126083155114126,0.09852283036646745,0.0015066186739810896,2.6600897659858065,0.0033407064674975118,0.030797322591145832,0.9825569155315558,0.002966931875562295,0.00640869140625,0.24985148757696152,0.22339075803756714
9012.996176703833,192,12582912,12582912,919.0356119098748,1611.459703074849,181,100,0.8,2.7129320404753634,10.0,0.0,0.7,2.551470199872923,10.0,0.0,-0.0020482211572622573,0.12315890247312683,0.00167164584005756,2.6535868669549623,0.0033849679512059083,0.03289794921875,0.977557610720396,0.0033915419092712304,0.006561279296875,0.2542239688336849,0.22379127144813538
9072.996714538895,193,12708096,12648448,2086.381297849771,1092.2568757659333,181,100,0.8,2.7129320404753634,10.0,0.0,0.7,2.551470199872923,10.0,0.0,-0.0025379519768951773,0.1015420745437344,0.0015781004185555503,2.6526765351494155,0.0038550925485954695,0.035491943359375,0.9819888205577929,0.003387206425638093,0.0091552734375,0.30004050210118294,0.2242700457572937
9153.033281976357,195,12779520,12779520,892.3920938489517,1637.651441041804,187,100,0.9,2.8618176174239767,10.0,0.0,0.8,2.712932012683201,10.0,0.0,-0.0028878756735745506,0.10804037866182625,0.001501258832528644,2.6527655199170113,0.0034261544072554293,0.0316009521484375,0.9811776882658403,0.003051099107930592,0.008392333984375,0.2891612946987152,0.22486254572868347
9213.033751334995,196,12901120,12845056,2026.650812898915,1092.2581223202574,187,100,0.9,2.8618176174239767,10.0,0.0,0.8,2.712932012683201,10.0,0.0,-0.0017137462345999666,0.21455878399622938,0.0017806735219589125,2.654760874807835,0.0035962543521842845,0.03426615397135417,0.9617295612891515,0.003622082617463699,0.00823974609375,0.2865062579512596,0.22522276639938354
9293.993690699339,198,12976128,12976128,926.4829073357087,1618.973544559327,187,100,0.9,2.8618176174239767,10.0,0.0,0.8,2.712932012683201,10.0,0.0,-0.0035590992314003716,0.08598625489200154,0.00147413805219306,2.6605512897173567,0.0027675370662715677,0.02752685546875,0.9808375742286444,0.0029260696392157115,0.0067138671875,0.2587556689977646,0.22552132606506348
9353.994057530537,199,13103104,13041664,2116.253728201815,1092.2599887493238,187,100,0.9,2.8618176174239767,10.0,0.0,0.8,2.712932012683201,10.0,0.0,-0.0022592197613751823,0.12705053951746473,0.001761299823556328,2.650422359506289,0.0032179034436315606,0.03170267740885417,0.9770049204428991,0.0035152550941954055,0.00732421875,0.262241929769516,0.2257700115442276
9433.914134915918,201,13172736,13172736,871.2704276327092,1640.0384520145114,193,100,1.6,3.666060619538456,10.0,0.0,1.1,3.128897591082904,10.0,0.0,-0.0016659895815488803,0.14092274413754544,0.0016816241210714604,2.6486264020204544,0.004416495696811277,0.0438232421875,0.9777592370907465,0.0038548822728140903,0.009307861328125,0.3005778081715107,0.22662755846977234
9493.940877783112,202,13299456,13238272,2111.0590704606625,1091.7800445210698,193,100,1.6,3.666060619538456,10.0,0.0,1.1,3.128897591082904,10.0,0.0,-0.002305285663169343,0.1333991043890516,0.0015000037540933893,2.656063516934713,0.003162018832275256,0.031341552734375,0.9768164325505495,0.0032426988885466317,0.00732421875,0.26945412531495094,0.22686588764190674
9573.711552218534,204,13369344,13369344,876.1114343664937,1643.1100893613361,193,100,1.6,3.666060619538456,10.0,0.0,1.1,3.128897591082904,10.0,0.0,-0.0017270670747772479,0.10899091884493828,0.0014711361606411326,2.656809478998184,0.0034641627141051385,0.03302001953125,0.9739264051119486,0.0031944831450042934,0.005340576171875,0.23022675141692162,0.22712108492851257
9633.711849018,205,13491968,13434880,2043.7232237339751,1092.2612636240035,193,100,1.6,3.666060619538456,10.0,0.0,1.1,3.128897591082904,10.0,0.0,-0.0028562092229549307,0.0698086153327798,0.001616566759669998,2.6432492633660636,0.003800074650522826,0.03534444173177083,0.9868286550045015,0.0035151100625322815,0.0054931640625,0.23243989795446396,0.22715671360492706
9716.252144742757,207,13565952,13565952,896.3379565141217,1587.9758952776135,199,100,1.3,3.3630344322445302,10.0,0.0,0.9,2.8618176279218774,10.0,0.0,-0.001961382416387399,0.09507891333972412,0.0015105148134656095,2.6539576326807337,0.003600587143106774,0.0360107421875,0.9773864739884933,0.0032562013317753253,0.007171630859375,0.2659878619015217,0.22746983170509338
9776.253997324966,208,13683968,13631488,1966.8726034467975,1092.232942478048,199,100,1.3,3.3630344322445302,10.0,0.0,0.9,2.8618176279218774,10.0,0.0,-0.0027715260706221065,0.09987765597179532,0.0016801615286870704,2.6460228140155473,0.0035127742151720063,0.03346761067708333,0.9790702840934198,0.003658773244145171,0.00732421875,0.27053380012512207,0.22769640386104584
9857.448219002225,210,13762560,13762560,967.9506543260891,1614.3020684526307,199,100,1.3,3.3630344322445302,10.0,0.0,0.9,2.8618176279218774,10.0,0.0,-0.0015586107765557242,0.12296962171482544,0.0015860904701791394,2.6554158305128417,0.00337347666087832,0.0311126708984375,0.9759755103538433,0.0030360952611469356,0.007171630859375,0.2656351327896118,0.2279832810163498
9917.455517131835,211,13887232,13828096,2077.6139550679145,1092.1338244299511,199,100,1.3,3.3630344322445302,10.0,0.0,0.9,2.8618176279218774,10.0,0.0,-0.0015030338472570293,0.11225742055103183,0.001549597262055613,2.6609545797109604,0.003184935965691693,0.03376261393229167,0.9811039517323177,0.003000456175262419,0.008697509765625,0.28901539370417595,0.22834612429141998
9998.372302209027,213,13959168,13959168,889.0120873113715,1619.8369704748122,206,100,1.1,3.128897598330692,10.0,0.0,0.4,1.9595918211304426,10.0,0.0,-0.002076293960271869,0.12462292308919132,0.0016058641461616692,2.6547224521636963,0.0035238407399447173,0.036610921223958336,0.9811918834845225,0.0035743652333621867,0.009765625,0.3098938539624214,0.2291848063468933
10058.372599890456,214,14081280,14024704,2035.1899026960418,1092.2612475685257,206,100,1.1,3.128897598330692,10.0,0.0,0.4,1.9595918211304426,10.0,0.0,-0.0023082372414743686,0.10297670244472101,0.0014146409933649313,2.6556689540545144,0.0033169701576601556,0.0321502685546875,0.9784275653461616,0.0030096712095352514,0.006866455078125,0.2587212696671486,0.22934883832931519
10139.946773088537,216,14155776,14155776,913.2302183327797,1606.783064558018,206,100,1.1,3.128897598330692,10.0,0.0,0.4,1.9595918211304426,10.0,0.0,-0.0021839180165746557,0.12741096042251834,0.0015826635014188166,2.6532804965972905,0.003148808407180089,0.033116658528645836,0.9790123179554939,0.003466874394992677,0.008544921875,0.28689491376280785,0.23023967444896698
10199.946921987459,217,14280448,14221312,2077.8615101443543,1092.2639560512418,206,100,1.1,3.128897598330692,10.0,0.0,0.4,1.9595918211304426,10.0,0.0,-0.00237790680694161,0.12697692580210665,0.0016927025584057749,2.650711496671041,0.004222327203630508,0.042566935221354164,0.9823401992519696,0.003674834876922735,0.00946044921875,0.30654918402433395,0.23065483570098877
10279.920825402252,219,14352384,14352384,899.4934213339087,1638.9346324660542,206,100,1.1,3.128897598330692,10.0,0.0,0.4,1.9595918211304426,10.0,0.0,-0.003050752634104962,0.1165249599919965,0.0017033436063987513,2.647067427635193,0.0035527032802444105,0.0400238037109375,0.9806641185035309,0.0034575106474221684,0.00762939453125,0.27547387033700943,0.23094478249549866
10339.921054301783,220,14478848,14417920,2107.725292377816,1092.262499693767,212,100,1.4,3.469870403477223,10.0,0.0,0.5,2.179449523662969,10.0,0.0,-0.0017061952530639246,0.1428003665835907,0.001601905971862531,2.6493400012453394,0.0029418724510226943,0.0282135009765625,0.9726315451165041,0.0033931284803353874,0.00457763671875,0.21230394020676613,0.23087020218372345
10420.841087784618,222,14548992,14548992,866.8310797829739,1619.7719447039512,212,100,1.4,3.469870403477223,10.0,0.0,0.5,2.179449523662969,10.0,0.0,-0.0022527373754807436,0.11601696435051659,0.0015604464679199737,2.642132890721162,0.003732571628158136,0.0410614013671875,0.977079729239146,0.00375469042774057,0.0079345703125,0.27440061047673225,0.2312282770872116
10480.851540179923,223,14673920,14614528,2081.7706751661453,1092.0764197592894,212,100,1.4,3.469870403477223,10.0,0.0,0.5,2.179449523662969,10.0,0.0,-0.0026499952097462183,0.12262071121949703,0.0016707300213359606,2.6421097318331404,0.003740980502091891,0.0339202880859375,0.9769452381879091,0.004185197181262386,0.010528564453125,0.32363008707761765,0.2317294031381607
10560.675116565078,225,14745600,14745600,897.9803116580258,1642.0211413175327,212,100,1.4,3.469870403477223,10.0,0.0,0.5,2.179449523662969,10.0,0.0,-0.0011439930907120774,0.14017553200634816,0.0017474538071837744,2.640930744508902,0.003512983125498674,0.03162129720052083,0.9705032358566921,0.00399003549440143,0.006256103515625,0.2446160614490509,0.2319715917110443
10620.675547773018,226,14870016,14811136,2073.585097560695,1092.2588168220946,219,100,0.7,2.551470208760969,10.0,0.0,0.7,2.5514701703220197,10.0,0.0,-7.921416787818694e-05,0.17018997071621317,0.001926732154970523,2.6325201392173767,0.0033250867412183043,0.031178792317708336,0.9788992740213871,0.00436793802024719,0.00885009765625,0.2948920801281929,0.23230157792568207
10701.165750490502,228,14942208,14942208,896.9041891146758,1628.4217901656525,219,100,0.7,2.551470208760969,10.0,0.0,0.7,2.5514701703220197,10.0,0.0,-0.0018251617924155046,0.1184062542549024,0.001580543426825898,2.6464297349254293,0.003945216104815094,0.035868326822916664,0.9745314121246337,0.0030885516801693784,0.00640869140625,0.25092291086912155,0.23240558803081512
10761.165923620574,229,15069184,15007744,2116.260560194258,1092.2635149389716,219,100,0.7,2.551470208760969,10.0,0.0,0.7,2.5514701703220197,10.0,0.0,-0.0027502048178575933,0.09425057750195265,0.001544150810029047,2.659314709405104,0.0034449385620973767,0.036371866861979164,0.9763214942067862,0.00286775781326772,0.005645751953125,0.2364051789045334,0.23242826759815216
10841.202778068371,231,15138816,15138816,869.9992082449545,1637.6455684610908,219,100,0.7,2.551470208760969,10.0,0.0,0.7,2.5514701703220197,10.0,0.0,-0.002830077723046998,0.12232049220862487,0.0016960499742708635,2.6484654992818832,0.0036365531632327475,0.0328521728515625,0.978582181657354,0.0034356283528419835,0.008087158203125,0.28284481540322304,0.23271416127681732
10901.202989747748,232,15267840,15204352,2150.392413437906,1092.2628131748093,225,100,0.9,2.861817670918194,10.0,0.0,0.9,2.861817635846067,10.0,0.0,-0.0026386022000224325,0.08952307309179257,0.001584924611961469,2.641363176206748,0.0033474048662659093,0.03680419921875,0.982139790430665,0.003286943734565284,0.007781982421875,0.2776353284716606,0.2329327017068863
10981.133952986449,234,15335424,15335424,845.5296578645128,1639.8150940402672,225,100,0.9,2.861817670918194,10.0,0.0,0.9,2.861817635846067,10.0,0.0,-0.002036092072861114,0.11968418482380608,0.0016646135724537696,2.648234268029531,0.00460528043913655,0.042236328125,0.9799304405848185,0.0034211975556293814,0.00762939453125,0.275158055126667,0.23309825360774994
11041.134362412617,235,15455488,15400960,2001.0530119422358,1092.2592133416042,225,100,0.9,2.861817670918194,10.0,0.0,0.9,2.861817635846067,10.0,0.0,-0.003276666032130985,0.0953940434458976,0.001577529020626874,2.6601455310980477,0.0031194069858126263,0.0280914306640625,0.9802013840526342,0.002767898164165672,0.008544921875,0.29074525088071823,0.2333814948797226
11121.961674726568,237,15532032,15532032,947.0066220027928,1621.630068446254,225,100,0.9,2.861817670918194,10.0,0.0,0.9,2.861817635846067,10.0,0.0,-0.0025188666586473123,0.1442588351201266,0.0016534769250332222,2.6591306974490485,0.00325701798828959,0.035715738932291664,0.9791005998849868,0.0031292345471835383,0.009918212890625,0.3141867592930794,0.23392608761787415
11181.962266781367,238,15659008,15597568,2116.2457844421174,1092.2558887443186,231,100,1.0,3.0000001012957287,10.0,0.0,1.1,3.128897598330692,10.0,0.0,-0.002645726492725468,0.06764635465030248,0.0015462142934363026,2.662227633098761,0.001706398271683914,0.019994099934895836,0.9863754343241454,0.002785109905137991,0.007781982421875,0.27772170677781105,0.23413294553756714
11262.928647887893,240,15728640,15728640,860.0112670021244,1618.8447378863518,231,100,1.0,3.0000001012957287,10.0,0.0,1.1,3.128897598330692,10.0,0.0,-0.00206926062188965,0.09078719563937435,0.0015679243624617811,2.652913697063923,0.0026112764535355377,0.025685628255208336,0.9852968547493219,0.003068755630617185,0.00885009765625,0.29695965349674225,0.23444616794586182
11322.929078702815,241,15853312,15794176,2077.8517471743653,1092.2588239766683,231,100,1.0,3.0000001012957287,10.0,0.0,1.1,3.128897598330692,10.0,0.0,-0.0032225178268466452,0.11519950775740047,0.0015769930723763537,2.6514928067723913,0.0038969072963179014,0.03985595703125,0.983577864865462,0.0034344088611154193,0.0079345703125,0.27743062749505043,0.2346613109111786
11403.552328169346,243,15925248,15925248,892.2488299093266,1625.734522824111,231,100,1.0,3.0000001012957287,10.0,0.0,1.1,3.128897598330692,10.0,0.0,-0.0032558944512857124,0.09778486005961896,0.0016222530757659115,2.6475694154699645,0.003001291879627388,0.030314127604166668,0.9862150860329468,0.003848624878931635,0.01007080078125,0.3170025795698166,0.2352190911769867
11463.552715257742,244,16054784,15990784,2158.9194051225186,1092.2596199829343,237,100,1.2,3.2496154483906574,10.0,0.0,1.1,3.128897591082904,10.0,0.0,-0.0030518709815320713,0.09859693562611938,0.001697707599911761,2.6493317261338234,0.002909932691788223,0.03338623046875,0.9852838603158791,0.00376422324431284,0.007781982421875,0.27848556637763977,0.23541446030139923
11543.7086010715,246,16121856,16121856,836.7694938315798,1635.2136673349955,237,100,1.2,3.2496154483906574,10.0,0.0,1.1,3.128897591082904,10.0,0.0,-0.0025998296708470052,0.08607611172677329,0.0015077099596965125,2.648267904917399,0.0040509672362532,0.028772989908854168,0.987160983805855,0.0032958248896951168,0.006561279296875,0.25198516994714737,0.2358262538909912
11603.708904994652,247,16244480,16187392,2043.7229810878164,1092.2611339425491,237,100,1.2,3.2496154483906574,10.0,0.0,1.1,3.128897591082904,10.0,0.0,-0.003397130970067034,0.08206031242540728,0.0014909345579023163,2.6496038660407066,0.003424701476130091,0.03334554036458333,0.986788143714269,0.003309994771067674,0.005950927734375,0.24292033538222313,0.23585937917232513
11684.841767854989,249,16318464,16318464,911.8869640697501,1615.5229259644016,237,100,1.2,3.2496154483906574,10.0,0.0,1.1,3.128897591082904,10.0,0.0,-0.003074840949314724,0.11989604930082957,0.0015635236704838462,2.650423680742582,0.0029845765736051058,0.0328521728515625,0.9828960504382849,0.0035008672736391113,0.008392333984375,0.2886846959590912,0.23610638082027435
11744.84188130498,250,16445696,16384000,2120.529323766131,1092.264601376518,243,100,0.9,2.8618176174239767,10.0,0.0,0.2,1.40000005385589,10.0,0.0,-0.0024770675069400263,0.12251402154409638,0.0017334469278769877,2.6324327612916627,0.003930980657363155,0.045201619466145836,0.9821605620284876,0.003955119114834815,0.010528564453125,0.31532854214310646,0.23652492463588715
11824.501677084714,252,16515072,16515072,870.9035633461791,1645.3971381300505,243,100,0.9,2.8618176174239767,10.0,0.0,0.2,1.40000005385589,10.0,0.0,-0.002046094011651197,0.0971683879615739,0.0014611213167275614,2.653489316503207,0.0035768695906881476,0.029953002929687503,0.9807561219980319,0.0028164271667871312,0.006256103515625,0.24911097809672356,0.23662248253822327
11884.501930334605,253,16639488,16580608,2073.5912477207053,1092.2620564125527,243,100,0.9,2.8618176174239767,10.0,0.0,0.2,1.40000005385589,10.0,0.0,-0.0034068297536578025,0.10490475055606414,0.0014649485989745397,2.651921361684799,0.00306538621650058,0.029062906901041668,0.9802641638865074,0.0032193377628573216,0.0067138671875,0.2560299150645733,0.2367151975631714
11965.311994620599,255,16711680,16711680,893.3540721426291,1621.9761877199508,243,100,0.9,2.8618176174239767,10.0,0.0,0.2,1.40000005385589,10.0,0.0,-0.002841049431784389,0.08909325489851957,0.0013966019978397526,2.654060666759809,0.0038709867367288098,0.032465616861979164,0.9855275048563877,0.0031052215708768927,0.007171630859375,0.2658128961920738,0.2370118796825409
12025.31246232707,256,16835840,16777216,2069.317202782538,1092.2581523965564,243,100,0.9,2.8618176174239767,10.0,0.0,0.2,1.40000005385589,10.0,0.0,-0.0021418878465434923,0.09890154981985688,0.0014321510752779432,2.6531499475240707,0.002994593471764044,0.028767903645833336,0.978167561814189,0.0027886970128747635,0.00518798828125,0.22137430682778358,0.2369762659072876
12105.873934928328,258,16908288,16908288,899.2884273427414,1626.9811830370445,250,100,0.9,2.8618176437702565,10.0,0.0,0.3,1.70587227722205,10.0,0.0,-0.0025503481241078894,0.09113292368904999,0.0013038893157499845,2.654863494137923,0.002849274930364724,0.03082275390625,0.9811581776787837,0.0029479454290897893,0.00640869140625,0.2499428726732731,0.2371177226305008
12165.874432589859,259,17032448,16973824,2069.316169682449,1092.2576070901173,250,100,0.9,2.8618176437702565,10.0,0.0,0.3,1.70587227722205,10.0,0.0,-0.001665038875216851,0.09471603048344453,0.0015023124045304335,2.645670553048452,0.004373484443931375,0.0392303466796875,0.987132640555501,0.0036711894839148345,0.007476806640625,0.269138690084219,0.23726822435855865
12246.135214970447,261,17104896,17104896,902.6575352388052,1633.0765301846934,250,100,0.9,2.8618176437702565,10.0,0.0,0.3,1.70587227722205,10.0,0.0,-0.002374330819293391,0.09494296038368097,0.0015141844293490672,2.650494784116745,0.003125109206545555,0.030985514322916664,0.9867673646658659,0.003617550692676256,0.009918212890625,0.3140528127551079,0.23767606914043427
12306.144539195113,262,17229568,17170432,2077.543808579597,1092.0969507112463,250,100,0.9,2.8618176437702565,10.0,0.0,0.3,1.70587227722205,10.0,0.0,-0.0015160960707968723,0.0827469809834535,0.0014691509677504655,2.641338234146436,0.00342745243688114,0.036463419596354164,0.9874262313048044,0.0035017435366171412,0.006866455078125,0.2583698108792305,0.23777343332767487
12386.7395521719,264,17301504,17301504,892.5614295852046,1626.3040994577393,256,100,1.1,3.128897598330692,10.0,0.0,0.9,2.8618176437702565,10.0,0.0,-0.001155911379707201,0.1277770024801915,0.001570233266344682,2.652833936115106,0.004066036393851391,0.03300984700520833,0.9812392021218935,0.003431625002122019,0.0079345703125,0.2807949557900429,0.2382083386182785
12446.73966873344,265,17426176,17367040,2077.862630018884,1092.2645447327193,256,100,1.1,3.128897598330692,10.0,0.0,0.9,2.8618176437702565,10.0,0.0,-0.0020614759572102534,0.08603916825571407,0.0013053219457409189,2.667359044154485,0.003680454428831581,0.0351715087890625,0.9823024651656548,0.0029401281499303877,0.009002685546875,0.29185643419623375,0.23847126960754395
12528.885071055032,267,17498112,17498112,875.7154748402952,1595.6096908122104,256,100,1.1,3.128897598330692,10.0,0.0,0.9,2.8618176437702565,10.0,0.0,-0.0015614909376987876,0.08399654307868332,0.0014142889219025772,2.6614684586723647,0.003315802932168784,0.0327301025390625,0.9858138406028351,0.003314446788863279,0.007781982421875,0.27452417090535164,0.23876336216926575
12588.885118404403,268,17622784,17563648,2077.865026906632,1092.2658046983527,256,100,1.1,3.128897598330692,10.0,0.0,0.9,2.8618176437702565,10.0,0.0,-0.0017584731770815174,0.10249171421552698,0.0015764914678584319,2.652788353463014,0.0035365809732563016,0.03826904296875,0.9862892838815848,0.004051414827699773,0.00885009765625,0.2952921763062477,0.23900878429412842
12669.746752010658,270,17694720,17694720,889.6184357378032,1620.9417761485952,263,100,1.3,3.3630344322445302,10.0,0.0,0.5,2.179449489067881,10.0,0.0,-0.0026859527994626355,0.09941132791573182,0.001297836794644051,2.66054863234361,0.003411005074061298,0.029627482096354168,0.985870661213994,0.0033044897184784836,0.005950927734375,0.2423788085579872,0.23919862508773804
12729.74685493391,271,17817856,17760256,2052.2631462400614,1092.2647930092633,263,100,1.3,3.3630344322445302,10.0,0.0,0.5,2.179449489067881,10.0,0.0,-0.00237037125043571,0.09315535076893866,0.0015526652168773578,2.6452658399939537,0.0034732763797364896,0.038970947265625,0.9860020447522402,0.003691790935893853,0.008392333984375,0.28847842663526535,0.23940403759479523
12811.571391985752,273,17891328,17891328,897.9213649989892,1601.8666859912282,263,100,1.3,3.3630344322445302,10.0,0.0,0.5,2.179449489067881,10.0,0.0,-0.0005532053085820129,0.1119185726856813,0.0013935762799519582,2.6585791731874147,0.002761232327732917,0.022013346354166664,0.97810281564792,0.0029488876486235918,0.005340576171875,0.2284552939236164,0.2394953817129135
12871.571556453593,274,18014720,17956864,2056.527696122151,1092.2636726291923,263,100,1.3,3.3630344322445302,10.0,0.0,0.5,2.179449489067881,10.0,0.0,-0.0027173371296764044,0.0809741870034486,0.001517150376457721,2.6468952943881354,0.0032484130624652607,0.03800964355468749,0.9900641397883494,0.004078784501568104,0.008697509765625,0.29228048026561737,0.2397204339504242
12951.987748324871,276,18087936,18087936,910.4634066382636,1629.9205041915768,263,100,1.3,3.3630344322445302,10.0,0.0,0.5,2.179449489067881,10.0,0.0,-0.002656233213201631,0.11114884489992012,0.0014812976539057368,2.6577785735328994,0.003158657889192303,0.03323872884114583,0.9820537033180395,0.003572771248097221,0.00640869140625,0.24865394458174706,0.2398313730955124
13012.004412407987,277,18210816,18153472,2047.4313572281558,1091.963390521683,269,100,1.5,3.5707142184782974,10.0,0.0,0.7,2.551470179210066,10.0,0.0,-0.002861861644002299,0.05844567869401847,0.001268613594826699,2.6615961641073227,0.0028211580217127144,0.030405680338541668,0.9893826798846324,0.0030426342297384204,0.006866455078125,0.25686248391866684,0.2399148941040039
13092.876042259857,279,18284544,18284544,911.6670473322354,1620.7414174795294,269,100,1.5,3.5707142184782974,10.0,0.0,0.7,2.551470179210066,10.0,0.0,-0.0025980615537264384,0.09121436811983587,0.0013566193883889355,2.6536981388926506,0.003438496627495624,0.033589680989583336,0.9852342965702215,0.0029457073518036245,0.00701904296875,0.26166681572794914,0.24025066196918488
13152.876502712257,280,18402560,18350080,1966.9182387962676,1092.2582844508556,269,100,1.5,3.5707142184782974,10.0,0.0,0.7,2.551470179210066,10.0,0.0,-0.0028778220015131715,0.09333061306582142,0.0014418640639632942,2.654185908536116,0.003760398873661567,0.035730997721354164,0.9823729613174995,0.003031484901536411,0.007781982421875,0.2778576612472534,0.2403995841741562
13234.496557394974,282,18481152,18481152,962.900604581953,1605.8798356545926,269,100,1.5,3.5707142184782974,10.0,0.0,0.7,2.551470179210066,10.0,0.0,-0.0018580684093952487,0.09109910736636569,0.0014725747447907147,2.652521068851153,0.0034716378146792217,0.035283406575520836,0.9841133834173282,0.003355313601787202,0.006866455078125,0.26110799983143806,0.24054798483848572
13294.496618160047,283,18604288,18546688,2052.264588233218,1092.2655604733968,276,100,0.8,2.7129320404753634,10.0,0.0,0.8,2.7129320210422696,10.0,0.0,-0.003249571715665904,0.07577468629460782,0.0013247011362788421,2.660393970708052,0.0031900743724690983,0.0282745361328125,0.9855133574455976,0.0027325833361828695,0.006256103515625,0.24630508571863174,0.2405821979045868
13375.739982912317,285,18677760,18677760,904.344622161244,1613.325597723195,276,100,0.8,2.7129320404753634,10.0,0.0,0.8,2.7129320210422696,10.0,0.0,-0.0033002999116433784,0.09520026703830808,0.0013716308239963837,2.659047911564509,0.0033383537781143486,0.0315093994140625,0.9845099573334057,0.0034698538705318542,0.008544921875,0.29192082583904266,0.24094972014427185
13435.740248062648,286,18799872,18743296,2035.1910061405192,1092.2618397735282,276,100,0.8,2.7129320404753634,10.0,0.0,0.8,2.7129320210422696,10.0,0.0,-0.0025888427286796896,0.07862289191689342,0.0012367454364721198,2.657407032946746,0.003994495841349513,0.033040364583333336,0.9864226666589578,0.0029732755186463087,0.00762939453125,0.2733146734535694,0.2410816103219986
13517.049126181751,288,18874368,18874368,916.2099111843124,1612.0256856576218,276,100,0.8,2.7129320404753634,10.0,0.0,0.8,2.7129320210422696,10.0,0.0,-0.0026688629574588654,0.141121401063477,0.0013645344515680335,2.6445721313357353,0.004536603005666015,0.0437164306640625,0.9760012657692034,0.0036711948802500656,0.006561279296875,0.2549594044685364,0.24140819907188416
13577.049466080032,289,18994688,18939904,2005.321973241814,1092.2604790423497,282,100,1.3,3.3630344008914985,10.0,0.0,0.5,2.179449489067881,10.0,0.0,-0.002342208466870943,0.12632412083136538,0.0013885138941986952,2.6513736695051198,0.0031926060146361124,0.029240926106770836,0.9793404874702295,0.0032714115586713888,0.008392333984375,0.2863171510398388,0.2415914535522461
13660.166020964272,291,19070976,19070976,917.8436246094361,1576.9662275168835,282,100,1.3,3.3630344008914985,10.0,0.0,0.5,2.179449489067881,10.0,0.0,-0.0027074348872702103,0.10676663962658495,0.0014381415251894698,2.652859479188919,0.003678562615580934,0.0352935791015625,0.9840004456539948,0.0037644272912681722,0.00946044921875,0.30429884418845177,0.24193215370178223
13720.170409725979,292,19194624,19136512,2060.6492716897596,1092.1867775415703,282,100,1.3,3.3630344008914985,10.0,0.0,0.5,2.179449489067881,10.0,0.0,-0.0015555629664352941,0.10327614021177092,0.0013896182996783561,2.6454970811804133,0.003342323857092803,0.032277425130208336,0.9847678995380799,0.003869733707688283,0.00823974609375,0.28483719751238823,0.2421005666255951
13800.839167674072,294,19267584,19267584,904.4393623482666,1624.8173807800438,282,100,1.3,3.3630344008914985,10.0,0.0,0.5,2.179449489067881,10.0,0.0,-0.001589473950540802,0.11949761782307178,0.0014079579123063013,2.6459549193580947,0.0037779503127239873,0.031224568684895836,0.9818192912886541,0.0035209536775558563,0.009765625,0.3122708797454834,0.24245500564575195
13860.83917580638,295,19386112,19333120,1975.4663989149562,1092.2665186225245,288,100,1.5,3.570714276117006,10.0,0.0,0.8,2.7129320404753634,10.0,0.0,-0.002935836322042936,0.10599553103869161,0.0013076621435175182,2.657134701808294,0.003324495479925342,0.03804524739583333,0.9850025636454423,0.0033203969627114325,0.00701904296875,0.26297616586089134,0.24253439903259277
13941.864665137604,297,19464192,19464192,963.6473737396112,1617.6637880481342,288,100,1.5,3.570714276117006,10.0,0.0,0.8,2.7129320404753634,10.0,0.0,-0.0026232403300430938,0.087070713013721,0.0013053226709113612,2.650251564880212,0.003626678887788633,0.040506998697916664,0.9847992863506079,0.003337369074870367,0.009613037109375,0.3051886484026909,0.2429451048374176
14001.865196316503,298,19590144,19529728,2099.1814159854403,1092.2569969355138,288,100,1.5,3.570714276117006,10.0,0.0,0.8,2.7129320404753634,10.0,0.0,-0.0031802324192540254,0.08148119253261635,0.001239228975464357,2.6469413364926972,0.0037331059387118635,0.035980224609375,0.9880412171284358,0.0031765521125635132,0.009918212890625,0.3130505606532097,0.243221715092659
14081.888356340118,300,19660800,19660800,882.9443873392338,1637.9258199916221,288,100,1.5,3.570714276117006,10.0,0.0,0.8,2.7129320404753634,10.0,0.0,-0.0015059560998148906,0.09562383388401939,0.0012345086270215688,2.653899955252806,0.003054336782952305,0.0320587158203125,0.9867220918337505,0.0033439948965678923,0.009613037109375,0.30600112676620483,0.24365389347076416
14141.888758923858,301,19787520,19726336,2111.9858291474116,1092.2593379024997,294,100,1.4,3.469870357000091,10.0,0.0,0.9,2.8618176279218774,10.0,0.0,-0.0018891670115408485,0.14628273993730545,0.0013876760434262299,2.6462919289867086,0.004068570180606912,0.041341145833333336,0.9809550028294325,0.003361954800008486,0.0091552734375,0.30169135332107544,0.24387270212173462
14222.222874159925,303,19857408,19857408,869.9666361499122,1631.585779152949,294,100,1.4,3.469870357000091,10.0,0.0,0.9,2.8618176279218774,10.0,0.0,-0.002842108757855992,0.1043555090436712,0.0014950465956644619,2.6557926908135414,0.003314007896430364,0.031214396158854164,0.9830390873054664,0.003346933311452934,0.008392333984375,0.2888454794883728,0.24417158961296082
14282.223239789717,304,19980800,19922944,2056.520801245446,1092.260010619988,294,100,1.4,3.469870357000091,10.0,0.0,0.9,2.8618176279218774,10.0,0.0,-0.0020730282109677014,0.09186693022881325,0.001230166170595718,2.6615792935093245,0.003390230450653083,0.03236897786458333,0.9868077641973894,0.0032153163798890696,0.00762939453125,0.2739407643675804,0.24428348243236542
14363.589691715315,306,20054016,20054016,899.8303141809489,1610.8850379742862,294,100,1.4,3.469870357000091,10.0,0.0,0.9,2.8618176279218774,10.0,0.0,-0.0015832357870143217,0.07863391105396052,0.0012310670499573462,2.666050004462401,0.003409785966141498,0.03309631347656249,0.982769438996911,0.002970817641956576,0.006256103515625,0.2475953996181488,0.24447442591190338
14423.589729262516,307,20178944,20119552,2082.1320303628386,1092.2659831411613,300,100,1.0,3.000000017573554,10.0,0.0,1.4,3.4698703384316074,10.0,0.0,-0.00236145437520463,0.09779606530598055,0.0013196233060928837,2.660910834868749,0.003883944729144181,0.037144978841145836,0.9867427386343479,0.003361854098329786,0.007476806640625,0.2712026350200176,0.24457396566867828
14504.656294788234,309,20250624,20250624,884.2116294819449,1616.8441224812707,300,100,1.0,3.000000017573554,10.0,0.0,1.4,3.4698703384316074,10.0,0.0,-0.0010283565910261436,0.12079792120493948,0.0015663871927245054,2.643898829817772,0.004010066108700508,0.036081949869791664,0.9831265838195881,0.003690250880026724,0.00823974609375,0.28423912450671196,0.24489189684391022
14564.656425026245,310,20369664,20316160,1983.995693472435,1092.2642957611686,300,100,1.0,3.000000017573554,10.0,0.0,1.4,3.4698703384316074,10.0,0.0,-0.0017348243042458005,0.07363844666785249,0.0013766669520312766,2.6467606450120607,0.0035251040741665443,0.03753153483072917,0.9881637437889973,0.00330877595115453,0.008392333984375,0.287545096129179,0.24504916369915009
14645.652756920084,312,20447232,20447232,957.6729981015385,1618.24612220458,300,100,1.0,3.000000017573554,10.0,0.0,1.4,3.4698703384316074,10.0,0.0,-0.0013843212230616093,0.147700125273938,0.0014724657739861868,2.644672162830829,0.004817882954739617,0.047678629557291664,0.973764851068457,0.0037756891203268124,0.008697509765625,0.290433656424284,0.24529069662094116
14705.65338338539,313,20566784,20512768,1992.5125293338206,1092.2552623328866,306,100,1.3,3.363034416568014,10.0,0.0,1.1,3.128897581481095,10.0,0.0,-0.0023624823819166827,0.13201959826983511,0.0013460419928984872,2.6444013019402823,0.004309302904706176,0.04327392578125,0.9782659119615953,0.0037233717666822486,0.008087158203125,0.2812972702085972,0.24542509019374847
14788.247818944044,315,20643840,20643840,932.9442047615756,1586.9349928170323,306,100,1.3,3.363034416568014,10.0,0.0,1.1,3.128897581481095,10.0,0.0,-0.0016764548551388239,0.11191184442335118,0.001291433868270057,2.650901814301809,0.0032474498857482104,0.03220621744791667,0.9809193046142658,0.0034031350126800435,0.007476806640625,0.2705365978181362,0.24583877623081207
14848.248405815102,316,20771328,20709376,2124.779217142889,1092.2559831095978,306,100,1.3,3.363034416568014,10.0,0.0,1.1,3.128897581481095,10.0,0.0,-0.0031343313421530183,0.10854869611406077,0.0013076224543813926,2.6629505952199297,0.002783044191043397,0.032053629557291664,0.9758389685302973,0.0029577598252217285,0.006866455078125,0.26039832830429077,0.24589142203330994
14927.857904139906,318,20840448,20840448,868.2381054330073,1646.436703635925,306,100,1.3,3.363034416568014,10.0,0.0,1.1,3.128897581481095,10.0,0.0,-0.003293311628416025,0.08132871492610624,0.001333575783064589,2.650644190609455,0.003344608627836957,0.036041259765625,0.988855155184865,0.0030882488402615613,0.008697509765625,0.2939012870192528,0.24626830220222473
14987.858253161423,319,20968704,20905984,2137.587565599095,1092.2603129608149,312,100,1.8,3.8418746417809206,10.0,0.0,1.2,3.2496154321669954,10.0,0.0,-0.0029321138354134746,0.06878207598735267,0.0011775795319408644,2.6555277382334075,0.002206133036452229,0.023732503255208332,0.9871460155894359,0.0029569214433043576,0.007171630859375,0.2652290053665638,0.24633842706680298
15067.481829451397,321,21037056,21037056,858.4392109075184,1646.1456029387618,312,100,1.8,3.8418746417809206,10.0,0.0,1.2,3.2496154321669954,10.0,0.0,-0.0018264251702930778,0.09044213286445786,0.0013918113812299757,2.6462882359822593,0.003076717482448051,0.032745361328125,0.9869250754515331,0.00342531690451627,0.00885009765625,0.2966008931398392,0.24659283459186554
15127.481960708275,322,21161472,21102592,2073.595463772207,1092.2642772133436,312,100,1.8,3.8418746417809206,10.0,0.0,1.2,3.2496154321669954,10.0,0.0,-0.0023767359780322295,0.059076790076990925,0.0012082409593858756,2.6498872811595597,0.0034478226043574978,0.031219482421874997,0.9913763130704561,0.0033911225157983913,0.0079345703125,0.2792002968490124,0.2467091679573059
15208.88747543376,324,21233664,21233664,886.8195262132571,1610.112047592864,312,100,1.8,3.8418746417809206,10.0,0.0,1.2,3.2496154321669954,10.0,0.0,-0.002892177676888726,0.07162625424098223,0.0012867258228652645,2.6371838872631392,0.0035560611922846874,0.03743998209635417,0.9905078367640574,0.0041495883754881415,0.00640869140625,0.25092291086912155,0.24695855379104614
15268.887517581694,325,21363200,21299200,2158.9318167580554,1092.2658993874747,318,100,1.6,3.6660606401050138,10.0,0.0,0.7,2.551470179210066,10.0,0.0,-0.0020677175574140465,0.13537033360141018,0.0013153198306099512,2.633124803503354,0.004216718807583675,0.047236124674479164,0.9816802764932314,0.0035632359261702127,0.005950927734375,0.24204207956790924,0.24694910645484924
15348.831402395852,327,21430272,21430272,838.9884999449205,1639.5500456938905,318,100,1.6,3.6660606401050138,10.0,0.0,0.7,2.551470179210066,10.0,0.0,-0.000909445203433279,0.09412373648956418,0.0012823241643976264,2.654593120018641,0.004326585664481779,0.04299418131510417,0.9856058787554502,0.0032436184531737427,0.00823974609375,0.2866840213537216,0.2472793310880661
15408.831615694799,328,21556736,21495808,2107.725840404975,1092.2627836916467,318,100,1.6,3.6660606401050138,10.0,0.0,0.7,2.551470179210066,10.0,0.0,-0.0024343587089485177,0.12104889909581591,0.0013012064579622045,2.652406796813011,0.003439787416937179,0.03547159830729167,0.9818164476503929,0.0033335774205625057,0.00885009765625,0.29444850981235504,0.24744746088981628
15489.94545993954,330,21626880,21626880,864.7599020009196,1615.9017146878498,318,100,1.6,3.6660606401050138,10.0,0.0,0.7,2.551470179210066,10.0,0.0,-0.002904204576528476,0.10210293467389421,0.0011491342544710885,2.6563669244448342,0.002492539969656112,0.0262908935546875,0.9849904390672842,0.003014546896641453,0.008392333984375,0.287952296435833,0.247752383351326
15549.9457196109,331,21751808,21692416,2082.124322199084,1092.2619395142735,324,100,1.1,3.128897591082904,10.0,0.0,0.9,2.8618176437702565,10.0,0.0,-0.00295214064923736,0.0774019390034179,0.0011110335793394672,2.659163497388363,0.003376032831511111,0.03266398111979167,0.9868724240610998,0.002961894184409175,0.00732421875,0.26694380864501,0.24782437086105347
15629.665803743526,333,21823488,21823488,899.1460656357219,1644.1528057338915,324,100,1.1,3.128897591082904,10.0,0.0,0.9,2.8618176437702565,10.0,0.0,-0.001797457487555221,0.09780413215048611,0.0011747329917852767,2.646834594508012,0.003985800188578044,0.03911336263020833,0.9878194139649471,0.0038641044302494265,0.007476806640625,0.2696734443306923,0.2480592429637909
15689.665997850709,334,21946112,21889024,2043.7267216327436,1092.2631330646814,324,100,1.1,3.128897591082904,10.0,0.0,0.9,2.8618176437702565,10.0,0.0,-0.002445116641562587,0.08357515469348678,0.0012146066825759287,2.648914414147536,0.004246352520567598,0.04652404785156249,0.9864207388212284,0.003074284330068622,0.005645751953125,0.23714061453938484,0.24802842736244202
15770.25582744088,336,22020096,22020096,918.0314734034728,1626.4087002857373,324,100,1.1,3.128897591082904,10.0,0.0,0.9,2.8618176437702565,10.0,0.0,-0.002998283290556477,0.07797362635998677,0.0012808298318608042,2.653184821208318,0.002864547964539573,0.0329132080078125,0.9881938106069962,0.003021142700163182,0.009002685546875,0.29894011467695236,0.24827808141708374
15830.256232949905,337,22146816,22085632,2111.9857261787943,1092.2592846500431,324,100,1.1,3.128897591082904,10.0,0.0,0.9,2.8618176437702565,10.0,0.0,-0.0016350867323732627,0.07990714597205321,0.001166698554394922,2.6564201563596725,0.0034885307147002704,0.0320892333984375,0.987707830965519,0.0029772598403117927,0.006561279296875,0.2554710991680622,0.24830155074596405
15910.98743146658,339,22216704,22216704,865.6876311029278,1623.5606854384578,330,100,1.6,3.666060632374159,10.0,0.0,0.7,2.551470199872923,10.0,0.0,-0.001924498685184517,0.0862461596649761,0.0011108167824810757,2.6664204796155295,0.0027086732388852397,0.020940144856770832,0.982096066698432,0.0027266010001767427,0.006103515625,0.24355751648545265,0.2483842521905899
15970.987852137536,340,22340096,22282240,2056.518914703689,1092.2590086393038,330,100,1.6,3.666060632374159,10.0,0.0,0.7,2.551470199872923,10.0,0.0,-0.0025114928915475807,0.09965351780798908,0.001204644318325639,2.658648399015268,0.003240319577647218,0.028905232747395836,0.9842359063525995,0.002949645606956134,0.0091552734375,0.29876506328582764,0.24856053292751312
16052.16410704609,342,22413312,22413312,901.9386282660914,1614.6593624903455,330,100,1.6,3.666060632374159,10.0,0.0,0.7,2.551470199872923,10.0,0.0,-0.0018715081035528176,0.09956291213165969,0.0011646200055110967,2.6551277910669646,0.0029970455846826858,0.0289459228515625,0.9846255624045929,0.00391391013545217,0.006866455078125,0.2610035054385662,0.24871261417865753
16112.164116975851,343,22539008,22478848,2094.9329866302587,1092.2664859009087,330,100,1.6,3.666060632374159,10.0,0.0,0.7,2.551470199872923,10.0,0.0,-0.0031001166826172266,0.1132409217922638,0.0012293684012547603,2.656191493074099,0.003756157981721723,0.03926595052083333,0.9823823782304923,0.0031617879382489873,0.008087158203125,0.2838066518306732,0.24882365763187408
16192.646171839908,345,22609920,22609920,881.0908235354906,1628.5866485565748,337,100,1.2,3.2496154483906574,10.0,0.0,0.9,2.8618176094997874,10.0,0.0,-0.0021995987614597348,0.10098865201386312,0.0011861393559229327,2.6490930219491324,0.0037635433758017225,0.03594462076822917,0.9843238188574712,0.003481176405330188,0.00732421875,0.2639326937496662,0.2489904910326004
16252.646360781044,346,22731776,22675456,2030.9269379059535,1092.2632271090843,337,100,1.2,3.2496154483906574,10.0,0.0,0.9,2.8618176094997874,10.0,0.0,-0.0023960761560980854,0.0888790535585334,0.00122248019943072,2.65129517018795,0.004295106027711881,0.04199218750000001,0.9864847411712011,0.0035154434081050567,0.00701904296875,0.25834137946367264,0.2490377426147461
16333.659968138672,348,22806528,22806528,922.7091897045489,1617.9010449614007,337,100,1.2,3.2496154483906574,10.0,0.0,0.9,2.8618176094997874,10.0,0.0,-0.0027074534130709558,0.08949685135545829,0.0012148011622533281,2.661581113934517,0.003372265377644605,0.030039469401041664,0.9859146016339461,0.0033763733687616577,0.0067138671875,0.2573236711323261,0.24941253662109375
16393.660448458977,349,22929664,22872064,2052.250237709011,1092.2579227723634,337,100,1.2,3.2496154483906574,10.0,0.0,0.9,2.8618176094997874,10.0,0.0,-0.003058250447793398,0.06789409171324223,0.0012445425327314297,2.655481907228629,0.0033860873457645844,0.033955891927083336,0.9902006809910139,0.003266085390350782,0.00885009765625,0.29428115487098694,0.24956312775611877
16474.356097072363,351,23003136,23003136,910.4827987938423,1624.2759337367502,343,100,1.1,3.128897654506477,10.0,0.0,0.8,2.7129320210422696,10.0,0.0,-0.003454737612628378,0.09673594489383201,0.0011514070592966164,2.6562230239311853,0.0033969651631196025,0.031046549479166664,0.9836398766686519,0.00275319308032825,0.00762939453125,0.274980291724205,0.24977454543113708
16534.356110361405,352,23123456,23068672,2005.332889184123,1092.2664247470968,343,100,1.1,3.128897654506477,10.0,0.0,0.8,2.7129320210422696,10.0,0.0,-0.002681551290152129,0.07988951343577355,0.0011738317922815138,2.6482204248507815,0.0032561714106122963,0.0274505615234375,0.9888248735417923,0.0031531679657443115,0.00885009765625,0.2896572984755039,0.24992261826992035
16615.847617631778,354,23199744,23199744,936.1466311684584,1608.4130038867474,343,100,1.1,3.128897654506477,10.0,0.0,0.8,2.7129320210422696,10.0,0.0,-0.0030078646765711405,0.13811400156312933,0.0013016413249715697,2.6359616766373315,0.004569271395060544,0.04560852050781249,0.9822081259141366,0.003762430467759259,0.008544921875,0.28925247862935066,0.2501901686191559
16675.86164185684,355,23322368,23265280,2043.2557486919634,1092.0114231005066,343,100,1.1,3.128897654506477,10.0,0.0,0.8,2.7129320210422696,10.0,0.0,-0.0030950009762212476,0.10024052887456493,0.0011197321115711625,2.6554254218935966,0.003732014706353463,0.03548685709635417,0.9838944195459286,0.0033059517494014776,0.008087158203125,0.282230980694294,0.25029268860816956
16756.5138738323,357,23396352,23396352,917.321172494177,1625.1503125156353,343,100,1.1,3.128897654506477,10.0,0.0,0.8,2.7129320210422696,10.0,0.0,-0.0013861993065802383,0.10420104923347631,0.0012847758674373229,2.6497062270840006,0.0031966178266884526,0.03315226236979167,0.9861379750072956,0.003782478238766392,0.01007080078125,0.31348058581352234,0.2506321668624878
16816.513977220282,358,23524352,23461888,2133.329657322542,1092.2647845491415,350,100,1.3,3.363034383461588,10.0,0.0,0.6,2.3748684491559726,10.0,0.0,-0.0010279320449626539,0.09239370346767828,0.0011432546616561012,2.6576833700140314,0.0025520586647568657,0.028717041015625,0.9819673523306847,0.0032039580328273587,0.008544921875,0.29192082583904266,0.2507579028606415
16896.412238286808,360,23592960,23592960,858.6920301416135,1640.486266539202,350,100,1.3,3.363034383461588,10.0,0.0,0.6,2.3748684491559726,10.0,0.0,-0.002573718919544869,0.08505664824042469,0.0011650505148281807,2.6512421493728957,0.003946633732387758,0.0439300537109375,0.9885260021934906,0.0032186518001253717,0.006103515625,0.24539050459861755,0.25087207555770874
16956.431832691655,361,23717120,23658496,2068.6577647044946,1091.9100778646405,350,100,1.3,3.363034383461588,10.0,0.0,0.6,2.3748684491559726,10.0,0.0,-0.002918670360183266,0.07123353650482993,0.0009066417739328851,2.6659475242098174,0.0019096554891196624,0.022888183593750003,0.9839153252542019,0.0025201875335672717,0.005950927734375,0.24120289087295532,0.2508529722690582
17037.210204648785,363,23789568,23789568,896.8737329646643,1622.612548685188,350,100,1.3,3.363034383461588,10.0,0.0,0.6,2.3748684491559726,10.0,0.0,-0.0017888102047436405,0.09923686160861205,0.0013016777969217705,2.649389040966829,0.0035431237295900555,0.03873189290364583,0.9856659471988678,0.004221166901212807,0.006866455078125,0.25769828632473946,0.25094056129455566
17097.21025025379,364,23910400,23855104,2013.8651359612127,1092.2658364535391,357,100,1.3,3.3630344008914985,10.0,0.0,1.0,3.0,10.0,0.0,-0.0018161252919526305,0.09144851204473525,0.001208700681066451,2.6518448864420257,0.0036613563800832103,0.03680419921875,0.9860398427893718,0.003456248562239731,0.0091552734375,0.2995295859873295,0.25109654664993286
17178.65735712461,366,23986176,23986176,930.3706775021838,1609.289820544318,357,100,1.3,3.3630344008914985,10.0,0.0,1.0,3.0,10.0,0.0,-0.0036028094691573642,0.07522970888142785,0.0010853914985394415,2.637602649629116,0.0033722600467929924,0.03206380208333333,0.9908517692238092,0.0033780027224565856,0.00946044921875,0.3052578717470169,0.2514636218547821
17238.65773671586,367,24110848,24051712,2077.853521083114,1092.2597564625814,357,100,1.3,3.3630344008914985,10.0,0.0,1.0,3.0,10.0,0.0,-0.001515905924558562,0.11094426130875945,0.001132392604025275,2.6467469384272895,0.002708167935755531,0.03303019205729167,0.9853731940189998,0.0036117811299239597,0.008697509765625,0.2943778857588768,0.25159183144569397
17319.285753680393,369,24182784,24182784,892.1960716414993,1625.6383938805966,357,100,1.3,3.3630344008914985,10.0,0.0,1.0,3.0,10.0,0.0,-0.0029354976941249333,0.06840273084041351,0.0010417509650627228,2.652941964566707,0.0024139496375331264,0.024836222330729164,0.9902306875834863,0.003283254554844461,0.008697509765625,0.2933647632598877,0.25181320309638977
17379.29457857739,370,24306432,24248320,2060.496938779152,1092.1060379450578,363,100,1.6,3.66606061799342,10.0,0.0,0.9,2.861817635846067,10.0,0.0,-0.0022290321430773474,0.07528200656330834,0.0009736533259759501,2.6595658858617144,0.002807540057498651,0.0258636474609375,0.9880041927099228,0.0029616696071267747,0.00640869140625,0.2503340169787407,0.25181660056114197
17460.429739845917,372,24379392,24379392,899.2402166864706,1615.4771612051682,363,100,1.6,3.66606061799342,10.0,0.0,0.9,2.861817635846067,10.0,0.0,-0.0018351907977679125,0.08582768073150267,0.0010999727292073658,2.651047962407271,0.0033761972445063293,0.036549886067708336,0.989135939007004,0.003485596113023348,0.009613037109375,0.30789855122566223,0.252124160528183
17520.42981008999,373,24506624,24444928,2120.5308507545715,1092.2653879138234,363,100,1.6,3.66606061799342,10.0,0.0,0.9,2.861817635846067,10.0,0.0,-0.0020045310957357287,0.07106014050077647,0.0009302497019234579,2.6601857145627337,0.0027995243605497913,0.025263468424479164,0.9883156002809604,0.0029033726483855085,0.007476806640625,0.26963139697909355,0.2521834373474121
17601.308933991008,375,24576000,24576000,857.7738809943716,1620.5912437974844,363,100,1.6,3.66606061799342,10.0,0.0,0.9,2.861817635846067,10.0,0.0,-0.002423610686188719,0.08546145539730787,0.0010504944396719413,2.65411754945914,0.003300153489059691,0.02978515625,0.9871018746246893,0.00339294601144502,0.00732421875,0.25615851394832134,0.25228482484817505
17661.317958476953,376,24706048,24641536,2167.140711151831,1092.1024056198203,369,100,1.5,3.5707142184782974,10.0,0.0,1.0,3.000000042706303,10.0,0.0,-0.0004983089796345059,0.10732980922330171,0.0010929012393413966,2.6525937343637147,0.004136284830868438,0.04190572102864583,0.985059897104899,0.0037124982263776474,0.00946044921875,0.30526068061590195,0.2524475157260895
17741.128868004307,378,24772608,24772608,833.9712001050132,1642.281747899103,369,100,1.5,3.5707142184782974,10.0,0.0,1.0,3.000000042706303,10.0,0.0,-0.002542531401559245,0.08516144738920653,0.0009834481055198314,2.64568371574084,0.0027913037041192488,0.027837117513020836,0.9890565300981204,0.00336048374689805,0.0115966796875,0.3389747217297554,0.2528736889362335
17801.12896680087,379,24893440,24838144,2013.863350620432,1092.2648681331157,369,100,1.5,3.5707142184782974,10.0,0.0,1.0,3.000000042706303,10.0,0.0,-0.002306555167403227,0.08033150318078697,0.0009401676573664494,2.658173414568106,0.003128446015277101,0.031178792317708332,0.9862498473376036,0.003026318828536508,0.00762939453125,0.26979566365480423,0.25293779373168945
17881.979497374967,381,24969216,24969216,937.2356552509262,1621.1643766502507,369,100,1.5,3.5707142184782974,10.0,0.0,1.0,3.000000042706303,10.0,0.0,-0.002961902993168527,0.08163794145608941,0.001072208171535749,2.6424227555592856,0.002992586609252612,0.031545003255208336,0.9902942224095265,0.0033710044056836828,0.010986328125,0.33032994717359543,0.25323089957237244
17941.979608183727,382,25097984,25034752,2146.1293698344316,1092.264649458478,369,100,1.5,3.5707142184782974,10.0,0.0,1.0,3.000000042706303,10.0,0.0,-0.0028798099810956046,0.060901566622002676,0.0009395920921330495,2.659172142545382,0.002513764651666861,0.021565755208333332,0.9892841577529907,0.002801896810221175,0.00762939453125,0.27462153136730194,0.253293514251709
18021.790003349073,384,25165824,25165824,850.0145859377467,1642.2923320759483,375,100,1.3,3.3630343553699014,10.0,0.0,0.8,2.7129320210422696,10.0,0.0,-0.0015550851173126525,0.09331564306436728,0.0009123841700784396,2.6522817711035414,0.004040067638319064,0.03960673014322917,0.989830136920015,0.0030261906261633458,0.006103515625,0.24666746705770493,0.2533706724643707
18081.805329350755,385,25288704,25231360,2047.4770060660405,1091.987736568555,375,100,1.3,3.3630343553699014,10.0,0.0,0.8,2.7129320210422696,10.0,0.0,-0.002668175511644222,0.09205237054266034,0.0010188816365068,2.647881381213665,0.0034396923698902055,0.033106486002604164,0.9883842635899782,0.0031244654940868104,0.0079345703125,0.2744722031056881,0.2534480094909668
18162.69768528454,387,25362432,25362432,911.4334617766624,1620.326154269622,375,100,1.3,3.3630343553699014,10.0,0.0,0.8,2.7129320210422696,10.0,0.0,-0.00180229170776632,0.10454597155330703,0.0009035234009691825,2.657803694407145,0.0032848160747865522,0.026087443033854168,0.9840585862596829,0.0026915550806734245,0.00640869140625,0.2500726729631424,0.25362464785575867
18222.69861308951,388,25489152,25427968,2111.96734177009,1092.2497767538243,375,100,1.3,3.3630343553699014,10.0,0.0,0.8,2.7129320210422696,10.0,0.0,-0.0024126446526982668,0.09324123848152038,0.0009603361583382746,2.6426626468698187,0.0032542727379526086,0.03094482421875,0.9890976740668217,0.0033072395841979114,0.01068115234375,0.3254120200872421,0.2538399398326874
18301.900775100105,390,25559040,25559040,882.4001545646038,1654.9043191834328,382,100,1.1,3.128897581481095,10.0,0.0,0.7,2.551470208760969,10.0,0.0,-0.00315303256502375,0.04498627525754273,0.0007536488101322902,2.6619633560379348,0.0025412119072522423,0.026021321614583336,0.9924214488516251,0.002277054775428648,0.007476806640625,0.26792750135064125,0.2539283335208893
18361.900879693218,391,25682944,25624576,2065.0630668104195,1092.2647626104697,382,100,1.1,3.128897581481095,10.0,0.0,0.7,2.551470208760969,10.0,0.0,-0.0027659147017402574,0.08999090624274685,0.0007961150616514109,2.6531669621666274,0.003119375328727377,0.028945922851562497,0.9892324538280566,0.0028291243967638975,0.008544921875,0.28801796957850456,0.2540335953235626
18441.967887825333,393,25755648,25755648,908.039424678319,1637.0288219552795,382,100,1.1,3.128897581481095,10.0,0.0,0.7,2.551470208760969,10.0,0.0,-0.0017461240155777584,0.11444963642861694,0.0010090894550861171,2.6429811244209604,0.0037692622039079042,0.0358428955078125,0.9872481369723877,0.003524111916097657,0.010528564453125,0.32318901270627975,0.2544786036014557
18501.968335420825,394,25881600,25821184,2099.18434024254,1092.2585185001835,382,100,1.1,3.128897581481095,10.0,0.0,0.7,2.551470208760969,10.0,0.0,-0.0024699864482803,0.08285616431385279,0.0010433928752415036,2.628944545984268,0.0036168154147162568,0.038981119791666664,0.9915235290924709,0.0035559815927020586,0.01129150390625,0.33006327599287033,0.2547180950641632
18581.937920974568,396,25952256,25952256,883.5359031905471,1639.0231247592758,389,100,1.5,3.5707142677032615,10.0,0.0,0.5,2.1794494786626912,10.0,0.0,-0.0025641810110149286,0.08023093357527009,0.0008364441043037611,2.654742864271005,0.0023587851816652496,0.026707967122395836,0.9858942950765291,0.002665378648089245,0.004730224609375,0.21565236523747444,0.25478535890579224
18641.938211401924,397,26068736,26017792,1941.3239364403357,1092.2613796235735,389,100,1.5,3.5707142677032615,10.0,0.0,0.5,2.1794494786626912,10.0,0.0,-0.003223450722240765,0.07337882309608783,0.0007724513131203518,2.665804127852122,0.002418590400945201,0.023157755533854168,0.9866736276696125,0.0025051713467595014,0.007781982421875,0.2766630984842777,0.254848837852478
18723.283913393505,399,26148864,26148864,985.0305306639746,1611.2959479231788,389,100,1.5,3.5707142677032615,10.0,0.0,0.5,2.1794494786626912,10.0,0.0,-0.0030371763774989327,0.07917889118349801,0.0008115609865247582,2.659900782008966,0.0028660381910109818,0.0315704345703125,0.990296005581816,0.0028308186192589346,0.00701904296875,0.26255403831601143,0.25492236018180847
18783.284152137116,400,26273280,26214400,2073.591749053646,1092.2623204891634,389,100,1.5,3.5707142677032615,10.0,0.0,0.5,2.1794494786626912,10.0,0.0,-0.00210202638603126,0.11622007959522307,0.001003925747378768,2.651962138712406,0.0031671151973569067,0.028539021809895832,0.9843820712218682,0.003466751678691556,0.009613037109375,0.308566652238369,0.2550746202468872
18863.868800408207,402,26345472,26345472,895.8530135559078,1626.513272839095,389,100,1.5,3.5707142677032615,10.0,0.0,0.5,2.1794494786626912,10.0,0.0,-0.002041038505315858,0.08348141117797545,0.0008918568346416578,2.646802512307962,0.003395988793272409,0.034942626953125,0.9895531268169483,0.003385295890135846,0.00885009765625,0.2969394400715828,0.2553766369819641
18923.872155421413,403,26469632,26411008,2069.217629125449,1092.205593930134,395,100,1.5,3.5707142512871095,10.0,0.0,0.8,2.7129319932501073,10.0,0.0,-0.0029707638289740617,0.059001933104203395,0.000837371266243281,2.664665828148524,0.0016780591668066336,0.0203857421875,0.9901993796229362,0.0027850637658654405,0.008544921875,0.2915620654821396,0.2554745674133301
19004.70137174055,405,26542080,26542080,896.3095684851758,1621.5918694855477,395,100,1.5,3.5707142512871095,10.0,0.0,0.8,2.7129319932501073,10.0,0.0,-0.0030801081193203572,0.06664355983957648,0.0008956946633891979,2.6579997465014458,0.0029225016411752827,0.028193155924479168,0.9913256391882896,0.0030909629349480383,0.009613037109375,0.30558081716299057,0.2557350993156433
19064.702091762796,406,26664192,26607616,2035.1755771384908,1092.2535592189804,395,100,1.5,3.5707142512871095,10.0,0.0,0.8,2.7129319932501073,10.0,0.0,-0.0017422073966978737,0.10146826230144748,0.0008510154657415114,2.657235195239385,0.003478121895265455,0.032811482747395836,0.9859415510048468,0.002840981306993247,0.00823974609375,0.28592726588249207,0.25581660866737366
19145.04376214277,408,26738688,26738688,927.2398700160577,1631.4323486193182,395,100,1.5,3.5707142512871095,10.0,0.0,0.8,2.7129319932501073,10.0,0.0,-0.001031523359415587,0.06839714688248932,0.0008755347995853905,2.650388908882936,0.0036551444621485034,0.032709757486979164,0.9906840107093255,0.0030085401425215723,0.008697509765625,0.29352764785289764,0.25610238313674927
19205.043974054977,409,26864640,26804224,2099.192585924426,1092.2628089362868,402,100,1.2,3.2496154321669954,10.0,0.0,0.7,2.551470199872923,10.0,0.0,-0.002783239346172195,0.0635918927922224,0.0008875302780021836,2.6457336495320005,0.00341931737663496,0.032704671223958336,0.9920887723565102,0.0033722253744296418,0.008392333984375,0.2865276001393795,0.25618958473205566
19285.297807639465,411,26935296,26935296,880.4065406497585,1633.2179304807116,402,100,1.2,3.2496154321669954,10.0,0.0,0.7,2.551470199872923,10.0,0.0,-0.0011883975215217408,0.08180259078896295,0.000773627811819703,2.663547250131766,0.0033088756378371422,0.030329386393229164,0.9854293335229158,0.00297655882119822,0.00732421875,0.26897962763905525,0.2563842833042145
19345.297930635512,412,27058944,27000832,2060.7957755044276,1092.2644275965497,402,100,1.2,3.2496154321669954,10.0,0.0,0.7,2.551470199872923,10.0,0.0,-0.002044342623169844,0.07652908410333717,0.0009373898071013779,2.6546117241183915,0.003687724474123873,0.03656005859375,0.9904051398237547,0.0032154748065901613,0.008392333984375,0.287545096129179,0.25647005438804626
19426.31302263774,414,27131904,27131904,900.5729450753893,1617.8713960652608,402,100,1.2,3.2496154321669954,10.0,0.0,0.7,2.551470199872923,10.0,0.0,-0.002173703224495209,0.093037116030852,0.0009079405578328684,2.6632980381449065,0.003237139080738416,0.031494140625,0.985886345927914,0.003144757916743401,0.00732421875,0.2651679664850235,0.25663310289382935
19486.313271980733,415,27256832,27197440,2082.124680613342,1092.2621275348681,408,100,1.6,3.6660606257242745,10.0,0.0,0.6,2.3748684491559726,10.0,0.0,-0.002529160940563694,0.07448477032206331,0.000880526357529258,2.6624888877073927,0.002985687059966343,0.028676350911458336,0.9903488991161188,0.0030560432496713474,0.01007080078125,0.3152128905057907,0.2567962110042572
19568.017498478293,417,27328512,27328512,877.310796181884,1604.225455875445,408,100,1.6,3.6660606257242745,10.0,0.0,0.6,2.3748684491559726,10.0,0.0,-0.0017424212370921548,0.06827138698038955,0.0008705903583177134,2.650345670680205,0.002462019841307968,0.029022216796875,0.9915680357565483,0.003665497706000072,0.009765625,0.3120402544736862,0.2571624517440796
19628.01789086964,418,27448320,27394048,1996.7869413013939,1092.2595234469163,408,100,1.6,3.6660606257242745,10.0,0.0,0.6,2.3748684491559726,10.0,0.0,-0.0022171946341889757,0.08959898870671168,0.0009368896959737564,2.6517875716090202,0.003510317685747092,0.034754435221354164,0.9890371231983105,0.0034853143054836737,0.01068115234375,0.32416536659002304,0.2573511600494385
19711.16944622621,420,27525120,27525120,923.6147137677351,1576.3024448302679,408,100,1.6,3.6660606257242745,10.0,0.0,0.6,2.3748684491559726,10.0,0.0,-0.0024783351351895058,0.1059860485838726,0.0009358572563845275,2.6492149084806447,0.004318308148261471,0.044214884440104164,0.9858881824960312,0.003230905676900875,0.00946044921875,0.3039280027151108,0.2575986981391907
19771.17050783336,421,27647744,27590656,2043.697173274398,1092.2473410401792,408,100,1.6,3.6660606257242745,10.0,0.0,0.6,2.3748684491559726,10.0,0.0,-0.002433396350776699,0.0914987496410807,0.0009437841915011328,2.6543221275011697,0.0031255672232267293,0.031260172526041664,0.9879998980710905,0.003112631253316067,0.00885009765625,0.2956079915165901,0.25770044326782227
19852.536664558575,423,27721728,27721728,909.2723925729501,1610.8908823437732,415,100,1.3,3.363034383461588,10.0,0.0,0.6,2.374868471355376,10.0,0.0,-0.002083829863598415,0.0930366967416679,0.0008678141099759766,2.6445556556185084,0.003675050780051,0.034642537434895836,0.9893717647840579,0.00305219675162031,0.009918212890625,0.3123931363224983,0.25804197788238525
19912.53703466989,424,27849984,27787264,2137.586814248836,1092.2599290373294,415,100,1.3,3.363034383461588,10.0,0.0,0.6,2.374868471355376,10.0,0.0,-0.002720375069960331,0.07839728156492735,0.0008401314717048081,2.65928145001332,0.003016020546662427,0.022725423177083336,0.9878671585271755,0.0029328201489988714,0.005035400390625,0.22283035889267921,0.25796768069267273
19992.54367395304,426,27918336,27918336,854.3290983401558,1638.2640387646434,415,100,1.3,3.363034383461588,10.0,0.0,0.6,2.374868471355376,10.0,0.0,-0.0016700197338650469,0.052942310246483736,0.0008339809616397057,2.658726771672567,0.0036344551978496993,0.04029337565104167,0.9911768070111672,0.0031832138799169725,0.008697509765625,0.29207345098257065,0.25820133090019226
20052.544241690077,427,28046848,27983872,2141.8463999079086,1092.2563314271406,415,100,1.3,3.363034383461588,10.0,0.0,0.6,2.374868471355376,10.0,0.0,-0.0025393699518948174,0.09328654889638224,0.0008831026110177239,2.6538918813069663,0.0031919925883509372,0.035029093424479164,0.9890040792524813,0.0036924109517713077,0.0091552734375,0.30097631365060806,0.2583138048648834
20132.494654638693,429,28114944,28114944,851.7279334600225,1639.4161726749305,421,100,1.4,3.4698703890871836,10.0,0.0,0.6,2.3748684491559726,10.0,0.0,-0.0028703101803936684,0.0820482581621036,0.0008404293785133632,2.6524906655152636,0.0041999422016184935,0.041473388671875,0.9896444200227658,0.0033928289970693486,0.0091552734375,0.3003653883934021,0.2585095763206482
20192.494801128283,430,28235776,28180480,2013.8617498369522,1092.2639999115672,421,100,1.4,3.4698703890871836,10.0,0.0,0.6,2.3748684491559726,10.0,0.0,-0.003050295540257745,0.09341754176421091,0.0009123483917695314,2.6576971039175987,0.003039197194690739,0.028656005859375,0.9854069799184799,0.0032890599613892846,0.008087158203125,0.2804132364690304,0.25857245922088623
20273.40483355336,432,28311552,28311552,936.5464050477302,1619.9721600825605,421,100,1.4,3.4698703890871836,10.0,0.0,0.6,2.3748684491559726,10.0,0.0,-0.0022749676900275517,0.09370805658788109,0.0008988945610326483,2.659449468056361,0.003003005767823197,0.0284271240234375,0.9871631873150666,0.003095723749235428,0.00885009765625,0.2967786565423012,0.2587926983833313
20333.404899273068,433,28438528,28377088,2116.2643486620545,1092.2654702771893,421,100,1.4,3.4698703890871836,10.0,0.0,0.6,2.3748684491559726,10.0,0.0,-0.0024287018435037075,0.07115200932215278,0.0009648644639431344,2.6570378740628557,0.0035617877899009423,0.03429667154947917,0.9908584828178088,0.003425843174530504,0.007781982421875,0.27749890089035034,0.2588408291339874
20413.738984999247,435,28508160,28508160,866.7802635775613,1631.586378498939,421,100,1.4,3.4698703890871836,10.0,0.0,0.6,2.3748684491559726,10.0,0.0,-0.0028401239481657585,0.07616612418011452,0.0008662673408252886,2.662176564335823,0.003577495767482712,0.03638712565104167,0.9896397305031617,0.003051138141017873,0.009918212890625,0.3120086193084717,0.25909191370010376
20473.743280210532,436,28630784,28573696,2043.5870393647654,1092.1884803285593,428,100,1.4,3.469870357000091,10.0,0.0,0.5,2.179449523662969,10.0,0.0,-0.00134378266557178,0.07342877060485382,0.0009527197641242916,2.659445395072301,0.0039276524773110095,0.039418538411458336,0.990489320208629,0.003340892205111838,0.007171630859375,0.26399409025907516,0.25911200046539307
20556.06484159082,438,28704768,28704768,898.7195913137067,1592.195262119785,428,100,1.4,3.469870357000091,10.0,0.0,0.5,2.179449523662969,10.0,0.0,-0.0016464762884425002,0.10598075288968781,0.0009559072823321912,2.653002440929413,0.0025477317528081285,0.0267333984375,0.9856871018807093,0.0030089668192279833,0.009307861328125,0.30374831706285477,0.25933974981307983
20616.065374012105,439,28826112,28770304,2022.3820540125205,1092.2569743189983,428,100,1.4,3.469870357000091,10.0,0.0,0.5,2.179449523662969,10.0,0.0,-0.0027856182326407484,0.08362461510114372,0.0008980893884048177,2.6537225370605784,0.0036613776640782203,0.034678141276041664,0.990454246600469,0.0028850754388258792,0.00946044921875,0.30573709309101105,0.2594594657421112
20697.954625760205,441,28901376,28901376,919.0949775865591,1600.6007772935995,428,100,1.4,3.469870357000091,10.0,0.0,0.5,2.179449523662969,10.0,0.0,-0.002395569624544199,0.06955476415654024,0.0007917165003163972,2.662817346553008,0.003593786597775761,0.030405680338541668,0.9908401481807232,0.0025194469235430006,0.00732421875,0.2694913186132908,0.2595573663711548
20757.954770363867,442,29024512,28966912,2052.261720590657,1092.2640342436762,435,100,1.3,3.363034416568014,10.0,0.0,0.9,2.861817635846067,10.0,0.0,-0.00355015604388124,0.08957726034956674,0.0009085314595722593,2.64922704299291,0.003510319260991916,0.03519694010416667,0.9902133010327815,0.0033568923026905395,0.010528564453125,0.3185558058321476,0.25972211360931396
20839.61285640113,444,29097984,29097984,899.7516788046233,1605.1319148012792,435,100,1.3,3.363034416568014,10.0,0.0,0.9,2.861817635846067,10.0,0.0,-0.0018235599200124855,0.09686913007559876,0.0009372637165749136,2.6408688450853033,0.0034905115044239214,0.027506510416666668,0.988053809851408,0.003908374853684411,0.01190185546875,0.3414400517940521,0.26007553935050964
20899.61292295344,445,29217280,29163520,1988.2644612734143,1092.265455120159,435,100,1.3,3.363034416568014,10.0,0.0,0.9,2.861817635846067,10.0,0.0,-0.0019714372804931673,0.0917467872495763,0.0008810938919244412,2.6491902669270835,0.0030364628449509232,0.027613321940104168,0.9874212145805359,0.0031695392050702744,0.008697509765625,0.29049625992774963,0.2601587474346161
20981.807219359092,447,29294592,29294592,940.600545060265,1594.6605267246875,435,100,1.3,3.363034416568014,10.0,0.0,0.9,2.861817635846067,10.0,0.0,-0.0024792270924081095,0.0706383686629124,0.0007825898361867681,2.6518416057030363,0.0036882855662649186,0.030192057291666664,0.9912403741230567,0.0031532950961263846,0.008392333984375,0.27696509659290314,0.2603108584880829
21041.807232112624,448,29417728,29360128,2052.266230439305,1092.2664344957634,441,100,1.2,3.2496153780780466,10.0,0.0,0.7,2.5514701909848765,10.0,0.0,-0.0007034877174495099,0.11631290707737207,0.0009135720508008186,2.649308150013288,0.002975734113230525,0.035247802734375,0.9842001584668953,0.0033360845991410315,0.009765625,0.3092490881681442,0.2604386508464813
21123.405426999554,450,29491200,29491200,900.4120753137902,1606.3100437653677,441,100,1.2,3.2496153780780466,10.0,0.0,0.7,2.5514701909848765,10.0,0.0,-0.0035031090446864255,0.0711716302903369,0.0008519576834563243,2.652619024117788,0.002670569543624879,0.027801513671874997,0.9896356289585431,0.003299787560536061,0.0091552734375,0.2999180555343628,0.2606858015060425
21183.406754045747,451,29615104,29556736,2065.020993695858,1092.242509062272,441,100,1.2,3.2496153780780466,10.0,0.0,0.7,2.5514701909848765,10.0,0.0,-0.0021749994120909832,0.08491404796950519,0.0009167944893609578,2.643472984433174,0.002815419053149526,0.030888875325520832,0.9910182257493336,0.003522773413957718,0.01220703125,0.34911756962537766,0.2609153091907501
21264.80776131712,453,29687808,29687808,893.1584809217654,1610.201205042056,441,100,1.2,3.2496153780780466,10.0,0.0,0.7,2.5514701909848765,10.0,0.0,-0.002495876480679726,0.052895338216330856,0.0008457427466055378,2.6524947683016458,0.0024000774434777363,0.028879801432291668,0.9938778262585402,0.002944927146018017,0.00885009765625,0.29646284133195877,0.26100367307662964
21324.816352502443,454,29816832,29753344,2150.092135999936,1092.110291301555,447,100,1.5,3.570714273749612,10.0,0.0,0.8,2.7129320210422696,10.0,0.0,-0.0019674468057928607,0.05949336922882746,0.0007916492631920845,2.6619525849819183,0.0035170442740006065,0.028539021809895832,0.9871738975246748,0.0025775722375935097,0.006256103515625,0.24672424793243408,0.2609800398349762
21404.66530074831,456,29884416,29884416,846.3981240165833,1641.4993920321615,447,100,1.5,3.570714273749612,10.0,0.0,0.8,2.7129320210422696,10.0,0.0,-0.0018490655638743192,0.07134289424478386,0.0007985047304828186,2.654849094649156,0.0031843074108716487,0.02984619140625,0.9908059245596329,0.0032022237040412924,0.00946044921875,0.30690794438123703,0.2610802948474884
21464.6699301498,457,30007296,29949952,2047.8419952869258,1092.1823974863605,447,100,1.5,3.570714273749612,10.0,0.0,0.8,2.7129320210422696,10.0,0.0,-0.002077782605435156,0.11987970618065447,0.0009661252903849042,2.644931743542353,0.003267708784430094,0.032206217447916664,0.9853057054181893,0.0035293236748354198,0.009002685546875,0.2987213730812073,0.2611715793609619
21545.34899086412,459,30081024,30081024,913.8430634569146,1624.6098905900703,447,100,1.5,3.570714273749612,10.0,0.0,0.8,2.7129320210422696,10.0,0.0,-0.0033238972015775894,0.0644275049562566,0.0008064870817179326,2.6554628759622574,0.002488628540352996,0.0258026123046875,0.9895221671710411,0.0031700449423321215,0.008392333984375,0.28856322169303894,0.26125121116638184
21605.349549531005,460,30203392,30146560,2039.4476771353216,1092.2564965410927,453,100,1.4,3.4698703721939332,10.0,0.0,0.8,2.712932012683201,10.0,0.0,-0.0024997830890545933,0.07869703169368829,0.0007979024461140701,2.641058767835299,0.003828895480789166,0.03707377115885417,0.9906361053387324,0.0035594818812872595,0.008087158203125,0.2838066518306732,0.26130345463752747
21686.348853285424,462,30277632,30277632,916.5510882054919,1618.186748831765,453,100,1.4,3.4698703721939332,10.0,0.0,0.8,2.712932012683201,10.0,0.0,-0.0007799389337985,0.08611976182631528,0.0008841077069519088,2.639532722532749,0.003449272149737226,0.03057861328125,0.9877260526021322,0.0035343776277538077,0.00762939453125,0.27055245265364647,0.2614702880382538
21746.349025336094,463,30402560,30343168,2082.1273628098775,1092.2635345887882,453,100,1.4,3.4698703721939332,10.0,0.0,0.8,2.712932012683201,10.0,0.0,-0.0024177257158347247,0.07528824853943661,0.0009114131814082308,2.6415181929866476,0.004266443981881214,0.042460123697916664,0.9901539130757252,0.0039490942435804754,0.010223388671875,0.31835591048002243,0.2616097331047058
21826.84404519759,465,30474240,30474240,890.4898728310836,1628.3243388911244,453,100,1.4,3.4698703721939332,10.0,0.0,0.8,2.712932012683201,10.0,0.0,-0.0022657052735060765,0.07889700087253004,0.0008594011208818605,2.637215591967106,0.003909578393480236,0.034617106119791664,0.9910232598582903,0.00402988470159471,0.009307861328125,0.30318401753902435,0.26184284687042236
21886.844360692427,466,30601728,30539776,2124.7888273349786,1092.2609232886637,453,100,1.4,3.4698703721939332,10.0,0.0,0.8,2.712932012683201,10.0,0.0,-0.00352209226063375,0.06910683156456798,0.0008065829782329577,2.648138649761677,0.0031633882760312795,0.037506103515625,0.9909169065455596,0.0036296889156801626,0.00732421875,0.26170750707387924,0.26186180114746094
21966.990263242275,468,30670848,30670848,862.4271210497601,1635.4173554721376,460,100,1.3,3.3630343991381038,10.0,0.0,0.6,2.374868439606987,10.0,0.0,-0.0013859871675473792,0.1100439781245465,0.0007874656766944099,2.639890216290951,0.003921968564706428,0.030797322591145836,0.9853525180369616,0.0034395794452090436,0.008087158203125,0.28284481540322304,0.26198649406433105
22026.990505899303,469,30791680,30736384,2013.8585220512657,1092.2622492481441,460,100,1.3,3.3630343991381038,10.0,0.0,0.6,2.374868439606987,10.0,0.0,-0.0017565504749654792,0.07614388571043189,0.0007401338395235749,2.645219753185908,0.0033758021963876676,0.03519694010416667,0.9906199953208367,0.0035053097575049224,0.00946044921875,0.30690794438123703,0.26209181547164917
22108.269360870123,471,30867456,30867456,932.2965982629084,1612.621142941247,460,100,1.3,3.3630343991381038,10.0,0.0,0.6,2.374868439606987,10.0,0.0,-0.0021582494155154563,0.06857896806711021,0.0006881199181710448,2.6489474475383763,0.004122119758903864,0.036677042643229164,0.990803483252724,0.002687785934540443,0.00732421875,0.2667056433856487,0.2621590793132782
22168.26950376667,472,30993920,30932992,2107.7283135483344,1092.2640653205942,460,100,1.3,3.3630343991381038,10.0,0.0,0.6,2.374868439606987,10.0,0.0,-0.0011089442414231598,0.07527839477794865,0.0007049693504086463,2.650857113301754,0.0028992186616960684,0.022644042968750003,0.9898166675120592,0.0030561691601178613,0.01068115234375,0.32440847903490067,0.26231253147125244
22248.358620770276,474,31064064,31064064,875.8243644619388,1636.5769146150096,466,100,1.4,3.4698703635356627,10.0,0.0,0.7,2.5514701703220197,10.0,0.0,-0.0011273110455173687,0.06600106719027585,0.0007327309546478016,2.652849959830443,0.002918913511772795,0.03333028157552083,0.9912246707826853,0.0030242154486283352,0.009613037109375,0.30826956778764725,0.2624335289001465
22308.358636578545,475,31189504,31129600,2090.6661158364477,1092.2663788859807,466,100,1.4,3.4698703635356627,10.0,0.0,0.7,2.5514701703220197,10.0,0.0,-0.003109979855556351,0.07175811768199007,0.0006681278628093423,2.649427483479182,0.003233808297712433,0.03208414713541667,0.9905514717102051,0.0030086320499928356,0.00762939453125,0.2739407643675804,0.2624630630016327
22388.450112801977,477,31260672,31260672,888.5839462049911,1636.5287066796957,466,100,1.4,3.4698703635356627,10.0,0.0,0.7,2.5514701703220197,10.0,0.0,-0.0025181856241639857,0.07625873741926625,0.0006850718139806606,2.6484506502747536,0.0033776254798188647,0.025711059570312503,0.9887784669796625,0.003025650750108374,0.0079345703125,0.2805105969309807,0.2625886797904968
22448.450170770288,478,31387648,31326208,2116.2646220619035,1092.2656113867888,466,100,1.4,3.4698703635356627,10.0,0.0,0.7,2.5514701703220197,10.0,0.0,-0.0030296265467768535,0.06887719246636455,0.0007363903944982061,2.64113649725914,0.002533929105993593,0.025614420572916668,0.9930346657832464,0.003338894154391407,0.01129150390625,0.3342680111527443,0.2627633213996887
22528.42760444153,480,31457280,31457280,870.6455909329425,1638.8622888149505,473,100,1.6,3.6660606257242745,10.0,0.0,1.2,3.249615371099502,10.0,0.0,-0.0018297758761036675,0.1065975622429202,0.0007227861939706297,2.653500474989414,0.003506818975438364,0.035990397135416664,0.9856850150972605,0.003089939236815553,0.009002685546875,0.28677884116768837,0.262947142124176
22588.427873185836,481,31582976,31522816,2094.923950018658,1092.2617743478136,473,100,1.6,3.6660606257242745,10.0,0.0,1.2,3.249615371099502,10.0,0.0,0.0005535329934597636,0.08879945935526243,0.000764977862975987,2.6438064500689507,0.004180961814199691,0.038991292317708336,0.9857205158720413,0.003184017218397154,0.0079345703125,0.27921928465366364,0.2629872262477875
22668.79622618109,483,31653888,31653888,882.3373549061965,1630.8907065414173,473,100,1.6,3.6660606257242745,10.0,0.0,1.2,3.249615371099502,10.0,0.0,-0.001797340498645402,0.08686104182076329,0.0007775029577411866,2.64247690141201,0.003751083046760565,0.03591410319010417,0.9886471374581257,0.003192831897952904,0.009002685546875,0.2969857081770897,0.26312685012817383
22728.79641031474,484,31781888,31719424,2133.326786379243,1092.2633146261726,473,100,1.6,3.6660606257242745,10.0,0.0,1.2,3.249615371099502,10.0,0.0,-0.0008985000470905409,0.11742953606881201,0.0007198963618672375,2.6492623512943587,0.0028490001768659567,0.026845296223958332,0.9857664393881956,0.0031042960836202838,0.007781982421875,0.2773459665477276,0.2631603181362152
22808.79992093146,486,31850496,31850496,857.5623678401657,1638.3281057244956,473,100,1.6,3.6660606257242745,10.0,0.0,1.2,3.249615371099502,10.0,0.0,-0.002940310764339908,0.0817733650134566,0.0008482821752598586,2.643281968931357,0.003876453634196271,0.0424652099609375,0.9917305341611306,0.0033173650032646642,0.01220703125,0.34906284511089325,0.2634173035621643
22868.80052804295,487,31976704,31916032,2103.44538290228,1092.2556146510824,479,100,1.5,3.5707142753359045,10.0,0.0,1.0,3.000000025132749,10.0,0.0,-0.002197842523552633,0.0603419811814092,0.000704825153661659,2.6546669950087867,0.0028024857377507337,0.029927571614583336,0.9916586646189293,0.002812445631813413,0.007476806640625,0.2730709984898567,0.26343804597854614
22949.085656672716,489,32047104,32047104,876.8747238937423,1632.5813041221675,479,100,1.5,3.5707142753359045,10.0,0.0,1.0,3.000000025132749,10.0,0.0,-0.003745297615144712,0.06625925848493353,0.0006577510466740932,2.6603973607222238,0.002936767652499839,0.026341756184895836,0.9906122411290804,0.002371481828352747,0.0067138671875,0.25168271362781525,0.26343199610710144
23009.085724694654,490,32170752,32112640,2060.7976636758112,1092.2654283664754,479,100,1.5,3.5707142753359045,10.0,0.0,1.0,3.000000025132749,10.0,0.0,-0.002847913431954415,0.07697947905398905,0.0007876383194040196,2.648831727604071,0.0031649037549262475,0.026326497395833332,0.9913122747093439,0.0031023958581499755,0.00946044921875,0.30625445395708084,0.26352930068969727
23089.166316790506,492,32243712,32243712,911.0821747255695,1636.7511349455845,479,100,1.5,3.5707142753359045,10.0,0.0,1.0,3.000000025132749,10.0,0.0,-0.002491784151061438,0.05873234156752005,0.0007881690908106975,2.656512498855591,0.003420904786253231,0.029876708984375003,0.9925528640548389,0.002712545302832344,0.008087158203125,0.28266705200076103,0.26362866163253784
23149.166713346727,493,32372224,32309248,2141.8525105843764,1092.2594476286858,486,100,1.5,3.5707142885143504,10.0,0.0,1.5,3.5707142184782974,10.0,0.0,-0.0023774793201785847,0.12935239903163165,0.0009339916020204935,2.6479459529121714,0.003670352315263396,0.03439839680989583,0.9828816168010235,0.003111409954726696,0.008544921875,0.28899453580379486,0.2636897563934326
23228.829437436536,495,32440320,32440320,854.8038091596156,1645.3366552245232,486,100,1.5,3.5707142885143504,10.0,0.0,1.5,3.5707142184782974,10.0,0.0,-0.002997208778348674,0.05331423973742252,0.0007386409191288597,2.662849428753058,0.0026292955759951537,0.023615519205729164,0.9905774872750044,0.0023901945157073596,0.00518798828125,0.22430096194148064,0.26367107033729553
23288.829759179614,496,32568320,32505856,2133.3218936407743,1092.2608095440764,486,100,1.5,3.5707142885143504,10.0,0.0,1.5,3.5707142184782974,10.0,0.0,-0.002027261165494565,0.10666233091615142,0.0008687595091032563,2.648709088563919,0.003332818758281064,0.026346842447916664,0.9877139807989199,0.0031694142089691017,0.009918212890625,0.31142593175172806,0.2637840807437897
23368.47703510709,498,32636928,32636928,861.3979474008819,1645.6557801091474,486,100,1.5,3.5707142885143504,10.0,0.0,1.5,3.5707142184782974,10.0,0.0,-0.0024679343890359937,0.07987297943327576,0.0008590989418735263,2.6482622250914574,0.003397926737913319,0.033782958984375,0.9896282069385052,0.0031199694834261513,0.01007080078125,0.316841796040535,0.26400861144065857
23428.477313140407,499,32764672,32702464,2129.056800854624,1092.2616052480635,486,100,1.5,3.5707142885143504,10.0,0.0,1.5,3.5707142184782974,10.0,0.0,-0.0015059526534363006,0.09930748193679997,0.0008128344434226166,2.6420829594135284,0.0037284950867615403,0.038920084635416664,0.989575421437621,0.0034647285186413983,0.01129150390625,0.3342057392001152,0.26417219638824463
23508.61198207084,501,32833536,32833536,859.3533974637375,1635.646615246965,492,100,1.4,3.469870341806249,10.0,0.0,0.4,1.9595917942265424,10.0,0.0,-0.0019489576382814753,0.0892754242522642,0.0008117778173376186,2.6522108564774194,0.0033700265563917733,0.031382242838541664,0.9870935144523779,0.003019637322722701,0.00762939453125,0.2744685970246792,0.2642669379711151
23568.618295704015,502,32956416,32899072,2047.78451732898,1092.151742575456,492,100,1.4,3.469870341806249,10.0,0.0,0.4,1.9595917942265424,10.0,0.0,-0.002679501004119326,0.07456269126851112,0.0007157598629419226,2.6567223742604256,0.004189578192987635,0.033976236979166664,0.9884068239480256,0.0027048697787298197,0.006561279296875,0.2524734437465668,0.26425087451934814
23649.5528601259,504,33030144,33030144,910.9581366952281,1619.4811319026278,492,100,1.4,3.469870341806249,10.0,0.0,0.4,1.9595917942265424,10.0,0.0,-0.002766037274947545,0.1145939650402094,0.0008545223372493638,2.647126130759716,0.0036993837372089424,0.037913004557291664,0.9851563622554143,0.0032242154969329326,0.0103759765625,0.32036925852298737,0.2644476294517517
23709.553029835224,505,33156608,33095680,2107.7273716501804,1092.2635772114295,492,100,1.4,3.469870341806249,10.0,0.0,0.4,1.9595917942265424,10.0,0.0,-0.0026716053059014184,0.09163105200665693,0.0008766733390075387,2.645840379099051,0.0033431125399753605,0.036382039388020836,0.9885806081195672,0.003484155640762765,0.009002685546875,0.2937888354063034,0.26452258229255676
23789.410048688762,507,33226752,33226752,878.3698791542424,1641.3334968137667,499,100,1.3,3.3630344314151928,10.0,0.0,1.1,3.1288975742333074,10.0,0.0,-0.002855849113984732,0.06065744743682444,0.0007395307632881061,2.649315963188807,0.0029832784609122127,0.0321807861328125,0.9926367731144031,0.0031094404281854318,0.0079345703125,0.27982982993125916,0.2648020386695862
23849.410170240328,508,33344768,33292288,1966.9293486109634,1092.2644538924221,499,100,1.3,3.3630344314151928,10.0,0.0,1.1,3.1288975742333074,10.0,0.0,-0.002380839770921739,0.06862662335818943,0.0007446731724485289,2.6552998051047325,0.0028974938389486247,0.0277862548828125,0.9897582288831474,0.0029396492779293717,0.00732421875,0.26428918167948723,0.26481345295906067
23931.476690753363,510,33423360,33423360,957.6621441811528,1597.1433805236163,499,100,1.3,3.3630344314151928,10.0,0.0,1.1,3.1288975742333074,10.0,0.0,-0.0012371615763792458,0.10622707948399088,0.0007931820770560686,2.6420798723896346,0.004846271625865484,0.04229227701822917,0.9860986477384964,0.00350488034018781,0.009307861328125,0.30367181450128555,0.26496580243110657
23991.476902513765,511,33548032,33488896,2077.859333194548,1092.2628116998035,499,100,1.3,3.3630344314151928,10.0,0.0,1.1,3.1288975742333074,10.0,0.0,-0.003060830366545512,0.06378976245954011,0.0008093745976414841,2.658956048389276,0.0037196093320138366,0.038798014322916664,0.9882426348825296,0.0029833670826822827,0.0067138671875,0.25474098697304726,0.2649542987346649
24071.70395455882,513,33619968,33619968,896.6551576593073,1633.7631342404459,506,100,1.4,3.469870357000091,10.0,0.0,1.2,3.2496154483906574,10.0,0.0,-0.0018542047631247747,0.07627492964578171,0.0008140926250537935,2.64766751229763,0.00336859874187212,0.033335367838541664,0.9864847362041472,0.0030267357433331195,0.006561279296875,0.2547777108848095,0.2650379538536072
24131.704032986425,514,33740288,33685504,2005.3307121119058,1092.2652389375487,506,100,1.4,3.469870357000091,10.0,0.0,1.2,3.2496154483906574,10.0,0.0,-0.0016885750471071028,0.08848532434785739,0.0008106764768551026,2.647872862716516,0.003627361583615614,0.032872517903645836,0.9881695695221424,0.003261221725551877,0.007781982421875,0.27404074743390083,0.2650655210018158
24212.75242136605,516,33816576,33816576,941.2648607233423,1617.2067405716487,506,100,1.4,3.469870357000091,10.0,0.0,1.2,3.2496154483906574,10.0,0.0,-0.002098368264948173,0.08695097818660238,0.0007798053623749487,2.645792027314504,0.0032242154684354323,0.033472696940104164,0.9895000054190557,0.003212584888387937,0.008392333984375,0.2875112220644951,0.26518717408180237
24272.75739871245,517,33938688,33882112,2035.0311824145754,1092.1760643566693,506,100,1.4,3.469870357000091,10.0,0.0,1.2,3.2496154483906574,10.0,0.0,-0.0030543276492001796,0.06247994963390132,0.0007729509949664741,2.6438041403889656,0.0036847085436117295,0.03411865234375,0.9931420522431532,0.0036693616493721493,0.009613037109375,0.30862294137477875,0.26528096199035645
24353.340951244347,519,34013184,34013184,924.4566373579976,1626.5353894408756,506,100,1.4,3.469870357000091,10.0,0.0,1.2,3.2496154483906574,10.0,0.0,-0.003295999397475195,0.06859160012875995,0.0007394630647468148,2.656722361842791,0.004018184673744448,0.03875223795572917,0.990195270627737,0.0030271059295046143,0.005340576171875,0.22786640003323555,0.26531246304512024
24413.34851286281,520,34139904,34078720,2111.7338645703735,1092.1290289495264,512,100,1.5,3.570714276117006,10.0,0.0,1.1,3.128897591082904,10.0,0.0,-0.0010293888287075483,0.06914468695564815,0.0007738917477884872,2.643661099175612,0.0034194186112775546,0.0353851318359375,0.9914491195231676,0.0031985018116150363,0.00946044921875,0.3046772629022598,0.2653999328613281
24493.838090158068,522,34209792,34209792,868.2863340632409,1628.434443371353,512,100,1.5,3.570714276117006,10.0,0.0,1.1,3.128897591082904,10.0,0.0,-0.0025341202635900117,0.06572608760325238,0.0007467553665871188,2.6391454388697944,0.005153342011908535,0.04295857747395833,0.9925239893297355,0.0037473157378068818,0.007781982421875,0.2749943323433399,0.26547476649284363
24553.838316307403,523,34331392,34275328,2026.6590278734593,1092.2625497591696,512,100,1.5,3.570714276117006,10.0,0.0,1.1,3.128897591082904,10.0,0.0,-0.0005094590123917442,0.10610828762097904,0.0007851833209618537,2.6334003706773124,0.004409412134312636,0.043314615885416664,0.9873733930289745,0.004353219378875413,0.010223388671875,0.31753142923116684,0.26558879017829895
24634.790758344345,525,34406400,34406400,926.5687126000599,1619.1234841338933,512,100,1.5,3.570714276117006,10.0,0.0,1.1,3.128897591082904,10.0,0.0,-0.0013908126929891296,0.08089726391093184,0.000831345007706356,2.649134762585163,0.0035787291872111386,0.032750447591145836,0.9892956378559271,0.003297884381026961,0.008544921875,0.29192082583904266,0.265656977891922
24694.791178072803,526,34532096,34471936,2094.9186783835607,1092.259025796724,519,100,1.5,3.570714259700854,10.0,0.0,0.9,2.861817635846067,10.0,0.0,-0.0023113091022726926,0.0645444737165235,0.0007741379801397367,2.644413041571776,0.002767414488213641,0.027684529622395832,0.9918883262823026,0.003356459991967616,0.00885009765625,0.29235781356692314,0.26572084426879883
24776.49230709765,528,34603008,34603008,867.9439421018653,1604.2862756539894,519,100,1.5,3.570714259700854,10.0,0.0,0.9,2.861817635846067,10.0,0.0,-0.0020924874819077863,0.06198860052973032,0.0009000251405571664,2.6429305945833526,0.0035898231083895853,0.036717732747395836,0.9930428688724836,0.00339893532024386,0.00885009765625,0.29315510764718056,0.26580438017845154
24836.492563368753,529,34725120,34668544,2035.191307321364,1092.2620014135623,519,100,1.5,3.570714259700854,10.0,0.0,0.9,2.861817635846067,10.0,0.0,-0.002962665540205004,0.07203690513658027,0.0008341401929404431,2.6446043302615485,0.0035613994568848284,0.03397115071614583,0.9909819966802994,0.003360412738402374,0.0091552734375,0.30092907696962357,0.2658784091472626
24918.776514695026,531,34799616,34799616,905.3527303836869,1592.9230170324663,519,100,1.5,3.570714259700854,10.0,0.0,0.9,2.861817635846067,10.0,0.0,-0.002067651497782208,0.05729644504996638,0.000802335336629767,2.6458188047011695,0.003440376049184124,0.0316009521484375,0.9919311963021755,0.0035429066823174553,0.00885009765625,0.29365716502070427,0.26599860191345215
24978.77681562025,532,34924288,34865152,2077.8562453440304,1092.261188517601,519,100,1.5,3.570714259700854,10.0,0.0,0.9,2.861817635846067,10.0,0.0,-0.0030319474365872643,0.06690715571554999,0.0008239550491756138,2.6496106212337813,0.002429985497049832,0.030522664388020832,0.9900249845037857,0.003009412697186538,0.00823974609375,0.2831399254500866,0.26603949069976807
25060.43655048497,534,34996224,34996224,880.9237517017666,1605.0995048800871,526,100,1.3,3.363034383461588,10.0,0.0,1.1,3.128897581481095,10.0,0.0,-0.0028313420164825702,0.06019479368114843,0.0007315781840588897,2.6460317547122636,0.0025582354289023597,0.025070190429687503,0.9920683900515238,0.0031064008241325305,0.01007080078125,0.3113752529025078,0.26622262597084045
25120.43663206324,535,35112448,35061760,1937.0640329611347,1092.265181581609,526,100,1.3,3.363034383461588,10.0,0.0,1.1,3.128897581481095,10.0,0.0,-0.0014436995649399857,0.0942973576214475,0.0007690556182448441,2.641468110183875,0.0034831985091538327,0.031153361002604168,0.9865626469254495,0.0034743402648018673,0.01068115234375,0.317825797945261,0.26634839177131653
25201.734600177035,537,35192832,35192832,988.7577988109664,1612.2420158955886,526,100,1.3,3.363034383461588,10.0,0.0,1.1,3.128897581481095,10.0,0.0,-0.002439361887809355,0.11422766648077717,0.0007964440786357349,2.6381059860189757,0.004373169525933918,0.03410847981770833,0.988489119336009,0.0035023479795199823,0.012054443359375,0.3457800894975662,0.2665717601776123
25261.73484719172,538,35314688,35258368,2030.9249721950794,1092.2621699200427,526,100,1.3,3.363034383461588,10.0,0.0,1.1,3.128897581481095,10.0,0.0,-0.002777795602014521,0.08753529833241676,0.0008440371051013548,2.6454844226439795,0.003305164847309546,0.034810384114583336,0.9876660810162624,0.00323873962770449,0.007476806640625,0.27281883358955383,0.26658448576927185
25342.371031681076,540,35389440,35389440,927.0279896473609,1625.473735272085,532,100,1.2,3.2496154321669954,10.0,0.0,0.9,2.8618176174239767,10.0,0.0,-0.0019555262721648132,0.1087728355002279,0.0008596310902551826,2.642559270064036,0.0035363812651970266,0.038152058919270836,0.9869284753998121,0.003469896134144316,0.011138916015625,0.3330733850598335,0.26682665944099426
25402.371136349626,541,35511808,35454976,2039.4631088725537,1092.2647612371836,532,100,1.2,3.2496154321669954,10.0,0.0,0.9,2.8618176174239767,10.0,0.0,-0.0029393435397651047,0.05666738327515001,0.0007383235745995382,2.6520318165421486,0.004326466267836319,0.038228352864583336,0.9929935131222011,0.0027269990532658994,0.007171630859375,0.26377707719802856,0.2668282687664032
25483.532460456714,543,35586048,35586048,914.7213998387234,1614.956402473884,532,100,1.2,3.2496154321669954,10.0,0.0,0.9,2.8618176174239767,10.0,0.0,-0.0017415330767107664,0.05328572644308831,0.0007506414222007152,2.654986910521984,0.002743601278780261,0.025441487630208332,0.9936888857434193,0.0031834411953847543,0.008087158203125,0.28320857882499695,0.2669156491756439
25543.532943723723,544,35710464,35651584,2073.583298426682,1092.2578691301042,532,100,1.2,3.2496154321669954,10.0,0.0,0.9,2.8618176174239767,10.0,0.0,-0.0021278321025116993,0.05994249387489011,0.0007249784527327089,2.655434213578701,0.002884315867049736,0.029240926106770836,0.9917125018934408,0.002878075259407827,0.00823974609375,0.2852443978190422,0.26695379614830017
25625.511548293754,546,35782656,35782656,880.6200151690696,1598.8561977537718,538,100,1.4,3.469870357000091,10.0,0.0,0.8,2.712932012683201,10.0,0.0,-0.002188301924131035,0.07470634000492282,0.0007778179175754,2.645202952126662,0.003503075497671186,0.0294189453125,0.9917373725523552,0.0033898079394324063,0.00885009765625,0.29548734426498413,0.2670662999153137
25685.51192617789,547,35902464,35848192,1996.7874240952028,1092.2597875392562,538,100,1.4,3.469870357000091,10.0,0.0,0.8,2.712932012683201,10.0,0.0,-0.002121831629968559,0.10666601887593666,0.0007528098115775114,2.642136536538601,0.004370377944724169,0.04330444335937501,0.9879017298420271,0.003464997510794395,0.0103759765625,0.32106853276491165,0.26717695593833923
25767.793179491535,549,35979264,35979264,933.3839350653559,1592.9752491782074,538,100,1.4,3.469870357000091,10.0,0.0,0.8,2.712932012683201,10.0,0.0,-0.0021230694110272452,0.08093756666251768,0.0007317116851481842,2.649512007832527,0.0033178115803214796,0.031926472981770836,0.9899087989081939,0.0032168095664625676,0.009765625,0.3114272281527519,0.2672567665576935
25827.79334741272,550,36104960,36044800,2094.9274702882612,1092.2636097633297,538,100,1.4,3.469870357000091,10.0,0.0,0.8,2.712932012683201,10.0,0.0,-0.002512961162816888,0.09761290207582836,0.0007037296854832675,2.6444057797392206,0.00418652386967248,0.042210896809895836,0.9875703938305378,0.003501860553418131,0.00885009765625,0.29440438002347946,0.2673145830631256
25908.774882468395,552,36175872,36175872,875.6564067506027,1618.5418059794533,545,100,1.8,3.8418746206206844,10.0,0.0,1.3,3.363034364303226,10.0,0.0,-0.0034087648285397636,0.08700580155709758,0.0007041212271966893,2.6396959076325097,0.004483073540541227,0.043360392252604164,0.9908810326208671,0.0034734113772477335,0.010223388671875,0.31802714616060257,0.2675533890724182
25968.77497076709,553,36294144,36241408,1971.1970990978652,1092.2650592403756,545,100,1.8,3.8418746206206844,10.0,0.0,1.3,3.363034364303226,10.0,0.0,-0.0016627104802561612,0.11124341263591,0.0008164841413721055,2.6257774829864506,0.0051800217491593985,0.04934183756510417,0.9893221762031317,0.00418795449756241,0.010986328125,0.3306286111474037,0.26768234372138977
26051.247717132792,555,36372480,36372480,949.8410499468475,1589.2765280156402,545,100,1.8,3.8418746206206844,10.0,0.0,1.3,3.363034364303226,10.0,0.0,-0.0018233485716336872,0.0908135741095369,0.0007452732788806314,2.655194158355395,0.0033865830446302425,0.0337371826171875,0.9873529834051927,0.0029215427348390217,0.00823974609375,0.2828161045908928,0.26774391531944275
26111.249198310077,556,36496640,36438016,2069.2822504355627,1092.2397033226887,545,100,1.8,3.8418746206206844,10.0,0.0,1.3,3.363034364303226,10.0,0.0,-0.0007281946867199925,0.062427137881362185,0.0006617007857130376,2.6486449067791304,0.0027558743428623225,0.025156656901041668,0.9929143985112507,0.0029073929957424602,0.011749267578125,0.3387591540813446,0.2678973376750946
26192.5575094549,558,36569088,36569088,891.0282230676282,1612.0369265393133,550,100,1.2,3.2496153780780466,10.0,0.0,1.0,3.000000025132749,10.0,0.0,-0.002716879619886943,0.06106212801144769,0.0006487855898740237,2.6533201883236566,0.0026378853211402506,0.028844197591145832,0.9894107220073541,0.002785464270952313,0.006561279296875,0.2547777108848095,0.2679883539676666
26252.55759278778,559,36691456,36634624,2039.4638340933723,1092.265149639965,550,100,1.2,3.2496153780780466,10.0,0.0,1.0,3.000000025132749,10.0,0.0,-0.0032371709688353194,0.04092761179587493,0.0005993162103550276,2.661519043147564,0.002475512763946123,0.023234049479166668,0.9935618247836829,0.0025536710309097543,0.00732421875,0.2695848047733307,0.26799294352531433
26333.907862598076,561,36765696,36765696,912.5968503008377,1611.2054736345824,550,100,1.2,3.2496153780780466,10.0,0.0,1.0,3.000000025132749,10.0,0.0,-0.0026255392185703386,0.07581790511418755,0.0007431863693151778,2.6376937677462893,0.002774779692117591,0.029179890950520836,0.991841396316886,0.003271611598999395,0.009918212890625,0.314525306224823,0.26817426085472107
26393.908163568005,562,36886528,36831232,2013.8565648288945,1092.261187703807,550,100,1.2,3.2496153780780466,10.0,0.0,1.0,3.000000025132749,10.0,0.0,-0.002594984615522359,0.0627277470387829,0.000661159647279419,2.651561178267002,0.002992516134327161,0.025797526041666664,0.9905996980766455,0.002973250685802971,0.00885009765625,0.2915237806737423,0.26822900772094727
26475.188497028314,564,36962304,36962304,932.2796397852313,1612.591809358238,556,100,1.4,3.469870341806249,10.0,0.0,0.6,2.374868439606987,10.0,0.0,-0.0028036957955919206,0.07052710879361257,0.0006781552128813928,2.645516514778137,0.003435979666392086,0.03334554036458333,0.9907701512177786,0.003085103400129204,0.009613037109375,0.3097093254327774,0.2684536874294281
26535.191360987723,565,37088768,37027840,2107.632730423506,1092.2145323652178,556,100,1.4,3.469870341806249,10.0,0.0,0.6,2.374868439606987,10.0,0.0,-0.0014283872151281685,0.0985812428795422,0.0007794438958323251,2.635310118397077,0.0032717703106754925,0.036122639973958336,0.9888863159964482,0.0037734205422263285,0.010528564453125,0.3226524889469147,0.26856285333633423
26616.532954308204,567,37158912,37158912,862.338652792753,1611.3773366054363,556,100,1.4,3.469870341806249,10.0,0.0,0.6,2.374868439606987,10.0,0.0,-0.0006036914104091313,0.08867423826207717,0.0006862845239083981,2.6449652165174484,0.0032927612361769816,0.0304718017578125,0.9891912477711836,0.0032502496760571375,0.011444091796875,0.337714359164238,0.26871487498283386
26676.539336005226,568,37288704,37224448,2162.969943019287,1092.1505037730522,556,100,1.4,3.469870341806249,10.0,0.0,0.6,2.374868439606987,10.0,0.0,-0.00019947784312535077,0.11739850927066678,0.000741603982532979,2.641321986913681,0.0025812250017528036,0.0240936279296875,0.9850898881753285,0.003148976347195761,0.01007080078125,0.3164382800459862,0.26880791783332825
26757.25614599604,570,37355520,37355520,827.7829612890116,1623.8501003064137,562,100,1.4,3.469870341806249,10.0,0.0,1.3,3.3630343553699014,10.0,0.0,-0.002549559359370808,0.09482868217552702,0.000702278668541112,2.6433518677949905,0.0026634832938725594,0.026926676432291668,0.9882133211940527,0.0033139601897952766,0.009613037109375,0.3093087151646614,0.26893824338912964
26817.256409014575,571,37474560,37421056,1983.9913028919477,1092.2618785813734,562,100,1.4,3.469870341806249,10.0,0.0,1.3,3.3630343553699014,10.0,0.0,-0.002630192854364092,0.06732130467814082,0.000678963115812318,2.6449813743432364,0.0030864870677760337,0.030619303385416668,0.9915151875466108,0.003052736052874631,0.010528564453125,0.32167111337184906,0.2690452039241791
26898.87500433065,573,37552128,37552128,950.371661011948,1605.9085493007176,562,100,1.4,3.469870341806249,10.0,0.0,1.3,3.3630343553699014,10.0,0.0,-0.0006656071661078993,0.08303851869034892,0.0007315750517591368,2.644642037649949,0.0039196996549435426,0.0388336181640625,0.9897482804954052,0.003206482872580333,0.010223388671875,0.31803832948207855,0.26918381452560425
26958.875256174244,574,37680896,37617664,2146.1243252056124,1092.2620820131942,562,100,1.4,3.469870341806249,10.0,0.0,1.3,3.3630343553699014,10.0,0.0,-0.0023328923380177002,0.10976181398533905,0.00061184593202294,2.65809877961874,0.002945905932695799,0.0236968994140625,0.9832916998614868,0.002597695999914625,0.007476806640625,0.2712026350200176,0.26919108629226685
27039.51788489148,576,37748736,37748736,841.2424182980553,1625.3438421456767,568,100,1.6,3.66606061799342,10.0,0.0,1.0,3.0,10.0,0.0,-0.00274558704647158,0.07973690053525692,0.000718702935046167,2.636325960357984,0.003326124839077238,0.038482666015625,0.991407781218489,0.003467843067483045,0.011444091796875,0.3287941701710224,0.26938730478286743
27099.517966424115,577,37875200,37814272,2107.730469186357,1092.265182412363,568,100,1.6,3.66606061799342,10.0,0.0,1.0,3.0,10.0,0.0,-0.0018768648284700853,0.07547029548247035,0.0007614431439530259,2.6422646070520086,0.0036556254981405805,0.041951497395833336,0.9903318385283152,0.003325303766663031,0.009765625,0.3115755394101143,0.26946771144866943
27180.149131190963,579,37945344,37945344,869.9365834888703,1625.5749297310279,568,100,1.6,3.66606061799342,10.0,0.0,1.0,3.0,10.0,0.0,-0.002795982312818523,0.06835347491626938,0.0006590429172016835,2.6312970320383706,0.0030220867247408023,0.02880859375,0.9913376035789648,0.0032627817345201038,0.008544921875,0.28674856945872307,0.2695397436618805
27240.149437058717,580,38069760,38010880,2073.589429264312,1092.261098542518,568,100,1.6,3.66606061799342,10.0,0.0,1.0,3.0,10.0,0.0,-0.0028185618418016625,0.05369841823509584,0.0006911375215471102,2.629561374584834,0.0035988617989157015,0.037495930989583336,0.9941026593248049,0.0037635088883689605,0.010223388671875,0.31693335622549057,0.26963403820991516
27320.41733150743,582,38141952,38141952,899.3882360540478,1632.9318328357178,574,100,1.3,3.363034383461588,10.0,0.0,0.8,2.712932012683201,10.0,0.0,-0.0022199330293612247,0.0873669587696592,0.000790292331657838,2.642230133215586,0.003091956110438332,0.02972412109375,0.9879188481718302,0.0037812441441928963,0.008087158203125,0.27920104935765266,0.2697487771511078
27380.41793846991,583,38266112,38207488,2069.3124000835746,1092.2556173637013,574,100,1.3,3.363034383461588,10.0,0.0,0.8,2.712932012683201,10.0,0.0,-0.0027465834561250326,0.0585901037363025,0.0007292550562851829,2.6380049660801888,0.003014339259607368,0.038182576497395836,0.9936896568785111,0.0035823720875972262,0.010223388671875,0.31803832948207855,0.26984214782714844
27460.669692371972,585,38338560,38338560,902.7590859685599,1633.2602544731544,574,100,1.3,3.363034383461588,10.0,0.0,0.8,2.712932012683201,10.0,0.0,-0.0024970643838363076,0.11280747995867084,0.0007285385612097647,2.636581021050612,0.004478158328614275,0.041966756184895836,0.9863890465348959,0.00360540594313837,0.009002685546875,0.29836752265691757,0.26994583010673523
27520.670068740845,586,38461184,38404096,2043.7205134535666,1092.2598151234092,574,100,1.3,3.363034383461588,10.0,0.0,0.8,2.712932012683201,10.0,0.0,-0.0020455867852433585,0.09780890799205129,0.0007595996006178515,2.634268492460251,0.003006458517726666,0.028244018554687503,0.9893098312119643,0.0035516098917772374,0.010833740234375,0.32670100778341293,0.2700575888156891
27601.43068308197,588,38535168,38535168,916.0901090660215,1622.9693281723287,581,100,1.6,3.666060644059847,10.0,0.0,1.1,3.128897654506477,10.0,0.0,-0.0013872930139768869,0.08124366517101105,0.0007084715380187845,2.6472801367441816,0.0034257320142690633,0.03433736165364583,0.9887011392662922,0.0031884578541697315,0.00823974609375,0.28221093118190765,0.2701359689235687
27661.439477211796,589,38657536,38600704,2039.1677882288843,1092.1065978799045,581,100,1.6,3.666060644059847,10.0,0.0,1.1,3.128897654506477,10.0,0.0,-0.003473375101748388,0.05875557581506048,0.0007047346092197889,2.635076992213726,0.003550954311018965,0.036961873372395836,0.9929034983118376,0.0032158970158585962,0.009918212890625,0.3124554082751274,0.27021801471710205
27741.721484768204,591,38731776,38731776,924.7402034364507,1632.6447729636648,581,100,1.6,3.666060644059847,10.0,0.0,1.1,3.128897654506477,10.0,0.0,-0.002870830790925538,0.08040049082289139,0.0007724341248831479,2.641314143935839,0.0043841714389903546,0.03925069173177083,0.9904497607300679,0.0030602881718853796,0.009613037109375,0.30797483772039413,0.2704765498638153
27801.731810295023,592,38856448,38797312,2077.509143727008,1092.0787285300084,581,100,1.6,3.666060644059847,10.0,0.0,1.1,3.128897654506477,10.0,0.0,-0.001791420151372828,0.05770517588825896,0.0007406908910828255,2.6334323262174926,0.0034172159739682684,0.0354156494140625,0.9927008294810851,0.00318233985065793,0.008697509765625,0.28898314014077187,0.2705194652080536
27881.777609254234,594,38928384,38928384,898.685514234881,1637.4625739795695,581,100,1.6,3.666060644059847,10.0,0.0,1.1,3.128897654506477,10.0,0.0,-0.002641444275165365,0.10432349174516276,0.0007581844844632238,2.6317510232329364,0.0036542641343354867,0.035135904947916664,0.9901012747238079,0.003523617771861609,0.010223388671875,0.31314561888575554,0.2707233130931854
27941.782420818694,595,39051520,38993920,2052.1021029742037,1092.1790818324243,587,100,2.0,4.000000119013235,10.0,0.0,1.1,3.1288975742333074,10.0,0.0,-0.002377448244563614,0.1075847651033352,0.0008359252157485267,2.6283893063664436,0.0041569893916554666,0.043019612630208336,0.9899438278128704,0.0036366744631474526,0.0103759765625,0.31537822261452675,0.2708175480365753
28022.736858485267,597,39124992,39124992,907.5722359113829,1619.083570685115,587,100,2.0,4.000000119013235,10.0,0.0,1.1,3.1288975742333074,10.0,0.0,-0.002350485304001874,0.08632778514098997,0.0007624498830409719,2.6428297013044357,0.003489567545936249,0.03577677408854167,0.9913898079345623,0.003400695684831589,0.0091552734375,0.3005261719226837,0.27095791697502136
28082.74058063235,598,39247616,39190528,2043.6065565968825,1092.1989112501083,587,100,2.0,4.000000119013235,10.0,0.0,1.1,3.1288975742333074,10.0,0.0,-0.0029658818663544175,0.0756858564952078,0.000771189526252177,2.6335609157880144,0.0032165528512753854,0.03240458170572917,0.9924638345837594,0.0032569861917484864,0.010833740234375,0.32274461165070534,0.271065354347229
28163.05787074007,600,39321600,39321600,921.1466161367553,1631.927569072729,587,100,2.0,4.000000119013235,10.0,0.0,1.1,3.1288975742333074,10.0,0.0,-0.00222753404523246,0.08142784080700949,0.000742848236162293,2.6420123328765235,0.004012217553584681,0.044102986653645836,0.9907277965297302,0.003111329708190169,0.01068115234375,0.32558996975421906,0.2712789475917816
28223.05799187068,601,39449344,39387136,2129.062368423013,1092.2644615556942,594,100,1.5,3.570714266051848,10.0,0.0,0.9,2.861817635846067,10.0,0.0,-0.0020314326308531845,0.07564698388644804,0.0006906825146870688,2.6390575816233954,0.002917927562521072,0.027191162109375,0.9922322848190864,0.0031997729893191718,0.01068115234375,0.3220946528017521,0.2713804841041565
28303.344086586498,603,39518208,39518208,857.732590478482,1632.5616592006797,594,100,1.5,3.570714266051848,10.0,0.0,0.9,2.861817635846067,10.0,0.0,-0.00214789458065449,0.06434509929385968,0.0006309586779025267,2.6515406891703606,0.0024663613894517766,0.029317220052083336,0.9912563084314266,0.0027298475688439794,0.009765625,0.31079308688640594,0.27153125405311584
28363.34418832697,604,39641600,39583744,2056.5298461280454,1092.2648145410367,594,100,1.5,3.570714266051848,10.0,0.0,0.9,2.861817635846067,10.0,0.0,-0.0016714479691775828,0.0766445883976606,0.0007079511948783571,2.649144185086091,0.00361729691576329,0.031977335611979164,0.9901066292077303,0.00304860933101736,0.00946044921875,0.3048868551850319,0.2715946435928345
28444.02302303724,606,39714816,39714816,907.4994732252848,1624.6144415781323,594,100,1.5,3.570714266051848,10.0,0.0,0.9,2.861817635846067,10.0,0.0,-0.001580155041059091,0.08376914641121404,0.0006392747682184563,2.650846242904663,0.0027128706982087656,0.0244140625,0.9884973379472891,0.0026220772197120823,0.008392333984375,0.2867053635418415,0.27175772190093994
28504.023647804745,607,39839232,39780352,2073.5784082598702,1092.255293239767,600,100,1.6,3.666060619538456,10.0,0.0,1.0,3.000000017573554,10.0,0.0,-0.002903848852535399,0.048206215365401775,0.0007301247508924765,2.643312767148018,0.0025693986620656992,0.025639851888020832,0.9936096699287494,0.003028414401342161,0.007781982421875,0.2781399190425873,0.27176958322525024
28585.24845033884,609,39911424,39911424,888.7925577867152,1613.694289314887,600,100,1.6,3.666060619538456,10.0,0.0,1.0,3.000000017573554,10.0,0.0,-0.0005108970168900366,0.09811358495304982,0.0006333056796089901,2.6522015780210495,0.003464675977132477,0.028539021809895832,0.9860207544018825,0.002926931852319588,0.007781982421875,0.2767570726573467,0.2718713581562042
28645.248539356515,610,40038656,39976960,2120.5301872555733,1092.265046151764,600,100,1.6,3.666060619538456,10.0,0.0,1.0,3.000000017573554,10.0,0.0,-0.002191205542961446,0.06891266828946149,0.0005536565076909028,2.662590399384499,0.002455156231614334,0.0211944580078125,0.9878541901707649,0.002274200443935115,0.006866455078125,0.26041461154818535,0.2718553841114044
28725.03666095622,612,40108032,40108032,869.5028609403602,1642.75079262533,600,100,1.6,3.666060619538456,10.0,0.0,1.0,3.000000017573554,10.0,0.0,-0.002539467470342061,0.06098018761258573,0.0005595991788140964,2.6510031446814537,0.002731262594049137,0.025395711263020836,0.9914684966206551,0.0030355332710314546,0.00885009765625,0.29688315093517303,0.2719472348690033
28785.038882516325,613,40238336,40173568,2171.652925708281,1092.226225896503,600,100,1.6,3.666060619538456,10.0,0.0,1.0,3.000000017573554,10.0,0.0,-0.0019738472474273294,0.05905454974466314,0.000641332907131679,2.646149267752965,0.0026173797699205656,0.025675455729166668,0.9929436935732762,0.00327491166293233,0.00885009765625,0.2949318327009678,0.2719906270503998
28864.151346215047,615,40304640,40304640,838.0980303242753,1656.7806622626601,607,100,1.8,3.84187466259749,10.0,0.0,1.0,3.0,10.0,0.0,-0.003101779344433453,0.05215837616318217,0.0005868114191495503,2.6517269710699716,0.00413029405293249,0.033040364583333336,0.9925338942557573,0.0031976392419892363,0.01068115234375,0.325225293636322,0.27205875515937805
28924.159779687412,616,40432896,40370176,2137.299585716797,1092.1131615638724,607,100,1.8,3.84187466259749,10.0,0.0,1.0,3.0,10.0,0.0,-0.0018027658540328653,0.0979372812823082,0.0006656063821234662,2.6462886184453964,0.0024950050089197853,0.026102701822916668,0.9886475993941227,0.003117366201574138,0.01190185546875,0.34250611811876297,0.2721926271915436
29004.049566575326,618,40501248,40501248,855.5786998893669,1640.660278439535,607,100,1.8,3.84187466259749,10.0,0.0,1.0,3.0,10.0,0.0,-0.0023853344209783245,0.07523506086242074,0.0005997987330677764,2.6416973099112515,0.002987968448602866,0.030390421549479168,0.9908058562626442,0.0030454854083169875,0.0091552734375,0.2999180555343628,0.2723502516746521
29064.04978925176,619,40626944,40566784,2094.9255584907987,1092.262612980946,607,100,1.8,3.84187466259749,10.0,0.0,1.0,3.0,10.0,0.0,-0.001070136696701714,0.07748462614836171,0.0006179134240179944,2.645074668029944,0.004478300064874929,0.044352213541666664,0.9917432678242524,0.0034569710187497553,0.01129150390625,0.3335389643907547,0.2724648118019104
29143.602334897034,621,40697856,40697856,891.3856800535017,1647.6154086187469,613,100,1.6,3.6660606744297892,10.0,0.0,1.3,3.363034409824823,10.0,0.0,-0.0005186180884872252,0.08633654170747226,0.000696776169813044,2.6295578181743617,0.003855948126632332,0.041147867838541664,0.9911498154203098,0.0037883933109696954,0.01220703125,0.34868595749139786,0.27270612120628357
29203.602785555646,622,40826880,40763392,2150.383848516661,1092.2584627386216,613,100,1.6,3.6660606744297892,10.0,0.0,1.3,3.363034409824823,10.0,0.0,-0.002051347040833207,0.0815986315428745,0.0006607732393604238,2.6366006011764207,0.00441438906576271,0.0394744873046875,0.9914365305254856,0.0035175763429530584,0.01068115234375,0.31335899978876114,0.2728014588356018
29283.380028560758,624,40894464,40894464,847.158882084575,1642.9748016185695,613,100,1.6,3.6660606744297892,10.0,0.0,1.3,3.363034409824823,10.0,0.0,-0.0032070985265211975,0.03596856302465312,0.0005876188703647738,2.6539555191993713,0.0030158701938489685,0.026407877604166668,0.9958203534285227,0.0031181157125198906,0.0103759765625,0.31986235827207565,0.27296867966651917
29343.38036430627,625,41017088,40960000,2043.7218971590385,1092.2605546403213,613,100,1.6,3.6660606744297892,10.0,0.0,1.3,3.363034409824823,10.0,0.0,-0.0015031996517791413,0.11382293014321478,0.000638923565929872,2.642046426733335,0.0031332382022810634,0.0330963134765625,0.9879055762042602,0.0031597367002783963,0.010528564453125,0.32421155273914337,0.27305856347084045
29424.25515896082,627,41091072,41091072,914.7967585700615,1620.6779944217005,620,100,1.4,3.4698703890871836,10.0,0.0,0.8,2.7129319932501073,10.0,0.0,-0.0006136126564039538,0.09368021863823135,0.0006533989817398833,2.6463720525304475,0.0035916439786281744,0.0350189208984375,0.9907228865971167,0.003324522488886335,0.01007080078125,0.3144656792283058,0.27319738268852234
29484.26205075998,628,41214464,41156608,2056.2971402182948,1092.141219701003,620,100,1.4,3.4698703890871836,10.0,0.0,0.8,2.7129319932501073,10.0,0.0,-0.002537609953530288,0.06350966327590868,0.0005967495208096807,2.652060521145662,0.0032114231247154144,0.03145345052083333,0.9926382688184578,0.002910338737516819,0.0079345703125,0.27834102883934975,0.27321091294288635
29565.228839526884,630,41287680,41287680,904.2719998539238,1618.8365871510805,620,100,1.4,3.4698703890871836,10.0,0.0,0.8,2.7129319932501073,10.0,0.0,-0.002694471255381359,0.060833239762966215,0.0005822976239263274,2.6554344842831292,0.002614434727244467,0.025604248046875,0.9922490827739239,0.0025937141520747295,0.00885009765625,0.29315510764718056,0.27335289120674133
29625.229194693267,631,41413376,41353216,2094.9209325751585,1092.2602010982498,620,100,1.4,3.4698703890871836,10.0,0.0,0.8,2.7129319932501073,10.0,0.0,-0.001633514066876766,0.09235136195396385,0.0006998512186934628,2.6433587397138276,0.0028824920094242166,0.029057820638020832,0.9903072242935498,0.0034436736726396093,0.01129150390625,0.3348618745803833,0.27346324920654297
29704.758277129382,633,41484288,41484288,891.648662701011,1648.1014992885114,626,100,1.5,3.570714290881744,10.0,0.0,0.8,2.712932012683201,10.0,0.0,-0.002896593628975097,0.05771832581376657,0.0006464658181357663,2.6398542200525603,0.003273027884764209,0.0321807861328125,0.9936059682319562,0.0033703433437040076,0.009307861328125,0.30353786796331406,0.27356404066085815
29764.758408530615,634,41601792,41549824,1958.3957110731355,1092.2642745854525,626,100,1.5,3.570714290881744,10.0,0.0,0.8,2.712932012683201,10.0,0.0,-0.0005212119625260432,0.0725050719823533,0.0005772931369089443,2.654772030810515,0.0033451149975007866,0.029912312825520832,0.989281148960193,0.0031010062909141802,0.0067138671875,0.25848279520869255,0.27354171872138977
29846.234398292378,636,41680896,41680896,970.8872544083468,1608.7193341652867,626,100,1.5,3.570714290881744,10.0,0.0,0.8,2.712932012683201,10.0,0.0,-0.002412120609127063,0.09066457361526167,0.0007036320360687871,2.633704033990701,0.004445148763503918,0.04271952311197917,0.9908545551200707,0.0036890320164578347,0.00823974609375,0.2850749269127846,0.27372491359710693
29906.239746075124,637,41808384,41746432,2124.6106340651545,1092.1693219290753,626,100,1.5,3.570714290881744,10.0,0.0,0.8,2.712932012683201,10.0,0.0,-0.0023504229272172474,0.06335780674514051,0.0006364755766602077,2.6542535920937853,0.003462412261796999,0.034154256184895836,0.9909398350864649,0.0030323575362369106,0.010223388671875,0.3180987387895584,0.2738029360771179
29985.805569219403,639,41877504,41877504,868.7146976995682,1647.3404637858478,632,100,1.6,3.666060644059847,10.0,0.0,0.9,2.8618176174239767,10.0,0.0,-0.0018067620743143684,0.09700743520321944,0.0007310239864940135,2.6326389585932093,0.00363945641220198,0.0354461669921875,0.9919082820415497,0.004290110708097927,0.01373291015625,0.36913397163152695,0.2740495502948761
30045.805868661962,640,42002176,41943040,2077.856296689871,1092.2612155084335,632,100,1.6,3.666060644059847,10.0,0.0,0.9,2.8618176174239767,10.0,0.0,-0.002279196422023233,0.07446837048822394,0.000611150308031938,2.657786801457405,0.0028789644990562615,0.029907226562500003,0.9905778809140126,0.0027450544463742212,0.010986328125,0.32766323536634445,0.2741483151912689
30126.155632034875,642,42074112,42074112,895.285772854567,1631.2680274076097,632,100,1.6,3.666060644059847,10.0,0.0,0.9,2.8618176174239767,10.0,0.0,-0.002515527313031877,0.10309948411304504,0.0007334700876526767,2.6394365603725114,0.00308301795606288,0.03193155924479167,0.9880221976588169,0.0033446364153254158,0.009765625,0.3121245354413986,0.27424532175064087
30186.166381906718,643,42197760,42139648,2060.430843874798,1092.0710062773258,632,100,1.6,3.666060644059847,10.0,0.0,0.9,2.8618176174239767,10.0,0.0,-0.0027950975357574257,0.06598030612803996,0.0006090167617003317,2.6512368693947796,0.0032118758972501382,0.032313028971354164,0.9911299950132768,0.0029582236505423984,0.0079345703125,0.27671433612704277,0.2742568552494049
30266.964892510325,645,42270720,42270720,902.986941899684,1622.2081201846954,632,100,1.6,3.666060644059847,10.0,0.0,0.9,2.8618176174239767,10.0,0.0,-0.0005568061981951663,0.07298912593008329,0.000659540067014556,2.6547002394994097,0.0037769121281598927,0.0302276611328125,0.9909037494411072,0.0030249816336436197,0.007476806640625,0.27222076058387756,0.2742927670478821
30326.96845364757,646,42397696,42336256,2116.1410688537653,1092.2018419890403,638,100,2.0,4.000000087554058,10.0,0.0,0.9,2.861817635846067,10.0,0.0,-0.0016606629457479964,0.06680192429727565,0.0006918225468931876,2.651322032014529,0.003534467094141291,0.031392415364583336,0.9922920713822047,0.003113746841942581,0.01007080078125,0.314456082880497,0.2743643522262573
30407.376319033094,648,42467328,42467328,865.9849340128758,1630.0892875536485,638,100,2.0,4.000000087554058,10.0,0.0,0.9,2.861817635846067,10.0,0.0,-3.680115696624853e-05,0.09976509939103076,0.0007355218616188116,2.6411501467227936,0.0025068287329001277,0.023351033528645832,0.9898228924721479,0.0036270195050747134,0.01190185546875,0.3430278077721596,0.27463099360466003
30467.386394860223,649,42593024,42532864,2094.581589299971,1092.0832726289052,638,100,2.0,4.000000087554058,10.0,0.0,0.9,2.861817635846067,10.0,0.0,-0.0028697227038113242,0.09546337633704145,0.0007041029615114288,2.652876242995262,0.003302958299173042,0.0294036865234375,0.9872828560570875,0.0032255016243046457,0.008697509765625,0.29372352361679077,0.27466318011283875
30547.33320054412,651,42663936,42663936,886.9897851876792,1639.4901444624252,645,100,2.0,4.000000060416818,10.0,0.0,1.0,3.000000027587913,10.0,0.0,-0.0031221602324270257,0.0825674615528745,0.0006734363554035856,2.6477123945951457,0.00372254499719323,0.0332183837890625,0.9916579729566971,0.0035917735440307297,0.010833740234375,0.32828256487846375,0.27482521533966064
30607.333283500746,652,42792448,42729472,2141.863705303525,1092.265156489447,645,100,2.0,4.000000060416818,10.0,0.0,1.0,3.000000027587913,10.0,0.0,-0.0021577328686059145,0.044812760927015916,0.0005847123456987902,2.657289430499077,0.0028699065096589042,0.0296478271484375,0.9940137068430582,0.0030067282132222317,0.009002685546875,0.29581014439463615,0.2748654782772064
30687.392481988296,654,42860544,42860544,850.5705938411261,1637.188511453596,645,100,2.0,4.000000060416818,10.0,0.0,1.0,3.000000027587913,10.0,0.0,-0.0031548563662605984,0.06191519558584938,0.000702267366553618,2.6407634591062865,0.0029243373337521916,0.029566446940104168,0.993878625954191,0.0036329705520377806,0.0091552734375,0.3012710437178612,0.27492859959602356
30747.39318595454,655,42989056,42926080,2141.841536930929,1092.2538515026251,645,100,2.0,4.000000060416818,10.0,0.0,1.0,3.000000027587913,10.0,0.0,-0.0012705102465891591,0.07807123602833599,0.0005698943668903667,2.6531055544813475,0.002992406083042927,0.026097615559895832,0.9896415087083975,0.003101460043884193,0.0091552734375,0.3001702204346657,0.27497270703315735
30826.827170775272,657,43057152,43057152,857.2653147601887,1650.0745908166039,645,100,2.0,4.000000060416818,10.0,0.0,1.0,3.000000027587913,10.0,0.0,-0.001244663515535649,0.0679784103995189,0.0006105732924576539,2.6515236819783845,0.0035995353246107697,0.032725016276041664,0.9912052862346172,0.003532568962934117,0.00885009765625,0.2942214645445347,0.27517005801200867
30886.827395617962,658,43183104,43122688,2099.1921335332336,1092.2625735457475,650,100,1.4,3.4698703721939332,10.0,0.0,0.9,2.8618176199976877,10.0,0.0,-0.003160220834009427,0.08343780717890088,0.0006052955583678946,2.650806094209353,0.0034079399841478635,0.038187662760416664,0.9892499465495348,0.0031492702595035857,0.008392333984375,0.2807771936058998,0.275192528963089
30967.613222552463,660,43253760,43253760,874.608860008149,1622.4628127687402,650,100,1.4,3.4698703721939332,10.0,0.0,0.9,2.8618176199976877,10.0,0.0,-0.0026498080830303175,0.05520149228201869,0.0005944748424250671,2.6560345912973085,0.0032052727832099968,0.0322265625,0.9925421948234241,0.0029588047764264047,0.0067138671875,0.25319304317235947,0.2752540409564972
31027.613659457304,661,43376896,43319296,2052.251722688152,1092.258713114692,650,100,1.4,3.4698703721939332,10.0,0.0,0.9,2.8618176199976877,10.0,0.0,-0.0013001324732613284,0.07499069897069907,0.0006064595481802826,2.6553731113672256,0.003161067101852192,0.025009155273437503,0.9886138681322336,0.002900560044508893,0.00640869140625,0.25183331221342087,0.2752218246459961
31108.574992955662,663,43450368,43450368,907.4949340043843,1618.9456662377866,650,100,1.4,3.4698703721939332,10.0,0.0,0.9,2.8618176199976877,10.0,0.0,-0.0021591894546872936,0.10203516898521532,0.0005829127609710365,2.6439692601561546,0.00403486127834185,0.0339508056640625,0.988459000363946,0.0033659516629995783,0.01129150390625,0.3315897062420845,0.275378942489624
31168.57537793368,664,43577344,43515904,2116.2530881513176,1092.25965840068,657,100,1.4,3.4698703890871836,10.0,0.0,1.3,3.3630344688328018,10.0,0.0,-0.0022974673314214065,0.08316967432620004,0.0005896087823202834,2.6339859118064246,0.004007846297099604,0.032552083333333336,0.9912394577016433,0.0033291883131217523,0.010528564453125,0.3171032890677452,0.2754592001438141
31248.67539262306,666,43646976,43646976,869.3131988805173,1636.3542567162679,657,100,1.4,3.4698703890871836,10.0,0.0,1.3,3.3630344688328018,10.0,0.0,-0.003005552257188053,0.05975127338509386,0.0005867332820344018,2.6476685454448066,0.0028970306793780765,0.03137715657552083,0.9931550056984028,0.003125865567805401,0.009613037109375,0.3083188608288765,0.27568113803863525
31308.675806925632,667,43772160,43712512,2086.38559341802,1092.259124570579,657,100,1.4,3.4698703890871836,10.0,0.0,1.3,3.3630344688328018,10.0,0.0,-0.0025763815040894165,0.06377038120990619,0.0006177545671259091,2.644382903973262,0.002306949308452507,0.022043863932291668,0.9921874975164732,0.003065806219334869,0.009613037109375,0.30888011306524277,0.27573561668395996
31389.07266423665,669,43843584,43843584,888.3929346105405,1630.3124821526765,657,100,1.4,3.4698703890871836,10.0,0.0,1.3,3.3630344688328018,10.0,0.0,-0.002095880294897749,0.07873116301683088,0.0005730798390383521,2.6403617238005004,0.0032902475001416556,0.031224568684895832,0.9903948617478211,0.0031961604278573454,0.010223388671875,0.31693335622549057,0.2758317291736603
31449.07269078307,670,43971072,43909120,2124.799059903243,1092.2661834040766,663,100,1.5,3.5707142512871095,10.0,0.0,0.8,2.7129320043241325,10.0,0.0,-0.0022093085062806495,0.10038093741362293,0.000620952502382958,2.649917908012867,0.0034923184781897963,0.034123738606770836,0.9902901637057463,0.0033168011990104183,0.011444091796875,0.3369930759072304,0.27593517303466797
31529.15450335387,672,44040192,44040192,863.1173269072652,1636.7261902834066,663,100,1.5,3.5707142512871095,10.0,0.0,0.8,2.7129320043241325,10.0,0.0,-0.001916541890144193,0.05871922555767621,0.0006068486260725574,2.6500106727083526,0.004186677192895634,0.042897542317708336,0.9937751690546671,0.0035257909694337286,0.0091552734375,0.2999224290251732,0.2759685516357422
31589.163698368706,673,44164352,44105728,2069.016256080545,1092.099302178597,663,100,1.5,3.5707142512871095,10.0,0.0,0.8,2.7129320043241325,10.0,0.0,-0.0017404159722597492,0.10212178287717204,0.0006189297400851501,2.651665252943834,0.0036161021501660193,0.033966064453125,0.9886617797116438,0.003350960505486,0.009918212890625,0.3141169175505638,0.2760302424430847
31670.846162558533,675,44236800,44236800,886.9467971930078,1604.6528627661482,663,100,1.5,3.5707142512871095,10.0,0.0,0.8,2.7129320043241325,10.0,0.0,-0.0017898516137696179,0.06046136147536648,0.0005465397255951151,2.6559171130259833,0.0026653080585674616,0.0252532958984375,0.9941460769623518,0.002782873608036122,0.011749267578125,0.3387591540813446,0.276226669549942
31730.846295083873,676,44357888,44302336,2018.1288757797522,1092.2642541218108,669,100,2.0,4.000000075071165,10.0,0.0,0.9,2.8618176279218774,10.0,0.0,-0.0028303084266857086,0.05825638968963176,0.0005700306616442201,2.658112136026223,0.002555561350770101,0.019414265950520836,0.99155871818463,0.0026360932776393993,0.006866455078125,0.25941072776913643,0.2762060761451721
31811.859316797927,678,44433408,44433408,932.1958174397892,1617.9127407768544,669,100,2.0,4.000000075071165,10.0,0.0,0.9,2.8618176279218774,10.0,0.0,-0.0025674747824571873,0.05494701213319786,0.0005721826243340427,2.6465572118759155,0.0023335768667796706,0.026321411132812497,0.9937836801012356,0.0028742694436611296,0.009613037109375,0.3050463944673538,0.27619361877441406
31871.85959430691,679,44556032,44498944,2043.7238808044553,1092.2616147931953,669,100,2.0,4.000000075071165,10.0,0.0,0.9,2.8618176279218774,10.0,0.0,-0.002236808080245585,0.04828899104419786,0.000602086570628065,2.648053939143817,0.0038444653309852583,0.037434895833333336,0.9949452361712853,0.0034591763081455915,0.010223388671875,0.3183809965848923,0.2762625515460968
31952.44425856974,681,44630016,44630016,918.0903175162114,1626.5129500633227,669,100,2.0,4.000000075071165,10.0,0.0,0.9,2.8618176279218774,10.0,0.0,-0.0018378423046669923,0.03747689381513434,0.0005248430043138798,2.6686087921261787,0.00242961740817312,0.019632975260416668,0.993267089749376,0.002339046897153215,0.00579833984375,0.2388000190258026,0.2762215733528137
32012.444575274363,682,44754432,44695552,2073.589054745989,1092.2609012653768,675,100,1.7,3.7563280373831858,10.0,0.0,0.8,2.712932069113179,10.0,0.0,-0.002967970055275752,0.05917542605311609,0.00048064903542884474,2.659141855935256,0.0021381144464006257,0.020538330078125,0.9917819177110989,0.002525426522576405,0.008087158203125,0.2828415259718895,0.2762335538864136
32093.043959984556,684,44826624,44826624,895.6892197077842,1626.2158882637784,675,100,1.7,3.7563280373831858,10.0,0.0,0.8,2.712932069113179,10.0,0.0,-0.002564011374488473,0.05087163624314901,0.0005544405985347112,2.663546659052372,0.002609485699698174,0.02362060546875,0.9934426204611858,0.002494384748085092,0.01007080078125,0.3164382800459862,0.2763460576534271
32153.04431555327,685,44948480,44892160,2030.9212977987502,1092.2601937741179,675,100,1.7,3.7563280373831858,10.0,0.0,0.8,2.712932069113179,10.0,0.0,-0.003022899463151892,0.0574942547439908,0.0005888102711348134,2.651687247057756,0.00228302596527404,0.0275115966796875,0.9934400990605354,0.0031800708238733932,0.0079345703125,0.28073130548000336,0.27635377645492554
32235.004838178866,687,45023232,45023232,912.0488450455025,1599.2089337784155,675,100,1.7,3.7563280373831858,10.0,0.0,0.8,2.712932069113179,10.0,0.0,-0.001725237324232391,0.11300796274250995,0.000624104682477385,2.650022561351458,0.002964876968083748,0.03287251790364583,0.9877167157828808,0.003105396971174438,0.009765625,0.30823806673288345,0.27640920877456665
32295.005231101066,688,45151744,45088768,2141.8526403091323,1092.2595137831431,682,100,1.6,3.6660606401050138,10.0,0.0,0.9,2.8618176174239767,10.0,0.0,-0.0021774677055266998,0.058317696452528864,0.0005690184134437004,2.6598286802570024,0.002882226061046822,0.027318318684895832,0.9878775763014953,0.002168685639238295,0.007171630859375,0.2669970653951168,0.2763967514038086
32374.828351181,690,45219840,45219840,853.0861726753966,1642.0305278564024,682,100,1.6,3.6660606401050138,10.0,0.0,0.9,2.8618176174239767,10.0,0.0,-0.002475204374301635,0.054840023551757135,0.0006110073160622657,2.653750089307626,0.0032245423020261415,0.025543212890625,0.9939331635832785,0.002904579213160711,0.01068115234375,0.32596101611852646,0.2765197157859802
32434.828379539773,691,45337856,45285376,1966.9324036701942,1092.266150411214,682,100,1.6,3.6660606401050138,10.0,0.0,0.9,2.8618176174239767,10.0,0.0,-0.002565592866934215,0.06495285567749912,0.0005655744419830929,2.6515048096577325,0.0029916898978020376,0.0265350341796875,0.9930248353630303,0.002776428470194029,0.010833740234375,0.32779767364263535,0.2766028344631195
32516.234827838838,693,45416448,45416448,965.4272068383857,1610.0935827402393,682,100,1.6,3.6660606401050138,10.0,0.0,0.9,2.8618176174239767,10.0,0.0,-0.0023390568276226986,0.09459166244293252,0.0005568684046011185,2.655451146264871,0.0023575641437976933,0.029184977213541664,0.9870739883432786,0.0027805482750409283,0.010833740234375,0.32691145688295364,0.2767682671546936
32576.2351630209,694,45544448,45481984,2133.321415815437,1092.2605648975036,688,100,2.0,4.000000047236654,10.0,0.0,1.2,3.249615371099502,10.0,0.0,-0.002385196038327801,0.05321463211051499,0.0005735687533767002,2.6578040917714434,0.0024671329992997926,0.0228729248046875,0.9917834537724655,0.0027956978762328313,0.008697509765625,0.2942001223564148,0.27679508924484253
32656.509311103262,696,45613056,45613056,854.6711692238546,1632.804621800797,688,100,2.0,4.000000047236654,10.0,0.0,1.2,3.249615371099502,10.0,0.0,-0.003190117577711741,0.0691625191636073,0.0005886420928315298,2.6490015983581543,0.0033555520124840164,0.033152262369791664,0.9912375236550968,0.00309653065536016,0.009765625,0.3108975812792778,0.2769077718257904
32716.515493462794,697,45741824,45678592,2145.912219985549,1092.154131841552,688,100,2.0,4.000000047236654,10.0,0.0,1.2,3.249615371099502,10.0,0.0,-0.002981463145260932,0.05979578348342329,0.000604139234686348,2.653880688051383,0.0029069111781912698,0.030548095703125003,0.9924823020895323,0.003017219467437826,0.00885009765625,0.29098689928650856,0.27693817019462585
32796.80260377843,699,45809664,45809664,844.9675138798494,1632.5410079489923,688,100,2.0,4.000000047236654,10.0,0.0,1.2,3.249615371099502,10.0,0.0,-0.0021027895503114755,0.06103700560439999,0.0005724321727029747,2.64386090139548,0.002886514783313032,0.031606038411458336,0.993321348602573,0.0033794592891354114,0.010833740234375,0.3268984407186508,0.2771167755126953
32856.80508582201,700,45938944,45875200,2154.5775374109558,1092.2214843112963,688,100,2.0,4.000000047236654,10.0,0.0,1.2,3.249615371099502,10.0,0.0,-0.0021253274389891885,0.05964193323355479,0.0006628525691970328,2.643484406173229,0.003004093063888528,0.0358123779296875,0.9931235679735739,0.003546040083165281,0.010833740234375,0.3217969126999378,0.27719777822494507
32937.14938609023,702,46006272,46006272,837.9934827391007,1631.3789473856257,693,100,1.2,3.2496154303524034,10.0,0.0,0.9,2.8618176094997874,10.0,0.0,-0.0013731354289726974,0.057548219173137724,0.0006061639714971534,2.647038859625657,0.0031852013107709354,0.029851277669270836,0.9919997807592154,0.003382449443355047,0.008544921875,0.28911374881863594,0.2772808074951172
32997.15154264774,703,46130176,46071808,2064.9924454170477,1092.227409146207,693,100,1.2,3.2496154303524034,10.0,0.0,0.9,2.8618176094997874,10.0,0.0,-0.0016204986022785306,0.08640387301178029,0.000622967432718724,2.6450054943561554,0.003763713502242657,0.035349527994791664,0.9915051975597937,0.003494439947341258,0.010528564453125,0.3188785910606384,0.2773533761501312
33078.82306974009,705,46202880,46202880,890.2000805959514,1604.8677509335462,693,100,1.2,3.2496154303524034,10.0,0.0,0.9,2.8618176094997874,10.0,0.0,-0.0021305596795476354,0.08857460222983113,0.0005863406859134556,2.6414129436016087,0.0034970496665967703,0.035100301106770836,0.9912987550099691,0.003810707678591522,0.010223388671875,0.31878451257944107,0.27740830183029175
33138.82351133507,706,46327808,46268416,2082.118009118967,1092.2586277345401,693,100,1.2,3.2496154303524034,10.0,0.0,0.9,2.8618176094997874,10.0,0.0,-0.0026604832310113125,0.08835387295888117,0.0006110506689462151,2.6497265150149665,0.002842687977439103,0.029261271158854164,0.9888882488012314,0.0032747728813167973,0.009918212890625,0.3094167746603489,0.2774648070335388
33220.53360281885,708,46399488,46399488,877.2478245753723,1604.1103077949665,700,100,1.3,3.3630344322445302,10.0,0.0,1.2,3.249615394301709,10.0,0.0,-0.0017681347235338762,0.09476422869677967,0.0006300586980311588,2.6483912865320844,0.0028978156800197516,0.032562255859375,0.9892087628444036,0.003527977079405294,0.0091552734375,0.3000412806868553,0.27767807245254517
33280.53403602261,709,46519552,46465024,2001.0522189441047,1092.2587804897457,700,100,1.3,3.3630344322445302,10.0,0.0,1.2,3.249615394301709,10.0,0.0,-0.0030638671317622843,0.0641578186575013,0.0005474331798419978,2.661711983382702,0.0029760565679074107,0.025802612304687503,0.990314661214749,0.00272334514738759,0.007781982421875,0.2724660038948059,0.2776797413825989
33362.66237915773,711,46596096,46596096,932.0046780204605,1595.9411208912234,700,100,1.3,3.3630344322445302,10.0,0.0,1.2,3.249615394301709,10.0,0.0,-0.0019145021166574832,0.07743336440762505,0.0005643292834065505,2.655189017454783,0.0031794960638459693,0.0273590087890625,0.9896113487581412,0.003081704337091651,0.00885009765625,0.2962322160601616,0.277725487947464
33422.66286048386,712,46715392,46661632,1988.2507167161843,1092.2579044621098,700,100,1.3,3.3630344322445302,10.0,0.0,1.2,3.249615394301709,10.0,0.0,-0.0021160489510900033,0.06536095296420778,0.0006203721331985435,2.6464788864056272,0.0025920598363882164,0.024322509765625,0.9922556094825269,0.0034352398312573014,0.009918212890625,0.3119041249155998,0.2777809798717499
33503.66302798409,714,46792704,46792704,954.4671620559634,1618.1694932869314,707,100,1.4,3.4698703890871836,10.0,0.0,1.1,3.1288975742333074,10.0,0.0,-0.002354401464496429,0.07701467148338756,0.0006966488350978277,2.6313452819983163,0.004212840785233615,0.042444864908854164,0.9922064157823721,0.004267506497853901,0.013580322265625,0.36702656000852585,0.2779836356639862
33563.66311423574,715,46920192,46858240,2124.7969455460907,1092.265096505621,707,100,1.4,3.4698703890871836,10.0,0.0,1.1,3.1288975742333074,10.0,0.0,-0.0020502183469943702,0.07356173842951345,0.0006221124040166615,2.639743536710739,0.0036230362093192525,0.036982218424479164,0.9919163770973682,0.0037027061165038804,0.0103759765625,0.3172643184661865,0.2780500054359436
33644.479206647724,717,46989312,46989312,855.2752049386071,1621.8552034391364,707,100,1.4,3.4698703890871836,10.0,0.0,1.1,3.1288975742333074,10.0,0.0,-0.0010305959319036144,0.13068539040007937,0.0006655314870537647,2.631099869807561,0.005290111990082854,0.04990641276041667,0.9868486355990171,0.004019936296875434,0.011138916015625,0.3303028345108032,0.27815157175064087
33704.48005289305,718,47119104,47054848,2163.1694904654855,1092.2512614579177,707,100,1.4,3.4698703890871836,10.0,0.0,1.1,3.1288975742333074,10.0,0.0,-0.002659080810796392,0.08887677003319064,0.0006633911852986785,2.640351789693038,0.004033522907169147,0.034891764322916664,0.9896798183520635,0.0036796296238511177,0.010986328125,0.32771771401166916,0.2782326340675354
33784.34648211952,720,47185920,47185920,836.5968110397603,1641.1401044151619,712,100,1.4,3.469870357000091,10.0,0.0,1.3,3.363034416568014,10.0,0.0,-0.0013203959764117221,0.05650888614278908,0.000601902394919307,2.6529161284367246,0.0035037280625450267,0.0301361083984375,0.9939956652621428,0.0030171399387957836,0.011138916015625,0.33164315670728683,0.2782990038394928
33844.34679562785,721,47306240,47251456,2005.3228552431988,1092.2609594516146,712,100,1.4,3.469870357000091,10.0,0.0,1.3,3.363034416568014,10.0,0.0,-0.002068092910728107,0.06448164656952333,0.0006342436436170827,2.6513814677794776,0.003867765389562313,0.03502909342447917,0.9930178622404734,0.0031033336757294214,0.009307861328125,0.29882654175162315,0.2783377170562744
33925.879360952415,723,47382528,47382528,935.6752077689505,1607.603041535915,712,100,1.4,3.469870357000091,10.0,0.0,1.3,3.363034416568014,10.0,0.0,-0.002808732873745612,0.09166640495338167,0.0005986291801794626,2.6467319056391716,0.003390475307848343,0.03382364908854167,0.9914102920641502,0.0032888535133679397,0.0115966796875,0.33914605528116226,0.2783959209918976
33985.879500992596,724,47505920,47448064,2056.5285333895126,1092.2641173189113,712,100,1.4,3.469870357000091,10.0,0.0,1.3,3.363034416568014,10.0,0.0,-0.0020550956251099706,0.07084491977002472,0.0006405301307192228,2.638468811909358,0.004001983384417447,0.0391998291015625,0.9938631448894739,0.0037873923186756047,0.01068115234375,0.3254120200872421,0.2784683406352997
34066.83498465922,726,47579136,47579136,904.3982777189901,1619.0626510214088,718,100,1.3,3.363034383461588,10.0,0.0,1.2,3.2496153803446197,10.0,0.0,-0.0027728498583504306,0.09433859132695943,0.0006220627228685771,2.640754801531633,0.004047207484594159,0.03792317708333333,0.9906870058427255,0.003553396212131095,0.011444091796875,0.3376445174217224,0.27861255407333374
34126.83850298263,727,47703040,47644672,2064.9455808935677,1092.202621299077,718,100,1.3,3.363034383461588,10.0,0.0,1.2,3.2496153803446197,10.0,0.0,-0.003222583026702826,0.10222345976702249,0.0005885776730186384,2.6543355757991476,0.004101106308856591,0.04078674316406249,0.9877292724947134,0.0029596055561948256,0.00946044921875,0.30641523748636246,0.2786542773246765
34207.6654313514,729,47775744,47775744,899.5022013986594,1621.6377715356114,718,100,1.3,3.363034383461588,10.0,0.0,1.2,3.2496153803446197,10.0,0.0,-0.0027548418596173483,0.07528008776716888,0.0005755388168230032,2.6528223628799124,0.002877524376647974,0.02520751953125,0.991635158037146,0.002924714327188364,0.011138916015625,0.3331606090068817,0.27878230810165405
34267.66555070691,730,47901952,47841280,2103.462482336143,1092.264493870289,718,100,1.3,3.363034383461588,10.0,0.0,1.2,3.2496153803446197,10.0,0.0,-0.0033146640368310423,0.05585532123222947,0.0006071234365663257,2.6504748314619064,0.0029485647446563235,0.025705973307291664,0.9931627263625462,0.0030537908484499594,0.009613037109375,0.30540988221764565,0.2788273096084595
34348.34562229738,732,47972352,47972352,872.5822698491161,1624.5895351372633,724,100,1.7,3.7563279490574533,10.0,0.0,1.0,3.000000010014359,10.0,0.0,-0.002296946753631346,0.09697158968386552,0.0005985150652729013,2.63600696871678,0.0036477626720928433,0.040852864583333336,0.99039584522446,0.00369787162586969,0.013580322265625,0.3649514988064766,0.27902886271476746
34408.345828421414,733,48091392,48037888,1983.993184188575,1092.262914305968,724,100,1.7,3.7563279490574533,10.0,0.0,1.0,3.000000010014359,10.0,0.0,-0.0025668729091800437,0.07903783997365585,0.0005871893075285091,2.6551947544018426,0.0032545624289923585,0.0331878662109375,0.9894787998249134,0.0029756912869440084,0.007781982421875,0.27615899965167046,0.27902862429618835
34489.68007577676,735,48168960,48168960,953.6942004406259,1611.5228733518168,724,100,1.7,3.7563279490574533,10.0,0.0,1.0,3.000000010014359,10.0,0.0,-0.0021807112328436538,0.06587993202265352,0.0005724135771743022,2.6532950227459273,0.003264218772528693,0.0330352783203125,0.9936888857434194,0.0033766331422763565,0.009613037109375,0.3077377676963806,0.2791321277618408
34549.68042063806,736,48296448,48234496,2124.787787382066,1092.2603886943955,724,100,1.7,3.7563279490574533,10.0,0.0,1.0,3.000000010014359,10.0,0.0,-0.0022062847347115166,0.046374106081202626,0.000534712650126797,2.654100388288498,0.002741597940257634,0.024073282877604168,0.9934491130212942,0.002965363605956857,0.009765625,0.3080660179257393,0.27917996048927307
34629.558694738895,738,48365568,48365568,865.3166430805433,1640.8967453971784,730,100,1.8,3.8418746206206844,10.0,0.0,1.1,3.128897591082904,10.0,0.0,-0.0022789944050600752,0.08526151010300964,0.0006271842297185988,2.646322394410769,0.0031198337122380813,0.03131103515625,0.9903201280782621,0.0034750712123544267,0.01068115234375,0.32511335611343384,0.27936017513275146
34689.55881420057,739,48491776,48431104,2103.462478614046,1092.2644919375168,730,100,1.8,3.8418746206206844,10.0,0.0,1.1,3.128897591082904,10.0,0.0,-0.0010740856499372362,0.10150725660302366,0.0006151614670670824,2.6385616709788637,0.003499776432969763,0.03662109375,0.9906446685393651,0.003907344272496024,0.0128173828125,0.3577333390712738,0.2794812321662903
34770.1224356303,741,48562176,48562176,873.8435381955621,1626.9377874768284,730,100,1.8,3.8418746206206844,10.0,0.0,1.1,3.128897591082904,10.0,0.0,-0.0013927174174265626,0.08037453629852583,0.0006087015911665125,2.6495360806584354,0.004368426596556674,0.0377197265625,0.9891373571008444,0.003085148569274073,0.007781982421875,0.27745046094059944,0.2794574499130249
34830.12290743366,742,48691200,48627712,2150.383090700553,1092.258077816154,730,100,1.8,3.8418746206206844,10.0,0.0,1.1,3.128897591082904,10.0,0.0,-0.0018444049771157247,0.05921281735451581,0.0006250391303789608,2.654370494186878,0.003752393816588058,0.030573527018229168,0.990234105537335,0.0028595268668141216,0.0079345703125,0.2745300568640232,0.2794603109359741
34910.56104921829,744,48758784,48758784,840.198424535377,1629.475732432246,736,100,2.0,4.000000080468613,10.0,0.0,0.7,2.551470208760969,10.0,0.0,-0.00308495949745217,0.07484289470206326,0.0005828176635986893,2.6380990718801813,0.0032124171454294506,0.028594970703125,0.9920260266711315,0.0034493402684650696,0.010833740234375,0.32887914776802063,0.27953192591667175
34970.561146792956,745,48882688,48824320,2065.063308368952,1092.2648903769664,736,100,2.0,4.000000080468613,10.0,0.0,0.7,2.551470208760969,10.0,0.0,-0.0016802849083129938,0.13413713977206498,0.0006503216078878419,2.6348055725296335,0.0037954237347245603,0.0354156494140625,0.9856125023216009,0.003936325326018657,0.01190185546875,0.3417307734489441,0.27962979674339294
35050.58241225593,747,48955392,48955392,908.5584885387984,1637.964599055862,736,100,2.0,4.000000080468613,10.0,0.0,0.7,2.551470208760969,10.0,0.0,-0.0024711315709282644,0.05647720968894039,0.0006286308022633118,2.6516974618037543,0.0030686791718229265,0.028330485026041664,0.9932492623726527,0.0030844275461276993,0.007476806640625,0.2694449611008167,0.27966418862342834
35110.59367035702,748,49078528,49020928,2051.8816618137494,1092.0617576389186,736,100,2.0,4.000000080468613,10.0,0.0,0.7,2.551470208760969,10.0,0.0,-0.002451061416650191,0.06324989534914494,0.0006394594541537421,2.6512530470887823,0.002901599365335035,0.027130126953125,0.9922606106847524,0.003244765675238644,0.00885009765625,0.2964545488357544,0.2796885669231415
35191.429278681055,750,49152000,49152000,908.9063783064712,1621.4636435293146,742,100,1.5,3.570714259700854,10.0,0.0,1.4,3.4698703232377657,10.0,0.0,-0.0022874231120416275,0.10616580684048434,0.0006942533151838385,2.6405688573916755,0.003601262616333164,0.03418986002604167,0.9887859933078289,0.0033426243971916847,0.0128173828125,0.3569105640053749,0.2797989249229431
35251.42960352544,751,49276672,49217536,2077.855417005662,1092.2607530871653,742,100,1.5,3.570714259700854,10.0,0.0,1.4,3.4698703232377657,10.0,0.0,-0.0024788951110773874,0.039486351898328095,0.000613581454672385,2.6553274666269617,0.002065832304045519,0.021026611328125,0.9945416326324145,0.0025875751137694656,0.0091552734375,0.30226972699165344,0.27983027696609497
35332.93181278743,753,49348608,49348608,882.626380945819,1608.2018044279691,742,100,1.5,3.570714259700854,10.0,0.0,1.4,3.4698703232377657,10.0,0.0,-0.0020476904707417516,0.08798101253341883,0.0006478430932475021,2.647115242977937,0.003527890551292027,0.029815673828125,0.988454882055521,0.0030814853598712943,0.01068115234375,0.3160051144659519,0.2799036204814911
35392.93193704542,754,49472512,49414144,2065.062389991663,1092.2644046236896,742,100,1.5,3.570714259700854,10.0,0.0,1.4,3.4698703232377657,10.0,0.0,-0.0029511264292523265,0.08909966901410371,0.0008021676494536223,2.63958440721035,0.0037854843491610763,0.03659057617187499,0.9906342849135399,0.0035728363242621226,0.010833740234375,0.3260778486728668,0.27997440099716187
35473.33494486753,756,49545216,49545216,904.2447785144428,1630.1877697161785,748,100,1.8,3.8418746488748496,10.0,0.0,1.0,3.0000000351471083,10.0,0.0,-0.0025118439589277845,0.050928011313468836,0.0006037779621692607,2.6492242217063904,0.003259352811558832,0.029897054036458336,0.9946533013135195,0.0030334631228470244,0.009918212890625,0.3132537677884102,0.28008297085762024
35533.33499112725,757,49668352,49610752,2052.2650843797405,1092.2658245347475,748,100,1.8,3.8418746488748496,10.0,0.0,1.0,3.0000000351471083,10.0,0.0,-0.0017001353929420777,0.060635761222026,0.0006099813357044089,2.6481440290808678,0.0027437950569340805,0.022130330403645836,0.9930843239029248,0.0030810509924776856,0.01068115234375,0.32596101611852646,0.2801496088504791
35614.293105806224,759,49741824,49741824,907.5310151594234,1619.01003401263,748,100,1.8,3.8418746488748496,10.0,0.0,1.0,3.0000000351471083,10.0,0.0,-0.0028926312564484156,0.03283711018351217,0.0005153958193962656,2.6637893120447798,0.001993268791314525,0.018442789713541668,0.9955081405738989,0.0024490562888483205,0.008087158203125,0.2789139412343502,0.2801748514175415
35674.29376442358,760,49868800,49807360,2116.243436755755,1092.2546770352283,748,100,1.8,3.8418746488748496,10.0,0.0,1.0,3.0000000351471083,10.0,0.0,-0.0020896661832618215,0.10050253954250364,0.000595937346588471,2.651021095613639,0.002708217745142368,0.027837117513020836,0.988936555882295,0.0029382466891547665,0.01007080078125,0.3170025795698166,0.28022676706314087
35754.02368377708,762,49938432,49938432,873.3484313620252,1643.949988446165,754,100,1.7,3.7563280647729034,10.0,0.0,0.7,2.5514701703220197,10.0,0.0,-0.002382444724692808,0.070266521788047,0.0006067854543895616,2.6554226502776146,0.0025603550499605867,0.0257720947265625,0.9901569541543722,0.0028152877445487925,0.00946044921875,0.30593863874673843,0.28035515546798706
35814.0303892903,763,50065664,50003968,2120.2963720773037,1092.144610164567,754,100,1.7,3.7563280647729034,10.0,0.0,0.7,2.5514701703220197,10.0,0.0,-0.0011691079719942838,0.09373753750696778,0.000700240276880019,2.6319054240981736,0.0034931575670877164,0.034759521484375,0.9907907837380965,0.0034597090634633787,0.0128173828125,0.3572728633880615,0.28047066926956177
35894.62322589569,765,50135040,50135040,860.8209230764875,1626.3480170301166,754,100,1.7,3.7563280647729034,10.0,0.0,0.7,2.5514701703220197,10.0,0.0,-0.0019326505377345407,0.08887606800999494,0.0006189880826544443,2.6513606309890747,0.0029334420317657832,0.026616414388020832,0.9898429947594801,0.0032055501166420677,0.009307861328125,0.3041359409689903,0.28054454922676086
35954.6234569354,766,50264064,50200576,2150.3917195686663,1092.262460733291,754,100,1.7,3.7563280647729034,10.0,0.0,0.7,2.5514701703220197,10.0,0.0,-0.001990112114678292,0.07296423387015238,0.0006498751627077582,2.641063789526622,0.003224538997528725,0.030314127604166668,0.9924352038651706,0.003568218545600151,0.01190185546875,0.3438706696033478,0.28063803911209106
36034.49953632243,768,50331648,50331648,846.1106318517279,1640.9418314700179,760,100,1.8,3.8418746343433248,10.0,0.0,1.0,3.000000010014359,10.0,0.0,-0.0010190894669600916,0.0782595156536748,0.000664327027455632,2.6500133226315183,0.003443523761234246,0.035858154296875,0.9913554980109136,0.003060564423018756,0.010833740234375,0.32853973656892776,0.2807570695877075
36094.499749409966,769,50453504,50397184,2030.926120582606,1092.2627875402252,760,100,1.8,3.8418746343433248,10.0,0.0,1.0,3.000000010014359,10.0,0.0,-0.0014332446808111854,0.062087613701199494,0.0005876935301785124,2.667104539771875,0.0026920413104865775,0.028600056966145832,0.9900530477364858,0.0024627954311047993,0.009002685546875,0.2984056919813156,0.2807828485965729
36174.84243522212,771,50528256,50528256,930.4145018847845,1631.4117293322247,760,100,1.8,3.8418746343433248,10.0,0.0,1.0,3.000000010014359,10.0,0.0,-0.0026689086565359807,0.05733316114249949,0.0005747414361394476,2.6648440609375634,0.003253100488412504,0.026947021484375,0.9924011422942082,0.002587573874431352,0.009002685546875,0.29662223532795906,0.28074973821640015
36234.842511791736,772,50655488,50593792,2120.5306271963746,1092.2652727611105,760,100,1.8,3.8418746343433248,10.0,0.0,1.0,3.000000010014359,10.0,0.0,-0.0021169102692510933,0.058896733845661714,0.0005397466099263208,2.6556807259718576,0.0022198715632839594,0.022740681966145832,0.9930299278348684,0.0027394758981245104,0.01129150390625,0.3342430219054222,0.2808280885219574
36314.66548702866,774,50724864,50724864,869.1232041161728,1642.033507407677,767,100,1.9,3.9230091706688186,10.0,0.0,1.1,3.128897598330692,10.0,0.0,-0.0014693753995137135,0.09069158911006524,0.0005912358258986691,2.6468329479297004,0.0036046113024591855,0.035374959309895836,0.9901778530329466,0.003266301544499584,0.00946044921875,0.3055381625890732,0.2808825969696045
36374.66715381853,775,50844416,50790400,1992.4779826312254,1092.2363245258964,767,100,1.9,3.9230091706688186,10.0,0.0,1.1,3.128897598330692,10.0,0.0,-0.0020447682036319748,0.07071106500613192,0.0005683073374408801,2.64164812117815,0.004001339125655552,0.03753662109375,0.9930263826002678,0.0033555735644767992,0.012664794921875,0.3543567433953285,0.28099191188812256
36457.451905051246,777,50921472,50921472,930.7994389376183,1583.2867532759487,767,100,1.9,3.9230091706688186,10.0,0.0,1.1,3.128897598330692,10.0,0.0,-0.003060670841174821,0.05412101613668104,0.0005804997008453938,2.657959789037704,0.0030943438196118223,0.028513590494791664,0.9938629431029161,0.002691112318037388,0.011138916015625,0.3326056897640228,0.2811259627342224
36517.45190707501,778,51051264,50987008,2163.199927036566,1092.2666298251695,767,100,1.9,3.9230091706688186,10.0,0.0,1.1,3.128897598330692,10.0,0.0,-0.0023266203515959205,0.06524819255961727,0.0005512953697082897,2.6598086977998414,0.00215146790954653,0.023056030273437497,0.9915116628011068,0.002510927923140116,0.00823974609375,0.28583378344774246,0.2811335027217865
36597.61183329951,780,51118080,51118080,833.5337012770163,1635.1312454169822,773,100,1.9,3.9230091572299863,10.0,0.0,0.9,2.8618176279218774,10.0,0.0,-0.0027335814532610434,0.08101726367992039,0.0005731780532490424,2.6461285278201103,0.002768286377734815,0.024358113606770836,0.9916456049929062,0.002978223067960547,0.01373291015625,0.36760422587394714,0.28132909536361694
36657.61214689445,781,51243776,51183616,2094.9223840491045,1092.2609578748895,773,100,1.9,3.9230091572299863,10.0,0.0,0.9,2.8618176279218774,10.0,0.0,-0.003188624879840063,0.04352719033583222,0.0004811996450371226,2.6668402353922525,0.0019382746080130646,0.019343058268229168,0.9930940996855498,0.002343132491660072,0.007781982421875,0.27709170058369637,0.28132593631744385
36738.00041952357,783,51314688,51314688,882.1187180767109,1630.486583593054,773,100,1.9,3.9230091572299863,10.0,0.0,0.9,2.8618176279218774,10.0,0.0,-0.002110005049568523,0.04318906696668516,0.0005477359676054524,2.657033634682496,0.0028192975933052367,0.0249176025390625,0.9944049554566542,0.0027945816133675785,0.01007080078125,0.3156539648771286,0.28139570355415344
36798.00849420205,784,51439616,51380224,2081.85316175125,1092.1196914104917,773,100,1.9,3.9230091572299863,10.0,0.0,0.9,2.8618176279218774,10.0,0.0,-0.002475859771948308,0.06890034125535749,0.0005614009836184172,2.6464490865667663,0.0026169611907486496,0.026214599609375,0.9929109284033378,0.0032189041303354315,0.012054443359375,0.34165582060813904,0.28148913383483887
36878.76015520375,786,51511296,51511296,887.6597596981549,1623.1492748766261,779,100,1.5,3.570714259700854,10.0,0.0,1.0,3.00000007616298,10.0,0.0,-0.0034245883531790846,0.050089200269818925,0.0005483483121982621,2.663992576301098,0.0036126037581804367,0.026789347330729164,0.9929133206605911,0.0026454398030182347,0.00701904296875,0.2633199989795685,0.2815341055393219
36938.761339415796,787,51634944,51576832,2060.7593270664224,1092.2451091697808,779,100,1.5,3.570714259700854,10.0,0.0,1.0,3.00000007616298,10.0,0.0,-0.0014063420118570018,0.07518989123248805,0.0005768983486026021,2.655049947400888,0.0033269464717401815,0.026906331380208332,0.9913120629886787,0.0030220519790115454,0.011749267578125,0.3366907835006714,0.2816200852394104
37019.89138956461,789,51707904,51707904,899.2968680060127,1615.5789348037843,779,100,1.5,3.570714259700854,10.0,0.0,1.0,3.00000007616298,10.0,0.0,-0.003010064074866629,0.036279880364115044,0.0005486175183856782,2.6645086954037347,0.0026835402835179894,0.02276611328125,0.994256515055895,0.002445997892209562,0.00701904296875,0.25834137946367264,0.2816953659057617
37079.89155963808,790,51834880,51773440,2116.2606680033437,1092.263570582371,779,100,1.5,3.570714259700854,10.0,0.0,1.0,3.00000007616298,10.0,0.0,-0.0017735749861458314,0.07336963282432407,0.0005326015107129933,2.656118323405584,0.0029121038569428492,0.027801513671874997,0.9921056075642506,0.0027083138411398973,0.01190185546875,0.34416642785072327,0.28178417682647705
37160.19668856822,792,51904512,51904512,867.0928112272641,1632.1747034866146,784,100,1.8,3.8418746488748496,10.0,0.0,1.4,3.469870329773337,10.0,0.0,-0.0010087917944474611,0.054593511789183445,0.0005580174123072841,2.6569884543617563,0.0029418206704576737,0.03128560384114583,0.9932969044893981,0.0030524297302084356,0.00885009765625,0.295928418636322,0.2818826138973236
37220.19676390104,793,52030464,51970048,2099.1973643590322,1092.2652952762444,784,100,1.8,3.8418746488748496,10.0,0.0,1.4,3.469870329773337,10.0,0.0,0.0014626078785416514,0.15399223143079627,0.0007277886106749065,2.6510850563645363,0.002698313362998306,0.027318318684895832,0.9830950051546098,0.0033796939969761297,0.012054443359375,0.343883752822876,0.281974196434021
37300.30275397003,795,52101120,52101120,882.0314178646477,1636.2321954590566,784,100,1.8,3.8418746488748496,10.0,0.0,1.4,3.469870329773337,10.0,0.0,-0.0015183642608462833,0.10391614019560318,0.0005930634836962175,2.6554985170563064,0.0024287602658053706,0.023869832356770836,0.9881585811575254,0.003265219546544055,0.00823974609375,0.2840503267943859,0.28203436732292175
37360.30338828452,796,52224512,52166656,2056.511592081558,1092.2551194458067,784,100,1.8,3.8418746488748496,10.0,0.0,1.4,3.469870329773337,10.0,0.0,-0.0006751482408920613,0.04799926065606997,0.0005641409698000643,2.6539493054151535,0.002491398602918101,0.024286905924479168,0.9946569725871085,0.0027124035962818502,0.01129150390625,0.33075594902038574,0.2821084260940552
37440.16660428792,798,52297728,52297728,916.7674890137179,1641.206134178404,790,100,1.6,3.6660606264850615,10.0,0.0,1.2,3.249615371099502,10.0,0.0,-0.0017040855503485848,0.07982502150116488,0.0005349064652667341,2.6516629581650095,0.0025870239138991264,0.024709065755208336,0.99156487484773,0.0030086155869260742,0.0103759765625,0.3172946348786354,0.2822018265724182
37500.16675041523,799,52422912,52363264,2086.3949186788573,1092.2640065067228,790,100,1.6,3.6660606264850615,10.0,0.0,1.2,3.249615371099502,10.0,0.0,-0.001386289412039332,0.10944058521029851,0.0005416496875720137,2.6545663128296533,0.0025961148324616565,0.028040568033854164,0.9876081769665083,0.0028567814976364994,0.009002685546875,0.2980488985776901,0.2822246849536896
37580.87743753102,801,52494336,52494336,884.9385695048578,1623.973288840456,790,100,1.6,3.6660606264850615,10.0,0.0,1.2,3.249615371099502,10.0,0.0,-0.0024251393842860125,0.05994780805970852,0.0005330792325063765,2.66405892620484,0.0030143226558720926,0.0242156982421875,0.9907770492136478,0.0024400827254188093,0.00823974609375,0.2827517129480839,0.2822769582271576
37640.87768086698,802,52621824,52559872,2124.7913826974036,1092.2622368886252,790,100,1.6,3.6660606264850615,10.0,0.0,1.2,3.249615371099502,10.0,0.0,-0.001445568753600431,0.04681506731625025,0.0005612904063430809,2.658700493474801,0.0024040437341075935,0.024658203125,0.9940060805529356,0.002734619110318211,0.008544921875,0.28626077249646187,0.2822895348072052
37720.95346128009,804,52690944,52690944,863.1823460652857,1636.8494858719494,797,100,1.5,3.570714290100643,10.0,0.0,1.2,3.249615371099502,10.0,0.0,-0.0007735095350653864,0.07123251682302605,0.0005554071737302972,2.6491934210062027,0.002713809907921435,0.025685628255208336,0.9920009734729925,0.00300731210882077,0.011444091796875,0.3351488336920738,0.2824353873729706
37780.95365606155,805,52814592,52756480,2060.7933099278434,1092.2631207899128,797,100,1.5,3.570714290100643,10.0,0.0,1.2,3.249615371099502,10.0,0.0,-0.001963146774263199,0.09327010329191883,0.0006017566844699711,2.6529839610060058,0.0034403288318571867,0.029871622721354168,0.9893721329669157,0.003099607941597545,0.008697509765625,0.28900938853621483,0.2824510633945465
37862.30682631396,807,52887552,52887552,896.8304464796568,1611.1480301669624,797,100,1.5,3.570714290100643,10.0,0.0,1.2,3.249615371099502,10.0,0.0,-0.0019207957654240697,0.07090977496894388,0.0006118362089182483,2.650635739167531,0.0030144451866362942,0.03165690104166667,0.9922802342722813,0.0030401120117555065,0.010223388671875,0.31676342338323593,0.2825157344341278
37922.30733194854,808,53009920,52953088,2039.4494797301948,1092.257461947552,797,100,1.5,3.570714290100643,10.0,0.0,1.2,3.249615371099502,10.0,0.0,-0.002487790596205741,0.07417481557543701,0.0005566348697054007,2.662872609992822,0.0029913546471410273,0.0284423828125,0.9909673320750395,0.002637988669448532,0.009613037109375,0.3053286522626877,0.28255125880241394
38002.970404114574,810,53084160,53084160,920.3715902016212,1624.9319109766552,803,100,1.5,3.570714282468,10.0,0.0,1.2,3.2496153780780466,10.0,0.0,-0.0025643484599034614,0.053767697332659736,0.0005639784555266185,2.658457127710183,0.0024665850899812844,0.025248209635416664,0.993775370841225,0.002987986105533006,0.009765625,0.3095157667994499,0.2825920879840851
38062.97062872723,811,53208576,53149696,2073.592237415763,1092.262577733406,803,100,1.5,3.570714282468,10.0,0.0,1.2,3.2496153780780466,10.0,0.0,-0.0019987851095114215,0.06531381356762722,0.0005607328184851212,2.6522541915376983,0.002750798869480301,0.0234222412109375,0.9934539751460155,0.00297446174469466,0.011138916015625,0.3326056897640228,0.2826606333255768
38143.85177768767,813,53280768,53280768,892.5689227697399,1620.550668291159,803,100,1.5,3.570714282468,10.0,0.0,1.2,3.2496153780780466,10.0,0.0,-0.0024610022846900392,0.11345353580933684,0.0005511129487179763,2.65046638995409,0.0039042296605960782,0.028050740559895832,0.9883753986408312,0.0031950949851307087,0.009002685546875,0.2979625165462494,0.28279048204421997
38203.851960749365,814,53409024,53346304,2137.5934781418546,1092.263334140349,803,100,1.5,3.570714282468,10.0,0.0,1.2,3.2496153780780466,10.0,0.0,-0.00077364782676644,0.08380162391889219,0.0005457917950479896,2.654590127368768,0.0030881695965945255,0.03160603841145833,0.9896909277886152,0.0029545298408872136,0.0103759765625,0.3189223185181618,0.2828419506549835
38283.773124997504,816,53477376,53477376,855.2427963609388,1640.016148826969,809,100,2.2,4.142463084862329,10.0,0.0,1.2,3.249615371099502,10.0,0.0,-0.0019123446521310445,0.07720637329233189,0.00052081199252522,2.6526391531030336,0.0031815879119676538,0.029546101888020832,0.9901940679798524,0.0028499699643968293,0.00885009765625,0.29440438002347946,0.28286856412887573
38343.77346320078,817,53604864,53542912,2124.7880231622435,1092.2605098986635,809,100,2.2,4.142463084862329,10.0,0.0,1.2,3.249615371099502,10.0,0.0,-0.0024076033926879368,0.08434161976523076,0.0005648406974311607,2.6477519050240517,0.004747855832950639,0.033406575520833336,0.9904967285692693,0.0031727363772612685,0.0103759765625,0.32167017459869385,0.282919704914093
38424.74077922758,819,53673984,53673984,853.6777973117197,1618.8260452725945,809,100,2.2,4.142463084862329,10.0,0.0,1.2,3.249615371099502,10.0,0.0,-0.00353700064442819,0.07173579814843833,0.0005198520454238558,2.654193883140882,0.0037050910668767756,0.033610026041666664,0.9898418647547563,0.0029709316804655828,0.0079345703125,0.27974673733115196,0.2829821705818176
38484.74105279427,820,53800448,53739520,2107.7237232831853,1092.2616865597074,814,100,1.9,3.9230091706688186,10.0,0.0,1.3,3.3630343486267096,10.0,0.0,-0.002498446255534266,0.08432348751618217,0.0005559634537348757,2.6482341239849725,0.002832321002642857,0.028605143229166668,0.9903529230505228,0.003101053870826339,0.01190185546875,0.3438115492463112,0.2830657660961151
38564.527800578624,822,53870592,53870592,879.1434912171625,1642.7790784787856,814,100,1.9,3.9230091706688186,10.0,0.0,1.3,3.3630343486267096,10.0,0.0,-0.0028128332681565857,0.08981650928035377,0.0005572322491692224,2.644374112288157,0.0027763703941066824,0.026936848958333332,0.9902021897335846,0.0030229409555128464,0.01220703125,0.3460286185145378,0.2832748591899872
38624.52824367583,823,53997824,53936128,2120.5176734091324,1092.2586003878025,814,100,1.9,3.9230091706688186,10.0,0.0,1.3,3.3630343486267096,10.0,0.0,-0.00200346480414737,0.08681079141873245,0.0005534078718483215,2.654199952880542,0.003969350305245219,0.0327301025390625,0.9885711098710697,0.002893581203049204,0.009307861328125,0.30318401753902435,0.2833021879196167
38704.63213849813,825,54067200,54067200,866.0752408344441,1636.274993753636,814,100,1.9,3.9230091706688186,10.0,0.0,1.3,3.3630343486267096,10.0,0.0,-0.002651977543185543,0.11014856025576591,0.0005769045161893397,2.646007095774015,0.003356308913377385,0.0335235595703125,0.9898263569921255,0.0032321182952728122,0.012054443359375,0.34531308710575104,0.28349024057388306
38764.63233171962,826,54191872,54132736,2077.8599752131686,1092.263149188031,819,100,1.6,3.6660605899293004,10.0,0.0,1.6,3.6660606121043218,10.0,0.0,-0.001085310781490989,0.0974424327723682,0.00059727427985005,2.6444088245431585,0.0037907148313630996,0.0381927490234375,0.9906551210830609,0.003316582488575174,0.013580322265625,0.3677262216806412,0.28360825777053833
38846.91785553936,828,54263808,54263808,874.2242457809489,1592.8925759425117,819,100,1.6,3.6660605899293004,10.0,0.0,1.6,3.6660606121043218,10.0,0.0,-0.001259585139147627,0.07735932127494986,0.0005030465827076114,2.6599449838201203,0.00339437828794568,0.024815877278645836,0.9891362997392813,0.002734718225838151,0.00946044921875,0.3063589483499527,0.2836746871471405
38906.92464395985,829,54390784,54329344,2116.027258619971,1092.1431012232106,819,100,1.6,3.6660605899293004,10.0,0.0,1.6,3.6660606121043218,10.0,0.0,-0.0025126568786314842,0.0665468163206242,0.0005657014144162531,2.63668779283762,0.0033172826709536216,0.032374064127604164,0.9936455382655064,0.003306220862820434,0.010223388671875,0.31926940381526947,0.2837207317352295
38988.01424624771,831,54460416,54460416,858.704421225479,1616.3847928950192,819,100,1.6,3.6660605899293004,10.0,0.0,1.6,3.6660606121043218,10.0,0.0,-0.0023391284836786026,0.062155940143081054,0.0005411819744646588,2.6509444688757258,0.0023667265832045814,0.024668375651041664,0.9925742248694102,0.002752901247731643,0.009307861328125,0.3020911403000355,0.2837640345096588
39048.01452055294,832,54579200,54525952,1979.724282521194,1092.2616731151415,825,100,1.8,3.8418746265234245,10.0,0.0,1.5,3.570714276117006,10.0,0.0,-0.0023274505341153904,0.09555787088659902,0.0005578302476957713,2.6408934369683266,0.0035662324395768033,0.030573527018229164,0.989991532638669,0.003788761110627093,0.013275146484375,0.3622915670275688,0.2838743329048157
39129.76960100792,834,54657024,54657024,951.9163771461591,1603.227582561952,825,100,1.8,3.8418746265234245,10.0,0.0,1.5,3.570714276117006,10.0,0.0,-0.0027616214853575607,0.07477073171564068,0.00047755281624025275,2.653178003927072,0.0029568721941662566,0.0247955322265625,0.9912986066192389,0.0026789674011524767,0.00885009765625,0.29403336346149445,0.28401678800582886
39189.77016048785,835,54777344,54722560,2005.3146344451613,1092.2564817403431,825,100,1.8,3.8418746265234245,10.0,0.0,1.5,3.570714276117006,10.0,0.0,-0.0023681949411790506,0.08186703922304636,0.0005678781138461394,2.640383174022039,0.0034037288605759386,0.036916097005208336,0.9918970527748266,0.0033501482515324215,0.01190185546875,0.34395425766706467,0.2840973734855652
39271.99032681901,837,54853632,54853632,927.8502270688169,1594.1587793934036,831,100,1.7,3.756328066280811,10.0,0.0,1.5,3.570714282468,10.0,0.0,-0.002249485012725927,0.09006874172094588,0.0005206659097893862,2.649415463209152,0.002820113360940013,0.027765909830729164,0.9896788826833169,0.0027468147891340777,0.01220703125,0.34250475838780403,0.2842898964881897
39331.99245169293,838,54971392,54919168,1962.5971621412034,1092.2279858872785,831,100,1.7,3.756328066280811,10.0,0.0,1.5,3.570714282468,10.0,0.0,0.000126396390745261,0.13411857738780478,0.0006199462198613522,2.6346153567234674,0.0038457157370430655,0.0407562255859375,0.9874743881324928,0.003757165626060062,0.011749267578125,0.3368578217923641,0.28436657786369324
39414.00700622797,840,55050240,55050240,961.3903342767541,1598.155360875643,831,100,1.7,3.756328066280811,10.0,0.0,1.5,3.570714282468,10.0,0.0,-0.00220937962270303,0.097516175165462,0.0005975845897410181,2.6404139176011086,0.0038814769911065623,0.036473592122395836,0.9901960051308075,0.0031821504744584668,0.009765625,0.3090267553925514,0.2844524085521698
39474.00714167394,841,55174656,55115776,2073.5953189979364,1092.2642009536455,831,100,1.7,3.756328066280811,10.0,0.0,1.5,3.570714282468,10.0,0.0,-0.0020051750531517123,0.10579391483527918,0.000587302645726595,2.639927210907141,0.002832508014156095,0.0340423583984375,0.9882074023286501,0.002978643855991929,0.011444091796875,0.3339022621512413,0.2845222055912018
39554.58738208655,843,55246848,55246848,895.9020180423535,1626.6022455237057,836,100,2.0,4.000000120786018,10.0,0.0,1.3,3.363034357560034,10.0,0.0,-0.0014347775953259165,0.082669119835676,0.0006426091167668346,2.6533149828513465,0.0024870425453021503,0.0265350341796875,0.9890816782911619,0.0027162776629362875,0.01007080078125,0.3167719542980194,0.28460419178009033
39614.58772767894,844,55366656,55312384,1996.7884987516056,1092.2603753854937,836,100,2.0,4.000000120786018,10.0,0.0,1.3,3.363034357560034,10.0,0.0,-0.002246474028652301,0.07511568680638447,0.0005728653459300403,2.640486627817154,0.002886833635784569,0.025355021158854164,0.9928141919275125,0.003157053145211345,0.013580322265625,0.36545124650001526,0.2847179174423218
39695.7778160749,846,55443456,55443456,945.928271754671,1614.384250461305,836,100,2.0,4.000000120786018,10.0,0.0,1.3,3.363034357560034,10.0,0.0,-0.002128401402539263,0.14248375385068357,0.0005841002524296831,2.6412550657987595,0.0030357428622664884,0.031494140625,0.9847933941831192,0.002889483315811958,0.01190185546875,0.3428943306207657,0.28487175703048706
39755.77995186392,847,55568640,55508992,2086.325734140017,1092.2277871980457,836,100,2.0,4.000000120786018,10.0,0.0,1.3,3.363034357560034,10.0,0.0,-0.002324628481195153,0.06799212509455779,0.0006021636239286939,2.6476443260908127,0.003047994328881032,0.030619303385416664,0.9930861492951711,0.0027304378660725588,0.012969970703125,0.3532028943300247,0.28497204184532166
39835.961459472775,849,55640064,55640064,890.7789605107611,1634.6911390018267,842,100,2.0,4.00000009512296,10.0,0.0,1.0,3.000000025132749,10.0,0.0,-0.0022802696851916453,0.08866772455318521,0.0005658466006934759,2.6492116625110307,0.0034235830395725015,0.0323028564453125,0.9915582134077946,0.003503086135121218,0.01068115234375,0.32443418353796005,0.28508996963500977
39895.96771041304,850,55764992,55705600,2081.916434412256,1092.1528836261016,842,100,2.0,4.00000009512296,10.0,0.0,1.0,3.000000025132749,10.0,0.0,-0.0012709999985721272,0.08598922647070141,0.0005649027646844237,2.6425901899735136,0.004044355294657483,0.030202229817708336,0.9904098187883694,0.0033594780009783185,0.009765625,0.3097352087497711,0.2851235866546631
39976.565770158544,852,55836672,55836672,889.3514338476024,1626.2426218927587,842,100,2.0,4.00000009512296,10.0,0.0,1.0,3.000000025132749,10.0,0.0,-0.0014435208031500224,0.09728396303641298,0.0006423619894727987,2.6324042280515036,0.003024539515536162,0.032440185546875,0.9915292710065842,0.0037859914470269964,0.013885498046875,0.37179308384656906,0.2853221893310547
40036.566001283005,853,55960320,55902208,2060.7920616757688,1092.2624591904696,842,100,2.0,4.00000009512296,10.0,0.0,1.0,3.000000025132749,10.0,0.0,-0.0020096357923951773,0.09805283060025735,0.0005755846920389255,2.6376121093829474,0.003567414602609157,0.038380940755208336,0.9909868029256661,0.0030330308654811233,0.011444091796875,0.3374156951904297,0.28538978099823
40117.89145997446,855,56033280,56033280,897.1360404717354,1611.6970270930826,848,100,2.0,4.000000080468613,10.0,0.0,1.2,3.249615361854384,10.0,0.0,-0.0018423595017035646,0.08894847337311754,0.0005604233686729762,2.632364754875501,0.0028629229260938396,0.032816569010416664,0.9919690527021885,0.00351725719034827,0.010986328125,0.3304638937115669,0.28547143936157227
40177.891635915264,856,56157440,56098816,2069.3272653482804,1092.2634637714634,848,100,2.0,4.000000080468613,10.0,0.0,1.2,3.249615361854384,10.0,0.0,-0.003050968424455884,0.10816637151098499,0.0005333726451984452,2.6505790228645005,0.0033190274049654063,0.027460734049479168,0.9870470004777114,0.002830963504190246,0.008697509765625,0.29025570675730705,0.2854824960231781
40258.567758112215,858,56229888,56229888,898.0104401044069,1624.6690647825312,848,100,2.0,4.000000080468613,10.0,0.0,1.2,3.249615361854384,10.0,0.0,-0.00219962848010861,0.07927839880964409,0.0006030026185423291,2.6310604015986128,0.003521590116482306,0.0327606201171875,0.9928705704708893,0.003825837377614031,0.0128173828125,0.356373630464077,0.28561022877693176
40318.567842668854,859,56354048,56295424,2069.3304170729093,1092.2651273621952,848,100,2.0,4.000000080468613,10.0,0.0,1.2,3.249615361854384,10.0,0.0,-0.0013480820634867996,0.07882371766027063,0.0005663592977119455,2.6398062631487846,0.0033921089288924127,0.03325398763020833,0.992348346238335,0.003743608232374148,0.01190185546875,0.33877847343683243,0.2856862545013428
40398.06313512195,861,56426496,56426496,911.3495625259391,1648.8020353826175,854,100,1.5,3.570714282468,10.0,0.0,1.3,3.363034423311206,10.0,0.0,-0.0024462988391557396,0.07661334683264917,0.000568155092272112,2.6312104612588882,0.003693097979218389,0.03557332356770833,0.9929921235889196,0.003957824936757485,0.0128173828125,0.3575802892446518,0.2857387065887451
40458.063365439884,862,56550400,56492032,2065.0587396655783,1092.2624738727027,854,100,1.5,3.570714282468,10.0,0.0,1.3,3.363034423311206,10.0,0.0,-0.0020544172202789923,0.0466343896696344,0.0005113731440360425,2.6566940421859426,0.0024864639847995322,0.020121256510416664,0.9944549115995566,0.002937555468330781,0.009918212890625,0.31121376156806946,0.2857741117477417
40538.52302786242,864,56623104,56623104,903.6080665885898,1629.0398946949226,854,100,1.5,3.570714282468,10.0,0.0,1.3,3.363034423311206,10.0,0.0,-0.0017650726185820533,0.11192537397922327,0.0005366322723906098,2.6460240607460337,0.0025426957624101005,0.02508544921875,0.9875614289194345,0.003289610816864297,0.010528564453125,0.32306597381830215,0.28587856888771057
40598.52337669395,865,56750080,56688640,2116.2543630626524,1092.2603164194336,854,100,1.5,3.570714282468,10.0,0.0,1.3,3.363034423311206,10.0,0.0,-0.0018766946765632988,0.08807633607648313,0.0005621716724514652,2.6506440366307893,0.0021547080268646823,0.022913614908854164,0.9897508937865496,0.003338101712870411,0.0103759765625,0.31826286017894745,0.28592291474342346
40678.630634494126,867,56819712,56819712,869.2345976152784,1636.2063013934653,860,100,1.9,3.923009110981693,10.0,0.0,1.3,3.363034364303226,10.0,0.0,-0.0023098253307883474,0.08503349406722312,0.0005408378410720616,2.6425876294573145,0.003095315059302569,0.025955200195312497,0.9910720543315014,0.0034165014803875238,0.010528564453125,0.32178017497062683,0.28603580594062805
40738.63067104202,868,56944128,56885248,2073.598736905629,1092.2660013330062,860,100,1.9,3.923009110981693,10.0,0.0,1.3,3.363034364303226,10.0,0.0,-0.0020911885900810985,0.09802072351643194,0.0005755917548716146,2.649848153193792,0.0028152017954804856,0.027715047200520836,0.9868670602639517,0.003042342968304486,0.0103759765625,0.32058870047330856,0.2860797941684723
40819.23507133871,870,57016320,57016320,895.6334856939516,1626.1146974301532,860,100,1.9,3.923009110981693,10.0,0.0,1.3,3.363034364303226,10.0,0.0,-0.002845287279342301,0.0476692447749277,0.0005440354707388906,2.6457786932587624,0.0025884843798849033,0.025410970052083336,0.9953937580188116,0.0035886971042297473,0.01312255859375,0.3609754890203476,0.2862010896205902
40879.242062977515,871,57145856,57081856,2158.681787944171,1092.1394025962604,860,100,1.9,3.923009110981693,10.0,0.0,1.3,3.363034364303226,10.0,0.0,-0.001740563113950581,0.0859653646669661,0.0005535381433219299,2.6445073584715524,0.0037808242735385043,0.034189860026041664,0.9925403023759524,0.0036374441915540956,0.01373291015625,0.3652120903134346,0.28631189465522766
40958.57081518881,873,57212928,57212928,845.4942014132687,1652.263477570968,866,100,2.2,4.142463027838449,10.0,0.0,1.5,3.570714233243036,10.0,0.0,-0.0017599488091946112,0.09541923558572307,0.0005448581241580541,2.6503078465660415,0.0027659410285802246,0.027135213216145832,0.9899933667232593,0.0032266592728168084,0.0115966796875,0.33655694127082825,0.2864169180393219
41018.570962505415,874,57333248,57278464,2005.3284096971179,1092.2639848563024,866,100,2.2,4.142463027838449,10.0,0.0,1.5,3.570714233243036,10.0,0.0,-0.0017210351737351932,0.10938765100824337,0.0005525963009252639,2.6490032548705735,0.0027907984040211886,0.030390421549479164,0.9881846563269695,0.0036579376295170127,0.009765625,0.3116396442055702,0.2864479422569275
41099.1725174617,876,57409536,57409536,946.482980897496,1626.1721014077784,866,100,2.2,4.142463027838449,10.0,0.0,1.5,3.570714233243036,10.0,0.0,-0.0024511901865480468,0.060597651288844645,0.0005764314464613562,2.6465492621064186,0.003392086327949073,0.031977335611979164,0.9939897538473208,0.0037446147277175133,0.012054443359375,0.34659209847450256,0.2865552604198456
41159.1729134405,877,57535232,57475072,2094.919507604755,1092.2594581401572,866,100,2.2,4.142463027838449,10.0,0.0,1.5,3.570714233243036,10.0,0.0,-0.0013408913776705353,0.07555920564724754,0.000604679855920646,2.6482121547063193,0.0031122131792168757,0.030105590820312497,0.9902203405896822,0.003321311965313119,0.01068115234375,0.32596101611852646,0.2866041958332062
41239.36887146067,879,57606144,57606144,884.2340904783371,1634.3965860105004,872,100,1.9,3.923009155786147,10.0,0.0,1.1,3.128897635772279,10.0,0.0,-0.0025762036166270263,0.09373898808068286,0.0006138595254014945,2.647933952510357,0.0037075565342092887,0.038640340169270836,0.9893123097717762,0.0033940409048227593,0.011138916015625,0.3308773413300514,0.2866865396499634
41299.36927217804,880,57726976,57671680,2013.853216900582,1092.2593718782819,872,100,1.9,3.923009155786147,10.0,0.0,1.1,3.128897635772279,10.0,0.0,-0.0019024262085925632,0.11112378933466971,0.000625689542478843,2.6497398788730306,0.003951462404681176,0.03769429524739583,0.9888819176703691,0.0035461426935701943,0.013275146484375,0.3613298833370209,0.28678643703460693
41380.487184670754,882,57802752,57802752,934.1463268893343,1615.820673538308,872,100,1.9,3.923009155786147,10.0,0.0,1.1,3.128897635772279,10.0,0.0,-0.002525854231256138,0.1007821774498249,0.0005782172095981271,2.6443561241030693,0.003060390836253646,0.034952799479166664,0.9886746623863777,0.0036727122133015655,0.010986328125,0.3285001367330551,0.28696736693382263
41440.49214740656,883,57926400,57868288,2060.6295606648237,1092.1763302902584,872,100,1.9,3.923009155786147,10.0,0.0,1.1,3.128897635772279,10.0,0.0,-0.0014511297583036744,0.06842865612513076,0.0005967153811070602,2.638988589247068,0.0032699561537204622,0.03335062662760417,0.9923883825540543,0.0038724052380227176,0.01129150390625,0.3346906304359436,0.2870274484157562
41521.19187100977,885,57999360,57999360,904.092315839151,1624.1939147706853,878,100,1.6,3.6660606744297892,10.0,0.0,1.0,3.0000000351471083,10.0,0.0,-0.0024062457984352172,0.05596121456862117,0.0005815264618528696,2.6337024246652923,0.003933305783599886,0.034581502278645836,0.9942011057088772,0.003967664852098096,0.010833740234375,0.32776839286088943,0.28712916374206543
41581.19222840667,886,58119936,58064896,2009.5880296577768,1092.2601604933989,878,100,1.6,3.6660606744297892,10.0,0.0,1.0,3.0000000351471083,10.0,0.0,-0.0009763151780740978,0.08739353631002207,0.0006541483198816422,2.6328102250893908,0.0036769785480525266,0.037394205729166664,0.9924264457076788,0.004364457291861375,0.0146484375,0.38131512701511383,0.28725466132164
41662.531997730024,888,58195968,58195968,934.7457047455341,1611.413470807116,878,100,1.6,3.6660606744297892,10.0,0.0,1.0,3.0000000351471083,10.0,0.0,-0.0020948590026819147,0.09696685565480342,0.0006228246038517681,2.6453724578022957,0.003603699597685287,0.037485758463541664,0.989325636997819,0.0035791931756345248,0.009918212890625,0.309778094291687,0.28733155131340027
41722.532268415205,889,58319872,58261504,2065.0573503262885,1092.2617390155576,878,100,1.6,3.6660606744297892,10.0,0.0,1.0,3.0000000351471083,10.0,0.0,-0.00233615027294339,0.09923835098743439,0.0005609808692194445,2.637291267514229,0.003465181162027875,0.03204854329427083,0.9908228423446417,0.003539789016940631,0.01220703125,0.34709061682224274,0.28740862011909485
41803.70884237252,891,58392576,58392576,895.6278450261829,1614.653016385231,883,100,1.3,3.363034364303226,10.0,0.0,1.2,3.249615385056591,10.0,0.0,-0.0027539976351060127,0.06464076975438122,0.0005429790993124092,2.6470908199747405,0.0023110940176896597,0.025044759114583332,0.9931530027339855,0.0034729214021353982,0.012054443359375,0.34558936208486557,0.2875056862831116
41863.716141236015,892,58519296,58458112,2111.743111254981,1092.1338110732831,883,100,1.3,3.363034364303226,10.0,0.0,1.2,3.249615385056591,10.0,0.0,-0.001910036939079873,0.11028388847868581,0.0005718527451487413,2.651367632051309,0.0032684469606465427,0.034230550130208336,0.9854752911875645,0.0029533490839336687,0.010986328125,0.32134583964943886,0.28755849599838257
41943.75952072535,894,58589184,58589184,873.1265527002658,1637.5120695330993,883,100,1.3,3.363034364303226,10.0,0.0,1.2,3.249615385056591,10.0,0.0,-0.0019985553966156053,0.06224250143471484,0.0005614127988640879,2.6417957420150437,0.002240877933824474,0.0256805419921875,0.9939498746146758,0.003553479630985142,0.012054443359375,0.34522706270217896,0.28771406412124634
42003.75979006942,895,58715648,58654720,2107.7238716176707,1092.2617634294004,883,100,1.3,3.363034364303226,10.0,0.0,1.2,3.249615385056591,10.0,0.0,-0.0021450801298972997,0.053801393311005086,0.0005041330890283765,2.6503932923078537,0.0024573904956923798,0.025482177734375003,0.9935283226271471,0.0028820745768219544,0.008697509765625,0.2923206128180027,0.28772205114364624
42084.2669843724,897,58785792,58785792,871.2761711211065,1628.0781007810456,889,100,1.6,3.6660606182901403,10.0,0.0,1.5,3.570714276117006,10.0,0.0,-0.002054221860210722,0.06553281771872814,0.0005345402669263422,2.641097354392211,0.003189461986645862,0.028406778971354164,0.9936005274454752,0.0036059538639771445,0.011138916015625,0.33328383415937424,0.287838339805603
42144.26741967909,898,58910720,58851328,2082.1182273334157,1092.2587422076936,889,100,1.6,3.6660606182901403,10.0,0.0,1.5,3.570714276117006,10.0,0.0,-0.001625164995251301,0.09163960831938311,0.0005957667914723667,2.6437863558530807,0.0031002185399605273,0.030954996744791668,0.9908902036647003,0.0032382439530920237,0.01220703125,0.34879980236291885,0.2879139184951782
42224.46644570492,900,58982400,58982400,893.7764403387173,1634.3340623336544,889,100,1.6,3.6660606182901403,10.0,0.0,1.5,3.570714276117006,10.0,0.0,-0.0019157707793056031,0.09659256398056944,0.0005432131201814626,2.6529141639669738,0.003727412050769393,0.02874755859375,0.9889711532741785,0.0032047238419181663,0.01007080078125,0.3109443299472332,0.2880263328552246
42284.473499015905,901,59109120,59047936,2111.7517526361667,1092.1382801512298,895,100,1.8,3.8418746265234245,10.0,0.0,1.6,3.6660605899293004,10.0,0.0,-0.0023902194516267627,0.04105321509996429,0.0005822211226889825,2.6544952541589737,0.0019315424287924543,0.022491455078125,0.9953316561877728,0.003058397002556982,0.01312255859375,0.3601095825433731,0.28811904788017273
42367.05241956655,903,59179008,59179008,846.3176744619561,1587.23314770887,895,100,1.8,3.8418746265234245,10.0,0.0,1.6,3.6660605899293004,10.0,0.0,-0.0020333215143182315,0.03831725457954841,0.0005403843579188106,2.656117004652818,0.002745611194768571,0.022130330403645836,0.9952332967271408,0.0030304181782412343,0.00885009765625,0.29428115487098694,0.28820130228996277
42427.052794155665,904,59302912,59244544,2065.053774222225,1092.259847522499,895,100,1.8,3.8418746265234245,10.0,0.0,1.6,3.6660605899293004,10.0,0.0,-0.002135254687649043,0.09305746168441449,0.0005825678387433678,2.64135987808307,0.0032315087798148547,0.029886881510416668,0.990078433106343,0.0035608762724829526,0.013427734375,0.36414919048547745,0.2882992625236511
42509.23837846797,906,59375616,59375616,884.6320265087503,1594.8295689171837,895,100,1.8,3.8418746265234245,10.0,0.0,1.6,3.6660605899293004,10.0,0.0,-0.0014458334505131156,0.046299083216581494,0.000526049550899188,2.649205843607585,0.002815625616979863,0.026860555013020832,0.9950584707160791,0.0029460575363676376,0.01190185546875,0.33995357155799866,0.2884332835674286
42569.238494955,907,59497728,59441152,2035.1960487674892,1092.2645460890508,901,100,2.0,4.000000089704542,10.0,0.0,1.6,3.6660606121043218,10.0,0.0,-0.0029334856662899256,0.060458650172222406,0.0004489809089136543,2.657801958421866,0.0027765267423092155,0.026804606119791664,0.9929224029183389,0.0026771535510003255,0.0115966796875,0.33643782138824463,0.28849565982818604
42651.27824469376,909,59572224,59572224,908.0476261473017,1597.664551846799,901,100,2.0,4.000000089704542,10.0,0.0,1.6,3.6660606121043218,10.0,0.0,-0.001059632731388168,0.06799550265228997,0.0005404980080735793,2.6448292161027593,0.003280146624698925,0.0274200439453125,0.9930573062350353,0.0035649297788040712,0.012664794921875,0.3546941429376602,0.2886664569377899
42711.28524555452,910,59695616,59637760,2056.293402936803,1092.1392347548167,901,100,2.0,4.000000089704542,10.0,0.0,1.6,3.6660606121043218,10.0,0.0,-0.0030862498509425977,0.061872535618022084,0.0005074788417308204,2.648104014496009,0.002372944798480603,0.027379353841145836,0.993460426107049,0.003457133037348588,0.011444091796875,0.33216583728790283,0.28872543573379517
42791.72994652297,912,59768832,59768832,910.1407441207756,1629.342870593836,906,100,2.2,4.142463081053738,10.0,0.0,1.1,3.128897591082904,10.0,0.0,-0.0021345681489037815,0.07360828956977154,0.0005134872341538236,2.647401536504428,0.004301212606757569,0.03041585286458333,0.9928350504487753,0.0035379870144727947,0.0128173828125,0.3571867495775223,0.2888603210449219
42851.73036704026,913,59890944,59834368,2035.1857361535558,1092.2590114367092,906,100,2.2,4.142463081053738,10.0,0.0,1.1,3.128897591082904,10.0,0.0,-0.0022550931874623834,0.0977567459922284,0.0005793595131156811,2.6495164111256595,0.003074782036492252,0.032018025716145836,0.9893636517226696,0.003311076883013205,0.0115966796875,0.33966341614723206,0.2889217436313629
42934.53074938152,915,59965440,59965440,899.7059904019275,1582.9878594013294,906,100,2.2,4.142463081053738,10.0,0.0,1.1,3.128897591082904,10.0,0.0,-0.0007880068733356893,0.08570774305068578,0.0005246139465574137,2.65317431340615,0.0029661814648231184,0.029958089192708332,0.9911611266434193,0.003343840726302006,0.010223388671875,0.3173149973154068,0.28900957107543945
42994.53124816064,916,60085504,60030976,2001.0500319671644,1092.2575867454032,906,100,2.2,4.142463081053738,10.0,0.0,1.1,3.128897591082904,10.0,0.0,-0.0022682896596961655,0.07444930641213432,0.0005097727862448664,2.651068240404129,0.0020859474207099993,0.0217742919921875,0.9927415940910579,0.0030559444300403507,0.0128173828125,0.35703378915786743,0.28909361362457275
43075.49666405097,918,60162048,60162048,945.3913026727658,1618.8640366837997,911,100,1.6,3.666060581734379,10.0,0.0,1.1,3.128897598330692,10.0,0.0,-0.000778497640567366,0.14989488082937896,0.0005652286969658842,2.647604125241439,0.0035745739642152334,0.028040568033854168,0.9852577708661556,0.0032926797963834056,0.010528564453125,0.32030003517866135,0.28920942544937134
43135.49683547579,919,60281600,60227584,1992.5276405217642,1092.2635459819521,911,100,1.6,3.666060581734379,10.0,0.0,1.1,3.128897598330692,10.0,0.0,-0.0006668140613328433,0.11319473589537667,0.0005848064926491741,2.640365175902844,0.0032336660606233636,0.034088134765625,0.9893859742830197,0.0035130047229661914,0.015106201171875,0.3843614235520363,0.2893359065055847
43216.52271149121,921,60358656,60358656,951.0048368416407,1617.656067983123,911,100,1.6,3.666060581734379,10.0,0.0,1.1,3.128897598330692,10.0,0.0,-0.0022136672184084696,0.11232547217514366,0.00060582877692165,2.6420943836371102,0.003669252441492669,0.04004414876302083,0.9902838878333569,0.003841520328326927,0.012664794921875,0.35506515949964523,0.28943929076194763
43276.523003541864,922,60486144,60424192,2124.7896575632453,1092.2613500726723,911,100,1.6,3.666060581734379,10.0,0.0,1.1,3.128897598330692,10.0,0.0,-0.0015587146481266245,0.08707394070612887,0.0005779887951575802,2.648911672333876,0.0034787881474282285,0.031458536783854164,0.9902881514281034,0.003115333015254388,0.0115966796875,0.3379391133785248,0.28949934244155884
43356.74089521263,924,60555264,60555264,861.6531619116553,1633.9496996250648,917,100,1.9,3.9230091182061937,10.0,0.0,1.3,3.3630343486267096,10.0,0.0,-0.0016389674431896613,0.10810535044098894,0.0005599444893960026,2.6486694887280464,0.0024932882764308792,0.021540323893229168,0.9891757716735203,0.003122477513291718,0.0115966796875,0.3385947719216347,0.28962191939353943
43416.74129320681,925,60678400,60620800,2052.2530535870437,1092.2594214517321,917,100,1.9,3.9230091182061937,10.0,0.0,1.3,3.3630343486267096,10.0,0.0,-0.0024425911445481083,0.06590453510095055,0.0005044797132237969,2.646496703227361,0.003691677593451459,0.03594970703125,0.9926226157695055,0.003018104449438397,0.012359619140625,0.35100750625133514,0.28969576954841614
43497.230004414916,927,60751872,60751872,912.8236605756645,1628.4519659050181,917,100,1.9,3.9230091182061937,10.0,0.0,1.3,3.3630343486267096,10.0,0.0,-0.0015627419755522474,0.08543527807341889,0.000556598815516433,2.6418920010328293,0.002990651717482251,0.036590576171875,0.9905815242479244,0.003400614778608239,0.010223388671875,0.3175082951784134,0.28979191184043884
43557.23482855037,928,60881664,60817408,2163.0260878194176,1092.1788530212443,917,100,1.9,3.9230091182061937,10.0,0.0,1.3,3.3630343486267096,10.0,0.0,-0.0019508779599467136,0.14602804509922862,0.0005473021904739047,2.644716595609983,0.00392105899300077,0.0346527099609375,0.9866921237359445,0.003819461436554169,0.0115966796875,0.33914605528116226,0.2898511290550232
43636.843554785475,930,60948480,60948480,839.3049752193481,1646.4526716946598,922,100,1.7,3.7563280373831858,10.0,0.0,1.2,3.2496154321669954,10.0,0.0,-0.0024420209714056305,0.05277081556657019,0.0004812282844189516,2.648400043447812,0.00305334782024147,0.028930664062499997,0.9942879074563582,0.0033090398307346427,0.010986328125,0.3290988728404045,0.2899494171142578
43696.843893154524,931,61064704,61014016,1937.055742671504,1092.260506880848,922,100,1.7,3.7563280373831858,10.0,0.0,1.2,3.2496154321669954,10.0,0.0,-0.003267185362346936,0.05769892737347012,0.0004997895369645751,2.6438622027635574,0.0022643536898006764,0.027089436848958332,0.993596762418747,0.003136189043289051,0.01190185546875,0.34333493560552597,0.2900139093399048
43779.68356080912,933,61145088,61145088,970.3563796895554,1582.2371541434788,922,100,1.7,3.7563280373831858,10.0,0.0,1.2,3.2496154321669954,10.0,0.0,-0.0019072149722584677,0.09379161859396845,0.00047261418179308146,2.6502300476034484,0.003693420150739257,0.03264363606770833,0.9894279365738232,0.003027645291391915,0.0079345703125,0.27895986661314964,0.2900664210319519
43839.692526468076,934,61274112,61210624,2150.078718791339,1092.1034762114737,928,100,2.0,4.000000056850287,10.0,0.0,1.2,3.2496154483906574,10.0,0.0,-0.0012894880164822098,0.09773607425934945,0.0005092607674062796,2.638709376255671,0.003108955564433321,0.0238037109375,0.9907785089065632,0.003350917511852458,0.012664794921875,0.35211238265037537,0.29014459252357483
43920.991782765836,936,61341696,61341696,831.2991173310689,1612.2164699754064,928,100,2.0,4.000000056850287,10.0,0.0,1.2,3.2496154483906574,10.0,0.0,-0.0016436167740418264,0.08389879879541695,0.000520420719719065,2.6404734725753465,0.0030870081227476476,0.028844197591145836,0.9916771023223798,0.003443209386508291,0.01312255859375,0.3592277765274048,0.2903003990650177
43980.992002517916,937,61460992,61407232,1988.2593845977199,1092.2626662167731,928,100,2.0,4.000000056850287,10.0,0.0,1.2,3.2496154483906574,10.0,0.0,-0.0026021372117005135,0.07194492634152994,0.0004508806011169023,2.6483342424035072,0.002529782059355057,0.026021321614583332,0.9911431409418583,0.0029105153856410952,0.00885009765625,0.2962322160601616,0.29030802845954895
44062.907300862484,939,61538304,61538304,943.8041679930876,1600.0918344783472,928,100,2.0,4.000000056850287,10.0,0.0,1.2,3.2496154483906574,10.0,0.0,-0.0012481522668773928,0.15085128714175272,0.00047759367983720336,2.6424735635519028,0.0034201879340495602,0.030609130859375,0.9824636007348696,0.003301408830642079,0.01068115234375,0.32211413607001305,0.29048800468444824
44122.907549366355,940,61667328,61603840,2150.3910936581415,1092.2621428104846,928,100,2.0,4.000000056850287,10.0,0.0,1.2,3.2496154483906574,10.0,0.0,-0.0016713590654641544,0.06961305769315611,0.0005503723859874299,2.6366436903675394,0.0037811276361026107,0.036310831705729164,0.9923386834561825,0.003437521455149787,0.011444091796875,0.3376087620854378,0.2905428409576416
44204.02393839788,942,61734912,61734912,833.1731824716302,1615.8510205510404,934,100,1.8,3.841874603124195,10.0,0.0,0.7,2.551470199872923,10.0,0.0,-0.001478623527267094,0.07378538604825735,0.0005754212182485693,2.6455771128336587,0.0028861173244270804,0.030115763346354168,0.9908707917978365,0.0034956076391002475,0.01068115234375,0.32546674460172653,0.29071882367134094
44264.029073669575,943,61857280,61800448,2039.2921280141761,1092.1731898988057,934,100,1.8,3.841874603124195,10.0,0.0,0.7,2.551470199872923,10.0,0.0,-0.0016427028264539938,0.09543167912246038,0.0005597381514235167,2.6417611713210745,0.003256049083574908,0.0323486328125,0.9904320668429135,0.003486905618046876,0.012969970703125,0.35702599585056305,0.29080095887184143
44345.54353101179,945,61931520,61931520,910.7586852762182,1607.9601615911163,934,100,1.8,3.841874603124195,10.0,0.0,0.7,2.551470199872923,10.0,0.0,-0.002062232410632229,0.08018931500070417,0.0005880050636430193,2.6320713038245835,0.0035244651007815264,0.038370768229166664,0.9925790590544542,0.00415218099563693,0.013275146484375,0.36096349358558655,0.2909369170665741
44405.543649125844,946,62057728,61997056,2103.4625258585534,1092.2645164701617,934,100,1.8,3.841874603124195,10.0,0.0,0.7,2.551470199872923,10.0,0.0,-0.001338555381759458,0.06855699307440469,0.0005124187130907861,2.632813145716985,0.0032400177400025614,0.037511189778645836,0.9941388486574094,0.004278657441318501,0.014495849609375,0.3780873194336891,0.291046142578125
44486.057125044055,948,62128128,62128128,874.3877866050059,1627.9510790609565,940,100,1.8,3.841874587927223,10.0,0.0,0.9,2.861817635846067,10.0,0.0,-0.0015258783241733909,0.08658168381468083,0.0005807121133329929,2.63956002642711,0.003949230311263818,0.035730997721354164,0.9909779652953149,0.003725220211587536,0.010986328125,0.3285001367330551,0.29113689064979553
44546.057677659206,949,62247936,62193664,1996.7816091371656,1092.2566067075093,940,100,1.8,3.841874587927223,10.0,0.0,0.9,2.861817635846067,10.0,0.0,-0.0013870747485877168,0.0873260674610113,0.0005295242517604493,2.646239837010701,0.002994713471707655,0.027180989583333336,0.9901433251798153,0.003498503955294533,0.010833740234375,0.32836178690195084,0.291179358959198
44627.58845814504,951,62324736,62324736,941.9755280442416,1607.6382345288391,940,100,1.8,3.841874587927223,10.0,0.0,0.9,2.861817635846067,10.0,0.0,-0.0009373401262564585,0.10902979655656964,0.0005615135059997556,2.6404545307159424,0.004277592677681241,0.041463216145833336,0.9894317543754975,0.0035697118049332253,0.01007080078125,0.3167719542980194,0.2912585139274597
44687.588730243035,952,62445312,62390272,2009.5908865724039,1092.2617132962534,946,100,2.0,4.000000075071165,10.0,0.0,1.6,3.666060555964672,10.0,0.0,-0.0015608119332076362,0.06570575153455138,0.0005463763094060899,2.651883507768313,0.0027577255271656518,0.0250396728515625,0.9926256748537222,0.0032256175763905044,0.01190185546875,0.34210676699876785,0.29131990671157837
44770.88110819459,954,62521344,62521344,912.8326249038323,1573.6373870396033,946,100,2.0,4.000000075071165,10.0,0.0,1.6,3.666060555964672,10.0,0.0,-0.0018153896635340063,0.08233118895441294,0.0005905051984882448,2.6322598035136857,0.0032748557356777988,0.03435770670572917,0.993774910767873,0.003933831806837891,0.01373291015625,0.36532698571681976,0.2914998233318329
44830.88140246272,955,62646528,62586880,2086.3897673663682,1092.2613097050926,946,100,2.0,4.000000075071165,10.0,0.0,1.6,3.666060555964672,10.0,0.0,-0.002791492178706297,0.10593563956596577,0.0005128924691841045,2.6412557587027554,0.004112239711806372,0.033391316731770836,0.9893291462212801,0.003315262164202674,0.012664794921875,0.35517075657844543,0.2915743887424469
44911.235468328,957,62717952,62717952,888.8660359732088,1631.1806825028061,946,100,2.0,4.000000075071165,10.0,0.0,1.6,3.666060555964672,10.0,0.0,-0.0010013522199490885,0.08197283236465107,0.0005463817236280495,2.646553196012974,0.0029796962201847537,0.025390625,0.9917569831013678,0.0032473662940901704,0.011444091796875,0.33316490799188614,0.2916712164878845
44971.23568555061,958,62843648,62783488,2094.9257489127326,1092.2627122640722,951,100,2.2,4.142463127293191,10.0,0.0,1.2,3.2496154483906574,10.0,0.0,-0.002566094153735321,0.0795378421122829,0.0005659738220250196,2.644210288921992,0.002288086274954064,0.024002075195312497,0.9928732023884852,0.0033779237855924293,0.011749267578125,0.3416891545057297,0.2917289733886719
45051.38563377876,960,62914560,62914560,884.7416819053414,1635.3348055434467,951,100,2.2,4.142463127293191,10.0,0.0,1.2,3.2496154483906574,10.0,0.0,-0.0018373640050413087,0.09266719922500972,0.0005662636149281752,2.637309893965721,0.0025379484559380217,0.025899251302083336,0.9916045994808277,0.0038092817121651024,0.01251220703125,0.3530548885464668,0.2917843163013458
45111.38593410887,961,63038976,62980096,2073.589620643356,1092.2611993512328,951,100,2.2,4.142463127293191,10.0,0.0,1.2,3.2496154483906574,10.0,0.0,-0.0021363843625294976,0.05609145894413814,0.0004852890688198386,2.6522121230761213,0.003684314354056066,0.024429321289062503,0.9935668210188547,0.002957250607626823,0.009613037109375,0.2999926842749119,0.2918037474155426
45192.02689501457,963,63111168,63111168,895.2274277140511,1625.3774574099086,951,100,2.2,4.142463127293191,10.0,0.0,1.2,3.2496154483906574,10.0,0.0,-0.0023539792382507585,0.10231186856981367,0.0005407880665491879,2.628253288567066,0.0037806389185182825,0.040318806966145836,0.9911599873254697,0.0036489426590075404,0.0146484375,0.3806612119078636,0.29195359349250793
45252.02717574686,964,63237120,63176704,2099.190178158939,1092.2615561152202,957,100,1.9,3.9230091033235213,10.0,0.0,1.6,3.666060564159593,10.0,0.0,-0.0024200997831940185,0.09013312150879453,0.0005717912457233373,2.625549465417862,0.003703116335600498,0.0378875732421875,0.9924008554468552,0.004348327713766291,0.011749267578125,0.34062932431697845,0.29201066493988037
45333.0995924091,966,63307776,63307776,871.5171313366037,1616.727432044714,957,100,1.9,3.9230091033235213,10.0,0.0,1.6,3.666060564159593,10.0,0.0,-0.0010292955497182748,0.1044518692069687,0.0005641520580563035,2.6323873872558274,0.003377371271805411,0.03493754069010417,0.9898665888855854,0.0038965229978202842,0.011444091796875,0.3349597826600075,0.292143315076828
45393.09975213371,967,63435008,63373312,2120.527688325505,1092.2637589765177,957,100,1.9,3.9230091033235213,10.0,0.0,1.6,3.666060564159593,10.0,0.0,-0.0021942447565379553,0.082420929975342,0.0005385867022293194,2.6492768848935766,0.0034137176147244945,0.028813680013020832,0.991297572851181,0.0033524569298606366,0.0091552734375,0.3006601184606552,0.2921541631221771
45472.600371119566,969,63504384,63504384,872.6472936310646,1648.6915658269559,963,100,1.9,3.923009105201032,10.0,0.0,1.9,3.9230091502827715,10.0,0.0,-0.0021293147910910193,0.09525573628100878,0.0006282507498932925,2.6360912894209223,0.004060289429617114,0.036158243815104164,0.9920226559042931,0.004042071845712296,0.0128173828125,0.3556673526763916,0.2922833263874054
45532.60058097821,970,63629824,63569920,2090.6593542844844,1092.2628463200572,963,100,1.9,3.923009105201032,10.0,0.0,1.9,3.9230091502827715,10.0,0.0,-0.0021503434982150793,0.11943808260063332,0.0006046819656451892,2.62682793289423,0.0043249555522682686,0.040364583333333336,0.9897408715138832,0.004900500791942856,0.014495849609375,0.37997961789369583,0.292387992143631
45614.60815056693,972,63700992,63700992,867.8223285596351,1598.2914828148675,963,100,1.9,3.923009105201032,10.0,0.0,1.9,3.9230091502827715,10.0,0.0,-0.0008567167800113868,0.10157151846215129,0.0005888619749991146,2.6430384616057077,0.003542926845814994,0.03539530436197917,0.9874850455671549,0.003858199132082518,0.010223388671875,0.3169185370206833,0.29247868061065674
45674.61124238465,973,63821056,63766528,2000.9635564235955,1092.2103847429432,963,100,1.9,3.923009105201032,10.0,0.0,1.9,3.9230091502827715,10.0,0.0,-0.0012132273586757947,0.11771341048491499,0.0006041864720221686,2.6337796623508134,0.0040436686546551455,0.044281005859375,0.9891547529647748,0.004526224227447528,0.013885498046875,0.370170034468174,0.2925720512866974
45756.269876692444,975,63897600,63897600,937.3656643764604,1605.1211376613635,968,100,1.9,3.923009163010647,10.0,0.0,2.0,4.000000047236654,10.0,0.0,-0.0021254822956204102,0.11494698293972762,0.0006359104124082174,2.622558742761612,0.0036843221126522017,0.0375518798828125,0.9892891099055607,0.00450091935878542,0.01190185546875,0.34348828345537186,0.2927127480506897
45816.27153842058,976,64013312,63963136,1928.4799231775246,1092.2364166669165,968,100,1.9,3.923009163010647,10.0,0.0,2.0,4.000000047236654,10.0,0.0,-0.00022347488629748116,0.09041867979491751,0.0006558620661962777,2.641223748524984,0.0032899749245795342,0.03571065266927083,0.9913675418744484,0.0042076532360321535,0.01190185546875,0.34338995814323425,0.2927708327770233
45898.90153414756,978,64094208,64094208,979.0149362622551,1586.2520486274514,968,100,1.9,3.923009163010647,10.0,0.0,2.0,4.000000047236654,10.0,0.0,-0.0020994669515251494,0.14649482575866082,0.0006250752315584881,2.6264834379156428,0.00447549509590317,0.04118855794270833,0.9856406866262356,0.004270490508739992,0.01068115234375,0.32647837698459625,0.2928840219974518
45958.9015448736,979,64217600,64159744,2056.5329656923473,1092.2664714050643,973,100,2.0,3.9999999556947596,10.0,0.0,1.8,3.8418745748700296,10.0,0.0,-0.0021516122020936264,0.10372891560352096,0.0006306912582658697,2.6289514427383742,0.0039504282382646725,0.0383453369140625,0.9903968187669913,0.0035658600681927055,0.0115966796875,0.3366357982158661,0.29293641448020935
46039.61007391941,981,64290816,64290816,907.1655854172113,1624.0167123552874,973,100,2.0,3.9999999556947596,10.0,0.0,1.8,3.8418745748700296,10.0,0.0,-0.0030751393120832895,0.0839210588989469,0.0005859336036640646,2.6412039274970693,0.003289630665070338,0.029256184895833332,0.9910830395917098,0.0033048643405588036,0.013427734375,0.35973089933395386,0.29309386014938354
46099.61033509951,982,64416768,64356352,2099.1908622185792,1092.2619120486916,973,100,2.0,3.9999999556947596,10.0,0.0,1.8,3.8418745748700296,10.0,0.0,-0.001829372021650973,0.05955137399723753,0.0005285229268944628,2.6422214383880296,0.0033508665304301153,0.03341674804687499,0.9941755377997955,0.003426506120983201,0.0115966796875,0.3367045000195503,0.2931458652019501
46181.364345534705,984,64487424,64487424,864.2511801425186,1603.2485660614836,973,100,2.0,3.9999999556947596,10.0,0.0,1.8,3.8418745748700296,10.0,0.0,-0.0007112023292089967,0.07872711742917697,0.000571179073631356,2.6283896366755166,0.003138570552740324,0.032389322916666664,0.9917887188494204,0.0038211464100944186,0.011749267578125,0.34062932431697845,0.29321786761283875
46241.36463345867,985,64613632,64552960,2103.456572740832,1092.2614251960508,973,100,2.0,3.9999999556947596,10.0,0.0,1.8,3.8418745748700296,10.0,0.0,-0.0017041432777962957,0.07564952391354988,0.0005357532069562391,2.6347399999698005,0.003365972735385488,0.02880859375,0.9926492751886447,0.003233159744316557,0.01312255859375,0.3607325404882431,0.2932959198951721
46321.98981623724,987,64684032,64684032,873.1763150645311,1625.6955393201451,979,100,2.1,4.0730824177248905,10.0,0.0,1.3,3.363034416568014,10.0,0.0,-0.0019139342221023983,0.07547582359984517,0.000505887072298113,2.6458728909492493,0.002690079982736885,0.0289306640625,0.9922878580788772,0.003101318725384772,0.009765625,0.30917688831686974,0.29336732625961304
46381.990301450714,988,64802816,64749568,1979.7173235746834,1092.257833696377,979,100,2.1,4.0730824177248905,10.0,0.0,1.3,3.363034416568014,10.0,0.0,-0.0025643749637917304,0.05329365484067239,0.00046572364468981203,2.64070837944746,0.002546974347448365,0.025278727213541664,0.9942310669769844,0.0032123943068048297,0.010528564453125,0.32421155273914337,0.29340028762817383
46463.77179399133,990,64880640,64880640,951.6089469919185,1602.7098054600733,979,100,2.1,4.0730824177248905,10.0,0.0,1.3,3.363034416568014,10.0,0.0,-0.0015242387392693975,0.06880574320287755,0.0005135309174875147,2.6332598179578777,0.0032476268479513237,0.028920491536458336,0.9938801303505898,0.0039179535961011425,0.01434326171875,0.37475379556417465,0.2935367822647095
46523.772188474424,991,65007360,64946176,2111.9861142862837,1092.25948536826,979,100,2.1,4.0730824177248905,10.0,0.0,1.3,3.363034416568014,10.0,0.0,-0.0021425891051573367,0.05492543033324183,0.0004451809563761344,2.6477564002076783,0.002831493947572502,0.0226593017578125,0.993381381034851,0.0035625230181418983,0.01007080078125,0.3147718980908394,0.2935616075992584
46603.69773286395,993,65077248,65077248,874.4138126778995,1639.926271395914,985,100,2.2,4.142463027838449,10.0,0.0,1.3,3.363034364303226,10.0,0.0,-0.0006392654128527889,0.07280277773194635,0.000536189383637975,2.6363329092661543,0.0034433976688887924,0.0363922119140625,0.9919963876406352,0.0037249442296645916,0.01007080078125,0.316173292696476,0.29357191920280457
46663.7038622899,994,65199360,65142784,2034.9921111090903,1092.1550952702873,985,100,2.2,4.142463027838449,10.0,0.0,1.3,3.363034364303226,10.0,0.0,-0.0014932517830554086,0.08937085961224511,0.0005840375815751031,2.6370123227437334,0.0035576128623991585,0.03638712565104167,0.9910222900410494,0.0037668336469020387,0.01220703125,0.3452439531683922,0.29363319277763367
46744.69046684541,996,65273856,65273856,919.8558256500162,1618.44049049075,985,100,2.2,4.142463027838449,10.0,0.0,1.3,3.363034364303226,10.0,0.0,-0.0021067938990502926,0.07890546002696888,0.000558515107210648,2.6356154506405196,0.003429289571916646,0.03737894694010417,0.9910540096461773,0.0033218952133514295,0.011138916015625,0.33000417053699493,0.2937292158603668
46804.690564504825,997,65399808,65339392,2099.1965832281094,1092.2648888341382,991,100,2.2,4.142463084862329,10.0,0.0,1.4,3.4698703232377657,10.0,0.0,-0.0018648953397738903,0.1021059268969111,0.0005481288620406607,2.6424798493584,0.003237255976879775,0.031097412109375,0.9890308069686095,0.003553278688438392,0.01007080078125,0.31531738489866257,0.2937537133693695
46885.58760139812,999,65470464,65470464,873.4065265356797,1620.2323970516957,991,100,2.2,4.142463084862329,10.0,0.0,1.4,3.4698703232377657,10.0,0.0,-0.0020779030528501603,0.08742585522122681,0.0005794387422308015,2.6312353437145553,0.0038919338906756216,0.037724812825520836,0.9909597411751747,0.003618391834606882,0.01220703125,0.34638281911611557,0.29388290643692017
46945.58813955169,1000,65596160,65536000,2094.914543570857,1092.2568699676974,991,100,2.2,4.142463084862329,10.0,0.0,1.4,3.4698703232377657,10.0,0.0,-0.0029604360497614834,0.07898518281096283,0.0004926817600789946,2.6506298631429672,0.0032236405392419933,0.0290679931640625,0.9905126672238111,0.0028632740759348962,0.009307861328125,0.3000553213059902,0.2938941717147827
47026.17920986656,1002,65667072,65667072,879.8989729624739,1626.3836612158361,991,100,2.2,4.142463084862329,10.0,0.0,1.4,3.4698703232377657,10.0,0.0,-0.002358565090010719,0.13593699235934764,0.0005409844995180416,2.645108126103878,0.0032805818433795744,0.028544108072916664,0.9847729143997034,0.0030541593708524792,0.00885009765625,0.2923637516796589,0.2939373552799225
47086.17949551996,1003,65795840,65732608,2146.123115877344,1092.2614665300198,991,100,2.2,4.142463084862329,10.0,0.0,1.4,3.4698703232377657,10.0,0.0,-0.0025442460294774114,0.08065927372081205,0.000552127648309882,2.6406981324156122,0.0037734272803694084,0.035669962565104164,0.9918557511021693,0.0029525584832299496,0.013275146484375,0.3618202582001686,0.29401570558547974
47166.40183296334,1005,65863680,65863680,845.64975494362,1633.8591491740885,997,100,1.8,3.841874603124195,10.0,0.0,1.5,3.5707142184782974,10.0,0.0,-0.0022827424642552314,0.07918302074540406,0.0005447795707974972,2.637034734090169,0.0026680856111246003,0.027516682942708332,0.9914508890360594,0.0031137855160826198,0.01129150390625,0.334592305123806,0.2941151559352875
47226.40210577566,1006,65988864,65929216,2086.390513449331,1092.2617002924926,997,100,1.8,3.841874603124195,10.0,0.0,1.5,3.5707142184782974,10.0,0.0,-0.0005044536980373474,0.12622857167540738,0.0005169964836871562,2.6363652323683104,0.0030862570474710087,0.03531901041666667,0.9849076848477126,0.0031040200071098902,0.0103759765625,0.32068218290805817,0.2941441237926483
47307.35714681912,1008,66060288,66060288,882.2674793241885,1619.0715032759301,997,100,1.8,3.841874603124195,10.0,0.0,1.5,3.5707142184782974,10.0,0.0,-0.0022410690144170076,0.07544803867737453,0.0005324911783948967,2.646474694212278,0.0034195725044507226,0.027364095052083336,0.9927059685190519,0.0030046533817464174,0.0128173828125,0.3566323220729828,0.29420703649520874
47367.35754101165,1009,66183680,66125824,2056.519822254335,1092.259490657904,1003,100,1.6,3.666060619538456,10.0,0.0,1.8,3.841874601933005,10.0,0.0,-0.0020722707092014994,0.10145596325552714,0.0004950297673834332,2.6328095917900405,0.0029503204077627743,0.03305562337239583,0.9917988926172256,0.0036533547317958437,0.014801025390625,0.3822299465537071,0.29431021213531494
47448.87736443803,1011,66256896,66256896,898.1373722689696,1607.8543167892044,1003,100,1.6,3.666060619538456,10.0,0.0,1.8,3.841874601933005,10.0,0.0,-0.002394492819197088,0.08317997514192636,0.000504897743667243,2.6309793516993523,0.0033558126002996387,0.03455098470052083,0.9921305160969495,0.0033156944846268743,0.0140380859375,0.36716608703136444,0.29446467757225037
47508.877586998045,1012,66373888,66322432,1949.859433987478,1092.2626151002066,1003,100,1.6,3.666060619538456,10.0,0.0,1.8,3.841874601933005,10.0,0.0,-0.0020911112806061283,0.0785408410980987,0.0005427395520503827,2.6459134916464486,0.003554970917321043,0.033808390299479164,0.9922235943377018,0.003509193345962558,0.013275146484375,0.3592277839779854,0.29454168677330017
47590.15959072206,1014,66453504,66453504,979.5034122230429,1612.5586722128553,1003,100,1.6,3.666060619538456,10.0,0.0,1.8,3.841874601933005,10.0,0.0,-0.0024451561160579636,0.07099665240578665,0.0004770737414219184,2.6474782675504684,0.00350516993785277,0.030537923177083332,0.9926840147624413,0.0031223238402162683,0.009918212890625,0.3074592240154743,0.2946033775806427
47650.16303033009,1015,66574336,66519040,2013.751224751948,1092.2040541027513,1009,100,2.1,4.073082379782281,10.0,0.0,1.4,3.469870395622755,10.0,0.0,-0.0028916457389035104,0.07197099667973816,0.00046736938929825556,2.640005720158418,0.0030639190493578403,0.03305562337239583,0.9918160227437814,0.0033153301216467903,0.009918212890625,0.3084466978907585,0.2946239113807678
47733.25298104156,1017,66650112,66650112,911.975507882242,1577.4711487692834,1009,100,2.1,4.073082379782281,10.0,0.0,1.4,3.469870395622755,10.0,0.0,-0.0018387112856241101,0.09874067317772037,0.000523321711019283,2.6491360142827034,0.0027415287125525842,0.030492146809895832,0.9896224178373814,0.0033441551155798757,0.01129150390625,0.3354368135333061,0.2947309613227844
47793.25312482752,1018,66771712,66715648,2026.6618099080683,1092.264049129401,1009,100,2.1,4.073082379782281,10.0,0.0,1.4,3.469870395622755,10.0,0.0,-0.0010773912799777463,0.08910168187382321,0.0005532657978619682,2.64387105156978,0.00346958566539494,0.033137003580729164,0.990224301815033,0.0038222688720755587,0.0115966796875,0.33619487285614014,0.2947792410850525
47875.24452917557,1020,66846720,66846720,914.8276041423985,1598.606598364874,1009,100,2.1,4.073082379782281,10.0,0.0,1.4,3.469870395622755,10.0,0.0,-0.0022950999530924796,0.06358814544122045,0.0005141281329391252,2.65083796530962,0.0021461937479519593,0.021611531575520832,0.993099235619108,0.003021391950217852,0.01007080078125,0.3155076205730438,0.2948906719684601
47935.2447324153,1021,66971392,66912256,2077.8596282727844,1092.2629668127984,1014,100,1.7,3.756328066280811,10.0,0.0,1.6,3.6660606806156077,10.0,0.0,-0.002853316451364663,0.10146606203246242,0.0004728559861177928,2.654538345833619,0.0032010942298560012,0.025914510091145836,0.9870977817724148,0.002679937072874357,0.00885009765625,0.29578207433223724,0.2948931157588959
48016.79274694901,1023,67043328,67043328,882.1306123923704,1607.2984823661695,1014,100,1.7,3.756328066280811,10.0,0.0,1.6,3.6660606806156077,10.0,0.0,-0.002237500079597036,0.0575217274017632,0.0005071929090263438,2.6444634199142456,0.0026943661487166537,0.027984619140625,0.9943280996133884,0.003100081873223341,0.009307861328125,0.3041359409689903,0.29492321610450745
48076.79321098048,1024,67169536,67108864,2103.450398880224,1092.2582192968302,1014,100,1.7,3.756328066280811,10.0,0.0,1.6,3.6660606806156077,10.0,0.0,-0.0019470669346143648,0.07909688046978165,0.0005430071199346761,2.6233541443943977,0.0038439752643171232,0.03732808430989583,0.9933321674664816,0.003978414252439204,0.01220703125,0.34805361926555634,0.29498106241226196
48156.839814523235,1026,67239936,67239936,879.4876594907571,1637.4461151246096,1014,100,1.7,3.756328066280811,10.0,0.0,1.6,3.6660606806156077,10.0,0.0,-0.0009366530866827815,0.09078986814711244,0.0005270494393698755,2.6425143033266068,0.002962161586159103,0.030817667643229164,0.9908245926102003,0.0030839912724331953,0.01068115234375,0.3217236362397671,0.29505619406700134
48216.84235253651,1027,67368448,67305472,2141.776069065185,1092.220465499377,1014,100,1.7,3.756328066280811,10.0,0.0,1.6,3.6660606806156077,10.0,0.0,-0.0012549848082320143,0.08400494661570217,0.0005180636753721046,2.640603795647621,0.0033044605903948345,0.030171712239583332,0.9922778519491354,0.0034246855163170644,0.009002685546875,0.2901920937001705,0.295060932636261
48296.16615949571,1029,67436544,67436544,858.4560248731034,1652.366483966274,1021,100,1.5,3.5707142885143504,10.0,0.0,0.7,2.551470179210066,10.0,0.0,-0.0010882050410145894,0.1078573387931101,0.0005484248155577613,2.6362705131371813,0.0032111651950496403,0.0355682373046875,0.9896023745338122,0.003726176561031025,0.012359619140625,0.34746523201465607,0.2951532304286957
48356.166199319996,1030,67559424,67502080,2047.9986406653209,1092.265941688171,1021,100,1.5,3.5707142885143504,10.0,0.0,0.7,2.551470179210066,10.0,0.0,-0.0021785254563534786,0.08693242540660626,0.0004977136368324864,2.646388908227285,0.0031565310109726856,0.028834025065104168,0.9897795921812456,0.0030173925842973404,0.01007080078125,0.3164382800459862,0.2951754033565521
48436.479891796596,1032,67633152,67633152,918.0003773513567,1632.0006708468566,1021,100,1.5,3.5707142885143504,10.0,0.0,0.7,2.551470179210066,10.0,0.0,-0.0014816713446634822,0.10702343583883096,0.0005358491383352278,2.639997067550818,0.003884281836387042,0.035425821940104164,0.9881338514387608,0.0034799795078773363,0.009765625,0.30877089500427246,0.29526466131210327
48496.480093942024,1033,67761408,67698688,2137.592798256501,1092.2629867338608,1021,100,1.5,3.5707142885143504,10.0,0.0,0.7,2.551470179210066,10.0,0.0,-0.001940055442294882,0.0703101961601836,0.0005705753125463767,2.641880432764689,0.002889782166069684,0.0297088623046875,0.992260055616498,0.0033069631123604872,0.01251220703125,0.35040777921676636,0.2953266203403473
48576.389521197416,1035,67829760,67829760,855.3684133105558,1640.2570322659346,1027,100,1.8,3.8418746168468347,10.0,0.0,1.2,3.249615385056591,10.0,0.0,-0.0031663735207985155,0.08059759494305277,0.0005669463510760883,2.63105000803868,0.0036028910581080713,0.03238423665364583,0.9920274298638105,0.0037935051198777123,0.009918212890625,0.31361173838377,0.29545262455940247
48636.38971276302,1036,67953152,67895296,2056.526767336828,1092.2631793324233,1027,100,1.8,3.8418746168468347,10.0,0.0,1.2,3.249615385056591,10.0,0.0,-0.0024878309232008178,0.07633948628790677,0.0005193762696459695,2.638390727341175,0.002509047973944689,0.026082356770833332,0.9924769991387924,0.00340866273715316,0.01068115234375,0.32620880752801895,0.2954843044281006
48716.83599522058,1038,68026368,68026368,910.1228517131956,1629.310839430616,1027,100,1.8,3.8418746168468347,10.0,0.0,1.2,3.249615385056591,10.0,0.0,-0.003095845323211203,0.10193628767350069,0.0005597656330185904,2.638437564174334,0.004370204542889648,0.03834025065104167,0.9888920622567335,0.003545386634262589,0.012664794921875,0.35310638695955276,0.2955673933029175
48776.83604468871,1039,68154112,68091904,2129.0649113190075,1092.265766127587,1027,100,1.8,3.8418746168468347,10.0,0.0,1.2,3.249615385056591,10.0,0.0,-0.0024160623997886432,0.10425011025896917,0.0006004521452875149,2.6403923283020654,0.0037190294406173052,0.03558349609375,0.9865920655429363,0.003445650084662096,0.01068115234375,0.3230327367782593,0.2955988645553589
48856.20390117634,1041,68222976,68222976,867.6560392018569,1651.4494129046493,1033,100,1.7,3.756327935022294,10.0,0.0,1.7,3.7563281058179046,10.0,0.0,-0.0012089580438138605,0.10521389047304788,0.0005895275041135998,2.6293539653221765,0.003588827020090927,0.036565144856770836,0.9902215295781691,0.003989770647118955,0.012969970703125,0.3576574996113777,0.29576802253723145
48916.20407825429,1042,68345856,68288512,2047.9939557571777,1092.2634430704948,1033,100,1.7,3.756327935022294,10.0,0.0,1.7,3.7563281058179046,10.0,0.0,-0.002518287078904298,0.11161068795869747,0.0005183250117018664,2.64594575514396,0.0037346992212405894,0.0345458984375,0.9872197409470876,0.0033561739037395455,0.012054443359375,0.34383244812488556,0.2958214282989502
48996.813722427934,1044,68419584,68419584,914.6300142595785,1626.0089142392505,1033,100,1.7,3.756327935022294,10.0,0.0,1.7,3.7563281058179046,10.0,0.0,-0.0019572377010869486,0.11229939698629701,0.000537945768883219,2.635486568013827,0.0045055755411643385,0.0387725830078125,0.9866364027063053,0.0036459140828810632,0.011749267578125,0.3395230695605278,0.29590824246406555
49056.81406831276,1045,68548864,68485120,2154.6542456299853,1092.2603700619331,1033,100,1.7,3.756327935022294,10.0,0.0,1.7,3.7563281058179046,10.0,0.0,-0.002136211178973705,0.07210157619556412,0.0005420999574804835,2.641755871474743,0.0035301811276440276,0.034337361653645836,0.9910311450560887,0.003448049026095153,0.0091552734375,0.30165670067071915,0.29591456055641174
49136.60337497946,1047,68616192,68616192,843.8223467869482,1642.7263937449334,1040,100,1.9,3.9230090059634293,10.0,0.0,1.3,3.363034416568014,10.0,0.0,-0.0014366385415390444,0.0779022696078755,0.0005113793161702537,2.6277019257346788,0.0039078532760565094,0.0361328125,0.9927256815135478,0.0037262488573711985,0.01190185546875,0.3432014584541321,0.29602301120758057
49196.61880713701,1048,68744960,68681728,2145.5814841415395,1091.985805050167,1040,100,1.9,3.9230090059634293,10.0,0.0,1.3,3.363034416568014,10.0,0.0,-0.0008125930483705208,0.11615481045252332,0.0005406929379508559,2.632175974547863,0.003885529183511001,0.0370025634765625,0.9890853806088368,0.0035259447613498196,0.013275146484375,0.36404307931661606,0.29609546065330505
49276.45505183935,1050,68812800,68812800,849.7393665362658,1641.7605874210117,1040,100,1.9,3.9230090059634293,10.0,0.0,1.3,3.363034416568014,10.0,0.0,-0.0024653195396240335,0.06787855224683881,0.0005294144818132432,2.644304931163788,0.0028455337560444605,0.029261271158854164,0.9925108434011539,0.0033243399108566036,0.011444091796875,0.3364417925477028,0.2962178885936737
49336.45524644572,1051,68939008,68878336,2103.4598442218785,1092.2631239772836,1045,100,1.5,3.570714290100643,10.0,0.0,1.0,3.00000007616298,10.0,0.0,-0.002830616540450137,0.045177700909941144,0.0005434424295647963,2.6402413820226984,0.003633336349594174,0.031687418619791664,0.9959982795019945,0.003698324874373308,0.01312255859375,0.35598714649677277,0.2962874472141266
49416.73114368692,1053,69009408,69009408,876.9755607772986,1632.7690440653705,1045,100,1.5,3.570714290100643,10.0,0.0,1.0,3.00000007616298,10.0,0.0,-0.0019091347300369912,0.04064611142772871,0.00048465976033185143,2.648409478366375,0.003139165205235865,0.025105794270833332,0.9958752741416296,0.0029268090511322953,0.012359619140625,0.34929198771715164,0.2963749170303345
49476.731855856255,1054,69134080,69074944,2077.8420037440574,1092.2537021734674,1045,100,1.5,3.570714290100643,10.0,0.0,1.0,3.00000007616298,10.0,0.0,-0.00264101300490438,0.0931367261800915,0.0005595892786611026,2.63557347158591,0.003683090520401796,0.033579508463541664,0.9900962399939697,0.0032208301587767587,0.009765625,0.31047727167606354,0.29639047384262085
49557.239974046126,1056,69206016,69206016,893.5247974663284,1628.0594174475452,1045,100,1.5,3.570714290100643,10.0,0.0,1.0,3.00000007616298,10.0,0.0,-0.0021890338175580837,0.03584264280895392,0.00048726028823390766,2.6411285599072776,0.0032080452183436137,0.029103597005208332,0.9961035661399363,0.003530789889434042,0.0115966796875,0.339337021112442,0.29642394185066223
49617.24033885356,1057,69334016,69271552,2133.3203624811977,1092.260025590373,1051,100,1.8,3.841874603124195,10.0,0.0,1.6,3.6660606182901403,10.0,0.0,-0.0030497110698585557,0.08780623495113105,0.0005070697188784834,2.6300269340475397,0.004060062054122682,0.03985595703125,0.991412549590071,0.0038474997782032005,0.010986328125,0.33039798587560654,0.2964588701725006
49697.692535107955,1059,69402624,69402624,852.7797026579256,1629.1910737345445,1051,100,1.8,3.841874603124195,10.0,0.0,1.6,3.6660606182901403,10.0,0.0,-0.002531762470122582,0.07647352095227689,0.0005813766620121896,2.6205875302354498,0.003984808668368108,0.038736979166666664,0.9925662167370319,0.0038569210009882227,0.010528564453125,0.31843961775302887,0.2964969277381897
49757.69310799148,1060,69527296,69468160,2077.846827263121,1092.2562377399568,1051,100,1.8,3.841874603124195,10.0,0.0,1.6,3.6660606182901403,10.0,0.0,-0.0019233014924490515,0.057372952229343355,0.0004925266503050807,2.644533894956112,0.002174186351718769,0.019775390625,0.994320838401715,0.003075998955561469,0.012054443359375,0.34595151245594025,0.29654863476753235
49838.05871855002,1062,69599232,69599232,895.1092326686255,1630.9463598802004,1051,100,1.8,3.841874603124195,10.0,0.0,1.6,3.6660606182901403,10.0,0.0,-0.0017350303848312856,0.08762970939278603,0.0005869917546685125,2.6343355824549994,0.0035594878530294713,0.03290812174479167,0.991409383714199,0.0037779080860976437,0.0103759765625,0.32053397595882416,0.29658159613609314
49898.06229695026,1063,69722112,69664768,2047.8778645559887,1092.201527763194,1057,100,1.7,3.756328060986147,10.0,0.0,1.4,3.4698703384316074,10.0,0.0,-0.001469692349928664,0.06941084418212995,0.0005211930413982676,2.634273005028566,0.003703021517139859,0.034505208333333336,0.993813089405497,0.0037016000133007765,0.01434326171875,0.37787751108407974,0.29666927456855774
49978.585206992924,1065,69795840,69795840,915.6151952398945,1627.7603470931458,1057,100,1.7,3.756328060986147,10.0,0.0,1.4,3.4698703384316074,10.0,0.0,-0.0017448599901399575,0.09224687503107512,0.0005076827807594478,2.6308968563874564,0.004034906050947029,0.0369720458984375,0.9924882122625908,0.0038393434321430204,0.0140380859375,0.3736507073044777,0.2968223989009857
50038.593002086505,1066,69918208,69861376,2039.201737193798,1092.124779752327,1057,100,1.7,3.756328060986147,10.0,0.0,1.4,3.4698703384316074,10.0,0.0,-0.001373378761248508,0.09080243034986779,0.0005290651191292758,2.64547386020422,0.0036921294261749913,0.03579203287760417,0.9890500803788503,0.0035962763116306937,0.00946044921875,0.30312375724315643,0.29683253169059753
50119.47466539312,1068,69992448,69992448,917.8841898757917,1620.5403628151907,1057,100,1.7,3.756328060986147,10.0,0.0,1.4,3.4698703384316074,10.0,0.0,-0.001894072539774546,0.06526307909128566,0.0005291028264764464,2.629675378402074,0.0027320501170227844,0.02710469563802083,0.9947563552608092,0.003638130981319894,0.012969970703125,0.35795193165540695,0.2969776391983032
50179.474990216084,1069,70118144,70057984,2094.9219920205464,1092.2607534771078,1062,100,1.6,3.6660605961151185,10.0,0.0,1.2,3.249615361854384,10.0,0.0,2.388262995130691e-05,0.07838504732353613,0.0005097282767868212,2.638948567211628,0.0027657210854764953,0.028269449869791664,0.9919704087078571,0.0031683077395427968,0.010833740234375,0.32887914776802063,0.2970091700553894
50260.544704956934,1071,70189056,70189056,874.703953587101,1616.7813149335584,1062,100,1.6,3.6660605961151185,10.0,0.0,1.2,3.249615361854384,10.0,0.0,-0.0015926597273695127,0.10906512946045646,0.0005368843640098931,2.623590350151062,0.0033887053511231593,0.03456624348958333,0.9904246913890045,0.003720517687421913,0.01312255859375,0.35883234441280365,0.2971247136592865
50320.54477768205,1072,70311424,70254592,2039.4641946621234,1092.2653427479154,1062,100,1.6,3.6660605961151185,10.0,0.0,1.2,3.249615361854384,10.0,0.0,-0.002880641051888233,0.12129225663375108,0.0004829185612228078,2.64451506237189,0.002743112047634592,0.030253092447916668,0.9875421486794949,0.00310580650572471,0.010986328125,0.3281198590993881,0.297158420085907
50402.86144904513,1074,70385664,70385664,901.8829208064803,1592.2898463893723,1068,100,1.8,3.8418746265234245,10.0,0.0,1.6,3.6660606182901403,10.0,0.0,-0.0014069658039564579,0.069648908257174,0.0005438225828887273,2.6423795794447265,0.002912208042592586,0.033426920572916664,0.9935891603430113,0.003361970661596085,0.013427734375,0.36372561752796173,0.2972852289676666
50462.86178946495,1075,70503936,70451200,1971.1888161375864,1092.2604695480998,1068,100,1.8,3.8418746265234245,10.0,0.0,1.6,3.6660606182901403,10.0,0.0,-0.0024638851039829506,0.10685571222954118,0.0005474707353035532,2.6403804818789163,0.0035490345435391646,0.0380859375,0.9897679456820091,0.0032543947684947248,0.01312255859375,0.3579569235444069,0.29735201597213745
50545.4784579454,1077,70582272,70582272,948.1863822497096,1586.5079336988604,1068,100,1.8,3.8418746265234245,10.0,0.0,1.6,3.6660606182901403,10.0,0.0,-0.0014497619001000808,0.1339722157572396,0.0005388540078759737,2.640462833146254,0.0046844245662214234,0.04439290364583333,0.9880764521658421,0.003785263031507687,0.01251220703125,0.3525855466723442,0.2974518835544586
50605.48280065507,1078,70709504,70647808,2120.3798634311215,1092.1876157713623,1068,100,1.8,3.8418746265234245,10.0,0.0,1.6,3.6660606182901403,10.0,0.0,-0.0007804487649991643,0.0822214912623167,0.0005076695861134795,2.640404855211576,0.003155414538317321,0.035313924153645836,0.9920475302884977,0.0033663343056105077,0.0115966796875,0.3337484709918499,0.2974945306777954
50687.2105051456,1080,70778880,70778880,848.8675955414185,1603.7646085505767,1073,100,2.1,4.073082372406276,10.0,0.0,1.5,3.570714233243036,10.0,0.0,-0.0016859697534528095,0.18122349454400438,0.0006624189260643713,2.6355961859226227,0.004641185635288518,0.040913899739583336,0.9838665078083675,0.0036093746214949838,0.01251220703125,0.3506291136145592,0.2976151406764984
50747.211111019365,1081,70906624,70844416,2129.045167789857,1092.2556371827723,1073,100,2.1,4.073082372406276,10.0,0.0,1.5,3.570714233243036,10.0,0.0,-0.0031600590931096426,0.09569915655689934,0.0006012828040790433,2.6326409255464873,0.0038495092921948526,0.034276326497395836,0.9902155740807455,0.0036982502982330816,0.012359619140625,0.35087700933218,0.29766935110092163
50827.411860311404,1083,70975488,70975488,858.6453444374017,1634.2989455462814,1073,100,2.1,4.073082372406276,10.0,0.0,1.5,3.570714233243036,10.0,0.0,-0.0004391347974888049,0.12660611405347783,0.0005934173210941177,2.6325981592138605,0.004066483161902093,0.04179890950520833,0.9878745985527834,0.004023828873566042,0.01373291015625,0.3609195835888386,0.297756165266037
50887.41188743245,1084,71106048,71041024,2175.999016410557,1092.2661729433385,1073,100,2.1,4.073082372406276,10.0,0.0,1.5,3.570714233243036,10.0,0.0,-0.0017545920854900034,0.07122287224046886,0.0005434229469756247,2.641087119777997,0.0029083575160863497,0.0315399169921875,0.9927261999497812,0.0035459205537335947,0.010833740234375,0.32633934170007706,0.29778650403022766
50967.33725537453,1086,71172096,71172096,826.3709220314568,1639.929891783356,1078,100,1.5,3.5707142512871095,10.0,0.0,1.1,3.1288975838351165,10.0,0.0,-0.0013849941121103861,0.07561420856897409,0.0005607092174007752,2.64610738803943,0.003875402990161092,0.038950602213541664,0.9918372090905905,0.0032454290728007136,0.010833740234375,0.32812178134918213,0.2978869676589966
51027.33735810593,1087,71290880,71237632,1979.7299436595463,1092.2647965018186,1078,100,1.5,3.5707142512871095,10.0,0.0,1.1,3.1288975838351165,10.0,0.0,-0.003148828083794797,0.07700270398830374,0.0005387835711493001,2.6478235945105553,0.003915573056777552,0.038106282552083336,0.9916103836148977,0.0034161760607579104,0.011138916015625,0.33078815042972565,0.297921746969223
51110.301295540296,1089,71368704,71368704,938.0461246980473,1579.8671573861848,1078,100,1.5,3.5707142512871095,10.0,0.0,1.1,3.1288975838351165,10.0,0.0,-0.0009444711043518814,0.106858763009465,0.0005859736914620346,2.6295188317696256,0.0035217201238992852,0.035085042317708336,0.9897001162171365,0.003940930017658199,0.0115966796875,0.3387727215886116,0.2980216443538666
51170.30141235329,1090,71488256,71434240,1992.529454111062,1092.2645401551003,1078,100,1.5,3.5707142512871095,10.0,0.0,1.1,3.1288975838351165,10.0,0.0,-0.0031437747323555714,0.11823387052087735,0.0006153048367802209,2.634867506722609,0.003107918544628774,0.035593668619791664,0.9877161737531424,0.0038928817351309894,0.01220703125,0.34542618691921234,0.29807257652282715
51251.70778157096,1092,71565312,71565312,946.5598421907375,1610.0951468493608,1084,100,1.7,3.7563280742788017,10.0,0.0,1.2,3.2496153780780466,10.0,0.0,-0.0031450595840093834,0.13152766091904292,0.0005925263364285153,2.632660329341889,0.00551217654052986,0.044347127278645836,0.9874689442416031,0.003788433913238502,0.010833740234375,0.3243817239999771,0.2981484830379486
51311.70782338269,1093,71689728,71630848,2073.5985549877223,1092.265905507936,1084,100,1.7,3.7563280742788017,10.0,0.0,1.2,3.2496153780780466,10.0,0.0,-0.0020549979829714475,0.06284825181743751,0.0005084245664572034,2.6529014656941095,0.0021291725582462577,0.023869832356770832,0.9924145595480999,0.0030643238739382164,0.01068115234375,0.31946177408099174,0.2981758117675781
51394.06288562808,1095,71761920,71761920,876.594565430493,1591.5475797886966,1084,100,1.7,3.7563280742788017,10.0,0.0,1.2,3.2496153780780466,10.0,0.0,-0.0014355033078269721,0.08331691176863387,0.0005398143766797148,2.6450330689549446,0.0029129687954991823,0.028127034505208332,0.9916074623664219,0.003091802420385648,0.011749267578125,0.34101753681898117,0.2982419431209564
51454.06317329127,1096,71882752,71827456,2013.8570114577458,1092.261429943184,1084,100,1.7,3.7563280742788017,10.0,0.0,1.2,3.2496153780780466,10.0,0.0,-0.002406637191597838,0.05741178725535671,0.0005357071255881845,2.644370707372824,0.0019344132379046643,0.020985921223958336,0.9942590525994699,0.003031369002807575,0.012969970703125,0.3567095920443535,0.29830402135849
51535.11312373169,1098,71958528,71958528,934.9296278189397,1617.1755724435714,1090,100,1.4,3.469870357000091,10.0,0.0,1.3,3.36303437323655,10.0,0.0,-0.0006231594391768643,0.07336860031743223,0.000511186118577219,2.643308532734712,0.002834844429647395,0.028767903645833332,0.9920420143753291,0.0031687908801056137,0.0091552734375,0.2993115037679672,0.2983418405056
51595.11313687358,1099,72076288,72024064,1962.6662367808435,1092.2664274258607,1090,100,1.4,3.469870357000091,10.0,0.0,1.3,3.36303437323655,10.0,0.0,-0.0019202417194416435,0.03848084309720434,0.00048523356053919997,2.6442679812510805,0.0020770464185867845,0.0215911865234375,0.9960778138289849,0.0034197475858187927,0.013427734375,0.3614128977060318,0.2984106242656708
51677.44303624611,1101,72155136,72155136,957.7079603027597,1592.0340119318603,1090,100,1.4,3.469870357000091,10.0,0.0,1.3,3.36303437323655,10.0,0.0,-0.00034660473465919495,0.07035678610554896,0.00048547276401222916,2.6575452784697213,0.0022671217636040337,0.020563761393229168,0.9886493235826492,0.0028889135379965105,0.009613037109375,0.308415912091732,0.29846203327178955
51737.44304191321,1102,72280320,72220672,2086.3998029361355,1092.2665635003082,1090,100,1.4,3.469870357000091,10.0,0.0,1.3,3.36303437323655,10.0,0.0,-0.0025483396433022185,0.04586383442316825,0.0005046711767136003,2.641002302368482,0.002699587836104911,0.024973551432291668,0.9950995376954477,0.0034313548312638886,0.0115966796875,0.3401044085621834,0.29850271344184875
51818.79897699691,1104,72351744,72351744,877.9199689182623,1611.0932762944453,1097,100,1.5,3.570714266051848,10.0,0.0,1.6,3.6660606182901403,10.0,0.0,-0.00037458585029526137,0.08686111172816405,0.000502036172899049,2.6404488484064736,0.002827844412725729,0.0294342041015625,0.990065964559714,0.0033358659032577025,0.011749267578125,0.3398013114929199,0.29859769344329834
51878.79926424008,1105,72468736,72417280,1949.8573319468087,1092.2614375894595,1097,100,1.5,3.570714266051848,10.0,0.0,1.6,3.6660606182901403,10.0,0.0,-0.0010602026911025555,0.10072480118833482,0.0005736515374034449,2.625500286618869,0.0028367643171804957,0.036677042643229164,0.9901058928420147,0.004335716844555767,0.01495361328125,0.38557374477386475,0.2986888885498047
51960.896533051506,1107,72548352,72548352,969.776475547239,1596.5451944700526,1097,100,1.5,3.570714266051848,10.0,0.0,1.6,3.6660606182901403,10.0,0.0,-0.0006954214125774645,0.06583176760856684,0.0005560735656520894,2.634252220392227,0.0038596263232951364,0.040196736653645836,0.9941323585808277,0.004432440861516322,0.01373291015625,0.36497268825769424,0.2988753020763397
52020.89662547782,1108,72673792,72613888,2090.6634461280314,1092.2649840995427,1097,100,1.5,3.570714266051848,10.0,0.0,1.6,3.6660606182901403,10.0,0.0,-0.0022269821286802953,0.05542064300971106,0.000508763096149778,2.631375494102637,0.002493879084189151,0.028508504231770836,0.9949739035218954,0.003848023508908227,0.012664794921875,0.34972963482141495,0.29893141984939575
52100.8183112964,1110,72744960,72744960,890.4717070351458,1640.0054460503404,1103,100,1.7,3.7563280590253245,10.0,0.0,1.1,3.128897591082904,10.0,0.0,-0.0018115473782624272,0.03590233878154928,0.0005183324383324361,2.6462128981947903,0.0024757886543132672,0.024327596028645832,0.9954788920780023,0.003309918019416121,0.008697509765625,0.2943778857588768,0.2990318536758423
52160.81944496464,1111,72871168,72810496,2103.4269235284855,1092.246029256171,1103,100,1.7,3.7563280590253245,10.0,0.0,1.1,3.128897591082904,10.0,0.0,-0.0018843169273168312,0.07011262833839282,0.0005265524972249599,2.621656070152919,0.003422821305624287,0.027720133463541668,0.9941169588516157,0.003923900854715612,0.01617431640625,0.3994029238820076,0.2991403639316559
52240.95750451833,1113,72941568,72941568,878.4839612049001,1635.577411406941,1103,100,1.7,3.7563280590253245,10.0,0.0,1.1,3.128897591082904,10.0,0.0,-0.002866662497884439,0.08305005073392144,0.0005308310986341288,2.6267458895842233,0.003104218216928227,0.033198038736979164,0.9919306536515554,0.0035152953835980343,0.013580322265625,0.3647136315703392,0.2992286682128906
52300.95775530301,1114,73065216,73007104,2060.791386418185,1092.2621012899697,1103,100,1.7,3.7563280590253245,10.0,0.0,1.1,3.128897591082904,10.0,0.0,-0.0009273988446996858,0.0747313717729412,0.0005278173457554658,2.6441360314687095,0.003279921039696395,0.030568440755208332,0.9911052988221248,0.0033479102191146617,0.01312255859375,0.354353167116642,0.2992909550666809
52381.626332771964,1116,73138176,73138176,904.4413858429481,1624.8210159704893,1109,100,1.8,3.8418745022336753,10.0,0.0,1.0,3.000000017573554,10.0,0.0,-0.002472059855790576,0.07422157499240711,0.0004569421110621382,2.645458114643892,0.003411066174521693,0.0284271240234375,0.9917762962480386,0.0031437156188379354,0.012054443359375,0.34475575387477875,0.2993900775909424
52441.62652360462,1117,73257728,73203712,1992.5269960131477,1092.2631926753015,1109,100,1.8,3.8418745022336753,10.0,0.0,1.0,3.000000017573554,10.0,0.0,-0.0015498160513137313,0.10006839432753623,0.0005438956168291043,2.649554858605067,0.0024763299134065164,0.017450968424479168,0.9887933284044266,0.0030915924071450713,0.012664794921875,0.35213346034288406,0.29944518208503723
52523.36504187528,1119,73334784,73334784,942.7134431877207,1603.5524349239636,1109,100,1.8,3.8418745022336753,10.0,0.0,1.0,3.000000017573554,10.0,0.0,-0.0019022920071923486,0.0670868063850018,0.0004738850448120502,2.6511482174197836,0.0026150691161698583,0.029459635416666668,0.9920441800107558,0.003415457445953507,0.009918212890625,0.3140375092625618,0.2994869351387024
52583.36519086361,1120,73456640,73400320,2030.9282902564662,1092.2639544236456,1109,100,1.8,3.8418745022336753,10.0,0.0,1.0,3.000000017573554,10.0,0.0,-0.0028615247028938033,0.04565844322011496,0.0004693863390154244,2.6518321111798286,0.0032873417118632156,0.028193155924479168,0.9945746641606092,0.00381950171868084,0.010833740234375,0.327786847949028,0.2995145618915558
52665.36713874526,1122,73531392,73531392,911.5881016373281,1598.401054925726,1115,100,1.3,3.363034364303226,10.0,0.0,0.9,2.861817635846067,10.0,0.0,-0.0028171542326163035,0.057486722216708586,0.0004409059511090163,2.648250999550025,0.003800606189543032,0.033650716145833336,0.9938899558037518,0.0036821642594683608,0.0103759765625,0.3181353248655796,0.2996353507041931
52725.36735289171,1123,73652992,73596928,2026.6594333012779,1092.2627682634256,1115,100,1.3,3.363034364303226,10.0,0.0,0.9,2.861817635846067,10.0,0.0,-0.002424973462135919,0.07741442062736799,0.0004488255823768365,2.6384338786204657,0.0037817892577246917,0.031687418619791664,0.9921608747293551,0.003737211273498057,0.012359619140625,0.3479989916086197,0.29968538880348206
52808.34834712837,1125,73728000,73728000,903.9178270880058,1579.542414570167,1115,100,1.3,3.363034364303226,10.0,0.0,0.9,2.861817635846067,10.0,0.0,-0.0018577327003489093,0.10875213932013139,0.0005005782401591811,2.637726155420144,0.0036482619149561892,0.036463419596354164,0.9872593159476916,0.0035476795989476764,0.01007080078125,0.311537254601717,0.2997829020023346
52868.34867495485,1126,73854720,73793536,2111.9884605710376,1092.2606988003752,1115,100,1.3,3.363034364303226,10.0,0.0,0.9,2.861817635846067,10.0,0.0,-0.0029368960507175266,0.045029684678108126,0.0004925672004295241,2.642676718533039,0.003426622189484381,0.03501383463541667,0.9962642174214124,0.003500539496599231,0.0115966796875,0.33904456347227097,0.2998213768005371
52948.72410136275,1128,73924608,73924608,869.5194927529219,1630.7471805476046,1121,100,1.0,3.000000017573554,10.0,0.0,1.2,3.249615387323164,10.0,0.0,-0.0012273418287804816,0.12340115716991326,0.0005026498774896027,2.6323265259464583,0.003788447120920561,0.03363037109375,0.9871897865086794,0.0039893302334045675,0.0128173828125,0.3562401533126831,0.2999183237552643
53008.72417731676,1129,74047232,73990144,2043.7307461741534,1092.2652839678149,1121,100,1.0,3.000000017573554,10.0,0.0,1.2,3.249615387323164,10.0,0.0,-0.002291460311729073,0.07607575667013103,0.0004803248042056415,2.635873501499494,0.003182916088311079,0.032694498697916664,0.9922425436476866,0.003933301712095272,0.011138916015625,0.3324277400970459,0.2999497950077057
53089.60445258301,1131,74121216,74121216,914.7347700840091,1620.5681739896634,1121,100,1.0,3.000000017573554,10.0,0.0,1.2,3.249615387323164,10.0,0.0,-0.002077213134422588,0.08292467539043476,0.0004747759830934228,2.6287733713785806,0.003119962414226999,0.0355682373046875,0.9934434810032448,0.004305593834336227,0.0146484375,0.3793140724301338,0.3000933825969696
53149.60503092874,1132,74240000,74186752,1979.7142506785785,1092.2561383054226,1121,100,1.0,3.000000017573554,10.0,0.0,1.2,3.249615387323164,10.0,0.0,-0.001574081488797674,0.09722008525083463,0.0004970095569660771,2.615568332374096,0.00458006581114508,0.04290771484375,0.9920628027369579,0.004680413939543844,0.017242431640625,0.4125765785574913,0.3002142310142517
53232.756178058684,1134,74317824,74317824,935.9341715199624,1576.3101836125682,1121,100,1.0,3.000000017573554,10.0,0.0,1.2,3.249615387323164,10.0,0.0,-0.0010450378358655144,0.08589209656929596,0.0004963980454704142,2.6389918153484664,0.003465433364908676,0.03630065917968749,0.9905450275788704,0.003968636384039806,0.009613037109375,0.3097936064004898,0.3002651631832123
53292.76102911495,1135,74443776,74383360,2099.030291432647,1092.1783630218652,1127,100,1.5,3.5707143316929635,10.0,0.0,1.1,3.128897591082904,10.0,0.0,-0.0012149014037277084,0.11836642729273686,0.00047695357322178705,2.633614761133989,0.0034407410870092767,0.031794230143229164,0.9884933046996593,0.003928622133874645,0.010986328125,0.3285001367330551,0.300293892621994
53373.678885322064,1137,74514432,74514432,873.1818082173213,1619.8155282872046,1127,100,1.5,3.5707143316929635,10.0,0.0,1.1,3.128897591082904,10.0,0.0,-0.0015636485622962937,0.09089884728503723,0.0005572491345446906,2.6333221793174744,0.0035629276195929074,0.036966959635416664,0.9926631978402535,0.004944023998784057,0.01190185546875,0.34265364706516266,0.30040469765663147
53433.67948550172,1138,74631424,74579968,1949.8471623566372,1092.255740838729,1127,100,1.5,3.5707143316929635,10.0,0.0,1.1,3.128897591082904,10.0,0.0,-0.0015787454625145378,0.10434320887240271,0.000516622051691229,2.6448078602552414,0.0027080768407662013,0.029073079427083332,0.9883989052226145,0.0037271803739713505,0.010833740234375,0.32655269652605057,0.3004310131072998
53514.82419144269,1140,74711040,74711040,981.1607433505103,1615.287140178332,1127,100,1.5,3.5707143316929635,10.0,0.0,1.1,3.128897591082904,10.0,0.0,-0.002309087874891702,0.07111269233670707,0.0004399242970976047,2.654466152191162,0.0028173985695805945,0.025390625,0.9917848898718754,0.003365756759497647,0.0103759765625,0.3178887218236923,0.30049458146095276
53574.82429925725,1141,74834432,74776576,2056.529637936106,1092.2647039660649,1134,100,1.4,3.4698703738933414,10.0,0.0,1.1,3.128897598330692,10.0,0.0,-0.0030360671753442148,0.05616023174176613,0.0004968788058855959,2.6363694990674653,0.0030993606724223355,0.030059814453125,0.993967750420173,0.0038049261808434194,0.0115966796875,0.3395686745643616,0.300531804561615
53655.886187300086,1143,74907648,74907648,903.2111361791722,1616.937418614462,1134,100,1.4,3.4698703738933414,10.0,0.0,1.1,3.128897598330692,10.0,0.0,-0.0018059649810311384,0.08603552329198767,0.000501389986614716,2.6385469834009805,0.0035286786078359,0.031794230143229164,0.9890687844405572,0.0032941590980044566,0.0103759765625,0.32074442505836487,0.30057063698768616
53715.886366060935,1144,75030016,74973184,2039.4605904048913,1092.2634124344188,1134,100,1.4,3.4698703738933414,10.0,0.0,1.1,3.128897598330692,10.0,0.0,-0.0021650377323870393,0.06796893203863874,0.00047723704786524945,2.6411819010972977,0.003920474578383922,0.03725687662760417,0.9928164010246595,0.0036723433004226536,0.012054443359375,0.3435980901122093,0.3006143569946289
53796.82277150359,1146,75104256,75104256,917.2633698515359,1619.4442943585739,1134,100,1.4,3.4698703738933414,10.0,0.0,1.1,3.128897598330692,10.0,0.0,-0.0018419098172065182,0.06345569257003565,0.0005531404797996704,2.631775071223577,0.003358403859844354,0.03654988606770833,0.9933631022771199,0.0039566111033006255,0.013427734375,0.36444738507270813,0.30067721009254456
53856.82284439728,1147,75227392,75169792,2052.264173381642,1092.265339679211,1141,100,2.1,4.073082420960359,10.0,0.0,1.1,3.128897598330692,10.0,0.0,-0.0019266934711292074,0.1219478762553384,0.0005154435448275763,2.644357850154241,0.0031547768994641956,0.027679443359374997,0.9863383658230305,0.003476763866880598,0.012054443359375,0.3388647213578224,0.3007206916809082
53937.40851444006,1149,75300864,75300864,911.7253720294642,1626.4926497529118,1141,100,2.1,4.073082420960359,10.0,0.0,1.1,3.128897598330692,10.0,0.0,-0.0019368918243950854,0.06727722170762718,0.0005026523852696604,2.634340067704519,0.003133101605878134,0.034820556640625,0.9939249927798907,0.0035951142854173663,0.009002685546875,0.29910958558321,0.3007766008377075
53997.40905143879,1150,75425792,75366400,2082.114698450719,1092.2568909905413,1141,100,2.1,4.073082420960359,10.0,0.0,1.1,3.128897598330692,10.0,0.0,-0.0023459025287593245,0.06873326463392004,0.0004506431390230622,2.642102971673012,0.0024973671988846036,0.023427327473958336,0.992656427125136,0.0030385854770429437,0.0103759765625,0.32036925852298737,0.30079564452171326
54078.073732296005,1152,75497472,75497472,888.6169168249039,1624.8995050512528,1141,100,2.1,4.073082420960359,10.0,0.0,1.1,3.128897598330692,10.0,0.0,-0.0018494424136103287,0.10330343060195446,0.000506688684860516,2.621584209303061,0.004034264784422703,0.036656697591145836,0.9914040981481472,0.004068947181319041,0.01190185546875,0.34288790076971054,0.30083146691322327
54138.07393292058,1153,75623168,75563008,2094.9263284381673,1092.2630144199,1146,100,2.0,3.999999953853387,10.0,0.0,1.2,3.2496154321669954,10.0,0.0,-0.002062748671354105,0.08399570678981641,0.0005158054030592515,2.6341669286290808,0.0037291519305047887,0.03621927897135417,0.9896467259774606,0.0033658739970026845,0.010833740234375,0.32774294912815094,0.3008570075035095
54218.64516550489,1155,75694080,75694080,880.1156160271194,1626.7840989382134,1146,100,2.0,3.999999953853387,10.0,0.0,1.2,3.2496154321669954,10.0,0.0,-0.0016970592538806764,0.08377464371733367,0.0005140090949377433,2.636666419605414,0.0030208026534334445,0.030456542968750003,0.991938976570964,0.0035396697785472493,0.0103759765625,0.32147710770368576,0.3008904457092285
54278.648898527026,1156,75820032,75759616,2099.0694021241943,1092.1987133003938,1146,100,2.0,3.999999953853387,10.0,0.0,1.2,3.2496154321669954,10.0,0.0,-0.0014981002993105599,0.15123799947711328,0.000548820175936271,2.6288990502556167,0.004855133201999706,0.03946940104166667,0.9857847578823568,0.003926434947061352,0.01312255859375,0.3598683625459671,0.30094870924949646
54357.92576839309,1158,75890688,75890688,891.2561774874537,1653.344793020204,1146,100,2.0,3.999999953853387,10.0,0.0,1.2,3.2496154321669954,10.0,0.0,-0.0027927087770270496,0.07896482046150292,0.0004712680899198555,2.638662482301394,0.0034344572280436596,0.0344390869140625,0.9926036428660154,0.003356175589336393,0.0103759765625,0.3137624226510525,0.30102553963661194
54417.926944133826,1159,76016128,75956224,2090.6256994367695,1092.2452633792102,1152,100,1.9,3.9230091422880413,10.0,0.0,1.5,3.570714259700854,10.0,0.0,-0.0020859577756103436,0.0807536457820485,0.0005274359788624375,2.6400306771198907,0.0031004198990558507,0.028788248697916668,0.992001957570513,0.003427121291072884,0.0140380859375,0.3724074959754944,0.3010966181755066
54498.75455053523,1161,76087296,76087296,880.4912475889157,1621.6241682213124,1152,100,1.9,3.9230091422880413,10.0,0.0,1.5,3.570714259700854,10.0,0.0,-0.002996074043039698,0.06966056042195608,0.0005524015950868488,2.635047728816668,0.0027779716595735713,0.034627278645833336,0.9921676814556122,0.0034763934309012257,0.00946044921875,0.3044019639492035,0.30108803510665894
54558.762091064826,1162,76215040,76152832,2128.799128786168,1092.129412764046,1152,100,1.9,3.9230091422880413,10.0,0.0,1.5,3.570714259700854,10.0,0.0,-0.0015872895819484256,0.06786987001153952,0.000505456724264756,2.634668263296286,0.002462398162606405,0.024322509765625,0.9927335816125075,0.003286434667340169,0.0115966796875,0.33321963995695114,0.30112403631210327
54638.61354066804,1164,76283904,76283904,862.4013758320989,1641.4479718439948,1152,100,1.9,3.9230091422880413,10.0,0.0,1.5,3.570714259700854,10.0,0.0,-0.0015147408218278238,0.11044586634185785,0.0005090234086916704,2.6506709655125933,0.0031242278770757066,0.030303955078124997,0.9850664734840394,0.002746207885744904,0.00885009765625,0.28901027515530586,0.3011849522590637
54698.61395700555,1165,76410368,76349440,2107.7187079606038,1092.2590875261428,1158,100,2.0,4.000000081884663,10.0,0.0,0.7,2.551470179210066,10.0,0.0,-0.0007068075101415162,0.08725023096970592,0.0005070112344280157,2.637501152853171,0.003882833341170529,0.036127726236979164,0.9928128806253275,0.003678936251768998,0.011749267578125,0.34123697876930237,0.30122292041778564
54778.663069667295,1167,76480512,76480512,876.2620554759044,1637.3947897943906,1158,100,2.0,4.000000081884663,10.0,0.0,0.7,2.551470179210066,10.0,0.0,-0.002130847121103822,0.06699325105485816,0.000533066952508913,2.6373794451355934,0.002899469503972796,0.029520670572916664,0.9943718705326319,0.004086623455805238,0.01373291015625,0.36807259917259216,0.3013527989387512
54838.66347898636,1168,76605440,76546048,2082.1191291490627,1092.2592152913116,1158,100,2.0,4.000000081884663,10.0,0.0,0.7,2.551470179210066,10.0,0.0,-0.0006162544050312135,0.060971207451075315,0.00047726360632320086,2.6573744490742683,0.0024678938928749026,0.026346842447916668,0.9926136781771978,0.002980333088392702,0.0091552734375,0.3020154610276222,0.3013537526130676
54919.42821422778,1170,76677120,76677120,887.5160648485427,1622.8865185801924,1158,100,2.0,4.000000081884663,10.0,0.0,0.7,2.551470179210066,10.0,0.0,-0.0022599840400895723,0.051111808279529214,0.0004839960614238711,2.641923226416111,0.0028031768833898236,0.028218587239583336,0.9953404162079097,0.003218435342811669,0.01220703125,0.34709273278713226,0.30140742659568787
54979.43648296874,1171,76805120,76742656,2133.039374165978,1092.1161595729807,1164,100,1.4,3.469870341806249,10.0,0.0,1.2,3.2496154321669954,10.0,0.0,-0.0012454168851642558,0.12573288445128128,0.0005292463492878596,2.633670156200727,0.0034335818909312366,0.0323638916015625,0.9897602057705324,0.003609111105712751,0.013580322265625,0.3669103682041168,0.30147087574005127
55059.46544137411,1173,76873728,76873728,857.2896782247517,1637.8071464592272,1164,100,1.4,3.469870341806249,10.0,0.0,1.2,3.2496154321669954,10.0,0.0,-0.0023188232492733123,0.08616782973210017,0.0004799318846077464,2.656347100933393,0.0024988142104120925,0.024897257486979168,0.9892479752500852,0.0027700882831898825,0.01007080078125,0.30898911505937576,0.3015478849411011
55119.46631572861,1174,77001728,76939264,2133.3022456262174,1092.2507497606232,1164,100,1.4,3.469870341806249,10.0,0.0,1.2,3.2496154321669954,10.0,0.0,-0.0019343815268560625,0.08184020054371406,0.0004935975960809932,2.6475101187825203,0.0033348579848582935,0.033137003580729164,0.9904677917559941,0.0029153224774442306,0.0115966796875,0.3387555554509163,0.30158305168151855
55198.853558364324,1176,77070336,77070336,864.2194604846619,1651.0461334632348,1164,100,1.4,3.469870341806249,10.0,0.0,1.2,3.2496154321669954,10.0,0.0,-0.0017367261643812526,0.08611458788315454,0.0005202611143128403,2.6376074155171714,0.0028874273508942374,0.028554280598958332,0.9918418060988188,0.0032441579023725353,0.012664794921875,0.35313989222049713,0.30165109038352966
55258.85451351758,1177,77195008,77135872,2077.833589174675,1092.2492789090695,1170,100,1.3,3.363034416568014,10.0,0.0,1.1,3.128897598330692,10.0,0.0,-0.0024139969755196944,0.09365609001057844,0.0005362579998594205,2.643275457123915,0.002854406924598152,0.025187174479166668,0.9912395657350619,0.003459117047896143,0.01220703125,0.3464788794517517,0.3016946613788605
55339.22103948798,1179,77266944,77266944,895.0990369609293,1630.9277826476718,1170,100,1.3,3.363034416568014,10.0,0.0,1.1,3.128897598330692,10.0,0.0,-0.002677382729113257,0.059903462582345426,0.00046515249384052976,2.6544693261384964,0.0022792631292152996,0.0231781005859375,0.99359130859375,0.002715349707917388,0.008544921875,0.2897590585052967,0.3017408847808838
55399.2210844364,1180,77392640,77332480,2094.931763935404,1092.265848406239,1170,100,1.3,3.363034416568014,10.0,0.0,1.1,3.128897598330692,10.0,0.0,-0.0024763062622999614,0.08628267038147897,0.000503495367411233,2.6437514945864673,0.002910282960025749,0.022705078125,0.9906074398507674,0.0031516823340401365,0.01220703125,0.34723302721977234,0.3017842471599579
55479.029616953805,1182,77463552,77463552,888.5265492701128,1642.3306614667788,1170,100,1.3,3.363034416568014,10.0,0.0,1.1,3.128897598330692,10.0,0.0,-0.0015881969229667445,0.08392356808568971,0.0005091003783187867,2.6333357989788055,0.0037623723571111136,0.03094482421875,0.9916567945231994,0.0035163487045792863,0.013885498046875,0.37186338752508163,0.3018835484981537
55539.03019302338,1183,77589760,77529088,2103.4464711412984,1092.256179740715,1176,100,1.7,3.7563280742788017,10.0,0.0,1.1,3.128897591082904,10.0,0.0,-0.0014417574311664794,0.08891890399778883,0.0005416993787245399,2.639710341890653,0.00318997266125128,0.03728230794270833,0.991234133640925,0.0037134945717601413,0.010986328125,0.32987362146377563,0.30190959572792053
55619.12585479859,1185,77660160,77660160,878.9489772564688,1636.4431867465892,1176,100,1.7,3.7563280742788017,10.0,0.0,1.1,3.128897591082904,10.0,0.0,-0.0009972244982539753,0.08975332649424672,0.000570213447038744,2.6314299007256827,0.0035226511772634694,0.031468709309895836,0.9908817478766044,0.004262027068762109,0.01129150390625,0.3345547467470169,0.3019637167453766
55679.12607252784,1186,77788928,77725696,2146.125545428311,1092.2627030410488,1176,100,1.7,3.7563280742788017,10.0,0.0,1.1,3.128897591082904,10.0,0.0,-0.0020733939503164342,0.06262397154932842,0.0004667915745812934,2.6401442488034563,0.0032820830353254373,0.03647867838541667,0.9938986375927925,0.003767334596583775,0.010986328125,0.32868268340826035,0.3019896149635315
55758.471151180565,1188,77856768,77856768,854.9994675400129,1651.923499549006,1182,100,1.5,3.570714290881744,10.0,0.0,1.4,3.4698703232377657,10.0,0.0,-0.0018199706779948126,0.06877484752718979,0.0005088126778597749,2.6488441973924637,0.003223959465079436,0.028559366861979164,0.9919441907356182,0.0036669805316099278,0.009307861328125,0.30121998861432076,0.30202436447143555
55818.47126413882,1189,77977856,77922304,2018.129533926911,1092.264610328307,1182,100,1.5,3.570714290881744,10.0,0.0,1.4,3.4698703232377657,10.0,0.0,-0.003050226781245631,0.02992038618928442,0.000463375873247666,2.6415240739782653,0.002356477101178219,0.017578125,0.9968510766824087,0.0031801311488379724,0.011749267578125,0.3416038453578949,0.3020607531070709
55901.51591669023,1191,78053376,78053376,909.3902819720499,1578.331608032846,1182,100,1.5,3.570714290881744,10.0,0.0,1.4,3.4698703232377657,10.0,0.0,-0.00161986171103005,0.05760700395330786,0.00042628676540819776,2.6418733720978103,0.0025649695295821098,0.025543212890625,0.9943142694731554,0.0032032602660668394,0.0115966796875,0.3401044085621834,0.3021036982536316
55961.5163101349,1192,78174976,78118912,2026.6533770671058,1092.2595042719558,1182,100,1.5,3.570714290881744,10.0,0.0,1.4,3.4698703232377657,10.0,0.0,-0.001889567453569422,0.08333005391371746,0.0004840234763226666,2.651005633175373,0.0034534684667354067,0.033208211263020836,0.9899635706096888,0.0033829011663328856,0.00823974609375,0.2862839251756668,0.3020913004875183
56042.99874428194,1194,78249984,78249984,920.5419644759968,1608.5921017464516,1182,100,1.5,3.570714290881744,10.0,0.0,1.4,3.4698703232377657,10.0,0.0,-0.002048420956271002,0.07425168540794402,0.0005568871653546618,2.622147522866726,0.004090849923765442,0.0380096435546875,0.9927805705616871,0.004032103497593198,0.014190673828125,0.373297318816185,0.30218052864074707
56102.998957763426,1195,78369024,78315520,1983.9929409039846,1092.2627803686453,1187,100,1.5,3.570714259700854,10.0,0.0,1.4,3.4698703232377657,10.0,0.0,-0.0015818489409866743,0.1041465292801149,0.0005444689286377979,2.6462266743183136,0.003042961784861594,0.029357910156250003,0.9880183587471644,0.003450241223617923,0.010833740234375,0.32496318966150284,0.3022039532661438
56185.76664850395,1197,78446592,78446592,937.1772886979945,1583.613108294961,1187,100,1.5,3.570714259700854,10.0,0.0,1.4,3.4698703232377657,10.0,0.0,-0.002410967563870751,0.06996001693187283,0.0005118970596716584,2.642441766957442,0.0027934074745038138,0.0245208740234375,0.9913918096572161,0.0032414606709304885,0.009613037109375,0.3045939542353153,0.3022169768810272
56245.767973846756,1198,78569728,78512128,2052.221335053683,1092.2425400701513,1187,100,1.5,3.570714259700854,10.0,0.0,1.4,3.4698703232377657,10.0,0.0,-0.002027189021949501,0.0717712539092948,0.0005159285256013391,2.6382344141602516,0.003708643161492849,0.03592427571614583,0.9931483467419943,0.00357096715742955,0.01190185546875,0.34216875582933426,0.3022550046443939
56327.38453861792,1200,78643200,78643200,900.2094146697241,1605.948502825431,1187,100,1.5,3.570714259700854,10.0,0.0,1.4,3.4698703232377657,10.0,0.0,-2.985030732816084e-05,0.11785919902225336,0.000520353355568659,2.6279388616482415,0.0037596172963579497,0.038411458333333336,0.9880268207440773,0.0037663205245432136,0.01190185546875,0.3430246636271477,0.3022930920124054
56387.38479207922,1201,78762752,78708736,1992.524916200697,1092.2620525639795,1194,100,1.5,3.570714290100643,10.0,0.0,1.3,3.3630343486267096,10.0,0.0,-0.002057614619843662,0.07305253551263984,0.00048728362192681135,2.639863982796669,0.0029220351395148705,0.029001871744791664,0.9922485643376907,0.003463809895038139,0.0103759765625,0.32085414975881577,0.3023100197315216
56468.398446559906,1203,78839808,78839808,951.1483032575492,1617.9001038799508,1194,100,1.5,3.570714290100643,10.0,0.0,1.3,3.3630343486267096,10.0,0.0,-0.0005715454802460348,0.08307118845793109,0.0005551212707359809,2.6283723985155425,0.0035077705827764776,0.034423828125,0.9917276433358589,0.0042413426175092655,0.015106201171875,0.38495100289583206,0.30245885252952576
56528.400173749775,1204,78958080,78905344,1971.1432576889265,1092.2352250397514,1194,100,1.5,3.570714290100643,10.0,0.0,1.3,3.3630343486267096,10.0,0.0,-0.000854874631234755,0.09555639819397281,0.0005398115627031075,2.6286927461624146,0.0038238178470540634,0.036280314127604164,0.9913826386133829,0.004076953208520233,0.011749267578125,0.3372081443667412,0.3024944067001343
56610.18419868313,1206,79036416,79036416,957.8398723202617,1602.6601785227908,1194,100,1.5,3.570714290100643,10.0,0.0,1.3,3.3630343486267096,10.0,0.0,-0.0014480081505704827,0.16136078569494808,0.0005456567581253088,2.6415547157327333,0.0034335610168151716,0.033030192057291664,0.9842434947689374,0.0031649566954001784,0.013885498046875,0.3688134476542473,0.3026174306869507
56670.18436242454,1207,79164416,79101952,2133.327511432429,1092.2636858534038,1200,100,1.5,3.5707142512871095,10.0,0.0,1.2,3.2496153780780466,10.0,0.0,-0.0013947133932864138,0.09069766430184245,0.0005156813170591098,2.655069373548031,0.002098152132020914,0.023793538411458332,0.9900537276019653,0.002957398319267668,0.011749267578125,0.3420134484767914,0.3026527166366577
56751.34094923921,1209,79233024,79233024,845.3780856589304,1615.0506711095984,1200,100,1.5,3.5707142512871095,10.0,0.0,1.2,3.2496153780780466,10.0,0.0,-0.002335629758211629,0.07157495947709927,0.0005284251071013084,2.6426555241147676,0.0024810559085987434,0.026972452799479164,0.9932233120004336,0.0031839826321326354,0.012969970703125,0.3554913103580475,0.30273768305778503
56811.350878053345,1210,79357952,79298560,2081.7888384258986,1092.085948026701,1200,100,1.5,3.5707142512871095,10.0,0.0,1.2,3.2496153780780466,10.0,0.0,-0.00125807008347086,0.099832194915507,0.000540753068283569,2.636747573812803,0.002663213079358684,0.03399658203125,0.9896979033946992,0.0034054813004331663,0.012664794921875,0.3540871739387512,0.3027852773666382
56892.51348734554,1212,79429632,79429632,883.1652977289601,1614.9308301329556,1200,100,1.5,3.5707142512871095,10.0,0.0,1.2,3.2496153780780466,10.0,0.0,-0.0016652650592732243,0.07183450877588864,0.0005505172918371197,2.6295565913120904,0.0032694674482627306,0.0328369140625,0.9926984999328852,0.0036649746616603807,0.012969970703125,0.35741352289915085,0.3028448522090912
56952.51644947007,1213,79555584,79495168,2099.096370252376,1092.2127454971712,1207,100,1.4,3.4698703738933414,10.0,0.0,1.3,3.363034357560034,10.0,0.0,-0.0016192566836252809,0.07042749955629309,0.0005450575038897417,2.6369864145914717,0.0022779544766914723,0.027491251627604168,0.9937355741858482,0.0037218914173233015,0.015106201171875,0.38563409447669983,0.30292534828186035
57034.31860338431,1215,79626240,79626240,863.7425375629891,1602.3049972182987,1207,100,1.4,3.4698703738933414,10.0,0.0,1.3,3.363034357560034,10.0,0.0,-0.0011040913329149287,0.0942649596448367,0.0005412959362729453,2.6473599498470626,0.003411637232299351,0.03187052408854167,0.9894002266228199,0.00313930611446267,0.010528564453125,0.32212918251752853,0.30293697118759155
57094.32103781402,1216,79748096,79691776,2030.850933935743,1092.2223510242652,1207,100,1.4,3.4698703738933414,10.0,0.0,1.3,3.363034357560034,10.0,0.0,-0.0021008935679371157,0.05788006860530004,0.0005480518869565761,2.651550640662511,0.0026547062279860256,0.024439493815104168,0.9935285300016402,0.003137896550470032,0.011749267578125,0.3412415459752083,0.3029716908931732
57176.014367124066,1218,79822848,79822848,915.031871406529,1604.4394457539138,1207,100,1.4,3.4698703738933414,10.0,0.0,1.3,3.363034357560034,10.0,0.0,-0.002909293472233306,0.07320067278730373,0.0005236477469831394,2.639748642841975,0.0031191957708263844,0.029510498046874997,0.9922516259054343,0.0033139425286208284,0.012054443359375,0.3430362492799759,0.30307191610336304
57236.01466235798,1219,79944192,79888384,2022.3900486978798,1092.2612921237494,1212,100,1.7,3.7563280742788017,10.0,0.0,1.3,3.363034409824823,10.0,0.0,-0.0017484506182275557,0.062206984381191426,0.00047926144209971727,2.649980944891771,0.0022635372679360444,0.020390828450520832,0.9930698505292336,0.0030423271697751866,0.010223388671875,0.3182671517133713,0.3030858337879181
57317.548344573006,1221,80019456,80019456,923.1031636901597,1607.5810197597339,1212,100,1.7,3.7563280742788017,10.0,0.0,1.3,3.363034409824823,10.0,0.0,-0.0019164139836599738,0.05818068437899152,0.0005183763308499086,2.6511150747537613,0.003029015356635985,0.03152974446614583,0.9934003489712875,0.0029743430204689503,0.013885498046875,0.3720535486936569,0.30321645736694336
57377.54890768882,1222,80141312,80084992,2030.9142726676423,1092.2564155523455,1212,100,1.7,3.7563280742788017,10.0,0.0,1.3,3.363034409824823,10.0,0.0,-0.0015828224362242813,0.058462228771531954,0.00047783222695822286,2.6553377732634544,0.0025146859722250765,0.022023518880208336,0.9932174651573101,0.002954969282048599,0.0115966796875,0.3379753902554512,0.30324870347976685
57458.34377126489,1224,80216064,80216064,925.2073299142336,1622.2813456030397,1212,100,1.7,3.7563280742788017,10.0,0.0,1.3,3.363034409824823,10.0,0.0,-0.0019885487599822227,0.04016150968770186,0.0004193587692498113,2.6645107567310333,0.0022439764173517083,0.0198822021484375,0.9941580084462961,0.002916403034760151,0.0091552734375,0.29940636083483696,0.30327197909355164
57518.34599127155,1225,80341248,80281600,2086.3228058246154,1092.226254174032,1218,100,1.8,3.841874587927223,10.0,0.0,0.9,2.8618176279218774,10.0,0.0,-0.0021072649833513424,0.07719988778505164,0.0005498011957267106,2.632814953724543,0.003336963709443808,0.031926472981770836,0.9930427012344201,0.004189320638640008,0.014190673828125,0.3747033625841141,0.3033389449119568
57600.95699505322,1227,80412672,80412672,864.5821589187468,1586.6167217433633,1218,100,1.8,3.841874587927223,10.0,0.0,0.9,2.8618176279218774,10.0,0.0,-0.0023903682764891223,0.061644398781936616,0.0005186132930248277,2.6441127484043436,0.0026791879542239867,0.023600260416666668,0.9934164149065813,0.0033122321353099933,0.01190185546875,0.34123505651950836,0.30337226390838623
57660.95758718066,1228,80535040,80478208,2039.4465397956094,1092.2558874219162,1218,100,1.8,3.841874587927223,10.0,0.0,0.9,2.8618176279218774,10.0,0.0,-0.001478058674062292,0.08138587413122877,0.0005335538344297674,2.634204516808192,0.002973123813111063,0.0315399169921875,0.9918816157927115,0.003875028747036898,0.0128173828125,0.3562862053513527,0.3034205436706543
57742.31389395334,1230,80609280,80609280,912.5291319754343,1611.0859157635255,1218,100,1.8,3.841874587927223,10.0,0.0,0.9,2.8618176279218774,10.0,0.0,-0.001485352391076352,0.08508419377418855,0.0005424323153420119,2.6432082429528236,0.0034270024304229687,0.03322347005208333,0.9896754163006942,0.003421947061724495,0.009307861328125,0.3023253008723259,0.3034495711326599
57802.31439959537,1231,80736768,80674816,2124.7820936810017,1092.2574618119206,1224,100,1.7,3.7563280742788017,10.0,0.0,1.2,3.2496155024796045,10.0,0.0,-0.0033267701922644237,0.055450986430514604,0.0004410295226383217,2.639364448686441,0.003118342068773927,0.032826741536458336,0.9947309239457052,0.0036235218940419145,0.013580322265625,0.366221584379673,0.30350786447525024
57884.11165838968,1233,80805888,80805888,845.016092456268,1602.4008864355897,1224,100,1.7,3.7563280742788017,10.0,0.0,1.2,3.2496155024796045,10.0,0.0,-0.0016313831977943967,0.09911793648886183,0.0005306855337039451,2.634159078200658,0.005032669521824573,0.03904215494791667,0.9915863908827306,0.004575115369031361,0.01190185546875,0.33988720178604126,0.30357328057289124
57944.11189388763,1234,80929280,80871424,2056.525261541895,1092.2623795741183,1224,100,1.7,3.7563280742788017,10.0,0.0,1.2,3.2496155024796045,10.0,0.0,-0.002956429987534648,0.12098784872796386,0.0005086110968477442,2.6405479162931442,0.0030326097063759034,0.030370076497395832,0.9893485382199287,0.0036873616312126005,0.011444091796875,0.3362603932619095,0.30360284447669983
58024.65576249361,1236,81002496,81002496,909.0201559372971,1627.3367826569793,1224,100,1.7,3.7563280742788017,10.0,0.0,1.2,3.2496155024796045,10.0,0.0,-0.0008071174621970082,0.08648506784811616,0.0004900057335059197,2.6442162320017815,0.0031961422270493736,0.03070068359375,0.9909336914618809,0.0035430947973509315,0.011749267578125,0.3420134484767914,0.30369025468826294
58084.6561868703,1237,81124352,81068032,2030.9189687555436,1092.258941179452,1230,100,1.6,3.6660606744297892,10.0,0.0,1.7,3.756328090212934,10.0,0.0,-0.0010344167227837413,0.11693650573336829,0.0005154357331775827,2.642857474585374,0.003698921366473466,0.036051432291666664,0.9880147874355316,0.003612625849200412,0.0146484375,0.3773123249411583,0.3037622272968292
58166.63771762792,1239,81199104,81199104,911.8151284708857,1598.799129373608,1230,100,1.6,3.6660606744297892,10.0,0.0,1.7,3.756328090212934,10.0,0.0,-0.0026886440815966734,0.04338403953200517,0.0004984469011712159,2.6493208805720014,0.002581099750386784,0.025731404622395836,0.9945794896533092,0.003151319115810717,0.009918212890625,0.3105856254696846,0.30382078886032104
58226.63995924406,1240,81326848,81264640,2128.9871271349944,1092.2258608147465,1230,100,1.6,3.6660606744297892,10.0,0.0,1.7,3.756328090212934,10.0,0.0,-0.0013571160064505725,0.12074413759789121,0.0005253489932025938,2.6322314391533537,0.0034169243463111343,0.029322306315104168,0.9882918962587913,0.003849697546684183,0.01373291015625,0.3688633590936661,0.3038803040981293
58307.34457940608,1242,81395712,81395712,853.2844818765828,1624.0953707093322,1230,100,1.6,3.6660606744297892,10.0,0.0,1.7,3.756328090212934,10.0,0.0,-0.002138959025614895,0.07690199237549677,0.0004930225892773403,2.629007106026014,0.0028458699998736847,0.03435770670572917,0.9919679878900448,0.00396333845613602,0.01434326171875,0.37320760637521744,0.30400505661964417
58367.344940198585,1243,81516288,81461248,2009.5879159291048,1092.260098679089,1236,100,1.9,3.923009155786147,10.0,0.0,1.7,3.756328023348026,10.0,0.0,-0.0020555851127331453,0.11196386330993846,0.000480888696074544,2.631960317492485,0.0026141086770318602,0.026636759440104168,0.9889711458235979,0.0037655998991491897,0.011444091796875,0.3351488336920738,0.304034024477005
58449.15484552551,1245,81592320,81592320,929.3740127942234,1602.1531803051932,1236,100,1.9,3.923009155786147,10.0,0.0,1.7,3.756328023348026,10.0,0.0,-0.002546649879756539,0.0638441537351658,0.0005010686366707281,2.641520003477732,0.0029349322618751708,0.024169921875,0.9919569455087184,0.0032080037465978726,0.009918212890625,0.3127765953540802,0.3040817677974701
58509.16230048984,1246,81714688,81657856,2039.2132956269197,1092.1309700428692,1236,100,1.9,3.923009155786147,10.0,0.0,1.7,3.756328023348026,10.0,0.0,-0.0014381821310962548,0.047695094224764034,0.00048209701708401553,2.6427923093239465,0.0025331916913273744,0.023040771484375,0.9946876720835766,0.0033811106792806336,0.012664794921875,0.3554273098707199,0.30412667989730835
58589.13813349884,1248,81788928,81788928,928.2804218075244,1638.895089536043,1236,100,1.9,3.923009155786147,10.0,0.0,1.7,3.756328023348026,10.0,0.0,-0.0019678361362214978,0.04348672021296807,0.00043786228676860145,2.6435497229297957,0.0022734463424664377,0.021474202473958332,0.9946209869037071,0.002964299118805987,0.010986328125,0.32876916229724884,0.30416208505630493
58649.14442637935,1249,81918976,81854464,2167.2393636940283,1092.1521202867543,1242,100,1.7,3.7563280373831858,10.0,0.0,1.0,3.0000000351471083,10.0,0.0,-0.0022342597342988784,0.0754028827456447,0.00048406501446152106,2.6248520811398826,0.002833622347073591,0.029703776041666668,0.9935515125592549,0.003739965092487788,0.01617431640625,0.39948786050081253,0.3042529225349426
58729.10379325971,1251,81985536,81985536,832.4227991899103,1639.2325891739772,1242,100,1.7,3.7563280373831858,10.0,0.0,1.0,3.0000000351471083,10.0,0.0,-0.0019424315372210308,0.08358251862227917,0.000480333222791766,2.6333738242586455,0.00337399101893728,0.03131103515625,0.9918585096796353,0.0035433972540583154,0.014190673828125,0.3740919157862663,0.30432602763175964
58789.10400689207,1252,82113792,82051072,2137.5923890182166,1092.2627776220827,1242,100,1.7,3.7563280373831858,10.0,0.0,1.0,3.0000000351471083,10.0,0.0,-0.0006506102229953589,0.08363376784836873,0.0004645825565603445,2.621752418577671,0.0028405523595817312,0.031260172526041664,0.9930319748818874,0.003659279983063849,0.012664794921875,0.35506515949964523,0.3043704926967621
58868.68955782987,1254,82182144,82182144,858.8493664310882,1646.9321183996897,1242,100,1.7,3.7563280373831858,10.0,0.0,1.0,3.0000000351471083,10.0,0.0,-0.003148954378654404,0.10355379696314533,0.00044544506787739613,2.646315522491932,0.0031340146645864784,0.024368286132812503,0.9885881164421638,0.0030504478248379505,0.0128173828125,0.3571985065937042,0.3044372498989105
58928.6899516806,1255,82307328,82247680,2086.3863045872204,1092.2594968800174,1248,100,2.2,4.142463127293191,10.0,0.0,1.0,3.000000010014359,10.0,0.0,-0.0022834104723491087,0.10099152440670878,0.000486038710429663,2.6342898781100907,0.0028555912194860866,0.030192057291666668,0.9907365590333939,0.0035308911974425428,0.012359619140625,0.35003526508808136,0.3044775128364563
59008.99931708258,1257,82378752,82378752,889.3607818029501,1632.0886031652706,1248,100,2.2,4.142463127293191,10.0,0.0,1.0,3.000000010014359,10.0,0.0,-0.0021492400434605465,0.05512136375182308,0.00045378850548634847,2.6475336501995725,0.002733361957628707,0.023976643880208336,0.9949140679091215,0.003098157963298339,0.012054443359375,0.3432893007993698,0.3045419454574585
59068.9994184766,1258,82504448,82444288,2094.9297931107767,1092.2648208479814,1248,100,2.2,4.142463127293191,10.0,0.0,1.0,3.000000010014359,10.0,0.0,-0.002039448001596611,0.06208521036508803,0.0004577928684739163,2.6428420742352805,0.002591182718485167,0.024724324544270832,0.9936033580452204,0.0031855128739456022,0.012969970703125,0.3583839014172554,0.3045899569988251
59148.8894547103,1260,82575360,82575360,887.6200755819219,1640.6551577543107,1248,100,2.2,4.142463127293191,10.0,0.0,1.0,3.000000010014359,10.0,0.0,-0.0016269340849248692,0.05612614382213603,0.0003719187870956376,2.663745261728764,0.0015605008314499478,0.0165557861328125,0.9917428400367498,0.0021060810310397455,0.009613037109375,0.30599237605929375,0.3046262264251709
59208.89031209983,1261,82704128,82640896,2146.1026659006598,1092.2510585896002,1254,100,1.9,3.9230091423473143,10.0,0.0,0.9,2.8618176437702565,10.0,0.0,-0.0027150629418125996,0.04429732195179288,0.00040130512449347105,2.654039313395818,0.0021401152886634613,0.021413167317708336,0.9950910744567713,0.002730050024789913,0.01007080078125,0.3165147826075554,0.3046363890171051
59288.39558788203,1263,82771968,82771968,853.2767081501058,1648.5949983881292,1254,100,1.9,3.9230091423473143,10.0,0.0,0.9,2.8618176437702565,10.0,0.0,-0.0015558091593751064,0.05019542203323605,0.0004030338423035573,2.645121206839879,0.002385927629196279,0.020807902018229164,0.9953744709491729,0.0032040391403522035,0.012054443359375,0.3448704555630684,0.30472198128700256
59348.395791929215,1264,82894848,82837504,2047.9930352129966,1092.2629521135982,1254,100,1.9,3.9230091423473143,10.0,0.0,0.9,2.8618176437702565,10.0,0.0,-0.002266462972329464,0.05460403859615326,0.00041189767883527867,2.639399801691373,0.0024879061469012718,0.019770304361979168,0.99460044875741,0.0031156585149195353,0.011444091796875,0.3355075940489769,0.30474984645843506
59429.243544503115,1266,82968576,82968576,911.9362957258209,1621.2200812903482,1260,100,2.0,4.000000108303125,10.0,0.0,1.1,3.128897598330692,10.0,0.0,-0.0028791468260654556,0.06369812534345934,0.0003926046759564391,2.654087714850902,0.0025443737492120513,0.0234527587890625,0.9918016958981754,0.0026024632970802486,0.00885009765625,0.2958440035581589,0.30479753017425537
59489.24411883578,1267,83089920,83034112,2022.3806413457137,1092.2562113597105,1260,100,2.0,4.000000108303125,10.0,0.0,1.1,3.128897598330692,10.0,0.0,-0.0006416284134805512,0.10588833388950056,0.000421766480030783,2.6478752121329308,0.003091648533275778,0.031865437825520836,0.9892242501179377,0.0032789766300993506,0.012359619140625,0.3445701524615288,0.30483707785606384
59570.68087978382,1269,83165184,83165184,924.20178705317,1609.4942686096022,1260,100,2.0,4.000000108303125,10.0,0.0,1.1,3.128897598330692,10.0,0.0,-0.0020195858160150237,0.08603719984724496,0.0004908163358171198,2.655300771196683,0.0034859093138948083,0.030751546223958332,0.9906521774828434,0.0028131113892110684,0.008392333984375,0.2884867191314697,0.30485889315605164
59630.690948709846,1270,83291648,83230720,2107.3796824977017,1092.0833982174324,1260,100,2.0,4.000000108303125,10.0,0.0,1.1,3.128897598330692,10.0,0.0,-0.0022516673664843743,0.05420697086568301,0.0004214403346243974,2.645411252975464,0.0024321313861340363,0.025004069010416668,0.994872939462463,0.0030308333322561034,0.013427734375,0.3651772439479828,0.3049120306968689
59710.61215788312,1272,83361792,83361792,877.6643987945794,1640.0152269446155,1260,100,2.0,4.000000108303125,10.0,0.0,1.1,3.128897598330692,10.0,0.0,-0.002458534344138267,0.0627971647772938,0.0004528108477946565,2.6372654289007187,0.0032750201571616344,0.030044555664062503,0.9938322392602761,0.003296200183588856,0.01220703125,0.3463449329137802,0.3049631416797638
59770.61254189722,1273,83485440,83427328,2060.7868104801337,1092.2596759480625,1265,100,1.6,3.666060644059847,10.0,0.0,0.9,2.8618176279218774,10.0,0.0,-0.002010032610996859,0.05031905957730487,0.0004468412980713765,2.6422280371189117,0.002899375883619844,0.027440388997395836,0.993776852885882,0.003153675146071085,0.012054443359375,0.34366409480571747,0.3049984276294708
59851.592283097096,1275,83558400,83558400,900.9660801449199,1618.5776597691192,1265,100,1.6,3.666060644059847,10.0,0.0,0.9,2.8618176279218774,10.0,0.0,-0.0028026194025490745,0.044264661497436464,0.00043874805912006803,2.6538107618689537,0.0026324688381767674,0.023111979166666668,0.9949714466929436,0.0027021678870369215,0.011749267578125,0.3395073339343071,0.30506688356399536
59911.592295376584,1276,83682560,83623936,2069.3329098275176,1092.2664431254527,1265,100,1.6,3.666060644059847,10.0,0.0,0.9,2.8618176279218774,10.0,0.0,-0.0026338036028998126,0.05080607667332515,0.00043398015774679755,2.645140347381433,0.0022791020073782415,0.023279825846354168,0.9938686583191156,0.0030382184753155648,0.0115966796875,0.32813895866274834,0.3050961196422577
59992.17717612721,1278,83755008,83755008,899.027203678488,1626.5085805066637,1272,100,2.0,4.000000056850287,10.0,0.0,0.9,2.8618176199976877,10.0,0.0,-0.0016667962894037678,0.09999851581718151,0.00043672037524326396,2.6339659417668977,0.00451691330090398,0.04461669921874999,0.9901425043741863,0.0030513290427431152,0.0128173828125,0.3558223471045494,0.3051954507827759
60052.177407127805,1279,83878656,83820544,2060.792065930117,1092.2624614453623,1272,100,2.0,4.000000056850287,10.0,0.0,0.9,2.8618176199976877,10.0,0.0,-0.002641230011552883,0.04741412936709821,0.00043798007997490157,2.636369869112968,0.002968698692711769,0.024546305338541664,0.9949596337974072,0.0029803585105886063,0.011444091796875,0.3378375843167305,0.3052225708961487
60133.23056917824,1281,83951616,83951616,900.1499528741683,1617.111494286225,1272,100,2.0,4.000000056850287,10.0,0.0,0.9,2.8618176199976877,10.0,0.0,-0.0014786206277979848,0.08378054688607033,0.00043660042926300474,2.6456525872151055,0.0038913635617063846,0.034998575846354164,0.9909983289738495,0.0036188409915970015,0.01190185546875,0.34330495446920395,0.30528056621551514
60193.23153142724,1282,84070656,84017152,1983.9681821432341,1092.2491497390708,1272,100,2.0,4.000000056850287,10.0,0.0,0.9,2.8618176199976877,10.0,0.0,-0.0009925580840596617,0.09026997584927207,0.0004831681966000663,2.640586959818999,0.00293701775202256,0.02869160970052083,0.9901057860503595,0.0031672748664277606,0.011138916015625,0.3333536759018898,0.3053036332130432
60275.41117235087,1284,84148224,84148224,943.8834135584441,1594.944910039351,1277,100,2.0,4.000000087554058,10.0,0.0,1.3,3.363034409824823,10.0,0.0,-0.0014489951815145712,0.06808587648750594,0.00046766369905526517,2.638279562195142,0.0031479735298489686,0.032002766927083336,0.9936097518851359,0.003755366929302302,0.012359619140625,0.34882067888975143,0.3054157495498657
60335.41131570749,1285,84267264,84213760,1983.995259685716,1092.2640569452544,1277,100,2.0,4.000000087554058,10.0,0.0,1.3,3.363034409824823,10.0,0.0,-0.001973476045047088,0.06166428352783745,0.0004437183633854147,2.6331519310673075,0.0032433952977347262,0.029205322265625,0.9947544609506924,0.003693261469985979,0.0140380859375,0.3704782500863075,0.30547553300857544
60417.68137209304,1287,84344832,84344832,942.8460780005862,1593.19205259505,1277,100,2.0,4.000000087554058,10.0,0.0,1.3,3.363034409824823,10.0,0.0,-0.0018777864946362872,0.0472089051521228,0.00044813837879094837,2.6428213665882745,0.002897673819461488,0.026748657226562503,0.9948840700089931,0.003411547904155062,0.012054443359375,0.3448704555630684,0.3055676817893982
60477.69206846133,1288,84468992,84410368,2068.9644932299566,1092.0719799316885,1277,100,2.0,4.000000087554058,10.0,0.0,1.3,3.363034409824823,10.0,0.0,-0.0015857388983325413,0.046461680321954184,0.00042475825072566903,2.648335953553518,0.002354428776015993,0.022577921549479168,0.9943308147291342,0.0031609935419207127,0.009307861328125,0.2990102209150791,0.30556720495224
60558.281369643286,1290,84541440,84541440,898.9778908297587,1626.4193643280441,1283,100,2.3,4.20832514684036,10.0,0.0,1.6,3.6660606121043218,10.0,0.0,-0.001324517790635582,0.05240609831525944,0.0004182328384558787,2.644312468667825,0.002611466784098108,0.023203531901041668,0.9936095935602983,0.0032048725164107355,0.009918212890625,0.3139064684510231,0.30561837553977966
60618.28171121795,1291,84659456,84606976,1966.9221358206232,1092.2604485251184,1283,100,2.3,4.20832514684036,10.0,0.0,1.6,3.6660606121043218,10.0,0.0,-0.0020124365873925854,0.08215718871603409,0.000473569367689682,2.644857848683993,0.002952264407819409,0.0266265869140625,0.9888100611666838,0.0030956386787390025,0.00885009765625,0.2924976833164692,0.30561205744743347
60700.139778080396,1293,84738048,84738048,960.100855204201,1601.210546790068,1283,100,2.3,4.20832514684036,10.0,0.0,1.6,3.6660606121043218,10.0,0.0,-0.002089757979774731,0.08272906288038939,0.00045822401928793016,2.635614146788915,0.0029768242523762942,0.03165181477864583,0.9918258047352235,0.0033714348125310307,0.013427734375,0.36078261584043503,0.3057093024253845
60760.14010682143,1294,84858368,84803584,2005.3223461375617,1092.260682151523,1283,100,2.3,4.20832514684036,10.0,0.0,1.6,3.6660606121043218,10.0,0.0,-0.0030062357873248406,0.05604782083537429,0.00045659668436807504,2.6417609453201294,0.0034165398113448946,0.033167521158854164,0.9930540559192499,0.0031386405486652316,0.0115966796875,0.3401591330766678,0.30573758482933044
60841.78753625881,1296,84934656,84934656,934.3588711327742,1605.3414161744308,1289,100,2.4,4.270831341627904,10.0,0.0,1.6,3.6660606600490504,10.0,0.0,-0.0007795278955503212,0.07721985187769558,0.0005172537063723819,2.6417116771141687,0.0035330317599194436,0.032933553059895836,0.9919584697733324,0.0034742601686351313,0.01312255859375,0.36015963554382324,0.3058170676231384
60901.787784280255,1297,85054208,85000192,1992.5250968507326,1092.2621515926928,1289,100,2.4,4.270831341627904,10.0,0.0,1.6,3.6660606600490504,10.0,0.0,-0.00040950909654687473,0.09601970519482468,0.0005097103770215957,2.6380397131045656,0.0033702713863021927,0.04066975911458333,0.9901129684100548,0.003382637073324683,0.012664794921875,0.3543371483683586,0.3058586120605469
60983.71487787925,1299,85131264,85131264,940.5435566549673,1599.8614651406754,1289,100,2.4,4.270831341627904,10.0,0.0,1.6,3.6660606600490504,10.0,0.0,-0.0005105734914347219,0.0971461235700796,0.0005165018768214699,2.645121619105339,0.0028035987749414444,0.023076375325520836,0.9888470172882079,0.003158565608221882,0.01495361328125,0.3861466497182846,0.30596643686294556
61043.717987565324,1300,85260032,85196800,2146.0221090821206,1092.210059493087,1289,100,2.4,4.270831341627904,10.0,0.0,1.6,3.6660606600490504,10.0,0.0,-0.0011935313013964333,0.10039361766151463,0.0005155126676375706,2.6394156590104103,0.003389299962994604,0.027918497721354164,0.989883594835798,0.0036855917229938013,0.011749267578125,0.3407241851091385,0.305996298789978
61123.57979398407,1302,85327872,85327872,849.4673867541679,1641.2351019552225,1295,100,2.0,4.000000100792356,10.0,0.0,1.2,3.249615425188451,10.0,0.0,-0.001981298756921509,0.05591079806132863,0.0005240041252060715,2.6462946037451425,0.0024141921112459386,0.0207672119140625,0.992360540976127,0.002731963676827339,0.008697509765625,0.2941236197948456,0.3060099482536316
61183.57999010198,1303,85454592,85393408,2111.9930966722113,1092.26309646078,1295,100,2.0,4.000000100792356,10.0,0.0,1.2,3.249615425188451,10.0,0.0,-0.0023523478133332296,0.0400237943783092,0.0005049446202368321,2.649234881003698,0.001947435016821449,0.020868937174479168,0.9956322163343428,0.0030335351802932564,0.012969970703125,0.35326287895441055,0.3060549795627594
61264.109571496956,1305,85524480,85524480,867.8550017193866,1627.6254977301317,1295,100,2.0,4.000000100792356,10.0,0.0,1.2,3.249615425188451,10.0,0.0,-0.0005907931214702935,0.05357637788983994,0.0005088330650930099,2.6546433990200358,0.0033948056855782247,0.037770589192708336,0.9928061154981455,0.0028125531195352478,0.011749267578125,0.3398316279053688,0.3061085641384125
61324.109803789295,1306,85651456,85590016,2116.2584734894804,1092.2624379300544,1295,100,2.0,4.000000100792356,10.0,0.0,1.2,3.249615425188451,10.0,0.0,-0.0015577126517503832,0.09392974238532284,0.0005069108295477539,2.6440887028972306,0.004038596205039842,0.04219055175781251,0.9897286035120488,0.0034921064749748134,0.011138916015625,0.32853781059384346,0.3061305284500122
61405.0694617508,1308,85721088,85721088,860.082685046803,1618.9791718528056,1300,100,2.1,4.073082480246368,10.0,0.0,1.3,3.3630343553699014,10.0,0.0,-0.0005390380914226018,0.06794544173559795,0.0004861658226218424,2.6462234084804854,0.002703018453757977,0.0298919677734375,0.99313158976535,0.0035151417226491804,0.012664794921875,0.3530484586954117,0.3061838746070862
61465.069573775865,1309,85846784,85786624,2094.9294219231783,1092.2646273163618,1300,100,2.1,4.073082480246368,10.0,0.0,1.3,3.3630343553699014,10.0,0.0,-0.0015354281022155192,0.06734266657925521,0.0004771421020753526,2.644903992613157,0.0024976160111691574,0.023381551106770832,0.9915819012870392,0.0031531592831015587,0.010986328125,0.3288171663880348,0.30620381236076355
61545.539064680226,1311,85917696,85917696,881.2283910715901,1628.8409250131917,1300,100,2.1,4.073082480246368,10.0,0.0,1.3,3.3630343553699014,10.0,0.0,-0.002144821375016666,0.03963145835829589,0.0004999450202376465,2.6492922455072407,0.002400961629973608,0.027130126953125,0.9955801454683145,0.0033611151520744897,0.01373291015625,0.3691287264227867,0.30633464455604553
61605.53937027324,1312,86046464,85983232,2146.122402666451,1092.2611035439593,1306,100,2.1,4.07308233950352,10.0,0.0,1.5,3.570714282468,10.0,0.0,-0.0017044723305540779,0.06893061547695348,0.00046783088146185037,2.6526528323690095,0.0017819872718973784,0.02008056640625,0.9920548442751168,0.0030855573277221993,0.009765625,0.3092394918203354,0.3063392639160156
61684.90148607083,1314,86114304,86114304,854.8159196388624,1651.5688711513114,1306,100,2.1,4.07308233950352,10.0,0.0,1.5,3.570714282468,10.0,0.0,-0.002194400995601124,0.05045039621957888,0.0004964674153598025,2.6496377487977347,0.0024575695545839458,0.021906534830729164,0.9951379342625539,0.003022469737819241,0.013427734375,0.3642290458083153,0.3064676523208618
61744.907035276294,1315,86243328,86179840,2150.20113486845,1092.165655806197,1306,100,2.1,4.07308233950352,10.0,0.0,1.5,3.570714282468,10.0,0.0,-0.001916767461807467,0.054321391740813844,0.00046430211417221773,2.635909490287304,0.0024578952840480874,0.024922688802083336,0.9954833003381889,0.0035099923819264705,0.015106201171875,0.3853459656238556,0.30653828382492065
61824.50494064577,1317,86310912,86310912,849.0675688799894,1646.6764972217975,1306,100,2.1,4.07308233950352,10.0,0.0,1.5,3.570714282468,10.0,0.0,-0.0019671089879314723,0.06892976242428024,0.00042978609629547765,2.6473084265987077,0.0028795220302223847,0.0268707275390625,0.9924031465003889,0.003116923706935874,0.010528564453125,0.3238080367445946,0.30659055709838867
61884.505249182694,1318,86435328,86376448,2073.589337018724,1092.2610499522498,1312,100,1.9,3.9230091572299863,10.0,0.0,1.7,3.7563280590253245,10.0,0.0,-0.0012753707269439474,0.08604481055711706,0.00048689042948050576,2.648298549155394,0.004222101714428088,0.026270548502604168,0.9920313563197851,0.0035044858983989497,0.01190185546875,0.3393765464425087,0.30662134289741516
61965.46373353433,1320,86507520,86507520,891.7162985221087,1619.0026412883676,1312,100,1.9,3.9230091572299863,10.0,0.0,1.7,3.7563280590253245,10.0,0.0,-0.002055848389621436,0.14255933083283404,0.0005746554130989049,2.6380808502435684,0.0029198750580690103,0.024958292643229164,0.9863779352356989,0.0035525872638875926,0.012054443359375,0.34558936208486557,0.30668091773986816
62025.46420337632,1321,86626304,86573056,1979.7178307571025,1092.25811352116,1312,100,1.9,3.9230091572299863,10.0,0.0,1.7,3.7563280590253245,10.0,0.0,-0.0011190161688621933,0.07347102092656617,0.0005403773263121063,2.654832991460959,0.002824497307907829,0.024566650390625,0.9915368178238472,0.003204035951057449,0.011444091796875,0.3374340683221817,0.30670592188835144
62106.48837403674,1323,86704128,86704128,960.5035061225586,1617.6901155748355,1312,100,1.9,3.9230091572299863,10.0,0.0,1.7,3.7563280590253245,10.0,0.0,-0.002338526165355385,0.0780885864320832,0.0005021917644019898,2.6568844964106875,0.002378079131328074,0.021998087565104164,0.9911450073122978,0.002829741858780229,0.01068115234375,0.32573219388723373,0.3067595362663269
62166.50085799396,1324,86830080,86769664,2098.763318808426,1092.0394504369044,1317,100,1.8,3.8418746336173535,10.0,0.0,1.4,3.4698703804289126,10.0,0.0,-0.0018827653827126294,0.11881740461103618,0.0005180183758663285,2.6369226252039275,0.0035829282326934235,0.03571065266927083,0.9891375452280045,0.0036248486624875418,0.012969970703125,0.35511700063943863,0.3068031668663025
62246.47816325538,1326,86900736,86900736,883.450621011172,1638.8649201366668,1317,100,1.8,3.8418746336173535,10.0,0.0,1.4,3.4698703804289126,10.0,0.0,-0.0016889272555999923,0.05817058583488688,0.00044105450130397606,2.6598288069168725,0.0025379788379116994,0.0212249755859375,0.9929377914716799,0.002706189962433806,0.01068115234375,0.32341451942920685,0.30689021944999695
62306.478417333215,1327,87026176,86966272,2090.657813503085,1092.2620413403874,1317,100,1.8,3.8418746336173535,10.0,0.0,1.4,3.4698703804289126,10.0,0.0,-0.0017187260746140964,0.07654584862757474,0.00047270667892007623,2.657686337828636,0.003331712395568805,0.026158650716145836,0.99101620229582,0.0032392761786468327,0.0103759765625,0.3182043582201004,0.30690184235572815
62387.36557453126,1329,87097344,87097344,879.8430117373814,1620.4302949983428,1317,100,1.8,3.8418746336173535,10.0,0.0,1.4,3.4698703804289126,10.0,0.0,-0.0022488284982197606,0.07520484202541411,0.0004549302730083582,2.64078946908315,0.0026212718003080226,0.023579915364583332,0.9936977208902439,0.003384972308898189,0.01556396484375,0.3937269225716591,0.3069978356361389
62447.36558106728,1330,87222528,87162880,2086.399772720759,1092.2665476820334,1323,100,1.8,3.8418746336173535,10.0,0.0,1.3,3.363034383461588,10.0,0.0,-0.002632453296731304,0.06917830118133377,0.0004468158476811368,2.654322564601898,0.003192268322891323,0.023691813151041668,0.992530050377051,0.0029803222399398996,0.01220703125,0.3486218526959419,0.3070317208766937
62528.36760623753,1332,87293952,87293952,881.7557320311383,1618.1323827954939,1323,100,1.8,3.8418746336173535,10.0,0.0,1.3,3.363034383461588,10.0,0.0,-0.0013310202763629302,0.11885442018198471,0.0004634032005318052,2.6396317904194198,0.002930683571321424,0.027806599934895832,0.9883104059845209,0.003389462962028726,0.013275146484375,0.3623966947197914,0.3071068227291107
62588.36775132641,1333,87418368,87359488,2073.594985740389,1092.2640254105754,1323,100,1.8,3.8418746336173535,10.0,0.0,1.3,3.363034383461588,10.0,0.0,-0.0014622663220507093,0.0791661007485042,0.0004766054328986987,2.6290994634230933,0.0036670847524267933,0.034454345703125,0.992765536531806,0.00416843653753555,0.0115966796875,0.33804184198379517,0.30713310837745667
62669.4773477111,1335,87490560,87490560,890.0549776823626,1615.9863424587577,1323,100,1.8,3.8418746336173535,10.0,0.0,1.3,3.363034383461588,10.0,0.0,-0.002019227019142515,0.10101971232021847,0.0004697698799039548,2.6297887737552323,0.0037030227522336645,0.033482869466145836,0.9911236340800921,0.0040509495690154535,0.01373291015625,0.3695301339030266,0.3072171211242676
62729.47757078055,1336,87618304,87556096,2129.0587512005272,1092.2626058263224,1329,100,1.9,3.9230091288492086,10.0,0.0,1.3,3.3630343486267096,10.0,0.0,-0.0022296765940457894,0.09108013768369953,0.0004876763675080535,2.6416837945580482,0.0032801628191615846,0.030675252278645832,0.9911865536123514,0.0036208302165808464,0.011749267578125,0.337356261909008,0.3072451055049896
62810.98719249107,1338,87687168,87687168,844.8573132209133,1608.055555275493,1329,100,1.9,3.9230091288492086,10.0,0.0,1.3,3.3630343486267096,10.0,0.0,-0.0012264256050305753,0.0948899324478892,0.0004938862396860108,2.6320270573099456,0.0034435533598298207,0.033971150716145836,0.9905798565596342,0.0037755967302170275,0.014190673828125,0.37041447311639786,0.3073194921016693
62870.99564118683,1339,87809792,87752704,2043.4455924979802,1092.1128845083151,1329,100,1.9,3.9230091288492086,10.0,0.0,1.3,3.3630343486267096,10.0,0.0,-0.002397951623909951,0.10974095625958095,0.0005071660549826145,2.62002532184124,0.003723849121039772,0.037989298502604164,0.9902017327646415,0.004355876175395679,0.0146484375,0.38031113147735596,0.3073824942111969
62951.19481964782,1341,87883776,87883776,922.5032153663653,1634.33095594318,1329,100,1.9,3.9230091288492086,10.0,0.0,1.3,3.3630343486267096,10.0,0.0,-0.0017141664150888876,0.07774579523053642,0.0004536905592734305,2.6316259975234666,0.0029322935503538856,0.02801513671875,0.9929447943965594,0.0038828193986167507,0.01434326171875,0.3760252594947815,0.3074730932712555
63011.195885926485,1342,88011520,87949312,2129.02883103296,1092.2472560008775,1335,100,1.9,3.923009064206717,10.0,0.0,1.5,3.570714233243036,10.0,0.0,-0.0027201486749011865,0.11831368478791167,0.0004901169759250479,2.6241937602559724,0.004363478444550614,0.03603617350260417,0.9899038362006347,0.004589546627054611,0.012664794921875,0.353073887526989,0.3075118064880371
63091.17299571633,1344,88080384,88080384,861.0463691542534,1638.8689256764972,1335,100,1.9,3.923009064206717,10.0,0.0,1.5,3.570714233243036,10.0,0.0,-0.0008544236916350201,0.06647580161613102,0.00045332642578917637,2.6450645650426545,0.0032865761877474142,0.0290679931640625,0.9924945682287215,0.0034031748873530887,0.011138916015625,0.3322174772620201,0.307541161775589
63151.17316416185,1345,88199424,88145920,1983.9944300837724,1092.2636002181628,1335,100,1.9,3.923009064206717,10.0,0.0,1.5,3.570714233243036,10.0,0.0,-0.002622173746203771,0.09815850417362526,0.00045653519676610205,2.630197435617447,0.003495642131383647,0.033686319986979164,0.9914758888383706,0.00395203170288975,0.01495361328125,0.3862326741218567,0.30760735273361206
63233.03510830458,1347,88276992,88276992,947.5465164223023,1601.1347076178838,1341,100,2.0,4.000000075071165,10.0,0.0,1.7,3.756328166645642,10.0,0.0,-0.0022654240165138617,0.04388702134989823,0.000416101931174732,2.6394568234682083,0.0032098613907389035,0.028513590494791668,0.9955585145701965,0.0032817448906522864,0.012359619140625,0.3477434515953064,0.3077062964439392
63293.035217100754,1348,88396800,88342528,1996.7963792699663,1092.2646860963919,1341,100,2.0,4.000000075071165,10.0,0.0,1.7,3.756328166645642,10.0,0.0,-0.0007101957514047779,0.08099631916653986,0.0004431607925046895,2.621361516416073,0.0028281466493353946,0.030634562174479168,0.9933363335827987,0.004223308545382072,0.016021728515625,0.3983956202864647,0.3077850341796875
63374.0542573221,1350,88473600,88473600,947.9253245925679,1617.7925539713158,1341,100,2.0,4.000000075071165,10.0,0.0,1.7,3.756328166645642,10.0,0.0,-0.0015203224393189885,0.08190271310741082,0.00041628869864022516,2.6402190575997033,0.00287627155315325,0.026682535807291664,0.9907843234638374,0.0033699901396175846,0.011749267578125,0.3324423171579838,0.30787065625190735
63434.05463189911,1351,88594944,88539136,2022.3873743364654,1092.2598477429012,1341,100,2.0,4.000000075071165,10.0,0.0,1.7,3.756328166645642,10.0,0.0,-0.0005748246136742333,0.059376951501083866,0.00039343664442033816,2.650822584827741,0.0018812502348737326,0.020243326822916668,0.9929396994411945,0.002974678037086657,0.014190673828125,0.3754752650856972,0.30792704224586487
63515.15292704664,1353,88670208,88670208,928.0589667524179,1616.2115339361835,1346,100,2.0,4.000000146847746,10.0,0.0,1.0,3.000000017573554,10.0,0.0,-0.0015134337906298847,0.09002022276399657,0.00042630304142221576,2.6523756434520087,0.0023075660070996187,0.018468221028645832,0.9885116548587879,0.0031290661087647704,0.00885009765625,0.295712485909462,0.30795374512672424
63575.15296357125,1354,88788992,88735744,1979.7321281843103,1092.266001756861,1346,100,2.0,4.000000146847746,10.0,0.0,1.0,3.000000017573554,10.0,0.0,-0.0034306653190772822,0.06257638315825412,0.0004129987564738258,2.656734175980091,0.004194945058770827,0.03331502278645833,0.9922394206126531,0.00318007065167573,0.009307861328125,0.3020911403000355,0.30795153975486755
63655.61042104196,1356,88866816,88866816,967.2689449369393,1629.084538841161,1346,100,2.0,4.000000146847746,10.0,0.0,1.0,3.000000017573554,10.0,0.0,-0.0005162538412453918,0.08307488966966049,0.0004239698164383299,2.640895992517471,0.002452987281382472,0.027781168619791664,0.9911928648749987,0.0032465690649890653,0.013275146484375,0.3613298833370209,0.3079908788204193
63715.61074663978,1357,88990720,88932352,2065.055460373974,1092.2607393713579,1346,100,2.0,4.000000146847746,10.0,0.0,1.0,3.000000017573554,10.0,0.0,-0.0019303044585588696,0.051945748777749635,0.00043561765596678015,2.648820146918297,0.0020865696393836215,0.0210418701171875,0.9938992143919071,0.0031920012600797536,0.009765625,0.311785988509655,0.30799412727355957
63796.14411910251,1359,89063424,89063424,902.7810183119954,1627.5488780835972,1346,100,2.0,4.000000146847746,10.0,0.0,1.0,3.000000017573554,10.0,0.0,-0.0006978383122865731,0.05474364778880651,0.00041210841603363707,2.648305689295133,0.002749491836463373,0.026621500651041668,0.9941253301997979,0.0031947276487092795,0.01129150390625,0.3354368135333061,0.3080333173274994
63856.14413515758,1360,89185792,89128960,2039.466120937149,1092.2663743931175,1352,100,1.8,3.841874668500229,10.0,0.0,0.9,2.8618176279218774,10.0,0.0,-0.0012585834750401166,0.07770179111200075,0.00042224062235618476,2.642886030177275,0.0029915340686178147,0.028376261393229168,0.9910014625638723,0.0031475655317384126,0.00946044921875,0.3032497428357601,0.3080328702926636
63937.889767855406,1362,89260032,89260032,908.1830741273652,1603.4128757007275,1352,100,1.8,3.841874668500229,10.0,0.0,0.9,2.8618176279218774,10.0,0.0,-0.0009052472269104328,0.07885141176908898,0.00039485133856942417,2.6372757082184157,0.0026711961260540797,0.028289794921875,0.9922610328843195,0.0035544069445071123,0.01312255859375,0.3612300753593445,0.3080918788909912
63997.88984194957,1363,89388288,89325568,2137.59736027527,1092.2653178252876,1352,100,1.8,3.841874668500229,10.0,0.0,0.9,2.8618176279218774,10.0,0.0,-0.0020699090916120135,0.08685864162786554,0.0004728509447886608,2.63055207580328,0.0031897773824312026,0.0286407470703125,0.992168124144276,0.00398513156445309,0.0152587890625,0.3875380828976631,0.30816030502319336
64079.04527863208,1365,89456640,89456640,842.2356257831168,1615.0735595541414,1352,100,1.8,3.841874668500229,10.0,0.0,0.9,2.8618176279218774,10.0,0.0,-0.0005588090049665576,0.07313304227621605,0.00044740526876315323,2.6400098502635956,0.002935169169480408,0.027140299479166668,0.9926534766952196,0.003543947823345661,0.01251220703125,0.35110369324684143,0.30824974179267883
64139.04737354908,1366,89581312,89522176,2077.794119896285,1092.2285311980472,1359,100,2.0,4.0000001593306385,10.0,0.0,1.1,3.128897654506477,10.0,0.0,-0.0015607120682640623,0.060279761169416204,0.00043540931771228014,2.6492320001125336,0.003942405463021714,0.035746256510416664,0.9929241550465424,0.003546493756099759,0.01190185546875,0.3444783240556717,0.30827808380126953
64219.53084580973,1368,89653248,89653248,893.7984157422353,1628.5579674733967,1359,100,2.0,4.0000001593306385,10.0,0.0,1.1,3.128897654506477,10.0,0.0,-0.0014941754610238909,0.060296108558153115,0.0004392891454093236,2.6280519093076387,0.002340146023319297,0.0223388671875,0.994029959042867,0.0037246619758661836,0.010986328125,0.32934410125017166,0.30831295251846313
64279.53117879387,1369,89775104,89718784,2030.9220622526605,1092.2606049089939,1359,100,2.0,4.0000001593306385,10.0,0.0,1.1,3.128897654506477,10.0,0.0,-0.0010484963592413503,0.07145877094202054,0.00048291665067760425,2.6580106814702353,0.002584383782353446,0.023478190104166668,0.9901765448351701,0.002564711508360536,0.008392333984375,0.28823455423116684,0.3082996606826782
64360.881652243435,1371,89849856,89849856,918.8883214840009,1611.2014404103031,1359,100,2.0,4.0000001593306385,10.0,0.0,1.1,3.128897654506477,10.0,0.0,-0.002198372019241409,0.07391740496192747,0.00046617997243932524,2.645469014843305,0.0023528144696077407,0.027582804361979168,0.9909319014598925,0.003044745729615291,0.009307861328125,0.3041484132409096,0.3082965910434723
64420.88185062725,1372,89969920,89915392,2001.0600503678666,1092.263055211458,1365,100,2.0,4.000000100792356,10.0,0.0,1.3,3.363034364303226,10.0,0.0,-0.0005272681300994009,0.08697304814510669,0.0005146516126236141,2.6407045225302377,0.0033818482770584524,0.033416748046875,0.9911081306636333,0.0041384239787779125,0.01007080078125,0.3155076205730438,0.30830317735671997
64503.05716958828,1374,90046464,90046464,931.4718940890007,1595.0287952293256,1365,100,2.0,4.000000100792356,10.0,0.0,1.3,3.363034364303226,10.0,0.0,-0.0013876945946928267,0.0961089172633365,0.0005227991941865184,2.6363140270113945,0.004285290188515016,0.037109375,0.9897243902087212,0.0037462076458420297,0.011444091796875,0.33547714352607727,0.3083612322807312
64563.05752489902,1375,90166784,90112000,2005.3214581292102,1092.2601984703783,1365,100,2.0,4.000000100792356,10.0,0.0,1.3,3.363034364303226,10.0,0.0,-0.0023049365045153536,0.08356034534517674,0.0005342852715936411,2.644300763805707,0.004088708485748308,0.041041056315104164,0.9913083917150894,0.0036119417733668038,0.008087158203125,0.2786385007202625,0.30834436416625977
64645.64743581228,1377,90243072,90243072,923.6963589913851,1587.0219322268092,1365,100,2.0,4.000000100792356,10.0,0.0,1.3,3.363034364303226,10.0,0.0,-0.00079302653951648,0.09669696436806893,0.00047045332394191064,2.6485641226172447,0.0032911926803838774,0.033559163411458336,0.9892213319738705,0.003819322116517772,0.010528564453125,0.32274802029132843,0.3083842992782593
64705.64770614542,1378,90363392,90308608,2005.324298239726,1092.261745424191,1371,100,1.3,3.363034423311206,10.0,0.0,1.0,3.000000010014359,10.0,0.0,-0.0025096077588386834,0.0831523314312411,0.00048110496876082226,2.637451060116291,0.003756597393779278,0.02996826171875,0.9921391848474741,0.0039574006756690015,0.01312255859375,0.35976677387952805,0.3084266185760498
64786.81430422235,1380,90439680,90439680,939.8940180749223,1614.8514672965107,1371,100,1.3,3.363034423311206,10.0,0.0,1.0,3.000000010014359,10.0,0.0,-0.0018953671654647528,0.06561120399661984,0.0004742256584601515,2.6175530801216764,0.003969335114864711,0.036778767903645836,0.9941620683918397,0.004709942588912479,0.014495849609375,0.374439001083374,0.30849674344062805
64846.81449567899,1381,90558208,90505216,1975.4603630833305,1092.2631813160533,1371,100,1.3,3.363034423311206,10.0,0.0,1.0,3.000000010014359,10.0,0.0,-0.001035485102571935,0.06091886158295286,0.00043413449445021496,2.6363616014520326,0.0030103850785963004,0.029998779296875,0.993215241159002,0.003875534952385351,0.01129150390625,0.3329002857208252,0.3085174262523651
64928.90167051647,1383,90636288,90636288,951.1839109408843,1596.7415160712549,1371,100,1.3,3.363034423311206,10.0,0.0,1.0,3.000000010014359,10.0,0.0,-0.0023954860468317443,0.04882485469958435,0.0004615704647221719,2.6419200897216797,0.0029194730110854534,0.025858561197916664,0.9937343386312325,0.003505615483542594,0.009307861328125,0.3030034452676773,0.3085176646709442
64988.90195918176,1384,90752000,90701824,1928.5240550339236,1092.2614117006294,1377,100,1.7,3.75632811307339,10.0,0.0,1.4,3.469870395622755,10.0,0.0,-0.0016314214954036288,0.0502614065577897,0.000493448339511815,2.627918923894564,0.002895419829049691,0.030960083007812497,0.9948412751158078,0.0041818706231424585,0.013885498046875,0.3703531250357628,0.3085685670375824
65072.2434913693,1386,90832896,90832896,970.65650074643,1572.7092670321904,1377,100,1.7,3.75632811307339,10.0,0.0,1.4,3.469870395622755,10.0,0.0,-0.0012486620398703963,0.05503259042355542,0.0004378124009842092,2.634965881705284,0.0021696323419746477,0.028650919596354168,0.9936109675715368,0.0038987115040072244,0.010986328125,0.326892651617527,0.308597207069397
65132.25244575553,1387,90957056,90898432,2069.024552584056,1092.1036813639553,1377,100,1.7,3.75632811307339,10.0,0.0,1.4,3.469870395622755,10.0,0.0,-0.000997464514512103,0.061451314793278776,0.00042329324787715455,2.626194310684999,0.004973391247403924,0.03690083821614583,0.9945249445736407,0.004136906980420463,0.012664794921875,0.3545606657862663,0.3086337149143219
65213.60685988702,1389,91029504,91029504,890.5232835049734,1611.1233963058176,1377,100,1.7,3.75632811307339,10.0,0.0,1.4,3.469870395622755,10.0,0.0,-0.001805244626060206,0.08203669394909714,0.0004892261746742104,2.6319355815649033,0.003841739417718297,0.037200927734375,0.9913984425365925,0.003913087408970266,0.0128173828125,0.35591189563274384,0.30868881940841675
65273.61705304403,1390,91152896,91095040,2056.1840165579706,1092.0811374249802,1383,100,2.1,4.073082446220041,10.0,0.0,1.3,3.363034364303226,10.0,0.0,-0.0010228795745206298,0.08554529332711051,0.0004596372352049608,2.63350231697162,0.003154587447473508,0.028849283854166664,0.9908150707681974,0.003798081498340859,0.010986328125,0.3264514282345772,0.3087056577205658
65354.380297334865,1392,91226112,91226112,906.5510015464732,1622.916478292987,1383,100,2.1,4.073082446220041,10.0,0.0,1.3,3.363034364303226,10.0,0.0,-0.0023742487634687373,0.06974166899453849,0.0004797686057524212,2.647608198225498,0.0023044235507162134,0.023101806640625,0.9908413905650377,0.0030054502785787918,0.009918212890625,0.3146018087863922,0.30872511863708496
65414.38165626675,1393,91351040,91291648,2082.086176445154,1092.241928626966,1383,100,2.1,4.073082446220041,10.0,0.0,1.3,3.363034364303226,10.0,0.0,-0.001626259437519669,0.08184262186599275,0.0004892740901899136,2.6315660725037255,0.0032040664633920337,0.03382364908854167,0.9924893329540888,0.003898477523762267,0.0115966796875,0.33721472322940826,0.3087489604949951
65495.26917196065,1395,91422720,91422720,886.1688900330882,1620.4231132033613,1383,100,2.1,4.073082446220041,10.0,0.0,1.3,3.363034364303226,10.0,0.0,-0.002249906141514657,0.05136800770803045,0.00047578391180043883,2.6447696263591447,0.0017804883336793864,0.018346150716145832,0.9940605591982603,0.003215392474279118,0.012664794921875,0.3539619818329811,0.3087824285030365
65555.26948248409,1396,91543296,91488256,2009.589599588894,1092.2610137892927,1389,100,1.8,3.8418746168468347,10.0,0.0,1.3,3.3630343710464174,10.0,0.0,-0.0008282196286018007,0.05443569511407986,0.0004381845643971853,2.646497368812561,0.0027478505574739147,0.021814982096354164,0.9935889647652706,0.0030133896361803636,0.01190185546875,0.3428262919187546,0.30880972743034363
65637.70261793584,1398,91619328,91619328,922.3475436586325,1590.0402099435012,1389,100,1.8,3.8418746168468347,10.0,0.0,1.3,3.3630343710464174,10.0,0.0,-0.0020378517074277624,0.06257996446220204,0.00046915720213291934,2.642703056335449,0.0035471810291104093,0.028910319010416668,0.9919026972105106,0.0032741983595769852,0.0091552734375,0.301671139895916,0.3088395297527313
65697.70269490313,1399,91739648,91684864,2005.3307609187118,1092.2652655216812,1389,100,1.8,3.8418746168468347,10.0,0.0,1.3,3.3630343710464174,10.0,0.0,-0.0019233080007931373,0.050995622722742454,0.0004270693674091793,2.6399311597148576,0.002321964289876633,0.020563761393229168,0.9943981450051069,0.003339201197377406,0.0115966796875,0.3389154300093651,0.30886319279670715
65779.52634234354,1401,91815936,91815936,932.346606224777,1601.8841019700867,1389,100,1.8,3.8418746168468347,10.0,0.0,1.3,3.3630343710464174,10.0,0.0,-0.001701097512219955,0.11694421460075925,0.0004796555658685975,2.6376036256551743,0.0034677830723618777,0.03367106119791667,0.9872697616616886,0.00377809589796622,0.01373291015625,0.36172541230916977,0.3089456260204315
65839.52645867504,1402,91937792,91881472,2030.9293956488555,1092.2645489203928,1395,100,1.7,3.756328066280811,10.0,0.0,0.8,2.712932032116295,10.0,0.0,-0.0006351211147072415,0.058792625553905964,0.0005313186078031625,2.645398872594039,0.0029689969499789486,0.025726318359375,0.9930031560361385,0.0034478689970759055,0.011138916015625,0.33184225112199783,0.3089638948440552
65920.91238389164,1404,92012544,92012544,918.4880530761949,1610.499599914424,1395,100,1.7,3.756328066280811,10.0,0.0,0.8,2.712932032116295,10.0,0.0,-0.0021594913826750903,0.08099073000873129,0.0005665444553718165,2.6359964087605476,0.0038212918085870724,0.040924072265625,0.9914459021141132,0.004308391942079955,0.012969970703125,0.3591826930642128,0.3090073764324188
65980.91284429468,1405,92130560,92078080,1966.9182404143764,1092.258285349415,1395,100,1.7,3.756328066280811,10.0,0.0,0.8,2.712932032116295,10.0,0.0,-0.0010875677689909935,0.06870476220501587,0.0005111272821523016,2.634552796681722,0.003665027032790628,0.034520467122395836,0.9924465355773766,0.0038189800276692645,0.011749267578125,0.3421473950147629,0.3090325593948364
66061.67277175095,1407,92209152,92209152,973.1559013913039,1622.9831319620444,1395,100,1.7,3.756328066280811,10.0,0.0,0.8,2.712932032116295,10.0,0.0,-0.002317282292400099,0.040346942929318175,0.00044948609987235005,2.6432356983423233,0.002957945111120352,0.026835123697916668,0.9949833086381357,0.0034334884282240332,0.010986328125,0.3278870955109596,0.30906879901885986
66121.67278982885,1408,92337664,92274688,2141.866021325915,1092.266337568594,1401,100,1.8,3.8418746343433248,10.0,0.0,1.2,3.2496154321669954,10.0,0.0,-0.0013758102795691227,0.067614370433148,0.0004590219677993445,2.640225989123185,0.003881673957342476,0.036249796549479164,0.9914308544248343,0.0037319154944270845,0.0115966796875,0.3395935744047165,0.30909213423728943
66202.72040517535,1410,92405760,92405760,840.1974531745641,1617.2221655089354,1401,100,1.8,3.8418746343433248,10.0,0.0,1.2,3.2496154321669954,10.0,0.0,-0.0017326206786189384,0.062194395635742694,0.0004462606281473806,2.647270056108634,0.0029981270229958073,0.023279825846354168,0.9917620867490767,0.0032488933550970005,0.008697509765625,0.2927306219935417,0.3090880215167999
66262.72044490371,1411,92533248,92471296,2124.7985930873333,1092.2659434344523,1401,100,1.8,3.8418746343433248,10.0,0.0,1.2,3.2496154321669954,10.0,0.0,-0.0017916800946598717,0.0661131281328077,0.00047306242565052037,2.6368753860394163,0.003064531768662467,0.0293426513671875,0.9926419531305631,0.0037417868467552276,0.01220703125,0.34770433604717255,0.30911827087402344
66342.83188605588,1413,92602368,92602368,862.7981098069095,1636.1208600782877,1401,100,1.8,3.8418746343433248,10.0,0.0,1.2,3.2496154321669954,10.0,0.0,-0.0012918512972343403,0.07248513208469376,0.0004736779301310889,2.6430132066210112,0.0031664279413234904,0.026031494140625003,0.9928005896508694,0.0036668222480026698,0.01220703125,0.34901197254657745,0.30916646122932434
66402.83243445959,1414,92722432,92667904,2001.0483769607656,1092.2566833730405,1407,100,1.8,3.8418746343433248,10.0,0.0,0.7,2.5514701909848765,10.0,0.0,-0.0012837413426799078,0.053105288379204765,0.00043832295978063485,2.651843341688315,0.0031568574340781197,0.029164632161458336,0.993628952652216,0.0031254826729612733,0.009002685546875,0.2979625165462494,0.3091599941253662
66484.29366735369,1416,92798976,92798976,939.6371412584357,1609.0107569375218,1407,100,1.8,3.8418746343433248,10.0,0.0,0.7,2.5514701909848765,10.0,0.0,-0.0015136109529218325,0.0997528077568859,0.0004803661922778701,2.644081922868888,0.0029645521741864895,0.028905232747395836,0.9891413561999798,0.0032904138934100047,0.01190185546875,0.3432014584541321,0.3091958463191986
66544.29424545635,1417,92926464,92864512,2124.7795276552047,1092.2561427303863,1407,100,1.8,3.8418746343433248,10.0,0.0,0.7,2.5514701909848765,10.0,0.0,-0.0023094067206936115,0.05515176377957687,0.00044215398005083745,2.6330487951636314,0.0028897777119709644,0.025650024414062497,0.9951544708261887,0.0038322615485715996,0.013580322265625,0.3669504448771477,0.30924153327941895
66624.10456270631,1419,92995584,92995584,866.0534424830538,1642.2939353752724,1407,100,1.8,3.8418746343433248,10.0,0.0,0.7,2.5514701909848765,10.0,0.0,-0.0015568045722223662,0.057295493509930864,0.00042994993630903383,2.650319496790568,0.0022005086466379,0.023381551106770836,0.9918893141051133,0.0028548546639891965,0.0115966796875,0.33229437097907066,0.3092840909957886
66684.10471303482,1420,93119744,93061120,2069.328148683319,1092.2639300266592,1413,100,2.0,4.000000087554058,10.0,0.0,0.8,2.712932012683201,10.0,0.0,-0.0013614542658615392,0.05927427423497041,0.00043824022698875825,2.6617154131333036,0.002652633618102603,0.025156656901041668,0.9910773821175098,0.002788803773000837,0.008697509765625,0.29044557735323906,0.3092741072177887
66764.88152530044,1422,93192192,93192192,896.8910503890825,1622.6438791491528,1413,100,2.0,4.000000087554058,10.0,0.0,0.8,2.712932012683201,10.0,0.0,-0.0017417347007722126,0.082472227649608,0.00046752359442810604,2.643696481982867,0.0025344538795858775,0.021540323893229168,0.990138305351138,0.002891601383453235,0.01129150390625,0.3315906971693039,0.3093148171901703
66824.89879869949,1423,93318912,93257728,2111.392151347065,1091.952304535048,1413,100,2.0,4.000000087554058,10.0,0.0,0.8,2.712932012683201,10.0,0.0,-0.0008537138734633724,0.07081058419619997,0.0004720038793190421,2.6411749124526978,0.0028184754986189846,0.026662190755208332,0.9928209943075975,0.003684729027251403,0.013580322265625,0.3635817989706993,0.30936020612716675
66905.014733552,1425,93388800,93388800,872.3358234371253,1636.0290901091873,1413,100,2.0,4.000000087554058,10.0,0.0,0.8,2.712932012683201,10.0,0.0,-0.0016867868204523497,0.05712755709343279,0.000441109130406403,2.6371270194649696,0.0035982126955786953,0.032643636067708336,0.9939531243095796,0.0033672307884747474,0.013427734375,0.3617669865489006,0.30940067768096924
66965.01485614851,1426,93514496,93454336,2094.929052816832,1092.264434869876,1419,100,1.8,3.8418746343433248,10.0,0.0,0.8,2.712932012683201,10.0,0.0,-0.001500976085177778,0.059311927849194035,0.0004732459998801157,2.643806055188179,0.0037462363106897105,0.029581705729166668,0.9929222725331784,0.003296774387611852,0.013275146484375,0.3626658767461777,0.3094424307346344
67045.96423468832,1428,93585408,93585408,876.0042544999643,1619.1847592201507,1419,100,1.8,3.8418746343433248,10.0,0.0,0.8,2.712932012683201,10.0,0.0,-0.0015045587194132772,0.0654385217349045,0.000457230268996985,2.6454438244303065,0.003707831262242204,0.027842203776041668,0.9929241233815749,0.003287126967431201,0.009918212890625,0.3136289343237877,0.3094896078109741
67105.96612533834,1429,93700864,93650944,1924.2060333304405,1092.232249517944,1419,100,1.8,3.8418746343433248,10.0,0.0,0.8,2.712932012683201,10.0,0.0,-0.0018926884101044075,0.08816937754939622,0.00047629104907779646,2.633391025165717,0.0029417342921078675,0.026723225911458336,0.9918844706068437,0.0035458808512582136,0.012664794921875,0.3550846427679062,0.3095243275165558
67188.1005529454,1431,93782016,93782016,988.0387842749751,1595.8228944756695,1419,100,1.8,3.8418746343433248,10.0,0.0,0.8,2.712932012683201,10.0,0.0,-0.0016400066233472899,0.04114601011193979,0.0004183606927957347,2.6481613616148634,0.0015821694802677182,0.016042073567708336,0.9953250388304393,0.0027759918690814325,0.012969970703125,0.3571905940771103,0.30959704518318176
67248.10107655544,1432,93905408,93847552,2056.5153864649187,1092.2571347199566,1425,100,1.8,3.8418745807727688,10.0,0.0,0.8,2.712932032116295,10.0,0.0,-0.002068993962893728,0.054009347853328414,0.00042603284631089383,2.6464534426728883,0.0030896782664058264,0.029444376627604164,0.994659877071778,0.003479046063148417,0.010528564453125,0.32363008707761765,0.3096075654029846
67329.21869793348,1434,93978624,93978624,902.5905685619532,1615.8264723906295,1425,100,1.8,3.8418745807727688,10.0,0.0,0.8,2.712932032116295,10.0,0.0,-0.00241291963175172,0.05335880505541961,0.00037428985918571317,2.6511937578519187,0.002697138854879692,0.022079467773437497,0.9933383781462908,0.0026830405283059617,0.012664794921875,0.35213346034288406,0.3096439838409424
67389.2190433098,1435,94099968,94044160,2022.3883585825122,1092.2603793188252,1425,100,1.8,3.8418745807727688,10.0,0.0,0.8,2.712932032116295,10.0,0.0,-0.0030918318285936648,0.09513954612581679,0.00041854117322751944,2.643205650150776,0.0035160971510777017,0.032908121744791664,0.9896780829876661,0.0032239178932892782,0.0128173828125,0.3571198135614395,0.30968016386032104
67469.76259994693,1437,94175232,94175232,934.4509125550982,1627.343085810239,1425,100,1.8,3.8418745807727688,10.0,0.0,0.8,2.712932032116295,10.0,0.0,-0.0009473118649718042,0.04202807596690643,0.00043639880580788787,2.638007352749507,0.0026913330123837413,0.025141398111979168,0.9956769136091074,0.0034478820355919497,0.01312255859375,0.35986509919166565,0.3097147047519684
67529.76262077224,1438,94303488,94240768,2137.5992580640905,1092.266287553707,1431,100,1.7,3.7563281271085494,10.0,0.0,1.0,3.0000000937365336,10.0,0.0,-0.0012831663431522125,0.06967168150004,0.00046834833725976444,2.6359968086083727,0.00253853762660583,0.0288238525390625,0.9930690663556259,0.003570851455151569,0.0146484375,0.38099468499422073,0.30977126955986023
67609.70282062888,1440,94371840,94371840,855.0391432917728,1639.6256230913395,1431,100,1.7,3.7563281271085494,10.0,0.0,1.0,3.0000000937365336,10.0,0.0,-0.0016256725017835076,0.07955129669668774,0.00047900831577862846,2.636685736477375,0.003253603990742704,0.0326690673828125,0.9916781410574913,0.003597776786288402,0.012664794921875,0.3545323312282562,0.3098243474960327
67669.70316823758,1441,94497024,94437376,2086.38791255682,1092.2603386800529,1431,100,1.7,3.7563281271085494,10.0,0.0,1.0,3.0000000937365336,10.0,0.0,-7.444048969773573e-05,0.11830990427794556,0.0005065094965175376,2.636575974524021,0.0029986164317961084,0.028422037760416664,0.9880588389933109,0.00334905159494762,0.01373291015625,0.36756765097379684,0.3098704516887665
67749.5846044831,1443,94568448,94568448,894.125135412914,1640.8317897183224,1431,100,1.7,3.7563281271085494,10.0,0.0,1.0,3.0000000937365336,10.0,0.0,-0.0018813071073964238,0.048543400029302575,0.00045721565099180833,2.6369294052322703,0.0033840106334537263,0.029612223307291668,0.9954497975607713,0.0035050489338270077,0.013885498046875,0.371271051466465,0.30994710326194763
67809.58478106838,1444,94698496,94633984,2167.460287640325,1092.263452039219,1437,100,2.1,4.073082474945767,10.0,0.0,0.9,2.861817635846067,10.0,0.0,-0.0018521809640030065,0.08216049510519952,0.0004658019476361611,2.638543630639712,0.002370642113116143,0.021265665690104168,0.9910500571131706,0.003272341811680235,0.012054443359375,0.33959924429655075,0.3099742829799652
67889.09187975712,1446,94765056,94765056,837.157953160515,1648.5572000699372,1437,100,2.1,4.073082474945767,10.0,0.0,0.9,2.861817635846067,10.0,0.0,-0.0021230389344661185,0.07048060512170196,0.0005137983913906888,2.630577286084493,0.003282641755504301,0.033320109049479164,0.9921948853880167,0.0035638555903763822,0.011749267578125,0.3413933962583542,0.3100132346153259
67949.10680185445,1447,94887936,94830592,2047.4907857203796,1091.9950857175359,1437,100,2.1,4.073082474945767,10.0,0.0,0.9,2.861817635846067,10.0,0.0,-0.0020021196493568523,0.09375676813457781,0.0004129671057550392,2.6296537717183432,0.003008002946444321,0.028544108072916668,0.9915610123425721,0.003386907572955048,0.014495849609375,0.3785117194056511,0.31006747484207153
68029.38856110722,1449,94961664,94961664,918.3655251981107,1632.649822574419,1437,100,2.1,4.073082474945767,10.0,0.0,0.9,2.861817635846067,10.0,0.0,-0.0014713920221159547,0.06094534644701828,0.00043706201662037836,2.638670320312182,0.002285320339675915,0.022308349609375,0.9933167348305384,0.0033149251272940696,0.013427734375,0.36584942787885666,0.31012827157974243
68089.38857597206,1450,95086336,95027200,2077.8661518808817,1092.2663960605869,1443,100,1.8,3.8418746417809206,10.0,0.0,1.2,3.249615385056591,10.0,0.0,-0.0023345706940745004,0.0452006332440457,0.00042012417300914723,2.6420743241906166,0.00238420187815791,0.021143595377604164,0.9949088580906391,0.0031241293787995046,0.01220703125,0.34873341023921967,0.3101568818092346
68169.8030989347,1452,95158272,95158272,894.5647794667232,1629.9543312703283,1443,100,1.8,3.8418746417809206,10.0,0.0,1.2,3.249615385056591,10.0,0.0,-0.0010449473581199222,0.07996851448357727,0.0004838697571661517,2.639376809199651,0.0032960524028264144,0.028554280598958336,0.9900543733189504,0.0032990146137308334,0.011749267578125,0.33611495792865753,0.31022074818611145
68229.80348405056,1453,95280640,95223808,2039.4535762348899,1092.259655891489,1443,100,1.8,3.8418746417809206,10.0,0.0,1.2,3.249615385056591,10.0,0.0,-0.000922085583927886,0.06264825588247429,0.00042628523745709873,2.6481768811742463,0.0025090952312893933,0.021265665690104168,0.9929127506911755,0.003412323230198429,0.010528564453125,0.3216841593384743,0.31023067235946655
68311.39184629731,1455,95354880,95354880,909.933695880207,1606.5036285885033,1449,100,2.1,4.073082482321771,10.0,0.0,1.2,3.2496154483906574,10.0,0.0,-0.0027219079420319763,0.06540716641272108,0.0005146322485719186,2.6238701169689493,0.0032952991775042997,0.0334320068359375,0.9938339274376631,0.004078087101030784,0.012359619140625,0.35063212364912033,0.3103145360946655
68371.39235772658,1456,95477504,95420416,2043.7159130642867,1092.257356460245,1449,100,2.1,4.073082482321771,10.0,0.0,1.2,3.2496154483906574,10.0,0.0,-0.0020403008663076134,0.09255772842637575,0.000516330719316708,2.6362788056333857,0.00351473300725047,0.028289794921874997,0.9911024893323581,0.0040268030085523305,0.013427734375,0.36211368441581726,0.31035640835762024
68451.74625902064,1458,95551488,95551488,920.726919396869,1631.184023291339,1449,100,2.1,4.073082482321771,10.0,0.0,1.2,3.2496154483906574,10.0,0.0,-0.0021869507084678235,0.0634143075440079,0.0005197674642355803,2.6514589364329977,0.0022529457655764418,0.024917602539062497,0.9934420492500066,0.0032607614678757577,0.013427734375,0.3651772439479828,0.31042981147766113
68511.74637394585,1459,95676416,95617024,2082.1293451809447,1092.2645745211514,1449,100,2.1,4.073082482321771,10.0,0.0,1.2,3.2496154483906574,10.0,0.0,-0.0011754953435835584,0.06140793456385533,0.000466010429893989,2.6541977177063623,0.002892818306766761,0.024998982747395832,0.9931298475712538,0.003113968974503223,0.009765625,0.3116690218448639,0.3104311525821686
68591.5410519233,1461,95748096,95748096,898.3055238377755,1642.6158150176466,1454,100,1.8,3.8418746473399934,10.0,0.0,1.2,3.249615441412113,10.0,0.0,-0.0014679854333129088,0.11791684544490029,0.0005042212223997922,2.6381196553508444,0.0033694821019404726,0.027943929036458332,0.9881530633817116,0.003887008681582908,0.01220703125,0.34845713526010513,0.3105277717113495
68651.55009473208,1462,95874560,95813632,2107.4157173772514,1092.10207216311,1454,100,1.8,3.8418746473399934,10.0,0.0,1.2,3.249615441412113,10.0,0.0,-0.0020862225064774975,0.05582748858917815,0.00045286648613303743,2.644872829318046,0.002667602780396313,0.027165730794270836,0.9947700643291076,0.003497368010963934,0.012359619140625,0.34854213893413544,0.3105575144290924
68731.4318813188,1464,95944704,95944704,878.097536337075,1640.824593447381,1454,100,1.8,3.8418746473399934,10.0,0.0,1.2,3.249615441412113,10.0,0.0,-0.0021810410956580504,0.07825859506071235,0.0004448719600986806,2.6300715332229934,0.002325300013884165,0.019414265950520832,0.9924208596348763,0.0037113393749071593,0.01373291015625,0.36869555711746216,0.3106219172477722
68791.43190102372,1465,96066304,96010240,2026.666001078374,1092.2663079496078,1454,100,1.8,3.8418746473399934,10.0,0.0,1.2,3.249615441412113,10.0,0.0,-0.0020386724257453657,0.06799939135089515,0.0004530896324771069,2.63966017216444,0.002543817603509524,0.025721232096354168,0.9927012597521147,0.0037296045678279675,0.01312255859375,0.35977979004383087,0.31065991520881653
68872.91043506097,1467,96141312,96141312,920.5860277961144,1608.6690997665892,1460,100,2.0,4.000000060416818,10.0,0.0,1.0,3.0000000351471083,10.0,0.0,-0.0028632217533110333,0.04492214119333463,0.00040024710172777606,2.6414270997047424,0.002882703618524829,0.026077270507812503,0.9947232678532599,0.003044987781322561,0.010528564453125,0.32274802029132843,0.3107190430164337
68932.91063978896,1468,96268544,96206848,2120.5260978160823,1092.262939720155,1460,100,2.0,4.000000060416818,10.0,0.0,1.0,3.0000000351471083,10.0,0.0,-0.0014865812457477054,0.0634738340546998,0.0004707634980150033,2.6382518733541174,0.002914939695377446,0.026885986328125,0.9923795678963264,0.0034255908418951244,0.0115966796875,0.339337021112442,0.3107401728630066
69012.72991876677,1470,96337920,96337920,869.1634513421949,1642.1095464472464,1460,100,2.0,4.000000060416818,10.0,0.0,1.0,3.0000000351471083,10.0,0.0,-0.002288604903393813,0.05700513183061655,0.0005096958014595051,2.607393391430378,0.004235292470790834,0.03937784830729167,0.995302606994907,0.004813805169154269,0.014801025390625,0.383897140622139,0.31084904074668884
69072.73014160898,1471,96463616,96403456,2094.9255527027008,1092.262609963119,1460,100,2.0,4.000000060416818,10.0,0.0,1.0,3.0000000351471083,10.0,0.0,-0.0009536421081672113,0.05972359830047935,0.000483914037431532,2.6287190342942877,0.0027885571247073435,0.026982625325520832,0.9938102209319671,0.0034042434951212877,0.012359619140625,0.35081007331609726,0.31087836623191833
69153.19580535311,1473,96534528,96534528,881.2703046293725,1628.918397004472,1465,100,2.1,4.073082516708752,10.0,0.0,1.6,3.6660606182901403,10.0,0.0,-0.0017028911121694061,0.06893267275881954,0.00042018878715074004,2.626827930410703,0.003505403461531387,0.030726114908854168,0.9925658516585827,0.003614010325691197,0.012969970703125,0.35370107740163803,0.31095850467681885
69213.19591542799,1474,96647936,96600064,1890.1298657364352,1092.2646628183463,1465,100,2.1,4.073082516708752,10.0,0.0,1.6,3.6660606182901403,10.0,0.0,-0.0023342767429615683,0.05877600486079851,0.00044627356813483254,2.6386143838365874,0.0029010504543596953,0.026580810546875,0.9921929147094487,0.0030361980194963203,0.00946044921875,0.305082730948925,0.3109561502933502
69296.05222996138,1476,96731136,96731136,1004.1479695125879,1581.9192627398309,1465,100,2.1,4.073082516708752,10.0,0.0,1.6,3.6660606182901403,10.0,0.0,-0.0013626328606430131,0.09611326859643061,0.0004769513731541034,2.6252976233760514,0.003572621139634672,0.034556070963541664,0.9905032285799582,0.004143524750058228,0.01129150390625,0.3330763727426529,0.3109895586967468
69356.05242468044,1477,96856320,96796672,2086.393228991151,1092.2631219258376,1465,100,2.1,4.073082516708752,10.0,0.0,1.6,3.6660606182901403,10.0,0.0,-0.0020812079164898023,0.0829958098086839,0.0005048060884291772,2.627681461473306,0.003160056424652187,0.03293863932291667,0.9925631309549015,0.004133242861522982,0.012969970703125,0.3590688481926918,0.3110252916812897
69435.49451326672,1479,96927744,96927744,899.0700178083788,1649.9062692397488,1472,100,1.8,3.841874567050129,10.0,0.0,1.3,3.3630343923949124,10.0,0.0,-0.0017412405080297804,0.05399071063341883,0.00041759291495206224,2.625439840058486,0.0028834890648189076,0.029917399088541664,0.9948343982299169,0.0039122312373365276,0.013275146484375,0.3634491264820099,0.3110916316509247
69495.49476360064,1480,97048576,96993280,2013.8582643827685,1092.2621094957387,1472,100,1.8,3.841874567050129,10.0,0.0,1.3,3.3630343923949124,10.0,0.0,-0.00212333639501594,0.08046701338995868,0.0005151588196288988,2.6206814746061964,0.004412661035530618,0.04539998372395833,0.991819703951478,0.004200794372688203,0.012664794921875,0.35132941603660583,0.31112390756607056
69577.28712029569,1482,97124352,97124352,926.4435341130998,1602.4969238713077,1472,100,1.8,3.841874567050129,10.0,0.0,1.3,3.3630343923949124,10.0,0.0,-0.0015343825301291265,0.06135914771584794,0.00043222916550197016,2.6402557964126268,0.003042321285950796,0.0284271240234375,0.9934165744731824,0.0033542860983288847,0.01220703125,0.34805361926555634,0.3111717700958252
69637.28741979506,1483,97251072,97189888,2111.9894576747943,1092.261214474237,1472,100,1.8,3.841874567050129,10.0,0.0,1.3,3.3630343923949124,10.0,0.0,-0.0019190855491615366,0.036816957261180505,0.00045696651735246024,2.633739637831847,0.0018778838978808685,0.0205535888671875,0.9965633948644002,0.003749055625424565,0.0140380859375,0.3731935918331146,0.3112187385559082
69717.15457782429,1485,97320960,97320960,875.0530471413989,1641.1251287047482,1478,100,1.7,3.756328023348026,10.0,0.0,0.9,2.8618176279218774,10.0,0.0,-0.001737718461905994,0.09210548043483868,0.0004854502288556735,2.6359512185057006,0.0030681479026194816,0.03535461425781251,0.9899292625486851,0.004037219725432806,0.012359619140625,0.34581515938043594,0.3112812340259552
69777.15490446333,1486,97447424,97386496,2107.721858929211,1092.260720416757,1478,100,1.7,3.756328023348026,10.0,0.0,0.9,2.8618176279218774,10.0,0.0,-0.002711074344309357,0.056560498351852104,0.0004781694939689866,2.650611845155557,0.0037563675147490963,0.03195699055989583,0.9924927918861309,0.0034557809582717405,0.010986328125,0.3297971189022064,0.3112950921058655
69857.42212680168,1488,97517568,97517568,873.8809934685052,1632.9455060433381,1478,100,1.7,3.756328023348026,10.0,0.0,0.9,2.8618176279218774,10.0,0.0,-0.001371347572179123,0.06038809651120876,0.0005196230831643334,2.646488755941391,0.003079217594252744,0.029215494791666664,0.9918094978978236,0.0030679167660612925,0.011444091796875,0.33409659564495087,0.3113425374031067
69917.42226100527,1489,97636608,97583104,1983.9955623447813,1092.2642235704602,1478,100,1.7,3.756328023348026,10.0,0.0,0.9,2.8618176279218774,10.0,0.0,-0.002099216030425547,0.05564382610221704,0.0004979830270409972,2.636712690194448,0.0029123264921508967,0.024622599283854168,0.9941444639116526,0.003297635031534204,0.012664794921875,0.3551095426082611,0.3113744258880615
69999.61754007172,1491,97714176,97714176,943.7038341008616,1594.6414622430402,1484,100,1.7,3.756328023348026,10.0,0.0,0.7,2.5514701909848765,10.0,0.0,-0.0006719248934435503,0.1028093268784384,0.0004940817534588859,2.6312831143538156,0.0034017992214406454,0.037638346354166664,0.9904704273988804,0.003851166846288834,0.0152587890625,0.3887474462389946,0.31146591901779175
70059.62156199198,1492,97832448,97779712,1971.067875369513,1092.1934547502065,1484,100,1.7,3.756328023348026,10.0,0.0,0.7,2.5514701909848765,10.0,0.0,-0.0006279014511771189,0.08551353041548282,0.00047018238789557165,2.6421725004911423,0.0035439608509477694,0.0322723388671875,0.9908651454995075,0.0033557042746300185,0.011749267578125,0.3421473950147629,0.3114878237247467
70141.31960355584,1494,97910784,97910784,958.8479540084702,1604.3469034390089,1484,100,1.7,3.756328023348026,10.0,0.0,0.7,2.5514701909848765,10.0,0.0,-0.00194559453666443,0.12739324885963774,0.0005128907362935328,2.6337704807519913,0.0028485187115923813,0.025675455729166664,0.9896618531395991,0.003549774446582887,0.01556396484375,0.3891594111919403,0.3115936517715454
70201.31983169075,1495,98032640,97976320,2030.9256112492972,1092.2625136130673,1484,100,1.7,3.756328023348026,10.0,0.0,0.7,2.5514701909848765,10.0,0.0,-0.0020157248254690785,0.06297281954903156,0.0004491093965649876,2.6452954014142356,0.002508919787336102,0.023157755533854168,0.9940328566978375,0.0032445935285068117,0.009613037109375,0.30821436643600464,0.31159254908561707
70282.62742473744,1497,98107392,98107392,919.3729293779086,1612.0511638407165,1490,100,1.8,3.841874603124195,10.0,0.0,1.4,3.469870357000091,10.0,0.0,-0.0018636343447724357,0.0786688303342089,0.0004782328414876247,2.6302444711327553,0.0030624357180689308,0.03223673502604167,0.9931060777356228,0.0035813202048302624,0.014801025390625,0.3804364576935768,0.31169310212135315
70342.62758423481,1498,98229760,98172928,2039.4612451881576,1092.263763113323,1490,100,1.8,3.841874603124195,10.0,0.0,1.4,3.469870357000091,10.0,0.0,-0.0016587509089731611,0.07033923444881414,0.00045251458868733607,2.6389305169383688,0.0030803245214580484,0.026590983072916668,0.993718201915423,0.003335118999530096,0.015106201171875,0.3859633207321167,0.3117506206035614
70424.66434274334,1500,98304000,98304000,904.9601830900932,1597.7228060073369,1490,100,1.8,3.841874603124195,10.0,0.0,1.4,3.469870357000091,10.0,0.0,-0.002406475812070615,0.06730119592975825,0.00045305648624586564,2.6361864482363067,0.001785282596756588,0.022776285807291668,0.9926088309536378,0.0035254748193741157,0.01373291015625,0.36947133392095566,0.3118230700492859
70484.66453452036,1501,98426880,98369536,2047.993454032204,1092.2631754838421,1490,100,1.8,3.841874603124195,10.0,0.0,1.4,3.469870357000091,10.0,0.0,-0.0021156817238079384,0.06380519003141671,0.0004371997920316062,2.6351779649655023,0.0028192709463231345,0.028050740559895832,0.9936187795052925,0.0038137300992578584,0.01251220703125,0.35265547782182693,0.31185272336006165
70565.63189742062,1503,98500608,98500608,910.5891233090796,1618.8251081050303,1496,100,1.8,3.84187466259749,10.0,0.0,1.9,3.923009112425533,10.0,0.0,-0.0019161986662462975,0.1006255196989514,0.00046052004139104,2.6394609684745474,0.002380266395145251,0.0222625732421875,0.9888909241805474,0.003637899639822232,0.01190185546875,0.3382933512330055,0.3119427263736725
70625.6323743863,1504,98624000,98566144,2056.5169851996043,1092.2579838404536,1496,100,1.8,3.84187466259749,10.0,0.0,1.9,3.923009112425533,10.0,0.0,-0.0015614519931356576,0.05558850315477078,0.0004410621877468657,2.638770493368308,0.0024941354543746757,0.026504516601562497,0.9949303188671668,0.0037736021986347628,0.010986328125,0.32598093152046204,0.3119559586048126
70706.42638267856,1506,98697216,98697216,906.2058133711388,1622.2985190420386,1496,100,1.8,3.84187466259749,10.0,0.0,1.9,3.923009112425533,10.0,0.0,-0.0011682219277039014,0.0822946748424632,0.0005150827855686657,2.6386997948090234,0.002821085807227064,0.026224772135416668,0.9913024256626765,0.003677571839943994,0.012969970703125,0.3582504242658615,0.3119937479496002
70766.4263847731,1507,98821632,98762752,2073.599927612546,1092.2666285366495,1496,100,1.8,3.84187466259749,10.0,0.0,1.9,3.923009112425533,10.0,0.0,-0.0011055124826574079,0.05726524303706052,0.0004020562476701646,2.6527371853590016,0.00216849206177964,0.01763916015625,0.9929928071796895,0.0031101567850176557,0.0103759765625,0.32143954932689667,0.31200048327445984
70846.51155919489,1509,98893824,98893824,901.4402543445894,1636.6574830653537,1501,100,2.2,4.142463141387429,10.0,0.0,1.2,3.249615394301709,10.0,0.0,-0.0017925713060928197,0.05022474382227907,0.0004414680103460948,2.647058941423893,0.002559185285160008,0.026692708333333336,0.9945058741917213,0.0034400740332785062,0.01220703125,0.34796178340911865,0.312054306268692
70906.5116683403,1510,99016960,98959360,2052.262933415078,1092.2646797385862,1501,100,2.2,4.142463141387429,10.0,0.0,1.2,3.249615394301709,10.0,0.0,-0.0011931772120685007,0.07809526063889886,0.000483448072069829,2.630936555564404,0.0026913020161979757,0.0290679931640625,0.9930040401717027,0.004046007035261331,0.015716552734375,0.39501381665468216,0.31211748719215393
70987.2670527948,1512,99090432,99090432,909.8093024545378,1623.074435040848,1501,100,2.2,4.142463141387429,10.0,0.0,1.2,3.249615394301709,10.0,0.0,-0.00225408339125958,0.0749207359040156,0.000466045531538839,2.6336659019192057,0.002607335746991642,0.023401896158854168,0.9932668165614208,0.004011359754561757,0.014190673828125,0.3731403946876526,0.31219038367271423
71047.26719184592,1513,99216128,99155968,2094.928478297584,1092.2641353241986,1501,100,2.2,4.142463141387429,10.0,0.0,1.2,3.249615394301709,10.0,0.0,-0.0023994445364223793,0.05568768357625231,0.00040418828120891703,2.6510655308763185,0.0027180532542843134,0.025217692057291668,0.9936398255328337,0.0030435868538916115,0.010986328125,0.33023326843976974,0.31220337748527527
71127.16440195963,1515,99287040,99287040,887.5403771806666,1640.5078451859254,1507,100,1.9,3.9230090828782007,10.0,0.0,1.3,3.3630343486267096,10.0,0.0,-0.002564143473136937,0.09492829812613006,0.0004817977930239673,2.639456070959568,0.0035281922367479033,0.033823649088541664,0.9905158107479413,0.0037499578562953198,0.014495849609375,0.37938714027404785,0.3122904896736145
71187.1644543074,1516,99410432,99352576,2056.531539085682,1092.2657137052586,1507,100,1.9,3.9230090828782007,10.0,0.0,1.3,3.3630343486267096,10.0,0.0,-0.002301735006767558,0.09713143471162768,0.0004982068051807194,2.6368761882185936,0.0030372639090880207,0.028162638346354164,0.9901989543189605,0.0034924522284806394,0.01312255859375,0.3618900999426842,0.3123258948326111
71267.66652498953,1518,99483648,99483648,909.4921333030843,1628.1817211579692,1507,100,1.9,3.9230090828782007,10.0,0.0,1.3,3.3630343486267096,10.0,0.0,-0.0018818706436528978,0.08771163376513869,0.00045243629483593395,2.6348708098133407,0.0029265139000926865,0.027364095052083336,0.9909951115647953,0.003568619310196179,0.01434326171875,0.37629133462905884,0.3124014139175415
71327.66679437179,1519,99610880,99549184,2120.523812808356,1092.2617627342838,1507,100,1.9,3.9230090828782007,10.0,0.0,1.3,3.3630343486267096,10.0,0.0,-0.00059850008013503,0.10950829756135742,0.0005148801004300669,2.62797524780035,0.00263202464642139,0.030975341796875,0.9904184049616257,0.003968267197099825,0.015411376953125,0.3919883891940117,0.312460720539093
71407.52960268501,1521,99680256,99680256,868.68971258697,1641.214512341434,1513,100,1.8,3.8418745807727688,10.0,0.0,1.3,3.363034423311206,10.0,0.0,-0.0016554620912453781,0.06428151311896121,0.0005088518428237876,2.634511038661003,0.0026357836522947764,0.026590983072916668,0.993887472897768,0.0038167022066772915,0.0128173828125,0.3559343069791794,0.31251025199890137
71467.52979457844,1522,99802624,99745792,2039.4601440166757,1092.2631733645794,1513,100,1.8,3.8418745807727688,10.0,0.0,1.3,3.363034423311206,10.0,0.0,-0.0016336214321199805,0.06927994654203454,0.00044744916431227466,2.639645372827848,0.0028206129718455486,0.02655029296875,0.9922105949372053,0.0037341114463439835,0.00946044921875,0.3037445396184921,0.31250691413879395
71548.19850837905,1524,99876864,99876864,920.3072232377583,1624.8182699921801,1513,100,1.8,3.8418745807727688,10.0,0.0,1.3,3.363034423311206,10.0,0.0,-0.0011023892087299223,0.08170336255958925,0.0004448407322949303,2.645296702782313,0.0033913309665270694,0.036839803059895836,0.9907433738311132,0.003651700310001616,0.01129150390625,0.3327719047665596,0.31253868341445923
71608.20714513212,1525,100002304,99942400,2090.3657671172223,1092.1094620041,1513,100,1.8,3.8418745807727688,10.0,0.0,1.3,3.363034423311206,10.0,0.0,-0.00022890483766483763,0.13155799768477058,0.00048126911042345455,2.6177370126048722,0.004322840619352065,0.04744466145833333,0.988569850102067,0.0047512155821702136,0.01373291015625,0.3682405725121498,0.3125801086425781
71688.48647821788,1527,100073472,100073472,886.5046240977058,1632.6991638058466,1520,100,1.9,3.923009112425533,10.0,0.0,0.9,2.8618176279218774,10.0,0.0,-0.0031606759924519183,0.07468893538073947,0.0004065219260761902,2.6504405041535692,0.0029862303290428822,0.025349934895833332,0.9886001646518707,0.003022764426229211,0.00823974609375,0.28439415991306305,0.31257185339927673
71748.48943847697,1528,100194816,100139008,2022.3002244561344,1092.2127794531023,1520,100,1.9,3.923009112425533,10.0,0.0,0.9,2.8618176279218774,10.0,0.0,-0.0021131311271650097,0.06804875045781955,0.0004733212996749595,2.632783552010854,0.0033966994530298202,0.028411865234375,0.9928148084630569,0.004062665978077955,0.01251220703125,0.352118544280529,0.31260037422180176
71829.59034876525,1530,100270080,100270080,928.0290410115765,1616.1594183602965,1520,100,1.9,3.923009112425533,10.0,0.0,0.9,2.8618176279218774,10.0,0.0,-0.0016741379016214826,0.053895073098829016,0.00046000467530878575,2.639131483932336,0.003439760481948421,0.030303955078124997,0.9945421578983465,0.0038164192058805684,0.012664794921875,0.35329294204711914,0.3126239478588104
71889.59038656484,1531,100392448,100335616,2039.465381817435,1092.265978546576,1520,100,1.9,3.923009112425533,10.0,0.0,0.9,2.8618176279218774,10.0,0.0,-0.0023154114593732325,0.0699164187729669,0.00043912765189209796,2.6292330573002496,0.0030825195826764684,0.029927571614583332,0.9941445377965767,0.004186370172343838,0.014801025390625,0.38366179913282394,0.31267625093460083
71970.75769867934,1533,100466688,100466688,914.653917518823,1614.8372612746116,1520,100,1.9,3.923009112425533,10.0,0.0,0.9,2.8618176279218774,10.0,0.0,-0.0014693167819738542,0.058207857267310224,0.0004465671442327827,2.645535613099734,0.0024157424474348472,0.022455851236979168,0.9936327512065569,0.0036494365995167755,0.009613037109375,0.3095629811286926,0.31271713972091675
72030.75817481894,1534,100592896,100532224,2103.449974402927,1092.257998878599,1526,100,2.1,4.0730824174578215,10.0,0.0,1.4,3.469870403477223,10.0,0.0,-0.000595326948920653,0.12597356061451137,0.0004662729409877405,2.6299357463916144,0.002782382454824983,0.02777099609375,0.9874113891273737,0.003983885867152518,0.014495849609375,0.3799990490078926,0.31276607513427734
72111.46873430721,1536,100663296,100663296,872.2526574757284,1623.9758568275379,1526,100,2.1,4.0730824174578215,10.0,0.0,1.4,3.469870403477223,10.0,0.0,-0.0007419192976764558,0.06299091604887508,0.00048616246628322796,2.6299521500865617,0.0032707761650575167,0.026936848958333332,0.9938445693502824,0.0038822483523593596,0.01434326171875,0.3760252594947815,0.31282734870910645
72171.46877864283,1537,100787712,100728832,2073.5984677624106,1092.2658595620926,1526,100,2.1,4.0730824174578215,10.0,0.0,1.4,3.469870403477223,10.0,0.0,-0.0017058075706396871,0.06288771181910609,0.0004909649915134651,2.650162843366464,0.002828613989549922,0.024927775065104168,0.9911053460091352,0.0031981766660464928,0.009002685546875,0.29366394504904747,0.31281912326812744
72252.01697566546,1539,100859904,100859904,896.2584225157692,1627.2493344967156,1526,100,2.1,4.0730824174578215,10.0,0.0,1.4,3.469870403477223,10.0,0.0,-0.0022508083081144528,0.05605933664871069,0.0004367757061724357,2.6503372912605605,0.002662006143509643,0.024149576822916664,0.9937303258726995,0.0031135455452992273,0.010528564453125,0.3196836784482002,0.31284698843955994
72312.0176047124,1540,100984320,100925440,2073.5782603659554,1092.2552153367997,1526,100,2.1,4.0730824174578215,10.0,0.0,1.4,3.469870403477223,10.0,0.0,-0.0014808612977503799,0.11652412238375594,0.0004691206164958809,2.6359539801875753,0.0030017083439209578,0.028310139973958336,0.9887529282520214,0.003439952139160596,0.012359619140625,0.3479734882712364,0.312873512506485
72392.68542082142,1542,101056512,101056512,894.9293966559256,1624.8363513752977,1533,100,2.5,4.330127109617982,10.0,0.0,1.3,3.363034416568014,10.0,0.0,-0.0016208383700965592,0.09997043017453204,0.0005421907644631574,2.6315363571047783,0.0031885494893989135,0.034032185872395836,0.9906245426585277,0.0036886614737644168,0.014495849609375,0.3804004266858101,0.3129327893257141
72452.69290917087,1543,101174528,101122048,1966.6878792316015,1092.1303624366378,1533,100,2.5,4.330127109617982,10.0,0.0,1.3,3.363034416568014,10.0,0.0,-0.0019155937964872767,0.07975178687289979,0.00044452409383666236,2.6433944776654243,0.00256367070505803,0.0273590087890625,0.9921424239873886,0.0031353802842204455,0.0115966796875,0.3381454348564148,0.31295132637023926
72535.5268496275,1545,101253120,101253120,948.7898265706341,1582.3465511536308,1533,100,2.5,4.330127109617982,10.0,0.0,1.3,3.363034416568014,10.0,0.0,-0.0029420885257422924,0.10720702392670016,0.0005150033393874764,2.639267717798551,0.0034704433928709477,0.029485066731770836,0.9907040366282066,0.004182899356237613,0.0103759765625,0.32009298354387283,0.3130088150501251
72595.533221961,1546,101380096,101318656,2116.041931251751,1092.1506741944522,1540,100,2.1,4.073082464113987,10.0,0.0,1.2,3.249615371099502,10.0,0.0,-0.0024150407801547167,0.08953329493912558,0.0004793313058447287,2.6446620002388954,0.0032041350126140364,0.030141194661458332,0.9918617811053991,0.0035888351922039874,0.012664794921875,0.353190079331398,0.31303828954696655
72676.19009399507,1548,101449728,101449728,863.3114357643884,1625.056820262378,1540,100,2.1,4.073082464113987,10.0,0.0,1.2,3.249615371099502,10.0,0.0,-0.0013200457251514308,0.08601585034436236,0.0005481028122934125,2.6313673878709474,0.003963161963838502,0.03967793782552083,0.9918562006205319,0.004195358953438699,0.01434326171875,0.3726824000477791,0.3131096661090851
72736.19043519907,1549,101576704,101515264,2116.2546320910833,1092.2604552728171,1540,100,2.1,4.073082464113987,10.0,0.0,1.2,3.249615371099502,10.0,0.0,-0.0016202360711758956,0.051998434171158195,0.00044797058186910965,2.6456083580851555,0.0025451410116753928,0.025929768880208332,0.9944082697232565,0.0034230046633941433,0.00946044921875,0.30518416315317154,0.3131060302257538
72818.7271975195,1551,101646336,101646336,843.6483094607498,1588.0438766319996,1540,100,2.1,4.073082464113987,10.0,0.0,1.2,3.249615371099502,10.0,0.0,-0.0010659744633206476,0.07208294506805639,0.0004395590003696271,2.6354894638061523,0.0028819572653446812,0.029566446940104168,0.9928988882650932,0.003695376935259749,0.012664794921875,0.3553609177470207,0.3131442368030548
72878.72761333175,1552,101774848,101711872,2141.851823196362,1092.2590970881847,1545,100,1.7,3.7563280449901653,10.0,0.0,0.9,2.8618176279218774,10.0,0.0,-0.0014060601121551977,0.06982317993727823,0.00043287192420393694,2.6389761020739875,0.002815347614159691,0.027384440104166668,0.9924251567572355,0.003730831100256182,0.010528564453125,0.32184887677431107,0.3131515681743622
72961.18833635654,1554,101842944,101842944,825.7992108500672,1589.508255470806,1545,100,1.7,3.7563280449901653,10.0,0.0,0.9,2.8618176279218774,10.0,0.0,-0.0027600240670532608,0.05234578963912402,0.00043237505299960805,2.636784762144089,0.003122528887615772,0.027165730794270832,0.9947452979783217,0.0035562694586891057,0.011138916015625,0.3320307508111,0.313164621591568
73021.1885850858,1555,101959168,101908480,1937.058636614259,1092.2621387076,1545,100,1.7,3.7563280449901653,10.0,0.0,0.9,2.8618176279218774,10.0,0.0,-0.002092078277200926,0.042566763363235324,0.00044752165558747947,2.6365964139501252,0.0025806304129218915,0.025929768880208332,0.995411287372311,0.003815925840171985,0.01068115234375,0.32558996975421906,0.31317347288131714
73103.6245070761,1557,102039552,102039552,975.1088852920967,1589.9864626418903,1545,100,1.7,3.7563280449901653,10.0,0.0,0.9,2.8618176279218774,10.0,0.0,-0.00282629694508311,0.07224409676079327,0.00044738320260269876,2.6386515597502394,0.002883605184251792,0.033320109049479164,0.992719016969204,0.003582252878307675,0.01190185546875,0.3423931822180748,0.3132130205631256
73163.62451481633,1558,102160896,102105088,2022.3997391029536,1092.266525760245,1551,100,1.8,3.8418746488748496,10.0,0.0,1.3,3.3630343486267096,10.0,0.0,-0.0022659129984579822,0.053111940214876086,0.00040585662827652413,2.629206274946531,0.0035762373542335504,0.032663981119791664,0.9951059898982445,0.004051836142025422,0.01220703125,0.3470446616411209,0.31323742866516113
73244.65469423961,1560,102236160,102236160,928.839113225221,1617.5701563650107,1551,100,1.8,3.8418746488748496,10.0,0.0,1.3,3.3630343486267096,10.0,0.0,-0.001299623463031215,0.07942239563756932,0.0004182552693237085,2.64672140032053,0.0034871725808140277,0.029027303059895832,0.9918505859871706,0.0036177865961993425,0.009307861328125,0.30374831706285477,0.3132503032684326
73304.65524746384,1561,102360320,102301696,2069.3142534200597,1092.2565956196604,1551,100,1.8,3.8418746488748496,10.0,0.0,1.3,3.3630343486267096,10.0,0.0,-0.001547849864437012,0.06443521785937871,0.00045525277285681415,2.6318515216310816,0.0034538194801522577,0.029902140299479168,0.9932848190267881,0.0042261901156355934,0.011749267578125,0.34001047164201736,0.3132699429988861
73385.00387192704,1563,102432768,102432768,901.6706942280971,1631.2911499815748,1551,100,1.8,3.8418746488748496,10.0,0.0,1.3,3.3630343486267096,10.0,0.0,-0.001044305732648354,0.11023905508530638,0.00047753705742555513,2.633544884622097,0.003569309497227853,0.0357513427734375,0.9891053599615892,0.004103615237302923,0.01251220703125,0.35003548115491867,0.3133387267589569
73445.00638576597,1564,102553856,102498304,2018.0487825067337,1092.2209055427566,1558,100,2.5,4.33012706200362,10.0,0.0,1.4,3.4698703738933414,10.0,0.0,-0.000661762918146754,0.05218994578657051,0.0004285487229935825,2.6414261211951575,0.0030349443059094483,0.028071085611979164,0.9941842226932446,0.0035129813719928884,0.010833740234375,0.30921729654073715,0.3133489787578583
73526.05369519908,1566,102629376,102629376,931.8014444677913,1617.22826972037,1558,100,2.5,4.33012706200362,10.0,0.0,1.4,3.4698703738933414,10.0,0.0,-0.0012712122794861596,0.08830648780955623,0.00045113786745787365,2.62942494948705,0.0037899908911640523,0.035924275716145836,0.9914807515839735,0.004362187537481077,0.0115966796875,0.339079849421978,0.3133740723133087
73586.058528292,1567,102757632,102694912,2137.4278268786297,1092.1786899818946,1558,100,2.5,4.33012706200362,10.0,0.0,1.4,3.4698703738933414,10.0,0.0,-0.001002703143361335,0.09783789137145504,0.00045281794973561773,2.629408965508143,0.0037381297873556227,0.032679239908854164,0.9904629855106274,0.003837813805148471,0.0128173828125,0.3550551310181618,0.3134044408798218
73665.98337955028,1569,102825984,102825984,855.2033431893856,1639.9404933069866,1558,100,2.5,4.33012706200362,10.0,0.0,1.4,3.4698703738933414,10.0,0.0,-0.001005041198368417,0.06159073005740841,0.0004128476487797646,2.630700866381327,0.0018149804673157632,0.021575927734375,0.9937674744675556,0.0036980162088487605,0.012969970703125,0.3596452847123146,0.31344956159591675
73725.98371426389,1570,102954240,102891520,2137.5880753363804,1092.2605734253762,1563,100,1.9,3.923009110981693,10.0,0.0,1.1,3.128897598330692,10.0,0.0,-0.0021474369277711958,0.06622824518126436,0.00040411041269787046,2.628730388979117,0.0024152089602769893,0.022379557291666664,0.9934266228228806,0.003978953410599691,0.012664794921875,0.3540128543972969,0.3134782612323761
73806.10037307441,1572,103022592,103022592,853.1558980966836,1636.0143064625543,1563,100,1.9,3.923009110981693,10.0,0.0,1.1,3.128897598330692,10.0,0.0,-0.0023291416643284415,0.0678424551927795,0.00044174599800802145,2.628985196352005,0.0031519377371296282,0.027201334635416668,0.9932656039794286,0.004374325876900305,0.01190185546875,0.33941584825515747,0.31349533796310425
73866.10074867122,1573,103135232,103088128,1877.3215814001571,1092.2598291782733,1563,100,1.9,3.923009110981693,10.0,0.0,1.1,3.128897598330692,10.0,0.0,-0.0012377683366745864,0.1091173536454638,0.0004123494839708049,2.6326483661929765,0.004233614687109366,0.030680338541666668,0.9882316018144289,0.003948115372622851,0.011138916015625,0.32946593314409256,0.3135085105895996
73949.24820632022,1575,103219200,103219200,1009.8685200269606,1576.3801288225725,1563,100,1.9,3.923009110981693,10.0,0.0,1.1,3.128897598330692,10.0,0.0,-0.002697684205486439,0.05080760478934584,0.00041141689416690497,2.6315500165025396,0.0023535430548993945,0.027664184570312503,0.994238888223966,0.0035153903639487303,0.0115966796875,0.3373696580529213,0.3135455846786499
74009.24838242959,1576,103342336,103284736,2052.260642961063,1092.2634607027694,1570,100,2.2,4.142463169724053,10.0,0.0,1.4,3.4698703890871836,10.0,0.0,-0.0004961603287180576,0.0642081216792576,0.0004327833418453035,2.6107875232895217,0.0031862590700863316,0.031743367513020836,0.9942721376816432,0.004773006672621705,0.015869140625,0.39560844749212265,0.3136064410209656
74091.34496024903,1578,103415808,103415808,894.94595209065,1596.55863230109,1570,100,2.2,4.142463169724053,10.0,0.0,1.4,3.4698703890871836,10.0,0.0,-0.0024175939591562687,0.05574345977705282,0.0004128586012181283,2.6318654194474225,0.0030785292201471748,0.0283355712890625,0.994151576111714,0.003675144825441142,0.01190185546875,0.3438115492463112,0.3136848509311676
74151.34589464683,1579,103539456,103481344,2060.767907049962,1092.2496567386963,1570,100,2.2,4.142463169724053,10.0,0.0,1.4,3.4698703890871836,10.0,0.0,-0.001993805575087511,0.09416837010455008,0.0004269843120709993,2.6070568089683848,0.002712391614598649,0.027470906575520832,0.9914491847157478,0.0039101959676675815,0.014495849609375,0.3799990490078926,0.3137316405773163
74231.96107662283,1581,103612416,103612416,905.0404428997356,1625.8972167181216,1570,100,2.2,4.142463169724053,10.0,0.0,1.4,3.4698703890871836,10.0,0.0,-0.003181802908026536,0.06814997613158387,0.00038775808813322027,2.6192936946948366,0.002993594822934635,0.028472900390625003,0.993483821551005,0.003674859525441813,0.01495361328125,0.38565921783447266,0.3138265907764435
74291.96376506146,1582,103737600,103677952,2086.306518215985,1092.2177273277957,1575,100,1.8,3.8418746265234245,10.0,0.0,1.5,3.5707142677032615,10.0,0.0,-0.001690143673234464,0.10600797917383413,0.0003735213928545515,2.6240772952636084,0.0034998691347330655,0.030303955078125003,0.988760986054937,0.0038801882037660107,0.011138916015625,0.33134788274765015,0.31383946537971497
74372.70278733224,1584,103809024,103809024,884.6280025594523,1623.4033595356257,1575,100,1.8,3.8418746265234245,10.0,0.0,1.5,3.5707142677032615,10.0,0.0,-0.00186946795777961,0.06384709723837052,0.0003893577686540084,2.6352211236953735,0.003659576349794709,0.032984415690104164,0.9918844842662413,0.0031649190835499517,0.010223388671875,0.3176221400499344,0.3139065206050873
74432.70336861257,1585,103933696,103874560,2077.846536478051,1092.2560848837393,1575,100,1.8,3.8418746265234245,10.0,0.0,1.5,3.5707142677032615,10.0,0.0,-0.0018547104361156621,0.060856229916680604,0.00043937848082957015,2.6048973724246025,0.0033479199404003643,0.032073974609375,0.9949681796133518,0.004426156677557931,0.015411376953125,0.39046935737133026,0.3139621317386627
74513.39666859712,1587,104005632,104005632,891.4742613545967,1624.3232093009024,1575,100,1.8,3.8418746265234245,10.0,0.0,1.5,3.5707142677032615,10.0,0.0,-0.0014845658818861314,0.09564838447840886,0.00040046679259830853,2.627440164486567,0.003106651292910101,0.028208414713541664,0.9902961738407612,0.003881264941204184,0.01129150390625,0.3342057392001152,0.31403040885925293
74573.3968937071,1588,104131072,104071168,2090.6588228639202,1092.2625686799258,1581,100,1.7,3.756328029385195,10.0,0.0,1.5,3.570714244936115,10.0,0.0,-0.0005974557643639855,0.05869215509543817,0.0003814323123757883,2.6411549374461174,0.002374831797472628,0.0257415771484375,0.9924408992131551,0.0033136401543742977,0.007781982421875,0.27848556637763977,0.31400948762893677
74654.61947712488,1590,104202240,104202240,876.2095097854323,1613.7383777343211,1581,100,1.7,3.756328029385195,10.0,0.0,1.5,3.570714244936115,10.0,0.0,-0.0026236059735917174,0.08192016642230253,0.0004317948693521127,2.610342430571715,0.0029748172140292204,0.030624389648437503,0.992666009813547,0.004127374195377342,0.01373291015625,0.36985311657190323,0.31408214569091797
74714.6258556461,1591,104327424,104267776,2086.178221132761,1092.150561574615,1581,100,1.7,3.756328029385195,10.0,0.0,1.5,3.570714244936115,10.0,0.0,-0.0017053238492129217,0.058460291863108665,0.000420643505397796,2.630076766014099,0.0019177516593723947,0.025568644205729168,0.9934235326945782,0.003735879399755504,0.011749267578125,0.33867214620113373,0.31410086154937744
74795.89053299837,1593,104398848,104398848,878.9058460219574,1612.9024844560652,1587,100,1.7,3.7563281138158953,10.0,0.0,1.7,3.7563280701406065,10.0,0.0,-0.0010555715537824049,0.06822994833540481,0.0004251393853943834,2.627821179727713,0.0029915654862027923,0.031804402669270836,0.9925226711978515,0.00396418544066061,0.014190673828125,0.37247611582279205,0.31417930126190186
74855.89060008433,1594,104520192,104464384,2022.3977387584696,1092.2654454054182,1587,100,1.7,3.7563281138158953,10.0,0.0,1.7,3.7563280701406065,10.0,0.0,-0.0006750243070806997,0.04078025082223273,0.00038900102087306243,2.6240444630384445,0.0019901745138971214,0.0207672119140625,0.9963658147801955,0.003765336511908875,0.011749267578125,0.3374199941754341,0.31419792771339417
74939.18251253478,1596,104595456,104595456,903.6171434383812,1573.646181770242,1587,100,1.7,3.7563281138158953,10.0,0.0,1.7,3.7563280701406065,10.0,0.0,-0.0026108431023506755,0.041421635571168736,0.0004056157792244145,2.63690401862065,0.0028416353604067504,0.031641642252604164,0.9952399848649899,0.0036891587539381967,0.010223388671875,0.3183809965848923,0.31421685218811035
74999.1828529723,1597,104714240,104660992,1979.722100472077,1092.2604692259736,1587,100,1.7,3.7563281138158953,10.0,0.0,1.7,3.7563280701406065,10.0,0.0,-0.0019099709534202702,0.053337312749742224,0.0004285127824914525,2.628951924542586,0.003761137639836913,0.031224568684895836,0.9953528034190336,0.004127998033557863,0.012054443359375,0.34550193697214127,0.31423842906951904
75080.98238354083,1599,104792064,104792064,951.3991028933608,1602.356383820397,1592,100,1.9,3.9230091288492086,10.0,0.0,1.5,3.5707143253419695,10.0,0.0,-0.001694345959549537,0.094436910294462,0.00042238038258801675,2.636958139638106,0.0037114217587562357,0.035959879557291664,0.989814607426524,0.003449376844703996,0.013275146484375,0.36106662452220917,0.3143148720264435
75140.98280818295,1600,104915200,104857600,2052.2521421218025,1092.2589363475706,1592,100,1.9,3.9230091288492086,10.0,0.0,1.5,3.5707143253419695,10.0,0.0,-0.0024178298723806315,0.06040546827716753,0.0003987436727281117,2.636222300430139,0.0037730851921272306,0.034098307291666664,0.9943105416993301,0.003353987143782433,0.012359619140625,0.35121967643499374,0.31433936953544617
75222.27418835089,1602,104988672,104988672,903.8104636459018,1612.3726738212602,1592,100,1.9,3.9230091288492086,10.0,0.0,1.5,3.5707143253419695,10.0,0.0,-0.0006061856014033159,0.11365240439772606,0.00040892338893172564,2.630267302195231,0.0027597190770999687,0.024495442708333336,0.9891406210760275,0.003691890866321046,0.01068115234375,0.32511335611343384,0.3143731951713562
75282.28235493135,1603,105111040,105054208,2039.1891133005183,1092.1180188387714,1592,100,1.9,3.9230091288492086,10.0,0.0,1.5,3.5707143253419695,10.0,0.0,-0.001013311390124727,0.09237738054556151,0.00043757908163873555,2.6302076230446496,0.0035846595904634646,0.035502115885416664,0.989050389577945,0.0036026471279910766,0.0115966796875,0.3349020183086395,0.31439003348350525
75363.04946963303,1605,105185280,105185280,919.1859864526645,1622.8387071164284,1597,100,1.9,3.9230091706688186,10.0,0.0,1.2,3.249615441412113,10.0,0.0,-0.0010236785031641678,0.11027130441895375,0.0003685827001997192,2.627217980722586,0.0026382357743083653,0.022847493489583332,0.9887906797230245,0.0034804878838864775,0.01312255859375,0.35576318949460983,0.31444182991981506
75423.04971313756,1606,105302272,105250816,1949.8587533426237,1092.262233819938,1597,100,1.9,3.9230091706688186,10.0,0.0,1.2,3.249615441412113,10.0,0.0,-0.0010729922529814455,0.055805408977903426,0.0003801172166883286,2.6325634345412254,0.0026730108681173683,0.028188069661458336,0.9952623602002859,0.0038183629027723023,0.013885498046875,0.3691881597042084,0.314481258392334
75505.57698264439,1608,105381888,105381888,964.7235450266998,1588.2265435809334,1597,100,1.9,3.9230091706688186,10.0,0.0,1.2,3.249615441412113,10.0,0.0,-0.0013660403759179947,0.06476339069195092,0.00038856206386602327,2.6431441108385725,0.002890094236742395,0.0247039794921875,0.9932051145782074,0.0037428354795944565,0.01068115234375,0.32475459575653076,0.31450870633125305
75565.57718404476,1609,105509888,105447424,2133.3261724553468,1092.2630002971375,1603,100,1.9,3.923009155786147,10.0,0.0,1.5,3.5707142677032615,10.0,0.0,-0.0013917505336091078,0.05456621025223285,0.00037092585686574847,2.639840558171272,0.003507632709442987,0.0294952392578125,0.993480187530319,0.003194087313507528,0.011138916015625,0.3325885236263275,0.314520925283432
75645.87465631869,1611,105578496,105578496,854.4229109223658,1632.3303372845196,1603,100,1.9,3.923009155786147,10.0,0.0,1.5,3.5707142677032615,10.0,0.0,-0.0008871547482461513,0.046809713312541135,0.00036983484127025196,2.64887934923172,0.002048338519671233,0.0178375244140625,0.9943786685665448,0.002833855323842727,0.010223388671875,0.31682752817869186,0.31455281376838684
75705.8748815665,1612,105696512,105644032,1966.9259492371195,1092.2625661707216,1603,100,1.9,3.923009155786147,10.0,0.0,1.5,3.5707142677032615,10.0,0.0,-0.002239575808440956,0.061671271997814386,0.00039179921895993175,2.6290821085373564,0.0033143931238252358,0.028116861979166668,0.9941491261124611,0.004159198368142825,0.009765625,0.31079308688640594,0.314551442861557
75788.25343665574,1614,105775104,105775104,954.0346988954398,1591.0936997865315,1603,100,1.9,3.923009155786147,10.0,0.0,1.5,3.5707142677032615,10.0,0.0,-0.001631053695746232,0.08397304637279981,0.00044590878769668047,2.637713012595971,0.002479270703285389,0.024846394856770836,0.9918115002413591,0.003796142210679439,0.010528564453125,0.3224877715110779,0.3145892024040222
75848.25396271795,1615,105897984,105840640,2047.9820439005673,1092.2570900803025,1609,100,2.1,4.07308248163701,10.0,0.0,1.4,3.4698703145794947,10.0,0.0,-0.001112127412246385,0.10130360485830654,0.0004380934084717107,2.6319818099339805,0.003015065667568706,0.03212992350260417,0.9893414918333292,0.0038975819261395372,0.01068115234375,0.32217682898044586,0.31459683179855347
75929.91987318546,1617,105971712,105971712,902.800196286749,1604.9781267319984,1609,100,2.1,4.07308248163701,10.0,0.0,1.4,3.4698703145794947,10.0,0.0,-0.0014134420998743735,0.070744411990745,0.0004193437874467539,2.635399855673313,0.003149010273773456,0.028605143229166664,0.9932972801228365,0.0037732269241435765,0.013427734375,0.3652358800172806,0.3146778643131256
75989.92037071567,1618,106096128,106037248,2073.582805498367,1092.2576094806213,1609,100,2.1,4.07308248163701,10.0,0.0,1.4,3.4698703145794947,10.0,0.0,-0.001326163335761521,0.07906240766169505,0.00041109617541223997,2.6432153632243476,0.00286371044300419,0.026616414388020832,0.9922403761496147,0.0033079286125333356,0.013275146484375,0.36404307931661606,0.3147108256816864
76070.21149807051,1620,106168320,106168320,899.127990580519,1632.4593304156942,1609,100,2.1,4.07308248163701,10.0,0.0,1.4,3.4698703145794947,10.0,0.0,-0.0005401189846452326,0.12698841415112838,0.00040032368754812825,2.6234247585137687,0.0032701910980298026,0.030654907226562503,0.9891828279942273,0.004493607909049994,0.014495849609375,0.37951161712408066,0.31481391191482544
76130.21907733008,1621,106292992,106233856,2077.6042216385217,1092.1287078839046,1614,100,2.0,4.000000109719174,10.0,0.0,1.7,3.756328029385195,10.0,0.0,-0.0016718233503828135,0.053651838679797954,0.00043948863822151907,2.620880924165249,0.0029307470940693743,0.025441487630208336,0.9951611204693714,0.004346162796233936,0.01708984375,0.40856602042913437,0.3148840069770813
76211.60466680769,1623,106364928,106364928,883.8911220246645,1610.5062436890685,1614,100,2.0,4.000000109719174,10.0,0.0,1.7,3.756328029385195,10.0,0.0,-0.001394861484489714,0.05732538271695375,0.00040973447175929323,2.640231668949127,0.00337428640887083,0.031255086263020836,0.993565651277701,0.0036981027490886236,0.01129150390625,0.3353135883808136,0.31491515040397644
76271.6049401313,1624,106489344,106430464,2073.5905539787964,1092.2616909847159,1614,100,2.0,4.000000109719174,10.0,0.0,1.7,3.756328029385195,10.0,0.0,-0.0012827168611693196,0.07788259699009359,0.0003961348153704118,2.6190755044420557,0.0036895008021626077,0.03452046712239583,0.9934357379873594,0.004606789693449779,0.01495361328125,0.38463231176137924,0.3149642050266266
76352.49976049177,1626,106561536,106561536,892.4180766866516,1620.2767917147717,1620,100,2.2,4.142463153441024,10.0,0.0,1.2,3.2496153803446197,10.0,0.0,-0.0014779703415115364,0.08561815040108438,0.00043467920386319747,2.6401470800240836,0.0031231547224403284,0.03304036458333333,0.9905863261471193,0.003982146656198893,0.013275146484375,0.3635629713535309,0.3150070905685425
76412.50420980435,1627,106684928,106627072,2056.3808419810075,1092.185675409,1620,100,2.2,4.142463153441024,10.0,0.0,1.2,3.2496153803446197,10.0,0.0,-0.00019392163812881336,0.09514149227955689,0.0004996350750540538,2.6308241337537766,0.004107789086143991,0.03595987955729167,0.9914784369369348,0.004847998328235311,0.014495849609375,0.3802225664258003,0.31505149602890015
76493.28172144853,1629,106758144,106758144,906.3908816913623,1622.6298301607605,1620,100,2.2,4.142463153441024,10.0,0.0,1.2,3.2496153803446197,10.0,0.0,-0.001849747629118307,0.07350993459112941,0.00042891933571809204,2.634082578122616,0.0027377955854414418,0.025960286458333336,0.9931262563914061,0.004007239583491659,0.015106201171875,0.3856612890958786,0.3150852918624878
76553.29247417208,1630,106882304,106823680,2068.9625502942777,1092.070954382134,1620,100,2.2,4.142463153441024,10.0,0.0,1.2,3.2496153803446197,10.0,0.0,-0.0016782787679403555,0.08780672525366147,0.00043628893763525417,2.6408042336503663,0.002577852699687355,0.026957194010416668,0.9903590797136228,0.0034982488893244104,0.01220703125,0.3466515764594078,0.3151073157787323
76633.3989696186,1632,106954752,106954752,904.3960742030229,1636.2218727630661,1620,100,2.2,4.142463153441024,10.0,0.0,1.2,3.2496153803446197,10.0,0.0,-0.002598679589330762,0.059590666729491204,0.00042469187944031245,2.636305826405684,0.003261968705677039,0.028874715169270836,0.993931155030926,0.0037405972252599895,0.01312255859375,0.3540142737329006,0.31514838337898254
76693.39902608562,1633,107078400,107020288,2060.798060547945,1092.2656387169234,1625,100,2.1,4.073082372406276,10.0,0.0,1.3,3.3630344008914985,10.0,0.0,-0.002526543031611557,0.06749178286797057,0.0004308645708685314,2.641428180038929,0.0030846221173608987,0.031499226888020836,0.9927826275428137,0.00388981089539205,0.009918212890625,0.3130760043859482,0.31514817476272583
76774.65737314336,1635,107151360,107151360,897.8769891560668,1613.028134904934,1625,100,2.1,4.073082372406276,10.0,0.0,1.3,3.3630344008914985,10.0,0.0,-0.0016750173963373525,0.0694549677039807,0.00041932258318411186,2.6323567554354668,0.002863485962128228,0.028050740559895832,0.9933446329087019,0.004115595441059365,0.011749267578125,0.3404631093144417,0.3151787519454956
76834.66344655585,1636,107276800,107216896,2090.455063401962,1092.1561147569435,1625,100,2.1,4.073082372406276,10.0,0.0,1.3,3.3630344008914985,10.0,0.0,-0.001419063229453362,0.08830591415365538,0.0004369997335137062,2.6332838609814644,0.00333333398217898,0.031270345052083336,0.9911314335962137,0.004295341476487617,0.013427734375,0.3628889098763466,0.3152124583721161
76914.7047273228,1638,107347968,107347968,889.1411946195013,1637.5550059179304,1632,100,2.2,4.142463141387429,10.0,0.0,1.6,3.6660606182901403,10.0,0.0,-0.0011671007838837493,0.10563188507997741,0.0004896734805394468,2.634873477121194,0.003908073224010877,0.035858154296875,0.9894219450652599,0.004203985758067574,0.0128173828125,0.357529416680336,0.31525614857673645
76974.7048077248,1639,107469824,107413504,2030.9306118183047,1092.2652029947185,1632,100,2.2,4.142463141387429,10.0,0.0,1.6,3.6660606182901403,10.0,0.0,-0.0010365706815112692,0.0805655479101309,0.0004371918218263696,2.631807826459408,0.0028062803788391952,0.03246561686197917,0.992860684171319,0.0044354654091876,0.01068115234375,0.32591407746076584,0.3152632415294647
77055.64684726484,1641,107544576,107544576,923.5250362455267,1619.3315704031154,1632,100,2.2,4.142463141387429,10.0,0.0,1.6,3.6660606182901403,10.0,0.0,0.0014845425539533608,0.12408833232863495,0.0004992199358942646,2.633985236287117,0.004333101767163801,0.03829447428385417,0.9882464986294508,0.0052612411479155225,0.011749267578125,0.34124816209077835,0.31529501080513
77115.65891313646,1642,107670528,107610112,2098.7779402469473,1092.047058339875,1632,100,2.2,4.142463141387429,10.0,0.0,1.6,3.6660606182901403,10.0,0.0,-0.0010765760768360146,0.1029130859921376,0.0004534510662779212,2.633981168270111,0.0032546622999992296,0.027440388997395832,0.9887899265935024,0.0043345707648162115,0.01190185546875,0.34319252520799637,0.31531381607055664
77195.1980043631,1644,107741184,107741184,888.31791903012,1647.8941106645705,1637,100,1.9,3.9230090847557118,10.0,0.0,1.4,3.4698703384316074,10.0,0.0,-0.0007128232597703269,0.07614789876000334,0.00047375426735622267,2.643015575905641,0.002260488684745117,0.026036580403645832,0.9924829006195068,0.003875488536626411,0.01220703125,0.34575048089027405,0.3153586685657501
77255.19814382866,1645,107863040,107806720,2030.9286125902127,1092.2641277796101,1637,100,1.9,3.9230090847557118,10.0,0.0,1.4,3.4698703384316074,10.0,0.0,-0.0030494303949429495,0.05641529148366923,0.00042062676341932576,2.6364143639802933,0.002342868849154911,0.0258941650390625,0.995185769473513,0.003751128819809916,0.0140380859375,0.3734605461359024,0.3153979480266571
77336.35992163979,1647,107937792,107937792,921.024674619112,1614.9473746746075,1637,100,1.9,3.9230090847557118,10.0,0.0,1.4,3.4698703384316074,10.0,0.0,-0.0024179399042623118,0.06807096775931618,0.00044783191636573366,2.6417450830340385,0.003128225457354953,0.028920491536458336,0.993211972216765,0.003966271899116691,0.0128173828125,0.3548455387353897,0.3154279887676239
77396.35999294184,1648,108057088,108003328,1988.2643038777774,1092.2653686538863,1637,100,1.9,3.9230090847557118,10.0,0.0,1.4,3.4698703384316074,10.0,0.0,-0.0015238369305734523,0.09124117047758773,0.00047160598326930386,2.630687271555265,0.0034846651603099113,0.030802408854166664,0.9918171390891076,0.0040680430878031375,0.012054443359375,0.34549206495285034,0.3154480755329132
77479.11614356842,1650,108134400,108134400,934.2145497904656,1583.8339387176106,1643,100,1.9,3.9230090059634293,10.0,0.0,1.0,3.0000000351471083,10.0,0.0,-0.0015420626465735645,0.07641394482925534,0.00040811901544657303,2.637689513464769,0.0023178735518740723,0.022272745768229168,0.9920815601944923,0.0038423630442897165,0.0115966796875,0.3355265185236931,0.3154955208301544
77539.1207352234,1651,108257792,108199936,2056.37596385087,1092.1830845349018,1643,100,1.9,3.9230090059634293,10.0,0.0,1.0,3.0000000351471083,10.0,0.0,-0.00233149903579033,0.05432864275644533,0.00042846278878035565,2.634549913307031,0.003393358681933023,0.0304107666015625,0.9955475342770417,0.004037364119236979,0.01373291015625,0.36937320977449417,0.3155316412448883
77622.01748338155,1653,108331008,108331008,883.219204935752,1581.1476675772903,1643,100,1.9,3.9230090059634293,10.0,0.0,1.0,3.0000000351471083,10.0,0.0,-0.001698171251822108,0.07735379607765935,0.00039055758346269914,2.641614615917206,0.0026975223257371304,0.025838216145833332,0.992293984318773,0.0031570751016261056,0.01251220703125,0.3500935435295105,0.3155862092971802
77682.01767161489,1654,108455168,108396544,2069.3268413952674,1092.2632399942029,1643,100,1.9,3.9230090059634293,10.0,0.0,1.0,3.0000000351471083,10.0,0.0,-0.001972341384923008,0.058966846117982634,0.0003982813044179541,2.6450454071164127,0.0030005174066900513,0.026860555013020836,0.9947138105829557,0.003849683758744504,0.013885498046875,0.3653630018234253,0.3156236410140991
77763.86058565695,1656,108527616,108527616,885.2079724674203,1601.5070031919406,1649,100,2.0,4.000000075071165,10.0,0.0,1.3,3.363034409824823,10.0,0.0,-0.0024686360181173468,0.04646203084848821,0.00035727465698679833,2.646039331952731,0.0021409338351077167,0.018829345703125,0.9950826428830624,0.0033999945201988644,0.01495361328125,0.38455889374017715,0.31571292877197266
77823.86170927063,1657,108649984,108593152,2039.4284745045152,1092.246212286937,1649,100,2.0,4.000000075071165,10.0,0.0,1.3,3.363034409824823,10.0,0.0,-0.0015188728187543652,0.09467999058930823,0.00042395330122720526,2.641572393476963,0.003193657636074932,0.033411661783854164,0.9901170146962007,0.003450431244952294,0.0091552734375,0.2961152605712414,0.3157050907611847
77905.77477836702,1659,108724224,108724224,906.3266804548082,1600.1353806650407,1649,100,2.0,4.000000075071165,10.0,0.0,1.3,3.363034409824823,10.0,0.0,-0.001969616767989161,0.06721659431544443,0.00038735057963397895,2.644728737572829,0.0027323532710094396,0.02917989095052083,0.9924203486492236,0.003263791390054393,0.011749267578125,0.3402647376060486,0.31575629115104675
77965.7855414236,1660,108847616,108789760,2056.1644897544447,1092.0707663426097,1649,100,2.0,4.000000075071165,10.0,0.0,1.3,3.363034409824823,10.0,0.0,-0.002131800771167036,0.04712598908614988,0.00036816598397611716,2.644371402760347,0.0024347490143554755,0.0182647705078125,0.9951121937483549,0.0032680993414639183,0.011749267578125,0.3395818695425987,0.3157731294631958
78047.35854383372,1662,108920832,108920832,897.5518595220377,1606.806126137354,1655,100,2.1,4.073082323684976,10.0,0.0,0.9,2.8618176279218774,10.0,0.0,-0.0020034162177277417,0.05077644149423577,0.00037666493153665215,2.6442871168255806,0.0031018275027842415,0.027674357096354168,0.9950504309187334,0.0035593446567266556,0.01312255859375,0.3594893291592598,0.3158140182495117
78107.35867185984,1663,109044992,108986368,2069.328917864115,1092.264336027244,1655,100,2.1,4.073082323684976,10.0,0.0,0.9,2.8618176279218774,10.0,0.0,-0.0014405454482281737,0.071953112919194,0.00034676828363444656,2.6458289101719856,0.0029584235859753485,0.030497233072916664,0.9925119473288456,0.003172249749089436,0.011138916015625,0.3331058844923973,0.3158249855041504
78189.42945109494,1665,109117440,109117440,882.7502391863911,1597.0605034043542,1655,100,2.1,4.073082323684976,10.0,0.0,0.9,2.8618176279218774,10.0,0.0,-0.0010800116469908971,0.06758201712121567,0.0003899412067767116,2.64707288146019,0.0023077874969506715,0.025126139322916668,0.9931229030092558,0.003451055701589212,0.01251220703125,0.35277870297431946,0.31584399938583374
78249.42988275271,1666,109244416,109182976,2116.2514417270745,1092.2588086333287,1655,100,2.1,4.073082323684976,10.0,0.0,0.9,2.8618176279218774,10.0,0.0,-0.0015729759640332002,0.05686838904512115,0.0003805453643508372,2.651935142775377,0.0031744794826712073,0.026494344075520836,0.9938990622758865,0.003113363568748658,0.010833740234375,0.32189110666513443,0.3158520460128784
78330.36845035851,1668,109314048,109314048,860.3067988444291,1619.4010331189254,1660,100,2.0,3.9999999556947596,10.0,0.0,0.4,1.9595917942265424,10.0,0.0,-0.0024419990101402314,0.06865681032650173,0.0003681526683673534,2.6367810890078545,0.0026204971181869037,0.02197265625,0.9937990345060825,0.0034673382930729226,0.011138916015625,0.3289611041545868,0.31589123606681824
78390.36871569976,1669,109437952,109379584,2065.0575342508037,1092.2618362979458,1660,100,2.0,3.9999999556947596,10.0,0.0,0.4,1.9595917942265424,10.0,0.0,-0.0009540461639213996,0.06922121326594302,0.0003872302161956516,2.6496792286634445,0.003081469937872801,0.028147379557291664,0.9930736732979615,0.0033746987707369645,0.011749267578125,0.3418996036052704,0.31590789556503296
78472.48405143898,1671,109510656,109510656,885.3888173933032,1596.1939243146874,1660,100,2.0,3.9999999556947596,10.0,0.0,0.4,1.9595917942265424,10.0,0.0,-0.001750930515603007,0.0839556129455256,0.0003813931531719087,2.6417100280523296,0.0021760207631208077,0.024988810221354168,0.9918820392340422,0.0036417781181323034,0.0140380859375,0.3741082027554512,0.3159570097923279
78532.48409307096,1672,109636864,109576192,2103.4652071429155,1092.265908780094,1660,100,2.0,3.9999999556947596,10.0,0.0,0.4,1.9595917942265424,10.0,0.0,-0.001817781366601897,0.05398858313371117,0.0003699209716311695,2.6492205609877906,0.002365127901308976,0.028406778971354164,0.9936004318296909,0.0031195657017330327,0.010986328125,0.32905784994363785,0.31596639752388
78613.5238183951,1674,109707264,109707264,868.7097558440295,1617.3796181532475,1667,100,2.2,4.1424631145101705,10.0,0.0,1.0,3.000000010014359,10.0,0.0,-0.001113313786239208,0.08466091870407884,0.0003727719955956369,2.6608583852648735,0.0030746866480815998,0.029790242513020832,0.988700769841671,0.0029876222591459127,0.01007080078125,0.3148970752954483,0.31598079204559326
78673.52416578494,1675,109828608,109772800,2022.3882907142684,1092.2603426642463,1667,100,2.2,4.1424631145101705,10.0,0.0,1.0,3.000000010014359,10.0,0.0,-0.002134249356458895,0.0538478020656233,0.00038257501667734084,2.6521117786566415,0.0023423555794579443,0.022466023763020832,0.9942441905538241,0.003581958163219194,0.010986328125,0.33039798587560654,0.315990149974823
78754.80523414351,1677,109903872,109903872,925.9720808291283,1612.5772291990263,1667,100,2.2,4.1424631145101705,10.0,0.0,1.0,3.000000010014359,10.0,0.0,-0.0008972678503293234,0.07955304785476378,0.0003781354110590958,2.643798897663752,0.002573023333146314,0.028004964192708336,0.9920014776289463,0.003814868347641702,0.012054443359375,0.3433320075273514,0.3160332143306732
78814.80526999012,1678,110018304,109969408,1907.198860556568,1092.266014099511,1667,100,2.2,4.1424631145101705,10.0,0.0,1.0,3.000000010014359,10.0,0.0,-0.003100196311910016,0.04726930670828247,0.0003656128216486347,2.647105880081653,0.003328143397690534,0.0328369140625,0.9945732125391563,0.0033267945182160474,0.009002685546875,0.2972928509116173,0.3160238564014435
78898.62205767445,1680,110100480,110100480,980.4241163415174,1563.7917369684017,1672,100,1.7,3.756328066280811,10.0,0.0,1.0,3.000000010014359,10.0,0.0,-0.0015079935595470793,0.04649933515853869,0.0003567532236653885,2.6545683493216834,0.0021693060007237364,0.021840413411458332,0.9942927540590365,0.003428296137523527,0.00946044921875,0.3047260716557503,0.31603240966796875
78958.62220835313,1681,110220800,110166016,2005.328297329675,1092.263923651908,1672,100,1.7,3.756328066280811,10.0,0.0,1.0,3.000000010014359,10.0,0.0,-0.0023642455623000087,0.061295878277936325,0.0004046373951496207,2.636350857714812,0.0024720962792343926,0.026473999023437503,0.9936266777416071,0.004178182476607617,0.011749267578125,0.3425491824746132,0.31604886054992676
79040.14772808738,1683,110297088,110297088,935.7560705982442,1607.7419736453053,1672,100,1.7,3.756328066280811,10.0,0.0,1.0,3.000000010014359,10.0,0.0,-0.0015087840923418603,0.05632024788064882,0.0003793998369777304,2.6498989214499793,0.0024858871905356255,0.0269775390625,0.9938717627276977,0.003926063213536206,0.010986328125,0.33069271594285965,0.3160831332206726
79100.14799514692,1684,110425600,110362624,2141.8571332769075,1092.2618050177057,1672,100,1.7,3.756328066280811,10.0,0.0,1.0,3.000000010014359,10.0,0.0,-0.0025206677285799133,0.08375746836342539,0.00038561806316768826,2.636397808790207,0.0027899709396782177,0.02398681640625,0.992286233852307,0.0041518488263439695,0.01251220703125,0.3527342304587364,0.3161066472530365
79180.83203084767,1686,110493696,110493696,843.983563893179,1624.509716967322,1678,100,2.0,4.000000109719174,10.0,0.0,0.9,2.8618176279218774,10.0,0.0,-0.0019250709665357135,0.07163447527758156,0.0003848481759026375,2.634585258861383,0.0020203383458768562,0.023625691731770836,0.9931200618545215,0.0038098685448251977,0.013427734375,0.3648844584822655,0.3161707818508148
79240.8323717853,1687,110613248,110559232,1992.5220112375705,1092.260460121666,1678,100,2.0,4.000000109719174,10.0,0.0,0.9,2.8618176279218774,10.0,0.0,-0.0008278559180325827,0.0476043766636091,0.000352958704449217,2.648557970921199,0.002434942574836896,0.0249481201171875,0.9942725443591675,0.003333985007581456,0.0115966796875,0.3395870476961136,0.31618568301200867
79322.18359303754,1689,110690304,110690304,947.2015147883856,1611.1866298061575,1678,100,2.0,4.000000109719174,10.0,0.0,0.9,2.8618176279218774,10.0,0.0,-0.0013550998798261087,0.08017291380868605,0.00045744172742464195,2.620827799042066,0.0038073882503037258,0.037017822265625,0.9930374740312496,0.004187844104308169,0.015716552734375,0.3948362469673157,0.3162880837917328
79382.18822822161,1690,110811136,110755840,2013.711101306295,1092.1822922339227,1678,100,2.0,4.000000109719174,10.0,0.0,0.9,2.8618176279218774,10.0,0.0,-0.0021890991471688417,0.06518143751115228,0.0003794776090823386,2.63970789561669,0.0026702038236787,0.025975545247395832,0.9936710304270188,0.0035461912605872685,0.01312255859375,0.35886138677597046,0.3163171112537384
79463.61968765128,1692,110886912,110886912,930.549452640499,1609.5990532159983,1684,100,2.2,4.142463035090915,10.0,0.0,0.7,2.551470199872923,10.0,0.0,0.0008449972713909422,0.07589046010980383,0.00039301918362374033,2.635819425185521,0.0034602063412118396,0.028106689453124997,0.9927528326710064,0.0036881573396385647,0.014190673828125,0.3756135255098343,0.31639209389686584
79523.62017516978,1693,111009024,110952448,2035.1834635069522,1092.2577917353874,1684,100,2.2,4.142463035090915,10.0,0.0,0.7,2.551470199872923,10.0,0.0,-0.0019907672176486813,0.09131335059646517,0.0004117677050696026,2.632508024573326,0.003913971221966979,0.035374959309895836,0.9910001959651709,0.0038680156236902503,0.012664794921875,0.3526653125882149,0.3164167106151581
79605.6377751017,1695,111083520,111083520,908.2928549706199,1598.0960197421216,1684,100,2.2,4.142463035090915,10.0,0.0,0.7,2.551470199872923,10.0,0.0,-0.0023092719820851926,0.07589372940128669,0.0004046798188331498,2.634088235596816,0.0031092590749418982,0.02985636393229167,0.9938184084991615,0.0036382244846511944,0.01739501953125,0.4128774553537369,0.31650564074516296
79665.64520972967,1696,111205120,111149056,2026.4155725683365,1092.1313401631455,1690,100,2.1,4.073082366838604,10.0,0.0,0.9,2.8618176199976877,10.0,0.0,-0.001728842752830436,0.11330267878171679,0.0004811421519358798,2.6257155761122704,0.003088576536659578,0.026433308919270832,0.9904270836462576,0.0038701259909430514,0.01312255859375,0.3577236384153366,0.3165343999862671
79748.32547870558,1698,111280128,111280128,907.2055634199514,1585.2875374437376,1690,100,2.1,4.073082366838604,10.0,0.0,0.9,2.8618176199976877,10.0,0.0,-0.002421241133561125,0.08306003109707186,0.00038194953625255346,2.648936559756597,0.002035394618360442,0.020945231119791664,0.990905623883009,0.003193448181264103,0.011749267578125,0.34199434518814087,0.3165677487850189
79808.32575689256,1699,111405056,111345664,2082.1236796715416,1092.2616024506447,1690,100,2.1,4.073082366838604,10.0,0.0,0.9,2.8618176199976877,10.0,0.0,-0.0013313548964409467,0.10050620332670708,0.0004067025280771001,2.6372190490365033,0.003406047503934436,0.033014933268229164,0.9910802996406952,0.003934334068617318,0.0128173828125,0.35062387585639954,0.31659358739852905
79889.43206317723,1701,111476736,111476736,883.7783802953409,1616.0518953971948,1690,100,2.1,4.073082366838604,10.0,0.0,0.9,2.8618176199976877,10.0,0.0,-0.0009456308786563264,0.05864202509595391,0.0003768734604818746,2.6472141494353614,0.0025673304523176435,0.0307769775390625,0.9947176035493612,0.0035679344461338283,0.012969970703125,0.35620322078466415,0.3166239857673645
79949.43249612022,1702,111607296,111542272,2175.984298714049,1092.258785236856,1690,100,2.1,4.073082366838604,10.0,0.0,0.9,2.8618176199976877,10.0,0.0,-0.0010183982012677006,0.14165701313565174,0.0004118605781210742,2.6420614570379253,0.002595110213709025,0.027842203776041664,0.9877409270654122,0.003938457368349191,0.01190185546875,0.34374380856752396,0.31664127111434937
80030.25907123648,1704,111673344,111673344,817.1569796815207,1621.644858902863,1696,100,2.2,4.142463027838449,10.0,0.0,1.2,3.249615361854384,10.0,0.0,-0.002062862711075771,0.0882670673308894,0.00039224058643109555,2.6483318731188774,0.0029359554519032827,0.029881795247395832,0.9899348684897025,0.0030001933215923295,0.01251220703125,0.3479112833738327,0.31667014956474304
80090.26637070533,1705,111799296,111738880,2098.944646982101,1092.1338000557273,1696,100,2.2,4.142463027838449,10.0,0.0,1.2,3.249615361854384,10.0,0.0,-0.0016184694965583426,0.06563211282870422,0.0004068214123738774,2.64125756174326,0.0028261594804159054,0.030120849609375,0.9935236796736716,0.003629220164536188,0.011749267578125,0.3416891545057297,0.3166859447956085
80171.96923562884,1707,111869952,111869952,864.7921962852114,1604.2521902102471,1696,100,2.2,4.142463027838449,10.0,0.0,1.2,3.249615361854384,10.0,0.0,-0.0010664464280125685,0.09872669198860724,0.0003971420956077054,2.642020727197329,0.003721042310644407,0.028462727864583332,0.9883932378143073,0.0034905963912024163,0.011444091796875,0.3339022621512413,0.31669357419013977
80231.96927687712,1708,111992832,111935488,2047.9985920597856,1092.265915765219,1696,100,2.2,4.142463027838449,10.0,0.0,1.2,3.249615361854384,10.0,0.0,-0.0008059098545345478,0.09426378873952974,0.0004272529040463269,2.635116877655188,0.003103101565405571,0.030807495117187497,0.9908389610548813,0.003710121437810206,0.0146484375,0.3812985345721245,0.3167360723018646
80313.93519079685,1710,112066560,112066560,899.4958571705887,1599.1037460810467,1702,100,2.1,4.073082323684976,10.0,0.0,0.7,2.551470199872923,10.0,0.0,-0.0015982568305237994,0.07497499466019993,0.000387306847187574,2.642548064390818,0.0026063560962938936,0.023885091145833336,0.9938746504485607,0.0034920785255962983,0.013427734375,0.36480364948511124,0.3167731761932373
80373.93551918212,1711,112187904,112132096,2022.3889312877077,1092.2606886279602,1702,100,2.1,4.073082323684976,10.0,0.0,0.7,2.551470199872923,10.0,0.0,-0.0012601627240655946,0.07804444571956992,0.00039875781870553817,2.638760839899381,0.0031063471160450717,0.034769694010416664,0.99336177110672,0.0034045116796429893,0.014190673828125,0.3700569272041321,0.31681132316589355
80456.25796312839,1713,112263168,112263168,914.2585714428981,1592.1781924447748,1702,100,2.1,4.073082323684976,10.0,0.0,0.7,2.551470199872923,10.0,0.0,-0.0024710988654987887,0.07346708989158894,0.0003667986144743433,2.6348703975478807,0.002251349026361519,0.023488362630208332,0.9929918330162764,0.003476347182489311,0.011444091796875,0.3373965919017792,0.31683140993118286
80516.25810687337,1714,112391680,112328704,2141.8615353025084,1092.2640498753826,1702,100,2.1,4.073082323684976,10.0,0.0,0.7,2.551470199872923,10.0,0.0,-0.0024769819901848678,0.07028573714584732,0.000406627082459939,2.6410173500577607,0.002876561269052521,0.032460530598958336,0.993342000991106,0.00345963424964187,0.014190673828125,0.36775873601436615,0.31686946749687195
80597.63610743452,1716,112459776,112459776,836.786349264409,1610.6564316668323,1708,100,1.9,3.923009097542861,10.0,0.0,1.2,3.2496153780780466,10.0,0.0,-0.0019341805200383533,0.0513079334438468,0.0003910498744517099,2.629923122624556,0.002703903386645834,0.028600056966145836,0.9955605541666348,0.0040057843798422255,0.016021728515625,0.3998241573572159,0.31696224212646484
80657.63999363128,1717,112584192,112525312,2073.465701738385,1092.195925195528,1708,100,1.9,3.923009097542861,10.0,0.0,1.2,3.2496153780780466,10.0,0.0,-0.0012909479313141978,0.07440540827034663,0.00037532707180313685,2.64645084242026,0.0024230091445739768,0.0220947265625,0.990955883016189,0.0031842719181440775,0.01129150390625,0.33409667760133743,0.31697356700897217
80739.2150272606,1719,112656384,112656384,884.9766501850215,1606.7661166479825,1708,100,1.9,3.923009097542861,10.0,0.0,1.2,3.2496153780780466,10.0,0.0,-0.002063717713705652,0.07825708226300776,0.0003650554041693491,2.627783365547657,0.0037744592924961276,0.035100301106770836,0.9935352168977262,0.003918080209890225,0.016021728515625,0.39917057752609253,0.31702688336372375
80799.22481709346,1720,112779264,112721920,2047.665894885337,1092.0884772721797,1708,100,1.9,3.923009097542861,10.0,0.0,1.2,3.2496153780780466,10.0,0.0,-0.001469088179874234,0.10843136918265373,0.0003891139476763783,2.626847647130489,0.004811453094589524,0.0411834716796875,0.989794826755921,0.004025320335737585,0.013275146484375,0.3605732023715973,0.3170563280582428
80880.73316268343,1722,112852992,112852992,904.5454114709678,1608.0807315039428,1714,100,1.8,3.841874587927223,10.0,0.0,0.9,2.8618176893402842,10.0,0.0,-0.0015771087964822073,0.06575415124340603,0.0004009203278959224,2.6402375722924867,0.003025901024254078,0.027130126953125,0.9932145942002535,0.0035827831319087027,0.012359619140625,0.34939170628786087,0.31710246205329895
80940.73339536786,1723,112971264,112918528,1971.1923555706364,1092.2624307923872,1714,100,1.8,3.841874587927223,10.0,0.0,0.9,2.8618176893402842,10.0,0.0,-0.002279088344342502,0.1029221523591938,0.00038947011489653954,2.6423048277695975,0.0027253244582728558,0.026875813802083332,0.9884284436702728,0.0033638754587930935,0.01007080078125,0.3167078495025635,0.3171025216579437
81024.40204317402,1725,113049600,113049600,936.2646828174563,1566.5605150409726,1714,100,1.8,3.841874587927223,10.0,0.0,0.9,2.8618176893402842,10.0,0.0,-0.00211403023058665,0.09662037798746799,0.0003989478648994312,2.628682903945446,0.002994806816786877,0.032140096028645836,0.989835599437356,0.004014848180910728,0.01190185546875,0.3382584676146507,0.3171638548374176
81084.40248662978,1726,113174784,113115136,2086.3845796788996,1092.2585938605282,1714,100,1.8,3.841874587927223,10.0,0.0,0.9,2.8618176893402842,10.0,0.0,-0.0020265602579456754,0.1070153575274162,0.0003953621747617338,2.644627906382084,0.004024661562046579,0.033610026041666664,0.9862533528357743,0.003223919634668467,0.0103759765625,0.318943627178669,0.31716662645339966
81165.94181281421,1728,113246208,113246208,875.9454283255917,1607.4697466046703,1720,100,1.5,3.570714276117006,10.0,0.0,0.9,2.861817635846067,10.0,0.0,-0.0030366944095779522,0.07045229367213324,0.00041612986266651814,2.641867789129416,0.002454391198019342,0.026423136393229164,0.9926309219251077,0.003959424531785771,0.012054443359375,0.345197468996048,0.31721389293670654
81225.94191813283,1729,113368832,113311744,2043.7297459536182,1092.2647494031864,1720,100,1.5,3.570714276117006,10.0,0.0,0.9,2.861817635846067,10.0,0.0,-0.0025337282653102497,0.08976842723010729,0.00039934201413416304,2.6374233911434812,0.0032252305099973455,0.027379353841145836,0.990990849211812,0.0034441311169454516,0.013427734375,0.3641745075583458,0.31724441051483154
81308.3791208677,1731,113442816,113442816,897.4588844061201,1589.9617606087663,1720,100,1.5,3.570714276117006,10.0,0.0,0.9,2.861817635846067,10.0,0.0,-0.002237380648390778,0.07815904628175001,0.00037940687464773265,2.637841915090879,0.0021276642249479965,0.022669474283854168,0.991364736109972,0.0030267769276785352,0.012054443359375,0.3460373505949974,0.3172997832298279
81368.37972756568,1732,113564928,113508352,2035.1794210124685,1092.2556221785994,1720,100,1.5,3.570714276117006,10.0,0.0,0.9,2.861817635846067,10.0,0.0,-0.0013576075531697522,0.07491445974058783,0.00042547326938802144,2.641269082824389,0.003778686914301943,0.03977457682291667,0.9929403991748889,0.004015452837241659,0.011444091796875,0.3349361941218376,0.31731218099594116
81449.92747605685,1734,113639424,113639424,913.5261411670764,1607.303726039667,1726,100,2.1,4.073082460611448,10.0,0.0,0.9,2.861817635846067,10.0,0.0,-0.0019610984030199083,0.055243112651320786,0.00037169189666504587,2.637620930870374,0.002536323544821547,0.025426228841145836,0.9951938850184282,0.0038293661491479725,0.0146484375,0.38164861500263214,0.3173632323741913
81509.9279336296,1735,113761792,113704960,2039.4511133790672,1092.258336872471,1726,100,2.1,4.073082460611448,10.0,0.0,0.9,2.861817635846067,10.0,0.0,-0.0005541059654206038,0.08924722200026736,0.0003981290913846654,2.642653594414393,0.003171082619398173,0.029027303059895832,0.9899281840771437,0.0031491588354886817,0.012054443359375,0.34476180374622345,0.3173810839653015
81591.03518239874,1737,113836032,113836032,915.3312573986054,1616.0331165106413,1726,100,2.1,4.073082460611448,10.0,0.0,0.9,2.861817635846067,10.0,0.0,-0.002217283631277193,0.07246979223176216,0.0004018827194158803,2.648382849991321,0.0022783235138679934,0.019587198893229168,0.9914135845998924,0.0030065461420842135,0.011444091796875,0.3308802731335163,0.31746095418930054
81651.0354841454,1738,113963520,113901568,2124.789314198987,1092.261173564138,1726,100,2.1,4.073082460611448,10.0,0.0,0.9,2.861817635846067,10.0,0.0,-0.0023816479636783092,0.08000036400820439,0.0004218633245424523,2.6408615584174795,0.002305280249856878,0.025304158528645836,0.991059365371863,0.0033887319562685056,0.0103759765625,0.32099221646785736,0.31746357679367065
81732.25551879779,1740,114032640,114032640,851.0215526972372,1613.7890184480943,1732,100,1.9,3.923009106960049,10.0,0.0,0.8,2.7129320404753634,10.0,0.0,-0.000779282006988069,0.1269319485484933,0.0004003735760610046,2.638299360871315,0.0033400682417171388,0.0306854248046875,0.9871964945147436,0.003723530770609311,0.01190185546875,0.34288790076971054,0.3175170123577118
81792.25617785286,1741,114158080,114098176,2090.6437025109103,1092.2546690669246,1732,100,1.9,3.923009106960049,10.0,0.0,0.8,2.7129320404753634,10.0,0.0,-0.002665154912392609,0.11139523699724425,0.0003930002500662037,2.6383404309550924,0.0032288654783769744,0.027669270833333336,0.9879792661716541,0.003075662672927138,0.01190185546875,0.3389847166836262,0.31753334403038025
81873.7732331371,1743,114229248,114229248,873.0442942504849,1607.90891602967,1732,100,1.9,3.923009106960049,10.0,0.0,0.8,2.7129320404753634,10.0,0.0,-0.0029320484694229285,0.06124358736754706,0.00039462899470284657,2.6445202305912967,0.002300475622784385,0.021753946940104168,0.9930297825485467,0.0032109622237233753,0.011138916015625,0.3306466266512871,0.3175618052482605
81933.77685903572,1744,114355456,114294784,2103.339558399894,1092.2006631853405,1732,100,1.9,3.923009106960049,10.0,0.0,0.8,2.7129320404753634,10.0,0.0,-0.0014357267185308349,0.09390380540086578,0.00038312598341387155,2.6388409336407976,0.003129598585777179,0.030242919921875,0.9913583329568306,0.003687849481745313,0.013580322265625,0.3652462586760521,0.3175932466983795
82014.81003547367,1746,114425856,114425856,868.7799626601875,1617.5103304800582,1738,100,2.2,4.142463140714136,10.0,0.0,1.6,3.6660606121043218,10.0,0.0,-0.002246054522402119,0.06947860536941639,0.0003716252949743648,2.6390476649006205,0.002104558318023919,0.024759928385416668,0.9923716982205709,0.0032939945231191814,0.0115966796875,0.3397974967956543,0.31761062145233154
82074.81042773928,1747,114545152,114491392,1988.2536679407751,1092.2595257357048,1738,100,2.2,4.142463140714136,10.0,0.0,1.6,3.6660606121043218,10.0,0.0,-0.0013259229829903536,0.06791891324489067,0.0003743448047922963,2.647935340801875,0.0028078138044899488,0.026280721028645832,0.9920926994333664,0.003179513686821641,0.010833740234375,0.32776839286088943,0.3176172077655792
82156.5321778357,1749,114622464,114622464,946.039455943917,1603.8814617327334,1738,100,2.2,4.142463140714136,10.0,0.0,1.6,3.6660606121043218,10.0,0.0,-0.0029154400229648063,0.0447148857783759,0.0003522025514636577,2.6358834927280745,0.0020272169258532813,0.020222981770833336,0.9957001730799675,0.003447698805151352,0.014190673828125,0.37320927530527115,0.3176852762699127
82216.53280235827,1750,114744576,114688000,2035.178816415028,1092.2552976986315,1744,100,2.0,4.000000095064827,10.0,0.0,1.3,3.363034364303226,10.0,0.0,-0.0015665897177920365,0.04563977692547874,0.0003540078135605048,2.631189112861951,0.0024924222058568075,0.022023518880208332,0.9956492098669212,0.003758850643256059,0.01312255859375,0.3613356724381447,0.31771236658096313
82299.08782211225,1752,114819072,114819072,902.3800154369646,1587.69267320868,1744,100,2.0,4.000000095064827,10.0,0.0,1.3,3.363034364303226,10.0,0.0,-0.0013168582033055525,0.08459398231934756,0.00038460452378785703,2.6299089392026263,0.0031157895379389324,0.027654012044270832,0.9926498668889205,0.0036889871577538242,0.014495849609375,0.37862226366996765,0.31776919960975647
82359.08988987654,1753,114936832,114884608,1962.5990301301756,1092.2290254637498,1744,100,2.0,4.000000095064827,10.0,0.0,1.3,3.363034364303226,10.0,0.0,-0.002051837439163743,0.09938569209771231,0.00034877936862661346,2.629207049806913,0.003074524246888662,0.025441487630208332,0.9902939548095067,0.003794475693818337,0.01556396484375,0.39343374222517014,0.3178180754184723
82441.04926653206,1755,115015680,115015680,962.0375754125566,1599.231294192302,1749,100,2.0,4.000000109719174,10.0,0.0,1.5,3.570714282468,10.0,0.0,0.00063497866904072,0.07730151534390946,0.0004081440210939036,2.632362631460031,0.004706940153482719,0.04299418131510417,0.9916326807190975,0.0038885172859105905,0.013580322265625,0.366766095161438,0.31785422563552856
82501.0493973773,1756,115135232,115081216,1992.5289881179783,1092.2642847070717,1749,100,2.0,4.000000109719174,10.0,0.0,1.5,3.570714282468,10.0,0.0,-0.0012078507885841343,0.04029630620304185,0.0004029657457067515,2.6320857629179955,0.002061560629347999,0.020345052083333332,0.9955950497339169,0.003962370220203107,0.014190673828125,0.3750460296869278,0.3178906738758087
82584.87724075839,1758,115212288,115212288,919.2172539819938,1563.5854951454512,1749,100,2.0,4.000000109719174,10.0,0.0,1.5,3.570714282468,10.0,0.0,-0.0014401243897737006,0.08371832398309682,0.0003772442314584623,2.6245623727639518,0.002933221081548254,0.029876708984375,0.991655932739377,0.004358353250912235,0.01190185546875,0.3421386405825615,0.3179198205471039
82644.8776250137,1759,115337728,115277824,2090.653277589529,1092.2596715569784,1749,100,2.0,4.000000109719174,10.0,0.0,1.5,3.570714282468,10.0,0.0,-0.0008668925171756806,0.0669098183279857,0.00041114478365974116,2.6266562590996423,0.002994507799182126,0.034510294596354164,0.9927029733856518,0.004256278877922644,0.01312255859375,0.361296147108078,0.3179466426372528
82726.87844504043,1761,115408896,115408896,867.8937598038484,1598.4230396387425,1754,100,1.9,3.9230091353408265,10.0,0.0,2.0,4.000000058266336,10.0,0.0,-0.0010138978783894952,0.08234545505062367,0.0004012869051924402,2.6199715957045555,0.003766451990789695,0.033014933268229164,0.9935289925585191,0.004321884203818627,0.01678466796875,0.4088740646839142,0.31804096698760986
82786.88267677836,1762,115533568,115474432,2077.7201272156135,1092.1896356615955,1754,100,1.9,3.9230091353408265,10.0,0.0,2.0,4.000000058266336,10.0,0.0,-0.0013508464617189022,0.07718868159766619,0.0003707596545912869,2.638812224070231,0.003464324418018805,0.027862548828125,0.992234218865633,0.0036348191982445615,0.009765625,0.31077592074871063,0.3180377781391144
82868.13798643928,1764,115605504,115605504,885.3082992384278,1613.08843135258,1754,100,1.9,3.9230091353408265,10.0,0.0,2.0,4.000000058266336,10.0,0.0,-0.0019496613943677707,0.07379689116108541,0.0004177968003205023,2.630392109354337,0.0025771087997175832,0.0263519287109375,0.9936963009337584,0.004072740268990552,0.015869140625,0.3944104239344597,0.3180951476097107
82928.13803812489,1765,115727616,115671040,2035.1982468256556,1092.265725759681,1759,100,2.2,4.142463130737068,10.0,0.0,1.4,3.4698703384316074,10.0,0.0,-0.0008248025187640451,0.12929546169470996,0.0004154156198031463,2.6377838576833406,0.0024482167088232627,0.022216796875,0.9865204449743032,0.003621036654900915,0.011138916015625,0.33341778069734573,0.3181041181087494
83008.81554190349,1767,115802112,115802112,923.3800813227574,1624.641242739697,1759,100,2.2,4.142463130737068,10.0,0.0,1.4,3.4698703384316074,10.0,0.0,-0.0009168103727764295,0.062302415453207985,0.00039980157028670266,2.6376532316207886,0.0026256379733240465,0.026560465494791668,0.9936059409131607,0.0038532880959489067,0.0128173828125,0.3577333390712738,0.3181748688220978
83068.81564167142,1768,115922176,115867648,2001.0633393008538,1092.264850449933,1759,100,2.2,4.142463130737068,10.0,0.0,1.4,3.4698703384316074,10.0,0.0,0.0009203698379375662,0.07695447577862069,0.00041281091034761635,2.623992363611857,0.0039555233724968275,0.038177490234375,0.9928813427686692,0.005110835421267741,0.01434326171875,0.3777156323194504,0.31821221113204956
83151.60648216587,1770,115998720,115998720,924.546719695816,1583.1703026229357,1759,100,2.2,4.142463130737068,10.0,0.0,1.4,3.4698703384316074,10.0,0.0,-0.0013915380865607099,0.03925911942496896,0.00039095824407316593,2.6369253322482105,0.002088993854461781,0.021387736002604168,0.9959620280812184,0.0035519625089364126,0.014495849609375,0.3776520788669586,0.31827592849731445
83211.60685434565,1771,116121600,116064256,2047.9872963421776,1092.2598913824947,1765,100,2.0,4.000000081884663,10.0,0.0,1.3,3.363034357560034,10.0,0.0,-0.0019471908890409393,0.11673379588561755,0.00041237691857531905,2.620221346616745,0.002752909592042367,0.027028401692708332,0.9891635297487179,0.004103392901015468,0.012359619140625,0.34903785586357117,0.31829556822776794
83292.74523517862,1773,116195328,116195328,908.6698458005342,1615.4130592009496,1765,100,2.0,4.000000081884663,10.0,0.0,1.3,3.363034357560034,10.0,0.0,-0.001896299351453005,0.08379162919785206,0.00040897963147775346,2.6092696338891983,0.0034405381490311506,0.030517578125,0.9930863038947185,0.003995256884081755,0.014801025390625,0.3814161792397499,0.31838199496269226
83352.74591263477,1774,116319744,116260864,2073.5765873798764,1092.2543340931038,1765,100,2.0,4.000000081884663,10.0,0.0,1.3,3.363034357560034,10.0,0.0,-0.003080143412565424,0.08338353777071462,0.0003647746131415867,2.6193582887450853,0.003543422048096545,0.033660888671875,0.9923040606081487,0.004047966343932785,0.01617431640625,0.39909645169973373,0.3184352517127991
83433.83409787808,1776,116391936,116391936,890.2899945705387,1616.4130397876447,1765,100,2.0,4.000000081884663,10.0,0.0,1.3,3.363034357560034,10.0,0.0,-0.0025856537467916496,0.08656479164104289,0.0003622298530293241,2.616306980450948,0.0026610897105759554,0.024993896484375,0.9923545221487682,0.004121395684099601,0.0146484375,0.38207121938467026,0.3184755742549896
83493.83418432903,1777,116520960,116457472,2150.396901602441,1092.2650928774303,1771,100,1.9,3.9230091572299863,10.0,0.0,1.0,3.000000027587913,10.0,0.0,-0.0015489241341128945,0.05579274687139938,0.00036157574959361227,2.622494913637638,0.0029386715305008693,0.026372273763020832,0.9950754220287006,0.004105634963101086,0.016632080078125,0.40601466596126556,0.31853270530700684
83573.72567118146,1779,116588544,116588544,845.94745526312,1640.6253677830205,1771,100,1.9,3.9230091572299863,10.0,0.0,1.0,3.000000027587913,10.0,0.0,-0.0027376504416073053,0.06686946978637327,0.00039378872103649576,2.6254483237862587,0.0030490958773346693,0.0252685546875,0.9943363188455502,0.003901948039128911,0.016937255859375,0.4083663076162338,0.31862521171569824
83633.72569294088,1780,116711168,116654080,2043.732592159381,1092.2662705486462,1771,100,1.9,3.9230091572299863,10.0,0.0,1.0,3.000000027587913,10.0,0.0,-0.0013007610565788732,0.06677333861201382,0.0003986374964976373,2.6412679155667624,0.002389710247371113,0.022008260091145832,0.9932489711791277,0.003417765287546596,0.01251220703125,0.35020454972982407,0.3186458945274353
83714.42026493233,1782,116785152,116785152,916.8398589168796,1624.2976047247141,1771,100,1.9,3.9230091572299863,10.0,0.0,1.0,3.000000027587913,10.0,0.0,-0.0018493428578949533,0.047446524850480884,0.0003814427536781295,2.636674796541532,0.0022839006239034156,0.023030598958333332,0.9945269301533699,0.003399903185102933,0.010528564453125,0.32284653186798096,0.3186536431312561
83774.43903857376,1783,116912384,116850688,2119.8700386666737,1091.9250098564758,1776,100,2.1,4.073082460554359,10.0,0.0,0.7,2.551470179210066,10.0,0.0,-0.0014627515629399566,0.04647658521813961,0.0003795771820781132,2.636371741692225,0.0020182883702849113,0.020731608072916668,0.9953368939459324,0.003579842816786064,0.012664794921875,0.35412881523370743,0.31867560744285583
83854.45331529062,1785,116981760,116981760,867.0452680025692,1638.1076650085438,1776,100,2.1,4.073082460554359,10.0,0.0,0.7,2.551470179210066,10.0,0.0,-0.0018505420885048807,0.08318286940144996,0.00036732156301392627,2.635511378447215,0.002531840070635856,0.023803710937500003,0.99049078921477,0.0038821953591347356,0.01251220703125,0.3454456031322479,0.3187207877635956
83914.46657295153,1786,117106688,117047296,2081.673364673671,1092.02537163209,1776,100,2.1,4.073082460554359,10.0,0.0,0.7,2.551470179210066,10.0,0.0,-0.0015805046374831968,0.09707440662896259,0.0003937215706173447,2.627697837849458,0.003297589934542581,0.032246907552083336,0.9903536227842172,0.003909379333587518,0.013427734375,0.3634684458374977,0.3187493681907654
83995.18719967548,1788,117178368,117178368,888.0010340495792,1623.773319404945,1776,100,2.1,4.073082460554359,10.0,0.0,0.7,2.551470179210066,10.0,0.0,-0.0018534021849821634,0.08393705698351066,0.00037989115965804865,2.633603806296984,0.0026970912974017365,0.022552490234375,0.991730662683646,0.003792825382940161,0.011138916015625,0.3329411670565605,0.3188023865222931
84055.18734830804,1789,117306368,117243904,2133.3280486330505,1092.263960900122,1782,100,2.1,4.073082482321771,10.0,0.0,1.0,3.0000000351471083,10.0,0.0,-0.002119801332203982,0.0672390310598227,0.0003724921286144915,2.640862377981345,0.0022816403870820068,0.022755940755208332,0.9925308593859274,0.0031933876064916458,0.01251220703125,0.35039976239204407,0.31882283091545105
84134.72982570808,1791,117374976,117374976,862.532853420576,1647.8239587736375,1782,100,2.1,4.073082482321771,10.0,0.0,1.0,3.0000000351471083,10.0,0.0,-0.0013579631801500605,0.09220943120696272,0.0003702755402628099,2.6366634989778204,0.002935938946393435,0.026087443033854168,0.9910103747000296,0.00345990167746398,0.01312255859375,0.35545293241739273,0.3188663423061371
84194.7301774323,1792,117495040,117440512,2001.0549363420607,1092.260263760272,1782,100,2.1,4.073082482321771,10.0,0.0,1.0,3.0000000351471083,10.0,0.0,-0.000962882944198403,0.05838918732479215,0.0004131391769988113,2.6479365875323615,0.002861210531288331,0.025400797526041664,0.9926963845888774,0.0029216790208010934,0.01190185546875,0.34395425766706467,0.31888142228126526
84276.18870557006,1794,117571584,117571584,939.6683410550436,1609.064182676195,1782,100,2.1,4.073082482321771,10.0,0.0,1.0,3.0000000351471083,10.0,0.0,-0.000960582384626226,0.05045450424465041,0.0003897219366990612,2.6372070610523224,0.0024522436263699396,0.025090535481770836,0.9952658073355753,0.004042894598872711,0.013885498046875,0.3712500035762787,0.3189527094364166
84336.18876538798,1795,117699072,117637120,2124.797881650255,1092.2655777157938,1788,100,2.0,4.000000075071165,10.0,0.0,1.2,3.2496153780780466,10.0,0.0,-0.002530734260896376,0.044625509122852236,0.00035575285194984946,2.6332434589664144,0.0025137379173732675,0.024470011393229164,0.9950870660444101,0.0034166692954992564,0.0115966796875,0.337757870554924,0.31896501779556274
84415.59773562569,1797,117768192,117768192,870.4306301050158,1650.5943800509929,1788,100,2.0,4.000000075071165,10.0,0.0,1.2,3.2496153780780466,10.0,0.0,-0.002468689470939959,0.03682771551151139,0.00039348326784723514,2.6288255328933396,0.0031069612687133485,0.03216552734375,0.9962973818182944,0.004060351956771532,0.012359619140625,0.34656835347414017,0.31900954246520996
84475.6082452666,1798,117893376,117833728,2086.0346087556118,1092.075377998848,1788,100,2.0,4.000000075071165,10.0,0.0,1.2,3.2496153780780466,10.0,0.0,-0.0017985921828464297,0.06968792407618216,0.0003840260781847368,2.6148983612656593,0.0030614927303152704,0.03046671549479167,0.9946181743095318,0.004638337331319539,0.0177001953125,0.4197189137339592,0.3190748989582062
84556.28190083988,1800,117964800,117964800,885.3447819173524,1624.71873957593,1788,100,2.0,4.000000075071165,10.0,0.0,1.2,3.2496153780780466,10.0,0.0,-0.0014568352034984855,0.0890830219820297,0.00038988480264379177,2.6221710965037346,0.0035128742698968076,0.03206888834635417,0.9923041469107071,0.00399073768251886,0.0164794921875,0.4025448113679886,0.31914040446281433
84616.28224874288,1801,118091264,118030336,2107.7211119584254,1092.2603333225848,1794,100,2.2,4.1424631217626375,10.0,0.0,1.5,3.5707142184782974,10.0,0.0,-0.0023791849477371825,0.06509894115151839,0.0004074548957457106,2.638762397070726,0.003044380452896197,0.024129231770833332,0.9932613248626391,0.0034666434100169377,0.011749267578125,0.3417947515845299,0.31915387511253357
84697.4175213594,1803,118161408,118161408,864.5315130883961,1615.4749441651782,1794,100,2.2,4.1424631217626375,10.0,0.0,1.5,3.5707142184782974,10.0,0.0,-0.0012906954204178571,0.06873796602788691,0.0004021413042210042,2.629729750255744,0.001999820956674133,0.020929972330729168,0.9932797557363908,0.0038250299160912014,0.01556396484375,0.3876752629876137,0.3191940486431122
84757.41756115668,1804,118289152,118226944,2129.0652544833647,1092.2659421798426,1794,100,2.2,4.1424631217626375,10.0,0.0,1.5,3.5707142184782974,10.0,0.0,-0.0005623519706811446,0.06104747031349689,0.00034743496689770836,2.6367828771471977,0.0036752634277945617,0.027592976888020832,0.9939836685856184,0.0037102410424267873,0.013427734375,0.3649260997772217,0.31922203302383423
84838.87532387208,1806,118358016,118358016,845.3951803291454,1609.0793023365147,1794,100,2.2,4.1424631217626375,10.0,0.0,1.5,3.5707142184782974,10.0,0.0,-0.00168420207046438,0.10886359389405699,0.00037765712174101884,2.627748690545559,0.003021632232654762,0.0278167724609375,0.9900418234368166,0.0036720856514875777,0.013275146484375,0.36109602451324463,0.31930428743362427
84898.87705929112,1807,118485504,118423552,2124.7385448047507,1092.2350752409964,1800,100,1.7,3.7563281058179046,10.0,0.0,1.0,3.000000017573554,10.0,0.0,-0.0029909358842511815,0.05779999661414574,0.0003774804220787094,2.6353377824028335,0.0022600226966460473,0.023101806640625,0.9936112084736427,0.003128957037309495,0.009613037109375,0.3090139850974083,0.3192991614341736
84979.88604064472,1809,118554624,118554624,853.2387254481323,1617.9934349238658,1800,100,1.7,3.7563281058179046,10.0,0.0,1.0,3.000000017573554,10.0,0.0,-0.0007240554211117949,0.04847495362628251,0.00040383566253391717,2.636712893843651,0.0029880771980970162,0.026087443033854164,0.9945815770576398,0.003395295490918215,0.01129150390625,0.3344315215945244,0.3192981481552124
85039.89710644912,1810,118680320,118620160,2094.5470358699235,1092.0652569912431,1800,100,1.7,3.7563281058179046,10.0,0.0,1.0,3.000000017573554,10.0,0.0,-0.001269678784107479,0.059537687726939716,0.000372177480130631,2.6358947679400444,0.0027636969280138146,0.025716145833333332,0.9934704223026832,0.0031094694544056742,0.012969970703125,0.35587911307811737,0.31932201981544495
85121.7936008554,1812,118751232,118751232,865.8734481138702,1600.4592253945902,1806,100,1.6,3.6660606121043218,10.0,0.0,1.3,3.363034416568014,10.0,0.0,-0.0013818784743004167,0.0645072585127006,0.0004127565992651701,2.6326292728384337,0.0027158405973750632,0.0278778076171875,0.9932419254134098,0.003823860514482173,0.009307861328125,0.3041484132409096,0.3193236291408539
85181.79361437075,1813,118873344,118816768,2035.1995415593226,1092.2664206272257,1806,100,1.6,3.6660606121043218,10.0,0.0,1.3,3.363034416568014,10.0,0.0,-0.0009170915169913012,0.06276106213529906,0.00038805408712505596,2.641075298190117,0.0036662183889954276,0.030568440755208336,0.9923143063982328,0.0034308309792929017,0.010528564453125,0.3204021491110325,0.31932640075683594
85263.2922081044,1815,118947840,118947840,914.0771219129022,1608.2731492075804,1806,100,1.6,3.6660606121043218,10.0,0.0,1.3,3.363034416568014,10.0,0.0,-0.00046986313464003615,0.06021506522665731,0.0004271779722936723,2.625493029753367,0.00300682577714421,0.028305053710937497,0.9939932245761156,0.003862813600183775,0.015106201171875,0.384932778775692,0.3193962872028351
85323.30172445439,1816,119064576,119013376,1945.2914654262559,1092.0934542743892,1806,100,1.6,3.6660606121043218,10.0,0.0,1.3,3.363034416568014,10.0,0.0,-0.0013316262484295294,0.05269858079069915,0.000383308446847271,2.6308071687817574,0.002561715906873966,0.021820068359375003,0.9946054642399152,0.0033297564417201406,0.0128173828125,0.3555511608719826,0.31941869854927063
85405.0559757119,1818,119144448,119144448,976.9767170689685,1603.2438433952302,1811,100,1.9,3.9230091480687017,10.0,0.0,1.1,3.1288976472586896,10.0,0.0,-0.0014156667020870373,0.06594822039672484,0.0003727867433553911,2.6296888714035354,0.003239466734157759,0.028584798177083332,0.9944929492970308,0.0042653726098554525,0.016632080078125,0.40446821600198746,0.31950411200523376
85465.0561258858,1819,119262464,119209984,1966.928410311411,1092.263932841044,1811,100,1.9,3.9230091480687017,10.0,0.0,1.1,3.1288976472586896,10.0,0.0,-0.0012933670380637827,0.04675369053923835,0.00041393904454404645,2.624683253467083,0.004163091169175459,0.04049173990885417,0.9959438716371853,0.00442994275848226,0.014495849609375,0.3795728534460068,0.3195408284664154
85547.74227162264,1821,119341056,119341056,950.485710751759,1585.1748661397414,1811,100,1.9,3.9230091480687017,10.0,0.0,1.1,3.1288976472586896,10.0,0.0,-0.0009008756921199772,0.10778302101728816,0.00037619759677909315,2.631636289258798,0.003339788533291236,0.031255086263020836,0.9892444505045811,0.0039910488776513375,0.01434326171875,0.374353252351284,0.3196154534816742
85607.74255022779,1822,119467008,119406592,2099.19025257981,1092.261594838275,1811,100,1.9,3.9230091480687017,10.0,0.0,1.1,3.1288976472586896,10.0,0.0,-0.0015190933117992247,0.08245084609370679,0.0003995568346605675,2.634715522329013,0.00307021082759699,0.030237833658854164,0.9905358428756397,0.004132279985545513,0.015106201171875,0.3836830332875252,0.31965726613998413
85688.97907068301,1824,119537664,119537664,869.7566021300568,1613.4615227919894,1817,100,2.1,4.073082516708752,10.0,0.0,1.3,3.363034416568014,10.0,0.0,-0.0013621863933318914,0.06251185810348639,0.000380328167314777,2.633256033062935,0.0036169034356134944,0.03440856933593751,0.994241615757346,0.003820267396804411,0.011749267578125,0.33867545425891876,0.31969112157821655
85748.9900419917,1825,119660544,119603200,2047.6255811279404,1092.0669766015683,1817,100,2.1,4.073082516708752,10.0,0.0,1.3,3.363034416568014,10.0,0.0,-0.0020808051073496854,0.07109097728971392,0.000394858261643094,2.628655277192593,0.003027838728788386,0.025543212890625,0.9941747461756071,0.004177456597972196,0.01556396484375,0.3931892588734627,0.3197367191314697
85830.24275789503,1827,119734272,119734272,907.3912075470017,1613.1399245280031,1817,100,2.1,4.073082516708752,10.0,0.0,1.3,3.363034416568014,10.0,0.0,-0.001527105160979166,0.08653543683855484,0.00040465413227745256,2.6155965278546014,0.002539479255574406,0.0280303955078125,0.9914219447722038,0.0043409570401612045,0.012969970703125,0.3583444580435753,0.31978344917297363
85890.24310381804,1828,119857664,119799808,2056.521476698463,1092.2603693668184,1817,100,2.1,4.073082516708752,10.0,0.0,1.3,3.363034416568014,10.0,0.0,-0.001608794802450575,0.07813908472113933,0.0004074657690580352,2.6369569624463716,0.0034751330719397324,0.03139750162760417,0.992478733882308,0.00390779731242219,0.01251220703125,0.350031353533268,0.3198028802871704
85972.11265511997,1830,119930880,119930880,894.3007361794419,1600.9859333002596,1823,100,1.9,3.9230091295601657,10.0,0.0,1.5,3.5707143089258175,10.0,0.0,-0.001328555611204744,0.1073218840562428,0.00042882772171045264,2.617498437563578,0.0034848108801573594,0.0352783203125,0.9910001860310634,0.004133566028031055,0.016632080078125,0.40546734631061554,0.31991058588027954
86032.11276315153,1831,120049408,119996416,1975.463109794107,1092.264700015748,1823,100,1.9,3.9230091295601657,10.0,0.0,1.5,3.5707143089258175,10.0,0.0,-0.0013523028871228842,0.061023262843567266,0.0003882268041100663,2.6478059689203897,0.002574069927504752,0.0272064208984375,0.9921501583109299,0.0029262573807500303,0.01129150390625,0.3318888917565346,0.31991952657699585
86113.70382697694,1833,120127488,120127488,956.9675444736636,1606.4504353131665,1823,100,1.9,3.9230091295601657,10.0,0.0,1.5,3.5707143089258175,10.0,0.0,0.0002764369152525129,0.09850071219261737,0.00043223592153177986,2.6371510078509646,0.0037183813134712787,0.03450012207031251,0.989567796389262,0.003623268212929058,0.010833740234375,0.3269919231534004,0.31996846199035645
86173.70391578041,1834,120255488,120193024,2133.330175881291,1092.265050051221,1823,100,1.9,3.9230091295601657,10.0,0.0,1.5,3.5707143089258175,10.0,0.0,-0.0017036133564639992,0.042577463279788695,0.00037584873128556257,2.646503634750843,0.00207902801715439,0.021184285481770832,0.9959089296559492,0.003351202397122203,0.012054443359375,0.34635502845048904,0.3199838101863861
86255.0066664638,1836,120324096,120324096,843.8582879830758,1612.147177042294,1828,100,2.0,4.000000102905678,10.0,0.0,1.2,3.2496153780780466,10.0,0.0,-0.002769283455563709,0.07185331869792813,0.0003791157566107965,2.6435591901342077,0.0024063471337285587,0.021489461263020832,0.9922576819856961,0.003505497547545626,0.011444091796875,0.3367624506354332,0.3200313150882721
86315.00696999487,1837,120446208,120389632,2035.1897042783398,1092.2611410801992,1828,100,2.0,4.000000102905678,10.0,0.0,1.2,3.2496153780780466,10.0,0.0,-0.0022920712660076488,0.06381103221792728,0.0003709239954332588,2.641808713475863,0.002741067998310124,0.022043863932291668,0.993189329902331,0.0033944868240117403,0.011138916015625,0.32834386080503464,0.3200388550758362
86397.20810097549,1839,120520704,120520704,906.2649030651197,1594.527939413544,1828,100,2.0,4.000000102905678,10.0,0.0,1.2,3.2496153780780466,10.0,0.0,-0.0010640438680032578,0.08423646731534973,0.0004198164397166692,2.6142128656307855,0.003794115051277913,0.031763712565104164,0.9926065001636742,0.004332377369185754,0.016937255859375,0.4105924740433693,0.3201405107975006
86457.20849565603,1840,120642560,120586240,2030.9199739235585,1092.2594817740146,1834,100,2.1,4.073082464113987,10.0,0.0,1.4,3.469870329773337,10.0,0.0,8.940983267772629e-05,0.07152743244660087,0.000408241563491174,2.6199809859196344,0.003570502991957862,0.03472391764322917,0.9934657669315735,0.003870165897145246,0.016326904296875,0.403088316321373,0.3201919198036194
86538.03420984186,1842,120717312,120717312,924.8541847478231,1621.6621321605664,1834,100,2.1,4.073082464113987,10.0,0.0,1.4,3.469870329773337,10.0,0.0,-0.0009727641663630494,0.09713106652876984,0.0004071334739516411,2.623075507581234,0.0034392492179904366,0.033757527669270836,0.9916707805047432,0.0044314050731676016,0.015869140625,0.39640840142965317,0.320244163274765
86598.03461338487,1843,120841984,120782848,2077.852691618087,1092.259320439898,1834,100,2.1,4.073082464113987,10.0,0.0,1.4,3.469870329773337,10.0,0.0,-0.0005524433187626223,0.08005064698712279,0.00040262421619748545,2.6266815240184465,0.0025931552257437334,0.027954101562499997,0.9924569589396317,0.004064896466540327,0.013885498046875,0.370149202644825,0.3202747404575348
86680.19907717872,1845,120913920,120913920,875.5123161331531,1595.2395226340727,1834,100,2.1,4.073082464113987,10.0,0.0,1.4,3.469870329773337,10.0,0.0,-0.0015149657932245948,0.1088682126137428,0.00041302678679736954,2.621998449166616,0.0034530951785806487,0.027353922526041664,0.9904056234906117,0.004241842706202684,0.0164794921875,0.4015047922730446,0.32037317752838135
86740.19918135367,1846,121040640,120979456,2111.9963330481537,1092.2647702228837,1839,100,2.2,4.142463194504535,10.0,0.0,1.5,3.5707143253419695,10.0,0.0,-0.001979112103678441,0.07321173294136922,0.0004259656704258911,2.624045732120673,0.0028221888624102576,0.03246561686197917,0.9936037411292394,0.004449615798269709,0.015869140625,0.39618488401174545,0.32042038440704346
86820.00780550297,1848,121110528,121110528,875.6948355513387,1642.3287758325473,1839,100,2.2,4.142463194504535,10.0,0.0,1.5,3.5707143253419695,10.0,0.0,-0.0018410997630174581,0.08417247247416526,0.00038192318243090995,2.6431447515885034,0.0038371034655331946,0.028564453125,0.9900270855675141,0.003989111712144222,0.00946044921875,0.30435796454548836,0.32045161724090576
86880.00787253678,1849,121235200,121176064,2077.8643452141127,1092.265446354852,1839,100,2.2,4.142463194504535,10.0,0.0,1.5,3.5707143253419695,10.0,0.0,-0.00018538648631268492,0.061333888530498364,0.0003846409921000789,2.6400351549188295,0.0025424745817872463,0.024831136067708336,0.9936585525671642,0.0037557480391114946,0.01373291015625,0.369747519493103,0.32048070430755615
86959.97636277508,1851,121307136,121307136,899.5543092740015,1639.0455741931985,1839,100,2.2,4.142463194504535,10.0,0.0,1.5,3.5707143253419695,10.0,0.0,-0.0021596888667166545,0.06715856760274619,0.0003847142382558862,2.636909162004789,0.0022137489898644462,0.0209197998046875,0.9929141098012527,0.0037174799072090536,0.014801025390625,0.3750127889215946,0.32053491473197937
87019.97676265892,1852,121432064,121372672,2082.1194565680607,1092.2593870520975,1845,100,1.8,3.841874675594158,10.0,0.0,1.4,3.4698703804289126,10.0,0.0,-0.0019171945981118674,0.08637272845953703,0.00038447362021543086,2.633354293803374,0.002696053378410094,0.028228759765625,0.9912417208154995,0.0037864636518255184,0.0128173828125,0.3535962402820587,0.3205561935901642
87100.70553258527,1854,121503744,121503744,887.9114603801206,1623.6095275522205,1845,100,1.8,3.841874675594158,10.0,0.0,1.4,3.4698703804289126,10.0,0.0,-0.001969206475526638,0.08898394516048332,0.00038818218066201854,2.621595613658428,0.00326141049178356,0.031743367513020836,0.9919075636814039,0.004815967661367419,0.013275146484375,0.35970108956098557,0.32060250639915466
87160.70748607721,1855,121627136,121569280,2056.466378491708,1092.231105588957,1845,100,1.8,3.841874675594158,10.0,0.0,1.4,3.4698703804289126,10.0,0.0,-0.0023165566963143647,0.047419910319149494,0.0003468289357139535,2.627710518737634,0.0030289898634994943,0.031275431315104164,0.9949703030288221,0.004228565383527894,0.012054443359375,0.3436432555317879,0.32061731815338135
87241.60511345044,1857,121700352,121700352,905.0450844771213,1620.2205708121894,1851,100,2.4,4.270831409955371,10.0,0.0,1.5,3.5707143464577014,10.0,0.0,-0.0006051520819407111,0.09927943475001182,0.00037903685461060377,2.615475694338481,0.00287917243076663,0.0330810546875,0.9907751232385636,0.004487502985284664,0.017852783203125,0.4199710711836815,0.32070186734199524
87301.60532704554,1858,121826560,121765888,2103.459178523521,1092.2627783002463,1851,100,2.4,4.270831409955371,10.0,0.0,1.5,3.5707143464577014,10.0,0.0,-0.000551162223321929,0.08959067576021577,0.0003795555476244772,2.6427085772156715,0.002725445956457406,0.0342559814453125,0.9886021502315998,0.0034585338604908125,0.01220703125,0.3455904722213745,0.32071787118911743
87382.11766635347,1860,121896960,121896960,874.4001305284268,1627.9740612020164,1851,100,2.4,4.270831409955371,10.0,0.0,1.5,3.5707143464577014,10.0,0.0,-0.0009753182530403138,0.07771718676667662,0.0004547447182024674,2.6375857889652248,0.003560947420434483,0.030751546223958332,0.992331529657046,0.0039509934310141635,0.009918212890625,0.3136289343237877,0.3207319676876068
87442.12308822479,1861,122021120,121962496,2069.1463559119534,1092.1679734298148,1851,100,2.4,4.270831409955371,10.0,0.0,1.5,3.5707143464577014,10.0,0.0,-0.0031594749768070565,0.06744581763632596,0.00042614503702983103,2.6422193050384526,0.003298061854366097,0.0306243896484375,0.9929557088762522,0.003737585822818801,0.01129150390625,0.3332541361451149,0.320740282535553
87522.41088503785,1863,122093568,122093568,902.3538180862407,1632.5270489758136,1851,100,2.4,4.270831409955371,10.0,0.0,1.5,3.5707143464577014,10.0,0.0,-0.0022563218687234135,0.07944535041072716,0.00043908064920591033,2.6271565655867257,0.0035278307720242688,0.036590576171875,0.9932286099841198,0.0045019378400562955,0.014190673828125,0.3743040859699249,0.32077980041503906
87582.41441976652,1864,122220288,122159104,2111.875584880688,1092.20232268577,1857,100,2.0,4.000000047236654,10.0,0.0,1.9,3.9230091353408265,10.0,0.0,-0.0006835173104870289,0.08392386712754767,0.00040511816920722293,2.6429484511415167,0.0025666013564962973,0.025517781575520832,0.9911096605161825,0.0037636583874700595,0.013275146484375,0.3615085333585739,0.320804625749588
87663.27298068069,1866,122290176,122290176,864.324064265523,1621.0033732745342,1857,100,2.0,4.000000047236654,10.0,0.0,1.9,3.9230091353408265,10.0,0.0,-0.0011848567689109282,0.06303078786004335,0.0003570710396161303,2.634061766167482,0.0024345071615243796,0.028889973958333332,0.9944879990071059,0.004308834448844815,0.013275146484375,0.363802045583725,0.32083508372306824
87723.27317122556,1867,122415872,122355712,2094.926680374346,1092.2631979141192,1857,100,2.0,4.000000047236654,10.0,0.0,1.9,3.9230091353408265,10.0,0.0,-0.0020321634049954205,0.10299071037055305,0.0004133738266318687,2.6232127547264104,0.0029740904180168095,0.026972452799479168,0.9917558077722788,0.004351937233877834,0.01678466796875,0.40620268881320953,0.32088908553123474
87802.84646803606,1869,122486784,122486784,891.1532240378735,1647.1857426259612,1857,100,2.0,4.000000047236654,10.0,0.0,1.9,3.9230091353408265,10.0,0.0,-0.0012593019030949413,0.08935836575498493,0.0003566174524773184,2.6352523490786552,0.0018645625762777247,0.019282023111979168,0.9922460410743952,0.003970055969451399,0.0146484375,0.3796008229255676,0.32094988226890564
87862.84703181311,1870,122612224,122552320,2090.6470223530873,1092.2564035150824,1863,100,2.1,4.073082460611448,10.0,0.0,1.1,3.128897598330692,10.0,0.0,-0.0009190703312924597,0.10989590736183649,0.00035265474889456533,2.6440775593121844,0.0031556721666371836,0.028055826822916664,0.9888327854375045,0.0033067791349215745,0.009765625,0.3091591075062752,0.3209453523159027
87942.76271290891,1872,122683392,122683392,890.5386155026556,1640.12867315597,1863,100,2.1,4.073082460611448,10.0,0.0,1.1,3.128897598330692,10.0,0.0,-0.00036141644886811264,0.13002326913798848,0.00040976777866793174,2.617785222828388,0.0036710404838231625,0.036504109700520836,0.9901737719774246,0.004993095707808001,0.01800537109375,0.4237791895866394,0.32103386521339417
88002.76308872178,1873,122808576,122748928,2086.3869318155407,1092.2598252449457,1863,100,2.1,4.073082460611448,10.0,0.0,1.1,3.128897598330692,10.0,0.0,-0.0013955102864808093,0.0792763838544488,0.00040598391842650017,2.6351235409577685,0.003177286221519656,0.0296173095703125,0.9912276870260636,0.00382439699023962,0.011444091796875,0.3349924236536026,0.3210431933403015
88082.42952054087,1875,122880000,122880000,896.5382077384091,1645.2600801507722,1863,100,2.1,4.073082460611448,10.0,0.0,1.1,3.128897598330692,10.0,0.0,-0.0012739944710726072,0.10473195143276826,0.0004485362581666171,2.636547287305196,0.002742460667529182,0.03325907389322917,0.9887540799876054,0.0037741148892867686,0.01434326171875,0.3780553713440895,0.3211137354373932
88142.43003612012,1876,123001600,122945536,2026.6492516951157,1092.2572809135781,1869,100,2.4,4.270831346937781,10.0,0.0,1.3,3.3630344008914985,10.0,0.0,-0.002322330414851119,0.10041879907172795,0.00038330161078192754,2.6186554804444313,0.003280596687545767,0.035247802734375,0.9919754347453515,0.004414245158841368,0.017852783203125,0.42159799486398697,0.32117611169815063
88224.06846163701,1878,123076608,123076608,918.7830304796396,1605.5184696436024,1869,100,2.4,4.270831346937781,10.0,0.0,1.3,3.3630344008914985,10.0,0.0,0.0007989769752991076,0.13437943306053057,0.0003796817154579912,2.623179654280345,0.003768290908434816,0.034540812174479164,0.9847518286357323,0.004039379852959731,0.012359619140625,0.35110583156347275,0.3211958706378937
88284.06850166991,1879,123204608,123142144,2133.331909942252,1092.2659378904332,1869,100,2.4,4.270831346937781,10.0,0.0,1.3,3.3630344008914985,10.0,0.0,-0.0024073596444698824,0.06140184085234068,0.00037749432946535916,2.626488370199998,0.002342327431809584,0.024525960286458332,0.9939659343411525,0.004135556179486836,0.01373291015625,0.36982832849025726,0.32122403383255005
88364.4029502375,1881,123273216,123273216,854.0296376376414,1631.5790092181805,1875,100,2.3,4.208325150027106,10.0,0.0,1.3,3.363034416568014,10.0,0.0,-0.003441970959102036,0.09858702196894835,0.0004076647046531434,2.63825644304355,0.0036044371481693815,0.029449462890625,0.9881874217341343,0.003831512098258827,0.01312255859375,0.3588244393467903,0.3212752044200897
88424.41156513896,1882,123397376,123338752,2069.036257608958,1092.1098596863778,1875,100,2.3,4.208325150027106,10.0,0.0,1.3,3.363034416568014,10.0,0.0,-0.0012426410394255072,0.07143917179200798,0.00037937353378462524,2.636112848917643,0.002601514095052456,0.0262603759765625,0.9923100390781958,0.0034416416407718016,0.011138916015625,0.3334769010543823,0.32128188014030457
88506.1436806675,1884,123469824,123469824,886.4079870133345,1603.678054243206,1875,100,2.3,4.208325150027106,10.0,0.0,1.3,3.363034416568014,10.0,0.0,-0.0017244157085466818,0.07326242081277694,0.00037354927038298535,2.6423076863090196,0.0027599273538119937,0.0253143310546875,0.991574639454484,0.003806762312403104,0.010986328125,0.32633358985185623,0.32130271196365356
88566.1436957661,1885,123597056,123535360,2120.5327997153354,1092.266391805082,1875,100,2.3,4.208325150027106,10.0,0.0,1.3,3.363034416568014,10.0,0.0,-0.0009069187023366492,0.06834895416007687,0.0003744487767107785,2.6396356398860616,0.0028220222357049356,0.03172810872395833,0.9922324245174725,0.0035139595759877316,0.01068115234375,0.32575056701898575,0.3213055729866028
88645.0850468371,1887,123666432,123666432,878.8296508581797,1660.3718864922064,1875,100,2.3,4.208325150027106,10.0,0.0,1.3,3.363034416568014,10.0,0.0,-0.0014475534699158745,0.04789101084073385,0.00038595320681148826,2.6311909457047777,0.0029522972939351653,0.0315704345703125,0.9952382600555817,0.003862200098713705,0.01312255859375,0.3597451373934746,0.3213326334953308
88705.08516374696,1888,123792896,123731968,2107.7292264280604,1092.2645383918693,1880,100,2.3,4.208325157166069,10.0,0.0,1.7,3.7563280449901653,10.0,0.0,-8.382828188283994e-05,0.07622411583239834,0.0004092534069665514,2.630922257900238,0.002810940462950384,0.028742472330729168,0.9932088771214088,0.0038718186842743307,0.01434326171875,0.3770342916250229,0.3213655948638916
88785.78307552263,1890,123863040,123863040,869.2170399029734,1624.2303811325635,1880,100,2.3,4.208325157166069,10.0,0.0,1.7,3.7563280449901653,10.0,0.0,-0.0019183980900076376,0.05247582258501401,0.0003667405259572358,2.6377078766624136,0.0022783776385040255,0.018854777018229168,0.9947810576607783,0.0037276809962349944,0.015106201171875,0.3863520994782448,0.3214351236820221
88845.7831012262,1891,123987968,123928576,2082.132441362657,1092.2661987476233,1880,100,2.3,4.208325157166069,10.0,0.0,1.7,3.7563280449901653,10.0,0.0,-0.0020261313875380438,0.072146232414525,0.00038305458383547375,2.6390239944060645,0.002431687838907237,0.024744669596354168,0.9902920940270027,0.004036740569669442,0.013275146484375,0.3620724007487297,0.32145920395851135
88926.79379001446,1893,124059648,124059648,884.8215102497682,1617.9593330281475,1880,100,2.3,4.208325157166069,10.0,0.0,1.7,3.7563280449901653,10.0,0.0,-0.0015922806560411118,0.07915525169422229,0.0004380660557217198,2.626697080830733,0.004679210895119468,0.043050130208333336,0.9930318718155224,0.004628645658764678,0.01617431640625,0.40154198557138443,0.32152602076530457
88986.79550810903,1894,124183552,124125184,2065.007535362691,1092.2353906050598,1887,100,2.2,4.142463020940545,10.0,0.0,1.1,3.128897581481095,10.0,0.0,-0.002101393843380113,0.0800809776604486,0.00040081282259052387,2.6398327673474946,0.0034014019274763996,0.027242024739583336,0.9920395625134308,0.0035149061125897183,0.012359619140625,0.34310251846909523,0.32154250144958496
89067.88839966897,1896,124256256,124256256,896.552072585353,1616.3192294496505,1887,100,2.2,4.142463020940545,10.0,0.0,1.1,3.128897581481095,10.0,0.0,-0.0018530019515310414,0.06208712310763076,0.00040737487051956123,2.638032078742981,0.002568761602863863,0.026006062825520832,0.9945021023352941,0.0037710167210510312,0.012054443359375,0.34621232002973557,0.3215678930282593
89127.89603289124,1897,124381440,124321792,2086.1346011818373,1092.1277257720865,1887,100,2.2,4.142463020940545,10.0,0.0,1.1,3.128897581481095,10.0,0.0,-0.0018722194314856702,0.04592313479709749,0.0003598128957188843,2.648854598402977,0.0024422751915456806,0.022842407226562497,0.9948493236054977,0.0030986944378431263,0.01373291015625,0.3693408966064453,0.32159554958343506
89208.53219067492,1899,124452864,124452864,885.7564889389589,1625.474273608412,1887,100,2.2,4.142463020940545,10.0,0.0,1.1,3.128897581481095,10.0,0.0,-0.0017154365935615108,0.08862399802698444,0.00043832683483439416,2.627627983689308,0.002657302000443451,0.027781168619791668,0.9921556791911522,0.0043184082096558996,0.015716552734375,0.3955201283097267,0.3216719627380371
89268.542464111,1900,124578304,124518400,2090.3087557766817,1092.0796764874092,1893,100,2.5,4.330127084549675,10.0,0.0,1.5,3.5707142677032615,10.0,0.0,-0.001026750354261215,0.0880486736423336,0.00041656981557025574,2.6241784195105238,0.003701548304282672,0.03122965494791667,0.9928840727855762,0.004406598881663133,0.015869140625,0.3976740911602974,0.32171696424484253
89348.55606109835,1902,124649472,124649472,889.4488271943324,1638.1215810197775,1893,100,2.5,4.330127084549675,10.0,0.0,1.5,3.5707142677032615,10.0,0.0,-0.0017864363993188213,0.06908309948630631,0.0003310833038388713,2.6483054980635643,0.0026659366388533576,0.0202178955078125,0.9933020515988271,0.0031403089524246752,0.011444091796875,0.3368607759475708,0.32172590494155884
89408.55647776928,1903,124775168,124715008,2094.9187851375013,1092.25908145662,1893,100,2.5,4.330127084549675,10.0,0.0,1.5,3.5707142677032615,10.0,0.0,-0.0019195038451774358,0.0729317956235415,0.00032080235238633276,2.64539307107528,0.003032824498101642,0.023284912109375,0.9915431396414837,0.0033364683355709226,0.011444091796875,0.3357676863670349,0.3217347264289856
89489.68636870943,1905,124846080,124846080,874.0551623853453,1615.5821052032375,1899,100,2.5,4.330127091094928,10.0,0.0,1.4,3.469870329773337,10.0,0.0,-0.0021744357557812086,0.11340163663650553,0.00038388773464248516,2.6467939416567483,0.003007347252302376,0.026453653971354168,0.9880124510576328,0.0036440625044633634,0.01129150390625,0.3353135883808136,0.3217635154724121
89549.68662347738,1906,124967424,124911616,2022.3914126581994,1092.2620287774241,1899,100,2.5,4.330127091094928,10.0,0.0,1.4,3.469870329773337,10.0,0.0,-0.0015572113152302336,0.05364831000527678,0.00036213032732727396,2.6437174628178277,0.0027963989917528425,0.026590983072916664,0.9949392986794313,0.003836257671840334,0.0115966796875,0.3348073735833168,0.32177355885505676
89631.48014735244,1908,125042688,125042688,920.1706496343327,1602.4740565060488,1899,100,2.5,4.330127091094928,10.0,0.0,1.4,3.469870329773337,10.0,0.0,-0.0001051429414170949,0.10451998480129987,0.0003504837322907406,2.6227246324221296,0.002746946945990203,0.0354461669921875,0.9913732372224331,0.003928936549831026,0.016021728515625,0.39919693022966385,0.32181093096733093
89691.48048747983,1909,125164544,125108224,2030.9218204644953,1092.2604748716615,1899,100,2.5,4.330127091094928,10.0,0.0,1.4,3.469870329773337,10.0,0.0,-0.0006386546859478889,0.10963600617833436,0.0003665793553106293,2.6201005180676775,0.0035585718978836667,0.031550089518229164,0.991055823241671,0.0040960256034547156,0.01678466796875,0.4076743945479393,0.321863055229187
89772.532711762,1911,125239296,125239296,922.2695695525678,1617.1302041469683,1904,100,2.1,4.0730824174578215,10.0,0.0,1.4,3.4698703738933414,10.0,0.0,-5.8763756290621444e-05,0.10162729335327943,0.00043459823215622845,2.6334487646818165,0.0025231136824004356,0.018747965494791664,0.991053364550074,0.004762833205556187,0.0140380859375,0.3687068745493889,0.3219151198863983
89832.53595542349,1912,125356032,125304832,1945.4948245561188,1092.207620803435,1904,100,2.1,4.0730824174578215,10.0,0.0,1.4,3.4698703738933414,10.0,0.0,-0.0027455949960616026,0.07629581257545699,0.00035549177270392346,2.6409298156698546,0.0036613073510428267,0.036249796549479164,0.9921233858913183,0.003664351284290509,0.012054443359375,0.34425080567598343,0.3219287395477295
89914.80520559568,1914,125435904,125435904,970.8609210953923,1593.2076653873105,1904,100,2.1,4.0730824174578215,10.0,0.0,1.4,3.4698703738933414,10.0,0.0,-0.001124807804444572,0.09619989308218162,0.0003452449776280749,2.6531253109375634,0.0019113215512334136,0.0182342529296875,0.9889470208436251,0.0028518113855776996,0.0103759765625,0.3199530690908432,0.32196831703186035
89974.80533024576,1915,125563392,125501440,2124.795585734478,1092.2643974859968,1909,100,2.4,4.270831389903339,10.0,0.0,1.4,3.4698704245489167,10.0,0.0,-0.001945101215824252,0.0666096288478002,0.00034810990170323447,2.635764494538307,0.0027582153052208014,0.024083455403645832,0.9934734882165989,0.0034497156278424277,0.012054443359375,0.34476180374622345,0.32198187708854675
90056.65227712505,1917,125632512,125632512,844.5030955392866,1601.4280922819066,1909,100,2.4,4.270831389903339,10.0,0.0,1.4,3.4698704245489167,10.0,0.0,-0.0005239552847342566,0.06323478788059825,0.00037168267196345067,2.6366338903705278,0.0031688261642557336,0.027094523111979168,0.9944561757147312,0.0035349785393918864,0.014190673828125,0.3752303794026375,0.3220398426055908
90116.65261099208,1918,125751040,125698048,1975.4556743411606,1092.2605888365813,1909,100,2.4,4.270831389903339,10.0,0.0,1.4,3.4698704245489167,10.0,0.0,-0.001758602516929386,0.06400919703689094,0.0003133366405260555,2.6489300280809402,0.0027696618932774677,0.022176106770833332,0.9934841139862935,0.0031424352710018866,0.012664794921875,0.3491061180830002,0.3220582604408264
90198.4508957155,1920,125829120,125829120,954.5432433455579,1602.3807888292645,1909,100,2.4,4.270831389903339,10.0,0.0,1.4,3.4698704245489167,10.0,0.0,-0.0013770666785906844,0.0858010767842643,0.00032835227072306833,2.637971704204877,0.0028223273147887085,0.023529052734375,0.9915414582937956,0.0040301496046595275,0.014495849609375,0.378551222383976,0.3221086263656616
90258.461453503,1921,125954304,125894656,2086.0329351261303,1092.0745018247226,1915,100,1.9,3.9230091219019942,10.0,0.0,1.2,3.2496154321669954,10.0,0.0,-0.001887654943857342,0.05803717082987228,0.0003440315301001343,2.638627290725708,0.002496375289410935,0.027277628580729168,0.9941485449671745,0.00400123828148935,0.012969970703125,0.3594702258706093,0.3221294581890106
90340.24565493502,1923,126025728,126025728,873.3227047447414,1602.6567198183068,1915,100,1.9,3.9230091219019942,10.0,0.0,1.2,3.2496154321669954,10.0,0.0,-0.00017492264790538078,0.0511357016027129,0.0003391917240757418,2.6444813857475915,0.0025574844312359346,0.026774088541666668,0.9936403861890236,0.003359547418464596,0.012054443359375,0.3446224480867386,0.32217472791671753
90400.24610897247,1924,126146560,126091264,2013.8514272672128,1092.2584012296747,1915,100,1.9,3.9230091219019942,10.0,0.0,1.2,3.2496154321669954,10.0,0.0,-0.0012349517091934104,0.12480919843073934,0.00038845714061608305,2.625365224977334,0.0033869505095935892,0.0328369140625,0.9890791376431783,0.0042465187216294,0.01556396484375,0.3897305056452751,0.3222163915634155
90482.1206518691,1926,126222336,126222336,925.5135640349765,1600.888326979419,1915,100,1.9,3.9230091219019942,10.0,0.0,1.2,3.2496154321669954,10.0,0.0,-0.0016012441083148587,0.10171438144364706,0.0003780110916219807,2.6202431172132488,0.003852657483245518,0.03424072265625,0.9919906773914893,0.004405718578103309,0.018768310546875,0.4312370643019676,0.32233017683029175
90542.12539828941,1927,126340608,126287872,1971.0440766060829,1092.1802675566173,1920,100,1.9,3.92300907709754,10.0,0.0,1.3,3.363034423311206,10.0,0.0,-0.0013328086564191228,0.0814652350381948,0.00035452801391026395,2.64313297222058,0.0031896364240916832,0.028437296549479164,0.9908472845951716,0.003121773239399772,0.01068115234375,0.3195490762591362,0.3223324418067932
90624.99356045574,1929,126418944,126418944,945.3087645743778,1581.693096281312,1920,100,1.9,3.92300907709754,10.0,0.0,1.3,3.363034423311206,10.0,0.0,-0.00175992554492647,0.08614584846266855,0.0003532676710165106,2.6299035027623177,0.002767784841732161,0.028554280598958332,0.9920336715877056,0.0043804794089131365,0.013275146484375,0.3639512434601784,0.32238346338272095
90684.99384110887,1930,126537984,126484480,1983.9907197800246,1092.2615575563145,1920,100,1.9,3.92300907709754,10.0,0.0,1.3,3.363034423311206,10.0,0.0,-0.0004994840528524948,0.05234008242647785,0.00033366953418105066,2.642241838077704,0.0019514971657675537,0.018610636393229164,0.9948632797847192,0.0038285661066765893,0.013885498046875,0.3707167059183121,0.3224113881587982
90767.0929204626,1932,126615552,126615552,944.8096204074093,1596.5099856389227,1926,100,1.9,3.9230091295601657,10.0,0.0,1.5,3.5707142677032615,10.0,0.0,-0.001343870895652799,0.06304989206061387,0.00036021350903562655,2.6385471026102705,0.002791947967125452,0.029530843098958336,0.9935777802020312,0.004636251083866227,0.011138916015625,0.3331058844923973,0.32243412733078003
90827.0931259729,1933,126731520,126681088,1932.793379851009,1092.262925478716,1926,100,1.9,3.9230091295601657,10.0,0.0,1.5,3.5707142677032615,10.0,0.0,-0.00020521384552315192,0.10788995710512002,0.0003984691132548808,2.633872978389263,0.002482620865824477,0.028116861979166668,0.9899854355802139,0.004342771976856359,0.013427734375,0.3647984340786934,0.32245832681655884
90909.71029689629,1935,126812160,126812160,976.0682809482436,1586.4982852238118,1926,100,1.9,3.9230091295601657,10.0,0.0,1.5,3.5707142677032615,10.0,0.0,-0.0013022130175765294,0.08888735030389701,0.0003277022566787006,2.634292642275492,0.0030905325796387237,0.030680338541666668,0.9914544330288966,0.003810315438992499,0.01617431640625,0.3999520316720009,0.32252857089042664
90969.71051004995,1936,126938368,126877696,2103.4591939995585,1092.2627863364849,1926,100,1.9,3.9230091295601657,10.0,0.0,1.5,3.5707142677032615,10.0,0.0,-0.0012786408115061931,0.04858782565376411,0.00035099163414997747,2.6415318349997206,0.0022885481891232002,0.02099609375,0.9953925975908836,0.0038434412805751586,0.01556396484375,0.39410966634750366,0.32256969809532166
91050.74914571829,1938,127008768,127008768,868.7214366258088,1617.401365645142,1931,100,1.9,3.923009163010647,10.0,0.0,1.3,3.3630344322445302,10.0,0.0,-0.0017607754101239457,0.10760768617425734,0.0003522568734600403,2.6343802014986673,0.0038359646556879556,0.030888875325520836,0.989090124766032,0.003909816167530759,0.014190673828125,0.37400487810373306,0.3226189911365509
91110.75971727353,1939,127132416,127074304,2060.436966280063,1092.074251278874,1931,100,1.9,3.923009163010647,10.0,0.0,1.3,3.3630344322445302,10.0,0.0,-0.001735513040330261,0.048775603325339034,0.0003403859157818564,2.636574032406012,0.0039036706202750793,0.028864542643229168,0.9956034260491531,0.004434821998681097,0.012054443359375,0.34659209847450256,0.3226320445537567
91192.96298184991,1941,127205376,127205376,887.5559915531805,1594.4865532464157,1931,100,1.9,3.923009163010647,10.0,0.0,1.3,3.3630344322445302,10.0,0.0,-0.002520365778764244,0.06920522527070716,0.00031874713082894834,2.6491493235031767,0.00249572383290797,0.021209716796875,0.9918136553217968,0.0032239274733001366,0.0128173828125,0.3560296520590782,0.32267022132873535
91252.9715626007,1942,127332096,127270912,2111.698000762011,1092.1104812021713,1931,100,1.9,3.923009163010647,10.0,0.0,1.3,3.3630344322445302,10.0,0.0,-0.0009144075690225387,0.06233849750909333,0.00035469629013581044,2.6257424329717955,0.0032674368158041034,0.029144287109374997,0.9946374272306759,0.004426329644047655,0.013580322265625,0.3669504448771477,0.32269537448883057
91334.06473117787,1944,127401984,127401984,861.8235201092809,1616.3137080437796,1937,100,1.9,3.9230091422880413,10.0,0.0,1.5,3.570714259700854,10.0,0.0,-0.0014501560253847856,0.0644637761094297,0.0003423175173035512,2.640905367831389,0.002279862903378671,0.021046956380208332,0.993753219023347,0.0035183125000912696,0.01129150390625,0.3328903168439865,0.32273101806640625
91394.07165544387,1945,127520256,127467520,1970.9725410309306,1092.1406287963598,1937,100,1.9,3.9230091422880413,10.0,0.0,1.5,3.570714259700854,10.0,0.0,-0.001222523226412401,0.09120126093815391,0.0003307029152589772,2.6364725579818087,0.0028847012575473245,0.03368631998697917,0.9903932344168425,0.0034985037079119747,0.00946044921875,0.30331533029675484,0.3227233290672302
91475.70391175244,1947,127598592,127598592,959.6206639675543,1605.6398037627052,1937,100,1.9,3.9230091422880413,10.0,0.0,1.5,3.570714259700854,10.0,0.0,-0.0008117022443911993,0.06728435894668414,0.00037104224217425025,2.6375925590594607,0.002941201817520778,0.030100504557291668,0.9932261997212966,0.003736753023986239,0.01220703125,0.3481808602809906,0.32273828983306885
91535.70432880893,1948,127723264,127664128,2077.8522236372946,1092.2590744376744,1937,100,1.9,3.9230091422880413,10.0,0.0,1.5,3.570714259700854,10.0,0.0,-0.0032095235522623016,0.09362463581298168,0.0003204256493821352,2.634681892891725,0.002907266277664651,0.029103597005208336,0.9915957165261109,0.0033487732871435583,0.012969970703125,0.35755906999111176,0.3227584660053253
91616.19411762897,1950,127795200,127795200,893.7282735433575,1628.4301638939469,1943,100,2.2,4.142463107668401,10.0,0.0,0.9,2.8618176542681573,10.0,0.0,-0.0018011049626996585,0.11748952878406273,0.000352119617673452,2.636595581968625,0.0034004260178335244,0.026326497395833336,0.9890313024322192,0.0036986498040884426,0.011444091796875,0.3324555344879627,0.3227987587451935
91676.19443725422,1951,127919360,127860736,2069.3223098722888,1092.260848097538,1943,100,2.2,4.142463107668401,10.0,0.0,0.9,2.8618176542681573,10.0,0.0,-0.0020364026361979386,0.0610427733239097,0.00033533911361397867,2.642459919055303,0.0024113832387229195,0.020258585611979164,0.9929274631043276,0.003104990969101588,0.010223388671875,0.3188283294439316,0.32279711961746216
91757.59465630911,1953,127991808,127991808,890.0221748929731,1610.2167969795132,1943,100,2.2,4.142463107668401,10.0,0.0,0.9,2.8618176542681573,10.0,0.0,-0.0015769032615935428,0.06820882647298276,0.0003340589246363379,2.62574960043033,0.0029941801961588985,0.024414062500000003,0.9937039284656446,0.004036176940038179,0.01373291015625,0.369747519493103,0.3228650987148285
91817.59826472495,1954,128117760,128057344,2099.0737611500376,1092.2009814114017,1948,100,2.1,4.073082424833826,10.0,0.0,1.0,3.000000017573554,10.0,0.0,-0.0006157941376538172,0.0810924294249465,0.0003586089684783171,2.6322220663229627,0.0023131206617108546,0.029154459635416668,0.9928303174674512,0.004150253958262813,0.015106201171875,0.3874185159802437,0.32290202379226685
91898.55280328076,1956,128188416,128188416,872.7861496151291,1619.081552909225,1948,100,2.1,4.073082424833826,10.0,0.0,1.0,3.000000017573554,10.0,0.0,-0.0022078277155136066,0.1167620716538901,0.00035835652791623335,2.6243843138217926,0.0032067460045558014,0.03502909342447917,0.9888036095847687,0.0041043473393074245,0.012969970703125,0.3552109822630882,0.32294201850891113
91958.55358380172,1957,128307456,128253952,1983.9741911093063,1092.2524579010374,1948,100,2.1,4.073082424833826,10.0,0.0,1.0,3.000000017573554,10.0,0.0,-0.0013660561089636758,0.08100315973085041,0.0003398487330438608,2.6330473348498344,0.003173627506233364,0.036844889322916664,0.9918889372299114,0.003849622463652243,0.01556396484375,0.3923812359571457,0.3229824900627136
92040.37962870579,1959,128385024,128385024,947.9622300080592,1601.8371675383707,1948,100,2.1,4.073082424833826,10.0,0.0,1.0,3.000000017573554,10.0,0.0,-0.0005943321023854272,0.08449389399417366,0.00036299928463752923,2.6303975656628604,0.0027521150605025473,0.023086547851562497,0.9923403430730104,0.003956426652924468,0.012969970703125,0.3595840707421303,0.32301270961761475
92100.37995746545,1960,128505856,128450560,2013.855632091691,1092.2606818124425,1954,100,1.9,3.9230090847557118,10.0,0.0,1.3,3.3630343710464174,10.0,0.0,-0.001666080753542095,0.10980805027065799,0.0003934941002322982,2.6303908675909042,0.0034117906240377725,0.030873616536458332,0.9891942571848631,0.004037458124609353,0.014190673828125,0.3736472949385643,0.32304221391677856
92184.22970830463,1962,128581632,128581632,903.7116895593467,1563.1769765350862,1954,100,1.9,3.9230090847557118,10.0,0.0,1.3,3.3630343710464174,10.0,0.0,-0.0003901274952416619,0.11109155464995032,0.0003741422876070525,2.637444237867991,0.0037519647618561676,0.0313873291015625,0.9886958114802837,0.003968309678991015,0.012359619140625,0.34966127574443817,0.3230915665626526
92244.23103336524,1963,128697856,128647168,1937.023888765628,1092.2425452070502,1954,100,1.9,3.9230090847557118,10.0,0.0,1.3,3.3630343710464174,10.0,0.0,-0.0015367141204478685,0.07571242348058149,0.0003719780094494733,2.640191540122032,0.002055978027783567,0.023579915364583332,0.9928606475392978,0.003632522554350241,0.016021728515625,0.3993421047925949,0.3231354057788849
92326.25331792794,1965,128778240,128778240,980.0263480658459,1598.0047458908061,1959,100,1.9,3.92300911461822,10.0,0.0,1.5,3.570714233243036,10.0,0.0,-0.0009196249629894737,0.06962945654716653,0.0003607468051995965,2.63908193508784,0.0022916233556316,0.023061116536458332,0.9931868401666483,0.003511936813689924,0.014801025390625,0.3825453445315361,0.32319894433021545
92386.25336117297,1966,128902912,128843776,2077.865169044223,1092.2658794154438,1959,100,1.9,3.92300911461822,10.0,0.0,1.5,3.570714233243036,10.0,0.0,-0.0010587945580482483,0.07448320515686646,0.00037704942436297034,2.6388812636335692,0.0026675447588786483,0.024907430013020832,0.9932288409521183,0.003820189808417732,0.01220703125,0.3449879586696625,0.3232126832008362
92467.43125993945,1968,128974848,128974848,886.1525254175474,1614.6266655294814,1959,100,1.9,3.92300911461822,10.0,0.0,1.5,3.570714233243036,10.0,0.0,-0.002052337362935456,0.06062646920327097,0.00040587647557307116,2.6265352020661035,0.0036986637787777,0.028661092122395836,0.9947317192951839,0.0038220867112007304,0.015869140625,0.39618900418281555,0.323273628950119
92527.43165703863,1969,129101568,129040384,2111.9860222013026,1092.259437744512,1959,100,1.9,3.92300911461822,10.0,0.0,1.5,3.570714233243036,10.0,0.0,-7.256980582800077e-05,0.10164079547394067,0.0004292956027711625,2.6353978986541433,0.0026303020343524013,0.0240478515625,0.9907874272515377,0.0039407588192261755,0.014190673828125,0.37570495903491974,0.32330283522605896
92608.51417317335,1971,129171456,129171456,861.9367445860072,1616.5260557803504,1964,100,1.9,3.9230091295601657,10.0,0.0,1.6,3.666060570345411,10.0,0.0,-0.0014270945563718367,0.11055502144154161,0.000390125674130104,2.616309016942978,0.003340340903984422,0.03185526529947917,0.9921931456774472,0.004614306628354825,0.0177001953125,0.4174676239490509,0.3233683705329895
92668.52166195307,1972,129294592,129236992,2052.0105490834553,1092.1303546057475,1964,100,1.9,3.9230091295601657,10.0,0.0,1.6,3.666060570345411,10.0,0.0,-0.0019474772003983771,0.08935322849235187,0.0003455785605789667,2.6379112054904303,0.0024799550495420894,0.022562662760416668,0.9927952059855064,0.003593926873387924,0.016021728515625,0.3935640677809715,0.32341182231903076
92750.67599750403,1974,129368064,129368064,894.3167698608206,1595.436188741255,1964,100,1.9,3.9230091295601657,10.0,0.0,1.6,3.666060570345411,10.0,0.0,-0.0010249926599499304,0.06332235529165095,0.0003458099918134394,2.6403034379084906,0.0027875041359948227,0.027587890625,0.994588273887833,0.003194538008150024,0.012664794921875,0.35219693183898926,0.3234449028968811
92810.67639478203,1975,129495040,129433600,2116.2526543231097,1092.2594344893469,1964,100,1.9,3.9230091295601657,10.0,0.0,1.6,3.666060570345411,10.0,0.0,-0.001536920344127187,0.0772586873305651,0.0003522638547413711,2.645312105615934,0.0029355996988063757,0.030003865559895832,0.9919116701930761,0.003051916438077266,0.01190185546875,0.34283702820539474,0.3234560787677765
92892.34806309734,1977,129564672,129564672,852.5845184302434,1604.8649758686936,1970,100,1.5,3.5707142184782974,10.0,0.0,1.1,3.128897598330692,10.0,0.0,-0.0010807316211867146,0.10216965885289633,0.0003711040756873748,2.618451163172722,0.0031222726465784945,0.028096516927083336,0.9918283987790346,0.004091311415929036,0.0189208984375,0.43192122876644135,0.32354027032852173
92952.34833939094,1978,129687552,129630208,2047.990569221691,1092.2616369182354,1970,100,1.5,3.5707142184782974,10.0,0.0,1.1,3.128897598330692,10.0,0.0,-0.0016995263492087056,0.06560117202267671,0.00035268075407657307,2.6418185383081436,0.002272969208206632,0.023783365885416668,0.9934045510987441,0.0033927823751582764,0.013427734375,0.35998184233903885,0.32356327772140503
93033.71692104079,1980,129761280,129761280,906.0991171908713,1610.8428750059936,1970,100,1.5,3.5707142184782974,10.0,0.0,1.1,3.128897598330692,10.0,0.0,-0.0008941724615093942,0.1106214716176813,0.0003942378407373326,2.617754978438218,0.002856444574717898,0.038996378580729164,0.9914165865629911,0.004381164471851662,0.016326904296875,0.4029631242156029,0.32359135150909424
93093.72238515876,1981,129890816,129826816,2158.7367401296174,1092.1672044924546,1970,100,1.5,3.5707142184782974,10.0,0.0,1.1,3.128897598330692,10.0,0.0,-0.0011425318043620791,0.05733327713096515,0.00033703303658209427,2.6452024628718696,0.0019354646440964036,0.025085449218750003,0.9941876555482547,0.003324298066824364,0.013580322265625,0.3653661832213402,0.32361549139022827
93174.66200361494,1983,129957888,129957888,828.6671135757124,1619.3800082090258,1975,100,1.7,3.756327998197585,10.0,0.0,1.1,3.128897581481095,10.0,0.0,-0.0022421841883139373,0.06899989543793103,0.00040689976807091927,2.641250354548295,0.003973916565276644,0.03672281901041667,0.9935273869584004,0.003862316077478075,0.01373291015625,0.36870643496513367,0.32367077469825745
93234.66724040732,1984,130081280,130023424,2056.3538550300873,1092.1713420906688,1975,100,1.7,3.756327998197585,10.0,0.0,1.1,3.128897581481095,10.0,0.0,-0.0019545295363059267,0.06595100652581702,0.00036389439022362546,2.649247581760089,0.002871988324841368,0.024922688802083332,0.9927389950801928,0.003218758004853347,0.009918212890625,0.3146018087863922,0.3236663341522217
93316.35511583835,1986,130154496,130154496,896.2896833057706,1604.546565918023,1975,100,1.7,3.756327998197585,10.0,0.0,1.1,3.128897581481095,10.0,0.0,-0.0019908209651475772,0.08500429531947398,0.000373824656890065,2.6235233445962267,0.003418400880642973,0.033040364583333336,0.992631214360396,0.004025567078012197,0.015106201171875,0.3879426345229149,0.3237321376800537
93376.35514701623,1987,130280960,130220032,2107.732238089415,1092.2660990908712,1975,100,1.7,3.756327998197585,10.0,0.0,1.1,3.128897581481095,10.0,0.0,-0.0011993351799901575,0.06492775573860854,0.00037066964432597155,2.6378048484524093,0.002478811503654773,0.019678751627604164,0.9929673659304777,0.002887590863489701,0.009918212890625,0.3142305761575699,0.32372769713401794
93457.04934586305,1989,130351104,130351104,869.2570346123069,1624.3051157719021,1981,100,2.0,4.000000075071165,10.0,0.0,1.0,3.000000010014359,10.0,0.0,-0.0012438811293880765,0.08222786015054832,0.0003616621382510251,2.6342920189102492,0.00357047234623072,0.025355021158854168,0.991678312420845,0.003631295859425639,0.014495849609375,0.3792746588587761,0.32381218671798706
93517.04973477032,1990,130470144,130416640,1983.9871402163378,1092.2595868717904,1981,100,2.0,4.000000075071165,10.0,0.0,1.0,3.000000010014359,10.0,0.0,-0.002344478523203482,0.058501053116439536,0.0003737299293788965,2.6264592384298644,0.0022145580739258244,0.023406982421875,0.9944203483561674,0.003589260302154192,0.01495361328125,0.3850218951702118,0.323846697807312
93598.02022845205,1992,130547712,130547712,957.978597795105,1618.762515086118,1981,100,2.0,4.000000075071165,10.0,0.0,1.0,3.000000010014359,10.0,0.0,-0.0016040481774931927,0.06444025967114915,0.00035113094781991094,2.633425580958525,0.002123216515731959,0.0188446044921875,0.9926528794070085,0.0031261202238965775,0.013275146484375,0.3632281869649887,0.32391440868377686
93658.02678715065,1993,130675200,130613248,2124.5677600067092,1092.147282252445,1987,100,1.9,3.9230091353408265,10.0,0.0,1.5,3.5707142184782974,10.0,0.0,-0.0027306533762991116,0.05633302047499456,0.00037170459503007197,2.6446684698263807,0.0028190817077605366,0.022928873697916668,0.9938145155707995,0.003275093996004822,0.01190185546875,0.3425862491130829,0.3239252269268036
93739.57780446764,1995,130744320,130744320,847.5675996944328,1607.2393001612948,1987,100,1.9,3.9230091353408265,10.0,0.0,1.5,3.5707142184782974,10.0,0.0,-0.00226721768558491,0.0698631025928383,0.0004254212744854158,2.6354965567588806,0.0031428050181906047,0.029307047526041664,0.9926983416080475,0.0034943013937057303,0.01373291015625,0.36965568363666534,0.3239751160144806
93799.57816519402,1996,130865664,130809856,2022.38784118929,1092.2600998828234,1987,100,1.9,3.9230091353408265,10.0,0.0,1.5,3.5707142184782974,10.0,0.0,-0.0023298952425345,0.076361005854172,0.00035706398042142007,2.6360316251715026,0.00303790602144242,0.0272064208984375,0.9929893730829159,0.00317306149857662,0.014495849609375,0.3770463913679123,0.3240058720111847
93881.96786429733,1998,130940928,130940928,913.5122572255593,1590.8784887737631,1987,100,1.9,3.9230091353408265,10.0,0.0,1.5,3.5707142184782974,10.0,0.0,-0.0017596079245170888,0.0753309439169243,0.0003813144855181842,2.639106146991253,0.0032306860818304512,0.031412760416666664,0.993309353167812,0.00414634788709615,0.013427734375,0.3637443110346794,0.3240590989589691
93941.96807036828,1999,131060992,131006464,2001.05979399505,1092.2629152723514,1992,100,2.0,4.000000075071165,10.0,0.0,1.4,3.4698704245489167,10.0,0.0,-0.0011788868626657254,0.07533475673214222,0.00040872189219953725,2.6291682471831637,0.0024946855040373825,0.022755940755208332,0.9932131102929512,0.004076254202421599,0.013580322265625,0.36764752864837646,0.32408273220062256
94024.46403425932,2001,131137536,131137536,927.8514534493064,1588.8292447024912,1992,100,2.0,4.000000075071165,10.0,0.0,1.4,3.4698704245489167,10.0,0.0,-0.0014620059955632314,0.08169486497839293,0.00037628861112655915,2.6330714027086892,0.002350027670521134,0.023193359375,0.9917572240034739,0.0037337187071292037,0.012359619140625,0.34896890819072723,0.32413461804389954
94084.46409322042,2002,131261696,131203072,2069.3312998324745,1092.2655933136361,1992,100,2.0,4.000000075071165,10.0,0.0,1.4,3.4698704245489167,10.0,0.0,-0.0017077396357005152,0.0986850370730584,0.00037723074971533305,2.6282204762101173,0.0025443079345374526,0.021764119466145836,0.9911635300765436,0.00401353336928878,0.015411376953125,0.3910403773188591,0.3241722285747528
94165.25390351005,2004,131334144,131334144,896.7467523475585,1622.3828169680212,1998,100,2.1,4.073082428336365,10.0,0.0,1.9,3.9230090978201466,10.0,0.0,-0.0014965972307739626,0.07092855284766605,0.00034597283320181305,2.628444693982601,0.0029395520341495285,0.023183186848958332,0.9936511361350616,0.0038475522766627064,0.0146484375,0.3781869262456894,0.3242426812648773
94225.25418791175,2005,131457792,131399680,2060.7902317959156,1092.2614893162618,1998,100,2.1,4.073082428336365,10.0,0.0,1.9,3.9230090978201466,10.0,0.0,-0.0009785286238184199,0.04746881569735706,0.00035923858983248164,2.6391584078470864,0.0022084574951198497,0.023630777994791668,0.995152631153663,0.003252222755691037,0.01190185546875,0.34275153279304504,0.32425326108932495
94306.79707421549,2007,131530752,131530752,894.743898667414,1607.3995653253191,1998,100,2.1,4.073082428336365,10.0,0.0,1.9,3.9230090978201466,10.0,0.0,-0.0014236939532565884,0.10043157427571714,0.0003737993859734464,2.6356975560386977,0.0026552963893967294,0.022771199544270832,0.9910507102807363,0.0035964421161528053,0.0140380859375,0.372919000685215,0.3243071138858795
94366.79986659624,2008,131656192,131596288,2090.569372238801,1092.215835292108,1998,100,2.1,4.073082428336365,10.0,0.0,1.9,3.9230090978201466,10.0,0.0,-0.0005180331754672807,0.08287727126541236,0.0003845839419227559,2.6401721959312754,0.0029110188394649112,0.024144490559895836,0.9914856230219206,0.0034607174505557245,0.013427734375,0.36462578922510147,0.32432934641838074
94447.49715847895,2010,131727360,131727360,881.913114301788,1624.24285799466,2003,100,2.3,4.208325156761799,10.0,0.0,1.7,3.7563281058179046,10.0,0.0,-0.0008013739109931824,0.06302594800945371,0.00036028545612983487,2.641527955730756,0.002626916891434424,0.020365397135416668,0.9932970038304726,0.003439050759576882,0.013885498046875,0.36932241916656494,0.32436785101890564
94507.49761192407,2011,131846656,131792896,1988.2516406163024,1092.2584120123893,2003,100,2.3,4.208325156761799,10.0,0.0,1.7,3.7563281058179046,10.0,0.0,-0.0017358652427598522,0.040646217385074124,0.0003498476265425173,2.648971868058046,0.0020630615872505587,0.0189666748046875,0.9952437573422989,0.0029324651938319826,0.011444091796875,0.3364974483847618,0.324374794960022
94588.77510501165,2013,131923968,131923968,951.2104404684073,1612.648163972929,2003,100,2.3,4.208325156761799,10.0,0.0,1.7,3.7563281058179046,10.0,0.0,-0.0008913643468986265,0.0748604636367721,0.0003407015868409265,2.634257676700751,0.0035649801011459203,0.028045654296875,0.9927666137615839,0.00398804729047697,0.012969970703125,0.35743457078933716,0.3243992328643799
94648.7859194288,2014,132048896,131989504,2081.758116655227,1092.0698316879877,2008,100,2.3,4.2083250785854895,10.0,0.0,2.0,4.000000075071165,10.0,0.0,0.0010374285532937695,0.08917041270372768,0.00037345879900385626,2.6398882592717805,0.0023668645274786586,0.023218790690104168,0.9915131709227959,0.004130305567135413,0.015716552734375,0.39512044191360474,0.32443881034851074
94729.36264849547,2016,132120576,132120576,889.5868674526524,1626.6731290562786,2008,100,2.3,4.2083250785854895,10.0,0.0,2.0,4.000000075071165,10.0,0.0,-0.001113914928282611,0.11179392016492784,0.0004265967945684679,2.6229344606399536,0.003314285992625325,0.027674357096354164,0.9908085955927769,0.00480181937746238,0.015716552734375,0.3959672898054123,0.3245213031768799
94789.36282829475,2017,132244992,132186112,2073.593786155725,1092.2633935305876,2008,100,2.3,4.2083250785854895,10.0,0.0,2.0,4.000000075071165,10.0,0.0,-0.000659807120731178,0.10563412896590307,0.00037659554376053467,2.63759209215641,0.003119471930403961,0.0247802734375,0.9880985040217638,0.0037622272429871373,0.013275146484375,0.3621576204895973,0.3245421350002289
94868.91623215377,2019,132317184,132317184,907.4658845261786,1647.5976343170335,2013,100,2.1,4.073082474945767,10.0,0.0,1.3,3.36303437323655,10.0,0.0,-0.003255702111346182,0.044616165483603254,0.00034202410582414206,2.647205149134,0.002695020641112933,0.0259552001953125,0.9940293449908495,0.0034505513055288857,0.009613037109375,0.3092682510614395,0.32457906007766724
94928.91626737826,2020,132439808,132382720,2043.73213350989,1092.26602542491,2013,100,2.1,4.073082474945767,10.0,0.0,1.3,3.36303437323655,10.0,0.0,-0.001085070751287276,0.08787913961956899,0.0003771745429427635,2.6383868853251142,0.0029710348341419985,0.024622599283854168,0.990922067935268,0.003850304279088353,0.014190673828125,0.37247611582279205,0.3246068060398102
95009.53120490257,2022,132513792,132513792,917.7455478110178,1625.9021469869936,2013,100,2.1,4.073082474945767,10.0,0.0,1.3,3.36303437323655,10.0,0.0,-0.0005499253942010304,0.12658358050975949,0.0004523988827713766,2.6392933825651803,0.003585151102621846,0.029963175455729164,0.9869547002017498,0.004006729201743535,0.014495849609375,0.37954019010066986,0.32464131712913513
95069.531521664,2023,132641024,132579328,2120.522138339441,1092.2609002311808,2013,100,2.1,4.073082474945767,10.0,0.0,1.3,3.36303437323655,10.0,0.0,-0.0005100004588409016,0.07665837573586032,0.0003858552505941285,2.6466133818030357,0.0025075175605403883,0.022043863932291668,0.9920876013735931,0.003768923964040975,0.0115966796875,0.3403414785861969,0.32464927434921265
95149.4908492323,2025,132710400,132710400,867.6411134240724,1639.2333951037826,2018,100,2.1,4.073082447610682,10.0,0.0,1.4,3.469870336308908,10.0,0.0,-0.001484259613789618,0.08580045411751296,0.00039189053010583547,2.6476696481307345,0.002261345348112324,0.023529052734374997,0.9910166952759026,0.003693527563882526,0.01007080078125,0.3168562352657318,0.32466280460357666
95209.49096509907,2026,132835072,132775936,2077.8626540793316,1092.264557380511,2018,100,2.1,4.073082447610682,10.0,0.0,1.4,3.469870336308908,10.0,0.0,-0.0022550423406452564,0.07345791756718731,0.00044766481369151734,2.6379761000474296,0.0033776196263109646,0.0337371826171875,0.992866400629282,0.004282409642958859,0.012969970703125,0.3590884432196617,0.3246811330318451
95290.16169829946,2028,132907008,132907008,891.7236418480406,1624.7775965345083,2018,100,2.1,4.073082447610682,10.0,0.0,1.4,3.469870336308908,10.0,0.0,-0.0008620699227321892,0.06699746478504191,0.0004392577138787601,2.6259615023930865,0.003150702197672217,0.027552286783854168,0.9941727506617706,0.004655314349899224,0.014801025390625,0.3818986192345619,0.32474783062934875
95350.16187592503,2029,133035776,132972544,2146.1269798829826,1092.263433101478,2018,100,2.1,4.073082447610682,10.0,0.0,1.4,3.469870336308908,10.0,0.0,-0.0013047924100343757,0.06742935918737203,0.00039887347096131026,2.6427536780635514,0.002663074821612099,0.027135213216145836,0.9925480354577302,0.0038985757297875048,0.01220703125,0.34877490252256393,0.3247603178024292
95431.43985820748,2031,133103616,133103616,834.6663892842046,1612.6384577868405,2024,100,2.1,4.073082474945767,10.0,0.0,1.3,3.363034364303226,10.0,0.0,-0.0014194020586728586,0.06158624311986689,0.0003807321418207721,2.645354184011618,0.0024825293221510947,0.022298177083333332,0.9930635342995326,0.0032108062174908505,0.012359619140625,0.3497471511363983,0.32479333877563477
95491.44951205887,2032,133219840,133169152,1936.7550475765347,1092.0909519374293,2024,100,2.1,4.073082474945767,10.0,0.0,1.3,3.363034364303226,10.0,0.0,-0.0010191984935469616,0.078673392359633,0.00038352649274505285,2.6246965626875562,0.00314223032122148,0.027247111002604168,0.9922854534039894,0.0038544930212083273,0.015869140625,0.3975630849599838,0.3248334527015686
95574.97104623448,2034,133300224,133300224,962.4344283593371,1569.3198322292376,2024,100,2.1,4.073082474945767,10.0,0.0,1.3,3.363034364303226,10.0,0.0,-0.0013250471553571213,0.08947826204045364,0.0003634958217541377,2.6410330633322396,0.003231913037476867,0.031199137369791664,0.9897111269334952,0.0036802543108933605,0.01312255859375,0.36015963554382324,0.3248651921749115
95668.2373513626,2036,133431296,133431296,1405.3521238989463,1405.3521238989463,2029,100,2.2,4.142463084862329,10.0,0.0,1.4,3.4698703232377657,10.0,0.0,-0.0018926466776368518,0.0554776679976688,0.00035112173039427336,2.6374078939358396,0.0025350305950269103,0.023320515950520832,0.9938410942753156,0.0036877659634531783,0.0115966796875,0.3379186540842056,0.32488536834716797
95728.23772196937,2037,133553664,133496832,2039.454069408238,1092.259920017801,2029,100,2.2,4.142463084862329,10.0,0.0,1.4,3.4698703232377657,10.0,0.0,-0.00011971988715231419,0.07774378863784175,0.0003666369263252515,2.6371631597479186,0.003478835310185483,0.027704874674479164,0.9921649464716513,0.0040188761001142366,0.013885498046875,0.37059351056814194,0.32491040229797363
95810.56278085057,2039,133627904,133627904,901.7910343330423,1592.1276192362677,2029,100,2.2,4.142463084862329,10.0,0.0,1.4,3.4698703232377657,10.0,0.0,-0.0015672865592932794,0.04572123265825211,0.00040191532813575276,2.6363528445363045,0.00280027784659372,0.023096720377604164,0.9956841499855121,0.0037947550760388067,0.0115966796875,0.3397466242313385,0.32493966817855835
95870.5631035287,2040,133750528,133693440,2043.7223422583954,1092.2607925222324,2029,100,2.2,4.142463084862329,10.0,0.0,1.4,3.4698703232377657,10.0,0.0,-0.0013342332992275867,0.0674975338818816,0.00037910686296527274,2.6424746364355087,0.0030643584559584274,0.031214396158854168,0.9924722549815972,0.003639857740684723,0.013275146484375,0.3635629713535309,0.32496002316474915
95951.56797558162,2042,133824512,133824512,913.3277804779111,1618.0755142030814,2035,100,2.2,4.142463084862329,10.0,0.0,1.5,3.5707142184782974,10.0,0.0,-0.001471383298242775,0.04750272326054983,0.00034405285744772607,2.650812710324923,0.0027968921331194,0.021296183268229168,0.9942617043852806,0.0034575594933509515,0.010528564453125,0.32363008707761765,0.324972003698349
96011.57090924494,2043,133949184,133890048,2077.7650756136377,1092.2132635669225,2035,100,2.2,4.142463084862329,10.0,0.0,1.5,3.5707142184782974,10.0,0.0,-0.0020657777652862324,0.07951243788314362,0.0003737606602953747,2.632237248122692,0.002886255990233621,0.0242462158203125,0.9921143862108389,0.003793549069087021,0.012664794921875,0.3532576486468315,0.3249877393245697
96092.09874426294,2045,134021120,134021120,893.306022494199,1627.6607954342703,2035,100,2.2,4.142463084862329,10.0,0.0,1.5,3.5707142184782974,10.0,0.0,-0.00177202783136939,0.05729748531787967,0.0004004672379475475,2.624881625175476,0.003901589427186991,0.03757731119791667,0.9955661495526632,0.005274190807540435,0.012359619140625,0.34882067888975143,0.3250088095664978
96152.11218038201,2046,134144768,134086656,2060.338617416791,1092.0221243451315,2040,100,2.4,4.2708313638339295,10.0,0.0,1.3,3.363034364303226,10.0,0.0,-0.0018101957418063346,0.07189178163146911,0.00037201478062343085,2.638533127804597,0.002898878889027401,0.030527750651041668,0.9913189920286338,0.0037533351060119458,0.01434326171875,0.3766603022813797,0.3250371217727661
96233.06678198744,2048,134217728,134217728,901.2458656224519,1619.080291925247,2040,100,2.4,4.2708313638339295,10.0,0.0,1.3,3.363034364303226,10.0,0.0,-0.0016752302302241633,0.04184220859315246,0.0003603835875765071,2.631637148559094,0.002771555709841778,0.0235443115234375,0.9954585718611876,0.004210255484698185,0.016326904296875,0.4016014114022255,0.3250730037689209
96293.06711204443,2049,134342656,134283264,2082.1218796851476,1092.2606581954872,2040,100,2.4,4.2708313638339295,10.0,0.0,1.3,3.363034364303226,10.0,0.0,-0.0016777812476599745,0.08649688297494626,0.00036961358940364636,2.628452648719152,0.0030535858701720526,0.026880900065104168,0.9917875366906325,0.004209596115591315,0.01373291015625,0.3662729859352112,0.32509663701057434
96372.97148993984,2051,134414336,134414336,897.0722492055083,1640.3606842615009,2040,100,2.4,4.2708313638339295,10.0,0.0,1.3,3.363034364303226,10.0,0.0,-0.0022159437454926474,0.051589461644956223,0.00039508434686770977,2.6316750198602676,0.002979635266456171,0.024180094401041664,0.9950146159778039,0.004101890580689845,0.01312255859375,0.36048805713653564,0.32513123750686646
96432.97175387852,2052,134534912,134479872,2009.591159852689,1092.2618618307608,2045,100,2.6,4.386342588246712,10.0,0.0,1.3,3.3630343486267096,10.0,0.0,-0.0006727330546709709,0.11313584951373439,0.0004042912187287584,2.6334733193119364,0.0035313339097532053,0.0354461669921875,0.9889568599561851,0.004529968612284089,0.01556396484375,0.3905430808663368,0.3251684904098511
96514.34414763097,2054,134610944,134610944,934.3709395019785,1610.7674108586295,2045,100,2.6,4.386342588246712,10.0,0.0,1.3,3.3630343486267096,10.0,0.0,-0.0010615617769265857,0.09928101225523278,0.0004031912482484283,2.6487280850609145,0.003299071934331247,0.027384440104166668,0.9877101623763641,0.003202294050424825,0.008697509765625,0.2900204099714756,0.32515397667884827
96574.34451851994,2055,134734336,134676480,2056.5206209863914,1092.259914880739,2045,100,2.6,4.386342588246712,10.0,0.0,1.3,3.3630343486267096,10.0,0.0,-0.00047714383739124355,0.048416082349528246,0.0003823681372523424,2.6385791276892023,0.0032762363825895595,0.0248565673828125,0.9955000970512629,0.0038334763376042247,0.01220703125,0.3486218526959419,0.32516610622406006
96655.15497162566,2057,134807552,134807552,906.0214017636719,1621.968383576923,2051,100,2.4,4.270831402920891,10.0,0.0,1.4,3.469870329773337,10.0,0.0,-0.002051994092956496,0.026947988032285743,0.000358291424769656,2.635567513604959,0.002047926778080485,0.019358317057291668,0.9972783904522657,0.003524379290562744,0.012054443359375,0.3428131863474846,0.32517778873443604
96715.16249419004,2058,134929152,134873088,2026.4126030121772,1092.1297397286683,2051,100,2.4,4.270831402920891,10.0,0.0,1.4,3.469870329773337,10.0,0.0,-0.0010760200918108846,0.0830044027340288,0.00038345675632929976,2.627223034699758,0.00248167237744686,0.022074381510416664,0.9905904463181893,0.004056368600383091,0.0140380859375,0.37161852419376373,0.325203537940979
96797.34977284633,2060,135004160,135004160,912.6473248212408,1594.7966904726118,2051,100,2.4,4.270831402920891,10.0,0.0,1.4,3.469870329773337,10.0,0.0,-0.0023617485494469292,0.06794722729440157,0.0003907436315178832,2.6281700134277344,0.005773963328465469,0.037984212239583336,0.9930513817816973,0.004482345226278994,0.01434326171875,0.3771391957998276,0.3252526521682739
96857.34994085412,2061,135131392,135069696,2120.5273955810103,1092.263608186597,2051,100,2.4,4.270831402920891,10.0,0.0,1.4,3.469870329773337,10.0,0.0,-0.0019811535166809335,0.06216535957840581,0.0003668686516296778,2.6436759407321615,0.0028034505060835118,0.025029500325520836,0.9923510166505972,0.004306135395988046,0.008697509765625,0.2933647632598877,0.32523858547210693
96937.7192638116,2063,135200768,135200768,863.2149363347462,1630.8710236287457,2056,100,1.8,3.841874668500229,10.0,0.0,1.5,3.5707142184782974,10.0,0.0,-0.002186613509062833,0.059304052216854565,0.00037992561919963924,2.623998666803042,0.003804611203425641,0.032018025716145836,0.9951339183996121,0.005238163845206145,0.013885498046875,0.3664446324110031,0.3252830505371094
96997.71944248956,2064,135328768,135266304,2133.326980358075,1092.2634139433344,2056,100,1.8,3.841874668500229,10.0,0.0,1.5,3.5707142184782974,10.0,0.0,-0.001280168886296451,0.07008138409582898,0.00039362878881850827,2.6176165367166204,0.0033032773644663393,0.02960205078125,0.9943231257299583,0.00486286575808966,0.0201416015625,0.441117025911808,0.3253540098667145
97079.05461782496,2066,135397376,135397376,843.521879888703,1611.504486951552,2056,100,1.8,3.841874668500229,10.0,0.0,1.5,3.5707142184782974,10.0,0.0,-0.0015110561362234876,0.05775574023330895,0.00035290295333349303,2.62885561833779,0.0023749887762581543,0.024215698242187503,0.9945106599479914,0.004068900709777759,0.012969970703125,0.35441718250513077,0.3253948986530304
97139.05505637731,2067,135521024,135462912,2060.7849372987216,1092.258683123132,2056,100,1.8,3.841874668500229,10.0,0.0,1.5,3.5707142184782974,10.0,0.0,-0.0011193309134493272,0.07022101977296795,0.0003543956048209414,2.632649585604668,0.002575663767856895,0.020502726236979168,0.9914733649541935,0.003406530289794319,0.012054443359375,0.3442407473921776,0.32540568709373474
97220.29510342609,2069,135593984,135593984,898.0792435557562,1613.3914831598147,2061,100,2.1,4.073082460554359,10.0,0.0,1.9,3.92300907709754,10.0,0.0,-0.001599039487094463,0.08607305130378032,0.00033747720469060977,2.6342887555559473,0.0025758219138272884,0.022003173828125,0.9909470280011495,0.0035250689907115884,0.014801025390625,0.38343828171491623,0.3254758417606354
97280.29519584496,2070,135714560,135659520,2009.5969045889374,1092.2649842351761,2061,100,2.1,4.073082460554359,10.0,0.0,1.9,3.92300907709754,10.0,0.0,-0.0008933447061281186,0.05381783818787274,0.0003492278680520637,2.6282940010229745,0.0021151958620369746,0.018651326497395836,0.9947905441125233,0.0037143987744154097,0.016021728515625,0.39808567613363266,0.3255159556865692
97362.24020936433,2072,135790592,135790592,927.8416920636869,1599.5116038269618,2061,100,2.1,4.073082460554359,10.0,0.0,1.9,3.92300907709754,10.0,0.0,-0.0017342159529410612,0.09257158025866374,0.0003827640954720361,2.6273144036531444,0.0027347835972856656,0.029688517252604164,0.9907747227698566,0.0038170156719085453,0.0146484375,0.38081033527851105,0.32556670904159546
97422.25084928144,2073,135916288,135856128,2094.5619005834264,1092.0730072288334,2067,100,2.3,4.208325156761799,10.0,0.0,2.0,4.000000023618327,10.0,0.0,-0.0013243803914519958,0.056266422276773184,0.0003898430798775128,2.620188921689987,0.003907625018958545,0.03400675455729167,0.9952950589358805,0.004375652703553593,0.014495849609375,0.37908894568681717,0.3255954384803772
97503.77977327723,2075,135987200,135987200,869.7772094190678,1607.6748419587102,2067,100,2.3,4.208325156761799,10.0,0.0,2.0,4.000000023618327,10.0,0.0,-0.0021750342421000823,0.08658296221983619,0.0003651340563616638,2.620535564919313,0.0027833379893612196,0.029474894205729164,0.992920405541857,0.004154904340490854,0.0146484375,0.3772745206952095,0.3256460428237915
97563.7801242806,2076,136105984,136052736,1979.7217518498517,1092.2602768826769,2067,100,2.3,4.208325156761799,10.0,0.0,2.0,4.000000023618327,10.0,0.0,-0.0024129331189518175,0.08146831362197797,0.00032234666286967695,2.6360000570615134,0.002776878362662198,0.021784464518229164,0.9903032748649518,0.00325524991058046,0.013427734375,0.3610015884041786,0.32566678524017334
97644.71359730512,2078,136183808,136183808,961.5798889098045,1619.5029707954602,2067,100,2.3,4.208325156761799,10.0,0.0,2.0,4.000000023618327,10.0,0.0,-0.001970910702463395,0.07414978849313533,0.00034000527466560015,2.6230579093098645,0.00306260284196469,0.028116861979166668,0.9937905830641588,0.0038435105986233493,0.016326904296875,0.39759205281734467,0.32574424147605896
97704.71366099175,2079,136312064,136249344,2137.5977310600124,1092.26550728815,2072,100,1.9,3.9230091219019942,10.0,0.0,1.1,3.128897591082904,10.0,0.0,-0.0012344088390818797,0.0288332624186296,0.0003420951561565744,2.6365329300363856,0.0028677558275376214,0.024617513020833332,0.9969007807473342,0.0032869241573886634,0.012664794921875,0.353812076151371,0.32575926184654236
97784.20240896102,2081,136380416,136380416,859.8952901664119,1648.9377848884003,2072,100,1.9,3.9230091219019942,10.0,0.0,1.1,3.128897591082904,10.0,0.0,-0.0010325530420232099,0.05818081398804983,0.00033152627838717313,2.6370327149828277,0.0034990516815014416,0.0268402099609375,0.9939320770402749,0.003859189064921035,0.012054443359375,0.34523236751556396,0.3257881999015808
97844.20705169067,2082,136503552,136445952,2052.1078769653304,1092.182154892151,2072,100,1.9,3.9230091219019942,10.0,0.0,1.1,3.128897591082904,10.0,0.0,-0.0012782647427229676,0.044114786093511306,0.0003201632550068704,2.6455371528863907,0.0028062646142643644,0.028808593750000003,0.9946217673520247,0.0037343369064425738,0.0103759765625,0.3195735737681389,0.3257863521575928
97924.09665001836,2084,136577024,136577024,919.6691626691456,1640.664150824399,2078,100,2.4,4.270831293437905,10.0,0.0,1.7,3.756328066280811,10.0,0.0,-0.0015993577653716784,0.06036208595226829,0.000316193169055623,2.624921411275864,0.0038170352260446334,0.0310211181640625,0.9943178799003362,0.004086079488236767,0.014495849609375,0.3797599747776985,0.32582753896713257
97984.11388271581,2085,136700416,136642560,2055.9428426500594,1091.9530450589527,2078,100,2.4,4.270831293437905,10.0,0.0,1.7,3.756328066280811,10.0,0.0,-0.0018689440645781965,0.10058362538499446,0.00031680997502310976,2.62172844260931,0.0030799376545473933,0.027526855468749997,0.9911144282668828,0.004280785928131081,0.013885498046875,0.37188298255205154,0.3258514702320099
98065.2390760323,2087,136773632,136773632,902.5063239524899,1615.6756568659957,2078,100,2.4,4.270831293437905,10.0,0.0,1.7,3.756328066280811,10.0,0.0,-0.001140410066000186,0.07214514847146347,0.0003432905938704304,2.6305759424964585,0.002321681693501887,0.024017333984375,0.9921116580565771,0.004127377045127408,0.0115966796875,0.33602428436279297,0.325862318277359
98125.23974360805,2088,136897536,136839168,2065.0436904486037,1092.2545139562862,2078,100,2.4,4.270831293437905,10.0,0.0,1.7,3.756328066280811,10.0,0.0,-0.0010800868816052873,0.0666941930151855,0.0003646628798984845,2.6120569854974747,0.0033191043063804195,0.03448994954427083,0.9942227552334467,0.004531355334620457,0.01708984375,0.4119528979063034,0.32590967416763306
98206.18641972356,2090,136970240,136970240,898.1715308020349,1619.2388160938094,2083,100,2.4,4.270831345053704,10.0,0.0,1.3,3.3630343486267096,10.0,0.0,-0.0017420597820697972,0.07100558717502281,0.00033368804603621055,2.6352410092949867,0.0026851372792104184,0.020395914713541668,0.9924963973462582,0.0034583072435149615,0.0115966796875,0.3392331972718239,0.32592490315437317
98266.1864866279,2091,137088256,137035776,1966.931140062473,1092.265448711482,2083,100,2.4,4.270831345053704,10.0,0.0,1.3,3.3630343486267096,10.0,0.0,-0.0009689523036892448,0.0455852348532062,0.00033950985744013446,2.6307328244050345,0.00321687622454192,0.027943929036458336,0.9955445155501365,0.0038247141055762768,0.013427734375,0.3624084144830704,0.3259453773498535
98348.53478687722,2093,137166848,137166848,954.3852121058563,1591.6782690495063,2083,100,2.4,4.270831345053704,10.0,0.0,1.3,3.3630343486267096,10.0,0.0,-0.0006252398707147222,0.050181464379420504,0.00031139536834719667,2.6451413085063296,0.002040533492618124,0.0221099853515625,0.9945381867388884,0.00336044132563984,0.010986328125,0.33011777698993683,0.3259415626525879
98408.53811541572,2094,137287424,137232384,2009.4885223348092,1092.2060758337816,2083,100,2.4,4.270831345053704,10.0,0.0,1.3,3.3630343486267096,10.0,0.0,-0.000321692810151338,0.11615814897231756,0.00035342350474820705,2.6167971144119897,0.004001760327810189,0.03882853190104167,0.9900073700894912,0.00445686016852657,0.017242431640625,0.4135984778404236,0.32598987221717834
98489.86012744531,2096,137363456,137363456,934.9498137396859,1611.7653354704348,2089,100,2.1,4.07308249144907,10.0,0.0,1.3,3.363034364303226,10.0,0.0,-0.0003966791446146089,0.08373560477048157,0.00037855781283724355,2.6451588422060013,0.003316442255406097,0.028437296549479168,0.9908396527171135,0.003758904880669433,0.01190185546875,0.34317100793123245,0.3260217010974884
98549.86057446431,2097,137484288,137428992,2013.851662833947,1092.258528994683,2089,100,2.1,4.07308249144907,10.0,0.0,1.3,3.363034364303226,10.0,0.0,-0.0016401720434563079,0.09213407510348286,0.0003987311459544192,2.6269497871398926,0.003264487500928226,0.03243001302083333,0.9911269694566727,0.004366783461591695,0.013275146484375,0.36290495097637177,0.32604092359542847
98632.1661090944,2099,137560064,137560064,920.6671257354786,1592.5052985694765,2089,100,2.1,4.07308249144907,10.0,0.0,1.3,3.363034364303226,10.0,0.0,-0.0014353939222928602,0.08020063071550491,0.00035199667157333653,2.639031561712424,0.0037950743274753527,0.030756632486979168,0.9913437409947315,0.0036035851953784004,0.01129150390625,0.33082426711916924,0.32605817914009094
98692.16637359653,2100,137681920,137625600,2030.9243802695773,1092.2618515735542,2089,100,2.1,4.07308249144907,10.0,0.0,1.3,3.363034364303226,10.0,0.0,-0.0018377588263926252,0.06710706830684406,0.00033910608120398444,2.6481276353200274,0.0021763540365403364,0.0188446044921875,0.9922716723134121,0.0031994530387843647,0.010833740234375,0.32680924981832504,0.32605957984924316
98774.61616337113,2102,137756672,137756672,906.6366355129849,1589.719032132357,2095,100,2.3,4.208325211056307,10.0,0.0,1.6,3.6660606182901403,10.0,0.0,-0.002807957385812187,0.050590579727819815,0.00031946978591198183,2.636708895365397,0.0014864322286787988,0.017237345377604168,0.9946103741725286,0.003571208566427231,0.016937255859375,0.4103989377617836,0.32611900568008423
98834.61632034928,2103,137879808,137822208,2052.2612973304667,1092.2638089742193,2095,100,2.3,4.208325211056307,10.0,0.0,1.6,3.6660606182901403,10.0,0.0,0.00137172851585395,0.07355405535781756,0.0003238659780132972,2.635272035996119,0.003638967222893067,0.033269246419270836,0.992023746172587,0.00356395199681477,0.0128173828125,0.3566627725958824,0.3261348009109497
98914.98561960366,2105,137953280,137953280,914.1799254395731,1630.8715046169389,2095,100,2.3,4.208325211056307,10.0,0.0,1.6,3.6660606182901403,10.0,0.0,-0.0005747797840740534,0.0674201472235533,0.0003555190338981144,2.6286373659968376,0.0033099671715414542,0.031168619791666664,0.9935875870287418,0.004315020933669682,0.01312255859375,0.36010491102933884,0.32617297768592834
98974.98567807395,2106,138078464,138018816,2086.397966794962,1092.2656022484873,2100,100,2.1,4.073082473555125,10.0,0.0,2.0,4.000000095394909,10.0,0.0,-0.0004784646322756695,0.04841538074348743,0.00038552909275798203,2.6213600635528564,0.0019083436339618252,0.0222320556640625,0.9958697147667408,0.004114768858319924,0.01800537109375,0.42361700534820557,0.3262264132499695
99056.57325025927,2108,138149888,138149888,875.4274466920461,1606.519185327339,2100,100,2.1,4.073082473555125,10.0,0.0,2.0,4.000000095394909,10.0,0.0,-0.0028386270023474935,0.06301007451838814,0.00035146724045868416,2.6196599702040353,0.0026697024895838695,0.025843302408854164,0.9945633728057146,0.0038989241753976485,0.015869140625,0.3963058814406395,0.32626888155937195
99116.57360775582,2109,138270208,138215424,2005.321385075314,1092.26015867932,2100,100,2.1,4.073082473555125,10.0,0.0,2.0,4.000000095394909,10.0,0.0,-0.0014476547694357578,0.12184078968130052,0.0004048611769273217,2.6162712574005127,0.0034248124241761007,0.03606160481770833,0.9885483477264643,0.004477189948374871,0.015106201171875,0.38772672414779663,0.32630112767219543
99198.67221087962,2111,138346496,138346496,929.2240927042695,1596.5192465254563,2100,100,2.1,4.073082473555125,10.0,0.0,2.0,4.000000095394909,10.0,0.0,-0.00035746197924405954,0.05932066614817207,0.0003681219935363818,2.6260807688037553,0.001608398348253104,0.0224609375,0.9928359643866619,0.003853384291384524,0.0152587890625,0.387671560049057,0.3263390362262726
99258.67312744353,2112,138467328,138412032,2013.8359031783166,1092.2499813848497,2105,100,2.3,4.208325183218418,10.0,0.0,2.0,4.000000080740562,10.0,0.0,-0.003099959911196492,0.043902293633436784,0.00034261524585114483,2.624519638717174,0.00228182128315287,0.0218963623046875,0.9953272920101881,0.0035378340835450217,0.011444091796875,0.33562497794628143,0.32634469866752625
99340.55598329101,2114,138543104,138543104,925.4196035998907,1600.7258008214326,2105,100,2.3,4.208325183218418,10.0,0.0,2.0,4.000000080740562,10.0,0.0,-0.001911681173320782,0.040423167820942275,0.00033884342762272957,2.635593799253305,0.0027785779820987955,0.022633870442708332,0.9955489039421083,0.0038582134996734867,0.01251220703125,0.3521841689944267,0.3263847231864929
99400.55655139592,2115,138661120,138608640,1966.9147097683338,1092.2563247303544,2105,100,2.3,4.208325183218418,10.0,0.0,2.0,4.000000080740562,10.0,0.0,-0.0025601485249353573,0.09763995466831452,0.0003416229443852596,2.640468490620454,0.0032633585912359804,0.029256184895833332,0.9897225983440876,0.0035510517094129073,0.013427734375,0.36542604118585587,0.3264046907424927
99482.81208436377,2117,138739712,138739712,955.4615618466715,1593.4733539592698,2111,100,1.8,3.8418745960302654,10.0,0.0,1.8,3.8418746265234245,10.0,0.0,-0.0019927592838939745,0.0716032449757525,0.0003380842211602916,2.61598755667607,0.0018669326545932563,0.02008056640625,0.9926620479673147,0.0039926400349941105,0.01495361328125,0.3849807158112526,0.3264522850513458
99542.81221209839,2118,138854912,138805248,1919.995912500977,1092.2643413338892,2111,100,1.8,3.8418745960302654,10.0,0.0,1.8,3.8418746265234245,10.0,0.0,-0.0016012265987228602,0.027108283150785915,0.0002965511754761489,2.6212543422977133,0.0020421089963444197,0.018859863281250003,0.9974425627539555,0.0039021418415359226,0.015411376953125,0.38878709077835083,0.3264864981174469
99624.3824755773,2120,138936320,138936320,998.010752056147,1606.860078782224,2111,100,1.8,3.8418745960302654,10.0,0.0,1.8,3.8418746265234245,10.0,0.0,-0.002316508052899735,0.06568388697147991,0.0003452278915574425,2.6398142948746677,0.0029962479523722623,0.027216593424479164,0.9920140939454238,0.0038677934304966275,0.011749267578125,0.33880340307950974,0.3265075385570526
99684.3829355156,2121,139057920,139001856,2026.6511310917272,1092.258293809436,2111,100,1.8,3.8418745960302654,10.0,0.0,1.8,3.8418746265234245,10.0,0.0,-0.0017033628913244074,0.059717342786219284,0.0003463090721803989,2.634284093976021,0.0034096726049028803,0.030141194661458336,0.9930450922499101,0.004207114652672317,0.01220703125,0.34614136815071106,0.32651859521865845
99766.71966410149,2123,139132928,139132928,910.990772748039,1591.9019646655154,2116,100,2.2,4.142463035090915,10.0,0.0,1.4,3.469870395622755,10.0,0.0,-0.0015488664260677372,0.059279531027035176,0.00032404988966542686,2.633776426315307,0.0030377075011832253,0.025782267252604168,0.9922337966660658,0.0035732459558251626,0.010833740234375,0.32774294912815094,0.32651540637016296
99826.72027115803,2124,139252992,139198464,2001.0464208612818,1092.2556156513606,2116,100,2.2,4.142463035090915,10.0,0.0,1.4,3.469870395622755,10.0,0.0,-0.000861893548668983,0.07488887044989194,0.00035860593531348667,2.644134938716889,0.0025378247137268772,0.022832234700520836,0.9906014998753866,0.0035144410697588078,0.01190185546875,0.34379126131534576,0.3265242576599121
99908.8983235173,2126,139329536,139329536,931.4409115632233,1594.9757415397,2116,100,2.2,4.142463035090915,10.0,0.0,1.4,3.469870395622755,10.0,0.0,-0.0013859870705346111,0.043327313071737684,0.0003402814306051975,2.631721834341685,0.0019275248341728002,0.021916707356770832,0.9958823379129171,0.004430671334072637,0.0146484375,0.3802225589752197,0.32654520869255066
99968.89977246989,2127,139459840,139395072,2171.6808889557497,1092.2402899266638,2116,100,2.2,4.142463035090915,10.0,0.0,1.4,3.469870395622755,10.0,0.0,-0.0017837511016599215,0.06750013775308616,0.0003686382976108386,2.6302182053526244,0.003467897644441109,0.032038370768229164,0.9916430469602348,0.0036368866518993554,0.011749267578125,0.3395073339343071,0.3265529274940491
100049.23031615745,2129,139526144,139526144,825.3896582335964,1631.6583205235572,2122,100,2.1,4.073082448295444,10.0,0.0,1.1,3.128897598330692,10.0,0.0,-0.001646226650336757,0.06895331675574803,0.0003393767710804241,2.624238868554433,0.0023840903862340688,0.023162841796875,0.992628451436758,0.0040623484771155445,0.01007080078125,0.31522136926651,0.32656505703926086
100109.23050900549,2130,139649536,139591680,2056.5267233810687,1092.2631559866256,2122,100,2.1,4.073082448295444,10.0,0.0,1.1,3.128897598330692,10.0,0.0,-0.0017951240079128183,0.07991638738894835,0.00034668579579980963,2.6294748932123184,0.004154525305542242,0.03944905598958333,0.9922385675211747,0.004110172677125471,0.01251220703125,0.3523881137371063,0.3265782296657562
100190.24302584399,2132,139722752,139722752,903.7615773122927,1617.9228237199086,2122,100,2.1,4.073082448295444,10.0,0.0,1.1,3.128897598330692,10.0,0.0,-0.0018577821041011096,0.09137205552542582,0.00036052257837582147,2.6360023419062295,0.0027268149072673014,0.0257110595703125,0.9912054669111967,0.003747020365456895,0.013427734375,0.3640410304069519,0.32662421464920044
100250.24355402868,2133,139848704,139788288,2099.181520740741,1092.2570514423367,2122,100,2.1,4.073082448295444,10.0,0.0,1.1,3.128897598330692,10.0,0.0,-0.0014661484310636297,0.08267040632199496,0.00037671248689245357,2.630806339283784,0.002901230578572722,0.026123046875,0.9919469244778155,0.0037539701709950655,0.013885498046875,0.37184395641088486,0.32664716243743896
100331.55787486583,2135,139919360,139919360,868.9244314234203,1611.9177858289536,2128,100,1.9,3.9230090828782007,10.0,0.0,1.4,3.4698703232377657,10.0,0.0,-0.0026189655691268854,0.04290134270559065,0.0003511018030621927,2.652026111880938,0.002202257410317543,0.020751953125,0.995487879961729,0.0032274667804207033,0.01068115234375,0.32635515183210373,0.32666462659835815
100391.55796051864,2136,140038144,139984896,1979.7305071754533,1092.2651074071466,2128,100,1.9,3.9230090828782007,10.0,0.0,1.4,3.4698703232377657,10.0,0.0,-0.0011492441202184032,0.05369725431470822,0.00036619913498725515,2.6366860071818032,0.0023222487495028568,0.021001180013020832,0.9948657496521871,0.003720178744212414,0.01312255859375,0.3607325404882431,0.32668206095695496
100474.30105726141,2138,140115968,140115968,940.5497626216376,1584.083810731179,2128,100,1.9,3.9230090828782007,10.0,0.0,1.4,3.4698703232377657,10.0,0.0,-0.001588919876667205,0.05350981880716669,0.0003598507325174675,2.6350211029251414,0.0031219260490615852,0.0267181396484375,0.9950476661324501,0.00351131871623996,0.012054443359375,0.34531308710575104,0.3267070949077606
100534.30140955653,2139,140243200,140181504,2120.5208825141763,1092.260253367463,2128,100,1.9,3.9230090828782007,10.0,0.0,1.4,3.4698703232377657,10.0,0.0,0.00016499260527780274,0.09691572272762036,0.00036749064414228394,2.642061074574788,0.003024849344607598,0.022694905598958332,0.9896945667763551,0.003186931394642064,0.01129150390625,0.3330433666706085,0.32671141624450684
100615.31012949534,2141,140312576,140312576,856.4016324712404,1617.9986561818268,2134,100,2.1,4.073082440919439,10.0,0.0,1.2,3.2496153780780466,10.0,0.0,-0.0011750399850522322,0.06059615218934293,0.0003466956241027219,2.6427313511570296,0.002544294478260175,0.02099609375,0.9937660054614146,0.0032211881916737184,0.0115966796875,0.339079849421978,0.326738566160202
100675.31136874296,2142,140433664,140378112,2018.0916514120638,1092.2441073181571,2134,100,2.1,4.073082440919439,10.0,0.0,1.2,3.2496153780780466,10.0,0.0,-0.0010036009164953914,0.07642442313954234,0.0003829708715178034,2.6337593272328377,0.0018248443102493184,0.019571940104166668,0.9928124447663625,0.0035702347061790838,0.014495849609375,0.38027523458004,0.3267657160758972
100757.40142655466,2144,140509184,140509184,919.9652432116643,1596.6854390656683,2134,100,2.1,4.073082440919439,10.0,0.0,1.2,3.2496153780780466,10.0,0.0,-0.0013601463251688983,0.07164668563442926,0.00036041332835642,2.633300284544627,0.0019930834459955804,0.01727294921875,0.9933903242150942,0.0035498929040234848,0.0115966796875,0.3397466242313385,0.32677754759788513
100817.40699027851,2145,140634880,140574720,2094.7390908358484,1092.1653915559616,2134,100,2.1,4.073082440919439,10.0,0.0,1.2,3.2496153780780466,10.0,0.0,-0.0020396196511380063,0.07080376831193766,0.00036187302278752515,2.625324882566929,0.0028854394774195193,0.025395711263020836,0.9933007340878249,0.0037559131378657185,0.012054443359375,0.34559039026498795,0.32678723335266113
100898.49403804261,2147,140705792,140705792,874.5169784242046,1616.4357146324646,2140,100,1.9,3.9230090978201466,10.0,0.0,1.2,3.2496153780780466,10.0,0.0,-0.0007387863406620454,0.05977043971264114,0.0003399994890666373,2.6344380925099053,0.00283020549553233,0.023737589518229168,0.9938916359096766,0.0034973160266720997,0.013427734375,0.36604686081409454,0.32680556178092957
100958.49425131083,2148,140823808,140771328,1966.9263419522333,1092.2627842511317,2140,100,1.9,3.9230090978201466,10.0,0.0,1.2,3.2496153780780466,10.0,0.0,-0.0001356491557089613,0.07987700689894459,0.0003995752625390499,2.6154226288199425,0.0031704125218918002,0.030466715494791664,0.9934213465700548,0.005114695484129091,0.01556396484375,0.3893022835254669,0.32684019207954407
101040.62287670467,2150,140902400,140902400,956.9379692295424,1595.9356359789113,2140,100,1.9,3.9230090978201466,10.0,0.0,1.2,3.2496153780780466,10.0,0.0,-0.0013417103145911826,0.08508921639683346,0.00039192191494900425,2.604068972170353,0.003961210214887008,0.032552083333333336,0.9932876837750276,0.004661724504937108,0.017547607421875,0.413564495742321,0.3269169330596924
101100.62335185427,2151,141027072,140967936,2077.8502118383244,1092.2580169006387,2140,100,1.9,3.9230090978201466,10.0,0.0,1.2,3.2496153780780466,10.0,0.0,-0.002193351673971241,0.07260790622482698,0.0003494420664840921,2.641299935678641,0.0035116685454947096,0.0275115966796875,0.993199604873856,0.004129806026564135,0.0115966796875,0.33681783080101013,0.32692328095436096
101180.70808532834,2153,141099008,141099008,898.2486034406679,1636.6664945253451,2146,100,1.6,3.666060620299243,10.0,0.0,0.9,2.8618176279218774,10.0,0.0,-0.002182459139779288,0.0744121793153075,0.00034524682329598966,2.63870836297671,0.0024270959062657007,0.018086751302083332,0.9928562709440788,0.0034269327128034397,0.0146484375,0.3802833631634712,0.32698360085487366
101240.7172605414,2154,141222656,141164544,2060.4849101992454,1092.0996625486684,2146,100,1.6,3.666060620299243,10.0,0.0,0.9,2.8618176279218774,10.0,0.0,-0.0023343215058654705,0.08051550382515416,0.0003308664602930852,2.6372767438491187,0.0031120197054406167,0.025507609049479168,0.9922184844811757,0.003655042843699145,0.01251220703125,0.3512214496731758,0.326996386051178
101321.5757536823,2156,141295616,141295616,902.3170871223725,1621.0047319531743,2146,100,1.6,3.666060620299243,10.0,0.0,0.9,2.8618176279218774,10.0,0.0,-0.002131000568624586,0.07185742674240221,0.0003635292296166881,2.629842924575011,0.002694134777508831,0.027180989583333336,0.9936483589311441,0.003960350329483238,0.01312255859375,0.3615943416953087,0.32702091336250305
101381.57577241398,2157,141419008,141361152,2056.53269129442,1092.266325666746,2146,100,1.6,3.666060620299243,10.0,0.0,0.9,2.8618176279218774,10.0,0.0,-0.0023305512804654427,0.03701277279954714,0.00033110150919431663,2.6493826309839883,0.0023701729351159884,0.01953125,0.994731537376841,0.0033333753162878565,0.0091552734375,0.29524824395775795,0.3270099461078644
101463.25000319164,2159,141492224,141492224,896.4394191763577,1604.8146245394935,2146,100,1.6,3.666060620299243,10.0,0.0,0.9,2.8618176279218774,10.0,0.0,3.6222521885065335e-05,0.0517979079450015,0.000339655355977205,2.6169800733526545,0.00291928955084586,0.029205322265625,0.9955667480826378,0.004806995682884008,0.016021728515625,0.39937981963157654,0.3270624279975891
101523.2502549123,2160,141614592,141557760,2039.4581104376591,1092.2620842511312,2152,100,1.9,3.923009105478318,10.0,0.0,1.3,3.363034409824823,10.0,0.0,-0.0013138764588802585,0.057094748597592115,0.00031827390769952524,2.634841874241829,0.0024596241479836562,0.017908732096354164,0.9931920586774746,0.0036851982343553877,0.012969970703125,0.3570120558142662,0.3270784020423889
101604.24867177662,2162,141688832,141688832,916.561123958327,1618.2044671264255,2152,100,1.9,3.923009105478318,10.0,0.0,1.3,3.363034409824823,10.0,0.0,-0.0010097023023263318,0.043308170968278624,0.0003427645363747918,2.638519781331221,0.0020694846267967173,0.020090738932291664,0.9955117621769508,0.00350565889190572,0.013427734375,0.36508581042289734,0.32711997628211975
101664.25905287825,2163,141813760,141754368,2081.77314835625,1092.0777171704917,2152,100,1.9,3.923009105478318,10.0,0.0,1.3,3.363034409824823,10.0,0.0,-0.001985510789381806,0.051876606516695276,0.00033966912815230904,2.6305843964219093,0.0024948839400167344,0.0213165283203125,0.9946456818530957,0.003984245617175475,0.01251220703125,0.3510235622525215,0.3271326720714569
101744.57890579011,2165,141885440,141885440,892.4319131741006,1631.8754983754982,2152,100,1.9,3.923009105478318,10.0,0.0,1.3,3.363034409824823,10.0,0.0,-0.001863028435764136,0.04862050345400349,0.0003472332288462591,2.6304429123799005,0.002609484557979158,0.022552490234375,0.9945954165110985,0.004050133158064758,0.01068115234375,0.32015516236424446,0.3271419107913971
101804.57945167925,2166,142008576,141950976,2052.2479950018105,1092.2567291485727,2159,100,2.2,4.142463157614325,10.0,0.0,0.5,2.17944951325778,10.0,0.0,-0.0010413628576012948,0.02596686003380455,0.00034990726211011253,2.6263808161020283,0.003067401186247783,0.028839111328125,0.9975439471503099,0.004221859696068956,0.009918212890625,0.3140528127551079,0.3271363079547882
101885.35938892048,2168,142082048,142082048,909.532769016602,1622.5811070958193,2159,100,2.2,4.142463157614325,10.0,0.0,0.5,2.17944951325778,10.0,0.0,-0.0015494012210789758,0.07925580110168085,0.00036409514298914775,2.6294693897167845,0.0023476232163375244,0.024815877278645832,0.9928288074831167,0.004580174880781366,0.013580322265625,0.36643674969673157,0.32718202471733093
101945.36779804062,2169,142206720,142147584,2077.5754903016173,1092.1136047581397,2159,100,2.2,4.142463157614325,10.0,0.0,0.5,2.17944951325778,10.0,0.0,-0.0007378938995922604,0.06448973436878684,0.00033496897655519814,2.630971993009249,0.003027821629681663,0.030120849609375,0.9943917567531269,0.004464857513085008,0.0146484375,0.37992411851882935,0.3272096514701843
102025.18412346579,2171,142278656,142278656,901.2692530858446,1642.1703116724286,2159,100,2.2,4.142463157614325,10.0,0.0,0.5,2.17944951325778,10.0,0.0,-0.0017749162567876433,0.029812411473055064,0.0003471879150917327,2.6367901315291724,0.0022973213617660804,0.0223846435546875,0.9971673066417376,0.003879477061370077,0.014190673828125,0.37610095739364624,0.3272455930709839
102085.1844799947,2172,142406912,142344192,2137.5872981389134,1092.2601762945346,2165,100,2.1,4.073082420960359,10.0,0.0,0.7,2.551470179210066,10.0,0.0,-0.0017742201065023742,0.06604926674238716,0.00033504757720947964,2.6351082349816957,0.00225934218421268,0.021270751953125,0.9930082553376754,0.0037850535178828677,0.01129150390625,0.3346906304359436,0.32724958658218384
102164.63610662427,2174,142475264,142475264,860.297049910394,1649.708200577235,2165,100,2.1,4.073082420960359,10.0,0.0,0.7,2.551470179210066,10.0,0.0,-0.0018052438790618908,0.056899885317155466,0.0003463224693405209,2.637321427464485,0.0021099939876876306,0.022328694661458332,0.9928225787977377,0.0036135277987341397,0.009918212890625,0.311504028737545,0.32726937532424927
102224.64077583421,2175,142602496,142540800,2120.3683259188574,1092.1816729079023,2165,100,2.1,4.073082420960359,10.0,0.0,0.7,2.551470179210066,10.0,0.0,-0.0015885876952476488,0.07523209562835594,0.0003588280481684099,2.620923658212026,0.002304542143368356,0.025151570638020836,0.9932180723796288,0.004264642084308434,0.014495849609375,0.3783361464738846,0.32729580998420715
102304.48525187,2177,142671872,142671872,868.889163589691,1641.5913349000803,2165,100,2.1,4.073082420960359,10.0,0.0,0.7,2.551470179210066,10.0,0.0,-0.0026268320313344398,0.03367651097748118,0.00033431483279855456,2.63261471192042,0.0021037908245489234,0.023295084635416668,0.9959993151326973,0.00335288320153874,0.013275146484375,0.3629158288240433,0.3273283541202545
102364.48663757928,2178,142791424,142737408,1992.4873165308911,1092.241441181816,2171,100,2.0,4.000000058266336,10.0,0.0,1.0,3.000000017573554,10.0,0.0,-0.0003659069140364105,0.037289702896183975,0.0003440026184762246,2.6382087146242457,0.002249570873876413,0.021504720052083332,0.9957590711613497,0.003866238839691505,0.0091552734375,0.2972293831408024,0.32731735706329346
102446.95482213981,2180,142868480,142868480,934.3724541848691,1589.3644403410397,2171,100,2.0,4.000000058266336,10.0,0.0,1.0,3.000000017573554,10.0,0.0,-0.002770254982654781,0.0377921563340351,0.00034663807309698313,2.63906272004048,0.0026529583265073597,0.020085652669270836,0.9959205705672503,0.003556712154628864,0.010833740234375,0.3282094672322273,0.32736366987228394
102506.95538674854,2181,142988544,142934016,2001.0478365156087,1092.2563883752575,2171,100,2.0,4.000000058266336,10.0,0.0,1.0,3.000000017573554,10.0,0.0,-0.0006891132458501184,0.0703404892992694,0.000346770459752103,2.62646771222353,0.003684656630260482,0.025883992513020836,0.993415559331576,0.003807141756018003,0.01495361328125,0.3818691074848175,0.32739320397377014
102587.59932802524,2183,143065088,143065088,949.1599590521131,1625.3173880758593,2177,100,2.2,4.142463084862329,10.0,0.0,1.5,3.5707142512871095,10.0,0.0,-0.0015545294057422627,0.06757801762432791,0.0003298394779752319,2.6267323568463326,0.003470196040022226,0.03136698404947917,0.9929904422412316,0.00373332945794876,0.01312255859375,0.3599194213747978,0.3274383246898651
102647.5997170331,2184,143184128,143130624,1983.987136890442,1092.2595850407595,2177,100,2.2,4.142463084862329,10.0,0.0,1.5,3.5707142512871095,10.0,0.0,-0.0017216569928374763,0.051425725260439016,0.0003482586037838094,2.626599063475927,0.0028847146004409296,0.025410970052083332,0.995212022215128,0.0036983246051628766,0.01708984375,0.41204822063446045,0.327482670545578
102729.16608200967,2186,143261696,143261696,950.9802235550692,1606.9368794065856,2177,100,2.2,4.142463084862329,10.0,0.0,1.5,3.5707142512871095,10.0,0.0,-0.0020114107076854757,0.0787557490208807,0.00035560724124176585,2.6292142743865647,0.00256303579287002,0.0267791748046875,0.9919888935983181,0.004068959494664644,0.0128173828125,0.3576350137591362,0.32751592993736267
102789.1666646516,2187,143389184,143327232,2124.7793669077664,1092.256060097165,2177,100,2.2,4.142463084862329,10.0,0.0,1.5,3.5707142512871095,10.0,0.0,-0.0017612268893572034,0.0587401882900546,0.00033024004430141457,2.6296795258919397,0.002864777058372662,0.022694905598958332,0.9943278642992178,0.003947400456430235,0.013580322265625,0.3655024394392967,0.3275357186794281
102869.81426286604,2189,143458304,143458304,857.0621014181374,1625.2436886151347,2182,100,2.3,4.20832512757796,10.0,0.0,1.0,3.0000000351471083,10.0,0.0,-0.00100191975919491,0.050769460979305826,0.0003057694129893207,2.630774214863777,0.0028923392364959,0.026153564453125,0.9949196005860964,0.003817847279909378,0.01373291015625,0.36760422587394714,0.3275741934776306
102929.81467725523,2190,143582976,143523840,2077.8523160078494,1092.2591229938591,2182,100,2.3,4.20832512757796,10.0,0.0,1.0,3.0000000351471083,10.0,0.0,-0.0016615652081479009,0.04430729428228612,0.000339508803942105,2.6303873881697655,0.002172247056781392,0.02392578125,0.9953535248835881,0.0038483386476097317,0.01220703125,0.3486218526959419,0.3275843858718872
103011.85669670161,2192,143654912,143654912,876.8189823388569,1597.620352161903,2182,100,2.3,4.20832512757796,10.0,0.0,1.0,3.0000000351471083,10.0,0.0,-0.0027134932618840444,0.07544673273029426,0.00031622550007644656,2.638576303919156,0.002883602926279612,0.025202433268229168,0.9917955460647743,0.003885906170277546,0.01129150390625,0.3350616469979286,0.327594131231308
103071.85704123043,2193,143780096,143720448,2086.3880196534087,1092.2603947469788,2182,100,2.3,4.20832512757796,10.0,0.0,1.0,3.0000000351471083,10.0,0.0,-0.0006721792439445078,0.08850159028467412,0.00037766279183415463,2.621872022747994,0.0037999080286681415,0.035074869791666664,0.9915849516789118,0.0043909312929220805,0.01556396484375,0.3936571255326271,0.32762759923934937
103152.50914877653,2195,143851520,143851520,885.5813217177171,1625.1528197830507,2188,100,2.0,4.000000095394909,10.0,0.0,1.1,3.128897591082904,10.0,0.0,-0.0009757418010849505,0.05548508112163593,0.00030155568007709615,2.6390504812200866,0.0025504702231652727,0.0206298828125,0.9939816513409218,0.0038179247130756266,0.009918212890625,0.31240274012088776,0.3276362419128418
103212.50925587397,2196,143966464,143917056,1915.729913837192,1092.2647170207597,2188,100,2.0,4.000000095394909,10.0,0.0,1.1,3.128897591082904,10.0,0.0,-0.0011259517056411519,0.03985844900307711,0.0003506319271764368,2.648705479999383,0.0028385734894982306,0.023986816406250003,0.9958010508368413,0.003956830002910768,0.01068115234375,0.3215392865240574,0.327635794878006
103296.19105130248,2198,144048128,144048128,975.8872832714145,1566.314385689543,2188,100,2.0,4.000000095394909,10.0,0.0,1.1,3.128897591082904,10.0,0.0,-0.0018350793082693904,0.0644440225053889,0.00034851620663782035,2.6271689012646675,0.0017949965240404708,0.022440592447916668,0.9935773213704426,0.004158818919677287,0.01312255859375,0.3574273809790611,0.32765182852745056
103356.19141622912,2199,144177664,144113664,2158.920202541609,1092.2600234202607,2188,100,2.0,4.000000095394909,10.0,0.0,1.1,3.128897591082904,10.0,0.0,-0.0006202204507038307,0.07506232037364194,0.00037463837118896964,2.624310128390789,0.0034700237526218793,0.03687032063802083,0.9930523515989382,0.004391220240601493,0.01373291015625,0.3672824278473854,0.3276725113391876
103436.65757307969,2201,144244736,144244736,833.5429778827042,1628.9084147936815,2193,100,2.2,4.142463141387429,10.0,0.0,1.1,3.1288976055784796,10.0,0.0,-0.0008447285096432704,0.06381737551419064,0.0003658516461655381,2.6216704895099,0.003164245854956486,0.0287933349609375,0.9941201911618313,0.004289992304014352,0.0140380859375,0.3730553910136223,0.32770535349845886
103496.65790939797,2202,144367616,144310272,2047.9885204004977,1092.260544213599,2193,100,2.2,4.142463141387429,10.0,0.0,1.1,3.1288976055784796,10.0,0.0,0.000627810256749702,0.08999040424047658,0.00035938461799863336,2.6172274897495904,0.003325083530095678,0.031926472981770836,0.9917870499193668,0.00487264349067118,0.014190673828125,0.3751509338617325,0.32772913575172424
103577.7871038327,2204,144441344,144441344,908.7727360501971,1615.5959752003503,2193,100,2.2,4.142463141387429,10.0,0.0,1.1,3.1288976055784796,10.0,0.0,-0.0009811928539420478,0.054580374601452306,0.0003413829056929293,2.6289497365554175,0.0028029589969567796,0.027796427408854164,0.9927173908799887,0.0034282175426293784,0.009918212890625,0.3142946809530258,0.32773974537849426
103637.79245880898,2205,144568576,144506880,2120.344093461181,1092.1691909981132,2193,100,2.2,4.142463141387429,10.0,0.0,1.1,3.1288976055784796,10.0,0.0,-0.0015899284214052993,0.06331699644215405,0.00034776455898584874,2.634838362534841,0.002335706825761008,0.02191162109375,0.9936683711906275,0.004182863645837642,0.01220703125,0.3450010046362877,0.3277497887611389
103719.22751293611,2207,144637952,144637952,851.9181419306022,1609.528002466673,2199,100,2.2,4.142463130737068,10.0,0.0,1.1,3.1288976472586896,10.0,0.0,-0.0019342703477983982,0.07517939286966187,0.00032676305090717506,2.6238433271646504,0.00358830679882279,0.0318603515625,0.9933123936255772,0.004393505456391722,0.0128173828125,0.3519812300801277,0.3277740478515625
103779.22763945442,2208,144762112,144703488,2069.328969866629,1092.2643634759938,2199,100,2.2,4.142463130737068,10.0,0.0,1.1,3.1288976472586896,10.0,0.0,-0.0007399734179974378,0.06487693901484211,0.00037421609916539944,2.6174683570861816,0.003046771099737574,0.0308685302734375,0.9938685068239769,0.004799669637577608,0.015411376953125,0.39061249047517776,0.32780611515045166
103859.7376586711,2210,144834560,144834560,899.8631562242186,1628.0209752183744,2199,100,2.2,4.142463130737068,10.0,0.0,1.1,3.1288976472586896,10.0,0.0,0.00020467049883639749,0.09412875239892553,0.00035826085665272933,2.6181490123271947,0.002635450698411053,0.028569539388020832,0.991699750845631,0.004631898506583335,0.01708984375,0.40915997326374054,0.32785865664482117
103919.73795697559,2211,144962048,144900096,2124.789436096419,1092.2612362262716,2199,100,2.2,4.142463130737068,10.0,0.0,1.1,3.1288976472586896,10.0,0.0,-0.0008132476699150479,0.08338905729275817,0.00040370168183775,2.617189879218737,0.00429924675275591,0.0455780029296875,0.9927923337866862,0.004399885602955085,0.01556396484375,0.393517330288887,0.3278917372226715
104000.6100339638,2213,145031168,145031168,854.6831313614956,1620.732456507725,2205,100,1.7,3.756328090212934,10.0,0.0,0.8,2.7129320210422696,10.0,0.0,-0.0016596603685078055,0.08997958487210175,0.0003538908285918297,2.6364908913771314,0.0032582710731124584,0.025721232096354164,0.9916502883036931,0.003547240907209926,0.01373291015625,0.3703019469976425,0.32796087861061096
104060.61026455369,2214,145155072,145096704,2065.058730305867,1092.2624689221113,2205,100,1.7,3.756328090212934,10.0,0.0,0.8,2.7129320210422696,10.0,0.0,-0.0011030778987333179,0.07291365837833533,0.0003786072899553498,2.6335118214289346,0.003078490454451336,0.028584798177083336,0.9933083361635605,0.0035133708054975914,0.01312255859375,0.35517073422670364,0.32797709107398987
104142.40985839907,2216,145227776,145227776,888.8063691052693,1602.3551443024571,2205,100,1.7,3.756328090212934,10.0,0.0,0.8,2.7129320210422696,10.0,0.0,-0.0017157367498536284,0.08814232090177636,0.0003477250735765362,2.6362186521291737,0.0028384548634979487,0.025883992513020832,0.9921924360096455,0.0037040158470820947,0.015411376953125,0.39061249047517776,0.3280135691165924
104202.41032184195,2217,145349888,145293312,2035.1842801390353,1092.2582300117253,2205,100,1.7,3.756328090212934,10.0,0.0,0.8,2.7129320210422696,10.0,0.0,-0.0010584782551935252,0.0887330914265476,0.0003771192587009864,2.6351751883824663,0.002619914471021427,0.023422241210937503,0.9904894754290581,0.003240487906926622,0.01312255859375,0.35897641628980637,0.32802972197532654
104283.8346768776,2219,145424384,145424384,914.9105322036079,1609.7394930867601,2205,100,1.7,3.756328090212934,10.0,0.0,0.8,2.7129320210422696,10.0,0.0,-0.002222770188382128,0.05632625576496745,0.0003123533673109099,2.6299987509846687,0.002071234922671768,0.022399902343750003,0.9944357064863046,0.0031952150166034703,0.0152587890625,0.38934139907360077,0.32810166478157043
104343.83482671157,2220,145546240,145489920,2030.928261632604,1092.2639390292995,2212,100,1.7,3.756328072317979,10.0,0.0,0.9,2.8618176174239767,10.0,0.0,-0.0016065021530569843,0.0758084449529027,0.00036652076778409537,2.622861278553804,0.0028403182556454945,0.028895060221354164,0.9930935241281987,0.0036877787933917716,0.01678466796875,0.4073968082666397,0.32814282178878784
104424.43841444608,2222,145620992,145620992,927.4028874026479,1626.1310902402595,2212,100,1.7,3.756328072317979,10.0,0.0,0.9,2.8618176174239767,10.0,0.0,-0.0017176547347238131,0.09320389751034479,0.0003942037607581976,2.6176506330569587,0.0038862509233391998,0.03681437174479167,0.9916896671056747,0.004322962287308958,0.01190185546875,0.3440046161413193,0.32816237211227417
104484.43857938051,2223,145741824,145686528,2013.8611307492376,1092.2636641351796,2212,100,1.7,3.756328072317979,10.0,0.0,0.9,2.8618176174239767,10.0,0.0,-1.8010282171114e-05,0.08497391377265255,0.0003383501422528449,2.633124768733978,0.0032203814425884048,0.030253092447916668,0.9910670158763726,0.0040197734876225395,0.013427734375,0.3628701940178871,0.3281804621219635
104564.96984927356,2225,145817600,145817600,940.9512615488934,1627.5913713278158,2212,100,1.7,3.756328072317979,10.0,0.0,0.9,2.8618176174239767,10.0,0.0,0.0004945206201227847,0.06348939878322805,0.00037631208639747155,2.6439932833115263,0.0032417759151333785,0.031092325846354168,0.9938902954260508,0.004157555471465457,0.010833740234375,0.3271911218762398,0.32821348309516907
104624.97259465512,2226,145942784,145883136,2086.3045382999903,1092.2166908073568,2219,100,2.1,4.073082478855727,10.0,0.0,1.4,3.4698704397427584,10.0,0.0,-0.0011346443546547864,0.09356560094359642,0.00039947641259156325,2.631945120791594,0.002652570361533435,0.026250203450520832,0.9921291948606571,0.0039015830067607267,0.014801025390625,0.3794725015759468,0.32824093103408813
104705.91987930331,2228,146014208,146014208,882.3520184823485,1619.2266432364245,2219,100,2.1,4.073082478855727,10.0,0.0,1.4,3.4698704397427584,10.0,0.0,-0.0012281229816532384,0.10186761922280613,0.0003654813923882709,2.629848880072435,0.0030845147787961955,0.029388427734375,0.9903016512592633,0.003885226576433827,0.013427734375,0.3583644777536392,0.3282821476459503
104765.92032888625,2229,146136064,146079744,2030.9181155645686,1092.2584823204402,2219,100,2.1,4.073082478855727,10.0,0.0,1.4,3.4698704397427584,10.0,0.0,-0.0019671865217484688,0.07224462881761914,0.0003717500524847613,2.6316706960399947,0.0029120050712663215,0.025726318359375003,0.9934853793432316,0.0038337115862911255,0.014495849609375,0.37494780123233795,0.32830744981765747
104847.66175493039,2231,146210816,146210816,914.4934657688849,1603.4953920331134,2219,100,2.1,4.073082478855727,10.0,0.0,1.4,3.4698704397427584,10.0,0.0,-0.0006552699524036143,0.060125885220865406,0.00033213317025608074,2.6379567608237267,0.0027971594736300176,0.028508504231770836,0.9940171067913374,0.003510844020638615,0.014190673828125,0.37570495903491974,0.3283620774745941
104907.6624039691,2232,146339840,146276352,2150.376738704536,1092.2548514054786,2225,100,2.0,4.000000080468613,10.0,0.0,0.7,2.5514701909848765,10.0,0.0,-0.002264965619057572,0.059264649268394955,0.0003307831657366478,2.640607640147209,0.002452913738428227,0.027130126953124997,0.9942384207000335,0.003593657245801296,0.013275146484375,0.36151642352342606,0.32837894558906555
104988.35669181123,2234,146407424,146407424,837.5314016304728,1624.3033243742502,2225,100,2.0,4.000000080468613,10.0,0.0,0.7,2.5514701909848765,10.0,0.0,-0.001420702324442876,0.08548093682232623,0.00037322927497977315,2.626076688369115,0.0032006548735807883,0.030553181966145832,0.9922286837051313,0.005090230091203314,0.014495849609375,0.3795728534460068,0.3284313678741455
105048.35683167353,2235,146529792,146472960,2039.4619126028042,1092.2641205571504,2225,100,2.0,4.000000080468613,10.0,0.0,0.7,2.5514701909848765,10.0,0.0,-0.0014877746216370724,0.05989438314766934,0.0003366925775480922,2.632963587840398,0.0033638760396570433,0.026143391927083332,0.9944765499482552,0.0044486406914074905,0.0140380859375,0.3687923550605774,0.32845339179039
105130.15112902038,2237,146604032,146604032,907.6427380406291,1602.4589030234554,2225,100,2.0,4.000000080468613,10.0,0.0,0.7,2.5514701909848765,10.0,0.0,-0.0020561452523300736,0.04577809678933894,0.0003460001935309265,2.6448800886670747,0.0022896922891959552,0.019073486328125,0.9939554513742527,0.0036026982246160815,0.010986328125,0.32698366045951843,0.32846730947494507
105190.15139952209,2238,146728960,146669568,2082.123946365185,1092.2617423555068,2231,100,2.2,4.142463133872366,10.0,0.0,1.0,3.000000025132749,10.0,0.0,-0.001098787302908022,0.1034986926242709,0.00040209094064872864,2.6052153954903283,0.004351493880070241,0.042363484700520836,0.9918841595451038,0.0052681327021370334,0.01434326171875,0.3757774829864502,0.32849135994911194
105271.34699205961,2240,146800640,146800640,882.8065386292373,1614.2748134934623,2231,100,2.2,4.142463133872366,10.0,0.0,1.0,3.000000025132749,10.0,0.0,-0.0017511850140484362,0.07750232026834661,0.00035525508913754794,2.6284567564725876,0.0025189227623438155,0.019933064778645832,0.9927512519061567,0.004076867327967193,0.0128173828125,0.3555210083723068,0.32850420475006104
105331.34757321421,2241,146919424,146866176,1979.7141580001803,1092.2560871725132,2231,100,2.2,4.142463133872366,10.0,0.0,1.0,3.000000025132749,10.0,0.0,-0.0002987513992896614,0.07000307604903355,0.0003492218829705962,2.644737961391608,0.0038278534314789186,0.0298614501953125,0.9907805838932594,0.003645554420169598,0.010986328125,0.33032994717359543,0.32850542664527893
105413.32939454261,2243,146997248,146997248,949.2836184774887,1598.7934626989284,2231,100,2.2,4.142463133872366,10.0,0.0,1.0,3.000000025132749,10.0,0.0,-0.0016396966748288833,0.07522651933444043,0.0003231111810843383,2.6341807569066686,0.0028100643527674642,0.02581787109375,0.9907789702216784,0.003705226675568459,0.008392333984375,0.28831105679273605,0.3284851908683777
105473.32970142644,2244,147127552,147062784,2171.7222255595425,1092.261080045664,2231,100,2.2,4.142463133872366,10.0,0.0,1.0,3.000000025132749,10.0,0.0,-0.0022642768672085367,0.07696211912358801,0.0003532920233434803,2.6366591354211173,0.0033896136095184675,0.024831136067708332,0.9908864597479502,0.0041573139509030925,0.01129150390625,0.3338085636496544,0.3284884989261627
105554.32178269699,2246,147193856,147193856,818.647933969152,1618.3310509351575,2238,100,1.7,3.7563280507377437,10.0,0.0,1.4,3.469870331896036,10.0,0.0,0.000587123038712889,0.05271343366863827,0.00037075493128213566,2.6181999221444126,0.002686523641993214,0.028223673502604164,0.9950810298323631,0.0054865049896761775,0.0146484375,0.3803335651755333,0.3285384476184845
105614.3272549659,2247,147317760,147259392,2064.8783405075988,1092.1670561362505,2238,100,1.7,3.7563280507377437,10.0,0.0,1.4,3.469870331896036,10.0,0.0,0.00014853989462911465,0.12196325708646329,0.00037379127722185024,2.631853078802427,0.003666560243800632,0.03341166178385417,0.9856567482153574,0.004306504912771439,0.0115966796875,0.33868660777807236,0.3285437822341919
105695.0289522009,2249,147390464,147390464,900.8980292978581,1624.1541936637443,2238,100,1.7,3.7563280507377437,10.0,0.0,1.4,3.469870331896036,10.0,0.0,0.00018880137940868735,0.07168374427904686,0.0003626269623661453,2.622672374049823,0.0036685278737422777,0.027715047200520832,0.992777593433857,0.004444589285412803,0.013885498046875,0.3651963323354721,0.3285822868347168
105755.02915793099,2250,147520512,147456000,2167.4592348070128,1092.2629214775498,2238,100,1.7,3.7563280507377437,10.0,0.0,1.4,3.469870331896036,10.0,0.0,-0.0014851770174573176,0.07251479726983234,0.000360840562886248,2.651217939953009,0.0029936178167796848,0.028676350911458336,0.9905693586915731,0.0035915945821519317,0.009765625,0.3105987310409546,0.3285752534866333
105836.21263303049,2252,147587072,147587072,819.8712843767717,1614.5157600034888,2244,100,2.2,4.1424631145101705,10.0,0.0,1.7,3.7563281138158953,10.0,0.0,-0.00192357236907507,0.045932333974633366,0.00033193625798351906,2.641147760053476,0.0025102661972293086,0.020177205403645832,0.995301453396678,0.0036152010895117805,0.011444091796875,0.3376087620854378,0.3285910189151764
105896.2131596813,2253,147708928,147652608,2030.915506945096,1092.2570793654297,2244,100,2.2,4.1424631145101705,10.0,0.0,1.7,3.7563281138158953,10.0,0.0,-0.0026516869802435394,0.06572813331149518,0.00037156004509597546,2.6414217725396156,0.003028644453176336,0.027928670247395832,0.9929719219605128,0.0034456805951776914,0.0103759765625,0.3145599029958248,0.3285880982875824
105979.38209469058,2255,147783680,147783680,898.7971288998788,1575.973047934034,2244,100,2.2,4.1424631145101705,10.0,0.0,1.7,3.7563281138158953,10.0,0.0,0.0003861564570494617,0.05979667095622669,0.0003223428408697752,2.631868933637937,0.0031992869286720333,0.029993693033854164,0.9940930412461361,0.0037150358451375114,0.0128173828125,0.3560135290026665,0.32861512899398804
106072.29499849677,2257,147914752,147914752,1410.6974879764894,1410.6974879764894,2244,100,2.2,4.1424631145101705,10.0,0.0,1.7,3.7563281138158953,10.0,0.0,-0.0018361417229850001,0.043666877783834934,0.0003993097013032335,2.62868898610274,0.002791286648668271,0.027104695638020836,0.9960144876192013,0.004103460829355754,0.01373291015625,0.36991435289382935,0.32867497205734253
106132.29674348235,2258,148033024,147980288,1971.142673074308,1092.2349010974522,2250,100,2.0,4.000000051180891,10.0,0.0,1.4,3.469870382551612,10.0,0.0,0.00042297014927801985,0.053263932563519724,0.00034310034152440494,2.615214871863524,0.0029879286181918965,0.025634765625,0.9954428865263859,0.004463523645730068,0.01678466796875,0.40865815430879593,0.32871511578559875
106213.81040044781,2260,148111360,148111360,961.0168763891492,1607.9759500367463,2250,100,2.0,4.000000051180891,10.0,0.0,1.4,3.469870382551612,10.0,0.0,-0.0013759812791249715,0.029843892174540084,0.00031216894331009826,2.6344894046584764,0.0026574594594421797,0.023625691731770832,0.9969273010889689,0.00381719427726542,0.0146484375,0.37984713166952133,0.32873889803886414
106273.81067242473,2261,148231424,148176896,2001.0575959751238,1092.2617155002808,2250,100,2.0,4.000000051180891,10.0,0.0,1.4,3.469870382551612,10.0,0.0,-0.0016510963505425025,0.04013316453589747,0.00033938240903808037,2.636376899977525,0.00233653742846703,0.022399902343750003,0.9950676187872887,0.004325938801533388,0.011749267578125,0.3399244472384453,0.32874515652656555
106354.60671572387,2263,148307968,148307968,947.3731246541886,1622.2576582707177,2257,100,1.5,3.5707142512871095,10.0,0.0,1.5,3.570714282468,10.0,0.0,-0.0011577038943263083,0.05420440447051078,0.00039967222316287615,2.6221295073628426,0.0032497040447196923,0.031077067057291664,0.9938902718325455,0.0043998873710127855,0.0146484375,0.38173891603946686,0.3287944793701172
106414.60678414442,2264,148422912,148373504,1915.731148743869,1092.26542111009,2257,100,1.5,3.5707142512871095,10.0,0.0,1.5,3.570714282468,10.0,0.0,-0.00173466782689502,0.08211250729315604,0.00037013080388229963,2.611141686638196,0.0028782866277955086,0.028401692708333332,0.9919417159010966,0.0044645813322858885,0.01312255859375,0.35976677387952805,0.3288098871707916
106497.55171462335,2266,148504576,148504576,984.5568563197982,1580.2291863189237,2257,100,1.5,3.5707142512871095,10.0,0.0,1.5,3.570714282468,10.0,0.0,-0.0011140717057666432,0.09725595742929727,0.00036869311801031773,2.591973453760147,0.004273454474969185,0.039128621419270836,0.9923561879744133,0.005500571661589977,0.018157958984375,0.4245518743991852,0.3288692831993103
106557.55179503188,2267,148625664,148570112,2018.1306287514321,1092.2652028760394,2257,100,1.5,3.5707142512871095,10.0,0.0,1.5,3.570714282468,10.0,0.0,-0.0020659185732559613,0.0804864065721631,0.00034979154255173245,2.6087999468048415,0.003240836893382948,0.031672159830729164,0.9930048069606224,0.0044696743789245375,0.01739501953125,0.4160457104444504,0.32891324162483215
106639.27640691958,2269,148701184,148701184,924.0790290171876,1603.8252978196613,2262,100,1.5,3.5707142677032615,10.0,0.0,1.7,3.7563280590253245,10.0,0.0,-0.0018638360137022874,0.05138649421860464,0.00035757691118002793,2.6176562135418258,0.004568406089674681,0.0402984619140625,0.995271656041344,0.004144213201167683,0.013885498046875,0.36929672956466675,0.3289683759212494
106699.27642038092,2270,148815104,148766720,1898.6662406902474,1092.2664216105693,2262,100,1.5,3.5707142677032615,10.0,0.0,1.7,3.7563280590253245,10.0,0.0,-0.0007304291017741586,0.09499955485807732,0.00036307303071225755,2.617984051505725,0.0021648015293370313,0.024663289388020832,0.991313905765613,0.004347214053268544,0.013275146484375,0.3620760664343834,0.32898467779159546
106783.24262704421,2272,148897792,148897792,984.7771298230264,1561.0089488216393,2262,100,1.5,3.5707142677032615,10.0,0.0,1.7,3.7563280590253245,10.0,0.0,-0.0008330254713655449,0.06409133893127243,0.00036575929607352014,2.631534270942211,0.0030230753636715235,0.029012044270833336,0.9926852838446697,0.00408041096185722,0.0140380859375,0.3720656856894493,0.3290131688117981
106843.25133915897,2273,149023488,148963328,2094.629189168521,1092.1080904829762,2262,100,1.5,3.5707142677032615,10.0,0.0,1.7,3.7563280590253245,10.0,0.0,-0.0019257996585414125,0.04751802242632645,0.0003480811910776538,2.6319252947966256,0.0022347779625609596,0.0245819091796875,0.9953542842219274,0.003934535161533859,0.012969970703125,0.3587648794054985,0.3290274143218994
106924.04421836324,2275,149094400,149094400,877.7011129992744,1622.3211908145433,2268,100,2.0,4.000000075071165,10.0,0.0,1.5,3.570714288818994,10.0,0.0,-0.002310704430177187,0.048826415790244944,0.00034462578454016085,2.620994344353676,0.0027842564492554325,0.027119954427083332,0.9948109947144986,0.004086252726362242,0.012664794921875,0.3503820076584816,0.329059898853302
106984.04487687442,2276,149209600,149159936,1919.9789278733774,1092.254678967966,2268,100,2.0,4.000000075071165,10.0,0.0,1.5,3.570714288818994,10.0,0.0,-0.0007278578777913934,0.06938759062904865,0.0003365791005004818,2.6070135980844498,0.003464471491194369,0.032704671223958336,0.9944348993400732,0.004651583231558712,0.015716552734375,0.39345022290945053,0.3290923833847046
107067.02679400332,2278,149291008,149291008,981.0330107648225,1579.5248475207204,2268,100,2.0,4.000000075071165,10.0,0.0,1.5,3.570714288818994,10.0,0.0,-0.0014516774450991459,0.08743844650841007,0.00036047972480446333,2.6005804712573686,0.00321447826839479,0.03179931640625,0.9929965821405252,0.005236997841469323,0.018310546875,0.42705997079610825,0.32916945219039917
107127.02724868152,2279,149417472,149356544,2107.7173611143958,1092.258389565355,2268,100,2.0,4.000000075071165,10.0,0.0,1.5,3.570714288818994,10.0,0.0,-0.0020183132946840487,0.08574836056989928,0.0003870785521939979,2.6257361446817717,0.0029575739766490488,0.025817871093750003,0.990306722621123,0.004329981934764268,0.012664794921875,0.3537266030907631,0.3291815221309662
107208.2349675959,2281,149487616,149487616,863.760255031418,1614.0337612265912,2274,100,1.8,3.8418746053631883,10.0,0.0,1.5,3.5707142512871095,10.0,0.0,-5.622716950407865e-05,0.07743047013840017,0.00035966445526961854,2.6256649742523828,0.00396958052321376,0.0345001220703125,0.9920502758274475,0.004862022270875362,0.011444091796875,0.3349005877971649,0.32918235659599304
107268.23516124673,2282,149608448,149553152,2013.8601669049765,1092.2631413721906,2274,100,1.8,3.8418746053631883,10.0,0.0,1.5,3.5707142512871095,10.0,0.0,-0.002103116194727287,0.05321690349956043,0.0003200915210375873,2.6308003117640815,0.0024631313996602935,0.017801920572916668,0.9947589368869861,0.0038517816671325513,0.012664794921875,0.35470816493034363,0.32919442653656006
107350.20417094138,2284,149684224,149684224,924.4469377181211,1599.043351728642,2274,100,1.8,3.8418746053631883,10.0,0.0,1.5,3.5707142512871095,10.0,0.0,0.00025538055463888054,0.06726076001844679,0.0003476847220251026,2.647605963051319,0.002590376457495343,0.022384643554687497,0.9916494886080424,0.0035956824285676703,0.012359619140625,0.35019998252391815,0.32920029759407043
107410.2043219516,2285,149810176,149749760,2099.1947166687105,1092.2639176162397,2274,100,1.8,3.8418746053631883,10.0,0.0,1.5,3.5707142512871095,10.0,0.0,0.00031166397457127465,0.08980019508938616,0.00039544600440422073,2.6109922652443247,0.0029683522176734796,0.03138224283854167,0.9928587110092243,0.005124591075097366,0.017547607421875,0.4153987765312195,0.3292447030544281
107491.16795282904,2287,149880832,149880832,872.688134589231,1618.899727933646,2279,100,1.4,3.4698703890871836,10.0,0.0,1.1,3.1288976472586896,10.0,0.0,-0.0011179767122181754,0.04894057650623533,0.0004065943012392381,2.6408306409915285,0.003173393233131113,0.027765909830729168,0.9953620191663504,0.004121201534871943,0.010986328125,0.32934410125017166,0.3292565941810608
107551.17707570083,2288,149998080,149946368,1953.8362567053998,1092.1006151017082,2279,100,1.4,3.4698703890871836,10.0,0.0,1.1,3.1288976472586896,10.0,0.0,-0.002117846957844449,0.0695545642908352,0.0003804162606684258,2.632629200816154,0.0030358048085569562,0.0265350341796875,0.9943582440416018,0.004063637767103501,0.015106201171875,0.38772672414779663,0.32928475737571716
107634.26496866439,2290,150077440,150077440,955.1331387692508,1577.5102162898595,2279,100,1.4,3.4698703890871836,10.0,0.0,1.1,3.1288976472586896,10.0,0.0,-0.0030508346171700396,0.0906254734339503,0.0003681228166290869,2.619168651600679,0.00381615815179733,0.036188761393229164,0.9923582722743353,0.004135715828548806,0.0146484375,0.37242983654141426,0.32933899760246277
107694.26546832081,2291,150206976,150142976,2158.9153547345713,1092.257570774803,2279,100,1.4,3.4698703890871836,10.0,0.0,1.1,3.1288976472586896,10.0,0.0,-0.0009164957300527021,0.08860201016068459,0.0003412369451325503,2.6342470596234002,0.0032606660303523918,0.0309906005859375,0.9925774522125722,0.004058179477093897,0.013427734375,0.36141570657491684,0.32935598492622375
107774.5917311497,2293,150274048,150274048,834.9946535278584,1631.745277123143,2285,100,1.7,3.7563280742788017,10.0,0.0,1.0,3.000000027587913,10.0,0.0,-0.0017845960040479745,0.05044470028951765,0.0003111298425816737,2.652767705420653,0.001991101424816103,0.019251505533854168,0.9947420600801706,0.0033789383887778968,0.009918212890625,0.3085283674299717,0.3293818533420563
107834.59352723695,2294,150396672,150339584,2043.6721564416068,1092.2339708748461,2285,100,1.7,3.7563280742788017,10.0,0.0,1.0,3.000000027587913,10.0,0.0,-0.002108211032464169,0.06904035593227793,0.0003383461450236306,2.633948214352131,0.003910162259368614,0.031885782877604164,0.9938631833841403,0.004065884805944128,0.01312255859375,0.3563310131430626,0.3293967843055725
107916.17408738006,2296,150470656,150470656,906.8827165469314,1606.657269453387,2285,100,1.7,3.7563280742788017,10.0,0.0,1.0,3.000000027587913,10.0,0.0,-0.0010045785772187326,0.08842864813050255,0.0003546746126327586,2.64580446233352,0.0026387456170292958,0.024154663085937503,0.990143838028113,0.0036953373079692637,0.01007080078125,0.3130284585058689,0.3294064700603485
107976.17952039558,2297,150597632,150536192,2116.075055522843,1092.1677705924349,2291,100,2.7,4.4395946181037855,10.0,0.0,0.8,2.712932012683201,10.0,0.0,-0.0016363378611761919,0.07474668589808668,0.00035804286714361905,2.6309285163879395,0.002421017854430829,0.0269317626953125,0.992883247633775,0.0037575587217967645,0.015869140625,0.39691442251205444,0.3294394910335541
108057.46371133532,2299,150667264,150667264,856.648743070128,1612.5152810731822,2291,100,2.7,4.4395946181037855,10.0,0.0,0.8,2.712932012683201,10.0,0.0,-0.0015596740049659277,0.08116152378109595,0.00038008222327334806,2.633320259551207,0.003184159579783833,0.028493245442708332,0.9920281420151392,0.004044827374552066,0.0140380859375,0.37365030497312546,0.3294883072376251
108117.4639227707,2300,150787072,150732800,1996.7929634556776,1092.262817616781,2291,100,2.7,4.4395946181037855,10.0,0.0,0.8,2.712932012683201,10.0,0.0,-0.0009672689375292975,0.0766112915201423,0.00039115740097865154,2.6242564717928567,0.0036837474914743025,0.034428914388020836,0.9931080924967925,0.004391765117664666,0.0152587890625,0.38740061968564987,0.3295172154903412
108199.76975839585,2302,150863872,150863872,933.1051609726455,1592.4994747266483,2291,100,2.7,4.4395946181037855,10.0,0.0,0.8,2.712932012683201,10.0,0.0,-0.0009193740552291274,0.10806133006311333,0.00040854381707807386,2.6259279201428094,0.00364496058258131,0.038899739583333336,0.9902351548274357,0.005259714855734879,0.014190673828125,0.3758227154612541,0.3295639157295227
108259.77012502123,2303,150988544,150929408,2077.853970100114,1092.2599924961585,2296,100,2.0,4.000000075071165,10.0,0.0,1.1,3.1288975838351165,10.0,0.0,-0.0007555621450592297,0.04680255679219651,0.0003607864061147363,2.6491710916161537,0.0017155323736612142,0.020009358723958332,0.9948788272837797,0.0034092167673710114,0.01251220703125,0.3505389094352722,0.32957470417022705
108341.88395809848,2305,151060480,151060480,876.0521498530375,1596.223134251798,2296,100,2.0,4.000000075071165,10.0,0.0,1.1,3.1288975838351165,10.0,0.0,-0.001569606357710048,0.06655307046215361,0.00043813922032616876,2.6423760006825128,0.0027458821199009735,0.0250091552734375,0.9934611357748508,0.003947766039345879,0.01220703125,0.34770964086055756,0.3296072483062744
108401.88410837203,2306,151182848,151126016,2039.4615587143878,1092.2639310269524,2296,100,2.0,4.000000075071165,10.0,0.0,1.1,3.1288975838351165,10.0,0.0,-0.0004430014754082852,0.07553193978189181,0.00041282985936656286,2.633093943198522,0.003116576709847626,0.026301066080729164,0.9933040719479324,0.0041947199691397445,0.01312255859375,0.3615943416953087,0.3296220004558563
108484.22616299149,2308,151257088,151257088,901.6049009598106,1591.798997556631,2296,100,2.0,4.000000075071165,10.0,0.0,1.1,3.1288975838351165,10.0,0.0,-0.000691403541471421,0.0764367954689078,0.00044714465851332835,2.641244076192379,0.0030746383830167665,0.0247955322265625,0.9926077580700318,0.00381447180310109,0.011138916015625,0.33048078417778015,0.329634428024292
108577.5236700438,2310,151388160,151388160,1404.8821253767358,1404.8821253767358,2302,100,2.5,4.33012710636735,10.0,0.0,0.9,2.8618176094997874,10.0,0.0,-0.0016887500351003835,0.05238733219448477,0.00037869544667046284,2.6354094917575517,0.001977665765783361,0.021489461263020832,0.9950717526177565,0.0036824634807999246,0.014190673828125,0.3761184737086296,0.32969382405281067
108637.52385923639,2311,151511552,151453696,2056.5268486725454,1092.2632225314765,2302,100,2.5,4.33012710636735,10.0,0.0,0.9,2.8618176094997874,10.0,0.0,-0.0012264988423946004,0.07926724552332114,0.0003940925428954264,2.61964671810468,0.0024275691199970124,0.023284912109374997,0.9934871544440588,0.004051855095895007,0.01434326171875,0.37605756521224976,0.3297165036201477
108718.97237585764,2313,151584768,151584768,898.9236764183613,1609.261966175528,2302,100,2.5,4.33012710636735,10.0,0.0,0.9,2.8618176094997874,10.0,0.0,-0.0015972318251442632,0.04745717119658366,0.000356019004357222,2.642139514287313,0.0024310981158729796,0.02606201171875,0.9948994151006142,0.0033922579362600422,0.01190185546875,0.34053388983011246,0.3297617733478546
108778.97296121344,2314,151709440,151650304,2077.846395342824,1092.2560106935584,2302,100,2.5,4.33012710636735,10.0,0.0,0.9,2.8618176094997874,10.0,0.0,-0.0016061665131322418,0.09588777500903234,0.000371361573949495,2.642428656419118,0.002587935393118338,0.025441487630208336,0.9905781522393227,0.0035223901189359213,0.00946044921875,0.30456841364502907,0.32975247502326965
108859.19628043007,2316,151781376,151781376,896.6968794415916,1633.8391540003377,2309,100,1.9,3.923009163010647,10.0,0.0,1.4,3.4698704462783296,10.0,0.0,-0.0015866059390342948,0.06624539011196855,0.00037035595657168113,2.641038032869498,0.0028124949440098135,0.024444580078125,0.9925475710382065,0.003976470385775125,0.011749267578125,0.34133530408143997,0.3297647535800934
108919.19632468186,2317,151904768,151846912,2056.531816579692,1092.2658610879694,2309,100,1.9,3.923009163010647,10.0,0.0,1.4,3.4698704462783296,10.0,0.0,-0.001318887245967441,0.07060972783559312,0.00038600654261244927,2.631708142658075,0.00290294190805677,0.024622599283854164,0.9932803741345804,0.004070960950533239,0.01434326171875,0.37615785747766495,0.32978731393814087
109000.79669790529,2319,151977984,151977984,897.2507981003062,1606.2671630327159,2309,100,1.9,3.923009163010647,10.0,0.0,1.4,3.4698704462783296,10.0,0.0,-0.00028881364172169316,0.059036071693602324,0.0003534987293581556,2.6361657877763114,0.0021775552116499357,0.023529052734375,0.9941741687556108,0.0036536932190453326,0.0115966796875,0.339337021112442,0.3298035264015198
109060.79697643127,2320,152104704,152043520,2111.990195930812,1092.2615962793695,2309,100,1.9,3.923009163010647,10.0,0.0,1.4,3.4698704462783296,10.0,0.0,-0.001446811135489649,0.06035307348550607,0.0003283765557474302,2.6467037772138915,0.0028406066030584043,0.023615519205729168,0.9936018294344345,0.0032399702298183306,0.0103759765625,0.319982148706913,0.32980018854141235
109141.49848025292,2322,152174592,152174592,866.0061670530126,1624.1580861946609,2315,100,2.1,4.073082473555125,10.0,0.0,1.4,3.469870329773337,10.0,0.0,-0.00086296143126674,0.04279140819562599,0.00034728276204987196,2.6379525090257325,0.002194300056847472,0.019744873046875,0.9958475784709055,0.0038263389845572724,0.014801025390625,0.38064686208963394,0.32983526587486267
109201.49868458603,2323,152297728,152240128,2052.259677590158,1092.262946908691,2315,100,2.1,4.073082473555125,10.0,0.0,1.4,3.469870329773337,10.0,0.0,-0.0009070738136263875,0.057404900600279994,0.0003696447744611457,2.6244565173983574,0.002773791938428379,0.024027506510416668,0.9947432347883781,0.00472368495441818,0.016632080078125,0.40671326220035553,0.32987266778945923
109282.78527650889,2325,152371200,152371200,903.8637032503484,1612.4676517915623,2315,100,2.1,4.073082473555125,10.0,0.0,1.4,3.469870329773337,10.0,0.0,-0.0011918655436602421,0.07753367147718866,0.0003687840395893242,2.6383048693339033,0.0021804372330128294,0.024810791015625,0.9922255252798399,0.0041497422013587,0.01190185546875,0.34389685839414597,0.3298996686935425
109342.78552865703,2326,152501248,152436736,2167.4575579935968,1092.2620764692142,2315,100,2.1,4.073082473555125,10.0,0.0,1.4,3.469870329773337,10.0,0.0,-0.0015968414954841137,0.04619537633455669,0.00032502224894415116,2.6416936591267586,0.0019735293044504942,0.018361409505208332,0.9950142415861288,0.0035886908566074758,0.01220703125,0.34845713526010513,0.32990819215774536
109422.86830975767,2328,152567808,152567808,831.1399664847974,1636.7063955392932,2320,100,2.1,4.073082460554359,10.0,0.0,1.0,3.0000000686037853,10.0,0.0,-0.0010369845561702582,0.0982040186257412,0.0003511600495282134,2.620558440685272,0.004926599539127589,0.032618204752604164,0.9918799462417762,0.005071764176439804,0.013427734375,0.3631135821342468,0.3299262225627899
109482.86979499552,2329,152685824,152633344,1966.8846451412505,1092.2396294059872,2320,100,2.1,4.073082460554359,10.0,0.0,1.0,3.0000000686037853,10.0,0.0,-0.0017782948513437684,0.053154523513512686,0.0003359008790842684,2.6377369264761605,0.0015830807939588945,0.015965779622395836,0.9941033789267143,0.003703141223619847,0.013580322265625,0.36362341046333313,0.3299436569213867
109565.00886953622,2331,152764416,152764416,956.8162344105839,1595.7326124371953,2320,100,2.1,4.073082460554359,10.0,0.0,1.0,3.0000000686037853,10.0,0.0,-0.001538757343951147,0.06823789089685306,0.0003677374203713649,2.62409886221091,0.002939294929698614,0.030431111653645832,0.9937548836072286,0.004401292244438082,0.01220703125,0.34749919176101685,0.32996952533721924
109625.00912457239,2332,152884480,152829952,2001.0581609632513,1092.262023894653,2320,100,2.1,4.073082460554359,10.0,0.0,1.0,3.0000000686037853,10.0,0.0,-0.0006613981446813947,0.04772071039769799,0.0003434324362387997,2.6336883306503296,0.0026761744514563666,0.027018229166666664,0.9956891809900602,0.003833345755992923,0.01190185546875,0.3444783240556717,0.32997602224349976
109706.76240490656,2334,152961024,152961024,936.2804732375118,1603.262883938482,2326,100,1.9,3.923009156063433,10.0,0.0,1.3,3.363034364303226,10.0,0.0,-0.0011178253698744811,0.0635744819495206,0.00035406205521818873,2.6507829676071806,0.002635376304169768,0.023763020833333332,0.9916600479433934,0.0033308259274538914,0.0091552734375,0.3006468191742897,0.3299633264541626
109766.7856162861,2335,153084672,153026560,2060.003074779783,1091.8442798004648,2326,100,1.9,3.923009156063433,10.0,0.0,1.3,3.363034364303226,10.0,0.0,-0.0025465988328505773,0.04634888171373556,0.00036908915990352403,2.6290607700745263,0.002789830126857851,0.028605143229166664,0.9953557848930359,0.004198560704632351,0.012664794921875,0.3525579869747162,0.3299747407436371
109847.48015537206,2337,153157632,153157632,904.1504025728127,1624.2982670781757,2326,100,1.9,3.923009156063433,10.0,0.0,1.3,3.363034364303226,10.0,0.0,-0.0016460240537223096,0.07024575160661091,0.0003684547928060056,2.6350724945465727,0.003007546348574882,0.031463623046875,0.9924936189005772,0.003855700968415477,0.012359619140625,0.35086919367313385,0.33001434803009033
109907.48044650909,2338,153280000,153223168,2039.4567706437279,1092.2613667045907,2326,100,1.9,3.923009156063433,10.0,0.0,1.3,3.363034364303226,10.0,0.0,-0.0013953503318286191,0.07793335645692423,0.0003660097748555321,2.623429164290428,0.003213555148249725,0.025121053059895832,0.9929869168748459,0.0045975923082248,0.011749267578125,0.3387986794114113,0.3300198018550873
109988.01958821155,2340,153354240,153354240,921.7878218054954,1627.4322922910815,2332,100,2.2,4.142463183818291,10.0,0.0,1.4,3.4698703890871836,10.0,0.0,-0.0014310424788466967,0.04419078753562644,0.0003224866847328182,2.6303161606192593,0.0025007627949283533,0.024180094401041668,0.9962294586002827,0.004469993698876351,0.012664794921875,0.3545323312282562,0.330056369304657
110048.02472124808,2341,153480704,153419776,2107.553030888601,1092.173230581947,2332,100,2.2,4.142463183818291,10.0,0.0,1.4,3.4698703890871836,10.0,0.0,-0.0017232861537195276,0.10112537475652063,0.00034166248193893506,2.612077089647452,0.0030696672583871982,0.026209513346354168,0.991567821552356,0.004407953550980891,0.01495361328125,0.37739187106490135,0.330082505941391
110128.93874616828,2343,153550848,153550848,866.8954494499048,1619.8922267093112,2332,100,2.2,4.142463183818291,10.0,0.0,1.4,3.4698703890871836,10.0,0.0,-0.0014267976681973473,0.13233611996596056,0.00037554620090910856,2.622909530997276,0.003730121182646447,0.03232320149739583,0.987256915618976,0.005032314603643802,0.013580322265625,0.3649507462978363,0.33011502027511597
110188.93891694676,2344,153681664,153616384,2180.26046097376,1092.2635577481067,2332,100,2.2,4.142463183818291,10.0,0.0,1.4,3.4698703890871836,10.0,0.0,-0.0010022467589199853,0.08908367083252719,0.0003395025836046746,2.6161353861292205,0.004260230841585629,0.0397796630859375,0.99352497048676,0.004722583706704124,0.016326904296875,0.4021313488483429,0.33014994859695435
110268.54246941023,2346,153747456,153747456,826.495777687767,1646.559681619209,2338,100,1.8,3.8418745807727688,10.0,0.0,1.0,3.000000017573554,10.0,0.0,-0.001961109339996862,0.052185601651823774,0.00034562829447774374,2.6309156119823456,0.003372687938584325,0.026555379231770832,0.9946297171215217,0.004262038169448109,0.01190185546875,0.3433620259165764,0.33018139004707336
110328.5458223857,2347,153869824,153812992,2039.3527016735147,1092.2056310217986,2338,100,1.8,3.8418745807727688,10.0,0.0,1.0,3.000000017573554,10.0,0.0,-0.0010345256693350773,0.1282322988845408,0.00040707295192987664,2.62824609875679,0.0038036912471094792,0.03304036458333333,0.9885694179683924,0.004300410422729328,0.0164794921875,0.4038393050432205,0.3302172124385834
110411.21857151575,2349,153944064,153944064,897.9984430324258,1585.4317339055242,2338,100,1.8,3.8418745807727688,10.0,0.0,1.0,3.000000017573554,10.0,0.0,-0.0013391558968578465,0.051036606212922685,0.00031778441856052575,2.6578723564743996,0.002528382817520954,0.019734700520833336,0.9941520560532808,0.00298521378984636,0.01068115234375,0.3243368864059448,0.33023279905319214
110471.21870460361,2350,154074112,154009600,2167.461858952378,1092.2642438815133,2338,100,1.8,3.8418745807727688,10.0,0.0,1.0,3.000000017573554,10.0,0.0,-0.0017356368455997047,0.07384504223591648,0.00034356179943036597,2.6460730781157813,0.002652321398272761,0.026285807291666668,0.9928893608351549,0.003568311221897602,0.012969970703125,0.3591279685497284,0.3302460014820099
110551.3448184086,2352,154140672,154140672,830.6904807837573,1635.821254466476,2338,100,1.8,3.8418745807727688,10.0,0.0,1.0,3.000000017573554,10.0,0.0,-0.0014492112653291165,0.056041354963478326,0.00033477271972515155,2.6420135771234827,0.002979962298316726,0.024113972981770832,0.9942332648982604,0.003654765729152132,0.012664794921875,0.3534774035215378,0.330278217792511
110611.34507670999,2353,154262528,154206208,2030.9245901561007,1092.2619644537012,2345,100,1.5,3.5707142677032615,10.0,0.0,0.7,2.5514701703220197,10.0,0.0,-0.0007405028554785531,0.08220543949088703,0.00035011502344180673,2.6355515221754713,0.0034187395867775194,0.028717041015625,0.9915206308166186,0.003749189081039124,0.01190185546875,0.3422304764389992,0.3302845060825348
110692.85386722442,2355,154337280,154337280,917.1035360506847,1608.0719536231184,2345,100,1.5,3.5707142677032615,10.0,0.0,0.7,2.5514701703220197,10.0,0.0,-0.002212986610781324,0.08802735958791648,0.00034641335484290414,2.644892623027166,0.0024295896364492364,0.023137410481770832,0.9906687134255966,0.0035265709035835853,0.0115966796875,0.33619487285614014,0.33028340339660645
110752.8540412588,2356,154458112,154402816,2013.8608253161003,1092.2634984765289,2345,100,1.5,3.5707142677032615,10.0,0.0,0.7,2.5514701703220197,10.0,0.0,-0.0018126440688016978,0.04924675441967945,0.00037279303887771675,2.643012988070647,0.002154443497299023,0.02264404296875,0.9951550308614969,0.00381709284314032,0.01251220703125,0.35240768641233444,0.3302936255931854
110834.07208824623,2358,154533888,154533888,932.9946090888941,1613.8285130186277,2345,100,1.5,3.5707142677032615,10.0,0.0,0.7,2.5514701703220197,10.0,0.0,-0.0017230866020933413,0.05453529812317962,0.0003511331848737124,2.6500922863682113,0.0019892515520041343,0.016133626302083332,0.9941322815914949,0.003217340830209044,0.0140380859375,0.36951903253793716,0.3303394317626953
110894.07313423324,2359,154655744,154599424,2030.89792845247,1092.2476253862023,2352,100,2.0,4.000000058266336,10.0,0.0,0.9,2.8618176174239767,10.0,0.0,0.0013701195791024172,0.0939072561256277,0.000349085956562097,2.6432288487752276,0.0025674285958909118,0.021672566731770836,0.9905566927045584,0.003941494331229478,0.015411376953125,0.3882323428988457,0.33036816120147705
110976.16789833829,2361,154730496,154730496,910.5574614277608,1596.5939049692245,2352,100,2.0,4.000000058266336,10.0,0.0,0.9,2.8618176174239767,10.0,0.0,-0.0019047041702530503,0.06465024255642977,0.0003881000138790114,2.6500721077124276,0.002472484128399325,0.021738688151041668,0.9929757540424665,0.003381436593675365,0.012969970703125,0.3593866378068924,0.33040207624435425
111036.16834622063,2362,154851328,154796032,2013.851633856985,1092.2585132783647,2352,100,2.0,4.000000058266336,10.0,0.0,0.9,2.8618176174239767,10.0,0.0,0.00041033865272765974,0.06631313128552088,0.0003920110278462137,2.642614809175332,0.003362022919948989,0.0276031494140625,0.9931503776460886,0.003743786391472289,0.01312255859375,0.35912005603313446,0.33041608333587646
111117.47550374549,2364,154927104,154927104,931.972071177496,1612.0597987935066,2358,100,1.8,3.8418746555035606,10.0,0.0,1.3,3.363034364303226,10.0,0.0,-0.0006336612132145092,0.07977820696153988,0.00037561116399350186,2.640647274752458,0.0029465520183293847,0.029683430989583336,0.992511909455061,0.004139645468967501,0.011138916015625,0.3319175988435745,0.3304353356361389
111177.47580394987,2365,155049472,154992640,2039.4564624372401,1092.2612016400283,2358,100,1.8,3.8418746555035606,10.0,0.0,1.3,3.363034364303226,10.0,0.0,-0.0012395495335416247,0.056584861110119775,0.0004012582321593072,2.6495081956187887,0.002774645882406427,0.023040771484375,0.9932513379802307,0.0034106514746478447,0.00885009765625,0.2943306714296341,0.330422043800354
111259.16725176945,2367,155123712,155123712,908.7854601862393,1604.4763986736364,2358,100,1.8,3.8418746555035606,10.0,0.0,1.3,3.363034364303226,10.0,0.0,-0.001487049465746774,0.08751370222307742,0.0004089850335731171,2.632201316456,0.0035527013133105356,0.03248087565104167,0.9922971793760856,0.004115140589419752,0.015869140625,0.3975630849599838,0.3304636478424072
111319.1675533196,2368,155244032,155189248,2005.323254908113,1092.2611771414404,2358,100,1.8,3.8418746555035606,10.0,0.0,1.3,3.363034364303226,10.0,0.0,-0.00024355354253202677,0.09410853765439242,0.0003953805310932997,2.6319153010845184,0.003073249695565513,0.03109232584635417,0.9906949313978354,0.003942817796390349,0.0128173828125,0.353372760117054,0.33047568798065186
111400.20225182269,2370,155320320,155320320,941.4238765519585,1617.4799489751772,2363,100,2.1,4.073082474945767,10.0,0.0,0.9,2.8618176174239767,10.0,0.0,-0.001554075733414114,0.10417791454043861,0.0004138657668590895,2.628174190719922,0.004570420222080429,0.03659566243489583,0.9913410376757383,0.004740937183669303,0.01556396484375,0.39211995899677277,0.33049190044403076
111460.20263855439,2371,155440384,155385856,2001.053768817933,1092.259626476313,2363,100,2.1,4.073082474945767,10.0,0.0,0.9,2.8618176174239767,10.0,0.0,-0.0007110600139033825,0.056211831290662914,0.0003417507784130672,2.6611494521299996,0.0017321184362420656,0.015777587890625,0.9925088112552961,0.0027814565485944818,0.0079345703125,0.27841342613101006,0.33047279715538025
111541.34047673456,2373,155516928,155516928,943.3822950769811,1615.4238631418539,2363,100,2.1,4.073082474945767,10.0,0.0,0.9,2.8618176174239767,10.0,0.0,-0.0006443976296092538,0.04930227110162378,0.000390926643073423,2.638729681571325,0.002444010954908056,0.020619710286458332,0.9947177084783714,0.003600064209119106,0.01068115234375,0.32458052784204483,0.3304715156555176
111601.34093330987,2374,155641088,155582464,2069.3175866782203,1092.2583550301536,2363,100,2.1,4.073082474945767,10.0,0.0,0.9,2.8618176174239767,10.0,0.0,-0.0010546778891390811,0.1333768805488944,0.0004268526927262428,2.632144682109356,0.003850669911723041,0.030924479166666668,0.9859856031835079,0.004545547807841406,0.01220703125,0.34755320847034454,0.33047962188720703
111682.2857677294,2376,155713536,155713536,895.0293186654974,1619.275657797649,2369,100,1.8,3.8418746336173535,10.0,0.0,0.8,2.7129320043241325,10.0,0.0,-0.001435681589403733,0.07495434772378455,0.0004117719984909248,2.6170236244797707,0.00285300844249529,0.025782267252604168,0.9926796481013298,0.004572709905914962,0.013275146484375,0.36081553995609283,0.33049675822257996
111742.28609361686,2377,155838464,155779072,2082.122024375563,1092.2607340986558,2369,100,1.8,3.8418746336173535,10.0,0.0,0.8,2.7129320043241325,10.0,0.0,-0.0014616254338761792,0.06613114260835573,0.0004221016879455419,2.637018163998922,0.0031746249314892334,0.027598063151041664,0.9934698579212029,0.004228435585294695,0.014190673828125,0.37477678060531616,0.33051741123199463
111824.40459108073,2379,155910144,155910144,872.8849432679085,1596.1324676898898,2369,100,1.8,3.8418746336173535,10.0,0.0,0.8,2.7129320043241325,10.0,0.0,-0.000981050525297178,0.058429678863224886,0.0003779928920266684,2.644360991815726,0.002916253563550223,0.025278727213541664,0.9934028629213572,0.003426141760428436,0.012054443359375,0.34583929926157,0.33052000403404236
111884.40464201756,2380,156037888,155975680,2129.064859203244,1092.2657393908426,2369,100,1.8,3.8418746336173535,10.0,0.0,0.8,2.7129320043241325,10.0,0.0,-0.001073633945149292,0.04368298721480338,0.00037845339860117144,2.6471091583371162,0.002218568379248609,0.019800821940104164,0.9951022733002901,0.0034511935106517435,0.010833740234375,0.3249669224023819,0.33051934838294983
111965.1253086226,2382,156106752,156106752,853.1148576477883,1623.7725171586155,2375,100,1.9,3.9230091219019942,10.0,0.0,1.1,3.128897598330692,10.0,0.0,-0.0017676341691791702,0.08979303858359344,0.00036612124282934627,2.6360123430689173,0.002864588754164288,0.025670369466145832,0.989870285615325,0.003869203331608636,0.0091552734375,0.30186911672353745,0.33051127195358276
112025.12542272545,2383,156221184,156172288,1907.1963730577063,1092.2645894916618,2375,100,1.9,3.9230091219019942,10.0,0.0,1.1,3.128897598330692,10.0,0.0,-0.0018696660263231024,0.08464284198513874,0.00036188010471960297,2.637596343954404,0.0030614919335979116,0.027130126953125003,0.9914568047970533,0.004297004736145027,0.011749267578125,0.3423668369650841,0.33051642775535583
112108.16443403624,2385,156303360,156303360,989.607158163817,1578.438831713004,2375,100,1.9,3.9230091219019942,10.0,0.0,1.1,3.128897598330692,10.0,0.0,-0.0023672613424423616,0.05095791082324771,0.0004083035431297806,2.6290636385480566,0.0033390397893526824,0.0294189453125,0.9951140594979128,0.004356895568586576,0.0152587890625,0.3898351490497589,0.3305508494377136
112168.17486218736,2386,156425472,156368896,2034.8463385813982,1092.0768609577315,2375,100,1.9,3.9230091219019942,10.0,0.0,1.1,3.128897598330692,10.0,0.0,-0.0018746066513510111,0.08094845677260308,0.00037017663119816763,2.635906219482422,0.0030383003637931933,0.0322418212890625,0.9902945055315892,0.004247740582892827,0.01129150390625,0.3345547467470169,0.3305530846118927
112249.39290646557,2388,156499968,156499968,917.2345956129457,1613.8285668516432,2381,100,2.0,4.0000001593306385,10.0,0.0,1.3,3.363034364303226,10.0,0.0,-0.0008292540005641058,0.057137571837908276,0.000358688208507374,2.6383309364318848,0.0029602478377152392,0.0243377685546875,0.9946846881260474,0.0039287584998722504,0.012359619140625,0.35095278173685074,0.3305691182613373
112309.39326827321,2389,156616192,156565504,1937.0549859783087,1092.2600801992226,2381,100,2.0,4.0000001593306385,10.0,0.0,1.3,3.363034364303226,10.0,0.0,-0.0013360634135703247,0.0826258136657998,0.00040806855395203456,2.614670244355996,0.0032630616691070222,0.030120849609375003,0.9926676483203968,0.0045169283548602834,0.013275146484375,0.3626658767461777,0.3305838704109192
112393.03574929107,2391,156696576,156696576,961.0427503081586,1567.0505992285898,2381,100,2.0,4.0000001593306385,10.0,0.0,1.3,3.363034364303226,10.0,0.0,-0.0014548041181114966,0.05788617821720739,0.0003722278061104589,2.625237286090851,0.002927849003754091,0.028096516927083336,0.9953481915096442,0.003901063792000059,0.014190673828125,0.3718298003077507,0.33061620593070984
112486.0395387439,2393,156827648,156827648,1409.3189188432932,1409.3189188432932,2387,100,2.7,4.439594611719919,10.0,0.0,1.1,3.128897591082904,10.0,0.0,-0.001833126800192986,0.10080830324053144,0.0003466092712187674,2.648198818167051,0.0020763220921556544,0.0192718505859375,0.9892747017244498,0.003073109461790106,0.010528564453125,0.3221060484647751,0.3306157886981964
112546.04004481249,2394,156951296,156893184,2060.782618377782,1092.2574540470232,2387,100,2.7,4.439594611719919,10.0,0.0,1.1,3.128897591082904,10.0,0.0,-0.0016719840374814037,0.08253367870929651,0.00034402057402379194,2.653914245466391,0.0023844315746828215,0.020543416341145832,0.9902376731236776,0.002785775872325758,0.01220703125,0.34056755900382996,0.3306237757205963
112627.63542958256,2396,157024256,157024256,894.1682204893502,1606.3653645282361,2387,100,2.7,4.439594611719919,10.0,0.0,1.1,3.128897591082904,10.0,0.0,-0.0017399529679096304,0.07185610354645178,0.00035018812953542994,2.639722198247909,0.002130335652206365,0.021087646484374997,0.9931013192981482,0.0033062272971922844,0.012359619140625,0.35011476278305054,0.3306560218334198
112687.63568281848,2397,157151488,157089792,2120.5243834509033,1092.2620566668636,2387,100,2.7,4.439594611719919,10.0,0.0,1.1,3.128897591082904,10.0,0.0,-0.003178198923706077,0.054078388668131076,0.0003456138668601246,2.6481142689784365,0.001730604182133296,0.018544514973958332,0.9941533071299394,0.00297068652556239,0.010833740234375,0.32455890998244286,0.3306553065776825
112767.67943454068,2399,157220864,157220864,866.7259905654473,1637.5044545000333,2387,100,2.7,4.439594611719919,10.0,0.0,1.1,3.128897591082904,10.0,0.0,-0.0009753256102461212,0.06619559013051912,0.00034998591036128346,2.6337438573439917,0.0029655015290093916,0.026697794596354164,0.993560839444399,0.0037908556769252755,0.014801025390625,0.3842541351914406,0.33069705963134766
112827.67980447412,2400,157342464,157286400,2026.6541712143876,1092.2599322755436,2392,100,2.0,4.000000043670121,10.0,0.0,1.5,3.570714282468,10.0,0.0,-0.0010258245116953426,0.07284892352375512,0.0003740278170880629,2.6397515262166658,0.0023279165907297283,0.020172119140625,0.991330612450838,0.003387481958876985,0.009765625,0.3118298053741455,0.3306896388530731
112908.48542014882,2402,157417472,157417472,928.2523172888933,1622.0654827710355,2392,100,2.0,4.000000043670121,10.0,0.0,1.5,3.570714282468,10.0,0.0,-0.0015734984505494747,0.09364086548642567,0.00038611580324262224,2.629271775484085,0.003121028814954722,0.029261271158854168,0.9917223037530978,0.003922389820218086,0.013580322265625,0.36648011952638626,0.33071696758270264
112968.4856511699,2403,157537024,157483008,1992.525661409367,1092.2624610723724,2392,100,2.0,4.000000043670121,10.0,0.0,1.5,3.570714282468,10.0,0.0,-0.0014384342017971599,0.09645757203300795,0.0003639693504737806,2.6409957880775132,0.00230416287437644,0.023890177408854164,0.9899346182743708,0.003440009410648296,0.014801025390625,0.3832617551088333,0.33074113726615906
113049.6759887021,2405,157614080,157614080,949.0784536945637,1614.379296649889,2392,100,2.0,4.000000043670121,10.0,0.0,1.5,3.570714282468,10.0,0.0,-0.0019129300708300434,0.07914435830510531,0.00038548769437814673,2.6359616816043854,0.003439243584580254,0.024363199869791668,0.9925864997009436,0.003992139846862604,0.015106201171875,0.3843444362282753,0.33077412843704224
113109.68421893846,2406,157742080,157679616,2133.0407428420526,1092.116860335131,2399,100,1.9,3.9230091572299863,10.0,0.0,1.0,3.0000000937365336,10.0,0.0,0.000369995674797489,0.09167279539785038,0.0004034593797162719,2.629916367431482,0.0026803482742252527,0.028722127278645832,0.9916791543364526,0.0038059358436536663,0.013427734375,0.36360160261392593,0.33078962564468384
113189.85505077802,2408,157810688,157810688,855.7725849384384,1634.9088189868673,2399,100,1.9,3.9230091572299863,10.0,0.0,1.0,3.0000000937365336,10.0,0.0,-0.001926850793097401,0.08632875652983785,0.0003637223332286036,2.6371003314852715,0.002662408948405452,0.024531046549479164,0.992642135048906,0.00377443552861223,0.014190673828125,0.3750656619668007,0.33081871271133423
113249.85520277172,2409,157933568,157876224,2047.994811961283,1092.2638997126842,2399,100,1.9,3.9230091572299863,10.0,0.0,1.0,3.0000000937365336,10.0,0.0,-0.0011490443842679572,0.0630937350797467,0.00035012265804349835,2.633069391051928,0.003735397815034958,0.028127034505208336,0.9939893186092377,0.003676641014559815,0.01556396484375,0.38759779185056686,0.3308475613594055
113330.55822175369,2411,158007296,158007296,913.5717712924436,1624.1275934087887,2399,100,1.9,3.9230091572299863,10.0,0.0,1.0,3.0000000937365336,10.0,0.0,-0.000922525553808858,0.09418433568983649,0.00039072176726525265,2.6284977371493974,0.0032007896224968135,0.025365193684895836,0.9919342262049516,0.003961780705139972,0.015411376953125,0.3910142704844475,0.3308965563774109
113390.55879331194,2412,158132480,158072832,2086.3801252037115,1092.2562618653376,2405,100,1.9,3.9230091572299863,10.0,0.0,1.2,3.249615394301709,10.0,0.0,-0.002250686649252505,0.0665244924991081,0.0003458946979056539,2.6363909766077995,0.002237069835246075,0.022608439127604168,0.9938504807651043,0.0034968107671981366,0.0146484375,0.3817375525832176,0.3309195935726166
113472.3541895356,2414,158203904,158203904,873.2031788769093,1602.4373748565506,2405,100,1.9,3.9230091572299863,10.0,0.0,1.2,3.249615394301709,10.0,0.0,-0.001505586569692241,0.06442063607391901,0.00035849241461013054,2.6417138800024986,0.002616040389815074,0.024648030598958332,0.9931387690206369,0.0036275204038247466,0.012054443359375,0.34640248119831085,0.3309389352798462
113532.35446316097,2415,158319360,158269440,1924.257891237158,1092.2616854916018,2405,100,1.9,3.9230091572299863,10.0,0.0,1.2,3.249615394301709,10.0,0.0,-0.0002637844736455009,0.09754456751397811,0.00039239940421490854,2.6343960811694465,0.0022249215489864582,0.023976643880208336,0.9911180039246877,0.0038601010382990353,0.014190673828125,0.372396320104599,0.3309590518474579
113614.2885601744,2417,158400512,158400512,990.4545599213963,1599.724715078091,2405,100,1.9,3.9230091572299863,10.0,0.0,1.2,3.249615394301709,10.0,0.0,-0.0009102166962596433,0.05659049093568076,0.0003712785285946059,2.6242845480640726,0.0023444424975120155,0.0220947265625,0.995171829437216,0.0038252096273936327,0.015106201171875,0.3845711275935173,0.33101359009742737
113674.28897914011,2418,158526208,158466048,2094.9187050151395,1092.259039682028,2411,100,2.3,4.208325150027106,10.0,0.0,1.2,3.249615394301709,10.0,0.0,-0.0005545879200023288,0.09724444259578982,0.0003795458596869139,2.6116082395116487,0.002637105926017587,0.021962483723958336,0.992224209010601,0.004599684146038878,0.015106201171875,0.38538510352373123,0.3310393989086151
113755.15442113858,2420,158597120,158597120,876.9135275529001,1620.8654372096926,2411,100,2.3,4.208325150027106,10.0,0.0,1.2,3.249615394301709,10.0,0.0,-0.0016575106007318634,0.0510802188849387,0.0003494305062001028,2.6443584884206457,0.0024856103718775557,0.022710164388020832,0.9950118865817785,0.0036423570054466836,0.011749267578125,0.3414769843220711,0.3310452699661255
113815.1618930595,2421,158720768,158662656,2060.5433963780847,1092.1306614343473,2411,100,2.3,4.208325150027106,10.0,0.0,1.2,3.249615394301709,10.0,0.0,-0.0004501009110147909,0.06540335640117216,0.0003403289116855982,2.631485904256503,0.002561403377209596,0.021626790364583332,0.9930877350270748,0.003404355307187264,0.012054443359375,0.34679602086544037,0.3310520350933075
113895.75721175224,2423,158793728,158793728,905.263496483643,1626.2979305250008,2411,100,2.3,4.208325150027106,10.0,0.0,1.2,3.249615394301709,10.0,0.0,-0.002029143328400096,0.0907326935751674,0.00036341537452244665,2.633578916390737,0.0029266983510751743,0.022679646809895836,0.9908993635326623,0.003959544944033648,0.012969970703125,0.3596823960542679,0.3310825526714325
113955.75748019759,2424,158915328,158859264,2026.6575992198498,1092.2617797900664,2417,100,2.3,4.208325179210946,10.0,0.0,1.0,3.0000000351471083,10.0,0.0,-0.0013686137208424043,0.05267785881490757,0.00034239232536492636,2.6449729378024736,0.0023327909099558988,0.022333780924479164,0.9940479981402556,0.003606745189851305,0.011138916015625,0.3319672644138336,0.33108359575271606
114038.02590159886,2426,158990336,158990336,911.7471652232568,1593.2237153389335,2417,100,2.3,4.208325179210946,10.0,0.0,1.0,3.0000000351471083,10.0,0.0,-0.0016477522270482345,0.04042251401309234,0.0003544898548473915,2.6422030925750732,0.002176531404378087,0.01837158203125,0.9954844508320094,0.0038802284422369366,0.01251220703125,0.34915927052497864,0.3310941755771637
114098.02605699096,2427,159102976,159055872,1877.3284712996835,1092.2638378470886,2417,100,2.3,4.208325179210946,10.0,0.0,1.0,3.0000000351471083,10.0,0.0,-0.0010056765810683523,0.03361750459104466,0.0003296253523027796,2.6435811271270118,0.0012412146485682267,0.012563069661458334,0.9959069440762202,0.0034340772787497067,0.012359619140625,0.34980063140392303,0.33110275864601135
114181.70496045891,2429,159186944,159186944,1003.4548317445091,1566.3685178450874,2417,100,2.3,4.208325179210946,10.0,0.0,1.0,3.0000000351471083,10.0,0.0,-0.0009666540633285573,0.06360331230098382,0.0003780870589859357,2.6281206756830215,0.0024017125718576913,0.019343058268229168,0.9941739551723002,0.004240205125825014,0.01312255859375,0.3587650954723358,0.33112940192222595
114241.70502919331,2430,159310080,159252480,2052.2643156473946,1092.2654153965343,2423,100,1.7,3.756328023348026,10.0,0.0,1.9,3.9230091502827715,10.0,0.0,-0.001251575781983168,0.05016582862299401,0.0003501899157830243,2.631389230489731,0.003654217731309473,0.029973347981770832,0.9956207585831484,0.00404921849258244,0.015106201171875,0.3863316550850868,0.331155002117157
114323.32244298141,2432,159383552,159383552,900.2000503317844,1605.9317971075734,2423,100,1.7,3.756328023348026,10.0,0.0,1.9,3.9230091502827715,10.0,0.0,-0.0020297832052165177,0.08630803064443171,0.00033726663332345197,2.6350261395176253,0.002083639389335682,0.019953409830729168,0.9911448353280624,0.0033616600291376626,0.013275146484375,0.36160434782505035,0.3311721086502075
114383.32277666125,2433,159503616,159449088,2001.0555381351378,1092.2605922443397,2423,100,1.7,3.756328023348026,10.0,0.0,1.9,3.9230091502827715,10.0,0.0,-0.00045326216544102255,0.058469748725959406,0.00035107989879179513,2.630363700290521,0.003287200016832988,0.025151570638020832,0.9948617809762558,0.003755307380439869,0.015716552734375,0.3959672898054123,0.3312014639377594
114464.83643792849,2435,159580160,159580160,939.0327806409867,1607.9758651778768,2423,100,1.7,3.756328023348026,10.0,0.0,1.9,3.9230091502827715,10.0,0.0,-0.0020231440236481526,0.041226330552793414,0.00033923861731940025,2.6385069837172828,0.002021880760366912,0.0195770263671875,0.9958005174994469,0.0037356869991829926,0.012664794921875,0.35288333892822266,0.331238329410553
114524.836844665,2436,159704064,159645696,2065.0526677948174,1092.2592623046967,2429,100,2.2,4.142463130737068,10.0,0.0,1.0,3.0000000351471083,10.0,0.0,-0.001807816399377771,0.06376501324120909,0.0003802822723931361,2.620537685851256,0.0019060645887899834,0.025909423828125,0.994145310173432,0.004099268245530159,0.014801025390625,0.38312309235334396,0.33126193284988403
114606.45768260863,2438,159776768,159776768,890.7529232940875,1605.864425093566,2429,100,2.2,4.142463130737068,10.0,0.0,1.0,3.0000000351471083,10.0,0.0,-0.0010772605795258037,0.08822166009728487,0.00033774021449062275,2.6286403809984527,0.003178011913405498,0.023595174153645836,0.9914803293844063,0.0037964984270123145,0.015106201171875,0.38702916353940964,0.3313053250312805
114666.45774606895,2439,159900928,159842304,2069.331144659715,1092.2655114080144,2429,100,2.2,4.142463130737068,10.0,0.0,1.0,3.0000000351471083,10.0,0.0,-0.0013563220854848625,0.05222240663715638,0.00033586297953055083,2.618097682793935,0.00277027587859872,0.0258636474609375,0.9952234905213118,0.004075581559542721,0.015716552734375,0.392063707113266,0.33133450150489807
114747.53492680937,2441,159973376,159973376,893.5683177236926,1616.632433478907,2435,100,2.2,4.142463134134962,10.0,0.0,1.0,3.0000000351471083,10.0,0.0,-0.002063600210628162,0.09240749259091294,0.000342156373335456,2.625440150499344,0.002970930749749338,0.024973551432291664,0.991285730774204,0.003918252778627599,0.01556396484375,0.3918987661600113,0.3313871920108795
114807.5353117045,2442,160093952,160038912,2009.5871086617763,1092.2596599095853,2435,100,2.2,4.142463134134962,10.0,0.0,1.0,3.0000000351471083,10.0,0.0,-0.0008861333299137186,0.059660801586384565,0.00032190842224129784,2.6408420875668526,0.002123349412916771,0.019317626953125,0.9936242972811064,0.0033952764642890543,0.011749267578125,0.3418996036052704,0.331391841173172
114890.26301915105,2444,160169984,160169984,919.0633023297709,1584.3784875179888,2435,100,2.2,4.142463134134962,10.0,0.0,1.0,3.0000000351471083,10.0,0.0,-0.001216059798025526,0.07528148744798577,0.00030721038547198987,2.6341060996055603,0.0021286275350576034,0.018686930338541668,0.9927262794226409,0.003496679918801722,0.013885498046875,0.3708105757832527,0.33144810795783997
114950.26311483327,2445,160294656,160235520,2077.863353090405,1092.2649248278103,2435,100,2.2,4.142463134134962,10.0,0.0,1.0,3.0000000351471083,10.0,0.0,-0.001771603045805629,0.06064578681252897,0.00032401827441693365,2.638204542299112,0.0023766541629205067,0.019744873046875,0.9938139108320078,0.0034917180479775807,0.010986328125,0.3268589973449707,0.3314480483531952
115030.95130834542,2447,160366592,160366592,891.5306796299592,1624.4260070125947,2440,100,2.3,4.208325231461426,10.0,0.0,1.4,3.469870331896036,10.0,0.0,-0.0006325020173486943,0.06192009092774242,0.00036541102538952447,2.642364318172137,0.0024306886771228164,0.023213704427083332,0.9942276825507482,0.00398268688392515,0.01190185546875,0.34343741089105606,0.3314647972583771
115090.95142844785,2448,160480768,160432128,1902.9295242257335,1092.2644802730667,2440,100,2.3,4.208325231461426,10.0,0.0,1.4,3.469870331896036,10.0,0.0,-0.00028475535024578374,0.08608905337556887,0.00035811243954716093,2.631890426079432,0.003594205363697256,0.0277252197265625,0.9919537094732126,0.004221464662502209,0.01495361328125,0.38067498058080673,0.3314891457557678
115172.46407961752,2450,160563200,160563200,1011.2786029792322,1607.9957910725682,2440,100,2.3,4.208325231461426,10.0,0.0,1.4,3.469870331896036,10.0,0.0,-0.00021058468943616998,0.10393719906763484,0.0003478425060166046,2.636023511489232,0.0034627035311132204,0.0255126953125,0.9896742018560569,0.004300006451861312,0.013885498046875,0.37128695100545883,0.33152079582214355
115232.46466740035,2451,160685568,160628736,2039.44668747116,1092.255966511751,2440,100,2.3,4.208325231461426,10.0,0.0,1.4,3.469870331896036,10.0,0.0,0.0008535975260504831,0.07859240957380584,0.0003384944984645699,2.634673227866491,0.002950350130655958,0.024988810221354168,0.9930584710091352,0.004382078351530557,0.01312255859375,0.3608557656407356,0.331533819437027
115313.60457242001,2453,160759808,160759808,914.9628654606983,1615.382714192681,2446,100,2.0,4.000000102208405,10.0,0.0,1.6,3.6660606121043218,10.0,0.0,-0.0010107373624729614,0.07013884392411758,0.0003523373134157736,2.6331819792588553,0.0022850831949957255,0.020940144856770832,0.9934033397585154,0.004047062114599005,0.01556396484375,0.3893878310918808,0.33157292008399963
115373.6050547529,2454,160881152,160825344,2022.3837422966567,1092.2578861349032,2446,100,2.0,4.000000102208405,10.0,0.0,1.6,3.6660606121043218,10.0,0.0,-0.0013046319254499394,0.10450086812488735,0.00035049814535644447,2.635686899224917,0.0027810742728130813,0.026753743489583332,0.9896961394697428,0.004231587534983798,0.013885498046875,0.37217874079942703,0.33159059286117554
115454.93710694835,2456,160956416,160956416,925.3916256672967,1611.5663685090337,2446,100,2.0,4.000000102208405,10.0,0.0,1.6,3.6660606121043218,10.0,0.0,-0.00017534131620777768,0.048091712834623955,0.00035286111081707833,2.6275796219706535,0.0025386799643456475,0.025945027669270832,0.9958340531835953,0.0043028310271135215,0.017547607421875,0.4170800969004631,0.3316538631916046
115514.93740896229,2457,161076992,161021952,2009.5898845973156,1092.2611686983287,2446,100,2.0,4.000000102208405,10.0,0.0,1.6,3.6660606121043218,10.0,0.0,-0.0010566721854653829,0.08105066643717387,0.00030989301315761014,2.64595265686512,0.0023194172918010736,0.0189208984375,0.9898610437909762,0.003121825538983103,0.010986328125,0.3299760967493057,0.3316537141799927
115595.87496416736,2459,161153024,161153024,939.390865060757,1619.4212892629887,2446,100,2.0,4.000000102208405,10.0,0.0,1.6,3.6660606121043218,10.0,0.0,-0.001250418749502084,0.09321156623385225,0.0003493539661576506,2.6215273787577944,0.0028885101395038264,0.025751749674479164,0.9927324764430523,0.00456577179041536,0.01708984375,0.4109844043850899,0.3317168653011322
115655.87525809929,2460,161280768,161218560,2129.056236706741,1092.2613158255024,2452,100,1.6,3.6660605961151185,10.0,0.0,1.3,3.363034364303226,10.0,0.0,-0.000869755880557932,0.0739580351510085,0.00035845515837233205,2.629152345160643,0.0024705373828813513,0.0212249755859375,0.9932974576950073,0.004121318139368668,0.01434326171875,0.3726496621966362,0.3317371904850006
115737.18068402167,2462,161349632,161349632,846.9791433813673,1612.0941316403719,2452,100,1.6,3.6660605961151185,10.0,0.0,1.3,3.363034364303226,10.0,0.0,-0.0005628242543025408,0.10134258718850712,0.00037194110852093826,2.6283052836855254,0.002808422560822995,0.027684529622395832,0.9909453317523003,0.003987524318896855,0.0152587890625,0.3888285756111145,0.33178064227104187
115797.18523027748,2463,161473024,161415168,2056.3775196960773,1092.1839108759248,2452,100,1.6,3.6660605961151185,10.0,0.0,1.3,3.363034364303226,10.0,0.0,0.00047749675771531963,0.0775966535632809,0.0003612755350938338,2.645755072434743,0.002209778666535082,0.020955403645833336,0.9907836032410463,0.003752001956551491,0.010223388671875,0.31495197862386703,0.3317757844924927
115879.31545320991,2465,161546240,161546240,891.4623312325737,1595.9045929757963,2452,100,1.6,3.6660605961151185,10.0,0.0,1.3,3.363034364303226,10.0,0.0,-0.0008940968691604212,0.07838103955145925,0.0003266275274048288,2.627195107440154,0.0028029256439670762,0.026850382486979168,0.9932749302436907,0.0039924824886838906,0.016021728515625,0.3993421047925949,0.3318377435207367
115939.31565393228,2466,161668608,161611776,2039.4598439132267,1092.2630126397198,2459,100,1.9,3.92300907709754,10.0,0.0,1.1,3.128897598330692,10.0,0.0,-0.0009753129452292342,0.0751089749004071,0.00036543687140995945,2.6345582058032355,0.0030411095364494636,0.026397705078125,0.9921716966976721,0.003757652622880414,0.013275146484375,0.3619948476552963,0.33185145258903503
116020.32627409697,2468,161742848,161742848,916.4230547683615,1617.960703591038,2459,100,1.9,3.92300907709754,10.0,0.0,1.1,3.128897598330692,10.0,0.0,-0.0006217237472204337,0.07831795926904304,0.0003710992556686203,2.6350576529900236,0.0025401136287352224,0.024932861328125,0.9928586153934399,0.003972573610856974,0.012359619140625,0.34783101081848145,0.33185285329818726
116080.32681531552,2469,161864960,161808384,2035.1816420321593,1092.2568141723957,2459,100,1.9,3.92300907709754,10.0,0.0,1.1,3.128897598330692,10.0,0.0,-0.0014291210488105814,0.051772380131296813,0.0003456383519733208,2.638776103655497,0.0024609774500277126,0.022471110026041664,0.9954351577907801,0.003296221574904242,0.011138916015625,0.3329411670565605,0.3318535387516022
116162.14329416025,2471,161939456,161939456,910.5256184560992,1602.0244558402844,2465,100,2.3,4.208325169344761,10.0,0.0,1.5,3.570714244936115,10.0,0.0,-0.001042938522004988,0.07213683692195143,0.00035472667180632317,2.638719342648983,0.0022175511809715926,0.020502726236979164,0.9926634468138218,0.003615350161756699,0.01312255859375,0.3594973459839821,0.33185675740242004
116222.14478301723,2472,162060544,162004992,2018.083256044594,1092.2395635251926,2465,100,2.3,4.208325169344761,10.0,0.0,1.5,3.570714244936115,10.0,0.0,-0.0026204784468670064,0.043112790949332215,0.0003198016690172759,2.632371666530768,0.002778235066822769,0.024007161458333332,0.9957366231828928,0.003844435508653987,0.01220703125,0.34099091216921806,0.33186396956443787
116303.7077889191,2474,162136064,162136064,925.9099657368766,1607.0030591772231,2465,100,2.3,4.208325169344761,10.0,0.0,1.5,3.570714244936115,10.0,0.0,-0.001774270484020235,0.047534458921290934,0.00032605390060780337,2.626666364570459,0.0015000973447361807,0.014490763346354168,0.9956216793507338,0.0035800973200821318,0.01434326171875,0.37675801664590836,0.3318968415260315
116363.70786521211,2475,162261760,162201600,2094.930669523752,1092.265277796498,2465,100,2.3,4.208325169344761,10.0,0.0,1.5,3.570714244936115,10.0,0.0,-0.0018304188994685926,0.10819521839342391,0.00036534934709682904,2.624504086871942,0.003409567704390308,0.030492146809895836,0.9897383507341146,0.004394312444977307,0.0115966796875,0.3395361751317978,0.33190029859542847
116444.70790867787,2477,162332672,162332672,875.4563203411025,1618.1719711720016,2470,100,2.4,4.270831412023929,10.0,0.0,1.6,3.6660606182901403,10.0,0.0,-0.0020426604914973723,0.06465848967976247,0.0003450614749453962,2.628143839538098,0.002348804661475394,0.022455851236979168,0.9937700051814318,0.0035873478991561574,0.01495361328125,0.3843834698200226,0.33194518089294434
116504.70827818941,2478,162447872,162398208,1919.9881757033897,1092.2599399557062,2470,100,2.4,4.270831412023929,10.0,0.0,1.6,3.6660606182901403,10.0,0.0,-0.0013283531225170009,0.047751089315473415,0.0003610239809859195,2.623974780241648,0.0022922689974317714,0.0218658447265625,0.9955561396976311,0.0038494706289687506,0.015869140625,0.39396682381629944,0.3319745361804962
116587.08374535199,2480,162529280,162529280,988.2553969536845,1591.1533435229132,2470,100,2.4,4.270831412023929,10.0,0.0,1.6,3.6660606182901403,10.0,0.0,-0.0025260565392576004,0.05025309927683945,0.00032073010303671856,2.642480306327343,0.0032629214850506587,0.0229644775390625,0.9934645139922698,0.0033534255914370687,0.009918212890625,0.308868370950222,0.3319869041442871
116647.08413386624,2481,162652928,162594816,2060.7866559169483,1092.2595940263743,2470,100,2.4,4.270831412023929,10.0,0.0,1.6,3.6660606182901403,10.0,0.0,-0.0011390998224669602,0.12362936818196128,0.0003370046927860434,2.6271756688753762,0.002490643030493326,0.025248209635416668,0.987621291851004,0.0040345994420931675,0.013275146484375,0.3564078211784363,0.3320004642009735
116728.97929010447,2483,162725888,162725888,890.8951805130422,1600.4853769216759,2475,100,2.0,4.000000031129096,10.0,0.0,1.8,3.841874701254215,10.0,0.0,-0.002897455481919072,0.08494596971043696,0.0003598361439192862,2.622670233249664,0.0034822599579153275,0.032318115234375,0.9921895638108253,0.004332197056404159,0.014495849609375,0.378551222383976,0.33204418420791626
116788.97948947549,2484,162847488,162791424,2026.6599323791188,1092.2630372401145,2475,100,2.0,4.000000031129096,10.0,0.0,1.8,3.841874701254215,10.0,0.0,-0.0012436498982424382,0.06672347865727109,0.0002956321034920014,2.644377986590068,0.002686075624903121,0.02593994140625,0.9926885161548853,0.003296338970055028,0.010986328125,0.3306102380156517,0.3320438861846924
116870.94700100459,2486,162922496,162922496,915.0942684574252,1599.0725783283333,2475,100,2.0,4.000000031129096,10.0,0.0,1.8,3.841874701254215,10.0,0.0,-0.002220678605226567,0.07101687847170979,0.0003127789938541051,2.6271590838829675,0.003141257918590176,0.027119954427083332,0.9926598637054364,0.003770862696304296,0.01190185546875,0.3392082341015339,0.33206167817115784
116930.95708847884,2487,163050496,162988032,2132.9747278726363,1092.0830606707898,2475,100,2.0,4.000000031129096,10.0,0.0,1.8,3.841874701254215,10.0,0.0,-0.0018351194291123343,0.045883817763145394,0.0003109671718751391,2.609248432020346,0.002581699140743391,0.025238037109375,0.9963364768773316,0.004503834665229078,0.01861572265625,0.42830704897642136,0.33210745453834534
117012.63566752896,2489,163119104,163119104,839.9754353941881,1604.7291900068071,2481,100,2.3,4.208325224985218,10.0,0.0,1.4,3.4698703804289126,10.0,0.0,-0.001693836121072915,0.06063689248791585,0.00029342619745875703,2.6446896692117057,0.003363210346530347,0.0229644775390625,0.9932051412761211,0.0032047126927257823,0.010833740234375,0.32626280933618546,0.33210495114326477
117072.63578559458,2490,163238400,163184640,1988.2627542419068,1092.2645173517772,2481,100,2.3,4.208325224985218,10.0,0.0,1.4,3.4698703804289126,10.0,0.0,-0.0020008865006578462,0.09371745596096541,0.00028453389101438614,2.633624454339345,0.003492782413256161,0.025624593098958336,0.9909785234679779,0.003992666500077273,0.0128173828125,0.3572728633880615,0.33211567997932434
117154.50531655364,2492,163315712,163315712,944.3317812418619,1600.9863311120307,2481,100,2.3,4.208325224985218,10.0,0.0,1.4,3.4698703804289126,10.0,0.0,-0.002225195583984411,0.06829394153707351,0.0003481922825206614,2.6317478319009147,0.002289741957914278,0.023096720377604168,0.9935083830108246,0.0035396221307261535,0.013580322265625,0.36796529591083527,0.3321582078933716
117214.5055439407,2493,163446016,163381248,2171.725102963446,1092.2625272271948,2481,100,2.3,4.208325224985218,10.0,0.0,1.4,3.4698703804289126,10.0,0.0,-0.0020731674230773933,0.0765241101034917,0.00031859562841418665,2.634235826631387,0.0031091085123383286,0.022608439127604168,0.9914793695012728,0.0038770885876147076,0.011444091796875,0.3316521756350994,0.332160621881485
117294.59390572738,2495,163512320,163512320,827.8855818852413,1636.5923472017125,2487,100,1.7,3.756328023348026,10.0,0.0,1.1,3.1288976472586896,10.0,0.0,-0.0016050328267738223,0.06834505702136084,0.00033542842690318747,2.6296962946653366,0.0020387681731032594,0.024607340494791668,0.9936843539277712,0.0039039618689760878,0.013885498046875,0.37222619354724884,0.3321700394153595
117354.59392373636,2496,163631104,163577856,1979.732739117059,1092.266338823205,2487,100,1.7,3.756328023348026,10.0,0.0,1.1,3.1288976472586896,10.0,0.0,-0.0012996899070761478,0.060046323187028364,0.0003218314805053524,2.641545357803504,0.0030691548654431244,0.027048746744791664,0.9938975417365631,0.003730322586003846,0.012054443359375,0.34407810866832733,0.3321760892868042
117437.42131007928,2498,163708928,163708928,939.5926086306112,1582.4717619041871,2487,100,1.7,3.756328023348026,10.0,0.0,1.1,3.1288976472586896,10.0,0.0,-0.002380579068509784,0.05804578651441261,0.0003312989189604802,2.6247577120860415,0.0023979898051038617,0.021123250325520832,0.994559890901049,0.004067012385348789,0.01373291015625,0.36695486307144165,0.3321836292743683
117530.61724556796,2500,163840000,163840000,1406.4132659081756,1406.4132659081756,2493,100,1.9,3.923009112425533,10.0,0.0,1.2,3.249615387323164,10.0,0.0,-0.0019672599992190953,0.08751651050018458,0.0003185511335080567,2.6476676364739737,0.002907515980647683,0.0271453857421875,0.9893052633851767,0.003470845217331468,0.0091552734375,0.30181748420000076,0.33217281103134155
117590.64707305469,2501,163962368,163905536,2038.4533010204502,1091.7239436427515,2493,100,1.9,3.923009112425533,10.0,0.0,1.2,3.249615387323164,10.0,0.0,-0.0019804459843726363,0.0623258479948466,0.00032640738542492426,2.6419745981693263,0.002941851743647324,0.027882893880208332,0.9924823269248009,0.00367205151754509,0.00946044921875,0.3063436448574066,0.3321633040904999
117671.36312658899,2503,164036608,164036608,919.7674656932127,1623.8653187411203,2493,100,1.9,3.923009112425533,10.0,0.0,1.2,3.249615387323164,10.0,0.0,-0.0014616175782672751,0.07171937120923152,0.00030370931805615936,2.6162216837207475,0.0022379001372125154,0.020467122395833336,0.9931115191429853,0.004335806287902718,0.0152587890625,0.3880987837910652,0.33220192790031433
117731.36336982995,2504,164161792,164102144,2086.3915417350504,1092.2622386179405,2493,100,1.9,3.923009112425533,10.0,0.0,1.2,3.249615387323164,10.0,0.0,4.43571467864482e-05,0.06985353672644123,0.00033025641763136565,2.6229394699136415,0.0026551430795128303,0.0211944580078125,0.9937586883703867,0.004232240227186897,0.013275146484375,0.36120060831308365,0.332215279340744
117813.49611848034,2506,164233216,164233216,869.61658015403,1595.8555162683274,2499,100,1.9,3.923009163010647,10.0,0.0,1.5,3.5707142184782974,10.0,0.0,-0.0005174893206761528,0.06210609203359732,0.0003550925860812034,2.617790266871452,0.004308990442950744,0.0341949462890625,0.9942682143300772,0.005121301794133615,0.0146484375,0.37892118096351624,0.3322465419769287
117873.49785688333,2507,164359168,164298752,2099.1391808361063,1092.235020922852,2499,100,1.9,3.923009163010647,10.0,0.0,1.5,3.5707142184782974,10.0,0.0,-0.0016564943337774214,0.06570453513995744,0.000327668992819478,2.634022682905197,0.002559994642676126,0.026952107747395836,0.992366881420215,0.004072852626753351,0.012969970703125,0.358630433678627,0.332258015871048
117953.96334630903,2509,164429824,164429824,878.0907256550682,1628.9219258528801,2499,100,1.9,3.923009163010647,10.0,0.0,1.5,3.5707142184782974,10.0,0.0,-0.00030221249229119473,0.05833989310000713,0.0003802430652892023,2.6193497975667315,0.0035341861227304134,0.034754435221354164,0.9942807300637165,0.005167678575768757,0.01190185546875,0.34219419956207275,0.3322736620903015
118013.96368105523,2510,164555520,164495360,2094.9216455488468,1092.2605728319854,2499,100,1.9,3.923009163010647,10.0,0.0,1.5,3.5707142184782974,10.0,0.0,-0.0018215037586439091,0.03228653986783077,0.0003058016315359661,2.6460295816262565,0.0022637262130350186,0.02337646484375,0.9957202797134718,0.003597544942749664,0.010986328125,0.32963288575410843,0.3322732746601105
118094.5874016704,2512,164626432,164626432,879.5426390512738,1625.7250223619212,2505,100,2.0,4.000000047236654,10.0,0.0,0.9,2.8618176279218774,10.0,0.0,0.000455933905565568,0.07443849157425575,0.00032515966237648775,2.630088890592257,0.0028562691404658835,0.026336669921875,0.9917181463291248,0.003726817827555351,0.012359619140625,0.3456503078341484,0.33230531215667725
118154.58785659075,2513,164740608,164691968,1902.9189053912808,1092.2583851573272,2505,100,2.0,4.000000047236654,10.0,0.0,0.9,2.8618176279218774,10.0,0.0,-0.0009562743228646771,0.07365420076530427,0.0003603566725966327,2.6107441286245985,0.0028773679484099075,0.0330963134765625,0.9936582452307144,0.004492870927303254,0.0164794921875,0.39968743920326233,0.33233773708343506
118237.54109153897,2515,164823040,164823040,993.7165205366224,1580.0709891762442,2505,100,2.0,4.000000047236654,10.0,0.0,0.9,2.8618176279218774,10.0,0.0,-0.002362754307493257,0.043470476230140775,0.00033386952812482684,2.6273925428589187,0.002441195307255839,0.026295979817708332,0.9956433071444433,0.004003869422983068,0.0128173828125,0.35432008653879166,0.33235326409339905
118297.54147525597,2516,164942592,164888576,1992.5205905993455,1092.2596813563864,2505,100,2.0,4.000000047236654,10.0,0.0,0.9,2.8618176279218774,10.0,0.0,-0.0011935489061822104,0.04354526869913874,0.00032345443772404303,2.6405606865882874,0.0021737382436792054,0.019098917643229168,0.9951344467699528,0.003541005159301373,0.012359619140625,0.349298320710659,0.33236104249954224
118379.70572125074,2518,165019648,165019648,937.828845954635,1595.2437512583824,2505,100,2.0,4.000000047236654,10.0,0.0,0.9,2.8618176279218774,10.0,0.0,-0.0025482569471932948,0.047508618396629274,0.00029194809152007417,2.644841199119886,0.00241418594547819,0.0184478759765625,0.9944536996384462,0.0031136210503367088,0.01251220703125,0.350628525018692,0.3323819935321808
118439.70596638974,2519,165142272,165085184,2043.7249833882595,1092.2622040655417,2511,100,1.9,3.9230091353408265,10.0,0.0,1.0,3.00000007616298,10.0,0.0,-0.0012943155743414536,0.04193433628339941,0.00029151815003084874,2.6400929540395737,0.002221340569424986,0.015543619791666668,0.995293525978923,0.0035267957549270554,0.012664794921875,0.35470816493034363,0.33239156007766724
118521.68985837139,2521,165216256,165216256,902.421173375813,1598.753082243655,2511,100,1.9,3.9230091353408265,10.0,0.0,1.0,3.00000007616298,10.0,0.0,-0.0017054683376045432,0.049336143177545935,0.000317392879575588,2.6395523101091385,0.002262774247355992,0.0189971923828125,0.9946827093760173,0.0034654537036355277,0.013427734375,0.35584405809640884,0.33241066336631775
118581.69277026597,2522,165335040,165281792,1979.6372584165413,1092.2136598160228,2511,100,1.9,3.9230091353408265,10.0,0.0,1.0,3.00000007616298,10.0,0.0,-0.002425766925928959,0.05659503955394029,0.0003204632075721747,2.633193510274092,0.0024710189087879066,0.022527058919270832,0.9945580729593833,0.004146387638077916,0.012359619140625,0.3508295565843582,0.33241838216781616
118662.63266278338,2524,165412864,165412864,961.5036242266714,1619.3745250133413,2518,100,2.1,4.073082480513437,10.0,0.0,1.6,3.6660606600490504,10.0,0.0,-0.0004653806305820277,0.07896748742011066,0.00035373181041601737,2.6237624039252596,0.002696064930811796,0.026021321614583332,0.9926172588020563,0.004182050147695311,0.01617431640625,0.3981427550315857,0.33249369263648987
118722.63280835282,2525,165533696,165478400,2013.8617807210148,1092.2640166622452,2518,100,2.1,4.073082480513437,10.0,0.0,1.6,3.6660606600490504,10.0,0.0,-0.0022341341682476927,0.03622930293204263,0.00032497225796153845,2.643038267890612,0.0023579939091481115,0.018941243489583332,0.995569749424855,0.0035873414575083493,0.01190185546875,0.3428262919187546,0.3324986398220062
118804.7446100926,2527,165609472,165609472,922.839328750078,1596.2626227028377,2518,100,2.1,4.073082480513437,10.0,0.0,1.6,3.6660606600490504,10.0,0.0,-0.00162576072155692,0.08448181342100725,0.00030549469647667143,2.620733320713043,0.002677862023726145,0.023523966471354168,0.9912281073629857,0.00408409283409128,0.014801025390625,0.3795173466205597,0.3325203061103821
118864.7474139044,2528,165734400,165675008,2082.036039379626,1092.2156272155414,2518,100,2.1,4.073082480513437,10.0,0.0,1.6,3.6660606600490504,10.0,0.0,-0.000703276661321676,0.046671565010910854,0.0002850773877677663,2.637763654192289,0.002265963395378397,0.021184285481770836,0.9944652430713177,0.0035557077668878874,0.01007080078125,0.31513065844774246,0.33251437544822693
118947.18064944725,2530,165806080,165806080,869.5521839942921,1590.0382793038484,2523,100,2.0,4.000000100792356,10.0,0.0,1.6,3.666060644059847,10.0,0.0,-0.002900160778760134,0.02981492699473165,0.000291850630370997,2.62934481104215,0.0020427858107723296,0.019938151041666668,0.9971609382579725,0.0037237027499941173,0.0146484375,0.3809334710240364,0.3325640857219696
119007.18072200194,2531,165927424,165871616,2022.397554426369,1092.2653458505283,2523,100,2.0,4.000000100792356,10.0,0.0,1.6,3.666060644059847,10.0,0.0,-0.001769041178098026,0.07688552468122604,0.00030220872395148035,2.635525750617186,0.0026204523140525757,0.023951212565104168,0.9918727862338226,0.0035669291913412358,0.01220703125,0.34805361926555634,0.33257079124450684
119088.33264509961,2533,166002688,166002688,927.4456738309985,1615.143486399562,2523,100,2.0,4.000000100792356,10.0,0.0,1.6,3.666060644059847,10.0,0.0,-0.0013939406926510856,0.057922375892909855,0.0003098803657242873,2.632232372959455,0.003288936362878303,0.0302581787109375,0.9941172065834204,0.0035379961239717277,0.013885498046875,0.3671611472964287,0.33260592818260193
119148.33279792313,2534,166128640,166068224,2099.1946532282323,1092.2638846065597,2523,100,2.0,4.000000100792356,10.0,0.0,1.6,3.666060644059847,10.0,0.0,-0.00034161256917286664,0.054824003600515425,0.0003052250143203613,2.6448572278022766,0.0018883462356219147,0.016413370768229168,0.992930306121707,0.0035581245610956103,0.01312255859375,0.35646825283765793,0.33261802792549133
119230.71821847092,2536,166199296,166199296,857.6274725575612,1590.961108512577,2529,100,1.8,3.841874587927223,10.0,0.0,1.9,3.9230091219019942,10.0,0.0,-0.0021155507013948713,0.07755780670170982,0.00030654973337126046,2.6434583018223443,0.002779768765928263,0.025115966796875,0.9911554232239723,0.0034389453770321174,0.011444091796875,0.3357553854584694,0.33263230323791504
119290.71911312174,2537,166320640,166264832,2022.3698447527713,1092.2503802884166,2529,100,1.8,3.841874587927223,10.0,0.0,1.9,3.9230091219019942,10.0,0.0,-0.0018158927850890905,0.08845553343417123,0.00029055811637590523,2.6363931174079576,0.0027225862777413568,0.022623697916666664,0.9910778664052486,0.003369022080732975,0.0115966796875,0.3379083648324013,0.33263540267944336
119372.72752869874,2539,166395904,166395904,917.7594698111294,1598.2749950452321,2529,100,1.8,3.841874587927223,10.0,0.0,1.9,3.9230091219019942,10.0,0.0,-0.0024911643752905848,0.03827894908802894,0.0002827547715848292,2.642062542339166,0.0022665011911158217,0.023686726888020832,0.9952612115691106,0.0032225306689118347,0.009765625,0.311785988509655,0.3326568603515625
119432.72958094254,2540,166521856,166461440,2099.1282012860943,1092.2293079862604,2529,100,1.8,3.841874587927223,10.0,0.0,1.9,3.9230091219019942,10.0,0.0,0.0017652454128741133,0.05433888547122478,0.0002696045833848378,2.6353727728128433,0.0029569334886521874,0.023071289062499997,0.9942763342211643,0.003293924918883325,0.0128173828125,0.3577333390712738,0.33266714215278625
119514.17644958291,2542,166592512,166592512,867.510331330013,1609.2945276846617,2535,100,1.8,3.84187466259749,10.0,0.0,1.3,3.363034357560034,10.0,0.0,-0.0010156035738570304,0.04483764292672276,0.00025961534871991415,2.638287318249543,0.002054074922853033,0.016484578450520836,0.9950697980821133,0.0032669672170110666,0.01434326171875,0.3779144585132599,0.33268946409225464
119574.17652838305,2543,166710272,166658048,1962.6640890301014,1092.2652321558826,2535,100,1.8,3.84187466259749,10.0,0.0,1.3,3.363034357560034,10.0,0.0,-0.0013620147644057095,0.08890953314645836,0.000291435789828635,2.6170420398314795,0.004545496251618412,0.028910319010416668,0.9905296340584755,0.004455184855032712,0.011444091796875,0.3351963460445404,0.33269160985946655
119656.95471677184,2545,166789120,166789120,952.5214496077729,1583.4122798674666,2535,100,1.8,3.84187466259749,10.0,0.0,1.3,3.363034357560034,10.0,0.0,-0.0017847473221384764,0.07037831264703225,0.0003005527917897174,2.6291046688954034,0.002775920841789533,0.021636962890625003,0.9932503464321295,0.00439728196215583,0.014495849609375,0.37898441404104233,0.33271294832229614
119716.95993463881,2546,166918656,166854656,2158.7455992106125,1092.1716865571477,2535,100,1.8,3.84187466259749,10.0,0.0,1.3,3.363034357560034,10.0,0.0,-0.000984080968919443,0.05699274262102942,0.00031175003429477027,2.633875779807568,0.0023944468327196473,0.0199432373046875,0.9943426468720038,0.0037721302602828173,0.01129150390625,0.3342340886592865,0.3327142000198364
119797.86472105887,2548,166985728,166985728,829.0238806362406,1620.0772018540276,2540,100,2.4,4.270831312163685,10.0,0.0,1.7,3.7563280781385973,10.0,0.0,-0.0017941337876739758,0.044545640606277935,0.0002858271645891363,2.6257371455430984,0.0019253734038405432,0.0160369873046875,0.9958089819798867,0.004114764259914712,0.01495361328125,0.38465581834316254,0.33275437355041504
119857.8650924107,2549,167106816,167051264,2018.1208427852582,1092.2599064546007,2540,100,2.4,4.270831312163685,10.0,0.0,1.7,3.7563280781385973,10.0,0.0,-0.0017206422756620061,0.07071583328070119,0.0003180147829577133,2.623468816280365,0.002452012483142122,0.023503621419270832,0.9926980454474688,0.004836655505641829,0.01220703125,0.34058260917663574,0.3327609598636627
119939.26785750687,2551,167182336,167182336,927.7326133919944,1610.1664340905122,2540,100,2.4,4.270831312163685,10.0,0.0,1.7,3.7563280781385973,10.0,0.0,-0.0013047544028571187,0.06021986166403318,0.0003330289537188946,2.6179531514644623,0.002101051410742609,0.021250406901041668,0.9943358357995749,0.00471292140961547,0.014495849609375,0.37968289852142334,0.33278489112854004
119999.26933175605,2552,167302400,167247872,2001.0175000266343,1092.2398294388452,2546,100,1.7,3.7563280373831858,10.0,0.0,1.3,3.3630343486267096,10.0,0.0,-0.001327614894156189,0.05215909887920134,0.0002966066989150325,2.6297152216235795,0.0017820679301318403,0.018854777018229168,0.9946960502614578,0.003511760495409059,0.013885498046875,0.3703339621424675,0.33280134201049805
120082.59540928807,2554,167378944,167378944,918.6079828440651,1573.0009605891685,2546,100,1.7,3.7563280373831858,10.0,0.0,1.3,3.3630343486267096,10.0,0.0,-0.0011475255923869556,0.09441034765526031,0.0003337040749708346,2.623922367890676,0.003091221770470535,0.023366292317708332,0.9917653482407331,0.00462379307767454,0.01251220703125,0.35307689756155014,0.3328261077404022
120142.59547148924,2555,167503104,167444480,2069.3311880862434,1092.2655343300585,2546,100,1.7,3.7563280373831858,10.0,0.0,1.3,3.3630343486267096,10.0,0.0,-0.0019662723473932906,0.06317530132946558,0.0003338087447749179,2.6272628232836723,0.0022782219075452304,0.023427327473958332,0.9937717964251837,0.004031460914120544,0.010833740234375,0.32859885692596436,0.33282461762428284
120224.81835786812,2557,167575552,167575552,881.1172070287714,1594.1060423983427,2546,100,1.7,3.7563280373831858,10.0,0.0,1.3,3.3630343486267096,10.0,0.0,-0.001713268170230246,0.10807647924715032,0.0003676116130009177,2.63101248939832,0.003328803134839594,0.026285807291666668,0.9882393187532822,0.004041249461200399,0.010833740234375,0.32557274401187897,0.3328108787536621
120284.8186154142,2558,167700224,167641088,2077.8577475979646,1092.2619782034474,2552,100,2.5,4.330127125141619,10.0,0.0,1.4,3.469870329773337,10.0,0.0,-0.0010773143318753378,0.08926334994612262,0.00037269023990423494,2.630523482958476,0.0033873176095463955,0.032313028971354164,0.9914660379290581,0.004004508028932227,0.013427734375,0.3595167323946953,0.33282455801963806
120365.52023601905,2560,167772160,167772160,891.3823472298786,1624.1557358779282,2552,100,2.5,4.330127125141619,10.0,0.0,1.4,3.469870329773337,10.0,0.0,-0.0013612959616390676,0.07212494069244713,0.0003517417620363025,2.626822829246521,0.003411212939075388,0.0300140380859375,0.9933478236198425,0.003919588081771508,0.014495849609375,0.37767329066991806,0.33287784457206726
120425.5206412971,2561,167892480,167837696,2005.319788131548,1092.2592888546305,2552,100,2.5,4.330127125141619,10.0,0.0,1.4,3.469870329773337,10.0,0.0,-0.0018058149301699207,0.06385464981819193,0.0003305158840400205,2.6493607362111407,0.002271325817370477,0.025126139322916664,0.993234805141886,0.003609752561411976,0.01190185546875,0.3443252742290497,0.3328825831413269
120507.11092810612,2563,167968768,167968768,935.0132593426111,1606.46573417254,2557,100,2.2,4.142463147966603,10.0,0.0,1.3,3.363034364303226,10.0,0.0,-0.0013261689600767568,0.047325905587058514,0.00035015191224374576,2.641297851999601,0.0021741789926939723,0.020207722981770832,0.9948560856282711,0.003660576716356445,0.01220703125,0.34847914427518845,0.3329125642776489
120567.11119260825,2564,168090112,168034304,2022.3910845541589,1092.2618515735542,2557,100,2.2,4.142463147966603,10.0,0.0,1.3,3.363034364303226,10.0,0.0,-0.0020211792179907206,0.0712070018829157,0.00033751681591335603,2.6287096962332726,0.002378381429783379,0.027155558268229168,0.9932734097043674,0.003997517570193547,0.01434326171875,0.3780871033668518,0.3329315483570099
120649.42080642469,2566,168165376,168165376,914.4010828169764,1592.4263755179998,2557,100,2.2,4.142463147966603,10.0,0.0,1.3,3.363034364303226,10.0,0.0,-0.001330210262191637,0.13392834243131801,0.0003914783219443052,2.621452733874321,0.003713581959649067,0.0353240966796875,0.9888358060270548,0.004748835783781638,0.01708984375,0.4129791259765625,0.33299705386161804
120709.42120766826,2567,168284416,168230912,1983.9867323014287,1092.2593622992813,2557,100,2.2,4.142463147966603,10.0,0.0,1.3,3.363034364303226,10.0,0.0,-0.00180659628798215,0.07907091081142426,0.0003563056682954387,2.635292241970698,0.0038181188447197196,0.037322998046875,0.9915196187794207,0.004150217415978356,0.014801025390625,0.37973441183567047,0.3330186605453491
120791.22244583629,2569,168361984,168361984,948.2497054710184,1602.3229346572984,2562,100,2.1,4.073082480513437,10.0,0.0,1.7,3.756328029385195,10.0,0.0,-0.0014965923764975742,0.06618543339815612,0.0003351137280939535,2.6342910453677177,0.0022593835262038437,0.020965576171875,0.9940883393088976,0.004362662475614343,0.0146484375,0.3820151016116142,0.33304843306541443
120851.22282235138,2570,168480512,168427520,1975.4542701942792,1092.2598124616316,2562,100,2.1,4.073082480513437,10.0,0.0,1.7,3.756328029385195,10.0,0.0,-0.0014912047554389574,0.08312248049575524,0.00034686201100460795,2.64861290405194,0.0025330607962435656,0.029078165690104168,0.9897974835087856,0.0033634862362911617,0.0079345703125,0.27921928465366364,0.33302995562553406
120934.84084977768,2572,168558592,168558592,933.7699345851775,1567.5088737954454,2562,100,2.1,4.073082480513437,10.0,0.0,1.7,3.756328029385195,10.0,0.0,-0.0017690462870329309,0.09743223380064592,0.0003553138588661871,2.6314900144934654,0.0027916937488043914,0.025705973307291664,0.9905760964999597,0.004027097536891233,0.0140380859375,0.37203726172447205,0.3330419361591339
120994.84085996542,2573,168682752,168624128,2069.3329819696414,1092.2664812045941,2562,100,2.1,4.073082480513437,10.0,0.0,1.7,3.756328029385195,10.0,0.0,-0.002216356611218847,0.07349362828244921,0.00033633744139175786,2.6356039320429168,0.0031169296538185636,0.0229644775390625,0.9934341808160146,0.003998177674172135,0.011749267578125,0.3413754925131798,0.33304569125175476
121075.73554354813,2575,168755200,168755200,895.584194058041,1620.2795312993533,2568,100,1.7,3.756328066280811,10.0,0.0,1.6,3.6660606744297892,10.0,0.0,-0.0026773166840333333,0.08667868292347217,0.0003484888666207553,2.634362906217575,0.0035581590345827867,0.030593872070312497,0.9914013917247454,0.004129783965860649,0.01373291015625,0.3646381199359894,0.3330647051334381
121135.73607058544,2576,168871936,168820736,1945.582910087022,1092.2570723295562,2568,100,1.7,3.756328066280811,10.0,0.0,1.6,3.6660606744297892,10.0,0.0,-0.0018665320009555821,0.05788742227014154,0.0003196244912639183,2.6358692472179728,0.0021785966455354355,0.023661295572916668,0.993959746013085,0.004094656464682582,0.012054443359375,0.34549206495285034,0.33307021856307983
121217.67000312358,2578,168951808,168951808,974.8342051422424,1599.7279263872695,2568,100,1.7,3.756328066280811,10.0,0.0,1.6,3.6660606744297892,10.0,0.0,-0.0014464050861230742,0.03740932613921662,0.0003016678204706598,2.640588852266471,0.0028574919433594914,0.020212809244791664,0.9965355495611826,0.003954828037725141,0.0128173828125,0.3547789454460144,0.33310961723327637
121277.67010037322,2579,169076736,169017344,2082.129958560374,1092.2648962939666,2568,100,1.7,3.756328066280811,10.0,0.0,1.6,3.6660606744297892,10.0,0.0,-0.0015630047419108448,0.05301751808534998,0.0003457816428635851,2.633729822933674,0.0026255721604684368,0.024820963541666664,0.9941402847568194,0.003963144825926672,0.013580322265625,0.3636320009827614,0.33312398195266724
121358.96289781202,2581,169148416,169148416,881.7509331495556,1612.344563473473,2574,100,1.8,3.8418746168468347,10.0,0.0,1.5,3.5707143464577014,10.0,0.0,-0.002428642812446924,0.08139532596881811,0.00033452323896199227,2.6373073011636734,0.0027852638110440844,0.021296183268229168,0.9919523162146409,0.0035909686630475335,0.0146484375,0.38137777894735336,0.33314377069473267
121418.96299020387,2582,169270272,169213952,2030.9302059764805,1092.2649847268467,2574,100,1.8,3.8418746168468347,10.0,0.0,1.5,3.5707143464577014,10.0,0.0,-0.0012860073717699074,0.05100266966231478,0.00031439980436213466,2.6443329205115638,0.0026634341757016955,0.022572835286458332,0.9945918060839176,0.0031920909920396903,0.011749267578125,0.34132466465234756,0.33314746618270874
121501.19741376769,2584,169345024,169345024,909.0110535278558,1593.8823952269254,2574,100,1.8,3.8418746168468347,10.0,0.0,1.5,3.5707143464577014,10.0,0.0,-0.002691574112153224,0.03874273667073187,0.0003350813864623584,2.6398156881332397,0.0018926925786217907,0.0198974609375,0.9962684450050194,0.003729053181208049,0.011749267578125,0.34159082919359207,0.33316898345947266
121561.19782065228,2585,169467136,169410560,2035.186198568358,1092.259259609014,2574,100,1.8,3.8418746168468347,10.0,0.0,1.5,3.5707143464577014,10.0,0.0,-0.0001520669223585478,0.09393536380957812,0.0003522355506599221,2.6410606652498245,0.0036073420894050896,0.028238932291666668,0.9910555289437374,0.003979738505828815,0.009613037109375,0.3083188608288765,0.33316031098365784
121641.84507504944,2587,169541632,169541632,923.7264251195907,1625.2506173925444,2580,100,1.8,3.841874567050129,10.0,0.0,1.1,3.128897598330692,10.0,0.0,-0.0022051934114036458,0.045123784817405976,0.0003103171117497065,2.6502027784784636,0.0018074630897899626,0.0157318115234375,0.9929142861316602,0.0030139485000593895,0.012969970703125,0.3583839014172554,0.3331809341907501
121701.85013273451,2588,169665024,169607168,2056.3599929791694,1092.174602080223,2580,100,1.8,3.841874567050129,10.0,0.0,1.1,3.128897598330692,10.0,0.0,-0.0017353840533663365,0.045889242916018695,0.0003466569026689588,2.6426863943537073,0.002474048164610091,0.018229166666666668,0.9954858683049679,0.004144388947073215,0.011138916015625,0.3322238177061081,0.33318108320236206
121784.11614093184,2590,169738240,169738240,889.9909161069071,1593.270451212365,2580,100,1.8,3.841874567050129,10.0,0.0,1.1,3.128897598330692,10.0,0.0,-0.0005414448896772228,0.06394636621310687,0.00032655235433291335,2.6437988032897315,0.0027115913132244414,0.023137410481770836,0.9928342271596194,0.0037612042360706255,0.009918212890625,0.313176691532135,0.33317962288856506
121844.1187358126,2591,169864960,169803776,2111.9086641473523,1092.2194303469134,2580,100,1.8,3.841874567050129,10.0,0.0,1.1,3.128897598330692,10.0,0.0,-0.0010371998590320193,0.0744882594444789,0.0003581926154462659,2.6417706087231636,0.002437602644325428,0.025049845377604168,0.993040319532156,0.004047685521072708,0.014190673828125,0.3760007172822952,0.33319738507270813
121924.73613147065,2593,169934848,169934848,866.9096716599879,1625.8525710253252,2586,100,1.8,3.8418745748700296,10.0,0.0,1.1,3.1288975742333074,10.0,0.0,-0.0007612976357146787,0.058951837340525046,0.0003572218656699988,2.6392510011792183,0.0027845645933363508,0.020212809244791668,0.9940826321641604,0.004521603448665702,0.012054443359375,0.34659209847450256,0.33320292830467224
121984.7365256641,2594,170059008,170000384,2069.319738128362,1092.25949064095,2586,100,1.8,3.8418745748700296,10.0,0.0,1.1,3.1288975742333074,10.0,0.0,-0.002153423033936027,0.04733719114058962,0.0003278997379917807,2.6506338665882745,0.0027832390666541564,0.024658203125,0.9939689598977566,0.0036395052569181035,0.0103759765625,0.3187972828745842,0.3331986665725708
122066.9238940049,2596,170131456,170131456,881.4979900511482,1594.7949501985438,2586,100,1.8,3.8418745748700296,10.0,0.0,1.1,3.1288975742333074,10.0,0.0,-0.0010403568509597485,0.07056409467865403,0.00035177060908608837,2.6516508584221206,0.002218825030164832,0.020746866861979164,0.9918106825401386,0.0031962944437206415,0.011138916015625,0.3323768675327301,0.3332165479660034
122126.92433778476,2597,170256640,170196992,2086.3845684090197,1092.2585879605504,2586,100,1.8,3.8418745748700296,10.0,0.0,1.1,3.1288975742333074,10.0,0.0,-0.0002588212955743074,0.05537062497266258,0.0003697541578731034,2.629865862429142,0.0033492992691511367,0.03159586588541667,0.9948298490295807,0.0049526866399295,0.0146484375,0.37826018035411835,0.3332369029521942
122207.23600225989,2599,170328064,170328064,889.3353221700379,1632.041881545016,2592,100,1.7,3.75632811307339,10.0,0.0,1.0,3.000000027587913,10.0,0.0,-0.0008260114833926006,0.07024413847830145,0.00040216844839354354,2.635131018857161,0.0020587424896802986,0.023554484049479168,0.9933354078481594,0.004278910411812831,0.013885498046875,0.3694252744317055,0.3332696855068207
122267.23620449565,2600,170449664,170393600,2026.659835614937,1092.2629850893134,2592,100,1.7,3.75632811307339,10.0,0.0,1.0,3.000000027587913,10.0,0.0,-0.0004692907435431456,0.07684521288805021,0.00040014894481525215,2.6402995387713113,0.003649336659388306,0.026997884114583332,0.9912356144438187,0.003769655226885031,0.0128173828125,0.3566323220729828,0.33327946066856384
122349.08159992378,2602,170524672,170524672,916.459620087819,1601.458448754141,2592,100,1.7,3.75632811307339,10.0,0.0,1.0,3.000000027587913,10.0,0.0,-0.0020035130122172027,0.0986771157865102,0.000416914159359294,2.6449318528175354,0.002982913163577905,0.027323404947916668,0.9883754830807449,0.0036184358032187447,0.0103759765625,0.32174667716026306,0.3332822918891907
122409.0816093199,2603,170645504,170590208,2013.866351291388,1092.266495615668,2592,100,1.7,3.75632811307339,10.0,0.0,1.0,3.000000027587913,10.0,0.0,-0.00047569910384481773,0.0582473875353268,0.00035293481626771006,2.641998981436094,0.002384996610392894,0.020980834960937497,0.99399294766287,0.0036384776807002104,0.011138916015625,0.33341778069734573,0.3332824110984802
122490.16917580459,2605,170721280,170721280,934.4959194736771,1616.4253742247388,2598,100,1.5,3.570714276117006,10.0,0.0,1.2,3.2496153803446197,10.0,0.0,-0.0013540892517388179,0.04019122518366203,0.00035057883390739636,2.638218899567922,0.0030179944830403356,0.027592976888020836,0.9958443474024534,0.0035589483280394534,0.01251220703125,0.3508407548069954,0.33331242203712463
122550.17197538447,2606,170837504,170786816,1936.9762880028052,1092.2157042482777,2598,100,1.5,3.570714276117006,10.0,0.0,1.2,3.2496153803446197,10.0,0.0,-0.0006910758772088835,0.0701149948775613,0.00036915196475698997,2.6265602906545005,0.002247023120920251,0.024393717447916668,0.9937687888741493,0.0042793998460789835,0.01556396484375,0.3936766907572746,0.3333379626274109
122633.1275255708,2608,170917888,170917888,969.0008663608428,1580.0268903718202,2598,100,1.5,3.570714276117006,10.0,0.0,1.2,3.2496153803446197,10.0,0.0,-0.002711726770940004,0.052693124220240854,0.00032486253712704643,2.636199695368608,0.0022925277292718724,0.0230712890625,0.9947089770187933,0.003485277329067079,0.01312255859375,0.3594893291592598,0.33334600925445557
122693.13384147361,2609,171046656,170983424,2145.9074442858246,1092.1517012667416,2598,100,1.5,3.570714276117006,10.0,0.0,1.2,3.2496153803446197,10.0,0.0,-0.0006994699288043194,0.05784890181773032,0.00037293944236201543,2.6250230545798936,0.0034258536476651598,0.028920491536458336,0.9938835644473631,0.0043112484660620485,0.01129150390625,0.33350086212158203,0.333346962928772
122774.50910277851,2611,171114496,171114496,833.6685979515863,1610.7106496272158,2603,100,1.8,3.841874567050129,10.0,0.0,1.3,3.3630343486267096,10.0,0.0,-0.0015175289881881324,0.06806518636100616,0.00035319676408107625,2.634775795042515,0.0033474452751155086,0.026433308919270836,0.9935229563464721,0.003586576776190971,0.0128173828125,0.35703378915786743,0.33337074518203735
122834.50926212501,2612,171239424,171180032,2082.1278036704157,1092.2637658598903,2603,100,1.8,3.841874567050129,10.0,0.0,1.3,3.3630343486267096,10.0,0.0,-0.0016083552157700372,0.07779728691093624,0.0003438556568653439,2.63613876948754,0.0023930792243239316,0.0219268798828125,0.9920930427809557,0.0035177095075293132,0.013580322265625,0.36677831411361694,0.33338478207588196
122916.13670032099,2614,171311104,171311104,878.1360971772988,1605.7345776956322,2603,100,1.8,3.841874567050129,10.0,0.0,1.3,3.3630343486267096,10.0,0.0,-0.0006880191843568657,0.06321023314376362,0.0003480052361434597,2.632763661444187,0.003016251013832516,0.028177897135416668,0.9935088095565637,0.0038729283211675165,0.013580322265625,0.3634490966796875,0.33341899514198303
123009.63599304855,2616,171442176,171442176,1401.8501763635832,1401.8501763635832,2609,100,2.3,4.208325191793907,10.0,0.0,1.1,3.128897591082904,10.0,0.0,-0.0020034395286832782,0.06599015459263076,0.00040473792008318316,2.6129166906078654,0.002572164152904103,0.025665283203125003,0.9941068465511005,0.0049067914005718185,0.01739501953125,0.41532956063747406,0.3334636092185974
123069.64678125456,2617,171563776,171507712,2026.302330550289,1092.070308675524,2609,100,2.3,4.208325191793907,10.0,0.0,1.1,3.128897591082904,10.0,0.0,-0.0015341332145908382,0.024899430437168725,0.0003572404236062236,2.627740283807119,0.002683434339511829,0.026133219401041664,0.9973766356706619,0.0039956874315976165,0.01312255859375,0.3609754890203476,0.3334749937057495
123150.78154269606,2619,171638784,171638784,924.4866031199635,1615.4851221754993,2609,100,2.3,4.208325191793907,10.0,0.0,1.1,3.128897591082904,10.0,0.0,-0.0008924844454062015,0.06108858475151161,0.00031151072956466425,2.6434037213524184,0.002672649114780749,0.023345947265624997,0.9928876701742411,0.003856966194386284,0.010986328125,0.3287328854203224,0.333477646112442
123210.78173633944,2620,171767296,171704320,2141.8597540504975,1092.2631415078235,2609,100,2.3,4.208325191793907,10.0,0.0,1.1,3.128897591082904,10.0,0.0,-0.0004964987941396732,0.09949982498073952,0.0003814354668065789,2.616269774734974,0.0028689284184414037,0.0233001708984375,0.9913838853438696,0.004828983733508115,0.01617431640625,0.4002215415239334,0.33350643515586853
123290.99373253621,2622,171835392,171835392,848.9503220061092,1634.0697927335636,2615,100,2.0,4.000000081884663,10.0,0.0,1.1,3.128897581481095,10.0,0.0,-0.0006685953012492973,0.08464947511674836,0.00036177438172065496,2.6119854350884752,0.0034468815144161153,0.02838134765625,0.9923830361415942,0.004894644092322172,0.014801025390625,0.38366179913282394,0.3335621654987335
123350.99378163181,2623,171955968,171900928,2009.5983556260212,1092.26577290926,2615,100,2.0,4.000000081884663,10.0,0.0,1.1,3.128897581481095,10.0,0.0,-0.0026483605664301044,0.0816979283699766,0.00041385229421090725,2.6284113824367528,0.00431669972203963,0.03592936197916667,0.9914287632952133,0.0043470963355503045,0.013580322265625,0.36103545129299164,0.3335760831832886
123432.95008838363,2625,172032000,172032000,927.7138394027731,1599.291197892996,2615,100,2.0,4.000000081884663,10.0,0.0,1.1,3.128897581481095,10.0,0.0,-0.0009162469978036825,0.06681709763749193,0.0003955389999343121,2.6159625103076296,0.002685820144203414,0.0278778076171875,0.9933518798400959,0.005129125643482742,0.012664794921875,0.3534550815820694,0.333585649728775
123492.95025700144,2626,172157696,172097536,2094.927445965199,1092.2635970816516,2615,100,2.0,4.000000081884663,10.0,0.0,1.1,3.128897581481095,10.0,0.0,0.0001931608979551432,0.09702151096037899,0.00035928711592229473,2.6431320185462637,0.0021155345445246594,0.019805908203124997,0.98848091562589,0.0034653310673699402,0.01220703125,0.34755799174308777,0.3335917294025421
123573.75290100835,2628,172228608,172228608,877.5950449584004,1622.1251372516283,2621,100,2.0,4.000000109719174,10.0,0.0,1.4,3.469870329773337,10.0,0.0,-0.0006496104397228919,0.0503930787575276,0.0003313483405994096,2.626912735402584,0.0028406083450439232,0.023885091145833332,0.9955130281547706,0.003977836497748892,0.01617431640625,0.4001278579235077,0.33363857865333557
123633.7569971336,2629,172352000,172294144,2056.392945948749,1092.1921040723646,2621,100,2.0,4.000000109719174,10.0,0.0,1.4,3.469870329773337,10.0,0.0,-0.0004058100178857179,0.08264145633438602,0.00032120202437605866,2.6273851295312247,0.0032103228034732942,0.031636555989583336,0.9925340668608745,0.003642363978239397,0.014801025390625,0.3752235919237137,0.3336593508720398
123715.08981877659,2631,172425216,172425216,900.2023847320861,1611.5511223175806,2621,100,2.0,4.000000109719174,10.0,0.0,1.4,3.469870329773337,10.0,0.0,-0.0017219504249320985,0.06565871320587273,0.00035971111507630366,2.6166258677840233,0.00241895081489929,0.024373372395833336,0.9947994966059923,0.004456490595960835,0.015411376953125,0.39126504212617874,0.333696573972702
123775.09413568489,2632,172551168,172490752,2099.0489766339197,1092.188085403015,2621,100,2.0,4.000000109719174,10.0,0.0,1.4,3.469870329773337,10.0,0.0,-0.002067509374076811,0.06319447220691168,0.0003111758548281311,2.643567018210888,0.002053965696783659,0.021626790364583332,0.9929379684229692,0.0031184331722518737,0.012664794921875,0.3550846427679062,0.33370518684387207
123855.6653234018,2634,172621824,172621824,876.9387916714558,1626.785004839802,2626,100,2.0,3.9999999481839903,10.0,0.0,1.2,3.249615371099502,10.0,0.0,-0.000625979371155457,0.07077783928252757,0.0003497698132074826,2.6317441935340566,0.0030883773803604226,0.029912312825520832,0.9927590936422348,0.003955774916297135,0.01190185546875,0.3404063358902931,0.3337154686450958
123915.6653251592,2635,172744704,172687360,2047.9999400138872,1092.2666346740732,2626,100,2.0,3.9999999481839903,10.0,0.0,1.2,3.249615371099502,10.0,0.0,-0.0013001826955587603,0.08081375733794023,0.00032300565029193723,2.6339372793833418,0.0022550351162256748,0.016576131184895832,0.9908911095311245,0.004170957930909935,0.010223388671875,0.31926940381526947,0.3337102234363556
123997.85450375546,2637,172818432,172818432,897.0524010488566,1594.7598240868563,2626,100,2.0,3.9999999481839903,10.0,0.0,1.2,3.249615371099502,10.0,0.0,-0.0006739077604531,0.06761587358778343,0.0003398803385910772,2.6239974548419314,0.0033773414737273315,0.024998982747395832,0.9927948527038097,0.0041546215482715825,0.0140380859375,0.3736032545566559,0.33372482657432556
124057.863317593,2638,172941312,172883968,2047.6991985321156,1092.1062392171284,2626,100,2.0,3.9999999481839903,10.0,0.0,1.2,3.249615371099502,10.0,0.0,-0.0014836727532383518,0.08927143605736396,0.0003584923024391174,2.6228613182902336,0.0030575752740939306,0.026295979817708332,0.9902330245822668,0.004603415603924077,0.012664794921875,0.35517075657844543,0.3337334096431732
124139.77974325884,2640,173015040,173015040,900.0392705213563,1600.069814260189,2632,100,2.1,4.0730824174578215,10.0,0.0,1.3,3.363034364303226,10.0,0.0,-0.0011661008077984054,0.06839884525591819,0.00031809299919890083,2.6404616211851435,0.002740216164966114,0.018697102864583332,0.9924695789813995,0.0034876962527050637,0.012359619140625,0.34982481598854065,0.3337678611278534
124199.78030481935,2641,173132544,173080576,1958.3816708366937,1092.2564438653455,2632,100,2.1,4.0730824174578215,10.0,0.0,1.3,3.363034364303226,10.0,0.0,-0.002381507746273807,0.058872047006540626,0.0003188367463735631,2.641979535420736,0.0019883854086704864,0.017644246419270836,0.9937039483338594,0.003452651314243364,0.012054443359375,0.34493763744831085,0.3337729573249817
124281.76770402305,2643,173211648,173211648,964.8311907475096,1598.6846914651292,2632,100,2.1,4.0730824174578215,10.0,0.0,1.3,3.363034364303226,10.0,0.0,-0.0018847693148321316,0.06802930067836618,0.0003261810018860463,2.6353770395119986,0.0026536185869190376,0.025599161783854168,0.9931556886682907,0.003922480308877614,0.014190673828125,0.3755079284310341,0.3338107466697693
124375.12848431896,2645,173342720,173342720,1403.9299969918288,1403.9299969918288,2638,100,1.6,3.6660606121043218,10.0,0.0,1.3,3.363034364303226,10.0,0.0,-0.0006025931070325895,0.06702223319249848,0.000336579773829726,2.64313717931509,0.0034773374706370914,0.026479085286458336,0.991657355800271,0.004149814941532289,0.0115966796875,0.33852721750736237,0.3338252007961273
124435.12860406097,2646,173462272,173408256,1992.5293568422944,1092.26448683432,2638,100,1.6,3.6660606121043218,10.0,0.0,1.3,3.363034364303226,10.0,0.0,-0.0005188040449866094,0.08131997747113928,0.0003484307329320776,2.6273539463679,0.0029275660902688587,0.02783203125,0.9922236806402603,0.004412681996958175,0.013275146484375,0.3639003708958626,0.3338371813297272
124517.0591321662,2648,173539328,173539328,940.5041293158096,1599.7943993677557,2638,100,1.6,3.6660606121043218,10.0,0.0,1.3,3.363034364303226,10.0,0.0,-0.0014285178986028768,0.06615123123629019,0.0003430656903825972,2.641227553288142,0.0030078231975494414,0.025151570638020832,0.9930290865401427,0.0036803908272607564,0.01312255859375,0.3596639186143875,0.33386796712875366
124577.05972311273,2649,173660160,173604864,2013.8468320702004,1092.2559089194308,2638,100,1.6,3.6660606121043218,10.0,0.0,1.3,3.363034364303226,10.0,0.0,-0.0014762518270193443,0.04823648605573301,0.00031947544994181953,2.640465661883354,0.003009452587017828,0.021418253580729164,0.994473542397221,0.003510714263635843,0.012969970703125,0.35464369505643845,0.33387815952301025
124659.06417274754,2651,173735936,173735936,924.0474186150911,1598.3522916585362,2644,100,1.6,3.666060581734379,10.0,0.0,1.1,3.1288976079325006,10.0,0.0,-0.0012070176053384785,0.07803929071330155,0.0003497563217630765,2.628796679278215,0.0033181110447912943,0.025533040364583336,0.9927552665273349,0.004268249484690993,0.013580322265625,0.3649381399154663,0.3339131772518158
124719.07888325583,2652,173859840,173801472,2064.5604877639307,1091.9989356767896,2644,100,1.6,3.666060581734379,10.0,0.0,1.1,3.1288976079325006,10.0,0.0,-0.002196855623575781,0.07584749107869963,0.0003400441173653234,2.6389778231581054,0.0024942867779221465,0.022699991861979164,0.9931228502343098,0.0038726373628984825,0.0140380859375,0.37375590205192566,0.3339293897151947
124800.59242847376,2654,173932544,173932544,891.9253825315561,1607.978154423087,2644,100,1.6,3.666060581734379,10.0,0.0,1.1,3.1288976079325006,10.0,0.0,-0.0016883779571799096,0.06264655491880451,0.00035282325188745745,2.633724205195904,0.001904947409760401,0.0168609619140625,0.993888212988774,0.0036096583620140637,0.0140380859375,0.3729781210422516,0.33396947383880615
124860.59289118275,2655,174048512,173998080,1932.7850947158627,1092.2582433714367,2644,100,1.6,3.666060581734379,10.0,0.0,1.1,3.1288976079325006,10.0,0.0,-0.0017439171206206083,0.0791547370220845,0.00032244531485048356,2.644427038729191,0.002811959731237342,0.023310343424479168,0.9908572696149349,0.0030018561204390912,0.0140380859375,0.3706311285495758,0.33398565649986267
124941.98118685558,2657,174129152,174129152,990.8058564607136,1610.4526936758266,2650,100,2.0,4.000000081884663,10.0,0.0,1.1,3.128897591082904,10.0,0.0,-0.0014912527197642098,0.05414856830611825,0.000342755685778684,2.6245440244674683,0.0023375279088213574,0.02105712890625,0.994787168999513,0.003846860466486153,0.01617431640625,0.39703454077243805,0.3340316414833069
125001.9819057351,2658,174251264,174194688,2035.175615899058,1092.2535800212972,2650,100,2.0,4.000000081884663,10.0,0.0,1.1,3.128897591082904,10.0,0.0,-0.0024731130712704425,0.09024228058600178,0.00035662646496348316,2.6359559843937554,0.003316989925830664,0.025660196940104168,0.9916221319387356,0.0036793431863770825,0.012359619140625,0.35106662660837173,0.33403831720352173
125084.32499632332,2660,174325760,174325760,904.7025010578258,1591.7789709333565,2650,100,2.0,4.000000081884663,10.0,0.0,1.1,3.128897591082904,10.0,0.0,-0.0003067075328241723,0.07174001812624435,0.0003674296358440188,2.6504007081190744,0.0029233244749775618,0.023503621419270832,0.990725706020991,0.0035429458681998463,0.011138916015625,0.33053990453481674,0.3340516686439514
125144.32534056623,2661,174441216,174391296,1924.2556264776938,1092.2603999518617,2650,100,2.0,4.000000081884663,10.0,0.0,1.1,3.128897591082904,10.0,0.0,0.0006825003899090613,0.05125925901423519,0.0003917841874378306,2.6401568725705147,0.003108004181437233,0.033610026041666664,0.9944271470109621,0.00388093650205216,0.0128173828125,0.3567575141787529,0.3340609073638916
125227.11708259396,2663,174522368,174522368,980.1943770287156,1583.1530632135723,2656,100,2.1,4.073082426528032,10.0,0.0,1.1,3.128897598330692,10.0,0.0,-0.0007047841208986938,0.08751562088339901,0.0003612765728272886,2.6237336148818335,0.00321494611671369,0.03076171875,0.992442267636458,0.004850095838871009,0.0164794921875,0.4016789123415947,0.33409732580184937
125287.12625254877,2664,174645504,174587904,2051.9530613860315,1092.0997582428774,2656,100,2.1,4.073082426528032,10.0,0.0,1.1,3.128897598330692,10.0,0.0,-0.0014942898730320544,0.07783041948763032,0.00035193609740720905,2.623641014099121,0.003013451354490826,0.0294189453125,0.9936465484400591,0.004141860595458032,0.01556396484375,0.3925309032201767,0.3341219425201416
125368.03212130163,2666,174718976,174718976,908.1170640962089,1620.0555289799963,2656,100,2.1,4.073082426528032,10.0,0.0,1.1,3.128897598330692,10.0,0.0,-0.0022353252443281235,0.12466900357200454,0.00043078965548678144,2.6251877744992576,0.003431429949462957,0.027247111002604164,0.9894344061613083,0.004566729316138662,0.012359619140625,0.35063212364912033,0.3341403007507324
125428.03227677662,2667,174838528,174784512,1992.5281701950244,1092.2638363381718,2656,100,2.1,4.073082426528032,10.0,0.0,1.1,3.128897598330692,10.0,0.0,-0.0006665890614385717,0.061640525488959,0.0003942141380927448,2.634293178717295,0.0051601523161176974,0.030085245768229168,0.9943880817542474,0.004109237913022904,0.012664794921875,0.3530484586954117,0.334148645401001
125508.78763194103,2669,174915584,174915584,954.1905901239959,1623.0750237325112,2662,100,1.9,3.9230090847557118,10.0,0.0,1.2,3.249615385056591,10.0,0.0,-0.0006383750454309242,0.08576783826962733,0.00041800864740556187,2.6400407726565995,0.002368059296713909,0.0261993408203125,0.9899642821401358,0.003792929179326165,0.012054443359375,0.34167585521936417,0.33415672183036804
125568.79134298861,2670,175035136,174981120,1992.4101011885164,1092.1991132853536,2662,100,1.9,3.9230090847557118,10.0,0.0,1.2,3.249615385056591,10.0,0.0,-0.002648242179323764,0.06543053736095317,0.0003505246677377727,2.6317833761374154,0.001658650678412717,0.018427530924479168,0.9940692794819673,0.0038430698138351245,0.013275146484375,0.3621576204895973,0.3341684341430664
125650.42464916501,2672,175112192,175112192,943.9284479485548,1605.6191539855815,2662,100,1.9,3.9230090847557118,10.0,0.0,1.2,3.249615385056591,10.0,0.0,-0.0013005270763339165,0.033401205379050225,0.00035411335193202836,2.651262986163298,0.0016690018243631735,0.018564860026041668,0.9953043274581432,0.003090087666350882,0.008392333984375,0.28505922108888626,0.3341773748397827
125710.43240180239,2673,175235072,175177728,2047.7354108318657,1092.1255524436617,2667,100,2.0,4.000000115388571,10.0,0.0,2.0,4.000000104358888,10.0,0.0,-0.0006764823992853053,0.08143725362606347,0.0003623709984215869,2.638717477520307,0.0025643255497319237,0.025894165039062503,0.9910978345821301,0.00362838052145283,0.013275146484375,0.358549527823925,0.3341890573501587
125792.66485207528,2675,175308800,175308800,896.5803615888135,1593.9206428245573,2667,100,2.0,4.000000115388571,10.0,0.0,2.0,4.000000104358888,10.0,0.0,-0.0012164136132923886,0.0685476529955243,0.0003867966885688171,2.6377721627553306,0.0033570885389053724,0.026936848958333336,0.9929068020234505,0.003990717159467749,0.011444091796875,0.3374156951904297,0.3341996669769287
125852.6652074121,2676,175429888,175374336,2018.1213814529299,1092.260197995666,2667,100,2.0,4.000000115388571,10.0,0.0,2.0,4.000000104358888,10.0,0.0,-0.00031703702188679017,0.06985043851697507,0.0003905467595662534,2.6262924994031587,0.00242374288548793,0.0242919921875,0.993387250850598,0.004026528362980268,0.014495849609375,0.37816502153873444,0.33421817421913147
125934.02307363227,2678,175505408,175505408,928.2446001671506,1611.0550348663767,2667,100,2.0,4.000000115388571,10.0,0.0,2.0,4.000000104358888,10.0,0.0,-0.0003715668729758666,0.054745820350945,0.00039460369316657307,2.649282654126485,0.002074859460966157,0.018758138020833332,0.9943585234383743,0.0033488650272677964,0.010986328125,0.327068455517292,0.33421003818511963
125994.02319381386,2679,175624960,175570944,1992.5293422442483,1092.2644788319647,2672,100,2.1,4.073082460611448,10.0,0.0,1.4,3.469870329773337,10.0,0.0,-0.001068640128020585,0.05424145492725074,0.00036480419688208104,2.6396786868572235,0.002618494236836947,0.020665486653645836,0.9942230675369502,0.0036534432244176664,0.013275146484375,0.36177704483270645,0.33422166109085083
126076.86898723152,2681,175702016,175702016,930.1136101326649,1582.120160757224,2672,100,2.1,4.073082460611448,10.0,0.0,1.4,3.469870329773337,10.0,0.0,-0.0008645367173206372,0.07131257274886593,0.00037878682208732545,2.644007794559002,0.0017836367739315997,0.018849690755208336,0.9930027772982915,0.0034003595525670485,0.0128173828125,0.357415571808815,0.3342245817184448
126136.88149981294,2682,175815168,175767552,1885.4734643292802,1092.0389295662799,2672,100,2.1,4.073082460611448,10.0,0.0,1.4,3.469870329773337,10.0,0.0,-0.001379225069589059,0.0718633168338177,0.0003704104686524564,2.6495535448193555,0.002883648344626029,0.0252685546875,0.9920271635055542,0.003623328850759814,0.010223388671875,0.31657035648822784,0.3342192769050598
126219.4434716329,2684,175898624,175898624,1010.8285710761609,1587.5589827944611,2672,100,2.1,4.073082460611448,10.0,0.0,1.4,3.469870329773337,10.0,0.0,-6.490605058691773e-05,0.07623053865972906,0.0003840927020064555,2.6414554889003434,0.002923885662918716,0.027852376302083332,0.9916173884024223,0.0036504654150727824,0.0140380859375,0.36946722865104675,0.3342629075050354
126279.44798368774,2685,176022272,175964160,2060.6450376095468,1092.1845333913955,2678,100,2.0,4.000000102208405,10.0,0.0,1.2,3.249615371099502,10.0,0.0,-0.0015934641148002506,0.09429451652492085,0.0003884672159983893,2.642903412381808,0.0018313976646216665,0.023442586263020832,0.9905912180741628,0.0032558120365138166,0.013427734375,0.3615402951836586,0.33427536487579346
126359.68491088599,2687,176095232,176095232,909.3070054855592,1633.562058977566,2678,100,2.0,4.000000102208405,10.0,0.0,1.2,3.249615371099502,10.0,0.0,-0.002174545931969381,0.0628159863796706,0.00037926769376402564,2.6450750281413393,0.002260028405847455,0.023066202799479164,0.9937507503976425,0.003567208708166921,0.014190673828125,0.37368036061525345,0.33430108428001404
126419.69722742774,2688,176218880,176160768,2060.377054666553,1092.0424968833074,2678,100,2.0,4.000000102208405,10.0,0.0,1.2,3.249615371099502,10.0,0.0,-0.0015008163221258048,0.0792636054296357,0.00037671931871348835,2.635391026735306,0.0026709324374678545,0.0234832763671875,0.9930951682229837,0.0041979204809952835,0.01373291015625,0.365890234708786,0.3343152105808258
126501.24695330206,2690,176291840,176291840,894.6688565506107,1607.2647528207463,2684,100,1.8,3.8418746496008214,10.0,0.0,1.0,3.000000010014359,10.0,0.0,-0.0006133242034896588,0.04687197109645543,0.00034811805289791664,2.649197744826476,0.0020346088300963556,0.015935262044270832,0.9955632376174132,0.003671794288190237,0.01251220703125,0.3485301360487938,0.33432313799858093
126561.24755170196,2691,176409344,176357376,1958.3804684220622,1092.2557732375772,2684,100,1.8,3.8418746496008214,10.0,0.0,1.0,3.000000010014359,10.0,0.0,-0.002199643894224816,0.05446094766375609,0.00032320458133957197,2.639212282995383,0.002374020576705031,0.018559773763020832,0.994759394476811,0.00354412983142538,0.010833740234375,0.32847563177347183,0.33432114124298096
126643.21896889433,2693,176488448,176488448,965.0193044041135,1598.9963878799551,2684,100,1.8,3.8418746496008214,10.0,0.0,1.0,3.000000010014359,10.0,0.0,-0.00156858288149427,0.048827030831792705,0.0003634819195212913,2.652367261548837,0.0019609861386319003,0.016225179036458332,0.9942331500351429,0.0031284223174831522,0.0115966796875,0.3351849503815174,0.33433496952056885
126703.21935694385,2694,176610304,176553984,2030.9201983731791,1092.2596024864156,2684,100,1.8,3.8418746496008214,10.0,0.0,1.0,3.000000010014359,10.0,0.0,-0.0003226497804765434,0.0692683852976188,0.0003884263075330333,2.6316211248437567,0.0032911660606866158,0.033487955729166664,0.9946309092144171,0.004011072756838985,0.01312255859375,0.3612218275666237,0.33434566855430603
126784.94856061134,2696,176685056,176685056,914.630225740632,1603.7351903397384,2689,100,1.7,3.7563280841757654,10.0,0.0,1.6,3.666060570345411,10.0,0.0,-0.001175505225546658,0.08687891064134115,0.00035050986177035764,2.641322905818621,0.003386196701588536,0.025288899739583332,0.9919024674842756,0.003750070150999818,0.011138916015625,0.33328383415937424,0.3343425393104553
126844.94862553291,2697,176801536,176750592,1941.3312327622916,1092.2654848069158,2689,100,1.7,3.7563280841757654,10.0,0.0,1.6,3.666060570345411,10.0,0.0,-0.0018454187641812798,0.045433263934683055,0.00033798326694522984,2.6506754234433174,0.0024145726759646395,0.024027506510416664,0.9956465034435193,0.0034336680522149736,0.01190185546875,0.3444783240556717,0.3343464732170105
126927.28014225513,2699,176881664,176881664,973.2360484788375,1592.002737447811,2689,100,1.7,3.7563280841757654,10.0,0.0,1.6,3.666060570345411,10.0,0.0,-0.00016101482469821351,0.0638783323035265,0.0003922796037538016,2.639390175541242,0.0033700093590596225,0.0274658203125,0.994030164554715,0.004034925848827697,0.013427734375,0.3652358800172806,0.33436357975006104
126987.29138348345,2700,177005568,176947200,2064.6798410416627,1092.0620646831935,2689,100,1.7,3.7563280841757654,10.0,0.0,1.6,3.666060570345411,10.0,0.0,-0.0018707655751010557,0.08880813342208663,0.000411567020213018,2.6346532677610717,0.0033023976260058894,0.03097025553385417,0.9914498906582594,0.003905996537165871,0.010528564453125,0.32386715710163116,0.33435991406440735
127068.87646949291,2702,177078272,177078272,891.1432659587463,1606.5681414467538,2695,100,2.1,4.07308248163701,10.0,0.0,1.7,3.7563280373831858,10.0,0.0,-0.0007089165228535421,0.04820485792394417,0.00035608173069097876,2.6487735907236734,0.002240148375373489,0.019129435221354168,0.9949157238006591,0.0034177284809023454,0.012664794921875,0.3539196699857712,0.33437955379486084
127128.87671612762,2703,177197568,177143808,1988.258493774154,1092.2621768373035,2695,100,2.1,4.07308248163701,10.0,0.0,1.7,3.7563280373831858,10.0,0.0,-0.002325503711593531,0.09447156658279708,0.0003355506460138713,2.6413978437582655,0.002743605724996693,0.023478190104166668,0.9898358763506016,0.0037688587326556444,0.010528564453125,0.31966719031333923,0.33437588810920715
127211.1341525251,2705,177274880,177274880,939.8785494166383,1593.4364811301948,2695,100,2.1,4.07308248163701,10.0,0.0,1.7,3.7563280373831858,10.0,0.0,-0.0015695614286717805,0.049625552501917504,0.0003409919348390152,2.6465524161855383,0.002976017425680766,0.024068196614583332,0.9953129800657432,0.003600135251569251,0.0128173828125,0.35550715774297714,0.3344156742095947
127271.13443942182,2706,177403392,177340416,2141.856425140529,1092.2614438963653,2695,100,2.1,4.07308248163701,10.0,0.0,1.7,3.7563280373831858,10.0,0.0,0.00040612842955548934,0.07868461481605966,0.00040517960163318395,2.6267584214607873,0.0027034323417562214,0.027135213216145832,0.9932999232163032,0.004231705410347785,0.017242431640625,0.41127464175224304,0.33444899320602417
127352.07754629385,2708,177471488,177471488,841.2822614735956,1619.3102175732365,2700,100,1.9,3.9230091288492086,10.0,0.0,1.2,3.249615361854384,10.0,0.0,-0.00014722586395995074,0.05185228169041996,0.00036483563114112866,2.627228580415249,0.0024552464710723143,0.023228963216145836,0.995192011197408,0.004390816708716254,0.015716552734375,0.3931240513920784,0.3344937264919281
127412.07777316589,2709,177588992,177537024,1958.392594924555,1092.262536602802,2700,100,1.9,3.9230091288492086,10.0,0.0,1.2,3.249615361854384,10.0,0.0,-0.00200681221516182,0.06466470852804682,0.00034106420146902866,2.6425072252750397,0.0022477240351387686,0.0211334228515625,0.9932049848139286,0.003826705729200815,0.012359619140625,0.35019998252391815,0.33450010418891907
127495.39266667701,2711,177668096,177668096,949.458094061397,1573.212117020826,2700,100,1.9,3.9230091288492086,10.0,0.0,1.2,3.249615361854384,10.0,0.0,-0.0021248805066231093,0.06999507982012194,0.000359331097570248,2.638973578810692,0.002375188601339081,0.024531046549479168,0.9927086625248194,0.0036383894063571156,0.015106201171875,0.38755711168050766,0.3345430791378021
127555.39301665407,2712,177787904,177733632,1996.7883528315901,1092.2602955659981,2706,100,2.1,4.073082464113987,10.0,0.0,1.4,3.4698703145794947,10.0,0.0,-0.0024284450252404595,0.0724541856519257,0.0003898871985560011,2.6487038433551784,0.0034461680285555,0.027872721354166664,0.9927307646721601,0.003826591421481377,0.012664794921875,0.3507886528968811,0.3345510959625244
127638.20109323505,2714,177864704,177864704,927.4457658111347,1582.8407736510032,2706,100,2.1,4.073082464113987,10.0,0.0,1.4,3.4698703145794947,10.0,0.0,-0.000519702595435471,0.06586160456451277,0.00037136081270242965,2.643205764393012,0.002700277745437537,0.022181193033854168,0.9937819863359133,0.0032955189381027594,0.010986328125,0.3293757140636444,0.3345629572868347
127698.203614573,2715,177983744,177930240,1983.9166312620873,1092.2207690389127,2706,100,2.1,4.073082464113987,10.0,0.0,1.4,3.4698703145794947,10.0,0.0,-0.0016169526606972793,0.04278443311341107,0.0003727677609883055,2.6467700004577637,0.0024706938450738867,0.023111979166666664,0.9953289777040482,0.0035134323188685808,0.01190185546875,0.34426116943359375,0.33456677198410034
127779.31269527785,2717,178061312,178061312,956.3417477539208,1615.9966166666914,2706,100,2.1,4.073082464113987,10.0,0.0,1.4,3.4698703145794947,10.0,0.0,-0.0015727794792231482,0.07931346793581422,0.0003498684285053362,2.637455811103185,0.002459419383740169,0.020446777343750003,0.9931455912689368,0.003921689201282182,0.01312255859375,0.3611598387360573,0.3346112370491028
127839.31280408893,2718,178185728,178126848,2073.5962394961366,1092.2646858251255,2711,100,2.4,4.270831327902851,10.0,0.0,1.6,3.6660605961151185,10.0,0.0,-0.0018882970810712625,0.050994404387893155,0.00034304802011320135,2.644773381451766,0.0014279004468941519,0.01409912109375,0.9946751402070125,0.0032480556255904958,0.012359619140625,0.3509278818964958,0.3346175253391266
127921.7626009034,2720,178257920,178257920,875.5873609057694,1589.7188963962906,2711,100,2.4,4.270831327902851,10.0,0.0,1.6,3.6660605961151185,10.0,0.0,-0.0005289376204018481,0.07330828066915274,0.0003479816668914282,2.6490416849652925,0.001957609749903592,0.016911824544270832,0.9925326096514862,0.003710594159201719,0.012359619140625,0.34961264580488205,0.33463767170906067
127981.7659584377,2721,178382080,178323456,2069.217542185576,1092.2055480402214,2711,100,2.4,4.270831327902851,10.0,0.0,1.6,3.6660605961151185,10.0,0.0,-2.991998796157225e-05,0.09211508153627315,0.0003605683047377776,2.634202380975087,0.00348806997074765,0.028752644856770832,0.9911528689165909,0.004432232189477266,0.013580322265625,0.3628857210278511,0.3346506655216217
128063.96672310401,2723,178454528,178454528,881.3543316062552,1594.5350451675006,2717,100,2.0,4.000000087554058,10.0,0.0,1.7,3.7563280590253245,10.0,0.0,-0.0015786951807967853,0.04302175213039542,0.0003205794134070553,2.6355571697155633,0.0029621401408803645,0.024637858072916668,0.9960572694738706,0.003994630329543725,0.01007080078125,0.316841796040535,0.3346749246120453
128123.97165963426,2724,178579968,178520064,2090.4946701635545,1092.1768072691225,2717,100,2.0,4.000000087554058,10.0,0.0,1.7,3.7563280590253245,10.0,0.0,-0.001827843834083372,0.0472234506063008,0.0003327465207500306,2.6296796426177025,0.0021264428420787835,0.019978841145833332,0.9953089139113823,0.0036933389007269097,0.013580322265625,0.36279380321502686,0.33468788862228394
128204.3699907884,2726,178651136,178651136,885.1925031075375,1630.2825956512922,2717,100,2.0,4.000000087554058,10.0,0.0,1.7,3.7563280590253245,10.0,0.0,-0.0019514738317714848,0.050850949609108895,0.0003249963307704699,2.6467984169721603,0.0018697851088897248,0.0172576904296875,0.994724045197169,0.0033639467340738824,0.013580322265625,0.36770013719797134,0.3347187638282776
128264.38692295738,2727,178777088,178716672,2098.6077669779384,1091.9585128990898,2717,100,2.0,4.000000087554058,10.0,0.0,1.7,3.7563280590253245,10.0,0.0,-0.002023541789336984,0.01705180790061907,0.00029569378754482994,2.6553045511245728,0.0012866031102021225,0.013295491536458332,0.9976883567869663,0.0027832866605119,0.011444091796875,0.3330730199813843,0.33472001552581787
128344.91550212912,2729,178847744,178847744,877.4027895029507,1627.6457544402563,2722,100,1.7,3.7563280522456517,10.0,0.0,1.6,3.6660606264850615,10.0,0.0,-0.0017766627303596276,0.05032757031343257,0.0003516761065232762,2.6382081111272178,0.002072552362733404,0.022099812825520832,0.9949423943956693,0.0037337348621804267,0.0128173828125,0.353905588388443,0.334755003452301
128404.91571057029,2730,178966784,178913280,1983.9931075693203,1092.262872124185,2722,100,1.7,3.7563280522456517,10.0,0.0,1.6,3.6660606264850615,10.0,0.0,-0.0007657940986973699,0.05235503271493751,0.0003431741606618743,2.6336249858140945,0.002006909117577986,0.022211710611979168,0.994882055868705,0.00399079861381324,0.015869140625,0.3958696946501732,0.33478039503097534
128486.07412140723,2732,179044352,179044352,955.7604590834574,1615.01437310472,2722,100,1.7,3.7563280522456517,10.0,0.0,1.6,3.6660606264850615,10.0,0.0,-0.0009110245700867381,0.08355232648318633,0.0003579020458346349,2.636216677725315,0.0028304478673817357,0.023839314778645836,0.9919692960878213,0.004075113337118333,0.0128173828125,0.355135940015316,0.3348044753074646
128546.07446443755,2733,179171584,179109888,2120.5212099488954,1092.2604220259902,2722,100,1.7,3.7563280522456517,10.0,0.0,1.6,3.6660606264850615,10.0,0.0,-0.0023044212721288204,0.052110014793773494,0.00034581836735014804,2.615774800380071,0.00248502912048328,0.025787353515625,0.9955000138531128,0.004596335034875665,0.0164794921875,0.4035610631108284,0.33483314514160156
128626.43659707904,2735,179240960,179240960,863.2921715691845,1631.0169440716695,2728,100,2.4,4.27083140159464,10.0,0.0,1.4,3.4698703738933414,10.0,0.0,-0.0010063069069777462,0.060995584179181606,0.0003851718814379031,2.62505937119325,0.0025766150586908525,0.022196451822916664,0.9939307030290365,0.00445804502912021,0.012054443359375,0.34554293751716614,0.3348563015460968
128686.43662172183,2736,179366400,179306496,2090.6658080025068,1092.2662180584525,2728,100,2.4,4.27083140159464,10.0,0.0,1.4,3.4698703738933414,10.0,0.0,-0.0013344489634619094,0.06141184034640901,0.00035719319718433934,2.6433125187953315,0.0031539978372165938,0.020014444986979168,0.9935848663250605,0.0038186253877938725,0.0115966796875,0.3383845090866089,0.33485835790634155
128768.4005058771,2738,179437568,179437568,868.2848639186607,1599.1433464976774,2728,100,2.4,4.27083140159464,10.0,0.0,1.4,3.4698703738933414,10.0,0.0,0.00039738780227101717,0.08184951497241855,0.00035565591345706105,2.6277523214618363,0.003182993248628918,0.025258382161458336,0.9926402606070042,0.005227276885610384,0.01373291015625,0.3690124750137329,0.3348740041255951
128828.40056049544,2739,179562752,179503104,2086.398100739857,1092.265672370968,2733,100,2.4,4.2708313962847635,10.0,0.0,1.4,3.4698703804289126,10.0,0.0,-0.0005592614494768593,0.09516188255899276,0.0003605609875497369,2.6187874575455985,0.0034506041999217514,0.02979532877604167,0.9916481611629328,0.004972674825694412,0.01678466796875,0.40538153797388077,0.3349042534828186
128910.73980950937,2741,179634176,179634176,867.4356501347565,1591.853236089589,2733,100,2.4,4.2708313962847635,10.0,0.0,1.4,3.4698703804289126,10.0,0.0,0.001303930715948809,0.050135536022329084,0.0003496785399571915,2.6395883734027548,0.002501051721386223,0.022471110026041664,0.9944799138853947,0.003962280231159336,0.01495361328125,0.38422954827547073,0.33493393659591675
128970.74003911484,2742,179756032,179699712,2030.9255614729109,1092.262486842574,2733,100,2.4,4.2708313962847635,10.0,0.0,1.4,3.4698703804289126,10.0,0.0,-0.0005943191705834276,0.07111016432948722,0.00035323628132270335,2.635194532573223,0.0027909527725569205,0.024134318033854168,0.9934605055799087,0.004090264291638353,0.01373291015625,0.3656568005681038,0.33494752645492554
129053.01825264655,2744,179830784,179830784,908.5272612438335,1593.0341019069958,2733,100,2.4,4.2708313962847635,10.0,0.0,1.4,3.4698703804289126,10.0,0.0,0.0007738501711476904,0.10342670843238011,0.00035752038608431275,2.632794352869193,0.0022663814488623757,0.017267862955729164,0.9913036444534858,0.004395987127888171,0.01190185546875,0.3371826112270355,0.33495479822158813
129113.01852161158,2745,179955200,179896320,2073.5907046102934,1092.261770329702,2738,100,2.2,4.142463140714136,10.0,0.0,1.5,3.5707142248292914,10.0,0.0,-0.00203773079556413,0.053445026103872806,0.000392922912396898,2.6337386245528855,0.0021276155590991643,0.023005167643229164,0.9952339318891367,0.0038913615110989968,0.0140380859375,0.3723886162042618,0.33497002720832825
129194.29668728355,2747,180027392,180027392,888.2090214899199,1612.6348191590037,2738,100,2.2,4.142463140714136,10.0,0.0,1.5,3.5707142248292914,10.0,0.0,-0.0010246644851577003,0.06780159168799098,0.00036637048742704787,2.644383914768696,0.002375426056460128,0.025472005208333332,0.9927488497147957,0.0038375814086369546,0.010986328125,0.33069271594285965,0.3349838852882385
129254.29693156946,2748,180145408,180092928,1966.9253251309074,1092.2622195954714,2738,100,2.2,4.142463140714136,10.0,0.0,1.5,3.5707142248292914,10.0,0.0,-0.0008676818421614977,0.06722592575048718,0.00034931360278278595,2.64059878885746,0.0027134022566315252,0.020660400390625,0.993203361829122,0.0031872676700004376,0.015869140625,0.3975630849599838,0.33500903844833374
129335.73908880353,2750,180224000,180224000,965.0039079162176,1609.3876249286755,2744,100,2.2,4.142463107668401,10.0,0.0,1.6,3.6660606182901403,10.0,0.0,-0.000707178176526213,0.054844930224741496,0.00036376529412033654,2.645613034566243,0.0016034283744374989,0.0199432373046875,0.9933889334400495,0.003140944150800351,0.012054443359375,0.34216074645519257,0.3350393772125244
129395.74340644479,2751,180346880,180289536,2047.8526351161972,1092.1880720619718,2744,100,2.2,4.142463107668401,10.0,0.0,1.6,3.6660606182901403,10.0,0.0,-0.000678445837062706,0.08586723819219819,0.0003694329783077895,2.6267925525705023,0.0019661715377878863,0.019231160481770832,0.9924676679074764,0.004128313911981725,0.017852783203125,0.42092669010162354,0.33507516980171204
129477.05655096006,2753,180420608,180420608,906.7168714174593,1611.94110474215,2744,100,2.2,4.142463107668401,10.0,0.0,1.6,3.6660606182901403,10.0,0.0,-0.0021560825989581645,0.07833901971268158,0.000345089193918587,2.6334375366568565,0.0019467044470123558,0.016693115234375,0.9927376775691907,0.003343636378607092,0.015106201171875,0.38627244532108307,0.33512112498283386
129537.05703768786,2754,180547328,180486144,2111.9828673202837,1092.257806129278,2744,100,2.2,4.142463107668401,10.0,0.0,1.6,3.6660606182901403,10.0,0.0,-0.001383689954915705,0.042795526659271374,0.0003315331223348039,2.6441647658745446,0.0016250308963208226,0.013834635416666666,0.9957695261885722,0.003544628135083864,0.01220703125,0.34666287899017334,0.3351263403892517
129617.26024269033,2756,180617216,180617216,871.3866234877535,1634.2489055887536,2749,100,2.4,4.270831412023929,10.0,0.0,1.8,3.8418745960302654,10.0,0.0,-0.0005396285596361849,0.07349720277125016,0.00037794903983012773,2.6190747693181033,0.002687311086143988,0.025889078776041664,0.9941328869511684,0.004517681595946972,0.01617431640625,0.40093397349119186,0.33515486121177673
129677.2604810074,2757,180738560,180682752,2022.391967158037,1092.2623282541297,2749,100,2.4,4.270831412023929,10.0,0.0,1.8,3.8418745960302654,10.0,0.0,-0.0012002459940655779,0.02099193132016808,0.00031360803617038374,2.6283975516756373,0.0012372437928812967,0.0128936767578125,0.997966768220067,0.0036902899907242195,0.012969970703125,0.35710978507995605,0.3351641893386841
129758.51475405786,2759,180813824,180813824,926.2774396277682,1613.1090105082221,2749,100,2.4,4.270831412023929,10.0,0.0,1.8,3.8418745960302654,10.0,0.0,-0.0007784642887903221,0.0434008090912054,0.00031093346206034767,2.6385604615012803,0.0033953965539694764,0.027058919270833332,0.9952814976374308,0.003624880589389553,0.010833740234375,0.32868608087301254,0.3351868987083435
129818.51548738033,2760,180941568,180879360,2129.040645444468,1092.253317101771,2754,100,2.5,4.330127138625024,10.0,0.0,1.2,3.2496153780780466,10.0,0.0,-0.0017148600103003748,0.07640349816453333,0.0003512067629950858,2.6192579120397568,0.002042336696225296,0.0209808349609375,0.9932792236407598,0.004305226868988636,0.016326904296875,0.40268557518720627,0.3352142870426178
129898.70841166377,2762,181010432,181010432,858.7291287270884,1634.458416015871,2754,100,2.5,4.330127138625024,10.0,0.0,1.2,3.2496153780780466,10.0,0.0,-0.0013066045939922333,0.07219425650934379,0.0003579918963320476,2.6262221386035285,0.0031859908431215445,0.029118855794270836,0.9935249922176201,0.004146697312535252,0.01434326171875,0.37787751108407974,0.33523282408714294
129958.70857711881,2763,181134848,181075968,2073.594281889471,1092.2636546578285,2754,100,2.5,4.330127138625024,10.0,0.0,1.2,3.2496153780780466,10.0,0.0,0.00020602327276719737,0.07381521263353838,0.000332223463980578,2.642606568833192,0.0026008339555119164,0.025319417317708332,0.9918059625973303,0.003586111937086874,0.01190185546875,0.34272993355989456,0.3352363109588623
130040.61509544123,2765,181207040,181207040,881.3950522939389,1600.2633573563712,2754,100,2.5,4.330127138625024,10.0,0.0,1.2,3.2496153780780466,10.0,0.0,-0.0012458149334027742,0.09463812990967806,0.00034728168733029935,2.6473818371693296,0.0030602787337556947,0.025624593098958332,0.9907621579865614,0.003666564710632277,0.010833740234375,0.32822784036397934,0.33526304364204407
130100.62950959057,2766,181330688,181272576,2060.3050409243556,1092.0043281089752,2760,100,2.7,4.439594698974774,10.0,0.0,1.3,3.3630343486267096,10.0,0.0,-0.0013547442601217579,0.08974578495447834,0.00036243073373043444,2.6271807675560312,0.0030536772313401643,0.029169718424479168,0.9922818429768087,0.0046084297985847416,0.014495849609375,0.37829697877168655,0.33528047800064087
130181.99045953341,2768,181403648,181403648,896.7446920329227,1610.9939730556366,2760,100,2.7,4.439594698974774,10.0,0.0,1.3,3.3630343486267096,10.0,0.0,-0.0014246222381189,0.10985364380758256,0.0003560085545662635,2.634694419801235,0.0032539197770044366,0.0260009765625,0.9907970987260342,0.004036882834043354,0.014495849609375,0.3801833987236023,0.33531612157821655
130241.99083185848,2769,181525504,181469184,2030.9207306216067,1092.2598887376707,2760,100,2.7,4.439594698974774,10.0,0.0,1.3,3.3630343486267096,10.0,0.0,-0.0007110579729972718,0.09101378234724203,0.0003979610452612784,2.6474339862664538,0.0028637489485845435,0.027674357096354164,0.9897803086787462,0.0041137184234685265,0.010986328125,0.32905784994363785,0.33531469106674194
130323.62474319432,2771,181600256,181600256,915.6978855572811,1605.6072513881093,2760,100,2.7,4.439594698974774,10.0,0.0,1.3,3.3630343486267096,10.0,0.0,-0.0006794235499304099,0.08794496743939817,0.00038707900815400836,2.638100954393546,0.0025486130762146786,0.030502319335937503,0.9917367665718,0.0036522664934940017,0.015869140625,0.394851416349411,0.33537158370018005
130383.62989416905,2772,181729280,181665792,2150.2154049131527,1092.1729040828714,2760,100,2.7,4.439594698974774,10.0,0.0,1.3,3.3630343486267096,10.0,0.0,-0.0010585403603424008,0.07713865818611036,0.00034791178374386317,2.6463602309425673,0.002147515582085665,0.021209716796875,0.9914746799816687,0.003487171498515333,0.012054443359375,0.34549206495285034,0.3353758454322815
130464.62009422109,2774,181796864,181796864,834.4713305631535,1618.3686410921766,2765,100,2.2,4.142463088306205,10.0,0.0,1.1,3.1288976079325006,10.0,0.0,-0.0019313686413321798,0.043119034923923515,0.0003464891985155797,2.6451775853832564,0.002702461812684002,0.022699991861979164,0.9950263059387604,0.003587288061680738,0.010986328125,0.33051183074712753,0.3353671729564667
130524.62018467207,2775,181917184,181862400,2005.3303102651446,1092.2650200593127,2765,100,2.2,4.142463088306205,10.0,0.0,1.1,3.1288976079325006,10.0,0.0,0.00016036048934135283,0.12365173699799926,0.0003527684608949736,2.6273335193594294,0.004029888275908888,0.024093627929687503,0.9877131662021081,0.005321876296269086,0.01129150390625,0.33222875744104385,0.335367351770401
130606.00105742365,2777,181993472,181993472,937.4192905606695,1610.5995864666536,2765,100,2.2,4.142463088306205,10.0,0.0,1.1,3.1288976079325006,10.0,0.0,-0.0016594060434726998,0.08679208314667144,0.0003817545969771648,2.633663328985373,0.0033650141485850327,0.028452555338541668,0.991722901041309,0.00415879725672615,0.011749267578125,0.33201246336102486,0.3353693187236786
130666.00110406801,2778,182122496,182059008,2150.3983282674435,1092.2658175326696,2765,100,2.2,4.142463088306205,10.0,0.0,1.1,3.1288976079325006,10.0,0.0,-0.0010926990192577555,0.04775130411144346,0.00039804371560118546,2.6199573824803033,0.002867387931473786,0.0264892578125,0.9960432400306066,0.004819549688060458,0.015716552734375,0.3936779201030731,0.33539319038391113
130747.49373124074,2780,182190080,182190080,829.3265580547514,1608.390900469821,2772,100,2.3,4.208325150027106,10.0,0.0,1.2,3.249615385056591,10.0,0.0,-0.0008628236889004862,0.08126903053683539,0.00038510949222351576,2.6376143594582873,0.0026491970838833367,0.023345947265625,0.9905973561108112,0.0040465730320041375,0.0115966796875,0.3349393680691719,0.33540984988212585
130807.49423534703,2781,182309120,182255616,1983.983331025618,1092.2574897689424,2772,100,2.3,4.208325150027106,10.0,0.0,1.2,3.249615385056591,10.0,0.0,-0.0002579932018610028,0.08083142219887425,0.0003873283388505418,2.622404088576635,0.0030398614344449015,0.031158447265625,0.9920570154984792,0.004901190237433184,0.015716552734375,0.3959672898054123,0.3354336619377136
130889.25276618358,2783,182386688,182386688,948.7450325528735,1603.1599229936344,2772,100,2.3,4.208325150027106,10.0,0.0,1.2,3.249615385056591,10.0,0.0,-0.0022418180475748764,0.10345326144791517,0.0003795456568695954,2.6231201613942785,0.0031865955716057215,0.030278523763020832,0.9913159795105457,0.0043864973486051895,0.0152587890625,0.38831449300050735,0.33544620871543884
130949.25322385877,2784,182513664,182452224,2116.250524077102,1092.2583350075365,2778,100,2.2,4.142463156941033,10.0,0.0,1.2,3.2496153780780466,10.0,0.0,-0.0018148681689732864,0.06040439533535391,0.00035318461535401485,2.634687607487043,0.002417732980878403,0.019805908203125,0.993585220227639,0.0037064050872383327,0.01251220703125,0.35126061737537384,0.3354528546333313
131030.78757499158,2786,182583296,182583296,854.0204102020442,1607.5678309685538,2778,100,2.2,4.142463156941033,10.0,0.0,1.2,3.2496153780780466,10.0,0.0,-0.002590900083305314,0.10496854145700732,0.0003479201674660241,2.6330626631776495,0.0023334219573977557,0.018809000651041664,0.9890295298149189,0.003450666546996217,0.013580322265625,0.36674565076828003,0.3354881703853607
131090.78823205177,2787,182701824,182648832,1975.4450335620597,1092.254705382046,2778,100,2.2,4.142463156941033,10.0,0.0,1.2,3.2496153780780466,10.0,0.0,-0.0021067959860374685,0.05403212685875284,0.00036548291973304003,2.651498223344485,0.0021892494460189482,0.0231475830078125,0.993342594554027,0.0031776261870012,0.009765625,0.3104209676384926,0.3354801535606384
131171.87210238632,2789,182779904,182779904,962.953540301458,1616.4990578175295,2778,100,2.2,4.142463156941033,10.0,0.0,1.2,3.2496153780780466,10.0,0.0,-0.0011706747294131976,0.09314938859703639,0.000373330268303107,2.629582484563192,0.002302273551322287,0.020105997721354164,0.9910600508252779,0.003603958025147828,0.01312255859375,0.35956934094429016,0.3355056047439575
131231.88184219878,2790,182902784,182845440,2047.6676016928648,1092.0893875695278,2783,100,2.1,4.07308248163701,10.0,0.0,1.7,3.756328066280811,10.0,0.0,-0.0020345807297417196,0.039611133179278106,0.0003564027441219272,2.643505866328875,0.0022692620180653953,0.021067301432291668,0.9962970993171136,0.0030902400224780044,0.01251220703125,0.35277870297431946,0.33551225066185
131314.5750038661,2792,182976512,182976512,891.5852110795868,1585.0403752525988,2783,100,2.1,4.07308248163701,10.0,0.0,1.7,3.756328066280811,10.0,0.0,-0.0009802983501382792,0.06837411147231857,0.000385879664766738,2.628235419591268,0.003033227173242873,0.023885091145833336,0.9942758344113827,0.004264778489111147,0.013427734375,0.36425431817770004,0.3355368375778198
131374.5753448764,2793,183098112,183042048,2026.655148162676,1092.2604587992528,2783,100,2.1,4.07308248163701,10.0,0.0,1.7,3.756328066280811,10.0,0.0,-0.0009579065493502034,0.10243821594243249,0.00041294999785653397,2.6161971539258957,0.004329685765090593,0.03387959798177083,0.9893779177218676,0.004534713991840059,0.0103759765625,0.3195227012038231,0.3355320692062378
131455.9666868914,2795,183173120,183173120,921.5722230771329,1610.3924171177202,2783,100,2.1,4.07308248163701,10.0,0.0,1.7,3.756328066280811,10.0,0.0,-0.001257267812131128,0.07554987030259024,0.000367209439597597,2.633692773679892,0.0026947603479735944,0.028406778971354164,0.9926018665234247,0.004323643707418038,0.015106201171875,0.38193279504776,0.3355688154697418
131515.9667336652,2796,183299840,183238656,2111.9983535630427,1092.2658151760381,2789,100,2.5,4.330127123101388,10.0,0.0,1.6,3.6660606257242745,10.0,0.0,-0.001012457375812422,0.07800927133454631,0.0003492978576105088,2.6467183232307434,0.002780364176942385,0.022699991861979168,0.9911232031881809,0.003527669791462055,0.013885498046875,0.3634870611131191,0.3355827033519745
131597.33756403066,2798,183369728,183369728,858.8827186120088,1610.7983587155622,2789,100,2.5,4.330127123101388,10.0,0.0,1.6,3.6660606257242745,10.0,0.0,-0.002609019772838413,0.112298279767856,0.00042233303247485304,2.644224926829338,0.0036162455647475635,0.033350626627604164,0.987033781905969,0.0038955743705931436,0.009918212890625,0.3126302510499954,0.3355901837348938
131657.33936558384,2799,183489536,183435264,1996.7400461102616,1092.2338713765535,2789,100,2.5,4.330127123101388,10.0,0.0,1.6,3.6660606257242745,10.0,0.0,-0.001258120527684999,0.06920108255386974,0.00041551455160515616,2.632349143425624,0.003039744836617804,0.0340423583984375,0.9924230252703031,0.004174771854498734,0.011749267578125,0.3421982675790787,0.33559268712997437
131739.23035407532,2801,183566336,183566336,937.8321279879833,1600.5668317661582,2789,100,2.5,4.330127123101388,10.0,0.0,1.6,3.6660606257242745,10.0,0.0,-0.001680625095711245,0.07630185120312187,0.0003734565082898674,2.6350518812735877,0.0026987247517051096,0.0287322998046875,0.9923080721249183,0.003986216678943796,0.013580322265625,0.36697574704885483,0.3356066346168518
131799.2307772534,2802,183686912,183631872,2009.5858264555818,1092.2589629992121,2795,100,2.3,4.208325157166069,10.0,0.0,1.7,3.7563280841757654,10.0,0.0,-0.001249261975317495,0.07795912535705914,0.0003846711600393367,2.622139304876328,0.003661079861558392,0.032806396484375,0.9927052799612285,0.004451699610702539,0.013580322265625,0.3658277243375778,0.33561885356903076
131882.92535773385,2804,183762944,183762944,908.4459180454862,1566.0751179774038,2795,100,2.3,4.208325157166069,10.0,0.0,1.7,3.7563280841757654,10.0,0.0,-0.0010500359215560213,0.06374090927420184,0.0003573923271081488,2.643706165254116,0.002904481797183204,0.029942830403645836,0.992641097555558,0.0035878568475406305,0.010528564453125,0.32348374277353287,0.33562225103378296
131942.9316598121,2805,183888128,183828480,2086.1808787474843,1092.1519528821184,2795,100,2.3,4.208325157166069,10.0,0.0,1.7,3.7563280841757654,10.0,0.0,-0.0014070512661419343,0.06824958454429482,0.0003416079277182386,2.6348869626720743,0.0027034065260522766,0.0261383056640625,0.9925058111548424,0.003745989835200211,0.012969970703125,0.35828035324811935,0.33563122153282166
132023.61354327202,2807,183959552,183959552,885.2544950253819,1624.5530518028513,2801,100,2.3,4.208325224985218,10.0,0.0,1.3,3.363034357560034,10.0,0.0,-0.0014971058966087487,0.0625387707259506,0.00033603386509639677,2.6348393509785337,0.0032390124124503927,0.028127034505208332,0.9939781830956539,0.004191026317130309,0.012969970703125,0.3594702258706093,0.33565717935562134
132083.61357822176,2808,184079872,184025088,2005.3321652359614,1092.266030426396,2801,100,2.3,4.208325224985218,10.0,0.0,1.3,3.363034357560034,10.0,0.0,-0.0017093957139877602,0.07210530255300304,0.00034909612259070855,2.6397375985980034,0.0017896627662897422,0.020533243815104168,0.9924596901983023,0.0034851679592975415,0.012359619140625,0.34511659666895866,0.3356629014015198
132165.83090479393,2810,184156160,184156160,927.8822747056787,1594.2138411050587,2801,100,2.3,4.208325224985218,10.0,0.0,1.3,3.363034357560034,10.0,0.0,-0.0012722600901421781,0.05607693184477588,0.00034963701455126284,2.6498533512155213,0.0019563380440861997,0.017217000325520832,0.9923940977702538,0.0032202127258642577,0.01129150390625,0.3318001553416252,0.3356735408306122
132225.8365189219,2811,184277504,184221696,2022.2107841647994,1092.1644741480773,2801,100,2.3,4.208325224985218,10.0,0.0,1.3,3.363034357560034,10.0,0.0,-0.0028163368770037778,0.08783417841186747,0.00034932347625726834,2.636827789247036,0.002970348645249033,0.029144287109374997,0.9905775630225737,0.0036400106594859003,0.009918212890625,0.3130243867635727,0.33566632866859436
132306.66562577896,2813,184352768,184352768,931.1497173053058,1621.5940655112809,2806,100,2.0,4.000000023618327,10.0,0.0,1.2,3.249615425188451,10.0,0.0,0.006635189781566926,0.06347308621722428,0.00034860721128400957,2.63255408902963,0.00458503141150383,0.036773681640625,0.9933780295153459,0.0040521863362907124,0.0140380859375,0.37202734500169754,0.33568015694618225
132366.66952955257,2814,184471808,184418304,1983.8709236172706,1092.195605260261,2806,100,2.0,4.000000023618327,10.0,0.0,1.2,3.249615425188451,10.0,0.0,-0.0014047591236400574,0.05798992192527899,0.00034998497994820355,2.631967139740785,0.003620175738736483,0.03281656901041667,0.9944010631491741,0.0043632636637388105,0.012969970703125,0.3594258427619934,0.33568906784057617
132448.39520683233,2816,184549376,184549376,949.1264261350406,1603.8043900367684,2806,100,2.0,4.000000023618327,10.0,0.0,1.2,3.249615425188451,10.0,0.0,-0.0019126473368184333,0.06017036685564866,0.00034644836856993305,2.6437995011607804,0.0018883921487334496,0.021204630533854168,0.9929232504218817,0.0032541987384320237,0.01129150390625,0.3324830234050751,0.33568674325942993
132508.3955401117,2817,184677632,184614912,2137.588126432887,1092.2605995345689,2806,100,2.0,4.000000023618327,10.0,0.0,1.2,3.249615425188451,10.0,0.0,-0.0005893344932701439,0.06911318885007253,0.00030564603336339735,2.64822618663311,0.003100464712285126,0.0253448486328125,0.9920623047898213,0.0034289678248266378,0.009002685546875,0.2970055900514126,0.3356747329235077
132590.44508859888,2819,184745984,184745984,833.0576006847941,1597.4737511258973,2812,100,2.4,4.270831377504537,10.0,0.0,1.4,3.469870336308908,10.0,0.0,-0.0007769623092220477,0.1396288087707944,0.00042666752688091947,2.6198123494784036,0.0029400776851010355,0.030466715494791668,0.9880997234334549,0.005012751869799103,0.017242431640625,0.40573418885469437,0.33571746945381165
132650.44552624132,2820,184866816,184811520,2013.851977548189,1092.2586996871535,2812,100,2.4,4.270831377504537,10.0,0.0,1.4,3.469870336308908,10.0,0.0,-0.0013595655339789423,0.11081668695745368,0.0003547585277677475,2.6232158367832503,0.0021389928812520034,0.024271647135416664,0.9888562684257826,0.003950318442851615,0.01373291015625,0.36459367722272873,0.3357303738594055
132733.36402858142,2822,184942592,184942592,913.8611752682408,1580.7328437072274,2812,100,2.4,4.270831377504537,10.0,0.0,1.4,3.469870336308908,10.0,0.0,-0.00231682520340352,0.07143200275216563,0.00030957787294028094,2.616391077637673,0.0024560859346820507,0.024607340494791668,0.9931709691882133,0.0043053857298218645,0.01495361328125,0.3839513286948204,0.33577704429626465
132793.36439349595,2823,185068544,185008128,2099.1872329343987,1092.2600236406627,2812,100,2.4,4.270831377504537,10.0,0.0,1.4,3.469870336308908,10.0,0.0,-0.0022201254444856504,0.058046312944497906,0.0003167226717171919,2.62171550343434,0.002299205452800379,0.020940144856770832,0.9945796641210715,0.003985601123228359,0.01556396484375,0.3911953419446945,0.33579957485198975
132875.09408297297,2825,185139200,185139200,864.508362287045,1603.7256575759675,2817,100,2.4,4.270831389903339,10.0,0.0,1.3,3.3630343553699014,10.0,0.0,-0.0014396571799200804,0.11682121463430425,0.0003129798690982474,2.63955456763506,0.0033322623664086373,0.028630574544270832,0.9843676158537468,0.003507547407934908,0.010833740234375,0.32824500650167465,0.33579719066619873
132935.0943846563,2826,185257728,185204736,1975.4567339608473,1092.2611747170126,2817,100,2.4,4.270831389903339,10.0,0.0,1.3,3.3630343553699014,10.0,0.0,-0.0003887592223084842,0.08169412232624988,0.00036381234470657847,2.614016018807888,0.003497832004237959,0.038548787434895836,0.9920246098190546,0.0047297384395884965,0.0128173828125,0.3575802892446518,0.3358052372932434
133017.0671199346,2828,185335808,185335808,952.5118289014996,1598.970676713337,2817,100,2.4,4.270831389903339,10.0,0.0,1.3,3.3630343553699014,10.0,0.0,-0.002748400341564169,0.055379145138431334,0.00035002965250896523,2.643121868371963,0.0029610016232860894,0.023686726888020832,0.9940611775964499,0.00396938442766744,0.0103759765625,0.31805241107940674,0.3358156383037567
133077.06723957695,2829,185459200,185401344,2056.5292325333403,1092.2644886484131,2823,100,1.9,3.92300907709754,10.0,0.0,1.5,3.5707142184782974,10.0,0.0,-0.0007324316417604375,0.07111126149538904,0.00036078910458551644,2.624765651921431,0.0034381932279454,0.028040568033854168,0.9934215508401394,0.004605766567692626,0.013885498046875,0.3680653050541878,0.3358292877674103
133159.03239463829,2831,185532416,185532416,893.2576281373787,1599.1185510711114,2823,100,1.9,3.92300907709754,10.0,0.0,1.5,3.5707142184782974,10.0,0.0,-0.0017209339566761626,0.07558074838016182,0.0003276127884722276,2.6198039948940277,0.004387108053075887,0.032892862955729164,0.9936139403531948,0.004884637494493897,0.0140380859375,0.37375590205192566,0.33583489060401917
133219.03878915403,2832,185650176,185597952,1962.457517241774,1092.1502704649872,2823,100,1.9,3.92300907709754,10.0,0.0,1.5,3.5707142184782974,10.0,0.0,-0.0016776997484460783,0.10731183361106864,0.0003596092583393329,2.6383923341830573,0.0027177158402385735,0.024113972981770832,0.9876099551717441,0.0039862761259428225,0.01251220703125,0.3527342304587364,0.3358412981033325
133301.34842500743,2834,185729024,185729024,957.9437350499213,1592.4259491738953,2823,100,1.9,3.92300907709754,10.0,0.0,1.5,3.5707142184782974,10.0,0.0,-0.001975789467299667,0.09841317417643344,0.00032749313989673584,2.629074975848198,0.002927182966838397,0.024525960286458336,0.9908023731162151,0.0036337003063332913,0.013275146484375,0.363543376326561,0.3358516991138458
133361.3561201878,2835,185851136,185794560,2034.9390129544279,1092.1265981474498,2829,100,2.0,4.000000075071165,10.0,0.0,1.0,3.000000017573554,10.0,0.0,-0.0014143792747442299,0.10845236447251712,0.0003401902583088182,2.6427823106447854,0.002660463868475442,0.026682535807291668,0.9880178378274043,0.003227311722487987,0.01220703125,0.34521395713090897,0.33585649728775024
133443.94770487212,2837,185925632,185925632,901.9805139316635,1586.9897702165351,2829,100,2.0,4.000000075071165,10.0,0.0,1.0,3.000000017573554,10.0,0.0,-0.0001838597211947975,0.1137697582016699,0.00039218544558631646,2.6224113578597708,0.003535404820164937,0.0342254638671875,0.9900551370034615,0.004272556609066669,0.0164794921875,0.40441780537366867,0.3358844220638275
133503.9479295127,2838,186041856,185991168,1937.0594142970772,1092.2625772247836,2829,100,2.0,4.000000075071165,10.0,0.0,1.0,3.000000017573554,10.0,0.0,-0.0018521443453209943,0.04917542888627698,0.0003243908207271792,2.646273093918959,0.003086096775102002,0.025278727213541668,0.9950068847586712,0.003566732065034254,0.011138916015625,0.3302452489733696,0.33588361740112305
133587.46195638273,2840,186122240,186122240,962.5209442374121,1569.4609027055892,2829,100,2.0,4.000000075071165,10.0,0.0,1.0,3.000000017573554,10.0,0.0,-0.0014596166171637985,0.10303557330432038,0.00034750811482808786,2.618297698597113,0.003848095817374997,0.03605143229166667,0.9909172312666973,0.0050980964515474625,0.01556396484375,0.39334190636873245,0.3359155058860779
133647.4619741533,2841,186241280,186187776,1983.99941238679,1092.26634316348,2835,100,2.1,4.073082474945767,10.0,0.0,1.7,3.7563280529881564,10.0,0.0,-0.001466475440489982,0.08782828581752256,0.00032847814266763936,2.638880896071593,0.0032501402783964295,0.026570638020833332,0.9906892186651627,0.0038893334397774497,0.011749267578125,0.34053748846054077,0.3359178602695465
133730.7704484854,2843,186318848,186318848,931.0937527290341,1573.3333379447706,2835,100,2.1,4.073082474945767,10.0,0.0,1.7,3.7563280529881564,10.0,0.0,-0.0011733091014320962,0.08026200536793718,0.0003761787196102281,2.6287382940451303,0.0036122067522228463,0.032658894856770836,0.9906127161035935,0.005085659150305825,0.010986328125,0.3300603777170181,0.33592259883880615
133790.77322589234,2844,186437632,186384384,1979.6416954900783,1092.216107856595,2835,100,2.1,4.073082474945767,10.0,0.0,1.7,3.7563280529881564,10.0,0.0,-0.001635426342545543,0.07133011432597414,0.00039895432504029793,2.628471240401268,0.0037147909776346446,0.036600748697916664,0.9928763440499703,0.00463220867338047,0.01373291015625,0.36787208169698715,0.3359352946281433
133872.78076406568,2846,186515456,186515456,948.9859314578553,1598.292095086914,2840,100,2.2,4.142463134134962,10.0,0.0,1.2,3.249615394301709,10.0,0.0,-0.0009488481943359753,0.08482366002863273,0.00036557882170503336,2.6308780908584595,0.0038332834865286713,0.03228251139322917,0.9917749104400476,0.004408859810306846,0.015716552734375,0.3958495333790779,0.3359662890434265
133932.780866717,2847,186637568,186580992,2035.1965180736747,1092.2647979598758,2840,100,2.2,4.142463134134962,10.0,0.0,1.2,3.249615394301709,10.0,0.0,-0.00179473846340746,0.08853403566172346,0.0003361885983395041,2.626664261023204,0.003043898250325583,0.03179931640625,0.9914010191957155,0.004554060091322754,0.014495849609375,0.3804004266858101,0.33598294854164124
134013.5779113276,2849,186712064,186712064,922.0139221555435,1622.237553758207,2840,100,2.2,4.142463134134962,10.0,0.0,1.2,3.249615394301709,10.0,0.0,-0.0023600878388000033,0.05979740937861303,0.00037774992961203685,2.612055964767933,0.0021967323179220935,0.023874918619791668,0.9954551439732313,0.005066264445000949,0.01800537109375,0.4231089800596237,0.33604010939598083
134073.5783336982,2850,186835200,186777600,2052.2522198159563,1092.2589776983052,2840,100,2.2,4.142463134134962,10.0,0.0,1.2,3.249615394301709,10.0,0.0,-0.0002848191312902296,0.08393659242816891,0.0003764003279987567,2.61395820726951,0.002890767300414154,0.027592976888020832,0.9923358609278996,0.004999187537274945,0.015716552734375,0.3943372517824173,0.33606308698654175
134154.42225368787,2852,186908672,186908672,908.8129324926791,1621.2969388022707,2845,100,1.9,3.923009112425533,10.0,0.0,1.0,3.000000025132749,10.0,0.0,-0.0018960277763350557,0.07811067188352656,0.0003672368590438661,2.6259563316901526,0.002466743356004978,0.025263468424479164,0.9921503122895956,0.0041650502413782915,0.01434326171875,0.3771391957998276,0.33609625697135925
134214.42238303088,2853,187026176,186974208,1958.3957782532386,1092.2643120540938,2845,100,1.9,3.923009112425533,10.0,0.0,1.0,3.000000025132749,10.0,0.0,-0.0023792534545160984,0.08022216874329995,0.00035310297789692413,2.622491290171941,0.003065782789538692,0.023844401041666668,0.9928828453024228,0.004715892702127651,0.015411376953125,0.3838280066847801,0.33611762523651123
134296.28747163154,2855,187105280,187105280,966.272697582558,1601.0732076448855,2845,100,1.9,3.923009112425533,10.0,0.0,1.0,3.000000025132749,10.0,0.0,-0.0009669267601566389,0.07922416100821768,0.00036398881032558467,2.6257176523407297,0.003673118483372188,0.0303955078125,0.9930149329205354,0.004232379079136687,0.016021728515625,0.39909762144088745,0.33616504073143005
134356.28770764172,2856,187226112,187170816,2013.8587451472872,1092.262370249376,2845,100,1.9,3.923009112425533,10.0,0.0,1.0,3.000000025132749,10.0,0.0,-0.0005151486354103932,0.09079562414747973,0.00039954094639445736,2.645152099430561,0.0021801278683900214,0.022786458333333332,0.9897235427051783,0.0032623465788977533,0.01007080078125,0.3163837417960167,0.3361585736274719
134437.0463555362,2858,187301888,187301888,938.3019896395896,1623.0088469441548,2851,100,2.0,4.000000058266336,10.0,0.0,1.4,3.4698703738933414,10.0,0.0,-0.0014781934842176272,0.11389255407266319,0.00037922352506332874,2.626514241099357,0.0033494589624751825,0.030782063802083332,0.9912610333412887,0.004799212726841991,0.015411376953125,0.3920691981911659,0.33619874715805054
134497.0467046639,2859,187423232,187367424,2022.3882321378876,1092.2603110280575,2851,100,2.0,4.000000058266336,10.0,0.0,1.4,3.4698703738933414,10.0,0.0,-0.0017271842492239857,0.08533504735290383,0.0003750436077704459,2.627689165373643,0.00296271450012379,0.030914306640625,0.9912067173669736,0.004019271756988019,0.013885498046875,0.3719552233815193,0.3362120985984802
134579.38104856107,2861,187498496,187498496,914.1264317839419,1591.9480716781572,2851,100,2.0,4.000000058266336,10.0,0.0,1.4,3.4698703738933414,10.0,0.0,-0.001782800626339546,0.06180399072278912,0.0003522022376879856,2.6349327514568968,0.003018383654004235,0.030598958333333336,0.9940343679239353,0.0041811729679466225,0.0146484375,0.3815235570073128,0.33625298738479614
134639.38496429566,2862,187621888,187564032,2056.3991281134176,1092.1953875457154,2851,100,2.0,4.000000058266336,10.0,0.0,1.4,3.4698703738933414,10.0,0.0,-0.001818790515244473,0.07322971786682805,0.0003663849644605458,2.6412090063095097,0.003327208505046049,0.030802408854166668,0.9931079124410948,0.003944932956073899,0.0146484375,0.3749570995569229,0.3362702429294586
134720.26855425537,2864,187695104,187695104,905.2021557954658,1620.5017614240508,2857,100,2.4,4.2708313962847635,10.0,0.0,0.9,2.861817635846067,10.0,0.0,-0.0019125157729528535,0.07487552548991515,0.00033155120794011356,2.6433027734359107,0.0022927762978118458,0.0210418701171875,0.993447116886576,0.0033601302638999186,0.012664794921875,0.3515932187438011,0.3363047242164612
134780.27510264888,2865,187816704,187760640,2026.4455006236612,1092.1474698098048,2857,100,2.4,4.2708313962847635,10.0,0.0,0.9,2.861817635846067,10.0,0.0,-0.0020484945259037586,0.0951061246645016,0.00034135827233209665,2.6321778868635493,0.00273464122316606,0.027018229166666668,0.9910661019384861,0.003578831412596628,0.0140380859375,0.3683914244174957,0.3363187909126282
134862.1898690043,2867,187891712,187891712,915.6835005125927,1600.1022261516978,2857,100,2.4,4.2708313962847635,10.0,0.0,0.9,2.861817635846067,10.0,0.0,-0.001590290851405977,0.08058569599719097,0.0003715081114326798,2.6438715631763143,0.002395941464177061,0.022221883138020836,0.9910760534306366,0.003723233145137783,0.01129150390625,0.333614706993103,0.336321622133255
134922.1899826657,2868,188017152,187957248,2090.6627062057973,1092.2645975279268,2857,100,2.4,4.2708313962847635,10.0,0.0,0.9,2.861817635846067,10.0,0.0,-0.0017442519286608635,0.05643702119899293,0.00033198282502174453,2.631883797546228,0.003161114519267964,0.028101603190104168,0.9949599510679643,0.003977362648583949,0.01129150390625,0.3332720398902893,0.3363214433193207
135003.2576950118,2870,188088320,188088320,877.8834130186342,1616.8212498760458,2857,100,2.4,4.2708313962847635,10.0,0.0,0.9,2.861817635846067,10.0,0.0,-0.0014499632537384364,0.07330676133278757,0.00034059229286261444,2.625024169683457,0.0031888445070459666,0.030929565429687497,0.9937459522237381,0.004299729410073875,0.014801025390625,0.37932395935058594,0.3363589644432068
135063.25809277687,2871,188213504,188153856,2086.3861684740614,1092.2594256224124,2863,100,1.9,3.923009097542861,10.0,0.0,1.6,3.6660606264850615,10.0,0.0,-0.0007268037455408679,0.10704821006705363,0.00035293989791777375,2.644457201162974,0.003316754199962209,0.030970255533854168,0.9875454983363549,0.003625048962324702,0.01190185546875,0.34319252520799637,0.33636191487312317
135144.66917820368,2873,188284928,188284928,877.3252392539799,1610.0018727528234,2863,100,1.9,3.923009097542861,10.0,0.0,1.6,3.6660606264850615,10.0,0.0,-0.001031619604570248,0.08924271401095515,0.00036192800295490696,2.619099830587705,0.0036274595410456336,0.032170613606770836,0.9920967606206734,0.00512089260397867,0.01434326171875,0.37749315053224564,0.33637335896492004
135204.66953867767,2874,188408576,188350464,2060.7876189943922,1092.260104477359,2863,100,1.9,3.923009097542861,10.0,0.0,1.6,3.6660606264850615,10.0,0.0,-0.0018049369064101484,0.10992876618790129,0.0003723113753342962,2.639716600378354,0.003102610988814073,0.026550292968750003,0.9874667494247357,0.004313594305131119,0.01190185546875,0.34406810253858566,0.3363763093948364
135285.91166651994,2876,188481536,188481536,898.0562417278207,1613.3501605776992,2863,100,1.9,3.923009097542861,10.0,0.0,1.6,3.6660606264850615,10.0,0.0,-0.0022925798851550403,0.05253712444876631,0.00035910746070536936,2.641368478536606,0.003130178840365261,0.033106486002604164,0.9947077073156834,0.0037687284202547744,0.01220703125,0.34755320847034454,0.3363845944404602
135345.9121925328,2877,188605440,188547072,2065.048562631907,1092.2570909788599,2870,100,1.8,3.841874603124195,10.0,0.0,1.2,3.249615425188451,10.0,0.0,-0.001899842969578458,0.04933012661058456,0.0003164783838656149,2.640775499244531,0.0027854753819459193,0.022018432617187503,0.9949731584638357,0.0038740240609816583,0.0103759765625,0.31819792836904526,0.33637967705726624
135426.63230685797,2879,188678144,188678144,900.692480527455,1623.7836268663978,2870,100,1.8,3.841874603124195,10.0,0.0,1.2,3.249615425188451,10.0,0.0,-0.0007516711508894028,0.07975822147758056,0.0003653502426459454,2.63559298714002,0.003202021209290251,0.0301361083984375,0.9918275065720081,0.004714850923240496,0.0128173828125,0.35713938623666763,0.33638796210289
135486.63255639467,2880,188794880,188743680,1945.5919083900012,1092.2621240084218,2870,100,1.8,3.841874603124195,10.0,0.0,1.2,3.249615425188451,10.0,0.0,-0.0019066649523059218,0.05347883091114151,0.00031875621273987537,2.637994445860386,0.002686167847665881,0.021748860677083332,0.9951373711228371,0.0037804882134272093,0.01220703125,0.33426812663674355,0.33639246225357056
135568.38813031372,2882,188874752,188874752,976.9609113024133,1603.217905727037,2870,100,1.8,3.841874603124195,10.0,0.0,1.2,3.249615425188451,10.0,0.0,-0.0009870162866718601,0.06434547656681389,0.0003478009666650906,2.638609168430169,0.0032088422267406713,0.023971557617187497,0.9935346922526758,0.004140953087092687,0.012359619140625,0.34947096556425095,0.3363952338695526
135628.38820505608,2883,189003008,188940288,2137.5973371821037,1092.2653060251866,2876,100,1.9,3.923009112425533,10.0,0.0,0.6,2.3748684809043614,10.0,0.0,-0.0010611560489148057,0.07960384434166674,0.00029890969957098906,2.642496275405089,0.0028487416517843185,0.024007161458333332,0.9905998098353546,0.0038159466809399114,0.01129150390625,0.3343195840716362,0.3363950550556183
135710.1039322745,2885,189071360,189071360,836.4607686509916,1603.9996762146354,2876,100,1.9,3.923009112425533,10.0,0.0,0.6,2.3748684809043614,10.0,0.0,-0.0009906800999791205,0.10967108071781694,0.000384779440840551,2.631199727455775,0.0026421274457485806,0.024709065755208332,0.9897841773927212,0.004260741360970618,0.017242431640625,0.4126923605799675,0.33643385767936707
135770.10451014806,2886,189192960,189136896,2026.647147570292,1092.2561469010416,2876,100,1.9,3.923009112425533,10.0,0.0,0.6,2.3748684809043614,10.0,0.0,-0.0005519201949937269,0.08489991115250935,0.0003696468308286664,2.6396081497271853,0.002149994283778748,0.024103800455729164,0.991527955358227,0.004195912440385048,0.011749267578125,0.3383552134037018,0.336436003446579
135851.86524480768,2888,189267968,189267968,917.408586313074,1603.116710553904,2876,100,1.9,3.923009112425533,10.0,0.0,0.6,2.3748684809043614,10.0,0.0,-0.0009351060155798526,0.1202158264350146,0.00035195108527356445,2.622676427165667,0.0038100037005885192,0.032190958658854164,0.9902052177737156,0.0045132551531423815,0.016021728515625,0.39606039226055145,0.3364708423614502
135911.88342532422,2889,189393664,189333504,2094.2987427841567,1091.9358007184198,2882,100,2.8,4.489988955183214,10.0,0.0,1.2,3.249615385056591,10.0,0.0,-0.0013922642914015646,0.07332048737832034,0.00033830769674144295,2.6466147179404897,0.002187398950506273,0.02117919921875,0.9923246074467897,0.0036399867700917334,0.0128173828125,0.3571198135614395,0.33647844195365906
135992.89599667955,2891,189464576,189464576,875.3209386352396,1617.9217349503347,2882,100,2.8,4.489988955183214,10.0,0.0,1.2,3.249615385056591,10.0,0.0,-0.001258501316139397,0.1470470792070652,0.00038748830017235986,2.630221704641978,0.003320213058638425,0.027918497721354168,0.9863732183972995,0.004609394304376716,0.0128173828125,0.356737919151783,0.33650070428848267
136052.90848672763,2892,189589504,189530112,2081.6999911172816,1092.0393396025083,2882,100,2.8,4.489988955183214,10.0,0.0,1.2,3.249615385056591,10.0,0.0,-0.0015675007731867177,0.06253312460224454,0.00034242017257687013,2.63998361180226,0.0014904663967172382,0.015645345052083332,0.9935654141008854,0.0035764998513817168,0.014495849609375,0.37940602004528046,0.3365168869495392
136134.03952514566,2894,189661184,189661184,883.5089676858097,1615.5592551969091,2882,100,2.8,4.489988955183214,10.0,0.0,1.2,3.249615385056591,10.0,0.0,-0.0011357765239760433,0.070266409292041,0.00033032094688678626,2.620458655059337,0.0034098641329668076,0.031321207682291664,0.994486873348554,0.004505464394848484,0.017547607421875,0.41666920483112335,0.33655861020088196
136194.03969104588,2895,189786624,189726720,2090.660885981808,1092.2636465537607,2888,100,2.0,4.000000115388571,10.0,0.0,1.6,3.666060722374517,10.0,0.0,6.759466244451079e-05,0.10305960511323065,0.000374241406764971,2.619276521106561,0.0033526465273704766,0.032745361328125,0.990718354160587,0.004633954156209559,0.01434326171875,0.3695056736469269,0.336573988199234
136275.28961291537,2897,189857792,189857792,875.9146884389456,1613.1953974127343,2888,100,2.0,4.000000115388571,10.0,0.0,1.6,3.666060722374517,10.0,0.0,-0.0014152585487560523,0.0938063022137309,0.0003578404906268891,2.6254060020049415,0.003720743251809229,0.035863240559895836,0.9914345790942509,0.0051722316032586,0.0152587890625,0.38945091515779495,0.33660081028938293
136335.29019415565,2898,189982720,189923328,2082.113163199316,1092.2560856127561,2888,100,2.0,4.000000115388571,10.0,0.0,1.6,3.666060722374517,10.0,0.0,-0.001384829656065752,0.08017360277396317,0.0003363155910847126,2.6486289401849112,0.0027916011810399746,0.0276336669921875,0.9907018343607584,0.004049790266435593,0.01007080078125,0.31127024069428444,0.3365943133831024
136415.61737295333,2900,190054400,190054400,892.350522860217,1631.7266703729683,2894,100,2.6,4.3863424614303215,10.0,0.0,1.5,3.5707142677032615,10.0,0.0,-0.0011308453298018626,0.09792198155385752,0.0003436505160910504,2.6251725628972054,0.0037660701982531464,0.034703572591145836,0.9902051147073507,0.0044101673071660725,0.0115966796875,0.338426910340786,0.3366265296936035
136475.6177353086,2901,190174720,190119936,2005.3212226883813,1092.2600702302673,2894,100,2.6,4.3863424614303215,10.0,0.0,1.5,3.5707142677032615,10.0,0.0,-0.0024000401620772513,0.07985889500317474,0.00037462865930137923,2.631167975564798,0.002970487781567499,0.028564453125,0.9909237921237946,0.004379843689093832,0.01434326171875,0.3732012137770653,0.3366418480873108
136557.3299577674,2903,190251008,190251008,933.617979103065,1604.0684741636553,2894,100,2.6,4.3863424614303215,10.0,0.0,1.5,3.5707142677032615,10.0,0.0,-0.0010415696742711589,0.1050549672024014,0.0003081580598518485,2.6342665975292525,0.002542094465752598,0.024266560872395832,0.9897499624639748,0.004262407914211508,0.01373291015625,0.36993392556905746,0.3366451859474182
136617.33005858026,2904,190371840,190316544,2013.8632829442188,1092.2648314273729,2894,100,2.6,4.3863424614303215,10.0,0.0,1.5,3.5707142677032615,10.0,0.0,-0.001327302675539007,0.08017832085412616,0.00030124687085238594,2.630318539837996,0.0027420633590130214,0.022430419921875,0.992811495438218,0.004223130944107349,0.01312255859375,0.3616926670074463,0.3366542458534241
136699.61825706623,2906,190447616,190447616,920.8610881537189,1592.8408011307572,2899,100,2.5,4.330127125141619,10.0,0.0,1.7,3.7563280701406065,10.0,0.0,-0.0002976933780397909,0.09887555548145126,0.00039067778137299075,2.615809813141823,0.00420137955188693,0.039037068684895836,0.9920672737061977,0.00497972982217713,0.016937255859375,0.41118763387203217,0.3366793692111969
136759.61862264387,2907,190564608,190513152,1949.8547862782084,1092.2600115694122,2899,100,2.5,4.330127125141619,10.0,0.0,1.7,3.7563280701406065,10.0,0.0,-0.0010792992992113188,0.06672427260006467,0.000321634399673106,2.6398091266552606,0.0024998694649790805,0.022633870442708332,0.9935653234521549,0.00410861402391068,0.01373291015625,0.3688187822699547,0.3366915285587311
136842.52025078796,2909,190644224,190644224,960.3671457649192,1581.0545936708638,2899,100,2.5,4.330127125141619,10.0,0.0,1.7,3.7563280701406065,10.0,0.0,-0.0012850558111191883,0.07345763902412727,0.0003100472037355454,2.6162655775745707,0.003512158935336629,0.026936848958333332,0.9945926883568367,0.004834129649680108,0.018310546875,0.424362912774086,0.3367398977279663
136902.52030604891,2910,190765568,190709760,2022.3981373390823,1092.2656606725845,2899,100,2.5,4.330127125141619,10.0,0.0,1.7,3.7563280701406065,10.0,0.0,-0.0022913280178424125,0.07432455814947996,0.00029697340930094163,2.638419670363267,0.0026537725886252397,0.024175008138020836,0.9923503703127305,0.0037855483484842503,0.013580322265625,0.363825760781765,0.336751252412796
136984.2174988212,2912,190840832,190840832,921.2556447291604,1604.3635717732316,2905,100,2.1,4.073082477057664,10.0,0.0,1.8,3.84187466259749,10.0,0.0,-0.001676026651693974,0.09124800531814495,0.00032950929774718435,2.6372510890165963,0.003628775966717512,0.03661092122395833,0.9904584046453238,0.003990093398897443,0.013427734375,0.36600247770547867,0.3367886543273926
137044.21789239813,2913,190960384,190906368,1992.520263166862,1092.2595018644897,2905,100,2.1,4.073082477057664,10.0,0.0,1.8,3.84187466259749,10.0,0.0,-0.001628544128228289,0.09059341632140179,0.00032877150988497306,2.6197025577227273,0.0028394877275180383,0.025146484375,0.9917287112524112,0.004679590092564467,0.015716552734375,0.39531053602695465,0.336810827255249
137125.10269074794,2915,191037440,191037440,952.6635606699081,1620.4775517042954,2905,100,2.1,4.073082477057664,10.0,0.0,1.8,3.84187466259749,10.0,0.0,-0.0005228255953018864,0.09396251566552868,0.00034111640979972435,2.615782211224238,0.0037771427141706226,0.038996378580729164,0.991785932953159,0.0045350599830271685,0.017547607421875,0.41397299617528915,0.3368721902370453
137185.1028523175,2916,191157760,191102976,2005.327933333951,1092.2637253904072,2905,100,2.1,4.073082477057664,10.0,0.0,1.8,3.84187466259749,10.0,0.0,-0.0014627521304646507,0.0634472383147416,0.00028397845956836437,2.6241186087330184,0.002344382266528555,0.023773193359375,0.9947223259756963,0.004460612401696077,0.01617431640625,0.4004977270960808,0.3368966281414032
137266.78812564258,2918,191234048,191234048,933.9259929560128,1604.597679172747,2911,100,2.4,4.270831425694535,10.0,0.0,1.3,3.3630343991381038,10.0,0.0,0.0005719261340952168,0.11262990359682591,0.0003338717572963409,2.623699431618055,0.0032645192580578928,0.024470011393229164,0.9889927369852861,0.0044823262821106855,0.01373291015625,0.3680475056171417,0.3369121551513672
137326.78842484206,2919,191350016,191299584,1932.7903618353416,1092.261219933438,2911,100,2.4,4.270831425694535,10.0,0.0,1.3,3.3630343991381038,10.0,0.0,-0.0011368685251606319,0.06105506418195243,0.0003145250063122755,2.640507000188033,0.0023728275173198195,0.020273844401041664,0.9924585651606321,0.003623908106722714,0.010833740234375,0.32806312292814255,0.3369094431400299
137410.16864045896,2921,191430656,191430656,967.1359015250441,1571.9796240661035,2911,100,2.4,4.270831425694535,10.0,0.0,1.3,3.3630343991381038,10.0,0.0,-0.0019004644091182854,0.062221849026779324,0.00029975222423672676,2.623267268141111,0.002177787300145913,0.025065104166666668,0.9948971482614676,0.0042838528340022695,0.016326904296875,0.4032543823122978,0.3369442820549011
137470.16873918287,2922,191555584,191496192,2082.1299073996224,1092.2648694555396,2911,100,2.4,4.270831425694535,10.0,0.0,1.3,3.3630343991381038,10.0,0.0,-0.0016544160765382305,0.07532316320187724,0.00032602388364466606,2.6402773981293044,0.0028881128097661226,0.024464925130208332,0.99207689302663,0.003751393516722601,0.01220703125,0.3486218526959419,0.33694857358932495
137550.49796377495,2924,191627264,191627264,892.327796813713,1631.6851141736468,2917,100,1.7,3.7563280590253245,10.0,0.0,1.8,3.8418746206206844,10.0,0.0,-0.0015418906550621614,0.1107319225363123,0.00030355700315946404,2.6317733302712445,0.002957608180925793,0.029108683268229168,0.9910223918656508,0.0039457605525967665,0.0177001953125,0.41665951907634735,0.33699414134025574
137610.49804142304,2925,191748096,191692800,2013.8640604550924,1092.2652531281856,2917,100,1.7,3.7563280590253245,10.0,0.0,1.8,3.8418746206206844,10.0,0.0,-0.0013681280494589978,0.1019581169821322,0.0003036427336458777,2.6381058121720953,0.0024804728903594273,0.0223846435546875,0.9915962827702364,0.004018830152441902,0.013580322265625,0.36209531873464584,0.3370053470134735
137692.09508094098,2927,191823872,191823872,928.6611431942177,1606.332788227836,2917,100,1.7,3.7563280590253245,10.0,0.0,1.8,3.8418746206206844,10.0,0.0,-0.0013817556367333357,0.07159542620259648,0.0002564540873208898,2.641529567539692,0.0024452996003674343,0.018620808919270832,0.9933469090610744,0.003380522995333498,0.01220703125,0.3433322235941887,0.33702921867370605
137752.0954080047,2928,191945728,191889408,2030.9222626500136,1092.2607126857215,2917,100,1.7,3.7563280590253245,10.0,0.0,1.8,3.8418746206206844,10.0,0.0,-0.0010567701489587003,0.08543449748928347,0.00028961474587655783,2.622079573571682,0.00326261053790707,0.032989501953125,0.9921895445634921,0.004489306219814655,0.017547607421875,0.41733983159065247,0.33706045150756836
137832.77961408626,2930,192020480,192020480,926.4762415142548,1624.5062864907482,2923,100,1.6,3.6660606744297892,10.0,0.0,1.3,3.3630343486267096,10.0,0.0,-0.00117147666363356,0.08671881714447711,0.0003199196982374512,2.6313314090172453,0.003343590523096888,0.0302276611328125,0.9924917761236429,0.004388906454551034,0.013580322265625,0.3602696359157562,0.3370858132839203
137892.7884222176,2931,192142848,192086016,2039.1673124418126,1092.106343065071,2923,100,1.6,3.6660606744297892,10.0,0.0,1.3,3.3630343486267096,10.0,0.0,-0.001030730136941808,0.040819883851024016,0.0002738686375778343,2.637331555287043,0.0028794858687130422,0.024144490559895832,0.9960506291439135,0.004097608320686656,0.01434326171875,0.377221018075943,0.3371007740497589
137974.06993736606,2933,192217088,192217088,913.3688005740748,1612.56836515147,2923,100,1.6,3.6660606744297892,10.0,0.0,1.3,3.3630343486267096,10.0,0.0,-0.0002555691559488575,0.0977789112366736,0.0002670782411466159,2.6337442671259246,0.0029003109708961956,0.029057820638020832,0.9916949843366941,0.0038603553039138205,0.016937255859375,0.40836726874113083,0.3371499478816986
138034.07035909686,2934,192344832,192282624,2129.0517018886567,1092.2589893456836,2923,100,1.6,3.6660606744297892,10.0,0.0,1.3,3.3630343486267096,10.0,0.0,-0.001401269733226703,0.08352438051952049,0.00030673272416000447,2.6330503001809125,0.0027554648695513606,0.0301055908203125,0.9933067721625168,0.004252324002057625,0.015716552734375,0.39408689737319946,0.3371718227863312
138113.97744468227,2936,192413696,192413696,861.8009216015691,1640.3050998513138,2923,100,1.6,3.6660606744297892,10.0,0.0,1.3,3.3630343486267096,10.0,0.0,-0.001858646325369288,0.04646392747721014,0.0002754204298677602,2.6235428104797998,0.0023539631474704947,0.01885986328125,0.9957611287633578,0.004168632852573259,0.0152587890625,0.3899337351322174,0.33720627427101135
138173.9778440483,2937,192540160,192479232,2107.7193041421297,1092.2593964785126,2929,100,2.2,4.142463084862329,10.0,0.0,1.3,3.3630343486267096,10.0,0.0,0.0023188447715559355,0.056613592489156865,0.00024745828841332695,2.6224001298348107,0.002889847216162404,0.027913411458333332,0.995495796824495,0.004062012645590585,0.0164794921875,0.4036603718996048,0.33723193407058716
138255.34713640995,2939,192610304,192610304,862.0451028163208,1610.828805262614,2929,100,2.2,4.142463084862329,10.0,0.0,1.3,3.3630343486267096,10.0,0.0,-0.001647092374090183,0.05594446513957034,0.00025240608844493784,2.64340653270483,0.002139261452005788,0.018819173177083336,0.9935846955825884,0.0033202440608874895,0.00946044921875,0.30429884418845177,0.33722639083862305
138315.3472462939,2940,192736000,192675840,2094.929496680968,1092.2646662939467,2929,100,2.2,4.142463084862329,10.0,0.0,1.3,3.3630343486267096,10.0,0.0,-0.001691644810004315,0.062440973842361316,0.0002702137736984393,2.6353342086076736,0.001870258334747632,0.022160847981770832,0.9934748926510413,0.0038238547446477846,0.01220703125,0.3486218526959419,0.33723053336143494
138396.25729545671,2942,192806912,192806912,876.4300693639765,1619.9718249615737,2929,100,2.2,4.142463084862329,10.0,0.0,1.3,3.3630343486267096,10.0,0.0,-0.002260256419200838,0.030966945152613334,0.00022531210167168564,2.6460780426859856,0.0017295577617915114,0.015421549479166668,0.9966688212007283,0.0031868595518365814,0.01190185546875,0.33850305527448654,0.3372533619403839
138456.25768837985,2943,192931584,192872448,2077.8530593911487,1092.2595137661892,2936,100,2.5,4.330127084549675,10.0,0.0,1.1,3.128897591082904,10.0,0.0,-0.001790914104882783,0.06223171566186163,0.0002734874221156739,2.6440415903925896,0.002255795166396031,0.020492553710937497,0.9934219184021156,0.0037584850797429676,0.009002685546875,0.2926602363586426,0.33724138140678406
138538.42985950783,2945,193003520,193003520,875.4301975051908,1595.0898972336572,2936,100,2.5,4.330127084549675,10.0,0.0,1.1,3.128897591082904,10.0,0.0,-0.0015070662993821315,0.05994661076692864,0.0002510434592295496,2.6180000826716423,0.003354267257842973,0.024627685546875003,0.9948730350782474,0.004594227400957607,0.016937255859375,0.4084412008523941,0.3372848629951477
138598.45013935212,2946,193125376,193069056,2030.2471150772158,1091.8976081087546,2936,100,2.5,4.330127084549675,10.0,0.0,1.1,3.128897591082904,10.0,0.0,-0.0010995879965776112,0.05670656269649044,0.0002598886420249376,2.636956426004569,0.0026642705512737543,0.0185546875,0.9936283696442842,0.0038848155284843724,0.013580322265625,0.36507806926965714,0.33729586005210876
138679.13813337404,2948,193200128,193200128,926.4327475992329,1624.430023187696,2936,100,2.5,4.330127084549675,10.0,0.0,1.1,3.128897591082904,10.0,0.0,-0.0010461377460160293,0.07009329122956842,0.0002605003721024938,2.6171355744202933,0.0030665032148438813,0.0223388671875,0.9939001097033421,0.004787905704385291,0.017242431640625,0.41123344749212265,0.33732473850250244
138739.14941784646,2949,193326080,193265664,2098.8052681639124,1092.0612777438243,2942,100,1.8,3.84187466259749,10.0,0.0,1.4,3.4698703890871836,10.0,0.0,-0.0006243143337390697,0.05798176088137552,0.00027919438768246135,2.6466820165514946,0.0028426250373740913,0.025243123372395836,0.9930018335580825,0.0033438103540296047,0.011749267578125,0.3401854783296585,0.3373265266418457
138820.04564878624,2951,193396736,193396736,873.4152281161382,1620.2485391139955,2942,100,1.8,3.84187466259749,10.0,0.0,1.4,3.4698703890871836,10.0,0.0,-0.0011623357155864749,0.06867166554244857,0.0002666134387254715,2.62751862158378,0.0019528702626606296,0.019933064778645836,0.9937963765114546,0.004090603067500827,0.016021728515625,0.3959885537624359,0.3373798131942749
138880.04589909874,2952,193513472,193462272,1945.5918832338718,1092.2621098856823,2942,100,1.8,3.84187466259749,10.0,0.0,1.4,3.4698703890871836,10.0,0.0,-0.001015159485784049,0.06326509298135838,0.0002527841994985162,2.6417642161250114,0.0020545690434422186,0.0177001953125,0.9927551187574863,0.0034874211269197986,0.012969970703125,0.3597371205687523,0.33738768100738525
138961.31522180885,2954,193593344,193593344,982.8062710071302,1612.8102908834958,2942,100,1.8,3.84187466259749,10.0,0.0,1.4,3.4698703890871836,10.0,0.0,-0.0017649553701630794,0.06487243926191393,0.0002637536570849382,2.620908116300901,0.0028641203449903214,0.022761027018229164,0.993720514078935,0.004115573993961638,0.01617431640625,0.4011539965867996,0.33742555975914
139021.31525791343,2955,193720064,193658880,2111.9987291194693,1092.2660094032003,2948,100,2.0,4.000000080468613,10.0,0.0,1.2,3.249615361854384,10.0,0.0,-0.0016358788658787185,0.07414554356364533,0.00029019207128537044,2.611290141940117,0.002030617261577087,0.021336873372395832,0.9927339386194944,0.0044956459969398566,0.01312255859375,0.36099300533533096,0.33743420243263245
139102.81822538842,2957,193789952,193789952,857.4902505415225,1608.1868435064453,2948,100,2.0,4.000000080468613,10.0,0.0,1.2,3.249615361854384,10.0,0.0,-0.001341736110286244,0.08440741675440222,0.00026880959391443565,2.61926748106877,0.002012449247558834,0.019632975260416668,0.9923399159063896,0.004159275291992041,0.014801025390625,0.38146088272333145,0.3374682068824768
139162.818675071,2958,193911296,193855488,2022.3848428125702,1092.258480506367,2948,100,2.0,4.000000080468613,10.0,0.0,1.2,3.249615361854384,10.0,0.0,-0.0017484851753882442,0.08322701244226967,0.00028646802138609933,2.627083239456018,0.002959382037564258,0.028422037760416664,0.9904645315061013,0.004061300855634424,0.01434326171875,0.3763587400317192,0.33748289942741394
139244.44532686286,2960,193986560,193986560,922.0517851438992,1605.7500475975387,2948,100,2.0,4.000000080468613,10.0,0.0,1.2,3.249615361854384,10.0,0.0,-0.001037508539108482,0.07177264295751229,0.00029553895137723885,2.6256043886144957,0.00198821775787413,0.020334879557291664,0.9927698311706384,0.004386840853840113,0.013427734375,0.3640643283724785,0.33752521872520447
139304.44542510062,2961,194113792,194052096,2120.529861397997,1092.2648783056081,2955,100,2.5,4.33012706200362,10.0,0.0,1.3,3.363034357560034,10.0,0.0,-0.001718511729753421,0.058456352388020605,0.0002701460490849665,2.623873844742775,0.00274375812599222,0.022318522135416668,0.9938608178248008,0.004307532678164232,0.013275146484375,0.36159133166074753,0.3375345468521118
139387.10851138458,2963,194183168,194183168,839.2621558030127,1585.6170618861347,2955,100,2.5,4.33012706200362,10.0,0.0,1.3,3.363034357560034,10.0,0.0,-0.0016744733075029215,0.05591641614834468,0.00025705933239805745,2.638526141643524,0.0019833671328039295,0.018712361653645836,0.9933675099164248,0.0037678124887558324,0.010986328125,0.32045160606503487,0.3375318944454193
139447.1087617725,2964,194301184,194248704,1966.9251250946004,1092.2621085124028,2955,100,2.5,4.33012706200362,10.0,0.0,1.3,3.363034357560034,10.0,0.0,-0.002907645214387837,0.04386458058919136,0.0002775951696397291,2.623615682125091,0.002989853985127411,0.024770100911458332,0.9950544449190298,0.004198901658431471,0.013427734375,0.3607650324702263,0.33754196763038635
139528.65769356675,2966,194379776,194379776,963.7403981979579,1607.280403509298,2955,100,2.5,4.33012706200362,10.0,0.0,1.3,3.363034357560034,10.0,0.0,-0.0009027046908158809,0.08212368844154601,0.0002969186204306121,2.625290870666504,0.0029813156488671666,0.027303059895833336,0.9924899997810523,0.004541971914780637,0.015869140625,0.3932218998670578,0.3375925123691559
139588.67376187537,2967,194502656,194445312,2047.451681908374,1091.9742303511327,2961,100,2.2,4.142463127293191,10.0,0.0,1.6,3.666060619538456,10.0,0.0,-0.0014883211709578368,0.05730440706247464,0.00028644761171866173,2.6355151856938996,0.0026064952029022,0.023335774739583336,0.9936057273298502,0.003780882786183308,0.0146484375,0.37808530777692795,0.3376086354255676
139669.95360964164,2969,194576384,194576384,907.0883131082046,1612.601445525697,2961,100,2.2,4.142463127293191,10.0,0.0,1.6,3.666060619538456,10.0,0.0,-0.0012812003321111358,0.03865251934621483,0.0002746955486448618,2.6346564441919327,0.0018505720466540272,0.015925089518229168,0.9959843860318264,0.003786653353017755,0.0140380859375,0.3732748329639435,0.3376196026802063
139729.95374238957,2970,194696704,194641920,2005.3288966124733,1092.2642500697727,2961,100,2.2,4.142463127293191,10.0,0.0,1.6,3.666060619538456,10.0,0.0,-0.0010564146432443522,0.06384756251160675,0.0002792016372647292,2.638806074857712,0.002202187801231048,0.023432413736979164,0.9932054840028286,0.0036332388165950156,0.0128173828125,0.3560166358947754,0.3376266062259674
139811.89099026565,2972,194772992,194772992,931.0539709043946,1599.6631983323828,2966,100,2.3,4.208325188348675,10.0,0.0,1.6,3.6660606182901403,10.0,0.0,-0.00033413630080758594,0.09425045233607914,0.00033083993760859204,2.6283561686674752,0.0039002026472492917,0.04138692220052083,0.9896019529551269,0.0044664015440503135,0.012664794921875,0.3554747626185417,0.3376481533050537
139871.8910543928,2973,194891264,194838528,1971.197893211709,1092.2654992688258,2966,100,2.3,4.208325188348675,10.0,0.0,1.6,3.6660606182901403,10.0,0.0,-0.0010450002979875233,0.06565415226699164,0.00029964404363151215,2.6325768356521926,0.0017620602393435547,0.022404988606770832,0.9928032445410888,0.0037841448186857938,0.01251220703125,0.3526838719844818,0.33765360713005066
139954.3741212599,2975,194969600,194969600,949.722203300378,1589.0776734960573,2966,100,2.3,4.208325188348675,10.0,0.0,1.6,3.6660606182901403,10.0,0.0,0.00011841677527020989,0.06281232515660426,0.0002957780772400535,2.62968381245931,0.003510817889643173,0.03081258138020834,0.9928294022878011,0.004138914392873024,0.012664794921875,0.3468635156750679,0.3376629948616028
140014.37440079544,2976,195088896,195035136,1988.2574035232358,1092.2615779011767,2966,100,2.3,4.208325188348675,10.0,0.0,1.6,3.6660606182901403,10.0,0.0,-0.0019531137562201668,0.05319227636209689,0.0002718705174326411,2.6200129489103956,0.0021995629479836984,0.0227203369140625,0.9950844986985127,0.0038214247930833762,0.012969970703125,0.3596823960542679,0.3376707136631012
140095.64727499243,2978,195166208,195166208,951.26449955011,1612.739813806809,2971,100,2.4,4.270831402920891,10.0,0.0,1.4,3.4698703232377657,10.0,0.0,-0.0016647047887090591,0.049314545874949545,0.00029838282838075736,2.643024002512296,0.002331780238212862,0.019826253255208336,0.9946631162116926,0.0034714337283124523,0.01556396484375,0.39332687854766846,0.3376982808113098
140155.6477270089,2979,195284480,195231744,1971.1851498637768,1092.258438019755,2971,100,2.4,4.270831402920891,10.0,0.0,1.4,3.4698703232377657,10.0,0.0,-0.0017844008216343354,0.06921030590698744,0.0002923043533276844,2.6356597890456515,0.0024443724414595636,0.024475097656249997,0.9934406143923601,0.003761079487352011,0.01220703125,0.3481364771723747,0.3377021849155426
140237.803823689,2981,195362816,195362816,953.5019696107883,1595.4019883683777,2971,100,2.4,4.270831402920891,10.0,0.0,1.4,3.4698703232377657,10.0,0.0,-0.00037648208429648855,0.07661265356000514,0.00027599188312403083,2.637927643954754,0.0025329893475524536,0.021565755208333332,0.9920640637477238,0.0035265945844003,0.014801025390625,0.3821581229567528,0.33772513270378113
140297.80873160902,2982,195491584,195428352,2145.957796845924,1092.177328017011,2971,100,2.4,4.270831402920891,10.0,0.0,1.4,3.4698703232377657,10.0,0.0,-0.001908548510982655,0.09204488678369671,0.0002867662257510043,2.6223035380244255,0.002925802895333618,0.03194173177083333,0.99076405291756,0.004073104462198293,0.01434326171875,0.37585919350385666,0.33773961663246155
140378.28152161278,2984,195559424,195559424,843.017869727583,1628.7741483038585,2977,100,2.3,4.208325150027106,10.0,0.0,1.6,3.6660606121043218,10.0,0.0,-0.0016834131092764437,0.07799273352914801,0.00030190347357953823,2.6233355378111205,0.0025613939311976233,0.023305257161458332,0.993682640294234,0.004044252127641812,0.0177001953125,0.4198629856109619,0.3377821445465088
140438.28159033135,2985,195685632,195624960,2103.4642575491575,1092.2654156847552,2977,100,2.3,4.208325150027106,10.0,0.0,1.6,3.6660606121043218,10.0,0.0,-0.0009569564360087195,0.06485470548310938,0.0002791838487610221,2.6426031067967415,0.001842951765259689,0.0174560546875,0.9926960666974385,0.003284530221814445,0.014190673828125,0.37480826675891876,0.33779582381248474
140519.3996347431,2987,195756032,195756032,867.8710206898277,1615.8180457934245,2977,100,2.3,4.208325150027106,10.0,0.0,1.6,3.6660606121043218,10.0,0.0,-0.0019591585939148595,0.07127903623040766,0.0002966831768086801,2.6314277251561484,0.0026886664636549544,0.024678548177083332,0.9933575534572204,0.0037032032026521238,0.013580322265625,0.36238593608140945,0.33782243728637695
140579.399677041,2988,195884032,195821568,2133.331829409865,1092.2658966578508,2977,100,2.3,4.208325150027106,10.0,0.0,1.6,3.6660606121043218,10.0,0.0,0.0004268866468919441,0.07517716329311952,0.00027611843749279313,2.6289124141136804,0.002869194090332409,0.021540323893229168,0.9937093909829855,0.0038105430721770968,0.016937255859375,0.40968384593725204,0.3378496766090393
140660.68403446395,2990,195952640,195952640,844.049238686831,1612.5119783867817,2983,100,2.2,4.142463134545658,10.0,0.0,1.7,3.7563280701406065,10.0,0.0,-0.00035389189482278505,0.1305356725351885,0.00030199612380480784,2.630794527630011,0.0044551094051712425,0.0378875732421875,0.9880594269682963,0.003919315029634163,0.015869140625,0.3945602774620056,0.33789050579071045
140720.68442345504,2991,196070400,196018176,1962.6539424184703,1092.259585345931,2983,100,2.2,4.142463134545658,10.0,0.0,1.7,3.7563280701406065,10.0,0.0,-0.002172199261015824,0.03736480411801797,0.00027861444626372156,2.6306930606563883,0.0020591630727722077,0.022761027018229168,0.9966908612598976,0.004170270949543919,0.015716552734375,0.3932720124721527,0.3379116952419281
140802.65751640033,2993,196149248,196149248,961.8766008087773,1598.9637000457597,2983,100,2.2,4.142463134545658,10.0,0.0,1.7,3.7563280701406065,10.0,0.0,-0.001655086737931318,0.0666711584587271,0.0002762287499535887,2.627051457762718,0.0027662721907593855,0.025121053059895836,0.9945369840910038,0.003793118650113077,0.015716552734375,0.3923557698726654,0.33793890476226807
140862.66160088032,2994,196273408,196214784,2069.192473745584,1092.192316038906,2983,100,2.2,4.142463134545658,10.0,0.0,1.7,3.7563280701406065,10.0,0.0,-0.001156511277561852,0.09335080184973775,0.0003082079859571726,2.6284137591719627,0.0019069594000029613,0.019673665364583332,0.9911981634795666,0.0039457126598184305,0.01373291015625,0.37021011114120483,0.3379502594470978
140943.7692293059,2996,196345856,196345856,893.2328734833061,1616.0255520263347,2988,100,2.3,4.208325150027106,10.0,0.0,1.7,3.7563281058179046,10.0,0.0,-0.0008768447987677064,0.07099525028994927,0.00027107473367019946,2.645252376794815,0.002053092821370228,0.019617716471354168,0.992300845682621,0.0033066224423237145,0.01220703125,0.34705109149217606,0.3379804193973541
141003.76947646774,2997,196465152,196411392,1988.258476306428,1092.2621672412995,2988,100,2.3,4.208325150027106,10.0,0.0,1.7,3.7563281058179046,10.0,0.0,-0.00015728932824761918,0.078347102603099,0.0002736630854087707,2.636698673168818,0.0025004560205464563,0.028096516927083332,0.9920703880488873,0.0038318707132323953,0.015869140625,0.3978598043322563,0.3380022644996643
141086.30077428184,2999,196542464,196542464,936.759775353863,1588.149023116483,2988,100,2.3,4.208325150027106,10.0,0.0,1.7,3.7563281058179046,10.0,0.0,-0.0013085923880377472,0.06171699442590276,0.00027222915635623696,2.635229902962844,0.0019877767426805804,0.022186279296875,0.9943100772798061,0.004343479296949226,0.01434326171875,0.378387413918972,0.33802860975265503
141146.3011785159,3000,196669696,196608000,2120.5190469001627,1092.2593078600435,2994,100,2.5,4.33012701486642,10.0,0.0,1.8,3.8418746555035606,10.0,0.0,-0.0006560609641989382,0.062262325014065326,0.00027354157752294367,2.620239625374476,0.002850384184663805,0.028045654296875,0.9945765696465969,0.004118919513227108,0.0152587890625,0.38939572125673294,0.3380473852157593
141226.81566906255,3002,196739072,196739072,861.6585602040938,1627.9305639280296,2994,100,2.5,4.33012701486642,10.0,0.0,1.8,3.8418746555035606,10.0,0.0,-0.0007162968407404453,0.08567114535253495,0.00028681793613335077,2.611555260916551,0.0028485439264234933,0.024256388346354168,0.993268204232057,0.004640498632700958,0.016937255859375,0.4103989377617836,0.3381081819534302
141286.82142026722,3003,196856832,196804608,1962.4785564024676,1092.1619792152862,2994,100,2.5,4.33012701486642,10.0,0.0,1.8,3.8418746555035606,10.0,0.0,-0.0010224741611940167,0.06819404958514497,0.00026060385289383703,2.6320111081004143,0.003055414070331608,0.0302581787109375,0.9937252073238293,0.0037623542327006967,0.0146484375,0.38207121938467026,0.3381239175796509
141369.01365366112,3005,196935680,196935680,959.3120510806282,1594.7005524457195,2994,100,2.5,4.33012701486642,10.0,0.0,1.8,3.8418746555035606,10.0,0.0,-0.000842515510157682,0.10747532728904238,0.00027469972534769716,2.6416379610697427,0.0018104238934029129,0.0192108154296875,0.9884208521495262,0.003561615090196331,0.012054443359375,0.34499000757932663,0.3381545841693878
141429.02176362555,3006,197062912,197001216,2120.2467479048496,1092.1190492226185,2999,100,2.6,4.38634247253557,10.0,0.0,1.9,3.9230091219019942,10.0,0.0,-0.001534957224066602,0.09598111074107389,0.00028634658929149737,2.626382105052471,0.0027169367573757577,0.024627685546875,0.9912939711163442,0.004099232464795932,0.014190673828125,0.3761184737086296,0.33816805481910706
141509.82426546328,3008,197132288,197132288,858.5872766579555,1622.1279913242554,2999,100,2.6,4.38634247253557,10.0,0.0,1.9,3.9230091219019942,10.0,0.0,-0.0008296033702208661,0.09395801345817745,0.0002723843411634637,2.61826370159785,0.002693781214475166,0.026117960611979168,0.9925455134361982,0.0044133721554923495,0.017242431640625,0.41219722479581833,0.33821213245391846
141569.82488702703,3009,197250304,197197824,1966.9129573032758,1092.2553515610382,2999,100,2.6,4.38634247253557,10.0,0.0,1.9,3.9230091219019942,10.0,0.0,-0.0007384898271993734,0.07326795418824379,0.0003042077341888217,2.632258509596189,0.0033451867936188746,0.0272979736328125,0.993092912559708,0.0040499252402999755,0.013580322265625,0.36716003715991974,0.33822256326675415
141651.17262742482,3011,197328896,197328896,966.1239465987245,1611.2555721776773,2999,100,2.6,4.38634247253557,10.0,0.0,1.9,3.9230091219019942,10.0,0.0,-0.0013371051633536506,0.046465123678596384,0.0002688279417573843,2.6254537204901376,0.002365515162334001,0.0242462158203125,0.9962474629282951,0.00409700538875768,0.01678466796875,0.40681367367506027,0.338271826505661
141711.18531629723,3012,197455616,197394432,2111.5534461291168,1092.0357216344523,3005,100,2.1,4.0730824679874535,10.0,0.0,1.7,3.7563280997807356,10.0,0.0,-0.002272090784875521,0.09727892908267677,0.00028244618897588225,2.6233572761217756,0.0028802192294582105,0.026367187500000003,0.9920440738399823,0.004541526158088042,0.0152587890625,0.382262259721756,0.33829042315483093
141792.86466507055,3014,197525504,197525504,855.6385555173019,1604.7140674903246,3005,100,2.1,4.0730824679874535,10.0,0.0,1.7,3.7563280997807356,10.0,0.0,-0.0008556351361524623,0.10924478888045998,0.0002578125080011281,2.638720567027728,0.0032606272719325107,0.026641845703125,0.9887364134192468,0.003945703957773124,0.013580322265625,0.36579832434654236,0.3382970094680786
141852.8648964977,3015,197648384,197591040,2047.9921006507384,1092.262453680394,3005,100,2.1,4.0730824679874535,10.0,0.0,1.7,3.7563280997807356,10.0,0.0,9.465030113157544e-06,0.10595654820402463,0.0002932741493471743,2.630893940726916,0.0037914105778327216,0.032129923502604164,0.9907566277931135,0.004310029740736355,0.0152587890625,0.3898732140660286,0.33831557631492615
141935.57450551167,3017,197722112,197722112,891.4079135295661,1584.7251796081177,3005,100,2.1,4.0730824679874535,10.0,0.0,1.7,3.7563280997807356,10.0,0.0,-0.0013908666878705844,0.0564730956684798,0.0002947823316693151,2.6395173172156015,0.0026242050298606046,0.021525065104166664,0.9941138569265603,0.0037849898095979975,0.012054443359375,0.34069401770830154,0.3383348286151886
141995.57465815172,3018,197848576,197787648,2107.7279712718046,1092.2638879465221,3011,100,1.7,3.7563280841757654,10.0,0.0,1.4,3.4698703804289126,10.0,0.0,-0.001024056976651385,0.07548243465134874,0.00033056240711933543,2.614976815879345,0.0032250530190746454,0.02471923828125,0.9935162141919136,0.0050086067033892805,0.013580322265625,0.36625880002975464,0.33834517002105713
142075.80318727344,3020,197918720,197918720,874.3024553469503,1633.7330552468559,3011,100,1.7,3.7563280841757654,10.0,0.0,1.4,3.4698703804289126,10.0,0.0,0.00037919558235444134,0.09855931562681994,0.0003232757917430717,2.6133940964937206,0.0039950448305413975,0.037022908528645836,0.9912066472073395,0.005934389458464769,0.01251220703125,0.35296305269002914,0.3383733332157135
142135.8037935393,3021,198039040,197984256,2005.3130707860983,1092.2556300451938,3011,100,1.7,3.7563280841757654,10.0,0.0,1.4,3.4698703804289126,10.0,0.0,-0.0013097534817158398,0.06194398533746911,0.00028639635911531514,2.6359726364413896,0.002633366980565673,0.024897257486979164,0.9943338713298241,0.004153983049036469,0.01434326171875,0.37758079171180725,0.3383873701095581
142216.81810854655,3023,198115328,198115328,941.6607422178258,1617.8869128037813,3011,100,1.7,3.7563280841757654,10.0,0.0,1.4,3.4698703804289126,10.0,0.0,-0.0004048248677766727,0.05145895642150814,0.00029424375770759065,2.6478830923636756,0.0020006406878868193,0.020263671875,0.9931261464953423,0.003522820780441786,0.01007080078125,0.3061858266592026,0.33839017152786255
142276.83037669677,3024,198240768,198180864,2090.2392771756804,1092.0433774632127,3017,100,2.0,4.000000075071165,10.0,0.0,1.3,3.3630343553699014,10.0,0.0,-0.0009341093888603307,0.05385447734928069,0.0002816678653895603,2.629075494905313,0.002795638463794603,0.0260009765625,0.9947264002015194,0.004299268148315605,0.01190185546875,0.34420204907655716,0.3383922874927521
142357.3705673078,3026,198311936,198311936,883.6333693783117,1627.411097560056,3017,100,2.0,4.000000075071165,10.0,0.0,1.3,3.3630343553699014,10.0,0.0,-0.0016306263799682104,0.06088448795101916,0.000258906858410531,2.635751262307167,0.001911303682087843,0.018335978190104164,0.9926153210302194,0.003895944175989522,0.014495849609375,0.3760766312479973,0.3384099304676056
142417.3708797684,3027,198437120,198377472,2086.389134760457,1092.260978524902,3017,100,2.0,4.000000075071165,10.0,0.0,1.3,3.3630343553699014,10.0,0.0,-0.0014783653459744526,0.054124347011869155,0.00027605532098580926,2.632360450923443,0.0022034962955027977,0.020584106445312503,0.9942523657033842,0.003899811138884009,0.013580322265625,0.355713676661253,0.33842021226882935
142498.26256377157,3029,198508544,198508544,882.9585003718951,1620.3396135857,3017,100,2.0,4.000000075071165,10.0,0.0,1.3,3.3630343553699014,10.0,0.0,-0.00032162265536802193,0.07310567282062645,0.00028778433321955765,2.6381388852993646,0.003014953954334487,0.025395711263020832,0.9915253104021152,0.003944291529478505,0.01129150390625,0.33092986419796944,0.3384556472301483
142558.26308424305,3030,198633728,198574080,2086.3819016286097,1092.2571918546505,3023,100,1.5,3.5707142964516367,10.0,0.0,1.3,3.363034409824823,10.0,0.0,-0.0010981057178772366,0.07059539132751524,0.00029374734807182296,2.6311773136258125,0.002579670172660068,0.023401896158854164,0.9926555982480446,0.004194623177075604,0.01312255859375,0.360386423766613,0.338463693857193
142640.21833386365,3032,198705152,198705152,871.4999994587993,1599.311826963818,3023,100,1.5,3.5707142964516367,10.0,0.0,1.3,3.363034409824823,10.0,0.0,-0.0002545608100869382,0.0768841640286458,0.0002679552840163524,2.6404307434956236,0.0023899605712358607,0.024297078450520832,0.9905245558669169,0.0036193520500091836,0.01129150390625,0.3323982283473015,0.33847013115882874
142700.218445112,3033,198827008,198770688,2030.929567707474,1092.2646414561204,3023,100,1.5,3.5707142964516367,10.0,0.0,1.3,3.363034409824823,10.0,0.0,-0.0010960929866996594,0.07670718650721634,0.00027552443058690795,2.6292737051844597,0.0021694094175472856,0.024388631184895832,0.9929146418968836,0.004333663511109383,0.013580322265625,0.36764541268348694,0.3384803831577301
142782.0925766211,3035,198901760,198901760,913.0112115044417,1600.8963708571032,3023,100,1.5,3.5707142964516367,10.0,0.0,1.3,3.363034409824823,10.0,0.0,-0.001652370593850113,0.08018724284678078,0.00027251627458705724,2.635908236106237,0.002551602780537602,0.024480183919270832,0.9921097333232562,0.003977098819935539,0.012969970703125,0.35663048923015594,0.33850160241127014
142842.09685698338,3036,199024896,198967296,2052.120269696787,1092.1887506078533,3029,100,1.8,3.8418746016498635,10.0,0.0,1.2,3.249615441412113,10.0,0.0,-0.0006051092568668537,0.04777876168373041,0.0002677390865149694,2.6281135380268092,0.002618985420970906,0.0217742919921875,0.9952747176090876,0.004121921165885094,0.012969970703125,0.3585747182369232,0.33850884437561035
142923.7472491758,3038,199098368,199098368,899.8364616162181,1605.2831649738805,3029,100,1.8,3.8418746016498635,10.0,0.0,1.2,3.249615441412113,10.0,0.0,-0.0013962711818749083,0.09113883199946334,0.0002724057311146074,2.636088639497757,0.0021915631969022793,0.019144694010416664,0.9908662115534146,0.0041288044085376905,0.0128173828125,0.353372760117054,0.33852192759513855
142983.74864468444,3039,199214848,199163904,1941.2881819259312,1092.2412627978865,3029,100,1.8,3.8418746016498635,10.0,0.0,1.2,3.249615441412113,10.0,0.0,-0.0018596272190431289,0.07064826369363193,0.0002727685153634714,2.617832506696383,0.003034654591222837,0.028462727864583336,0.9936652810623249,0.004747015960068287,0.012969970703125,0.3576015383005142,0.33852916955947876
143065.80771753192,3041,199294976,199294976,976.4672841104682,1597.2883369474753,3029,100,1.8,3.8418746016498635,10.0,0.0,1.2,3.249615441412113,10.0,0.0,-0.0019198467319559618,0.09931938072744137,0.00031008029842875356,2.6203016390403113,0.0032903826850088085,0.0288238525390625,0.9901481276998917,0.004754568113033505,0.012969970703125,0.3590635433793068,0.33854883909225464
143125.80786196608,3042,199423232,199360512,2137.59485430466,1092.2640373293275,3036,100,1.8,3.841874609026934,10.0,0.0,1.6,3.6660605899293004,10.0,0.0,-0.0009460977283500445,0.06770316604524851,0.00028826217127668013,2.628781308730443,0.0035812998830806464,0.028050740559895832,0.9929277058690786,0.004100178373240245,0.013580322265625,0.3637957125902176,0.33855903148651123
143207.22688864078,3044,199491584,199491584,839.5089304259302,1609.844840367327,3036,100,1.8,3.841874609026934,10.0,0.0,1.6,3.6660605899293004,10.0,0.0,0.0008384767764558394,0.10982499698487419,0.0002843394593886236,2.6326797703901925,0.0035893909292402286,0.0281829833984375,0.9897847200433413,0.004390740245677686,0.0140380859375,0.3704439848661423,0.3385964035987854
143267.22726577707,3045,199616512,199557120,2082.120245948508,1092.2598011533155,3036,100,1.8,3.841874609026934,10.0,0.0,1.6,3.6660605899293004,10.0,0.0,-0.0020433389339207983,0.07834842539159581,0.0002626229159735279,2.6235632648070655,0.0023772693087569983,0.019963582356770832,0.992959247281154,0.0042944095475832,0.016021728515625,0.3950653746724129,0.3386183977127075
143347.78150872048,3047,199688192,199688192,889.8351890707062,1627.1272028721485,3036,100,1.8,3.841874609026934,10.0,0.0,1.6,3.6660605899293004,10.0,0.0,-0.0021730972087728637,0.07823968989153703,0.0002798668730671731,2.6230116486549377,0.0030397966972183594,0.027018229166666668,0.9931033272296189,0.0044703868188662454,0.0128173828125,0.355445921421051,0.33863207697868347
143407.78194371704,3048,199816448,199753728,2137.584502634903,1092.2587478533637,3042,100,2.0,4.000000051180891,10.0,0.0,1.4,3.469870395622755,10.0,0.0,-0.0008355049661380084,0.059636579845876746,0.0002636125130569174,2.6333728681008024,0.0028289533092902275,0.025105794270833332,0.9940153205146391,0.004029609570958807,0.012969970703125,0.35744886100292206,0.3386392593383789
143488.5871824827,3050,199884800,199884800,845.8857500343653,1622.0730487550375,3042,100,2.0,4.000000051180891,10.0,0.0,1.4,3.469870395622755,10.0,0.0,-0.0007157456178295736,0.10615960302917907,0.0003039703651666059,2.616458403567473,0.0033544820465370626,0.033711751302083336,0.9906749247262876,0.004813980500330217,0.0140380859375,0.372919000685215,0.33866026997566223
143548.5874512326,3051,200009984,199950336,2086.3906547122565,1092.2617742460893,3042,100,2.0,4.000000051180891,10.0,0.0,1.4,3.469870395622755,10.0,0.0,-0.0011182393742880472,0.0796161752853853,0.00027780059175105026,2.6112809032201767,0.002354837182186505,0.0250244140625,0.9939370105663936,0.005276052004774101,0.01739501953125,0.4163645803928375,0.33868882060050964
143581.67497146502,3052,200015872,200015872,177.95229012750403,1980.686359680045,3042,100,2.0,4.000000051180891,10.0,0.0,1.4,3.469870395622755,10.0,0.0,-0.0017819626361112264,0.053189574799034745,0.00027767695125173,2.629724606871605,0.002574025943734644,0.0236358642578125,0.9950272322942814,0.004314910407022883,0.013275146484375,0.3631284683942795,0.3386974632740021
