wall_time,updates,collected_samples,trained_samples,sampler_fps,learner_fps,version,num_episodes,train_return_mean,train_return_std,train_return_max,train_return_min,test_return_mean,test_return_std,test_return_max,test_return_min,actor_loss,critic_loss,entropy,approx_kl,clip_frac,explained_var
61.42944365926087,2,131072,131072,2133.699935930318,2133.699935930318,0,0,0,0,0,0,0,0,0,0,-0.0009558965806112004,0.21304158307611942,2.6989803264538446,0.002539075805543689,0.021153767903645832,0.01710521864394347
121.42977187223732,4,278272,262144,2453.3199131428187,2184.5213835289096,0,0,0,0,0,0,0,0,0,0,-0.0012433342296086873,0.13817166560814562,2.6984945038954415,0.0031251453219738323,0.027252197265625,0.02732331243654091
181.4301490597427,6,456448,393216,2969.5813318504242,2184.5196004416916,0,0,0,0,0,0,0,0,0,0,-0.00341678935001255,0.04612660907635775,2.697025353709857,0.003044975596518876,0.026972452799479164,0.5838180395464102
247.80721917189658,9,589824,589824,2009.3685933205775,2961.9867172172812,0,0,0,0,0,0,0,0,0,0,-0.0006136943217522155,0.09869557376562928,2.6922489007314048,0.0060363166188229424,0.07978312174479166,0.660626902555426
307.807235956192,11,742400,720896,2542.932621977793,2184.5327222359565,0,100,0.1,0.9949874749956643,10.0,0.0,0.0,0.0,0.0,0.0,-0.0004559611334116198,0.17748675006441772,2.6927677939335504,0.004425470014515061,0.036799112955729164,0.7570204219470421
367.81202165037394,13,911872,851968,2824.3080620889887,2184.3591054222993,0,100,0.1,0.9949874749956643,10.0,0.0,0.0,0.0,0.0,0.0,-0.0010184365698175195,0.143084130793189,2.6940829580028853,0.0028463943423654805,0.024790445963541664,0.8656983164449532
434.7074363883585,16,1048576,1048576,2043.5481345835317,2939.0355194010344,0,100,0.1,0.9949874749956643,10.0,0.0,0.0,0.0,0.0,0.0,-0.0019983716047136113,0.11266277497634292,2.691499767204126,0.0030880387712386437,0.0289459228515625,0.8864332512021066
494.7075746897608,18,1194752,1179648,2436.2610510280033,2184.528297944549,0,100,0.1,0.9949874749956643,10.0,0.0,0.0,0.0,0.0,0.0,-0.0016083545754857673,0.12683056279396016,2.6886956493059797,0.003115962334049982,0.023529052734375,0.8581623956561089
554.7076374441385,20,1374720,1310720,2999.4635295088783,2184.5310485185573,0,100,0.1,0.9949874749956643,10.0,0.0,0.0,0.0,0.0,0.0,-0.0014811415918908704,0.15723558453222114,2.6840593939026194,0.004359191813515888,0.042694091796875,0.852978069956104
620.2967071365565,23,1507328,1507328,2021.800288094791,2997.5726279088794,10,100,0.4,1.9595918327030493,10.0,0.0,0.1,0.9949874749956643,10.0,0.0,-0.0023400513746310025,0.1332428092136979,2.68145831177632,0.004122124079610027,0.036214192708333336,0.8952730093151331
680.2969647720456,25,1652224,1638400,2414.922963835684,2184.5239531517145,10,100,0.4,1.9595918327030493,10.0,0.0,0.1,0.9949874749956643,10.0,0.0,-0.0019165578099394527,0.16694366078202924,2.671278568605582,0.004259639800996713,0.050298055013020836,0.9254724935938914
740.3126531597227,27,1833216,1769472,3015.744797108131,2183.962285883116,10,100,0.4,1.9595918327030493,10.0,0.0,0.1,0.9949874749956643,10.0,0.0,-0.00120043262722902,0.140969792380929,2.677427552640438,0.005409881841842434,0.0635833740234375,0.9077055118978024
806.9219387043267,30,1966080,1966080,1994.6768519387483,2951.6605439093614,10,100,0.4,1.9595918327030493,10.0,0.0,0.1,0.9949874749956643,10.0,0.0,-0.0032086257791282455,0.10654067500339201,2.6682392408450446,0.004225427535250977,0.036646525065104164,0.9469658248126507
866.9224023409188,32,2116352,2097152,2504.513980261225,2184.5164529706085,10,100,0.4,1.9595918327030493,10.0,0.0,0.1,0.9949874749956643,10.0,0.0,-0.0022875472204759717,0.12000300397630781,2.672109929223855,0.003955682363084634,0.036127726236979164,0.9193097824851673
939.6365129929036,35,2293760,2293760,2439.801551711029,2703.849338692742,22,100,0.6,2.3748684491559726,10.0,0.0,0.2,1.40000005385589,10.0,0.0,-0.002020775665490267,0.09354651160538195,2.6694986149668694,0.0035016773636016296,0.032216389973958336,0.9446281474083662
999.6468378528953,37,2439168,2424832,2423.0497058505707,2184.1574813300917,22,100,0.6,2.3748684491559726,10.0,0.0,0.2,1.40000005385589,10.0,0.0,-0.0022606122729484923,0.11426098248921335,2.660985338191191,0.00348482054444806,0.028167724609375,0.9615989445398251
1059.6472259368747,39,2615296,2555904,2935.4476799963795,2184.519203718236,22,100,0.6,2.3748684491559726,10.0,0.0,0.2,1.40000005385589,10.0,0.0,-0.0021978124592957706,0.14806795248296112,2.6554452156027155,0.0038724002066980274,0.039815266927083336,0.9394934394707283
1126.4973234161735,42,2752512,2752512,2052.5923697043418,2941.0278730092064,22,100,0.6,2.3748684491559726,10.0,0.0,0.2,1.40000005385589,10.0,0.0,-0.0018793190902215429,0.11408216242368023,2.657566095391909,0.004271149534664195,0.04365539550781251,0.9378686212003231
1186.4974626209587,44,2908672,2883584,2602.660628286437,2184.528265053534,33,100,0.3,1.70587227722205,10.0,0.0,0.3,1.70587227722205,10.0,0.0,-0.0030506953359387503,0.13331464755659303,2.660501167178154,0.004432739575349842,0.046549479166666664,0.9264830282578866
1258.012474708259,47,3080192,3080192,2398.37755729693,2749.1850209015556,33,100,0.3,1.70587227722205,10.0,0.0,0.3,1.70587227722205,10.0,0.0,-0.0019087550560167679,0.15861079329624772,2.643656365573406,0.004305488316579916,0.04075622558593751,0.953629694879055
1318.0148217901587,49,3222528,3211264,2372.173871894041,2184.4478820319227,33,100,0.3,1.70587227722205,10.0,0.0,0.3,1.70587227722205,10.0,0.0,-0.0017140362300172758,0.1470378808832417,2.6495974039038024,0.005067097213517021,0.06740315755208334,0.9503475278615952
1378.0207041613758,51,3401472,3342336,2982.107635597972,2184.3191837284144,33,100,0.3,1.70587227722205,10.0,0.0,0.3,1.70587227722205,10.0,0.0,-0.0007919510183758879,0.16882240826574463,2.6426552186409635,0.003653161988040665,0.04171752929687501,0.9398755306998888
1444.7297054398805,54,3538944,3538944,2060.7713706590425,2947.2484407190773,33,100,0.3,1.70587227722205,10.0,0.0,0.3,1.70587227722205,10.0,0.0,-0.0014519846348169572,0.16175967284167808,2.6353573302427926,0.004393915556647698,0.041468302408854164,0.9444673831264178
1504.7297756522894,56,3690240,3670016,2521.597049209948,2184.5307769805304,43,100,0.4,1.9595918211304426,10.0,0.0,0.4,1.9595918327030493,10.0,0.0,-0.002021025475793673,0.16263843548949808,2.6359998360276222,0.003928331544254131,0.040985107421875,0.9494087112446625
1564.729945315048,58,3863296,3801088,2884.258510812404,2184.5271561182703,43,100,0.4,1.9595918211304426,10.0,0.0,0.4,1.9595918327030493,10.0,0.0,-0.002369368145688592,0.1141625774713854,2.6353966792424517,0.004001669760934116,0.038625081380208336,0.9700077250599862
1630.778013072908,61,3997696,3997696,2034.8816333693,2976.7411322430903,43,100,0.4,1.9595918211304426,10.0,0.0,0.4,1.9595918327030493,10.0,0.0,-0.0021125695117613454,0.17206307904173931,2.6357332939902944,0.004000779348643846,0.040008544921875,0.9550481426219145
1690.7780311331153,63,4145152,4128768,2457.5992602541287,2184.532675781448,43,100,0.4,1.9595918211304426,10.0,0.0,0.4,1.9595918327030493,10.0,0.0,-0.0028679184761131182,0.10997773827208827,2.630684499939283,0.0045038397141373325,0.059885660807291664,0.9688220247626305
1750.7783621419221,65,4324864,4259840,2995.1834761315226,2184.5212817369506,55,100,0.6,2.3748684491559726,10.0,0.0,0.6,2.3748684809043614,10.0,0.0,-0.001521870658810561,0.1407261637505144,2.6447186122337976,0.004431509002946162,0.053426106770833336,0.9442634613563617
1816.335723714903,68,4456448,4456448,2007.1582632793393,2999.0224634212695,55,100,0.6,2.3748684491559726,10.0,0.0,0.6,2.3748684809043614,10.0,0.0,-0.002821106131402,0.11344199969122806,2.656730681657791,0.005005965865469382,0.044092814127604164,0.9553129461904367
1876.3359465952963,70,4606208,4587520,2495.9907282100817,2184.525218536003,55,100,0.6,2.3748684491559726,10.0,0.0,0.6,2.3748684809043614,10.0,0.0,-0.002200704017013777,0.13394435964679965,2.6485799898703895,0.004236945155450182,0.039332071940104164,0.955231803158919
1936.3447393570095,72,4774656,4718592,2807.0553038599533,2184.213245556681,55,100,0.6,2.3748684491559726,10.0,0.0,0.6,2.3748684809043614,10.0,0.0,-0.0017834528504560392,0.1348960331718748,2.652563047905763,0.0044126625859159194,0.05033365885416667,0.9546981329719225
2003.1228468418121,75,4915200,4915200,2104.64185484719,2944.198441753447,65,100,0.7,2.551470199872923,10.0,0.0,0.9,2.8618176279218774,10.0,0.0,-0.0026799210948714367,0.12124590187643966,2.6494881411393485,0.004371972538744254,0.0471343994140625,0.9518528922150533
2063.123183729127,77,5062144,5046272,2449.0529157523188,2184.5210677093855,65,100,0.7,2.551470199872923,10.0,0.0,0.9,2.8618176279218774,10.0,0.0,-0.0029376959719229494,0.12837539655932537,2.6421865448355675,0.004778220723892446,0.05489095052083333,0.9473811866094669
2123.1236380934715,79,5234944,5177344,2879.9781906766216,2184.516790557674,65,100,0.7,2.551470199872923,10.0,0.0,0.9,2.8618176279218774,10.0,0.0,-0.0033462530118413274,0.11526666558347642,2.6370201632380486,0.004851685254228262,0.0513153076171875,0.959052100777626
2189.325136313215,82,5373952,5373952,2099.7712096875694,2969.8421529282746,65,100,0.7,2.551470199872923,10.0,0.0,0.9,2.8618176279218774,10.0,0.0,-0.0025156856233176463,0.1192461041888843,2.6276734992861748,0.004948731729503683,0.055425008138020836,0.9651124328374863
2249.3251994252205,84,5528576,5505024,2577.063955938753,2184.5310354977514,65,100,0.7,2.551470199872923,10.0,0.0,0.9,2.8618176279218774,10.0,0.0,-0.0030181254721052637,0.14618477310674885,2.62278422464927,0.0045593500217364635,0.054987589518229164,0.954174242913723
2309.3267352562398,86,5698816,5636096,2837.2607074499283,2184.477416863704,74,100,0.4,1.9595918327030493,10.0,0.0,0.4,1.9595918327030493,10.0,0.0,-0.002327039539522957,0.11911063986675194,2.6442394629120827,0.0049028075094004935,0.04904174804687499,0.9553579936424891
2375.5263879559934,89,5832704,5832704,2022.4879518212074,2969.924946460205,74,100,0.4,1.9595918327030493,10.0,0.0,0.4,1.9595918327030493,10.0,0.0,-0.0021741590559637793,0.1766051618227114,2.624318023522695,0.004316880924913373,0.05228678385416667,0.9566715999195973
2435.5265256688,91,5986816,5963776,2568.527438014634,2184.528319374572,74,100,0.4,1.9595918327030493,10.0,0.0,0.4,1.9595918327030493,10.0,0.0,-0.0033643869295095405,0.10948097236299265,2.62558742115895,0.004858135454317866,0.0532073974609375,0.953268696864446
2506.4127526972443,94,6160384,6160384,2448.543352862505,2773.5712315610676,74,100,0.4,1.9595918327030493,10.0,0.0,0.4,1.9595918327030493,10.0,0.0,-0.0025528546878679967,0.14856576795379323,2.630231368045012,0.005301493351604828,0.062255859375,0.9641945976763964
2566.4163710083812,96,6313984,6291456,2559.845628034253,2184.4016025892292,84,100,0.7,2.551470199872923,10.0,0.0,0.5,2.179449489067881,10.0,0.0,-0.0025418814766453583,0.11797009086391577,2.6468636716405554,0.003280163720167669,0.04216512044270833,0.9633324835449456
2638.1481666285545,99,6488064,6488064,2426.817821789523,2740.8765987269903,84,100,0.7,2.551470199872923,10.0,0.0,0.5,2.179449489067881,10.0,0.0,-0.000992834347319634,0.14843596944895884,2.6323032304644585,0.004135479578811403,0.038065592447916664,0.9531743029753367
2698.1486961357296,101,6636544,6619136,2474.644827630133,2184.5140547355654,84,100,0.7,2.551470199872923,10.0,0.0,0.5,2.179449489067881,10.0,0.0,-0.0019605107057335167,0.14024582947604358,2.6288555214802423,0.005106853334533905,0.060709635416666664,0.9651303055385748
2758.1487100087106,103,6811392,6750208,2914.132659538213,2184.5328282336236,84,100,0.7,2.551470199872923,10.0,0.0,0.5,2.179449489067881,10.0,0.0,-0.00258454622720213,0.13529758046691617,2.637983523309231,0.0027306117790431017,0.030634562174479168,0.951733802134792
2822.8987892717123,106,6946816,6946816,2091.487787218533,3036.413271425016,95,100,1.0,3.000000017573554,10.0,0.0,0.6,2.3748684491559726,10.0,0.0,-0.0031866514448969006,0.13492217760843536,2.6390514199932418,0.00434858867690006,0.048848470052083336,0.96566400056084
2882.8990485090762,108,7096832,7077888,2500.2558640043444,2184.523894829734,95,100,1.0,3.000000017573554,10.0,0.0,0.6,2.3748684491559726,10.0,0.0,-0.0030005189570753528,0.10591970609190562,2.652835264801979,0.004283419542237728,0.04353332519531249,0.9629135746508837
2942.8992912843823,110,7273984,7208960,2952.5213866786094,2184.5244941899537,95,100,1.0,3.000000017573554,10.0,0.0,0.6,2.3748684491559726,10.0,0.0,-0.004182916340748003,0.08000076356499146,2.648033964137236,0.004390458379930352,0.051183064778645836,0.973677239070336
3008.6426443718374,113,7405568,7405568,2001.4799036027339,2990.538066083462,95,100,1.0,3.000000017573554,10.0,0.0,0.6,2.3748684491559726,10.0,0.0,-0.001536067085301814,0.1615716596134007,2.6265144323309264,0.0033469547021619897,0.039179484049479164,0.9620638564229012
3068.642756201327,115,7561472,7536640,2598.3951570466024,2184.5292617534656,95,100,1.0,3.000000017573554,10.0,0.0,0.6,2.3748684491559726,10.0,0.0,-0.0034522709708350403,0.13763011114982265,2.6311524485548334,0.005213963429317421,0.062459309895833336,0.9603736779342096
3139.7897972762585,118,7733248,7733248,2414.380097959191,2763.403748483843,105,100,1.1,3.1288976472586896,10.0,0.0,0.7,2.551470179210066,10.0,0.0,-0.0034879504698134647,0.11880522772359352,2.6443755328655243,0.0038775010361860045,0.04875183105468751,0.9693716807911793
3199.7901634536684,120,7889152,7864320,2598.384142173749,2184.520001302068,105,100,1.1,3.1288976472586896,10.0,0.0,0.7,2.551470179210066,10.0,0.0,-0.0028655430942308158,0.12154282454866916,2.651019625365734,0.003226196671069677,0.03734334309895833,0.9633580539375544
3259.790263079107,122,8060160,7995392,2850.1286009114747,2184.529706087837,105,100,1.1,3.1288976472586896,10.0,0.0,0.7,2.551470179210066,10.0,0.0,-0.0035330389024845017,0.10513371908261131,2.6497675056258836,0.004715614946690039,0.0557861328125,0.9717450160533189
3325.118412349373,125,8192000,8192000,2018.1193172114884,3009.5449235309184,105,100,1.1,3.1288976472586896,10.0,0.0,0.7,2.551470179210066,10.0,0.0,-0.0038703174820208614,0.09712090579948077,2.6480933229128523,0.003521078762181181,0.04404195149739583,0.9764219584564368
3385.124868961051,127,8345856,8323072,2563.9907551224696,2184.2982805702236,117,100,1.0,3.0000001012957287,10.0,0.0,0.5,2.179449523662969,10.0,0.0,-0.0026127570793808745,0.10171338721799354,2.6349630306164427,0.004422148068745931,0.050267537434895836,0.9750123526901007
3456.4881061371416,130,8519680,8519680,2435.763943430497,2755.0319713617405,117,100,1.0,3.0000001012957287,10.0,0.0,0.5,2.179449523662969,10.0,0.0,-0.0021585285600546436,0.14775254980971414,2.641192759076754,0.0044416359214665135,0.04054768880208333,0.9656522696216902
3516.4978467877954,132,8674560,8650752,2580.9143369179433,2184.1787446313833,117,100,1.0,3.0000001012957287,10.0,0.0,0.5,2.179449523662969,10.0,0.0,-0.0019389018998481333,0.1476424311598142,2.636342776318391,0.003954886796539843,0.037012736002604164,0.9707506845394771
3588.6393455844373,135,8847360,8847360,2395.2926246667307,2725.310719620814,117,100,1.0,3.0000001012957287,10.0,0.0,0.5,2.179449523662969,10.0,0.0,-0.0033332237896199026,0.08549851621501148,2.652517271538575,0.003344904849654995,0.040985107421875,0.9779329318553209
3648.6393887773156,137,9006848,8978432,2658.131419794215,2184.531760729756,117,100,1.0,3.0000001012957287,10.0,0.0,0.5,2.179449523662969,10.0,0.0,-0.003872213836681719,0.09497986920177937,2.6541085640589395,0.003696720001244102,0.045176188151041664,0.976537087932229
3708.6395054496825,139,9173760,9109504,2781.8612572277143,2184.529085430352,127,100,1.1,3.128897581481095,10.0,0.0,0.6,2.3748684491559726,10.0,0.0,-0.0036753751871098457,0.11594864310851942,2.6444395035505295,0.003911132596840616,0.03945414225260417,0.9728673423329989
3774.47649266012,142,9306112,9306112,2010.2985511314102,2986.284888334474,127,100,1.1,3.128897581481095,10.0,0.0,0.6,2.3748684491559726,10.0,0.0,-0.002289660452030754,0.13023779529612511,2.649323279658953,0.005339444892645891,0.050099690755208336,0.9679708356658617
3834.476553399116,144,9455360,9437184,2487.4641485654306,2184.5311218962274,127,100,1.1,3.128897581481095,10.0,0.0,0.6,2.3748684491559726,10.0,0.0,-0.0019666491692381287,0.10380750917829573,2.6411666522423425,0.004238151022946113,0.048029581705729164,0.9691036157310009
3907.214899700135,147,9633792,9633792,2453.0664920753065,2702.948444639649,127,100,1.1,3.128897581481095,10.0,0.0,0.6,2.3748684491559726,10.0,0.0,-0.003210392363447075,0.08961460646241905,2.6573882376154265,0.004101743154024007,0.043792724609375,0.9762747269123793
3967.215335447341,149,9780992,9764864,2453.3155162436306,2184.5174683769374,138,100,0.9,2.8618176174239767,10.0,0.0,1.2,3.249615371099502,10.0,0.0,-0.0032104551961917123,0.10419690158839028,2.6554955715934434,0.004180632274559078,0.04992675781250001,0.9777290622393291
4027.215388270095,151,9955584,9895936,2909.864104882747,2184.531410117253,138,100,0.9,2.8618176174239767,10.0,0.0,1.2,3.249615371099502,10.0,0.0,-0.0027033218332993174,0.09692393460621436,2.6621004293362303,0.0032517204860293227,0.032719930013020836,0.9727004530529181
4094.5942587014288,154,10092544,10092544,2032.684714410236,2917.9474031160025,138,100,0.9,2.8618176174239767,10.0,0.0,1.2,3.249615371099502,10.0,0.0,-0.003864534381136764,0.10507282599185903,2.6547548845410347,0.004475290378347078,0.0546417236328125,0.9695512795199951
4154.595969855785,156,10243840,10223616,2521.528087937117,2184.471033881225,138,100,0.9,2.8618176174239767,10.0,0.0,1.2,3.249615371099502,10.0,0.0,-0.0028285745041406094,0.11244400027984133,2.6446746488412223,0.0027195481434318935,0.034815470377604164,0.9795155817021927
4227.018290957436,159,10420224,10420224,2435.492225558896,2714.7431483733412,147,100,1.0,3.0000001012957287,10.0,0.0,0.6,2.3748684491559726,10.0,0.0,-0.002703663112091211,0.11491839393662909,2.6500904684265456,0.004195944381232645,0.0451812744140625,0.9702642088135083
4287.024637162685,161,10572032,10551296,2529.8657492117,2184.3022994880107,147,100,1.0,3.0000001012957287,10.0,0.0,0.6,2.3748684491559726,10.0,0.0,-0.004327375929278787,0.09635002835420892,2.647362858057022,0.003987899179264787,0.04955037434895833,0.9791671813776096
4358.714424176142,164,10747904,10747904,2453.236469610221,2742.482690917976,147,100,1.0,3.0000001012957287,10.0,0.0,0.6,2.3748684491559726,10.0,0.0,-0.005067053947035069,0.08583058319830647,2.6501189221938453,0.003778187314916674,0.043635050455729164,0.9771833208700021
4418.714659592137,166,10900224,10878976,2538.6567059934214,2184.524762132154,147,100,1.0,3.0000001012957287,10.0,0.0,0.6,2.3748684491559726,10.0,0.0,-0.004214126507577021,0.09165630714657405,2.639817434052626,0.004113805864714474,0.047871907552083336,0.9754574708640575
4489.679642414674,169,11075584,11075584,2471.077889760417,2770.4931669138687,157,100,1.0,3.000000025132749,10.0,0.0,0.6,2.3748684491559726,10.0,0.0,-0.0026457111234776676,0.0971193271689117,2.648475078245004,0.00406274778470106,0.047704060872395836,0.9749230146408081
4549.680430212989,171,11223808,11206656,2470.3675641432474,2184.5046508486053,157,100,1.0,3.000000025132749,10.0,0.0,0.6,2.3748684491559726,10.0,0.0,-0.004091857699677348,0.07962115757012118,2.646679592629274,0.004546596470390796,0.05617268880208333,0.9843937748422225
4609.680644247681,173,11397888,11337728,2901.32298360384,2184.5255405958324,157,100,1.0,3.000000025132749,10.0,0.0,0.6,2.3748684491559726,10.0,0.0,-0.0038787538360338654,0.09765997133217752,2.6495801707108817,0.004784856900490316,0.056660970052083336,0.9746498391032219
4674.8526812475175,176,11534336,11534336,2093.6586653006134,3016.753949251165,157,100,1.0,3.000000025132749,10.0,0.0,0.6,2.3748684491559726,10.0,0.0,-0.003717240103772686,0.14851584339824814,2.633205155531565,0.004837795424464275,0.054102579752604164,0.9714178598175447
4734.853069534525,178,11686656,11665408,2538.650237918254,2184.519196326296,157,100,1.0,3.000000025132749,10.0,0.0,0.6,2.3748684491559726,10.0,0.0,-0.0038221194699872285,0.07229531234285483,2.654564934472243,0.005024365872789835,0.052327473958333336,0.9798290704687436
4806.850766664371,181,11862016,11862016,2435.6334576055074,2730.754007943109,168,100,1.3,3.363034383461588,10.0,0.0,0.7,2.551470199872923,10.0,0.0,-0.0039049690337075544,0.09461660504651566,2.6380695501963296,0.004491653306104126,0.049875895182291664,0.9783084131777287
4866.851163318381,183,12015616,11993088,2559.9830762074625,2184.5188916970346,168,100,1.3,3.363034383461588,10.0,0.0,0.7,2.551470199872923,10.0,0.0,-0.0033736233150799913,0.07487029106899475,2.6475480794906616,0.004937148634174567,0.053446451822916664,0.9777141585946083
4939.5710591077805,186,12189696,12189696,2393.8428144086442,2703.634237449763,168,100,1.3,3.363034383461588,10.0,0.0,0.7,2.551470199872923,10.0,0.0,-0.0028136008404544555,0.13623072556219995,2.6320844242970147,0.004488521934035816,0.04624430338541667,0.9766557794064283
4999.571175364777,188,12345856,12320768,2602.6616237062576,2184.529100553449,168,100,1.3,3.363034383461588,10.0,0.0,0.7,2.551470199872923,10.0,0.0,-0.00408173253890709,0.11470646869080763,2.629277395705382,0.00569485846972384,0.060618082682291664,0.9791437058399121
5070.951121488586,191,12517376,12517376,2402.91579518004,2754.3870607436875,179,100,1.5,3.570714290100643,10.0,0.0,0.7,2.551470179210066,10.0,0.0,-0.004730461255045762,0.10987774794921279,2.617635351916154,0.004977594351051569,0.052042643229166664,0.9780798045297464
5130.9515074677765,193,12669184,12648448,2530.1170571244415,2184.519280350277,179,100,1.5,3.570714290100643,10.0,0.0,0.7,2.551470179210066,10.0,0.0,-0.0033275020929674306,0.12522040160062411,2.631328987578551,0.0036237738616667534,0.040257771809895836,0.974839006861051
5190.951915580779,195,12844288,12779520,2918.3801495185658,2184.518474493429,179,100,1.5,3.570714290100643,10.0,0.0,0.7,2.551470179210066,10.0,0.0,-0.004215673446500054,0.09648622987636676,2.631228392322858,0.004523451557057949,0.049158732096354164,0.9769747195144494
5256.2845504600555,198,12976128,12976128,2017.9807571456195,3009.3382941511372,179,100,1.5,3.570714290100643,10.0,0.0,0.7,2.551470179210066,10.0,0.0,-0.002891288941706686,0.1270708922917644,2.6274782742063207,0.004400600634350363,0.05052185058593751,0.9762524372587602
5316.284624407068,200,13132032,13107200,2598.3967976053286,2184.5306410080925,179,100,1.5,3.570714290100643,10.0,0.0,0.7,2.551470179210066,10.0,0.0,-0.005481304627513358,0.06966705597005785,2.633120310803254,0.0052750028056228375,0.05945841471354167,0.9833739151557287
5387.917811207473,203,13303808,13303808,2397.9946680108874,2744.649634921552,189,100,1.2,3.249615407150197,10.0,0.0,0.8,2.7129320210422696,10.0,0.0,-0.0049088557667952655,0.09881998707229893,2.637049655119578,0.00504760618484094,0.06234741210937501,0.9787242307017247
5447.9179892838,205,13453824,13434880,2500.2592460502883,2184.526849791378,189,100,1.2,3.249615407150197,10.0,0.0,0.8,2.7129320210422696,10.0,0.0,-0.002640152985501724,0.13808090907211107,2.625292912125588,0.005512921630118702,0.05878194173177083,0.9769590025146802
5520.021694684401,208,13631488,13631488,2464.0065169039017,2726.739200262531,189,100,1.2,3.249615407150197,10.0,0.0,0.8,2.7129320210422696,10.0,0.0,-0.004249685882920555,0.1381567344457532,2.6313990677396455,0.005002482900332931,0.05515034993489583,0.9795065522193909
5580.0218051709235,210,13781760,13762560,2504.5287213888587,2184.5293106492263,189,100,1.2,3.249615407150197,10.0,0.0,0.8,2.7129320210422696,10.0,0.0,-0.0038512916216859594,0.10718762558341646,2.621474380294482,0.005321835698850918,0.0671234130859375,0.9804618563503027
5651.511975901201,213,13959168,13959168,2481.571916639209,2750.140305885877,200,100,1.0,3.000000056623851,10.0,0.0,1.1,3.128897591082904,10.0,0.0,-0.003997606894699857,0.141574524071378,2.613720715045929,0.0051474096593058976,0.06694539388020833,0.9775787057975928
5711.5124594997615,215,14109952,14090240,2513.0464115728987,2184.5157261890054,200,100,1.0,3.000000056623851,10.0,0.0,1.1,3.128897591082904,10.0,0.0,-0.0027376802124005435,0.14229155370655158,2.6185552130142846,0.005475798632081326,0.06638081868489583,0.974369045967857
5771.5127062331885,217,14282752,14221312,2879.9881568442033,2184.524350080344,200,100,1.0,3.000000056623851,10.0,0.0,1.1,3.128897591082904,10.0,0.0,-0.005112328377435915,0.09814186398095141,2.6275623540083566,0.005632029664411675,0.06772867838541667,0.9828773693492016
5837.898004576564,220,14417920,14417920,2036.1134674856603,2961.6195890700515,200,100,1.0,3.000000056623851,10.0,0.0,1.1,3.128897591082904,10.0,0.0,-0.004089171698675878,0.10853993283429493,2.622110647459825,0.0032592861316516064,0.033203125,0.9772172284622986
5897.898107200861,222,14579712,14548992,2696.5287211772543,2184.529596903092,200,100,1.0,3.000000056623851,10.0,0.0,1.1,3.128897591082904,10.0,0.0,-0.004840957818184203,0.0998111239168793,2.6230229338010154,0.003894326792457529,0.053980509440104164,0.9801401539395252
5968.534662945196,225,14745600,14745600,2348.4723773965147,2783.374669506981,212,100,1.1,3.128897611674895,10.0,0.0,0.8,2.712932012683201,10.0,0.0,-0.004545647498161998,0.10253146868975212,2.629731799165408,0.006280059076137452,0.06483968098958333,0.9783599246293306
6028.534822797403,227,14893568,14876672,2466.126763069915,2184.5275133076066,212,100,1.1,3.128897611674895,10.0,0.0,0.8,2.712932012683201,10.0,0.0,-0.0030362879903501985,0.0853470855896982,2.6393744200468063,0.006453319914726308,0.08432515462239583,0.9744311310350895
6088.534831345081,229,15065600,15007744,2867.1995915349908,2184.533022121898,212,100,1.1,3.128897611674895,10.0,0.0,0.8,2.712932012683201,10.0,0.0,-0.004799747805615576,0.09219530469272286,2.6331934283177056,0.005091859660751651,0.055811564127604164,0.9779548111061256
6154.238057244569,232,15204352,15204352,2111.7988972453454,2992.3644890856554,212,100,1.1,3.128897611674895,10.0,0.0,0.8,2.712932012683201,10.0,0.0,-0.004719431012442025,0.09494840896998843,2.636410877108574,0.004742971879750257,0.053197224934895836,0.979436619207263
6214.23826446943,234,15356672,15335424,2538.657898782839,2184.52578853246,212,100,1.1,3.128897611674895,10.0,0.0,0.8,2.712932012683201,10.0,0.0,-0.005938218009153692,0.06658032458896437,2.635115126768748,0.004671557680921978,0.053680419921875,0.9831699362645546
6286.005359722301,237,15532032,15532032,2443.459629822256,2739.5284608810107,223,100,0.7,2.551470199872923,10.0,0.0,0.2,1.40000005385589,10.0,0.0,-0.0041524055680686916,0.11737751161369185,2.618148165444533,0.005053197510278551,0.05803426106770833,0.9784889022509257
6346.005495810881,239,15685120,15663104,2551.4608795885374,2184.528378510587,223,100,0.7,2.551470199872923,10.0,0.0,0.2,1.40000005385589,10.0,0.0,-0.00403376382503969,0.08519125101156533,2.624205899735292,0.004868286476266803,0.061528523763020836,0.985167745500803
6417.797543814406,242,15859712,15859712,2431.912793342079,2738.576283411608,223,100,0.7,2.551470199872923,10.0,0.0,0.2,1.40000005385589,10.0,0.0,-0.004149109173643713,0.11287166112257789,2.6296741043527923,0.006708388607269929,0.07175699869791667,0.982579721758763
6477.797732014209,244,16011776,15990784,2534.3920504652465,2184.5264812091013,223,100,0.7,2.551470199872923,10.0,0.0,0.2,1.40000005385589,10.0,0.0,-0.004428577800960435,0.06715209151540572,2.64557987699906,0.00449751900608438,0.047475179036458336,0.9832343148688475
6549.062877656892,247,16187392,16187392,2464.262135666192,2758.824081912005,223,100,0.7,2.551470199872923,10.0,0.0,0.2,1.40000005385589,10.0,0.0,-0.004603811571238717,0.08920528778495887,2.6432817553480463,0.005866705277488411,0.06369527180989583,0.9799346228440603
6609.063064316288,249,16334336,16318464,2449.0590476686357,2184.5265372932777,235,100,1.0,3.0000000937365336,10.0,0.0,0.2,1.4,10.0,0.0,-0.004757150949444622,0.07095664318573351,2.635670989751816,0.004661023351218319,0.05389404296875,0.9859016947448254
6669.063172036782,251,16507392,16449536,2884.261488432114,2184.5294113568675,235,100,1.0,3.0000000937365336,10.0,0.0,0.2,1.4,10.0,0.0,-0.005308714198084393,0.06600260645306359,2.6354627162218094,0.00418174536753213,0.05252075195312499,0.9846130373577278
6736.057235188782,254,16646144,16646144,2071.1088934132986,2934.7078046889546,235,100,1.0,3.0000000937365336,10.0,0.0,0.2,1.4,10.0,0.0,-0.0035357783344807103,0.10991302380959192,2.629334293305874,0.004524223444605013,0.053532918294270836,0.9789193539569775
6796.0776329524815,256,16800000,16777216,2563.3952078380435,2183.7909258121103,235,100,1.0,3.0000000937365336,10.0,0.0,0.2,1.4,10.0,0.0,-0.0038375331423594616,0.0976816607483973,2.628759694596132,0.004889506935190487,0.057825724283854164,0.9817273647834858
6867.04779289104,259,16973824,16973824,2449.254731150174,2770.2910655719197,247,100,1.3,3.3630344058812955,10.0,0.0,0.8,2.7129320404753634,10.0,0.0,-0.004812976401202225,0.08340898379295443,2.614875766138236,0.005377419799818502,0.06534830729166666,0.9846457168459892
6927.047919737175,261,17124608,17104896,2513.0613537980184,2184.528715016274,247,100,1.3,3.3630344058812955,10.0,0.0,0.8,2.7129320404753634,10.0,0.0,-0.0037214483018033206,0.11078495951369405,2.616854339838028,0.005034137135226047,0.068328857421875,0.9797578087697426
6987.04799390398,263,17294848,17235968,2837.329826071889,2184.530633005725,247,100,1.3,3.3630344058812955,10.0,0.0,0.8,2.7129320404753634,10.0,0.0,-0.005219068514027943,0.06906889786478132,2.6117291127641997,0.004905788854254449,0.05714925130208333,0.9885231411705414
7053.693471157923,266,17432576,17432576,2066.576843244829,2950.057649836485,247,100,1.3,3.3630344058812955,10.0,0.0,0.8,2.7129320404753634,10.0,0.0,-0.004982456676467943,0.06232585344696417,2.6301502411564193,0.00613171316520796,0.06545511881510417,0.986632193128268
7113.693996598944,268,17592064,17563648,2658.110055332322,2184.514202777125,247,100,1.3,3.3630344058812955,10.0,0.0,0.8,2.7129320404753634,10.0,0.0,-0.0060728330475588645,0.06215542155162742,2.6197828749815626,0.006502079910812124,0.0782928466796875,0.986372882500291
7184.873000098392,271,17760256,17760256,2362.9440106070556,2762.1628617141837,257,100,0.8,2.7129320404753634,10.0,0.0,0.6,2.3748684491559726,10.0,0.0,-0.005553287565514135,0.06527915400996183,2.631928230325381,0.005147086151434148,0.054941813151041664,0.9841539499660333
7244.873299608007,273,17912832,17891328,2542.9206395136507,2184.522428575485,257,100,0.8,2.7129320404753634,10.0,0.0,0.6,2.3748684491559726,10.0,0.0,-0.004828689561691135,0.06243187945801765,2.63386262456576,0.005696307387552224,0.07039896647135416,0.9842261007676522
7304.873414816335,275,18085888,18022400,2884.2611284849754,2184.5291387341827,257,100,0.8,2.7129320404753634,10.0,0.0,0.6,2.3748684491559726,10.0,0.0,-0.005394682307572414,0.0781652857743514,2.6248661751548448,0.005222453823686616,0.0603790283203125,0.9825903028249741
7371.242229161784,278,18219008,18219008,2005.7613099295604,2962.3551654344274,257,100,0.8,2.7129320404753634,10.0,0.0,0.6,2.3748684491559726,10.0,0.0,-0.0045649452464810265,0.06165675081623097,2.639641727010409,0.003713600415115555,0.044560750325520836,0.9850513674318792
7431.242363629863,280,18374400,18350080,2589.8608624397657,2184.5284375109723,257,100,0.8,2.7129320404753634,10.0,0.0,0.6,2.3748684491559726,10.0,0.0,-0.0031186383833604245,0.09442708819794159,2.6254584367076554,0.00461373446341895,0.05385843912760417,0.983770572890838
7502.5055296085775,283,18546688,18546688,2417.6304495292798,2758.9007210081527,269,100,0.6,2.374868471355376,10.0,0.0,0.5,2.179449489067881,10.0,0.0,-0.0051475182408466935,0.07100497935122499,2.6197759931286178,0.0058940739321163465,0.07064310709635416,0.9821620391060908
7562.505980364978,285,18693632,18677760,2449.0482679302886,2184.5169219169125,269,100,0.6,2.374868471355376,10.0,0.0,0.5,2.179449489067881,10.0,0.0,-0.004581630169316971,0.12485286616720259,2.6019764815767608,0.005869708575725477,0.063751220703125,0.9806128361572822
7622.511593108997,287,18871040,18808832,2956.5234298467294,2184.32899867464,269,100,0.6,2.374868471355376,10.0,0.0,0.5,2.179449489067881,10.0,0.0,-0.004141151456375761,0.06919548355896646,2.626643031835556,0.005862957887681356,0.06374104817708334,0.9819221956034502
7688.5701789706945,290,19005440,19005440,2034.5576316360118,2976.267163993252,269,100,0.6,2.374868471355376,10.0,0.0,0.5,2.179449489067881,10.0,0.0,-0.005473801133727345,0.0623776765811878,2.631575288871924,0.0035158373678617254,0.045054117838541664,0.9846351916591326
7748.579839119688,292,19165440,19136512,2666.237395825088,2184.181674659912,269,100,0.6,2.374868471355376,10.0,0.0,0.5,2.179449489067881,10.0,0.0,-0.005710743510765799,0.057623815683958426,2.6350268175204596,0.004277762678611907,0.0489044189453125,0.9818029049783945
7820.387704629451,295,19333120,19333120,2335.1202380079294,2737.973042427618,281,100,1.1,3.128897611674895,10.0,0.0,0.7,2.551470199872923,10.0,0.0,-0.006388053991637814,0.0753136314257669,2.630202502012253,0.004745286893618565,0.05057271321614583,0.9868747591972351
7880.387910401449,297,19487232,19464192,2568.524524492963,2184.525841429231,281,100,1.1,3.128897611674895,10.0,0.0,0.7,2.551470199872923,10.0,0.0,-0.004448421939741821,0.08467277492551753,2.6291028410196304,0.004590209759044228,0.059972127278645836,0.9784396650890509
7952.96470278874,300,19660800,19660800,2391.5082809638166,2708.9651324191905,281,100,1.1,3.128897611674895,10.0,0.0,0.7,2.551470199872923,10.0,0.0,-0.00453004802208549,0.08547443698626012,2.629523682097594,0.005236448613989826,0.05990091959635416,0.9805451091378928
8012.964776497334,302,19815168,19791872,2572.7968393793785,2184.5306496886265,281,100,1.1,3.128897611674895,10.0,0.0,0.7,2.551470199872923,10.0,0.0,-0.00466386856957494,0.07510853873100132,2.6228482599059744,0.005155679515761828,0.05829874674479167,0.9843283916513125
8084.07172030583,305,19988480,19988480,2437.342834853948,2764.9620342213175,292,100,1.3,3.3630343767183963,10.0,0.0,0.8,2.7129320043241325,10.0,0.0,-0.005893111922584163,0.07090731461842854,2.6220889886220293,0.004258169430613634,0.05460103352864583,0.9861708953976631
8144.0722637902945,307,20138240,20119552,2495.9773912510773,2184.513545847097,292,100,1.3,3.3630343767183963,10.0,0.0,0.8,2.7129320043241325,10.0,0.0,-0.004525148443159803,0.08200863127907117,2.622061679760615,0.004895041364458545,0.059234619140625,0.9853110983967781
8204.072278432548,309,20313600,20250624,2922.6659534264027,2184.532800225282,292,100,1.3,3.3630343767183963,10.0,0.0,0.8,2.7129320043241325,10.0,0.0,-0.005321539880242198,0.07970895788942774,2.623516539732615,0.004784962551032853,0.057993570963541664,0.9855917065093914
8270.284977093339,312,20447232,20447232,2018.2231309525625,2969.3397788727357,292,100,1.3,3.3630343767183963,10.0,0.0,0.8,2.7129320043241325,10.0,0.0,-0.004840807140377971,0.08193489734549075,2.6152127335468927,0.004644761016606935,0.04594421386718751,0.9886211516956488
8330.284998208284,314,20605696,20578304,2641.065737234019,2184.5325645619023,292,100,1.3,3.3630343767183963,10.0,0.0,0.8,2.7129320043241325,10.0,0.0,-0.0047283663880079985,0.06433941148376712,2.6295236895481744,0.0047420331720786635,0.05161539713541667,0.9892188906669617
8401.775066664442,317,20774912,20774912,2366.9861234469695,2750.1442402530597,304,100,1.3,3.3630343553699014,10.0,0.0,0.9,2.8618176174239767,10.0,0.0,-0.00638681010120005,0.0656241086544469,2.615286702911059,0.004682538175984519,0.0539398193359375,0.9913651291280985
8461.775234831497,319,20916224,20905984,2355.1933989010495,2184.5272105748863,304,100,1.3,3.3630343553699014,10.0,0.0,0.9,2.8618176174239767,10.0,0.0,-0.004197592631195827,0.08276895352173597,2.632960361739,0.005526815919438378,0.0648040771484375,0.9831900087495645
8521.777384847403,321,21096448,21037056,3003.625702616087,2184.4550564480633,304,100,1.3,3.3630343553699014,10.0,0.0,0.9,2.8618176174239767,10.0,0.0,-0.005383725663705263,0.09091081947553903,2.6396083186070123,0.005146210852520501,0.06409200032552083,0.9818251331647238
8588.655807254836,324,21233664,21233664,2051.723038023528,2939.782263436696,304,100,1.3,3.3630343553699014,10.0,0.0,0.9,2.8618176174239767,10.0,0.0,-0.0029275822865505083,0.09985100444949542,2.6193671251336736,0.004414977465179012,0.0466461181640625,0.9846025009950001
8648.656251801178,326,21385984,21364736,2538.647857556359,2184.517148014884,315,100,1.1,3.128897654506477,10.0,0.0,1.1,3.128897591082904,10.0,0.0,-0.005518426548709007,0.0593640500252756,2.628847025334835,0.004752314984216356,0.0529937744140625,0.9890304170548916
8720.852894103155,329,21561344,21561344,2428.921822520807,2723.2291382423064,315,100,1.1,3.128897654506477,10.0,0.0,1.1,3.128897591082904,10.0,0.0,-0.004291267675095393,0.14147354474213594,2.615150215725104,0.005337274064610634,0.06026713053385417,0.9780226194610198
8780.85839133896,331,21709056,21692416,2461.641129637393,2184.3332034217424,315,100,1.1,3.128897654506477,10.0,0.0,1.1,3.128897591082904,10.0,0.0,-0.005948547868077489,0.05968222012355302,2.634073110918204,0.005329386079514127,0.0513763427734375,0.9861565207441647
8840.858449360356,333,21885696,21823488,2943.9971530862363,2184.5312208408013,315,100,1.1,3.128897654506477,10.0,0.0,1.1,3.128897591082904,10.0,0.0,-0.0058044766168071265,0.06536438420880586,2.6234351893266044,0.004739089554277599,0.05955505371093751,0.9884148631244899
8906.151601016521,336,22020096,22020096,2058.4088314154524,3011.158061956319,315,100,1.1,3.128897654506477,10.0,0.0,1.1,3.128897591082904,10.0,0.0,-0.004859709125109172,0.09083428901309767,2.6137926802039146,0.003859097513365365,0.047088623046875,0.9871464471022289
8966.151912881061,338,22175488,22151168,2589.853205277025,2184.521978750967,325,100,1.0,3.000000017573554,10.0,0.0,0.6,2.3748684491559726,10.0,0.0,-0.004774644170538522,0.07327604557697973,2.598655787607034,0.004690903209848329,0.054300944010416664,0.9884235846499603
9038.307214826345,341,22347776,22347776,2387.738604858829,2724.7893737467766,325,100,1.0,3.000000017573554,10.0,0.0,0.6,2.3748684491559726,10.0,0.0,-0.006182549955459156,0.08602032971490796,2.6123524059851966,0.004494292354744781,0.051177978515625,0.9865297339856625
9098.307497840375,343,22497024,22478848,2487.454933589277,2184.5230291555918,325,100,1.0,3.000000017573554,10.0,0.0,0.6,2.3748684491559726,10.0,0.0,-0.005063502239257407,0.07677252577074493,2.628399369617303,0.0045478296354607055,0.053680419921875,0.9871551512430112
9170.44500785321,346,22675456,22675456,2473.4981837916503,2725.4614134174853,325,100,1.0,3.000000017573554,10.0,0.0,0.6,2.3748684491559726,10.0,0.0,-0.005160009791628302,0.06959372332009177,2.6187474255760512,0.004817056108246713,0.058537801106770836,0.9844063774993023
9230.445276809856,348,22835968,22806528,2675.188008173417,2184.523540964577,325,100,1.0,3.000000017573554,10.0,0.0,0.6,2.3748684491559726,10.0,0.0,-0.004735775990411639,0.05962608436432978,2.6260647177696224,0.004668351029370872,0.053131103515625,0.985920583208402
9300.906090959907,351,23003136,23003136,2372.4960038640243,2790.316892752788,336,100,1.2,3.249615441412113,10.0,0.0,0.9,2.861817635846067,10.0,0.0,-0.005180548609738859,0.11992294741018367,2.619194634258747,0.003926780066346206,0.04949951171875,0.9803015235811472
9360.906925627962,353,23145472,23134208,2372.233666205657,2184.5029444195975,336,100,1.2,3.249615441412113,10.0,0.0,0.9,2.861817635846067,10.0,0.0,-0.005244668917536425,0.05664749447411547,2.6186626901229224,0.005326041304821653,0.0612335205078125,0.9899140149354935
9420.907413613051,355,23320576,23265280,2918.3762645982924,2184.5155664829326,336,100,1.2,3.249615441412113,10.0,0.0,0.9,2.861817635846067,10.0,0.0,-0.005504216913929365,0.07071313285268843,2.624614658455054,0.005266585203571594,0.06610616048177084,0.9849665413300197
9487.77313767746,358,23461888,23461888,2113.369771691673,2940.3405519188495,336,100,1.2,3.249615441412113,10.0,0.0,0.9,2.861817635846067,10.0,0.0,-0.00552989571345582,0.08192300680093467,2.6092854614059133,0.00372182930065416,0.053644816080729164,0.9884384957452615
9547.773422513157,360,23619584,23592960,2628.2541896564676,2184.5229628313496,348,100,1.0,3.0,10.0,0.0,0.4,1.9595918327030493,10.0,0.0,-0.0050509526481619105,0.04463452158961445,2.640740804374218,0.004109140400032629,0.047465006510416664,0.9892694142957529
9619.040363788605,363,23789568,23789568,2385.1732227851585,2758.7545709322317,348,100,1.0,3.0,10.0,0.0,0.4,1.9595918327030493,10.0,0.0,-0.005287325351673644,0.06694060829856122,2.6229020307461424,0.005668824968476353,0.06109619140625,0.9879092474778493
9679.045076059178,365,23937792,23920640,2470.205995349657,2184.361778271199,348,100,1.0,3.0,10.0,0.0,0.4,1.9595918327030493,10.0,0.0,-0.005898873278056271,0.046869782129457846,2.6366333315769834,0.0041205244663918466,0.045567830403645836,0.9898693648477395
9751.900085421279,368,24117248,24117248,2463.1936989819565,2698.6202008818013,348,100,1.0,3.0,10.0,0.0,0.4,1.9595918327030493,10.0,0.0,-0.004697478506083523,0.05384056951152161,2.6269047583142915,0.0049831273966750205,0.05744425455729166,0.9887884085377058
9811.900133632123,370,24278272,24248320,2683.731176917564,2184.531578031467,359,100,1.3,3.363034383461588,10.0,0.0,0.7,2.551470179210066,10.0,0.0,-0.005053733075328637,0.07921091001480818,2.626404747366905,0.00540199491600409,0.06148783365885416,0.9832985065877439
9883.419938080013,373,24444928,24444928,2330.2077136050993,2749.0008049903477,359,100,1.3,3.363034383461588,10.0,0.0,0.7,2.551470179210066,10.0,0.0,-0.005220128165092318,0.0714818310807459,2.627584991355737,0.005272094556858065,0.063934326171875,0.9872599349667628
9943.420835021883,375,24592384,24576000,2457.5632618101868,2184.5006771646104,359,100,1.3,3.363034383461588,10.0,0.0,0.7,2.551470179210066,10.0,0.0,-0.005347538300460049,0.049910252661599465,2.627711293598016,0.003982991410036145,0.048807779947916664,0.9900236098716657
10003.426291368902,377,24771840,24707072,2990.661365229609,2184.334691865278,359,100,1.3,3.363034383461588,10.0,0.0,0.7,2.551470179210066,10.0,0.0,-0.005523440760346905,0.060589914772814765,2.62612184137106,0.004351810430307523,0.0592193603515625,0.9893498395880063
10069.101596293971,380,24903680,24903680,2007.451661631719,2993.636652685748,359,100,1.3,3.363034383461588,10.0,0.0,0.7,2.551470179210066,10.0,0.0,-0.005915136935072952,0.08663617155980319,2.6110756148894625,0.005674314418380769,0.07074483235677083,0.9886506901433071
10129.106042072177,382,25056512,25034752,2547.0112758796545,2184.371479481379,370,100,1.2,3.2496153780780466,10.0,0.0,0.4,1.9595918327030493,10.0,0.0,-0.006151291330752429,0.06344569090288132,2.6182947183648744,0.005550110321564716,0.06734720865885417,0.9909330774098636
10189.106220342219,384,25223936,25165824,2790.391709279216,2184.5268427384685,370,100,1.2,3.2496153780780466,10.0,0.0,0.4,1.9595918327030493,10.0,0.0,-0.004879028267168906,0.080989614323092,2.602487067381541,0.004667593949610212,0.05881245930989583,0.988252532357971
10255.637815561146,387,25362432,25362432,2081.657587560762,2955.1072592359797,370,100,1.2,3.2496153780780466,10.0,0.0,0.4,1.9595918327030493,10.0,0.0,-0.00647134962976755,0.07440224972863992,2.6144639129439993,0.005060187374814025,0.065155029296875,0.9876739295820395
10315.642006045207,389,25515008,25493504,2542.755743709714,2184.3807731197544,370,100,1.2,3.2496153780780466,10.0,0.0,0.4,1.9595918327030493,10.0,0.0,-0.005156811860312398,0.08475996980754037,2.629991297920545,0.004166781581564767,0.05523681640625,0.9828578736633062
10387.431063272059,392,25690112,25690112,2439.1461145209896,2738.690374199006,380,100,1.2,3.249615361854384,10.0,0.0,0.5,2.179449489067881,10.0,0.0,-0.004554188262166766,0.07120360143017024,2.6231677780548734,0.004657871031668037,0.057520548502604164,0.9850078926732143
10447.440316583961,394,25841920,25821184,2529.7431916202545,2184.196482478196,380,100,1.2,3.249615361854384,10.0,0.0,0.5,2.179449489067881,10.0,0.0,-0.0045661533052528585,0.09138750645797701,2.5986560732126236,0.0051745280561590334,0.059331258138020836,0.9881304142375787
10519.401378815994,397,26017792,26017792,2443.9883812848047,2732.1442166327947,380,100,1.2,3.249615361854384,10.0,0.0,0.5,2.179449489067881,10.0,0.0,-0.004457057497347705,0.1137163252957786,2.597707043091456,0.0063410488734613555,0.08311971028645834,0.9855501515169938
10579.417113732547,399,26165504,26148864,2461.221214826108,2183.960592705316,380,100,1.2,3.249615361854384,10.0,0.0,0.5,2.179449489067881,10.0,0.0,-0.004821198308491147,0.06237978067171449,2.6227818553646407,0.005252105325174246,0.060394287109375,0.9889696855098009
10639.41756142117,401,26344192,26279936,2978.1111122255543,2184.5170336095757,380,100,1.2,3.249615361854384,10.0,0.0,0.5,2.179449489067881,10.0,0.0,-0.005118508330876162,0.0733121382072568,2.6166944702466326,0.004688851697816669,0.05565897623697917,0.9894054979085922
10703.568990528584,404,26476544,26476544,2063.1184969924034,3064.7485603291407,391,100,1.2,3.2496154321669954,10.0,0.0,0.5,2.179449489067881,10.0,0.0,-0.005353561670441802,0.08337516065997382,2.600560580690702,0.00652292772247165,0.0749053955078125,0.9874499179422855
10763.57056010142,406,26627584,26607616,2517.2674827556284,2184.4761884252234,391,100,1.2,3.2496154321669954,10.0,0.0,0.5,2.179449489067881,10.0,0.0,-0.005977195452336067,0.05657065392006188,2.6111194690068564,0.005861124371222104,0.06709798177083334,0.9916937177379925
10823.570897916332,408,26801152,26738688,2892.7837129087334,2184.5210339369787,391,100,1.2,3.2496154321669954,10.0,0.0,0.5,2.179449489067881,10.0,0.0,-0.005975115986075252,0.0836881180681909,2.5960750182469683,0.00642930004990679,0.07012939453125,0.989073616762956
10889.373565616086,411,26935296,26935296,2038.5799647527208,2987.8423910879574,391,100,1.2,3.2496154321669954,10.0,0.0,0.5,2.179449489067881,10.0,0.0,-0.005855246061400977,0.087276369255657,2.5862392261624336,0.006136944228273933,0.08325703938802084,0.9862657083819311
10949.373885104433,413,27093760,27066368,2641.052603574508,2184.5217011795603,391,100,1.2,3.2496154321669954,10.0,0.0,0.5,2.179449489067881,10.0,0.0,-0.005961353252738869,0.048793642568246774,2.6145306080579758,0.004597091060228801,0.06176249186197917,0.9912884129832188
11020.06479999423,416,27262976,27262976,2393.7446596043706,2781.2343397521277,402,100,1.5,3.570714244936115,10.0,0.0,0.5,2.17944951325778,10.0,0.0,-0.005494655745375591,0.07988513654951628,2.5999919598301253,0.005759137939700547,0.05897013346354167,0.9882945300390323
11080.064815124497,418,27414016,27394048,2517.332698534755,2184.5327824572787,402,100,1.5,3.570714244936115,10.0,0.0,0.5,2.17944951325778,10.0,0.0,-0.006119031774384591,0.047358361131045974,2.611684866249561,0.0046922922283556545,0.04978434244791667,0.9906633477658033
11140.065291617066,420,27586304,27525120,2871.4438629722904,2184.515984906111,402,100,1.5,3.570714244936115,10.0,0.0,0.5,2.17944951325778,10.0,0.0,-0.006841183807409834,0.08842257163875425,2.6156860440969467,0.005545569620759731,0.06322733561197916,0.9851108950873216
11206.20018641837,423,27721728,27721728,2047.6935875813979,2972.83303452271,402,100,1.5,3.570714244936115,10.0,0.0,0.5,2.17944951325778,10.0,0.0,-0.004550966228028604,0.08271377937247355,2.606220841407776,0.005611130231045536,0.070892333984375,0.9858959832539161
11266.202734040096,425,27872768,27852800,2517.226450986695,2184.440581195234,413,100,1.3,3.3630344008914985,10.0,0.0,0.5,2.179449489067881,10.0,0.0,-0.0055512429219864625,0.06955315203716357,2.6043239335219064,0.0036289271380762025,0.038792928059895836,0.9910667389631271
11338.126706864685,428,28049408,28049408,2455.9266272845907,2733.5531155863273,413,100,1.3,3.3630344008914985,10.0,0.0,0.5,2.179449489067881,10.0,0.0,-0.005743510329921264,0.07686033681966364,2.6176496098438897,0.005433015006929053,0.06446329752604167,0.9876471230139335
11398.129211064428,430,28204800,28180480,2589.7585787871976,2184.4421620083117,413,100,1.3,3.3630344008914985,10.0,0.0,0.5,2.179449489067881,10.0,0.0,-0.006200667633189974,0.08317464460075523,2.6083580826719603,0.005619482776940762,0.06719462076822916,0.98716397707661
11458.139125952497,432,28374016,28311552,2819.8006998613982,2184.1724029183597,413,100,1.3,3.3630344008914985,10.0,0.0,0.5,2.179449489067881,10.0,0.0,-0.005530591205266925,0.06897502113133669,2.597254864871502,0.0062836406814312795,0.074920654296875,0.9879699107259512
11523.430747622624,435,28508160,28508160,2054.536195742483,3011.228622767608,413,100,1.3,3.3630344008914985,10.0,0.0,0.5,2.179449489067881,10.0,0.0,-0.004782586169312708,0.10568572421713421,2.6085229391853018,0.005389671326459696,0.06017557779947917,0.9858475737273693
11583.436272654682,437,28663808,28639232,2593.894477497597,2184.332191576924,425,100,1.0,3.0000000351471083,10.0,0.0,0.5,2.179449523662969,10.0,0.0,-0.005284439345511297,0.06061942807476346,2.624590295056502,0.004698685898498904,0.056355794270833336,0.9878743030130863
11643.43642494455,439,28834048,28770304,2837.326131732994,2184.5277886425456,425,100,1.0,3.0000000351471083,10.0,0.0,0.5,2.179449523662969,10.0,0.0,-0.00552745789900655,0.09637808873473357,2.60502070436875,0.005275419251726514,0.06929524739583334,0.9850889059404533
11709.389736520126,442,28966912,28966912,2014.51597843953,2981.017864049247,425,100,1.0,3.0000000351471083,10.0,0.0,0.5,2.179449523662969,10.0,0.0,-0.006569793637027033,0.05979014725501959,2.6211576238274574,0.005146666707635935,0.058695475260416664,0.9905096056560675
11769.395353883505,444,29114880,29097984,2465.9024688296145,2184.3288305203505,425,100,1.0,3.0000000351471083,10.0,0.0,0.5,2.179449523662969,10.0,0.0,-0.004774888050936473,0.0909740079465943,2.609751731157303,0.006584177105348014,0.058085123697916664,0.9869081551829975
11841.399495808408,447,29294592,29294592,2495.856421529637,2730.5095893657567,425,100,1.0,3.0000000351471083,10.0,0.0,0.5,2.179449523662969,10.0,0.0,-0.005305909629290302,0.08220892768198004,2.602861163516839,0.004936446886252573,0.054931640625,0.9873003102838992
11901.399675767869,449,29450240,29425664,2594.125552709392,2184.5267812289617,436,100,1.0,3.000000017573554,10.0,0.0,0.6,2.374868439606987,10.0,0.0,-0.00538618587597739,0.05448756956805785,2.617927183707555,0.005217029633058701,0.0591888427734375,0.9898417772104342
11972.842553908005,452,29622272,29622272,2407.965699009996,2751.960798868567,436,100,1.0,3.000000017573554,10.0,0.0,0.6,2.374868439606987,10.0,0.0,-0.005407309530710336,0.09569271828513594,2.5921218171715736,0.004436323019035626,0.052937825520833336,0.9850253152350585
12032.84280216135,454,29771008,29753344,2478.9230766508836,2184.524294742259,436,100,1.0,3.000000017573554,10.0,0.0,0.6,2.374868439606987,10.0,0.0,-0.006006817139374713,0.08962898821725199,2.5896113713582354,0.0047188585273640156,0.05854288736979167,0.9868732343117397
12104.969285527244,457,29949952,29949952,2480.9749713184783,2725.878080075238,436,100,1.0,3.000000017573554,10.0,0.0,0.6,2.374868439606987,10.0,0.0,-0.005296986050476941,0.07593105547130108,2.600857846438885,0.005414217406723765,0.06511942545572917,0.9904507901519536
12164.975130127743,459,30105600,30081024,2593.8806633963536,2184.320558649561,436,100,1.0,3.000000017573554,10.0,0.0,0.6,2.374868439606987,10.0,0.0,-0.005770406746402538,0.06298577034613118,2.6229400436083474,0.005240010360163676,0.05742899576822917,0.9894049701591333
12236.597142647952,462,30277632,30277632,2401.9431170194953,2745.0778480222803,447,100,1.2,3.2496154321669954,10.0,0.0,0.8,2.7129320404753634,10.0,0.0,-0.00457886366348248,0.07822769484482706,2.5903044268488884,0.005925216763595624,0.0662078857421875,0.9894469970216353
12296.604201085865,464,30430208,30408704,2542.634216237459,2184.276373680502,447,100,1.2,3.2496154321669954,10.0,0.0,0.8,2.7129320404753634,10.0,0.0,-0.005163226701066985,0.09011987216460207,2.609622980157534,0.0055444836755971965,0.05978902180989583,0.9869667465488116
12369.072995904833,467,30605312,30605312,2416.267587137647,2713.0022031019193,447,100,1.2,3.2496154321669954,10.0,0.0,0.8,2.7129320404753634,10.0,0.0,-0.007100960096674195,0.09954171325080098,2.593894012272358,0.005620739988444257,0.0680694580078125,0.9883458092808723
12429.074792051688,469,30759680,30736384,2572.722983528416,2184.4679395796834,447,100,1.2,3.2496154321669954,10.0,0.0,0.8,2.7129320404753634,10.0,0.0,-0.005872439724043943,0.09057494902905698,2.596905549367269,0.0051320861693966435,0.053293863932291664,0.9889748133718967
12500.482700373977,472,30932992,30932992,2427.070111307288,2753.3084866824183,459,100,1.2,3.2496153780780466,10.0,0.0,0.6,2.3748684809043614,10.0,0.0,-0.005311999457868903,0.06965645623859018,2.624638818204403,0.003528884881234262,0.04722595214843751,0.9899343543996414
12560.483080459759,474,31084288,31064064,2521.5840263627574,2184.51949492002,459,100,1.2,3.2496153780780466,10.0,0.0,0.6,2.3748684809043614,10.0,0.0,-0.004427431216754485,0.06327326745182897,2.6170638725161552,0.005984573840881542,0.06843058268229166,0.9897682865460714
12632.568380707875,477,31260672,31260672,2446.8788975406856,2727.4354039350455,459,100,1.2,3.2496153780780466,10.0,0.0,0.6,2.3748684809043614,10.0,0.0,-0.006062445921998005,0.04718070337548852,2.6168446441491446,0.0048279926334847305,0.059326171875,0.9922759030014277
12692.568694137037,479,31416064,31391744,2589.853137741693,2184.5219217854146,459,100,1.2,3.2496153780780466,10.0,0.0,0.6,2.3748684809043614,10.0,0.0,-0.007223568856716156,0.04167820467652442,2.609917300442855,0.005726542448731683,0.0626983642578125,0.9924396282682816
12763.058463204652,482,31588352,31588352,2444.156113417505,2789.1707208092776,470,100,1.2,3.2496154141287414,10.0,0.0,0.8,2.712932032116295,10.0,0.0,-0.004856553156666147,0.08005822465444605,2.5901515955726304,0.005809781612091077,0.0760650634765625,0.9903347914417585
12823.058720672503,484,31743488,31719424,2585.588904899683,2184.5239592551775,470,100,1.2,3.2496154141287414,10.0,0.0,0.8,2.712932032116295,10.0,0.0,-0.004405529667565133,0.10444124974310398,2.590304188430309,0.005479841942360507,0.06487528483072917,0.9857153929769993
12894.390626180917,487,31916032,31916032,2418.889538562063,2756.2420854831817,470,100,1.2,3.2496154141287414,10.0,0.0,0.8,2.712932032116295,10.0,0.0,-0.006339264308432273,0.06470259525425111,2.5762937764326734,0.006557479327360245,0.06683858235677083,0.9924049569914739
12954.390636570752,489,32060160,32047104,2402.1329173706035,2184.5329550510637,470,100,1.2,3.2496154141287414,10.0,0.0,0.8,2.712932032116295,10.0,0.0,-0.004538155718667744,0.10250997201850018,2.5832103937864304,0.006695500652009893,0.07750447591145833,0.9832783974707126
13014.390840606764,491,32236288,32178176,2935.4566843520647,2184.5259046340943,470,100,1.2,3.2496154141287414,10.0,0.0,0.8,2.712932032116295,10.0,0.0,-0.007366805611430513,0.06387329058876882,2.5842570265134177,0.004442515434978608,0.06361897786458333,0.9906310364603995
13080.006705705076,494,32374784,32374784,2110.709045632347,2996.348515796012,481,100,1.3,3.363034416568014,10.0,0.0,1.1,3.128897591082904,10.0,0.0,-0.005783375425380655,0.05243322550086304,2.613004823525747,0.006254590587559505,0.0682373046875,0.9885609913617374
13140.007006376982,496,32523264,32505856,2474.654265683117,2184.5223862582,481,100,1.3,3.363034416568014,10.0,0.0,1.1,3.128897591082904,10.0,0.0,-0.006396016971848439,0.10348999007449797,2.5866385822494826,0.006911408563003837,0.075408935546875,0.9857893182585638
13211.754559440538,499,32702464,32702464,2497.6461544445733,2740.2746380191893,481,100,1.3,3.363034416568014,10.0,0.0,1.1,3.128897591082904,10.0,0.0,-0.005090907133611229,0.06782004634927337,2.596753291785717,0.006573014207485055,0.08050028483072917,0.988728417083621
13271.754652628675,501,32854784,32833536,2538.6627237791795,2184.5299404620837,481,100,1.3,3.363034416568014,10.0,0.0,1.1,3.128897591082904,10.0,0.0,-0.005840499191738975,0.07975982141215354,2.598719316224257,0.005328789559522799,0.061574300130208336,0.9870022771259149
13342.994677009061,504,33030144,33030144,2461.537619129183,2759.7969218849817,492,100,1.2,3.2496153780780466,10.0,0.0,0.8,2.7129320404753634,10.0,0.0,-0.0053292321220700005,0.06334894249448553,2.6009531840682034,0.0053859280863737995,0.060943603515625,0.9912651206056277
13402.994846103713,506,33182720,33161216,2542.9261667464157,2184.52717680229,492,100,1.2,3.2496153780780466,10.0,0.0,0.8,2.7129320404753634,10.0,0.0,-0.006687304058383839,0.06250409312391034,2.622228259841601,0.005815317330416292,0.0664215087890625,0.9882595880577962
13475.474304296076,509,33357824,33357824,2415.912099332572,2712.60305889973,492,100,1.2,3.2496153780780466,10.0,0.0,0.8,2.7129320404753634,10.0,0.0,-0.0049953630126159014,0.07542103053613876,2.6050240894158683,0.005997573804658411,0.07527669270833333,0.9863416304190954
13535.474451053888,511,33512448,33488896,2577.0603632710245,2184.5279900575574,492,100,1.2,3.2496153780780466,10.0,0.0,0.8,2.7129320404753634,10.0,0.0,-0.005748821433371631,0.0639859087144335,2.5978030636906624,0.004608709830184428,0.06169637044270833,0.9906268293658893
13607.225801847875,514,33685504,33685504,2411.8849064859896,2740.1295979012425,492,100,1.2,3.2496153780780466,10.0,0.0,0.8,2.7129320404753634,10.0,0.0,-0.005021957438051079,0.08312018413562328,2.586924336850643,0.0059072061479431195,0.07255045572916667,0.9866871262590091
13667.231276364997,516,33841920,33816576,2606.6954933481675,2184.334030432507,503,100,0.8,2.7129320488344324,10.0,0.0,0.8,2.7129320404753634,10.0,0.0,-0.007173905389208812,0.0665327410097234,2.5822912007570267,0.005589468322796166,0.0670166015625,0.9911337805291016
13738.589128740132,519,34013184,34013184,2400.072231709684,2755.2398713797265,503,100,0.8,2.7129320488344324,10.0,0.0,0.8,2.7129320404753634,10.0,0.0,-0.005704530039414143,0.07656924350885674,2.601655912895997,0.005642113102415654,0.07189432779947917,0.9879167197893063
13798.589281477034,521,34164480,34144256,2521.593580993462,2184.5277723665868,503,100,0.8,2.7129320488344324,10.0,0.0,0.8,2.7129320404753634,10.0,0.0,-0.007157034184880709,0.05323794976963351,2.611480601131916,0.005609584547225192,0.06958516438802084,0.9879610172162453
13858.589358188212,523,34339840,34275328,2922.6629299847377,2184.530540368154,503,100,0.8,2.7129320488344324,10.0,0.0,0.8,2.7129320404753634,10.0,0.0,-0.006720808509271592,0.04750011089102675,2.6041063616673155,0.005787467097737438,0.06536865234375,0.9934298216054838
13923.554498432204,526,34471936,34471936,2033.3366402948059,3026.361511136455,514,100,1.4,3.469870329773337,10.0,0.0,0.8,2.7129320404753634,10.0,0.0,-0.0068729521372006275,0.06464244380670911,2.59944416085879,0.004357442996479222,0.05975341796875,0.989900857831041
13983.559748273343,528,34617344,34603008,2423.2546383018375,2184.3422091734874,514,100,1.4,3.469870329773337,10.0,0.0,0.8,2.7129320404753634,10.0,0.0,-0.006297190758535484,0.06496392268066604,2.606371618807316,0.0044875622946468265,0.06077067057291667,0.9908637472738822
14055.473681556061,531,34799616,34799616,2534.5853255366656,2733.9347331631448,514,100,1.4,3.469870329773337,10.0,0.0,0.8,2.7129320404753634,10.0,0.0,-0.007328676675873187,0.05101351232345527,2.6087687114874525,0.005027835182772833,0.05642191569010417,0.9908191083619992
14115.473992928863,533,34950912,34930688,2521.586914106965,2184.521996654427,514,100,1.4,3.469870329773337,10.0,0.0,0.8,2.7129320404753634,10.0,0.0,-0.006128951470600441,0.052705387788591906,2.6106795047720275,0.005637821533431027,0.06713358561197916,0.9905782373001177
14186.669746875763,536,35127296,35127296,2477.4511150138496,2761.5129990285,525,100,1.5,3.570714282468,10.0,0.0,0.8,2.712932012683201,10.0,0.0,-0.0050331911285563065,0.06558892491739243,2.5886697247624397,0.006521695541475007,0.07786051432291667,0.9919661389042933
14246.66998552531,538,35275008,35258368,2461.8568746495307,2184.52464440305,525,100,1.5,3.570714282468,10.0,0.0,0.8,2.712932012683201,10.0,0.0,-0.00512076003603094,0.06536782577556247,2.6144348060091334,0.00491502069295772,0.058202107747395836,0.9906714061896007
14306.671491602436,540,35449344,35389440,2905.5270675357597,2184.478500114991,525,100,1.5,3.570714282468,10.0,0.0,0.8,2.712932012683201,10.0,0.0,-0.004588201283089195,0.06507620653913666,2.6198003962635994,0.005620672334165041,0.04919433593750001,0.9903908700992664
14373.947236061096,543,35586048,35586048,2031.9953513706816,2922.420280623003,525,100,1.5,3.570714282468,10.0,0.0,0.8,2.712932012683201,10.0,0.0,-0.005119697156866701,0.0721411868968668,2.60368704299132,0.006067164912868369,0.069915771484375,0.9892636109143496
14433.947350582108,545,35740928,35717120,2581.3284063943224,2184.529163758501,525,100,1.5,3.570714282468,10.0,0.0,0.8,2.712932012683201,10.0,0.0,-0.005201058629609179,0.07147878598577033,2.597794557611148,0.00395047646573706,0.0463409423828125,0.9904209170490503
14505.079944385216,548,35913728,35913728,2429.2661178404896,2763.9650051874014,535,100,1.0,3.0,10.0,0.0,0.8,2.7129320210422696,10.0,0.0,-0.00388455344606579,0.08404477045405656,2.598983056843281,0.006843926072785203,0.07039388020833333,0.986872664342324
14565.080262411386,550,36063232,36044800,2491.720126129854,2184.5217544152147,535,100,1.0,3.0,10.0,0.0,0.8,2.7129320210422696,10.0,0.0,-0.006318762685017039,0.07870685530360788,2.587744727730751,0.006265109709299092,0.0734100341796875,0.9898609841863314
14625.08042229712,552,36240128,36175872,2948.2588102579193,2184.5275120869096,535,100,1.0,3.0,10.0,0.0,0.8,2.7129320210422696,10.0,0.0,-0.005827763697501117,0.07383353806411228,2.5661619678139687,0.00611708870807585,0.071624755859375,0.9912237444271643
14691.092470308766,555,36372480,36372480,2004.9673353059854,2978.3654033172083,535,100,1.0,3.0,10.0,0.0,0.8,2.7129320210422696,10.0,0.0,-0.0050913898448925465,0.07057388324756175,2.6173216477036476,0.004872236963516722,0.06435139973958333,0.9882266024748484
14751.092820918187,557,36523776,36503552,2521.585265140806,2184.5205681084476,535,100,1.0,3.0,10.0,0.0,0.8,2.7129320210422696,10.0,0.0,-0.0060371371667618705,0.051845436391886324,2.606185980141163,0.005092014981225172,0.055506388346354164,0.9927373640239239
14811.093340884894,559,36697600,36634624,2897.0415605806793,2184.514402087346,547,100,1.4,3.4698703738933414,10.0,0.0,0.8,2.7129320210422696,10.0,0.0,-0.005301656817512897,0.07347190302486221,2.5919249082605043,0.005688896824722178,0.059483846028645836,0.9898198843002319
14877.374746892601,562,36831232,36831232,2016.1310395929356,2966.261759401101,547,100,1.4,3.4698703738933414,10.0,0.0,0.8,2.7129320210422696,10.0,0.0,-0.006104776839492842,0.0693179644877091,2.594472177326679,0.004758230573012649,0.05636596679687499,0.9903120522697767
14937.375151360407,564,36977664,36962304,2440.516881491515,2184.5186072091883,547,100,1.4,3.4698703738933414,10.0,0.0,0.8,2.7129320210422696,10.0,0.0,-0.005576335403020494,0.1068248621498545,2.581200281778971,0.006230316570508875,0.076507568359375,0.9867327337463697
14997.385467749089,566,37154560,37093376,2947.759829397669,2184.157789655002,547,100,1.4,3.4698703738933414,10.0,0.0,0.8,2.7129320210422696,10.0,0.0,-0.007266681364853866,0.06399871901764224,2.6040585438410444,0.005401070342486492,0.057551066080729164,0.9909067743768294
15062.881574833766,569,37289984,37289984,2067.6648739583425,3001.827265028369,547,100,1.4,3.4698703738933414,10.0,0.0,0.8,2.7129320210422696,10.0,0.0,-0.005656179038245075,0.08943984964086363,2.6046953598658242,0.005374072453681341,0.06104532877604167,0.9879081609348456
15122.883352279663,571,37445376,37421056,2589.7899464747393,2184.4686204202085,558,100,1.3,3.363034364303226,10.0,0.0,0.9,2.861817635846067,10.0,0.0,-0.005737180569364378,0.1033706403298614,2.6079371670881906,0.004883664217535019,0.054250081380208336,0.9878845202426115
15182.883587868884,573,37611776,37552128,2773.322443918759,2184.5247558252377,558,100,1.3,3.363034364303226,10.0,0.0,0.9,2.861817635846067,10.0,0.0,-0.0044333783274244825,0.10008043485383193,2.600644121567408,0.004869823006326139,0.05547587076822917,0.98579285107553
15250.18862939626,576,37748736,37748736,2034.914426793616,2921.1481864999946,558,100,1.3,3.363034364303226,10.0,0.0,0.9,2.861817635846067,10.0,0.0,-0.006996240059379488,0.08784698854045322,2.597680978477001,0.005153477010026109,0.06596883138020834,0.9874652052919071
15310.18894216232,578,37904896,37879808,2602.6530996407314,2184.521945927958,558,100,1.3,3.363034364303226,10.0,0.0,0.9,2.861817635846067,10.0,0.0,-0.005195627794212972,0.13840385638953495,2.59463648746411,0.006305803239229135,0.07586669921875001,0.9802874357750019
15381.648552641273,581,38076416,38076416,2400.2369849261763,2751.316424512393,569,100,1.3,3.363034416568014,10.0,0.0,0.6,2.3748684809043614,10.0,0.0,-0.006361723256607851,0.10441647202242166,2.5946873749295873,0.005716226838558214,0.06446329752604166,0.9876115067551533
15441.648659810424,583,38226176,38207488,2495.9955417712686,2184.5294314305806,569,100,1.3,3.363034416568014,10.0,0.0,0.6,2.3748684809043614,10.0,0.0,-0.0060020321543561295,0.09032407833728939,2.584903724491596,0.006531725442376531,0.07353719075520834,0.9881761160989603
15501.648995084688,585,38401536,38338560,2922.6503351759884,2184.521126438111,569,100,1.3,3.363034416568014,10.0,0.0,0.6,2.3748684809043614,10.0,0.0,-0.007297696254681796,0.07037604421687622,2.6036422153313956,0.005777843513593932,0.06903076171875,0.9902833960950375
15566.74224469252,588,38535168,38535168,2052.9317679651226,3020.405359764778,569,100,1.3,3.363034416568014,10.0,0.0,0.6,2.3748684809043614,10.0,0.0,-0.006283497762827514,0.08060218657677372,2.5984266723195715,0.005546977217212164,0.059956868489583336,0.9893363763888676
15626.742356456816,590,38687232,38666240,2534.3952790848934,2184.529264127046,569,100,1.3,3.363034416568014,10.0,0.0,0.6,2.3748684809043614,10.0,0.0,-0.005270431628256726,0.09240869207618138,2.605180432399114,0.0038001518417634847,0.047053019205729164,0.988896236444513
15698.802712963894,593,38862848,38862848,2437.0681538711356,2728.3795075408634,580,100,1.4,3.4698703635356627,10.0,0.0,0.3,1.7058722330228158,10.0,0.0,-0.00641704808610181,0.07316857002054653,2.5893225918213525,0.0050709802811373566,0.06450398763020834,0.9895550558964412
15758.802965704352,595,39012352,38993920,2491.7228373471626,2184.5241313728548,580,100,1.4,3.4698703635356627,10.0,0.0,0.3,1.7058722330228158,10.0,0.0,-0.005470722947696535,0.06829980397985007,2.5918236697713537,0.005079868675238686,0.056966145833333336,0.9889125339686871
15818.803235052153,597,39187968,39124992,2926.9201940079947,2184.5235267231683,580,100,1.4,3.4698703635356627,10.0,0.0,0.3,1.7058722330228158,10.0,0.0,-0.006884488771902397,0.07004932238487527,2.593566258748372,0.005223623499356714,0.064422607421875,0.9916244788716236
15884.917050326243,600,39321600,39321600,2021.2416942812742,2973.7808835402657,580,100,1.4,3.4698703635356627,10.0,0.0,0.3,1.7058722330228158,10.0,0.0,-0.0065695909555264125,0.09672267009348919,2.605080746114254,0.006418210639822064,0.06839497884114583,0.9842019484688838
15944.917197924107,602,39477760,39452672,2602.6602642150597,2184.5279594723124,590,100,1.2,3.2496154321669954,10.0,0.0,0.5,2.179449489067881,10.0,0.0,-0.005064706480576811,0.07432118710130453,2.578795750935872,0.006911173949750567,0.07920328776041667,0.9910710621625185
16015.944031456485,605,39649280,39649280,2414.8619820115086,2768.0806002758786,590,100,1.2,3.2496154321669954,10.0,0.0,0.5,2.179449489067881,10.0,0.0,-0.005943686589792682,0.0840871015485997,2.597320601344108,0.0047926921300434815,0.06282552083333334,0.9899650570005178
16075.944077534601,607,39800064,39780352,2513.064736711872,2184.531655681627,590,100,1.2,3.2496154321669954,10.0,0.0,0.5,2.179449489067881,10.0,0.0,-0.0050009765473078,0.09685176591544101,2.5935226952036223,0.006395527125278022,0.07268778483072916,0.9867628452678521
16135.944520467892,609,39976192,39911424,2935.4449965614426,2184.517206743399,590,100,1.2,3.2496154321669954,10.0,0.0,0.5,2.179449489067881,10.0,0.0,-0.005929317841946613,0.09722628626817217,2.6006564075748124,0.004379617709976932,0.059275309244791664,0.9875494999190172
16201.723162868991,612,40108032,40108032,2004.2979786064552,2988.933684601471,590,100,1.2,3.2496154321669954,10.0,0.0,0.5,2.179449489067881,10.0,0.0,-0.0057717747913557105,0.09359828165421884,2.5945411423842115,0.005304532245039202,0.0637969970703125,0.9875265477846067
16261.723341241479,614,40260608,40239104,2542.925773533407,2184.526839008565,602,100,1.4,3.4698703890871836,10.0,0.0,0.5,2.179449489067881,10.0,0.0,-0.00607875024919243,0.059865223399053015,2.600263272722562,0.005722137841075892,0.0690765380859375,0.9915805552154779
16321.723710276186,616,40434944,40370176,2905.5821289891464,2184.5198972723097,602,100,1.4,3.4698703890871836,10.0,0.0,0.5,2.179449489067881,10.0,0.0,-0.007079786439135205,0.06193913697885971,2.6046098843216896,0.004251287404864949,0.051640828450520836,0.9903821796178818
16387.042942050844,619,40566784,40566784,2018.3948343855175,3009.9557918603446,602,100,1.4,3.4698703890871836,10.0,0.0,0.5,2.179449489067881,10.0,0.0,-0.006247237613327646,0.05534100388952841,2.6137367362777395,0.005812073221629058,0.07245381673177084,0.9907420153419177
16447.043110348284,621,40720896,40697856,2568.5261287271405,2184.527205827734,602,100,1.4,3.4698703890871836,10.0,0.0,0.5,2.179449489067881,10.0,0.0,-0.004750453525048215,0.10256394611982007,2.5956975867350898,0.004989044744434068,0.05908711751302083,0.987592418367664
16518.363150360063,624,40894464,40894464,2433.6497844271444,2756.700640767031,602,100,1.4,3.4698703890871836,10.0,0.0,0.5,2.179449489067881,10.0,0.0,-0.005446810332311239,0.09896280713534603,2.578756603101889,0.006255661159836261,0.07353719075520834,0.9882342647761106
16578.363268565387,626,41046784,41025536,2538.66166527793,2184.529029617311,613,100,1.4,3.4698703738933414,10.0,0.0,0.3,1.70587227722205,10.0,0.0,-0.007623173422568167,0.07790701254270971,2.5654055476188664,0.00621316474704751,0.0775146484375,0.9905594829469918
16650.3475187961,629,41222144,41222144,2436.0884420961343,2731.264121941359,613,100,1.4,3.4698703738933414,10.0,0.0,0.3,1.70587227722205,10.0,0.0,-0.0069325079263459575,0.08104340231511742,2.5693777526418367,0.006118250391712839,0.07231648763020834,0.9878245151291292
16710.34799522534,631,41370112,41353216,2466.113751188374,2184.515987211847,613,100,1.4,3.4698703738933414,10.0,0.0,0.3,1.70587227722205,10.0,0.0,-0.006925733451983735,0.06041761241309966,2.588795813421408,0.005724948438000865,0.0772857666015625,0.9926897250115871
16782.282228613272,634,41549824,41549824,2498.281993648782,2733.163206726873,613,100,1.4,3.4698703738933414,10.0,0.0,0.3,1.70587227722205,10.0,0.0,-0.004795764480756286,0.11242345743812622,2.5722022602955503,0.005976297662831105,0.06976826985677084,0.9883294136573871
16842.282244488597,636,41704192,41680896,2572.799319266261,2184.5327553305565,624,100,1.5,3.5707142677032615,10.0,0.0,0.3,1.70587227722205,10.0,0.0,-0.006978333408672673,0.10065528727136551,2.5653140942255654,0.006505589121540349,0.076629638671875,0.9891877118498087
16914.545455925167,639,41877504,41877504,2398.3434524236122,2720.720489603152,624,100,1.5,3.5707142677032615,10.0,0.0,0.3,1.70587227722205,10.0,0.0,-0.004430340156735231,0.13138052984140813,2.5741369848450026,0.005916771262491238,0.07282002766927083,0.9862511064857244
16974.545727876946,641,42029312,42008576,2530.1218654809295,2184.523431916081,624,100,1.5,3.5707142677032615,10.0,0.0,0.3,1.70587227722205,10.0,0.0,-0.005636935233875799,0.09971622476587072,2.597063926359018,0.005739912243370782,0.07424418131510417,0.9880981668829918
17046.50258041732,644,42205184,42205184,2444.131361934169,2732.304055262652,624,100,1.5,3.5707142677032615,10.0,0.0,0.3,1.70587227722205,10.0,0.0,-0.0029153405339457095,0.09131334015789132,2.591783205668132,0.005954362132494377,0.06751505533854167,0.9873993409176667
17106.50270021707,646,42360832,42336256,2594.1281537350123,2184.528971566326,624,100,1.5,3.5707142677032615,10.0,0.0,0.3,1.70587227722205,10.0,0.0,-0.0061978626472409815,0.06434140249621123,2.598060354590416,0.005717782569869693,0.0648345947265625,0.991445832575361
17177.416503600776,649,42532864,42532864,2425.9310852239983,2772.4926688274268,635,100,1.4,3.4698703232377657,10.0,0.0,0.6,2.3748684491559726,10.0,0.0,-0.006187951752508525,0.08432777220150456,2.601986696322759,0.006219610949604733,0.07010904947916667,0.9899859552582105
17237.42140443623,651,42689792,42663936,2615.253051252067,2184.3549139332113,635,100,1.4,3.4698703232377657,10.0,0.0,0.6,2.3748684491559726,10.0,0.0,-0.0052517973381327465,0.07729276863392442,2.608090239266555,0.006358087754051667,0.07370503743489583,0.9877139069139956
17308.86646484025,654,42860544,42860544,2389.9762843562257,2751.8767412077677,635,100,1.4,3.4698703232377657,10.0,0.0,0.6,2.3748684491559726,10.0,0.0,-0.005878194504475687,0.0675834781723097,2.59622893234094,0.006609700227272697,0.07324218749999999,0.9923481779793899
17368.86697731726,656,43015168,42991616,2577.0446553976517,2184.5146747741683,635,100,1.4,3.4698703232377657,10.0,0.0,0.6,2.3748684491559726,10.0,0.0,-0.005465003094286658,0.06938980422758809,2.594307189186414,0.004246390903669332,0.0489959716796875,0.9927532480408748
17440.869544163346,659,43188224,43188224,2403.4698703162053,2730.5693201225527,635,100,1.4,3.4698703232377657,10.0,0.0,0.6,2.3748684491559726,10.0,0.0,-0.005797577415554163,0.06576336481763671,2.612512891491254,0.0044376442359255934,0.05788167317708333,0.9919953228284916
17500.87290568836,661,43340032,43319296,2529.991589499776,2184.4109507991325,647,100,1.4,3.469870357000091,10.0,0.0,0.5,2.179449489067881,10.0,0.0,-0.006881018938050451,0.03904458121784652,2.6195785353581114,0.00475575487810905,0.0616455078125,0.993768443663915
17573.002140847966,664,43515904,43515904,2438.290099858052,2725.7740854308354,647,100,1.4,3.469870357000091,10.0,0.0,0.5,2.179449489067881,10.0,0.0,-0.006872971044989148,0.0706508676133429,2.5988924329479532,0.005470549262099667,0.06388854980468749,0.9912651795893908
17633.002229163423,666,43668992,43646976,2551.4629111064455,2184.530117870401,647,100,1.4,3.469870357000091,10.0,0.0,0.5,2.179449489067881,10.0,0.0,-0.008217144628967315,0.05493563991816093,2.615005562702815,0.006185148878406229,0.0724334716796875,0.9914743918925524
17704.799517627805,669,43843584,43843584,2431.7352888140454,2738.3763956146436,647,100,1.4,3.469870357000091,10.0,0.0,0.5,2.179449489067881,10.0,0.0,-0.005920457648850666,0.09429649678835024,2.6098824217915535,0.00642290885237647,0.06360880533854167,0.9868375627944866
17764.79991241172,671,43994624,43974656,2517.316770063875,2184.518959784244,647,100,1.4,3.469870357000091,10.0,0.0,0.5,2.179449489067881,10.0,0.0,-0.006002702100280051,0.08041006745770574,2.6175537084539733,0.0057305674678597525,0.05554707845052083,0.9891776492198308
17836.484210979193,674,44171264,44171264,2464.1379427565303,2742.692666720312,660,100,1.7,3.756328023348026,10.0,0.0,0.7,2.551470179210066,10.0,0.0,-0.006280512384061391,0.07218490651575848,2.6116109142700834,0.006786339945392683,0.08219401041666667,0.9908488982667526
17896.484300341457,676,44322304,44302336,2517.329584095499,2184.53007975745,660,100,1.7,3.756328023348026,10.0,0.0,0.7,2.551470179210066,10.0,0.0,-0.006050000478959797,0.08735907671507448,2.6027060225605965,0.006716711090120953,0.07611083984375,0.989174502591292
17956.484320810065,678,44497152,44433408,2914.132339196147,2184.5325880943296,660,100,1.7,3.756328023348026,10.0,0.0,0.7,2.551470179210066,10.0,0.0,-0.005887208690789217,0.07185623344654837,2.609715523819129,0.005072963849064157,0.0672149658203125,0.9906789306551218
18022.134264377877,681,44630016,44630016,2023.8250450704422,2994.7931302776483,660,100,1.7,3.756328023348026,10.0,0.0,0.7,2.551470179210066,10.0,0.0,-0.005763038385339314,0.07527469393486778,2.6042348792155585,0.0056668674866765896,0.06534830729166666,0.9904262969891231
18082.134939271957,683,44787200,44761088,2619.703866289507,2184.508761466169,671,100,1.6,3.666060564159593,10.0,0.0,0.6,2.3748684491559726,10.0,0.0,-0.006249220028015164,0.05562975147040561,2.6031496400634446,0.004858679191481011,0.05964660644531251,0.9934332103778919
18154.313077952713,686,44957696,44957696,2362.1556764452434,2723.927266531452,671,100,1.6,3.666060564159593,10.0,0.0,0.6,2.3748684491559726,10.0,0.0,-0.005634923429170159,0.1297848514514044,2.5940755332509675,0.005719836162825231,0.06852213541666666,0.9853403878708681
18214.313473841175,688,45105408,45088768,2461.850423030345,2184.518919569388,671,100,1.6,3.666060564159593,10.0,0.0,0.6,2.3748684491559726,10.0,0.0,-0.00657737900231344,0.059178634895943105,2.606403591732184,0.004891828876983102,0.0663299560546875,0.9917852257688841
18286.32482583262,691,45285376,45285376,2499.1615213859723,2730.236199750251,671,100,1.6,3.666060564159593,10.0,0.0,0.6,2.3748684491559726,10.0,0.0,-0.006559476125403307,0.06975267016484092,2.6028679137428603,0.004657458138656996,0.05962117513020834,0.9923518020659686
18346.332663508132,693,45440000,45416448,2576.7300737633377,2184.24800954773,682,100,1.4,3.4698703804289126,10.0,0.0,0.9,2.861817635846067,10.0,0.0,-0.00648926672389886,0.07332638752025862,2.606668099761009,0.006080849631568223,0.06584676106770834,0.9916705619543791
18418.503278156742,696,45613056,45613056,2397.873439800782,2724.211245217456,682,100,1.4,3.4698703804289126,10.0,0.0,0.9,2.861817635846067,10.0,0.0,-0.004997810627780078,0.08864207127286743,2.6110561663905782,0.004215041903080419,0.05886332194010417,0.9883790606011947
18478.50327817723,698,45765120,45744128,2534.3999991345404,2184.533332587348,682,100,1.4,3.4698703804289126,10.0,0.0,0.9,2.861817635846067,10.0,0.0,-0.006062230129221764,0.09276512678479776,2.5969589427113533,0.007302374312833611,0.08477274576822916,0.989480979119738
18550.882508095354,701,45940736,45940736,2426.3314240654736,2716.3593785456032,682,100,1.4,3.4698703804289126,10.0,0.0,0.9,2.861817635846067,10.0,0.0,-0.00681356949886928,0.06116287996216367,2.598280747731527,0.005694368826273907,0.06579081217447916,0.9932159831126531
18610.88362436369,703,46098176,46071808,2623.951182772957,2184.4926919996,682,100,1.4,3.4698703804289126,10.0,0.0,0.9,2.861817635846067,10.0,0.0,-0.005834260904521216,0.08546678232960403,2.60762619972229,0.004950649557940778,0.0650177001953125,0.9891026280820369
18681.69524299167,706,46268416,46268416,2404.1252452423355,2776.4935163099453,692,100,1.2,3.2496154483906574,10.0,0.0,0.7,2.551470199872923,10.0,0.0,-0.005407119751907885,0.08098777348641306,2.6131152485807734,0.005125904744393969,0.054392496744791664,0.9896914648512999
18741.695405313745,708,46422528,46399488,2568.526384524495,2184.527423382959,692,100,1.2,3.2496154483906574,10.0,0.0,0.7,2.551470199872923,10.0,0.0,-0.005926159681015027,0.06623928834839414,2.614895929892858,0.0056155902275349945,0.05436706542968749,0.9911080350478491
18813.54090168141,711,46596096,46596096,2415.850801722918,2736.5389612436593,692,100,1.2,3.2496154483906574,10.0,0.0,0.7,2.551470199872923,10.0,0.0,-0.006479731523237812,0.11624081556995708,2.591906060775121,0.007392696694902649,0.06427001953125,0.9882463316122692
18873.54327776283,713,46744832,46727168,2478.835168096816,2184.446826274647,692,100,1.2,3.2496154483906574,10.0,0.0,0.7,2.551470199872923,10.0,0.0,-0.005515208569704555,0.07187209402521452,2.6161393771568937,0.006953784237339278,0.072723388671875,0.9894399748494228
18945.40472013876,716,46923776,46923776,2490.125359074923,2735.93172499219,703,100,1.8,3.8418746206206844,10.0,0.0,0.8,2.7129319932501073,10.0,0.0,-0.006765323305444326,0.07946753123542294,2.6046086102724075,0.005001325443420987,0.05283101399739583,0.9907326915611824
19005.40482967347,718,47063296,47054848,2325.3290882625192,2184.529345303504,703,100,1.8,3.8418746206206844,10.0,0.0,0.8,2.7129319932501073,10.0,0.0,-0.0061782092695163255,0.09328257092662776,2.586205869913101,0.005837286282864321,0.059717814127604164,0.9889584016054869
19065.404918776825,720,47246336,47185920,3050.66213626276,2184.530089183963,703,100,1.8,3.8418746206206844,10.0,0.0,0.8,2.7129319932501073,10.0,0.0,-0.006141560309818791,0.06335015338845551,2.6086620315909386,0.005568621150208249,0.06483968098958333,0.9912506888310114
19131.417305469513,723,47382528,47382528,2063.1279495168724,2978.3501226108233,703,100,1.8,3.8418746206206844,10.0,0.0,0.8,2.7129319932501073,10.0,0.0,-0.006334411625478726,0.05839324987027794,2.6334123089909554,0.0048341325242896955,0.060099283854166664,0.9837665992478529
19191.419605949894,725,47538944,47513600,2606.8333838490803,2184.4495786100315,703,100,1.8,3.8418746206206844,10.0,0.0,0.8,2.7129319932501073,10.0,0.0,-0.008898952066374477,0.06054695779069637,2.600491799414158,0.00492388932495184,0.063995361328125,0.9927629257241884
19263.958198428154,728,47710208,47710208,2361.0052821376057,2710.39171402344,715,100,1.5,3.570714290881744,10.0,0.0,0.8,2.7129320210422696,10.0,0.0,-0.006388449837686494,0.0730145475633132,2.5857556636134786,0.005452839002828114,0.0648651123046875,0.9909590482711793
19323.958748465404,730,47866624,47841280,2606.909435045059,2184.513307271801,715,100,1.5,3.570714290881744,10.0,0.0,0.8,2.7129320210422696,10.0,0.0,-0.005236708554245221,0.07500650002233063,2.576810874044895,0.00541722701867305,0.06788126627604166,0.9908414365102848
19395.065956300125,733,48037888,48037888,2408.532203909352,2764.951767716566,715,100,1.5,3.570714290881744,10.0,0.0,0.8,2.7129320210422696,10.0,0.0,-0.006695858050079551,0.050224274067052946,2.60773191601038,0.005610049861085524,0.0633087158203125,0.9918320930252473
19455.07544150576,735,48194304,48168960,2606.5212768282695,2184.188042121234,715,100,1.5,3.570714290881744,10.0,0.0,0.8,2.7129320210422696,10.0,0.0,-0.006590402326158559,0.08627194010963042,2.6084007819493613,0.0047386164800021415,0.0605316162109375,0.9874980021268129
19525.239597748965,738,48365568,48365568,2440.9044328326227,2802.1145058526968,726,100,0.9,2.8618176437702565,10.0,0.0,0.7,2.5514701909848765,10.0,0.0,-0.006299935220643723,0.07345257959483813,2.5981291035811105,0.005906407078631067,0.06682840983072917,0.9905645779023567
19585.240558277816,740,48516864,48496640,2521.5596328204047,2184.498362104987,726,100,0.9,2.8618176437702565,10.0,0.0,0.7,2.5514701909848765,10.0,0.0,-0.005502838321262971,0.09652753868916382,2.5825230305393534,0.00471749192668843,0.05266825358072917,0.9885933473706245
19657.810434414074,743,48693248,48693248,2430.540182662278,2709.2233095567917,726,100,0.9,2.8618176437702565,10.0,0.0,0.7,2.5514701909848765,10.0,0.0,-0.005059597972528233,0.09397629194427282,2.588877414663633,0.006105134344276545,0.07086181640625,0.9824475223819416
19717.810463808477,745,48846592,48824320,2555.7320812630164,2184.5322631163012,726,100,0.9,2.8618176437702565,10.0,0.0,0.7,2.5514701909848765,10.0,0.0,-0.00647638320272866,0.05944625259144232,2.6053993006547294,0.0048789643727407865,0.05614725748697917,0.9908012685676416
19789.273267017677,748,49020928,49020928,2439.534865287163,2751.1935044648185,737,100,1.3,3.363034383461588,10.0,0.0,0.7,2.5514701909848765,10.0,0.0,-0.005906226183772863,0.0699491776370754,2.583219528198242,0.005914690552041671,0.06999715169270833,0.990874116619428
19849.27346433699,750,49174784,49152000,2564.258233705412,2184.5261491799847,737,100,1.3,3.363034383461588,10.0,0.0,0.7,2.5514701909848765,10.0,0.0,-0.006974647973644702,0.06999799521872774,2.590908738474051,0.005028348752603051,0.06312052408854166,0.9891925162325302
19921.76166702062,753,49348608,49348608,2397.96261411873,2712.275828635029,737,100,1.3,3.363034383461588,10.0,0.0,0.7,2.5514701909848765,10.0,0.0,-0.005194891008917088,0.08057181793265045,2.585741303861141,0.0056016964851248,0.07534281412760417,0.9910940496871868
19981.762185344473,755,49499648,49479680,2517.3115869559583,2184.5144619007638,737,100,1.3,3.363034383461588,10.0,0.0,0.7,2.5514701909848765,10.0,0.0,-0.00742580463095995,0.06421290955040604,2.6179809669653573,0.006114875983257661,0.0651397705078125,0.9890454579144716
20053.669023726135,758,49676288,49676288,2456.511841925804,2734.2044849261124,737,100,1.3,3.363034383461588,10.0,0.0,0.7,2.5514701909848765,10.0,0.0,-0.006557263758926032,0.08503890897069748,2.602039155860742,0.004706440300045263,0.051706949869791664,0.9882630202919245
20113.669229732826,760,49827584,49807360,2521.591342255198,2184.525832884368,747,100,1.4,3.4698703804289126,10.0,0.0,0.7,2.5514701703220197,10.0,0.0,-0.006057760889234487,0.06799998468098542,2.612324853738149,0.006598147840122692,0.07306416829427084,0.9875694643706084
20185.903983077034,763,50003968,50003968,2441.8163257166157,2721.792363062933,747,100,1.4,3.4698703804289126,10.0,0.0,0.7,2.5514701703220197,10.0,0.0,-0.007183562406377556,0.08408041269285604,2.6062199225028353,0.00599232739720416,0.07242329915364584,0.9883293565362693
20245.908400109038,765,50158336,50135040,2572.610611609937,2184.3725259440926,747,100,1.4,3.4698703804289126,10.0,0.0,0.7,2.5514701703220197,10.0,0.0,-0.007108421157075403,0.059571658979014806,2.5928715815146766,0.004747399985111163,0.0623931884765625,0.9919935756673416
20316.961265783757,768,50331648,50331648,2439.197889546415,2767.066438953688,747,100,1.4,3.4698703804289126,10.0,0.0,0.7,2.5514701703220197,10.0,0.0,-0.0054393216802661,0.09979195850125204,2.6040227760871253,0.006217845971453547,0.0717620849609375,0.9862494847426811
20376.96178247966,770,50482176,50462720,2508.7783954080783,2184.51452117166,758,100,1.6,3.6660606257242745,10.0,0.0,0.8,2.712932012683201,10.0,0.0,-0.0050261173576776254,0.07963468274101615,2.5916683425505953,0.005452308486686282,0.06114705403645833,0.9904920117308695
20449.228872228414,773,50659328,50659328,2451.350962324475,2720.574478417914,758,100,1.6,3.6660606257242745,10.0,0.0,0.8,2.712932012683201,10.0,0.0,-0.006339437806066902,0.09163658437319099,2.6021494269371037,0.005959749647445278,0.0672760009765625,0.9882699257383745
20509.228981841356,775,50808576,50790400,2487.4621223659883,2184.5293424552074,758,100,1.6,3.6660606257242745,10.0,0.0,0.8,2.712932012683201,10.0,0.0,-0.006627058605469453,0.07009197496032962,2.611451394855976,0.0051093159830391715,0.06214396158854167,0.9904107768088579
20580.8907645382,778,50987008,50987008,2489.918521212846,2743.5544107481574,758,100,1.6,3.6660606257242745,10.0,0.0,0.8,2.712932012683201,10.0,0.0,-0.005106346994580235,0.07706122610640401,2.625062788526217,0.004963312986243787,0.051732381184895836,0.9875696922341982
20640.906924065202,780,51145984,51118080,2648.8865874276757,2183.9451413252336,758,100,1.6,3.6660606257242745,10.0,0.0,0.8,2.712932012683201,10.0,0.0,-0.006303598386390756,0.05091129468443493,2.618566525479158,0.006029434264443504,0.06419372558593749,0.9920468156536421
20713.233336228877,783,51314688,51314688,2332.5365513530865,2718.3430522597423,769,100,1.6,3.6660606257242745,10.0,0.0,0.7,2.551470208760969,10.0,0.0,-0.006154934936300075,0.07562609302112833,2.5978579024473825,0.00557644666514534,0.06630452473958333,0.9907372867067654
20773.233926719055,785,51468800,51445760,2568.5080553537177,2184.5118344536604,769,100,1.6,3.6660606257242745,10.0,0.0,0.7,2.551470208760969,10.0,0.0,-0.005585089046993137,0.06920651406593,2.6138518204291663,0.006311643176862465,0.0702362060546875,0.9895062713573376
20833.23407044448,787,51638784,51576832,2833.059880287744,2184.5281004628387,769,100,1.6,3.6660606257242745,10.0,0.0,0.7,2.551470208760969,10.0,0.0,-0.005992265745589975,0.07899675848117718,2.589553001026313,0.0054421327859017765,0.0633697509765625,0.9892434167365233
20898.23086520657,790,51773440,51773440,2071.7329291834512,3024.887622838195,769,100,1.6,3.6660606257242745,10.0,0.0,0.7,2.551470208760969,10.0,0.0,-0.008351500138815027,0.06036318477708846,2.602320611476898,0.005632570084344479,0.0725860595703125,0.9919123103221258
20958.232192432508,792,51932672,51904512,2653.807963287258,2184.4850115805084,780,100,1.8,3.8418746496008214,10.0,0.0,0.9,2.8618176174239767,10.0,0.0,-0.004904098449818169,0.08040780717662226,2.5703258017698927,0.00577378833986586,0.06989034016927083,0.9917464535683392
21030.564712025225,795,52101120,52101120,2328.8003922506796,2718.113527733316,780,100,1.8,3.8418746496008214,10.0,0.0,0.9,2.8618176174239767,10.0,0.0,-0.005930071056354791,0.11238450673408806,2.5762604797879853,0.006658342230366543,0.07672627766927083,0.9870015904307365
21090.56482520327,797,52252672,52232192,2525.861902131485,2184.529212654257,780,100,1.8,3.8418746496008214,10.0,0.0,0.9,2.8618176174239767,10.0,0.0,-0.005566344620698753,0.09864887839648874,2.597574713329474,0.007137923657258701,0.06017557779947917,0.9861203009883562
21162.247491581365,800,52428800,52428800,2457.0514588701167,2742.7551168782697,780,100,1.8,3.8418746496008214,10.0,0.0,0.9,2.8618176174239767,10.0,0.0,-0.008424430760593776,0.042432345411119364,2.609032342831294,0.005529941288235325,0.0606536865234375,0.9918242711573839
21222.247525287792,802,52585728,52559872,2615.4651973669042,2184.532106120481,780,100,1.8,3.8418746496008214,10.0,0.0,0.9,2.8618176174239767,10.0,0.0,-0.005474294169592516,0.11266957401918869,2.586181285480658,0.004484704122660332,0.055821736653645836,0.9873674393941958
21294.318690164015,805,52756480,52756480,2369.2138221056243,2727.970337896731,792,100,1.2,3.2496154321669954,10.0,0.0,0.8,2.7129321052644095,10.0,0.0,-0.0074228445858655805,0.06791732865773761,2.589802903433641,0.007051091334991118,0.061930338541666664,0.9915727954357862
21354.318937027827,807,52901632,52887552,2419.1900464920445,2184.524345333204,792,100,1.2,3.2496154321669954,10.0,0.0,0.8,2.7129321052644095,10.0,0.0,-0.0047952682386191246,0.08621765102725476,2.6043096284071603,0.007695317923207767,0.07857767740885417,0.9881533427784841
21414.319260440767,809,53073664,53018624,2867.1845452569496,2184.521558291009,792,100,1.2,3.2496154321669954,10.0,0.0,0.8,2.7129321052644095,10.0,0.0,-0.00669262484734645,0.05826436386754116,2.5984606444835663,0.005147612094636618,0.059514363606770836,0.9922276406238476
21479.774993741885,812,53215232,53215232,2162.805194599843,3003.678823603399,792,100,1.2,3.2496154321669954,10.0,0.0,0.8,2.7129321052644095,10.0,0.0,-0.004890941204697204,0.08772471079525228,2.5958617900808654,0.005396792626925162,0.064849853515625,0.9874771436055502
21539.775271022692,814,53372928,53346304,2628.2545205910706,2184.5232378938767,802,100,1.3,3.363034383461588,10.0,0.0,0.5,2.179449523662969,10.0,0.0,-0.005647736240158944,0.06963113493596514,2.586969514687856,0.007034609153682444,0.06793212890625,0.9895743516584238
21611.286432556808,817,53542912,53542912,2377.027534630466,2749.333052102708,802,100,1.3,3.363034383461588,10.0,0.0,0.5,2.179449523662969,10.0,0.0,-0.007359732560871634,0.08112581305128212,2.594115806122621,0.005623974846457714,0.05814107259114583,0.9909876342862846
21671.286612853408,819,53695232,53673984,2538.65903814012,2184.5267689541874,802,100,1.3,3.363034383461588,10.0,0.0,0.5,2.179449523662969,10.0,0.0,-0.004956665135978256,0.08243951086963837,2.607719101011753,0.004240233265591087,0.045338948567708336,0.9861396594593922
21743.13387523219,822,53870592,53870592,2440.733219249108,2736.471696909949,802,100,1.3,3.363034383461588,10.0,0.0,0.5,2.179449523662969,10.0,0.0,-0.005305736044344182,0.09058129465362677,2.598720711966356,0.005878941950262136,0.06695048014322917,0.9873490563283365
21803.13394076936,824,54028800,54001664,2636.7971198630003,2184.5309472004146,802,100,1.3,3.363034383461588,10.0,0.0,0.5,2.179449523662969,10.0,0.0,-0.005986453114019241,0.08042731710399191,2.591480289896329,0.0052385586774713975,0.05643717447916667,0.9910307644555966
21874.44474964775,827,54198272,54198272,2376.526120871867,2757.057493700293,813,100,1.8,3.841874603124195,10.0,0.0,0.7,2.551470199872923,10.0,0.0,-0.007502495604664243,0.06903775992880885,2.5582837363084154,0.0062515156150766416,0.0771942138671875,0.9930351705600818
21934.451991433278,829,54352128,54329344,2563.957206196903,2184.2696997883763,813,100,1.8,3.841874603124195,10.0,0.0,0.7,2.551470199872923,10.0,0.0,-0.004267076074029319,0.10268490730474393,2.577726711829503,0.006769621300312186,0.07769266764322916,0.9884555581957102
21994.46399509348,831,54522880,54460416,2845.297433607221,2184.0963808199363,813,100,1.8,3.841874603124195,10.0,0.0,0.7,2.551470199872923,10.0,0.0,-0.005985538253298728,0.06984969892073423,2.581712546447913,0.006054502072705266,0.06891377766927083,0.9927026064445574
22060.7396261245,834,54657024,54657024,2024.0320297699095,2966.5202268383405,813,100,1.8,3.841874603124195,10.0,0.0,0.7,2.551470199872923,10.0,0.0,-0.007402898879566541,0.07945404095031942,2.5946968123316765,0.0042962624496188555,0.06207275390625001,0.9910374364505211
22120.73996773176,836,54806016,54788096,2483.1858620947874,2184.5208958634553,813,100,1.8,3.841874603124195,10.0,0.0,0.7,2.551470199872923,10.0,0.0,-0.005844935745699331,0.09105205178881685,2.5680184190471964,0.005076782787000411,0.06757609049479166,0.9895875385651985
22191.61342148669,839,54984704,54984704,2521.2260801889606,2774.071102557481,825,100,1.5,3.570714259700854,10.0,0.0,0.5,2.1794494786626912,10.0,0.0,-0.005132789357351915,0.07367030389529343,2.5818246255318322,0.006067156609788071,0.06827799479166667,0.9918815096219381
22251.613590216264,841,55138304,55115776,2559.9928008917764,2184.5271900943158,825,100,1.5,3.570714259700854,10.0,0.0,0.5,2.1794494786626912,10.0,0.0,-0.0054009891343109,0.10324201317659269,2.573638175924619,0.007614967446594771,0.0651092529296875,0.9896129084130127
22323.14171632193,844,55312384,55312384,2433.7279539916553,2748.6809833317516,825,100,1.5,3.570714259700854,10.0,0.0,0.5,2.1794494786626912,10.0,0.0,-0.004934676626968818,0.09878591143448527,2.5960380161801977,0.006751406854770418,0.0647125244140625,0.989099374661843
22383.142198182642,846,55466496,55443456,2568.5127055773078,2184.515789461099,825,100,1.5,3.570714259700854,10.0,0.0,0.5,2.1794494786626912,10.0,0.0,-0.006260655472336414,0.08097476089218011,2.5755181312561035,0.0055577063030796126,0.066741943359375,0.9916133514295021
22454.47526351735,849,55640064,55640064,2433.20540321081,2756.1972708936605,837,100,1.6,3.6660606043100397,10.0,0.0,0.8,2.7129320404753634,10.0,0.0,-0.007304770333576015,0.07349481561686844,2.5864494492610297,0.005427804238327857,0.07187906901041666,0.9913295370837053
22514.475393729284,851,55789056,55771136,2483.1946109737682,2184.5285924717687,837,100,1.6,3.6660606043100397,10.0,0.0,0.8,2.7129320404753634,10.0,0.0,-0.007930244821181986,0.06226072126689056,2.5854836081465082,0.004998836357117398,0.06256612141927083,0.9929662713160117
22587.012173246592,854,55967744,55967744,2463.4123707872027,2710.4594566827673,837,100,1.6,3.6660606043100397,10.0,0.0,0.8,2.7129320404753634,10.0,0.0,-0.006056480856689935,0.08045217123193046,2.5925337523221965,0.005957503189468602,0.07293192545572916,0.9902166513105233
22647.012362988666,856,56123136,56098816,2589.85847658138,2184.5264250571113,837,100,1.6,3.6660606043100397,10.0,0.0,0.8,2.7129320404753634,10.0,0.0,-0.00587267132505076,0.08933881877843912,2.5904307266076403,0.0056924845515216775,0.0578765869140625,0.9901781473308802
22718.994563519955,859,56295424,56295424,2393.4805928183655,2731.3418949249694,837,100,1.6,3.6660606043100397,10.0,0.0,0.8,2.7129320404753634,10.0,0.0,-0.005262623892728394,0.08227632338336358,2.5887897834181786,0.005078206850763915,0.060780843098958336,0.9894316457211971
22778.994917726144,861,56450048,56426496,2577.0514532070765,2184.5204371556674,848,100,1.9,3.9230091011793875,10.0,0.0,0.7,2.5514701909848765,10.0,0.0,-0.00583509463952699,0.07840993907302618,2.5748717611034713,0.006191973963723285,0.0662994384765625,0.9920161087065935
22851.134340615943,864,56623104,56623104,2398.9102361459504,2725.3891440238017,848,100,1.9,3.9230091011793875,10.0,0.0,0.7,2.5514701909848765,10.0,0.0,-0.006311137774900999,0.05911023045579592,2.607833574215571,0.005208193614331928,0.0594635009765625,0.9921586606651545
22911.1344369594,866,56769792,56754176,2444.796074331547,2184.5298255807193,848,100,1.9,3.9230091011793875,10.0,0.0,0.7,2.5514701909848765,10.0,0.0,-0.006360801239983023,0.07026272018750508,2.5911162545283637,0.005081625369712128,0.05931599934895833,0.9921182872106632
22983.654448380694,869,56950784,56950784,2495.7525026927656,2711.086169827502,848,100,1.9,3.9230091011793875,10.0,0.0,0.7,2.5514701909848765,10.0,0.0,-0.005296125195551819,0.12729792553000152,2.5878442525863647,0.006837962420225571,0.07574462890625,0.9859294972072045
23043.65520106256,871,57106688,57081856,2598.367404266214,2184.5059293666695,848,100,1.9,3.9230091011793875,10.0,0.0,0.7,2.5514701909848765,10.0,0.0,-0.004714169352761624,0.09665219695307314,2.608569860458374,0.004889362201235296,0.053319295247395836,0.9881340619176626
23115.844452587888,874,57278464,57278464,2379.5232166901255,2723.507943991083,861,100,1.7,3.756328023348026,10.0,0.0,0.7,2.551470199872923,10.0,0.0,-0.007546437069928895,0.05015985099210714,2.6012145926555,0.004901625840526927,0.06226094563802084,0.9938431127617756
23175.844934640452,876,57424128,57409536,2427.713828572046,2184.5157824760768,861,100,1.7,3.756328023348026,10.0,0.0,0.7,2.551470199872923,10.0,0.0,-0.005668514170489894,0.07259500395351401,2.5992651705940566,0.0051987515241004685,0.06464131673177083,0.9899222279588381
23235.845171427354,878,57601024,57540608,2948.255031530415,2184.5247122193528,861,100,1.7,3.756328023348026,10.0,0.0,0.7,2.551470199872923,10.0,0.0,-0.004921530412199596,0.09604750020662323,2.6024991398056345,0.00598071439708292,0.065277099609375,0.9870815270890793
23301.54502428323,881,57737216,57737216,2072.942237766659,2992.5181176781844,861,100,1.7,3.756328023348026,10.0,0.0,0.7,2.551470199872923,10.0,0.0,-0.006534091509820429,0.08640532211090128,2.5443477034568787,0.008931849343449963,0.08672078450520834,0.991806543742617
23361.545468945056,883,57893376,57868288,2602.647378367743,2184.517143810302,861,100,1.7,3.756328023348026,10.0,0.0,0.7,2.551470199872923,10.0,0.0,-0.007181286843357762,0.06997642101487145,2.5991481964786844,0.005631178835149815,0.05786641438802083,0.9911695029586554
23432.686467064545,886,58064896,58064896,2410.9866959121823,2763.6384812844117,872,100,1.8,3.8418745960302654,10.0,0.0,0.6,2.3748684174075834,10.0,0.0,-0.007628811217728071,0.07481319356399277,2.607587516307831,0.004727872868291646,0.050557454427083336,0.9882166335980097
23492.69603361748,888,58212864,58195968,2465.7401894324803,2184.1850812965918,872,100,1.8,3.8418745960302654,10.0,0.0,0.6,2.3748684174075834,10.0,0.0,-0.006248667503920539,0.08540006129381558,2.5919617464145026,0.005421792549896054,0.06753031412760417,0.9875599592924118
23552.696400728077,890,58387200,58327040,2905.5822221663548,2184.5199673262464,872,100,1.8,3.8418745960302654,10.0,0.0,0.6,2.3748684174075834,10.0,0.0,-0.0060170368633407625,0.0639566847239621,2.599587266643842,0.004869033519450265,0.0564727783203125,0.9911292549222707
23618.530523536727,893,58523648,58523648,2072.6029933837244,2986.4148197348977,872,100,1.8,3.8418745960302654,10.0,0.0,0.6,2.3748684174075834,10.0,0.0,-0.006880991730819612,0.08485156142463286,2.552120722830296,0.00553316990165816,0.06824747721354166,0.9909358297785122
23678.536576757208,895,58669056,58654720,2423.2221950296635,2184.3129645337813,872,100,1.8,3.8418745960302654,10.0,0.0,0.6,2.3748684174075834,10.0,0.0,-0.006462705568992534,0.06074080224304149,2.584909774363041,0.005774094267811355,0.07115681966145833,0.9921396287779013
23738.550848839805,897,58844160,58785792,2917.7059709898035,2184.013826237982,884,100,2.2,4.142463156941033,10.0,0.0,0.9,2.861817635846067,10.0,0.0,-0.005752989075214524,0.0782166282297112,2.6041073401769,0.005332433686514075,0.0521392822265625,0.9894839643190304
23806.71071112342,900,58982400,58982400,2028.1731119815809,2884.512870373804,884,100,2.2,4.142463156941033,10.0,0.0,0.9,2.861817635846067,10.0,0.0,-0.0070852059676932795,0.09271228338669364,2.6023150235414505,0.0060503056586943185,0.06021626790364583,0.9878418240696192
23866.711310463026,902,59129344,59113472,2449.042203200247,2184.5115122622415,884,100,2.2,4.142463156941033,10.0,0.0,0.9,2.861817635846067,10.0,0.0,-0.007137509882644129,0.06775747953603664,2.5940723593036332,0.005626180759766915,0.06667582194010417,0.9919606484472752
23938.597494905815,905,59310080,59310080,2514.1965928632826,2734.990061358358,884,100,2.2,4.142463156941033,10.0,0.0,0.9,2.861817635846067,10.0,0.0,-0.007947549706538362,0.05207363469526172,2.614112180968126,0.005310750631906559,0.05755615234375,0.9922001243879398
23998.597716592252,907,59466752,59441152,2611.1903522418766,2184.5252620062756,895,100,1.7,3.756328023348026,10.0,0.0,0.9,2.8618176174239767,10.0,0.0,-0.0068719258342753164,0.040202512725954875,2.6251842106382055,0.005565981444912419,0.05730692545572917,0.9936347578962644
24070.093393113464,910,59637760,59637760,2391.86491156936,2749.9285210857315,895,100,1.7,3.756328023348026,10.0,0.0,0.9,2.8618176174239767,10.0,0.0,-0.006739364194800147,0.0794153882889077,2.6058548241853714,0.00509122393305006,0.06372578938802083,0.9887646219382684
24130.103541752324,912,59790336,59768832,2542.503284206163,2184.163895156972,895,100,1.7,3.756328023348026,10.0,0.0,0.9,2.8618176174239767,10.0,0.0,-0.006694041995312244,0.12282738570744793,2.590885050594807,0.005671808306336364,0.057902018229166664,0.9858476457496484
24190.10393103212,914,59964160,59899904,2897.0478706298513,2184.5191601803886,895,100,1.7,3.756328023348026,10.0,0.0,0.9,2.8618176174239767,10.0,0.0,-0.0067743047669258285,0.05128907544227938,2.617698572576046,0.005079572191486173,0.057881673177083336,0.9918181964506706
24254.809476532042,917,60096512,60096512,2045.450648432628,3038.5030909018533,895,100,1.7,3.756328023348026,10.0,0.0,0.9,2.8618176174239767,10.0,0.0,-0.006529892360655746,0.08489882554082821,2.588451772928238,0.0059276497158862185,0.06563313802083334,0.9911684555311998
24314.8132069055,919,60250368,60227584,2564.1072487063057,2184.39752302434,906,100,1.9,3.9230091295601657,10.0,0.0,1.3,3.363034364303226,10.0,0.0,-0.004990117726265454,0.05743842222727835,2.604699030518532,0.005360864672790437,0.06284077962239583,0.9929120584080616
24386.929174976423,922,60424192,60424192,2410.3399656099514,2726.275542840122,906,100,1.9,3.9230091295601657,10.0,0.0,1.3,3.363034364303226,10.0,0.0,-0.005977694078562005,0.07352583550770457,2.596078706284364,0.006639306115175713,0.0650482177734375,0.9909960236400366
24446.929292540997,924,60573184,60555264,2483.1951344037025,2184.5290529462127,906,100,1.9,3.9230091295601657,10.0,0.0,1.3,3.363034364303226,10.0,0.0,-0.0054243529836336775,0.09955810918472707,2.5752268383900327,0.005161460378076298,0.0595855712890625,0.989536236350735
24506.940959842876,926,60747520,60686336,2905.0351013084314,2184.108622422785,906,100,1.9,3.9230091295601657,10.0,0.0,1.3,3.363034364303226,10.0,0.0,-0.005892851181367101,0.08646826808884119,2.590295895934105,0.006982267185473272,0.07411702473958334,0.9886784721165895
24573.37553853169,929,60882944,60882944,2038.4565187706933,2959.42269643836,906,100,1.9,3.9230091295601657,10.0,0.0,1.3,3.363034364303226,10.0,0.0,-0.00762088618891236,0.09153505240101367,2.558976011971633,0.00705746627257516,0.08265177408854166,0.9909450815369686
24633.375757617876,931,61039872,61014016,2615.457116491301,2184.5253566778892,917,100,1.5,3.570714276117006,10.0,0.0,0.7,2.551470179210066,10.0,0.0,-0.005379299516789614,0.08675383594042312,2.590868259469668,0.007222788105233728,0.07667032877604166,0.9885768915216128
24693.375823561102,933,61208576,61145088,2811.7302430906084,2184.530932416376,917,100,1.5,3.570714276117006,10.0,0.0,0.7,2.551470179210066,10.0,0.0,-0.005135658439636852,0.08169105253182352,2.590568924943606,0.006269898854952771,0.07080586751302083,0.9886933881789447
24759.44536203891,936,61341696,61341696,2014.8468275544712,2975.77377608045,917,100,1.5,3.570714276117006,10.0,0.0,0.7,2.551470179210066,10.0,0.0,-0.006388117290043738,0.0636948572161297,2.597381003201008,0.0063381735423414885,0.06639607747395833,0.9927330116430918
24819.44568436779,938,61495552,61472768,2564.2528911206077,2184.5215977599855,917,100,1.5,3.570714276117006,10.0,0.0,0.7,2.551470179210066,10.0,0.0,-0.007402476355006608,0.08424056895698111,2.5850995853543286,0.00823861936502605,0.06806437174479167,0.9905903202792008
24890.299571208656,941,61669376,61669376,2453.274022784406,2774.8371863010657,917,100,1.5,3.570714276117006,10.0,0.0,0.7,2.551470179210066,10.0,0.0,-0.007579434835254991,0.058508203423116356,2.5693891048431396,0.007545640951623985,0.08875528971354167,0.9932756001750628
24950.299992911518,943,61817088,61800448,2461.8493638512996,2184.5179797086057,929,100,1.7,3.7563280529881564,10.0,0.0,0.7,2.5514701909848765,10.0,0.0,-0.005657120561712267,0.129726523727489,2.581196315586567,0.007704147236533268,0.08184814453124999,0.9858097316076357
25022.620883008465,946,61997056,61997056,2488.4649478006895,2718.5506115375956,929,100,1.7,3.7563280529881564,10.0,0.0,0.7,2.5514701909848765,10.0,0.0,-0.00567097371337392,0.06921152824846406,2.5748261660337453,0.005685637719579972,0.074432373046875,0.9928015619516374
25082.621048016474,948,62156800,62128128,2662.3926780647735,2184.527325591609,929,100,1.7,3.7563280529881564,10.0,0.0,0.7,2.5514701909848765,10.0,0.0,-0.006285571413172875,0.0781442581404311,2.595824072758357,0.005913427148091917,0.06631978352864583,0.990659965823094
25153.484661906958,951,62324736,62324736,2369.848089592726,2774.456300010996,929,100,1.7,3.7563280529881564,10.0,0.0,0.7,2.5514701909848765,10.0,0.0,-0.003366254895809107,0.08226148741474996,2.5865359033147497,0.006300444729276934,0.0758819580078125,0.9903893911590179
25213.484665241092,953,62476288,62455808,2525.866526307008,2184.533211941196,941,100,1.8,3.8418746168468347,10.0,0.0,0.9,2.8618176094997874,10.0,0.0,-0.0065280297518863035,0.08323816466145217,2.583865945537885,0.007690693222684786,0.08185831705729166,0.991131292656064
25273.485398380086,955,62651648,62586880,2922.630955088059,2184.5066408833377,941,100,1.8,3.8418746168468347,10.0,0.0,0.9,2.8618176094997874,10.0,0.0,-0.004137165339974065,0.09007352866077176,2.590125319858392,0.0048879878334749565,0.06075541178385417,0.9894253748158615
25340.062822099775,958,62783488,62783488,1980.2508513259029,2953.0731142102786,941,100,1.8,3.8418746168468347,10.0,0.0,0.9,2.8618176094997874,10.0,0.0,-0.006324969709870251,0.09393503206471603,2.5905173445741334,0.006739866468706167,0.0667877197265625,0.9880902078002691
25400.071745503694,960,62935552,62914560,2534.023131467641,2184.2084904232865,941,100,1.8,3.8418746168468347,10.0,0.0,0.9,2.8618176094997874,10.0,0.0,-0.006048988718248438,0.07198516015584269,2.5945574988921485,0.006001136271758393,0.06323750813802083,0.9930478936682146
25471.381519315764,963,63111168,63111168,2462.719913581801,2757.0975125813748,941,100,1.8,3.8418746168468347,10.0,0.0,0.9,2.8618176094997874,10.0,0.0,-0.006884127273224294,0.057478974786742285,2.5901570891340575,0.006656237626278501,0.07497151692708333,0.9932924558719
25531.396347805858,965,63267072,63242240,2597.7579861906142,2183.9935778811073,953,100,1.5,3.5707143152768115,10.0,0.0,0.7,2.5514701703220197,10.0,0.0,-0.003040644784050528,0.10499047833339621,2.578530080616474,0.005778439558222695,0.05904642740885416,0.9907970459510883
25591.3965412993,967,63438080,63373312,2850.1241419945536,2184.526288474867,953,100,1.5,3.5707143152768115,10.0,0.0,0.7,2.5514701703220197,10.0,0.0,-0.005409080278089581,0.11979705219467482,2.5861406177282333,0.005152145447330743,0.048283894856770836,0.9892782686899105
25657.12317406945,970,63569920,63569920,2005.8839840624519,2991.298834485365,953,100,1.5,3.5707143152768115,10.0,0.0,0.7,2.5514701703220197,10.0,0.0,-0.006298663807683624,0.13303840816176185,2.5773394753535586,0.00524359995991593,0.0590667724609375,0.9877706474314134
25717.12320830673,972,63718144,63700992,2470.3985903378425,2184.5320867927035,953,100,1.5,3.5707143152768115,10.0,0.0,0.7,2.5514701703220197,10.0,0.0,-0.006630248239768358,0.09734671310676882,2.5618975410858793,0.006268610442930367,0.06569417317708334,0.9904989233861368
25777.123428829014,974,63896832,63832064,2978.122387627459,2184.5253043914886,953,100,1.5,3.5707143152768115,10.0,0.0,0.7,2.5514701703220197,10.0,0.0,-0.006780618559181068,0.054250232041037336,2.5928907940785093,0.005241538856959475,0.06778462727864583,0.9933737237006426
25841.89834490791,977,64028672,64028672,2035.3557824670886,3035.249011523736,965,100,1.4,3.469870329773337,10.0,0.0,0.7,2.551470199872923,10.0,0.0,-0.006832015855858723,0.08317935608405,2.5897412250439324,0.006167999616081943,0.0587921142578125,0.9919745971759161
25901.898704752326,979,64176128,64159744,2457.5852608611017,2184.520231876535,965,100,1.4,3.469870329773337,10.0,0.0,0.7,2.551470199872923,10.0,0.0,-0.0035602118684134134,0.09673923684749754,2.5938190345962844,0.003995544340796187,0.040868123372395836,0.989772904664278
25961.899085940793,981,64347136,64290816,2850.115226149096,2184.5194547729598,965,100,1.4,3.469870329773337,10.0,0.0,0.7,2.551470199872923,10.0,0.0,-0.00432515338131149,0.08241824572905898,2.593815103173256,0.006283174153092356,0.06610616048177084,0.9918209798634053
26028.93006761186,984,64487424,64487424,2092.882969973829,2933.0914615691618,965,100,1.4,3.469870329773337,10.0,0.0,0.7,2.551470199872923,10.0,0.0,-0.006027947279411213,0.07206612074514851,2.596437265475591,0.00464209137984047,0.06386311848958333,0.9922172185033559
26088.953873956576,986,64646144,64618496,2644.2841543315053,2183.666914544727,965,100,1.4,3.469870329773337,10.0,0.0,0.7,2.551470199872923,10.0,0.0,-0.007406846838421188,0.07087079709162936,2.602301480869452,0.005616051839145561,0.06289164225260416,0.9921176321804523
26160.583599567413,989,64815104,64815104,2358.7972529443405,2744.782257971596,965,100,1.4,3.469870329773337,10.0,0.0,0.7,2.551470199872923,10.0,0.0,-0.005066598282913523,0.09075783911005904,2.58861443400383,0.004184283534414135,0.054804484049479164,0.9901811766127746
26220.58360589668,991,64966144,64946176,2517.333067785397,2184.5331028917344,976,100,1.5,3.570714266051848,10.0,0.0,0.9,2.8618176279218774,10.0,0.0,-0.005274562941243251,0.13507769937859848,2.594675319890181,0.004617445788729431,0.055211385091145836,0.9858168841650089
26280.583884049207,993,65139968,65077248,2897.053236288767,2184.5232061558895,976,100,1.5,3.570714266051848,10.0,0.0,0.9,2.8618176279218774,10.0,0.0,-0.00655573450300532,0.0884715896487857,2.582426406443119,0.005516673168434257,0.06859842936197917,0.9917835077891748
26346.566317098215,996,65273856,65273856,2029.1461501662889,2979.7021860950476,976,100,1.5,3.570714266051848,10.0,0.0,0.9,2.8618176279218774,10.0,0.0,-0.0061408359082027655,0.0811449767400821,2.617368819812934,0.0053372860838862834,0.05535380045572917,0.9904603591809671
26406.566466664895,998,65424896,65404928,2517.327058195816,2184.5278877902674,976,100,1.5,3.570714266051848,10.0,0.0,0.9,2.8618176279218774,10.0,0.0,-0.005174679863557685,0.09131811431143431,2.583776014546553,0.006797380020240477,0.07111612955729167,0.9902616826196511
26478.9454629533,1001,65601536,65601536,2440.48700670225,2716.36814659033,976,100,1.5,3.570714266051848,10.0,0.0,0.9,2.8618176279218774,10.0,0.0,-0.005635144538246096,0.09418153782219937,2.605319964389006,0.004964447203747113,0.049825032552083336,0.9891161608199279
26538.94820242375,1003,65755648,65732608,2568.416065001355,2184.433596811784,989,100,1.9,3.923009112425533,10.0,0.0,0.9,2.8618176279218774,10.0,0.0,-0.004960004909662531,0.10819560269980383,2.577135816216469,0.003927305335916269,0.04813639322916667,0.989756206671397
26610.87123179622,1006,65929216,65929216,2413.246515259271,2733.58897303705,989,100,1.9,3.923009112425533,10.0,0.0,0.9,2.8618176279218774,10.0,0.0,-0.007078632375244827,0.0702873991879945,2.5865360721945763,0.0056564912247267785,0.07171122233072917,0.9914159892747799
26670.87142054923,1008,66083584,66060288,2572.791906296443,2184.5264610676263,989,100,1.9,3.923009112425533,10.0,0.0,0.9,2.8618176279218774,10.0,0.0,-0.004519991706426178,0.11455522303003818,2.5824029395977655,0.004940799093067956,0.05581156412760417,0.9855853728950024
26742.620213065296,1011,66256896,66256896,2415.53890905116,2740.227300075762,989,100,1.9,3.923009112425533,10.0,0.0,0.9,2.8618176279218774,10.0,0.0,-0.006508127808046993,0.07601963398822893,2.595474824309349,0.004904638197937554,0.0556488037109375,0.9908435524751743
26802.62027174048,1013,66414336,66387968,2623.997433941092,2184.5311970371367,1002,100,1.6,3.6660605961151185,10.0,0.0,1.1,3.128897598330692,10.0,0.0,-0.004244886673404835,0.07049649076846738,2.623741080363591,0.005763492811335406,0.06193542480468751,0.98857592108349
26874.111698487774,1016,66584576,66584576,2381.264548010266,2750.0919892810293,1002,100,1.6,3.6660605961151185,10.0,0.0,1.1,3.128897598330692,10.0,0.0,-0.006571135328461727,0.06603355342910314,2.597474671900273,0.004972510286582596,0.062230428059895836,0.9922518152743577
26934.112454339862,1018,66733568,66715648,2483.1687181956445,2184.5058139453095,1002,100,1.6,3.6660605961151185,10.0,0.0,1.1,3.128897598330692,10.0,0.0,-0.007771975803431511,0.06019169053373237,2.6165356636047363,0.005376946757678525,0.06251017252604167,0.990227460861206
26994.112758096308,1020,66910464,66846720,2948.2517408255057,2184.522273954644,1002,100,1.6,3.6660605961151185,10.0,0.0,1.1,3.128897598330692,10.0,0.0,-0.004093155412798902,0.08100240167307979,2.6026899392406144,0.005794017834584035,0.06435648600260417,0.9896070615698894
27059.84814940393,1023,67043328,67043328,2021.1943270898894,2990.900275924923,1002,100,1.6,3.6660605961151185,10.0,0.0,1.1,3.128897598330692,10.0,0.0,-0.006827730581183763,0.09536255170435956,2.584415932496389,0.005411908692622092,0.068695068359375,0.9886322313298781
27119.848401417956,1025,67198464,67174400,2585.589139921186,2184.5241578212,1012,100,1.8,3.8418745807727688,10.0,0.0,0.9,2.861817635846067,10.0,0.0,-0.006177843228215352,0.06788670050445944,2.5688531969984374,0.006333987219477422,0.07642110188802083,0.9915710544834534
27191.419267904013,1028,67371008,67371008,2410.813344471838,2747.039537914498,1012,100,1.8,3.8418745807727688,10.0,0.0,0.9,2.861817635846067,10.0,0.0,-0.004331349070222738,0.08224293874809518,2.6201371923089027,0.007119234514902929,0.0701904296875,0.9869705444822708
27251.42982403934,1030,67518208,67502080,2452.901780614349,2184.14906378182,1012,100,1.8,3.8418745807727688,10.0,0.0,0.9,2.861817635846067,10.0,0.0,-0.006636140060436447,0.06993219506694004,2.5839791446924214,0.005358119937227456,0.062311808268229164,0.9918022956699133
27323.515962893143,1033,67698688,67698688,2503.6713419486728,2727.4036746334477,1012,100,1.8,3.8418745807727688,10.0,0.0,0.9,2.861817635846067,10.0,0.0,-0.004482399589808968,0.08988643340611209,2.5882091571887336,0.005163677742530126,0.061177571614583336,0.9904217571020126
27383.51635385491,1035,67851008,67829760,2538.6501247477227,2184.5190989425782,1012,100,1.8,3.8418745807727688,10.0,0.0,0.9,2.861817635846067,10.0,0.0,-0.0044085352662174655,0.10592246366043885,2.593443396190802,0.005684392879023411,0.06845601399739583,0.9890520342936119
27455.33458634466,1038,68026368,68026368,2441.7197962234472,2737.577815327894,1024,100,1.8,3.841874567050129,10.0,0.0,0.6,2.3748684491559726,10.0,0.0,-0.004290977827622555,0.08367839509931704,2.609362425903479,0.004537766402791021,0.053980509440104164,0.9865288926909367
27515.336274772882,1040,68176896,68157440,2508.7294031745246,2184.4718612676133,1024,100,1.8,3.841874567050129,10.0,0.0,0.6,2.3748684491559726,10.0,0.0,-0.0061718934593955055,0.07724056078586727,2.594750506182512,0.005771265192985689,0.0621490478515625,0.9906886499375105
27588.022165302187,1043,68354048,68354048,2437.2267947735704,2704.89910171402,1024,100,1.8,3.841874567050129,10.0,0.0,0.6,2.3748684491559726,10.0,0.0,-0.004913653055458175,0.0898360941403856,2.589298995832602,0.005103655959222427,0.04485066731770833,0.9908509018520514
27648.022255605087,1045,68513280,68485120,2653.8626724750975,2184.5300455100482,1024,100,1.8,3.841874567050129,10.0,0.0,0.6,2.3748684491559726,10.0,0.0,-0.006477082667212623,0.056919455450649054,2.589913214246432,0.00443395374956405,0.055379231770833336,0.993247306595246
27718.642094884068,1048,68681728,68681728,2385.2787222377037,2784.0335238275934,1035,100,1.7,3.75632811307339,10.0,0.0,0.7,2.5514701703220197,10.0,0.0,-0.006574041617568582,0.05687286279862747,2.580597048004468,0.0055616060611403855,0.05795288085937501,0.994002193833391
27778.64737093076,1050,68834048,68812800,2538.4434508970785,2184.3412552257214,1035,100,1.7,3.75632811307339,10.0,0.0,0.7,2.5514701703220197,10.0,0.0,-0.005653628427050232,0.1014101444161497,2.590492573877176,0.006010552236451379,0.061594645182291664,0.9866958719988664
27851.062751801684,1053,69009408,69009408,2421.5849988080563,2715.0033271307843,1035,100,1.7,3.75632811307339,10.0,0.0,0.7,2.5514701703220197,10.0,0.0,-0.006138510803187576,0.10638009066072604,2.572327993810177,0.0053986337643436855,0.06178283691406249,0.9891604750106732
27911.062965491787,1055,69164544,69140480,2585.5907914139966,2184.5255531418584,1035,100,1.7,3.75632811307339,10.0,0.0,0.7,2.5514701703220197,10.0,0.0,-0.006335967850948994,0.08383685453251626,2.5912601103385287,0.0049251811469730455,0.055450439453125,0.990480882426103
27982.47542368807,1058,69337088,69337088,2416.161050299517,2753.13306621666,1035,100,1.7,3.75632811307339,10.0,0.0,0.7,2.5514701703220197,10.0,0.0,-0.005599230130125458,0.09483438627406333,2.6185839821894965,0.005930304000382118,0.059148152669270836,0.9867273475974798
28042.4755326733,1060,69492480,69468160,2589.861962388292,2184.5293653093995,1047,100,1.7,3.7563280841757654,10.0,0.0,0.8,2.7129320210422696,10.0,0.0,-0.005449140538985375,0.10961489705368876,2.6052455827593803,0.00642254750164284,0.06857808430989584,0.9876876895626385
28114.356917470694,1063,69664768,69664768,2396.8375189990147,2735.1726814134377,1047,100,1.7,3.7563280841757654,10.0,0.0,0.8,2.7129320210422696,10.0,0.0,-0.0062306898592699635,0.06359837155711527,2.609877079725266,0.005859201162214352,0.0633087158203125,0.9915118881811698
28174.357058487833,1065,69819136,69795840,2572.7939531992934,2184.5281990680564,1047,100,1.7,3.7563280841757654,10.0,0.0,0.8,2.7129320210422696,10.0,0.0,-0.005330140362881745,0.09961217292584479,2.588135346770287,0.006015151227378131,0.07873026529947917,0.9896256855378549
28245.195858553052,1068,69992448,69992448,2446.5688272590196,2775.4281526365244,1047,100,1.7,3.7563280841757654,10.0,0.0,0.8,2.7129320210422696,10.0,0.0,-0.006331797286596459,0.07491535298565093,2.606137615938981,0.005794078238371488,0.07157389322916667,0.9904563327630361
28305.196087827906,1070,70145792,70123520,2555.723567280868,2184.524985722545,1047,100,1.7,3.7563280841757654,10.0,0.0,0.8,2.7129320210422696,10.0,0.0,-0.006328802883217577,0.07245308197646712,2.592679778734843,0.004672370164674551,0.06130981445312501,0.991283039872845
28365.205183748156,1072,70319872,70254592,2900.8935617251555,2184.2022111812935,1058,100,2.0,4.000000081884663,10.0,0.0,0.9,2.8618176437702565,10.0,0.0,-0.004767878800824596,0.0667137503817988,2.5895912821094194,0.0054930654399261885,0.05821736653645833,0.9921769425272942
28430.851679753512,1075,70451200,70451200,2000.5332803945014,2994.950408075979,1058,100,2.0,4.000000081884663,10.0,0.0,0.9,2.8618176437702565,10.0,0.0,-0.005196856591889325,0.12426728848367931,2.576643566290538,0.005503747004089139,0.06252034505208333,0.987134172891577
28490.851828383282,1077,70600960,70582272,2495.9938170168975,2184.5279219019685,1058,100,2.0,4.000000081884663,10.0,0.0,0.9,2.8618176437702565,10.0,0.0,-0.007315924371747921,0.08706303978882109,2.574368469417095,0.005875561445160808,0.07378641764322917,0.9909602229793867
28550.852162521333,1079,70777088,70713344,2935.450319239208,2184.5211678059222,1058,100,2.0,4.000000081884663,10.0,0.0,0.9,2.8618176437702565,10.0,0.0,-0.004556916421279311,0.07403450342826545,2.6099924171964326,0.003745301239177934,0.049433390299479164,0.9902525829772154
28616.418110681698,1082,70909952,70909952,2026.4177324948168,2998.6297082004226,1070,100,1.4,3.469870357000091,10.0,0.0,0.9,2.8618176094997874,10.0,0.0,-0.006850280444875049,0.12902176411201555,2.5832803895076113,0.007058255318649269,0.08386739095052084,0.9867982616027196
28676.418264809996,1084,71062016,71041024,2534.3934896374094,2184.527721707666,1070,100,1.4,3.469870357000091,10.0,0.0,0.9,2.8618176094997874,10.0,0.0,-0.006123755362447506,0.08370233641471714,2.6173822755614915,0.004320068348533823,0.05377197265625,0.9871206233898798
28748.865366593003,1087,71237632,71237632,2424.0583222501123,2713.814564851438,1070,100,1.4,3.469870357000091,10.0,0.0,0.9,2.8618176094997874,10.0,0.0,-0.007591519875859375,0.05646326649002731,2.6127325519919395,0.004762073392460783,0.0507049560546875,0.9909505459169548
28808.865998316556,1089,71389952,71368704,2538.6399380226453,2184.5103332228477,1070,100,1.4,3.469870357000091,10.0,0.0,0.9,2.8618176094997874,10.0,0.0,-0.00520888548635412,0.07348739070584998,2.5852376321951547,0.004843052103145358,0.0618743896484375,0.9912663797537485
28880.74156058207,1092,71565312,71565312,2439.772218437792,2735.3942536645613,1070,100,1.4,3.469870357000091,10.0,0.0,0.9,2.8618176094997874,10.0,0.0,-0.006376457417597218,0.10804550407920034,2.557410391668479,0.005894624979191576,0.07358296712239583,0.988989886517326
28940.741567991674,1094,71718912,71696384,2559.999683857003,2184.533063557976,1081,100,1.8,3.8418746109440955,10.0,0.0,0.9,2.861817635846067,10.0,0.0,-0.00752571773773525,0.059005992681098476,2.5864553054173784,0.004614114854120999,0.06246439615885417,0.993023702253898
29012.725652111694,1097,71892992,71892992,2418.312355127746,2731.270424614866,1081,100,1.8,3.8418746109440955,10.0,0.0,0.9,2.861817635846067,10.0,0.0,-0.0058887864627952995,0.059704459757388875,2.576655462384224,0.004883550600425224,0.06519063313802083,0.9932674628992876
29072.726639328524,1099,72036608,72024064,2393.5606172779067,2184.4973904568415,1081,100,1.8,3.8418746109440955,10.0,0.0,0.9,2.861817635846067,10.0,0.0,-0.005319222080288455,0.09217055363114923,2.592537802954515,0.005693034142192725,0.0604400634765625,0.9886315707117319
29132.727415829897,1101,72217600,72155136,3016.494294800668,2184.5050621470186,1081,100,1.8,3.8418746109440955,10.0,0.0,0.9,2.861817635846067,10.0,0.0,-0.007736634630418848,0.06572123139631003,2.5930896128217378,0.005948633233856526,0.07448832194010416,0.9910969982544581
29198.929144851863,1104,72351744,72351744,2026.2914878777494,2969.8317990269306,1092,100,2.2,4.142463134545658,10.0,0.0,1.2,3.2496154321669954,10.0,0.0,-0.007002218517300207,0.05178178346250206,2.6166412929693856,0.005204307609043704,0.06522623697916667,0.9922762388984363
29258.93146312423,1106,72505088,72482816,2555.6345890491957,2184.448930873436,1092,100,2.2,4.142463134545658,10.0,0.0,1.2,3.2496154321669954,10.0,0.0,-0.00572007279212509,0.07947202306240797,2.58304875344038,0.0050206959604111034,0.062174479166666664,0.9910547075172266
29330.42574204132,1109,72679424,72679424,2438.460848065549,2749.982277994628,1092,100,2.2,4.142463134545658,10.0,0.0,1.2,3.2496154321669954,10.0,0.0,-0.007803777094522957,0.07651709260729452,2.5748001883427305,0.006407801871925282,0.07573445638020833,0.9913556091487408
29390.425753109157,1111,72833536,72810496,2568.532859531596,2184.5329303657427,1092,100,2.2,4.142463134545658,10.0,0.0,1.2,3.2496154321669954,10.0,0.0,-0.006835287138528657,0.062168680209045604,2.595174173514048,0.005668954956490779,0.0649871826171875,0.992336101209124
29462.39326567948,1114,73007104,73007104,2411.7548849614836,2731.899338717433,1092,100,2.2,4.142463134545658,10.0,0.0,1.2,3.2496154321669954,10.0,0.0,-0.006862687929242384,0.05399659640776615,2.601148953040441,0.005431981444417033,0.062103271484375,0.9930529768268267
29522.40583529696,1116,73153024,73138176,2431.4906182170453,2184.075783380925,1102,100,1.7,3.756328023348026,10.0,0.0,0.8,2.712932012683201,10.0,0.0,-0.004786843952994483,0.09456794943738107,2.5881254747509956,0.006473796550684105,0.06921895345052083,0.9864433289815983
29582.4063462317,1118,73330432,73269248,2956.7748213504087,2184.5147309255544,1102,100,1.7,3.756328023348026,10.0,0.0,0.8,2.712932012683201,10.0,0.0,-0.003935050344201348,0.10937328694853932,2.5759483203291893,0.005044572668339242,0.0561981201171875,0.9883476495742799
29650.196059681475,1121,73465856,73465856,1997.7072199948523,2900.263033943377,1102,100,1.7,3.756328023348026,10.0,0.0,0.8,2.712932012683201,10.0,0.0,-0.007003140252588006,0.05931277963100001,2.5936623016993203,0.006949211376801638,0.07387797037760416,0.9924822480728229
29710.196308169514,1123,73618944,73596928,2551.4560998946286,2184.5242861974075,1102,100,1.7,3.756328023348026,10.0,0.0,0.8,2.712932012683201,10.0,0.0,-0.004360027164996912,0.11466061036723356,2.584675458570321,0.006225304614417837,0.057769775390625,0.9882010358075302
29781.573360176757,1126,73793536,73793536,2446.05226876396,2754.4987425377144,1102,100,1.7,3.756328023348026,10.0,0.0,0.8,2.712932012683201,10.0,0.0,-0.006737141632280934,0.06318265861288333,2.562079593539238,0.006517171660258707,0.070831298828125,0.9936446578552326
29841.573821149766,1128,73947136,73924608,2559.98033196937,2184.5165499471955,1114,100,1.8,3.8418745807727688,10.0,0.0,0.8,2.712932032116295,10.0,0.0,-0.005902240993843104,0.059722221010209374,2.5854056676228843,0.004947296512909816,0.057505289713541664,0.9934661791970333
29901.573847172782,1130,74119424,74055680,2871.4654212635196,2184.532385864669,1114,100,1.8,3.8418745807727688,10.0,0.0,0.8,2.712932032116295,10.0,0.0,-0.006044625644184029,0.050607849863202624,2.586023057500521,0.005508992916171944,0.060089111328125,0.9930946081876756
29967.66208580695,1133,74252288,74252288,2010.403102668049,2974.931758861391,1114,100,1.8,3.8418745807727688,10.0,0.0,0.8,2.712932032116295,10.0,0.0,-0.0078003254360131296,0.058239469362888485,2.5852939834197364,0.005799720639818891,0.0728759765625,0.9925033009300629
30027.663809344172,1135,74407424,74383360,2585.525729169475,2184.4705830606786,1114,100,1.8,3.8418745807727688,10.0,0.0,0.8,2.712932032116295,10.0,0.0,-0.007821698141924571,0.05734387649378428,2.6041809022426605,0.00590080936611533,0.06354777018229166,0.9922316502779722
30099.019054451957,1138,74579968,74579968,2418.0983435676744,2755.340545786312,1114,100,1.8,3.8418745807727688,10.0,0.0,0.8,2.712932032116295,10.0,0.0,-0.006579877677722833,0.08872671654292692,2.5849835177262626,0.007279354883697428,0.0680999755859375,0.9898691717535257
30159.019708253443,1140,74734848,74711040,2581.3052056470165,2184.509529407062,1126,100,2.0,4.000000051452839,10.0,0.0,0.5,2.179449523662969,10.0,0.0,-0.007050524708271647,0.07668750911640625,2.573123022913933,0.006053625766071491,0.0724029541015625,0.9925271086394788
30230.77384789847,1143,74907648,74907648,2408.2234259216093,2740.0230979374755,1126,100,2.0,4.000000051452839,10.0,0.0,0.5,2.179449523662969,10.0,0.0,-0.005841760329834263,0.10644491366110742,2.590901243189971,0.00448406931051674,0.046717325846354164,0.988784900556008
30290.778255730867,1145,75058688,75038720,2517.1484138611377,2184.3728608422075,1126,100,2.0,4.000000051452839,10.0,0.0,0.5,2.179449523662969,10.0,0.0,-0.005275798898461896,0.09502671156466627,2.5766309325893717,0.00604277229164533,0.07036336263020833,0.990066663051645
30362.50173354149,1148,75235328,75235328,2462.7918973254536,2741.194459631809,1126,100,2.0,4.000000051452839,10.0,0.0,0.5,2.179449523662969,10.0,0.0,-0.006243762140608548,0.053834480893177286,2.6092176362872124,0.0044245351940238225,0.05147298177083333,0.9931955250600975
30422.501926759258,1150,75388928,75366400,2559.9917560683925,2184.526298511695,1138,100,1.6,3.666060602300937,10.0,0.0,1.1,3.1288975742333074,10.0,0.0,-0.0053076081070078844,0.10318778245709836,2.5751450260480246,0.005975020710441944,0.06976826985677083,0.9904285774876673
30494.71010801196,1153,75563008,75563008,2410.8071548123007,2722.793963082128,1138,100,1.6,3.666060602300937,10.0,0.0,1.1,3.1288975742333074,10.0,0.0,-0.0044337541379112135,0.08030604082159698,2.6044266348083815,0.006665946590146632,0.07219950358072917,0.9901969799151022
30554.71918042004,1155,75715840,75694080,2546.8149042647337,2184.2030669741102,1138,100,1.6,3.666060602300937,10.0,0.0,1.1,3.1288975742333074,10.0,0.0,-0.007598877113196068,0.07659994209340462,2.6027738774816194,0.004550671802159437,0.051396687825520836,0.9898478457083304
30627.135757353157,1158,75890688,75890688,2414.4747985187205,2714.9584850108013,1138,100,1.6,3.666060602300937,10.0,0.0,1.1,3.1288975742333074,10.0,0.0,-0.006275041191353618,0.0814389695491021,2.604471164445082,0.004560625115118455,0.05348714192708333,0.9898716794947783
30687.14560437575,1160,76043264,76021760,2542.5160631147232,2184.174873011306,1148,100,2.3,4.2083250785854895,10.0,0.0,0.6,2.3748684491559726,10.0,0.0,-0.004123225983979258,0.08705621366001044,2.588560901582241,0.004843454335059506,0.0570068359375,0.9910442866384983
30759.441293576732,1163,76218368,76218368,2422.053125646397,2719.4982463398137,1148,100,2.3,4.2083250785854895,10.0,0.0,0.6,2.3748684491559726,10.0,0.0,-0.0064754798004287295,0.08778273545127983,2.6028505812088647,0.005817381242498717,0.06483968098958334,0.9885163716971874
30819.442367872223,1165,76365056,76349440,2444.756226823483,2184.4942201284875,1148,100,2.3,4.2083250785854895,10.0,0.0,0.6,2.3748684491559726,10.0,0.0,-0.006508372719205606,0.08012974029406907,2.573914974927902,0.0069895852314706035,0.07753499348958333,0.9921426797906557
30879.4470096007,1167,76544512,76480512,2990.701966225351,2184.364346230214,1148,100,2.3,4.2083250785854895,10.0,0.0,0.6,2.3748684491559726,10.0,0.0,-0.005629982522805221,0.10119990713428706,2.5864861061175666,0.005755366291850805,0.06408691406250001,0.9897968483467897
30945.69534332864,1170,76677120,76677120,2001.6805334995347,2967.7425670417815,1148,100,2.3,4.2083250785854895,10.0,0.0,0.6,2.3748684491559726,10.0,0.0,-0.0033679178013699125,0.09640058708221963,2.582212780912717,0.00445553847202973,0.05193074544270833,0.9914016667753458
31005.695777766407,1172,76833536,76808192,2606.914457631752,2184.5175160514846,1160,100,2.1,4.073082460554359,10.0,0.0,0.5,2.17944951325778,10.0,0.0,-0.006772675861914952,0.12412910768762231,2.5900477791825933,0.006229145075849374,0.07467142740885417,0.9874437929441532
31065.695831472054,1174,77000448,76939264,2781.8641766363817,2184.5313779721278,1160,100,2.1,4.073082460554359,10.0,0.0,0.5,2.17944951325778,10.0,0.0,-0.004483338867430575,0.12275007386536649,2.592704234023889,0.00604614769811936,0.06911722819010417,0.9880887325853109
31132.31950222887,1177,77135872,77135872,2032.6709480525517,2951.023228930737,1160,100,2.1,4.073082460554359,10.0,0.0,0.5,2.17944951325778,10.0,0.0,-0.006121707978309131,0.07079876474260043,2.614156223833561,0.004713660716636999,0.057149251302083336,0.9921880116065344
31192.319564852864,1179,77285888,77266944,2500.264057058038,2184.5310532657263,1160,100,2.1,4.073082460554359,10.0,0.0,0.5,2.17944951325778,10.0,0.0,-0.003750642958038952,0.11530341545585544,2.5770577291647596,0.006000317120196995,0.07771809895833333,0.9870555537442367
31264.387774027884,1182,77463552,77463552,2465.2201301205646,2728.0822189230457,1160,100,2.1,4.073082460554359,10.0,0.0,0.5,2.17944951325778,10.0,0.0,-0.005816886601678561,0.08456931860807042,2.603459817667802,0.005874582880399733,0.06508890787760416,0.9908261969685555
31324.388177238405,1184,77615104,77594624,2525.849692513836,2184.5186529849393,1171,100,2.1,4.073082446220041,10.0,0.0,0.9,2.8618176437702565,10.0,0.0,-0.004535499741905369,0.12317769109116247,2.5832388947407403,0.005120388026625732,0.06465657552083333,0.9872502256184816
31384.38823389262,1186,77788928,77725696,2897.06393115196,2184.531270618267,1171,100,2.1,4.073082446220041,10.0,0.0,0.9,2.8618176437702565,10.0,0.0,-0.004785267747744608,0.1413433818379417,2.5686017448703446,0.005426132550079879,0.06208292643229167,0.9863246257106463
31451.04935465008,1189,77922304,77922304,2000.8064443631904,2949.365353687006,1171,100,2.1,4.073082446220041,10.0,0.0,0.9,2.8618176437702565,10.0,0.0,-0.008388007088797167,0.07108806869170317,2.575841436783473,0.0062857694774720585,0.074798583984375,0.9929132716109356
31511.049436761066,1191,78074112,78053376,2530.1298708090217,2184.530343767655,1171,100,2.1,4.073082446220041,10.0,0.0,0.9,2.8618176437702565,10.0,0.0,-0.004886347856275583,0.15555325530779857,2.5751651972532272,0.006502198020825745,0.07021077473958334,0.9835059009492397
31583.410112172365,1194,78249984,78249984,2430.491409876174,2717.055899250221,1182,100,2.3,4.208325191793907,10.0,0.0,1.2,3.249615441412113,10.0,0.0,-0.005942517018411309,0.07925966917537153,2.5870649019877114,0.004594012745049744,0.054484049479166664,0.9916947254290184
31643.410508325323,1196,78404096,78381056,2568.5163745773307,2184.518909939524,1182,100,2.3,4.208325191793907,10.0,0.0,1.2,3.249615441412113,10.0,0.0,-0.0062257620302261785,0.06752786424476653,2.590732231736183,0.005885422200663015,0.07726033528645834,0.991576596473654
31703.41062268056,1198,78576640,78512128,2875.727852424365,2184.5291697941766,1182,100,2.3,4.208325191793907,10.0,0.0,1.2,3.249615441412113,10.0,0.0,-0.00624853914147631,0.12949868256691843,2.586578480899334,0.006547004233652842,0.06060791015625001,0.9851357614000639
31768.469145003706,1201,78708736,78708736,2030.4180802613005,3022.0176078307727,1182,100,2.3,4.208325191793907,10.0,0.0,1.2,3.249615441412113,10.0,0.0,-0.0022358533654672406,0.10590414085891098,2.585844449698925,0.0068327073804539395,0.07274881998697917,0.987614618614316
31828.46957293339,1203,78865920,78839808,2619.7146491056114,2184.517753000119,1192,100,2.0,4.000000102208405,10.0,0.0,0.9,2.8618176437702565,10.0,0.0,-0.0056308974502220135,0.1030877495650202,2.5778575961788492,0.0056911989304353474,0.07320658365885417,0.9904424417763948
31900.885052395985,1206,79036416,79036416,2354.413742272737,2714.999630728922,1192,100,2.0,4.000000102208405,10.0,0.0,0.9,2.8618176437702565,10.0,0.0,-0.003971062656394983,0.11557937766580532,2.5913586293657622,0.008146661297966299,0.08477783203125001,0.9879242312163115
31960.885106049478,1208,79187712,79167488,2521.5977451245285,2184.531379870996,1192,100,2.0,4.000000102208405,10.0,0.0,0.9,2.8618176437702565,10.0,0.0,-0.006180631115663952,0.08122492209076881,2.600141574939092,0.006794978578303319,0.07110087076822917,0.9891572588433822
32020.885641029105,1210,79361280,79298560,2892.7742070789172,2184.5138554932237,1192,100,2.0,4.000000102208405,10.0,0.0,0.9,2.8618176437702565,10.0,0.0,-0.005258610867410122,0.0868417940995035,2.608659806350867,0.004223939171424718,0.04833984375,0.988390523319443
32085.7623653654,1213,79495168,79495168,2063.7293477700173,3030.485925597272,1192,100,2.0,4.000000102208405,10.0,0.0,0.9,2.8618176437702565,10.0,0.0,-0.004002420995675493,0.18088913821460056,2.5609020590782166,0.008315273616972263,0.08803304036458333,0.9834785268952448
32145.76273950748,1215,79649024,79626240,2564.2506767652794,2184.519711320837,1203,100,1.6,3.6660606257242745,10.0,0.0,1.1,3.1288976472586896,10.0,0.0,-0.005338883193568714,0.13747408473864198,2.5827604283889136,0.006814963176414797,0.07771809895833333,0.9856859439363082
32205.763102652505,1217,79819008,79757312,2833.0495198694216,2184.5201117065417,1203,100,1.6,3.6660606257242745,10.0,0.0,1.1,3.1288976472586896,10.0,0.0,-0.0064347299533740925,0.12686218798626214,2.564897251625856,0.005323887314564976,0.0624237060546875,0.9875013126681248
32271.699168700725,1220,79953920,79953920,2046.1032646584847,2981.797546978589,1203,100,1.6,3.6660606257242745,10.0,0.0,1.1,3.1288976472586896,10.0,0.0,-0.0047911981722184764,0.12321210229614128,2.573118877907594,0.006293247583016637,0.07213846842447917,0.9879551591972511
32331.69933933206,1222,80109824,80084992,2598.392610546702,2184.5271208537133,1203,100,1.6,3.6660606257242745,10.0,0.0,1.1,3.1288976472586896,10.0,0.0,-0.005524077119237821,0.07306987097642074,2.6006961787740392,0.004955615630024113,0.06130472819010417,0.9909950246413549
32403.574500372633,1225,80281600,80281600,2389.9216017482113,2735.409523312409,1213,100,1.6,3.6660606182901403,10.0,0.0,1.3,3.3630344322445302,10.0,0.0,-0.0065708653564797714,0.11379345397775373,2.5717472285032272,0.007259142619053212,0.08249918619791666,0.9891571967552106
32463.574656052515,1227,80427264,80412672,2427.7270341957137,2184.52766521653,1213,100,1.6,3.6660606182901403,10.0,0.0,1.3,3.3630344322445302,10.0,0.0,-0.005127891330630518,0.09839522535912693,2.5819103941321373,0.006433028868438365,0.07738749186197916,0.9896420761942863
32523.57486363128,1229,80604928,80543744,2961.0564224594928,2184.5257756473493,1213,100,1.6,3.6660606182901403,10.0,0.0,1.3,3.3630344322445302,10.0,0.0,-0.003346641717750269,0.08843116361337404,2.5924645463625593,0.005517277662875131,0.059809366861979164,0.9899730198085308
32589.076182004064,1232,80740352,80740352,2067.5003704393357,3001.58843950361,1213,100,1.6,3.6660606182901403,10.0,0.0,1.3,3.3630344322445302,10.0,0.0,-0.006612861361645628,0.06843878028060621,2.5919226333498955,0.006802764629658972,0.06598917643229166,0.991881163790822
32649.076650880277,1234,80891392,80871424,2517.3136615250646,2184.5162622048015,1223,100,1.6,3.6660606744297892,10.0,0.0,1.3,3.363034364303226,10.0,0.0,-0.005984620444602721,0.0887662836854967,2.588095965484778,0.005903356339331367,0.0653228759765625,0.9889689367264508
32721.145612165332,1237,81068032,81068032,2450.985789865002,2728.0537487193064,1223,100,1.6,3.6660606744297892,10.0,0.0,1.3,3.363034364303226,10.0,0.0,-0.00562458899851966,0.07546734074518706,2.591718591749668,0.005243850039429768,0.06043497721354167,0.9920041505247355
32781.14584973268,1239,81213952,81199104,2431.9903706415294,2184.5246838043213,1223,100,1.6,3.6660606744297892,10.0,0.0,1.3,3.363034364303226,10.0,0.0,-0.00745041072514141,0.061146348501400404,2.5979892015457153,0.00585723089776972,0.06906636555989583,0.9908175723006328
32841.14619840868,1241,81393408,81330176,2990.915952323353,2184.5206385015076,1223,100,1.6,3.6660606744297892,10.0,0.0,1.3,3.363034364303226,10.0,0.0,-0.006237846151634585,0.05946228365064599,2.611989309390386,0.004966124496301442,0.052947998046875,0.9916761200875044
32906.145046250895,1244,81526784,81526784,2051.9748338273284,3024.7920775036246,1232,100,1.5,3.570714266051848,10.0,0.0,1.0,3.000000025132749,10.0,0.0,-0.006672307041299064,0.06787009137527397,2.596605062484741,0.005323920860367555,0.06425984700520833,0.9918579918642839
32966.14548316039,1246,81676032,81657856,2487.448553501737,2184.517426059844,1232,100,1.5,3.570714266051848,10.0,0.0,1.0,3.000000025132749,10.0,0.0,-0.00569681773292056,0.15013301818786812,2.5496012394626937,0.006833134162661736,0.0755157470703125,0.986858243122697
33026.15605989657,1248,81850880,81788928,2913.6197235474906,2184.148313991677,1232,100,1.5,3.570714266051848,10.0,0.0,1.0,3.000000025132749,10.0,0.0,-0.006383538772449053,0.1268193720219036,2.5726410349210105,0.006818335301431943,0.0831146240234375,0.9859410282224418
33092.95328932069,1251,81985536,81985536,2015.8919937385713,2943.355610629701,1232,100,1.5,3.570714266051848,10.0,0.0,1.0,3.000000025132749,10.0,0.0,-0.006094853199707965,0.07060537147723758,2.6070895145336785,0.00548907323172898,0.06366984049479166,0.9907287328193585
33152.953647859395,1253,82139392,82116608,2564.2513436108557,2184.5202794155707,1232,100,1.5,3.570714266051848,10.0,0.0,1.0,3.000000025132749,10.0,0.0,-0.00479459943016991,0.11659178878956786,2.5629441365599632,0.005833041317600873,0.07100931803385417,0.9883551901827257
33224.964775701985,1256,82313216,82313216,2413.849153702515,2730.244698149531,1243,100,1.9,3.9230091572299863,10.0,0.0,0.7,2.551470199872923,10.0,0.0,-0.004612879979201049,0.10417002222190301,2.566502715150515,0.006464808873109481,0.07517496744791667,0.9890232601513466
33284.96509447321,1258,82465280,82444288,2534.3865351748577,2184.521727288766,1243,100,1.9,3.9230091572299863,10.0,0.0,0.7,2.551470199872923,10.0,0.0,-0.006566691285115667,0.09146423257576923,2.5929644157489142,0.005146094115237551,0.06003824869791667,0.9872835017740726
33344.96563651785,1260,82635008,82575360,2828.774444632928,2184.513598268566,1243,100,1.9,3.9230091572299863,10.0,0.0,0.7,2.551470199872923,10.0,0.0,-0.005397712304935946,0.10012430779170244,2.580771893262863,0.00489187414132175,0.0523681640625,0.9880262079338232
33411.017594071105,1263,82771968,82771968,2073.5191669312717,2976.565832155545,1243,100,1.9,3.9230091572299863,10.0,0.0,0.7,2.551470199872923,10.0,0.0,-0.0046639368835409796,0.12621361921386173,2.5599584380785627,0.004867424880406664,0.051239013671875,0.9878070000559092
33471.01777490415,1265,82918144,82903040,2436.2593240636024,2184.5267494230548,1253,100,2.3,4.208325150027106,10.0,0.0,0.9,2.8618176972644735,10.0,0.0,-0.005848619820123227,0.12084965890971944,2.565762534737587,0.006894303986579567,0.07750956217447917,0.9870903864502907
33531.0179163944,1267,83095040,83034112,2948.259714166559,2184.52818184266,1253,100,2.3,4.208325150027106,10.0,0.0,0.9,2.8618176972644735,10.0,0.0,-0.0067471572838258,0.09876102946388225,2.580421616633733,0.006359156607989766,0.07335408528645834,0.9868639719982942
33597.07494504377,1270,83230720,83230720,2053.9827899341044,2976.337325791306,1253,100,2.3,4.208325150027106,10.0,0.0,0.9,2.8618176972644735,10.0,0.0,-0.006821596199491372,0.06634333894665664,2.570856367548307,0.005839181715297552,0.06807963053385417,0.993491348500053
33657.07524948381,1272,83372032,83361792,2355.188049774406,2184.522249066116,1253,100,2.3,4.208325150027106,10.0,0.0,0.9,2.8618176972644735,10.0,0.0,-0.007340674492297694,0.06446422543376684,2.5958011448383336,0.005601190347685285,0.062266031901041664,0.992065147186319
33717.08419388905,1274,83557888,83492864,3097.138298999346,2184.2077260160677,1253,100,2.3,4.208325150027106,10.0,0.0,0.9,2.8618176972644735,10.0,0.0,-0.0070073989433391635,0.09315586656642456,2.5780285770694418,0.006302805028705431,0.06028747558593749,0.9906105324625969
33782.55234625004,1277,83689472,83689472,2009.8932878760245,3003.1090371377177,1264,100,1.9,3.9230091423473143,10.0,0.0,0.6,2.3748684174075834,10.0,0.0,-0.0037564090792632974,0.149551820436803,2.5724594419201217,0.0063203835494884215,0.0677490234375,0.9851499740034342
33842.55247254856,1279,83840768,83820544,2521.594692105499,2184.528734954341,1264,100,1.9,3.9230091423473143,10.0,0.0,0.6,2.3748684174075834,10.0,0.0,-0.00508023062866414,0.09013802401022986,2.5566878765821457,0.007052637138864763,0.07716878255208334,0.9925558206935723
33914.65030324645,1282,84017152,84017152,2446.4536351875563,2726.961381457247,1264,100,1.9,3.9230091423473143,10.0,0.0,0.6,2.3748684174075834,10.0,0.0,-0.00551665854921642,0.13193317040956268,2.5723390877246857,0.005926791987197551,0.06678771972656251,0.9874243053297201
33974.650410356,1284,84169472,84148224,2538.662134750827,2184.529433600712,1264,100,1.9,3.9230091423473143,10.0,0.0,0.6,2.3748684174075834,10.0,0.0,-0.006381008456325314,0.10462730696114401,2.581966596345107,0.006288335109881397,0.07378641764322916,0.9897440224885942
34046.02384011075,1287,84344832,84344832,2456.9367144407424,2754.6385353145843,1264,100,1.9,3.9230091423473143,10.0,0.0,0.6,2.3748684174075834,10.0,0.0,-0.007343651678335542,0.07766744998904565,2.591760170956453,0.006855332361737965,0.08334859212239583,0.9909538409362237
34106.02421505749,1289,84495360,84475904,2508.7843223248137,2184.5196820243277,1275,100,1.2,3.249615394301709,10.0,0.0,0.4,1.9595918711795552,10.0,0.0,-0.006735210493692041,0.08296136558055878,2.591741686065992,0.00603016415637588,0.06696573893229167,0.9913223447899023
34166.02448134124,1291,84660480,84606976,2751.98778650618,2184.5236382808744,1275,100,1.2,3.249615394301709,10.0,0.0,0.4,1.9595918711795552,10.0,0.0,-0.007910964855303366,0.05862023444691052,2.5832686598102255,0.006465469906591655,0.072021484375,0.9940374580522379
34234.12332655303,1294,84803584,84803584,2101.415957274212,2887.097415360635,1275,100,1.2,3.249615394301709,10.0,0.0,0.4,1.9595918711795552,10.0,0.0,-0.007980436234599136,0.06721337085279325,2.5799663985768957,0.005632321363615725,0.06780497233072917,0.9932003648330768
34294.123441658914,1296,84953088,84934656,2491.7285531231078,2184.5291424640945,1275,100,1.2,3.249615394301709,10.0,0.0,0.4,1.9595918711795552,10.0,0.0,-0.005983766699500848,0.08941489873298754,2.578797794878483,0.007107518341096389,0.07873026529947917,0.9899413734674454
34365.54607645236,1299,85131264,85131264,2494.6713393490127,2752.7407882471866,1287,100,1.5,3.570714244936115,10.0,0.0,0.8,2.712932012683201,10.0,0.0,-0.006173652155363622,0.09565865692760175,2.562522349258264,0.006523584819054425,0.07288106282552083,0.9909351840615273
34425.549840800464,1301,85283584,85262336,2538.507402907823,2184.3962861996724,1287,100,1.5,3.570714244936115,10.0,0.0,0.8,2.712932012683201,10.0,0.0,-0.006906050480514144,0.11420278903096914,2.566448589166005,0.005480893273367352,0.056605021158854164,0.990268242234985
34485.550167474896,1303,85455872,85393408,2871.451032839435,2184.5214395450084,1287,100,1.5,3.570714244936115,10.0,0.0,0.8,2.712932012683201,10.0,0.0,-0.006191091793880332,0.08708946616388856,2.573796267310778,0.006745656095517916,0.0825042724609375,0.9912504870444535
34552.302974255756,1306,85590016,85590016,2009.5634396374685,2945.314354277816,1287,100,1.5,3.570714244936115,10.0,0.0,0.8,2.712932012683201,10.0,0.0,-0.00619906754582189,0.07066736527485773,2.5827027037739754,0.006446731981971728,0.07396952311197917,0.9921813079466423
34612.303196795285,1308,85742848,85721088,2547.1905524902277,2184.5252309463926,1287,100,1.5,3.570714244936115,10.0,0.0,0.8,2.712932012683201,10.0,0.0,-0.005710402270779014,0.09553798311389984,2.583901767929395,0.00581010285653368,0.066253662109375,0.9901062715798616
34684.13195029646,1311,85917696,85917696,2434.2340842255508,2737.1768326284378,1298,100,1.4,3.4698703738933414,10.0,0.0,0.9,2.861817635846067,10.0,0.0,-0.00742168037686497,0.06350093078799546,2.5789593184987707,0.006707934979203856,0.08681742350260416,0.9936202112585307
34744.13202235289,1313,86065920,86048768,2470.3970332002505,2184.530709842018,1298,100,1.4,3.4698703738933414,10.0,0.0,0.9,2.861817635846067,10.0,0.0,-0.00414650781264451,0.1288595017589008,2.58143512904644,0.005758861548504986,0.06879679361979167,0.9836789394418398
34804.132081761956,1315,86241536,86179840,2926.9304352298927,2184.5311703173543,1298,100,1.4,3.4698703738933414,10.0,0.0,0.9,2.861817635846067,10.0,0.0,-0.005580769723261861,0.06398939612942438,2.5984776318073273,0.006903296773089096,0.07407124837239583,0.9924061379084984
34869.94910661876,1318,86376448,86376448,2049.8039875475993,2987.190630809405,1298,100,1.4,3.4698703738933414,10.0,0.0,0.9,2.861817635846067,10.0,0.0,-0.00793924933047189,0.08106579323066397,2.5918651993076005,0.006491369784877558,0.0694580078125,0.9915224798023701
34929.94912322424,1320,86527232,86507520,2513.0659711554918,2184.5327287463697,1298,100,1.4,3.4698703738933414,10.0,0.0,0.9,2.861817635846067,10.0,0.0,-0.006529991090549932,0.10709969128947706,2.569909575084845,0.0061503277841742,0.07591247558593751,0.9891109180947145
34989.949260102585,1322,86703872,86638592,2943.9932838513682,2184.528349756378,1309,100,1.4,3.469870357000091,10.0,0.0,1.0,3.0000000351471083,10.0,0.0,-0.0053387591712332014,0.09542965753159176,2.58549453318119,0.005614798560903485,0.060999552408854164,0.9885384185860555
35057.43092534505,1325,86835200,86835200,1946.1286192054558,2913.5024942491036,1309,100,1.4,3.469870357000091,10.0,0.0,1.0,3.0000000351471083,10.0,0.0,-0.006076446896865187,0.08980895109319438,2.5920943741997085,0.0070014236049852725,0.0743865966796875,0.9889422530929247
35117.431118899956,1327,86985728,86966272,2508.7919068502197,2184.526286236926,1309,100,1.4,3.469870357000091,10.0,0.0,1.0,3.0000000351471083,10.0,0.0,-0.0067628021715790965,0.08804051384019355,2.564081045488517,0.005374731919194649,0.06652323404947916,0.9910562603423992
35189.25621553324,1330,87162880,87162880,2466.435943754846,2737.3161919128925,1309,100,1.4,3.469870357000091,10.0,0.0,1.0,3.0000000351471083,10.0,0.0,-0.005817327386466786,0.08579520951025187,2.57187582552433,0.003673900880433697,0.047429402669270836,0.9908368320514758
35249.25670870766,1332,87315712,87293952,2547.179063274098,2184.515377548305,1320,100,1.4,3.4698703721939332,10.0,0.0,0.4,1.9595918327030493,10.0,0.0,-0.004306637594709173,0.12053696399865052,2.551577128469944,0.007499165711124078,0.07761128743489584,0.9889197740703821
35322.19160154462,1335,87490560,87490560,2397.316198035182,2695.6644803675254,1320,100,1.4,3.4698703721939332,10.0,0.0,0.4,1.9595918327030493,10.0,0.0,-0.007704367031692527,0.10436343192122877,2.580947771668434,0.006512558781954189,0.06846618652343749,0.9899482509742181
35382.19173747301,1337,87640320,87621632,2495.9943453916862,2184.528384342809,1320,100,1.4,3.4698703721939332,10.0,0.0,0.4,1.9595918327030493,10.0,0.0,-0.007577177452427955,0.054617099289316684,2.5725797663132353,0.006631160855249618,0.058807373046875,0.995121051867803
35442.20798958652,1339,87815424,87752704,2917.6097112634293,2183.941772173795,1320,100,1.4,3.4698703721939332,10.0,0.0,0.4,1.9595918327030493,10.0,0.0,-0.00485850991026382,0.1419295530455808,2.572627402842045,0.005871555669121638,0.07108561197916666,0.986843541264534
35508.37231225707,1342,87949312,87949312,2023.5679078385817,2971.51080921612,1331,100,1.2,3.2496154321669954,10.0,0.0,0.7,2.551470179210066,10.0,0.0,-0.007605767413527548,0.08233415859285742,2.589581829806169,0.007462312744488979,0.07279459635416666,0.9918621623267729
35568.37645511888,1344,88091136,88080384,2363.5701342591283,2184.382506752119,1331,100,1.2,3.2496154321669954,10.0,0.0,0.7,2.551470179210066,10.0,0.0,-0.008416373770160135,0.07062224960342671,2.5909604827562966,0.00571878104104447,0.0665283203125,0.9922195101777713
35628.376769317314,1346,88260096,88211456,2815.985253697369,2184.521893777353,1331,100,1.2,3.2496154321669954,10.0,0.0,0.7,2.551470179210066,10.0,0.0,-0.005676299309319196,0.14361272166327882,2.591189535955588,0.007026455371184663,0.06853739420572917,0.9860611893236636
35696.16192189418,1349,88408064,88408064,2182.896908467003,2900.458175956156,1331,100,1.2,3.2496154321669954,10.0,0.0,0.7,2.551470179210066,10.0,0.0,-0.0060743361682398245,0.08326251279019439,2.5914271424214044,0.005976150527203572,0.06395975748697917,0.9919492173939943
35756.1620251257,1351,88556288,88539136,2470.3957496215517,2184.529574794878,1331,100,1.2,3.2496154321669954,10.0,0.0,0.7,2.551470179210066,10.0,0.0,-0.006981094513321295,0.05375118119021257,2.6047590076923366,0.0051445873814373036,0.05981953938802083,0.9928357309351364
35816.16240857914,1353,88734976,88670208,2978.1143005302647,2184.5193723087327,1341,100,1.3,3.363034383461588,10.0,0.0,0.7,2.551470199872923,10.0,0.0,-0.007606385239341762,0.06574419732593621,2.5857724994421005,0.005652188459256044,0.057408650716145836,0.9938260472069185
35882.522814083844,1356,88866816,88866816,1986.7268591457807,2962.7305394639993,1341,100,1.3,3.363034383461588,10.0,0.0,0.7,2.551470199872923,10.0,0.0,-0.007079785830380085,0.08815869772418712,2.5943550641338033,0.006095327307775733,0.05968221028645833,0.9912010654807091
35942.52298779413,1358,89007360,88997888,2342.3932183700445,2184.52700875312,1341,100,1.3,3.363034383461588,10.0,0.0,0.7,2.551470199872923,10.0,0.0,-0.008547101004902894,0.060056171903852366,2.562809720635414,0.006643042112045805,0.07996114095052084,0.9934332774331173
36002.52311723307,1360,89186560,89128960,2986.660223497939,2184.5286206156356,1341,100,1.3,3.363034383461588,10.0,0.0,0.7,2.551470199872923,10.0,0.0,-0.007536222670751158,0.06389552381976196,2.5769712328910828,0.006093793335821829,0.07372029622395833,0.9931684465457996
36068.808668164536,1363,89325568,89325568,2097.108616381838,2966.0762751035945,1341,100,1.3,3.363034383461588,10.0,0.0,0.7,2.551470199872923,10.0,0.0,-0.0052304214744557,0.11574323820726326,2.5768355950713158,0.005937146244226217,0.07098897298177083,0.9880259558558464
36128.80867084488,1365,89473280,89456640,2461.866556689082,2184.5332357449047,1352,100,1.1,3.128897654506477,10.0,0.0,0.6,2.3748684491559726,10.0,0.0,-0.005588575964793563,0.08728129486553371,2.591522494951884,0.006058334696717793,0.06523640950520834,0.9898673252513012
36188.81706343591,1367,89651200,89587712,2964.918610844395,2184.227811154432,1352,100,1.1,3.128897654506477,10.0,0.0,0.6,2.3748684491559726,10.0,0.0,-0.006656856615639602,0.07168774262148267,2.5767854948838553,0.006080406668237023,0.08333841959635417,0.9925898034125565
36254.31733351573,1370,89784320,89784320,2032.3580320779508,3001.6364781458965,1352,100,1.1,3.128897654506477,10.0,0.0,0.6,2.3748684491559726,10.0,0.0,-0.0076691598175481586,0.07393844734178856,2.5773349155982337,0.005382741532836614,0.06432088216145833,0.9930285581698021
36314.31781829707,1372,89938944,89915392,2577.045844937711,2184.5156831260065,1352,100,1.1,3.128897654506477,10.0,0.0,0.6,2.3748684491559726,10.0,0.0,-0.006322869599292365,0.049503017333336174,2.593825193742911,0.00523501266676855,0.06173197428385417,0.9943835598727067
36386.02160701342,1375,90112000,90112000,2413.4847418536633,2741.9471623426234,1363,100,2.0,4.000000100792356,10.0,0.0,0.6,2.3748684491559726,10.0,0.0,-0.005979710617490734,0.12242287308132897,2.585365017255147,0.006126695638765038,0.0728607177734375,0.9876865893602371
36446.021926375106,1377,90264320,90243072,2538.6531541907784,2184.5217057910563,1363,100,2.0,4.000000100792356,10.0,0.0,0.6,2.3748684491559726,10.0,0.0,-0.00421825280742875,0.07798547024140134,2.5875078216195107,0.007236102983370074,0.07628885904947917,0.9909601584076881
36518.18097348139,1380,90439680,90439680,2430.187301970846,2724.647953158554,1363,100,2.0,4.000000100792356,10.0,0.0,0.6,2.3748684491559726,10.0,0.0,-0.005576328129488199,0.10022026606990646,2.584182381629944,0.005239795950425711,0.06905110677083334,0.9902913173039755
36578.18118558079,1382,90582272,90570752,2376.524932341338,2184.525611057029,1363,100,2.0,4.000000100792356,10.0,0.0,0.6,2.3748684491559726,10.0,0.0,-0.005780707457840132,0.10670781640025477,2.568937309086323,0.008430516769900956,0.08560689290364583,0.9895873448501031
36638.184372415766,1384,90762752,90701824,3007.8402418252485,2184.417310375216,1374,100,1.9,3.9230091182061937,10.0,0.0,1.1,3.128897654506477,10.0,0.0,-0.005693860735239772,0.11047645811534798,2.585590722660224,0.00829907715827479,0.086151123046875,0.9892696601649126
36704.47580229305,1387,90898432,90898432,2046.7200700176638,2965.8132335350297,1374,100,1.9,3.9230091182061937,10.0,0.0,1.1,3.128897654506477,10.0,0.0,-0.005756820560539685,0.1014935279963538,2.5789843623836837,0.00541397384404263,0.06744893391927084,0.9907260263959567
36764.47595350444,1389,91050752,91029504,2538.660268760619,2184.5278279082972,1374,100,1.9,3.9230091182061937,10.0,0.0,1.1,3.128897654506477,10.0,0.0,-0.005579944588437987,0.09059425618033856,2.5815173933903375,0.007560852573684921,0.08513387044270834,0.990609796717763
36836.041209502146,1392,91226112,91226112,2450.351047519899,2747.254897073405,1374,100,1.9,3.9230091182061937,10.0,0.0,1.1,3.128897654506477,10.0,0.0,-0.006287445013488953,0.06841343206663926,2.5666493649284043,0.005568145382615815,0.07027180989583333,0.9935526084154844
36896.04130560905,1394,91383552,91357184,2623.995796931562,2184.5298341934304,1374,100,1.9,3.9230091182061937,10.0,0.0,1.1,3.128897654506477,10.0,0.0,-0.005792175249856276,0.09194611957840002,2.5740605319539704,0.00539574184040248,0.058970133463541664,0.991170762727658
36967.100725336,1397,91553792,91553792,2395.7414886604793,2766.811222994358,1384,100,2.0,3.999999953853387,10.0,0.0,0.8,2.7129320210422696,10.0,0.0,-0.007047986936716673,0.077563619085898,2.5710200518369675,0.005458959290990606,0.059977213541666664,0.9918970800936221
37027.11143222451,1399,91707136,91684864,2555.2773488384887,2184.1435769704613,1384,100,2.0,3.999999953853387,10.0,0.0,0.8,2.7129320210422696,10.0,0.0,-0.0056834224790994385,0.0870649580610916,2.5609016666809716,0.006706645841404679,0.07068888346354166,0.990340473751227
37087.111452950165,1401,91879424,91815936,2871.465674783334,2184.5325787356123,1384,100,2.0,3.999999953853387,10.0,0.0,0.8,2.7129320210422696,10.0,0.0,-0.0050332642543556485,0.08074291504453868,2.5836350818475085,0.005784838963639534,0.06757100423177084,0.9904288357744614
37153.81387931667,1404,92012544,92012544,1995.729499681903,2947.538953376349,1384,100,2.0,3.999999953853387,10.0,0.0,0.8,2.7129320210422696,10.0,0.0,-0.00632745702144651,0.09733258983275543,2.5938303619623184,0.006486074237424569,0.07857259114583333,0.9891518708318471
37213.81411920115,1406,92166656,92143616,2568.523064186304,2184.5245994408433,1394,100,1.7,3.756328029385195,10.0,0.0,0.3,1.70587227722205,10.0,0.0,-0.006505092702961216,0.10015297867357731,2.603060714900494,0.006524596264474288,0.07396952311197916,0.9848495088517667
37273.814187232405,1408,92336384,92274688,2828.796792556903,2184.5308563938675,1394,100,1.7,3.756328029385195,10.0,0.0,0.3,1.70587227722205,10.0,0.0,-0.005483257346592533,0.09290001079595336,2.581291859348615,0.0072014864114559405,0.08730061848958334,0.9901820303251346
37340.01092209481,1411,92471296,92471296,2038.0461404996925,2970.055855604865,1394,100,1.7,3.756328029385195,10.0,0.0,0.3,1.70587227722205,10.0,0.0,-0.008135796456675354,0.04054910996152709,2.5673798198501268,0.006189148719689305,0.07846577962239583,0.9961156199375788
37400.01104431972,1413,92620800,92602368,2491.7282574788815,2184.5288832691563,1394,100,1.7,3.756328029385195,10.0,0.0,0.3,1.70587227722205,10.0,0.0,-0.004857127787545323,0.11766109619444856,2.582721141477426,0.005627069680485874,0.0690460205078125,0.986125481625398
37471.46196117252,1416,92798976,92798976,2493.6838860593657,2751.651184617231,1394,100,1.7,3.756328029385195,10.0,0.0,0.3,1.70587227722205,10.0,0.0,-0.006985493775573559,0.07904609665274621,2.5780613720417023,0.006803070396320739,0.07461039225260417,0.9911164157092571
37531.462165717036,1418,92949504,92930048,2508.791447341194,2184.5258861202233,1405,100,1.9,3.923009110981693,10.0,0.0,0.8,2.712932012683201,10.0,0.0,-0.006263662182997602,0.08564199214257921,2.580624416470528,0.00648499776555885,0.0623779296875,0.9910253863781691
37591.462395086884,1420,93124096,93061120,2909.855542781227,2184.5249822639125,1405,100,1.9,3.923009110981693,10.0,0.0,0.8,2.712932012683201,10.0,0.0,-0.006906096474267542,0.07250190132375185,2.577668788532416,0.005532476508354496,0.06283060709635417,0.991315208375454
37658.2013608478,1423,93257728,93257728,2002.308523610015,2945.925184161861,1405,100,1.9,3.923009110981693,10.0,0.0,0.8,2.712932012683201,10.0,0.0,-0.00443977090617409,0.1040432940935716,2.5661390001575155,0.006137784022939741,0.062713623046875,0.9893291853368281
37718.201728893444,1425,93404928,93388800,2453.318284448243,2184.5199332826096,1405,100,1.9,3.923009110981693,10.0,0.0,0.8,2.712932012683201,10.0,0.0,-0.005483212485463204,0.09956156737947215,2.556252839664618,0.005618873192967537,0.06287129720052083,0.9896457120776176
37790.30085774511,1428,93585408,93585408,2503.2202590312854,2726.912282178762,1416,100,1.6,3.6660606744297892,10.0,0.0,0.9,2.861817635846067,10.0,0.0,-0.005102167934334527,0.1102280750637874,2.601483665406704,0.008222176182850188,0.06695048014322916,0.9868605689456066
37850.3009022437,1430,93733376,93716480,2466.1315043436475,2184.5317131902207,1416,100,1.6,3.6660606744297892,10.0,0.0,0.9,2.861817635846067,10.0,0.0,-0.00944921669967395,0.06550874516445522,2.5817066629727683,0.006000879120620084,0.069549560546875,0.9929854261378448
37910.301241416484,1432,93902848,93847552,2824.517366676519,2184.52098449906,1416,100,1.6,3.6660606744297892,10.0,0.0,0.9,2.861817635846067,10.0,0.0,-0.0066775094710465055,0.10987230126435557,2.5779128447175026,0.005323374473543178,0.06311543782552083,0.9892725565781196
37977.540917593986,1435,94044160,94044160,2101.616308010758,2923.9879067975767,1416,100,1.6,3.6660606744297892,10.0,0.0,0.9,2.861817635846067,10.0,0.0,-0.007324726842246794,0.07763464384091397,2.58889111628135,0.007283937100510229,0.08335367838541666,0.9886063567052285
38037.54134950414,1437,94197248,94175232,2551.4483000593937,2184.517608077608,1416,100,1.6,3.6660606744297892,10.0,0.0,0.9,2.861817635846067,10.0,0.0,-0.006769814436362746,0.08596750736857454,2.5715464800596237,0.005859918101123184,0.07600911458333333,0.9905221921702225
38108.63089248538,1440,94371840,94371840,2455.9448925713373,2765.6388233061393,1427,100,1.8,3.8418746336173535,10.0,0.0,0.9,2.8618176279218774,10.0,0.0,-0.0034459391366302348,0.13543854195935032,2.5851297825574875,0.00780228265466576,0.07473246256510416,0.9824738657722871
38168.631023013964,1442,94518528,94502912,2444.7946814068628,2184.528580942956,1427,100,1.8,3.8418746336173535,10.0,0.0,0.9,2.8618176279218774,10.0,0.0,-0.0050897173532575835,0.062233809808579586,2.5936169723669686,0.007939447281993733,0.08235168457031249,0.9907101461042961
38228.63119984418,1444,94697216,94633984,2978.124556293129,2184.526895160576,1427,100,1.8,3.8418746336173535,10.0,0.0,0.9,2.8618176279218774,10.0,0.0,-0.006942478124983609,0.06940131778052698,2.5751502017180123,0.00538394226168748,0.06405131022135416,0.9921286019186178
38293.8541205544,1447,94830592,94830592,2044.9252892641307,3014.400426400868,1427,100,1.8,3.8418746336173535,10.0,0.0,0.9,2.8618176279218774,10.0,0.0,-0.0074047600040406305,0.07929272877906138,2.555368589858214,0.005352009310930346,0.0721435546875,0.9913191751887401
38353.86572381109,1449,94989056,94961664,2640.5560158458393,2184.1109533329077,1427,100,1.8,3.8418746336173535,10.0,0.0,0.9,2.8618176279218774,10.0,0.0,-0.0068584027321776375,0.04656761838123202,2.608881689608097,0.005956422356272621,0.07294209798177083,0.9923773501068354
38425.662304800004,1452,95158272,95158272,2356.8810334593636,2738.4033792689734,1438,100,1.9,3.923009163010647,10.0,0.0,0.9,2.8618176437702565,10.0,0.0,-0.0066206269402755424,0.09975470501619081,2.5577268302440643,0.008145919902744936,0.09672037760416666,0.9889809892823299
38485.67639037222,1454,95299840,95289344,2358.9128893692127,2184.020613665528,1438,100,1.9,3.923009163010647,10.0,0.0,0.9,2.8618176437702565,10.0,0.0,-0.008269017943045279,0.05802033207146451,2.5869651089111962,0.006189531917092002,0.06944783528645833,0.9931890983134508
38545.6766190175,1456,95477760,95420416,2965.322033218557,2184.525008644462,1438,100,1.9,3.923009163010647,10.0,0.0,0.9,2.8618176437702565,10.0,0.0,-0.005460426919550324,0.106406896491535,2.553417198359966,0.007492993892810773,0.07862345377604167,0.9892161041498184
38612.11902393773,1459,95617024,95617024,2096.010825724742,2959.074106905518,1438,100,1.9,3.923009163010647,10.0,0.0,0.9,2.8618176437702565,10.0,0.0,-0.0067109054361935705,0.07385118231953432,2.5873358249664307,0.007118313781878291,0.07300313313802084,0.9909919140239556
38672.11930227652,1461,95769856,95748096,2547.1881836453867,2184.523199374268,1449,100,2.0,4.000000102208405,10.0,0.0,1.0,3.0,10.0,0.0,-0.006292730347922771,0.08671168497918795,2.562012270092964,0.006706252234531955,0.0794677734375,0.9909677300602198
38744.57086002454,1464,95944704,95944704,2413.309050001469,2713.647657981154,1449,100,2.0,4.000000102208405,10.0,0.0,1.0,3.0,10.0,0.0,-0.006680735479070185,0.06977545966704687,2.592856742441654,0.007266335486444102,0.08326212565104166,0.9900405469040076
38804.57090502605,1466,96088320,96075776,2393.598204741235,2184.5316948797013,1449,100,2.0,4.000000102208405,10.0,0.0,1.0,3.0,10.0,0.0,-0.006801722304468664,0.06797990030221021,2.5804934402306876,0.006158193599427856,0.06998697916666667,0.9921698744098345
38864.5709847603,1468,96263680,96206848,2922.662782727873,2184.530430301709,1449,100,2.0,4.000000102208405,10.0,0.0,1.0,3.0,10.0,0.0,-0.005342863585004428,0.0748111764745166,2.579728163778782,0.00662717401367748,0.07128397623697917,0.989950300504764
38931.60578591004,1471,96403456,96403456,2085.1258988263658,2932.9243412063165,1449,100,2.0,4.000000102208405,10.0,0.0,1.0,3.0,10.0,0.0,-0.005319157819030806,0.075790252982794,2.5791937857866287,0.006192611846927321,0.06939188639322916,0.9925969075411558
38991.60618629865,1473,96560128,96534528,2611.1825752038253,2184.518755726076,1461,100,1.9,3.9230091182061937,10.0,0.0,0.7,2.551470179210066,10.0,0.0,-0.00685893882715997,0.06453607369136687,2.5876944611469908,0.0067723670357130086,0.07832845052083334,0.9927450412263473
39051.6063330546,1475,96729600,96665600,2824.526424732417,2184.527990125374,1461,100,1.9,3.9230091182061937,10.0,0.0,0.7,2.551470179210066,10.0,0.0,-0.007257068500621244,0.09086742085249475,2.5600213035941124,0.005374867637025696,0.0626220703125,0.9908542378495137
39117.597465049475,1478,96862208,96862208,2009.4821226934255,2979.3094019856194,1461,100,1.9,3.9230091182061937,10.0,0.0,0.7,2.551470179210066,10.0,0.0,-0.008566411837819032,0.05138367825808624,2.58748530348142,0.004564972003815152,0.05397542317708333,0.9948237389326096
39177.597617192194,1480,97015552,96993280,2555.7268527461506,2184.5277940000487,1461,100,1.9,3.9230091182061937,10.0,0.0,0.7,2.551470179210066,10.0,0.0,-0.0058096833527088165,0.12067453644704074,2.55802725503842,0.006049685125617543,0.06487019856770833,0.9883048913131157
39249.6060051173,1483,97189888,97189888,2421.0512833772746,2730.348583896838,1461,100,1.9,3.9230091182061937,10.0,0.0,0.7,2.551470179210066,10.0,0.0,-0.0069374014080191655,0.09254721383331344,2.5878897806008654,0.00710631789600787,0.07015482584635417,0.9893332763264576
39309.60623850115,1485,97340672,97320960,2513.0568915518206,2184.524836119749,1472,100,1.5,3.570714290100643,10.0,0.0,0.6,2.3748684491559726,10.0,0.0,-0.007549598243106933,0.07103176350938156,2.578829469780127,0.006636719313974027,0.06656392415364583,0.9926654156297445
39369.60646598041,1487,97512448,97452032,2862.9224790750195,2184.5250510974815,1472,100,1.5,3.570714290100643,10.0,0.0,0.6,2.3748684491559726,10.0,0.0,-0.0053238090622471645,0.09614445529102038,2.5797627170880637,0.005420172128045427,0.063232421875,0.9899977222084999
39435.488263120875,1490,97648640,97648640,2067.2174395854745,2984.253747371512,1472,100,1.5,3.570714290100643,10.0,0.0,0.6,2.3748684491559726,10.0,0.0,-0.006868102548954388,0.06604872691483858,2.584092977146308,0.00473006105373012,0.06388346354166666,0.9927525433401266
39495.48853845708,1492,97795072,97779712,2440.522133931585,2184.523308694006,1472,100,1.5,3.570714290100643,10.0,0.0,0.6,2.3748684491559726,10.0,0.0,-0.0066916212235810235,0.07867921985841046,2.5906671335299807,0.0064616272660108125,0.06959025065104167,0.9907873533666134
39555.48862966895,1494,97974016,97910784,2982.3954661688585,2184.53001241553,1472,100,1.5,3.570714290100643,10.0,0.0,0.6,2.3748684491559726,10.0,0.0,-0.004019209489342757,0.08673296230457103,2.5998735974232354,0.0056442860253203735,0.067169189453125,0.9877156273772318
39621.26697596721,1497,98107392,98107392,2027.658150529137,2988.947139359649,1483,100,1.2,3.2496154483906574,10.0,0.0,0.7,2.551470199872923,10.0,0.0,-0.005120600707111104,0.08094139342817167,2.570939026772976,0.007290665592639319,0.08413187662760416,0.9914311238874992
39681.267201785,1499,98245376,98238464,2299.7246780211312,2184.525111589646,1483,100,1.2,3.2496154483906574,10.0,0.0,0.7,2.551470199872923,10.0,0.0,-0.00536267763042512,0.08708878757897764,2.5967575684189796,0.007109118360555536,0.0678253173828125,0.9890302829444408
39741.26738053188,1501,98423040,98369536,2961.0578453358553,2184.5268253774607,1483,100,1.2,3.2496154483906574,10.0,0.0,0.7,2.551470199872923,10.0,0.0,-0.005272514181948887,0.09424601642725368,2.5870525762438774,0.00872569016307049,0.07285054524739583,0.988606329386433
39808.243523152545,1504,98566144,98566144,2136.6414129057393,2935.4930324000143,1483,100,1.2,3.2496154483906574,10.0,0.0,0.7,2.551470199872923,10.0,0.0,-0.007476883484438682,0.0646229853349117,2.5895404492815337,0.005861409064285302,0.06849161783854166,0.9916404491911333
39868.243794238195,1506,98720256,98697216,2568.5217285103063,2184.523463450626,1494,100,1.6,3.6660606121043218,10.0,0.0,0.7,2.551470199872923,10.0,0.0,-0.006015481985135315,0.09380572273706396,2.571882811685403,0.00591541033948791,0.062306722005208336,0.9882805397113164
39939.88587671332,1509,98893824,98893824,2422.710144701098,2744.30883647558,1494,100,1.6,3.6660606121043218,10.0,0.0,0.7,2.551470199872923,10.0,0.0,-0.008313570404425263,0.061597047781106085,2.561203608910243,0.006665576167506514,0.07603963216145833,0.993966082111001
39999.88607356511,1511,99041792,99024896,2466.1252423138635,2184.5261662018997,1494,100,1.6,3.6660606121043218,10.0,0.0,0.7,2.551470199872923,10.0,0.0,-0.005095390995847993,0.09875621883353838,2.586271790166696,0.006338465892137417,0.0596160888671875,0.9896835510929426
40059.88630097546,1513,99215616,99155968,2897.0556863260535,2184.5250536066856,1494,100,1.6,3.6660606121043218,10.0,0.0,0.7,2.551470199872923,10.0,0.0,-0.00872282942388362,0.05255313252564519,2.5747186541557308,0.006110706414498661,0.07307942708333333,0.9940345001717409
40126.76184314303,1516,99352576,99352576,2047.9833966326717,2939.9088759138162,1494,100,1.6,3.6660606121043218,10.0,0.0,0.7,2.551470199872923,10.0,0.0,-0.006025560117753533,0.06369969526228185,2.5775988573829336,0.0062949946950539015,0.06970723470052083,0.9916205424815416
40186.76185739227,1518,99503104,99483648,2508.7994041921124,2184.5328145346284,1505,100,1.5,3.5707143316929635,10.0,0.0,1.0,3.000000042706303,10.0,0.0,-0.006787380392779596,0.10577440405419718,2.581000193953514,0.006785744860583994,0.07535298665364584,0.9844197916487852
40246.762001205236,1520,99679744,99614720,2943.9929435938852,2184.5280972754626,1505,100,1.5,3.5707143316929635,10.0,0.0,1.0,3.000000042706303,10.0,0.0,-0.006143183054518885,0.06172092233706887,2.5649770547946296,0.0059901272591863135,0.0660247802734375,0.9926588162779809
40311.210048440844,1523,99811328,99811328,2041.706547274542,3050.6432457331675,1505,100,1.5,3.5707143316929635,10.0,0.0,1.0,3.000000042706303,10.0,0.0,-0.006732222692032034,0.06450546583315979,2.5845231786370277,0.005361012549959317,0.057088216145833336,0.9919142238795757
40371.21016922407,1525,99956224,99942400,2414.928471952529,2184.5289357591782,1505,100,1.5,3.5707143316929635,10.0,0.0,1.0,3.000000042706303,10.0,0.0,-0.0060251372487982735,0.05121066238886367,2.575666487216949,0.006302189493605207,0.07026672363281251,0.995131805539131
40431.21040824801,1527,100135424,100073472,2986.6547686335575,2184.5246307719735,1516,100,1.6,3.6660605961151185,10.0,0.0,0.6,2.374868471355376,10.0,0.0,-0.003778522025337831,0.09041601060501611,2.567439990739028,0.0054983009249554024,0.06354777018229167,0.9908862430602312
40497.52125702612,1530,100270080,100270080,2030.6782748412652,2964.9447054716575,1516,100,1.6,3.6660605961151185,10.0,0.0,0.6,2.374868471355376,10.0,0.0,-0.00791972429578891,0.06779120575326185,2.5721121951937675,0.006461554160220354,0.08697509765625,0.9907929046700398
40557.521473513916,1532,100419072,100401152,2483.191040324114,2184.5254512816946,1516,100,1.6,3.6660605961151185,10.0,0.0,0.6,2.374868471355376,10.0,0.0,-0.006071764650793436,0.07758669403847307,2.5737588157256446,0.007861490901026022,0.08266194661458334,0.9912292920053006
40617.521811960265,1534,100595712,100532224,2943.9833936594864,2184.521010947329,1516,100,1.6,3.6660605961151185,10.0,0.0,0.6,2.374868471355376,10.0,0.0,-0.0059184155422068825,0.07299579144455492,2.591142954925696,0.007805641310066372,0.06280008951822916,0.9909001011401415
40682.81369657256,1537,100728832,100728832,2038.844502505575,3011.216496008234,1516,100,1.6,3.6660605961151185,10.0,0.0,0.6,2.374868471355376,10.0,0.0,-0.006043431906922099,0.07004564550394812,2.568201998869578,0.005395213539183412,0.061620076497395836,0.9928003723422687
40742.81465546787,1539,100878080,100859904,2487.4269136332778,2184.498421578453,1526,100,1.8,3.8418746265234245,10.0,0.0,1.1,3.128897581481095,10.0,0.0,-0.00782079214938373,0.0670747092711584,2.585410989820957,0.006802201013366963,0.072662353515625,0.9925436582416296
40802.81489953399,1541,101055744,100990976,2961.054621781496,2184.5244471932647,1526,100,1.8,3.8418746265234245,10.0,0.0,1.1,3.128897581481095,10.0,0.0,-0.008665488465339877,0.041096573443307235,2.5887050653497377,0.005611616980483329,0.06609090169270834,0.994515774771571
40868.46807726286,1544,101187584,101187584,2008.1282362972713,2994.6456028666103,1526,100,1.8,3.8418746265234245,10.0,0.0,1.1,3.128897581481095,10.0,0.0,-0.005424398751832389,0.085363154221947,2.591963695983092,0.007452073127448481,0.07471720377604167,0.986569073672096
40928.46829417348,1546,101337088,101318656,2491.7243253090464,2184.525435887383,1526,100,1.8,3.8418746265234245,10.0,0.0,1.1,3.128897581481095,10.0,0.0,-0.007771003491749678,0.03937922742140169,2.5878145272533097,0.006235516451245833,0.07565816243489584,0.9948211256414652
40988.46855547279,1548,101515008,101449728,2965.3204193969036,2184.5238197571434,1537,100,1.4,3.4698703890871836,10.0,0.0,0.8,2.712932012683201,10.0,0.0,-0.007102074193729398,0.08235062594758347,2.5643164540330567,0.006368246669808287,0.059422810872395836,0.9918568283319473
41055.050888415426,1551,101646336,101646336,1972.4151166818974,2952.8553793600336,1537,100,1.4,3.4698703890871836,10.0,0.0,0.8,2.712932012683201,10.0,0.0,-0.005320368950682071,0.1209450342770045,2.5728489980101585,0.006263552622840507,0.0728302001953125,0.9855680037289858
41115.051266513765,1553,101797888,101777408,2525.850749667123,2184.519567279674,1537,100,1.4,3.4698703890871836,10.0,0.0,0.8,2.712932012683201,10.0,0.0,-0.006026972646698899,0.07007499021710828,2.581021159887314,0.0056975257666636026,0.06691487630208333,0.9907976208875576
41175.05134993978,1555,101967872,101908480,2833.062727481173,2184.5302958890975,1537,100,1.4,3.4698703890871836,10.0,0.0,0.8,2.712932012683201,10.0,0.0,-0.005559632935425422,0.0929639921329605,2.592683585981528,0.0061107624551368644,0.06900533040364583,0.9883118147651354
41242.25350791216,1558,102105088,102105088,2041.8391929675017,2925.620336192241,1537,100,1.4,3.4698703890871836,10.0,0.0,0.8,2.712932012683201,10.0,0.0,-0.005004806189390365,0.06421657312118138,2.5692900146047273,0.00582459904277736,0.06243896484375,0.9927037755648295
41302.25724088214,1560,102260992,102236160,2598.238347570603,2184.397428499423,1548,100,1.8,3.8418746109440955,10.0,0.0,0.9,2.861817635846067,10.0,0.0,-0.006751717235601974,0.08493891649413854,2.5748459175229073,0.006682376180227342,0.07272338867187499,0.9893021496633688
41375.08080250211,1563,102432768,102432768,2358.7970181466844,2699.785558772956,1548,100,1.8,3.8418746109440955,10.0,0.0,0.9,2.861817635846067,10.0,0.0,-0.006179785857966635,0.0816007290656368,2.5816999028126397,0.006570104269485455,0.0682220458984375,0.9897222376118104
41435.08388670534,1565,102584320,102563840,2525.7368352383132,2184.421046692595,1548,100,1.8,3.8418746109440955,10.0,0.0,0.9,2.861817635846067,10.0,0.0,-0.007087055024991666,0.058353488391730934,2.5912971893946333,0.006427831256587524,0.07316589355468751,0.99178893926243
41507.38271264732,1568,102760448,102760448,2436.1114818288124,2719.380258785651,1548,100,1.8,3.8418746109440955,10.0,0.0,0.9,2.861817635846067,10.0,0.0,-0.006848501892818604,0.07307068404043093,2.5687791233261428,0.006927336338170184,0.08325703938802083,0.9916342347860336
41567.38272895664,1570,102920192,102891520,2662.399276301263,2184.532739529241,1548,100,1.8,3.8418746109440955,10.0,0.0,0.9,2.861817635846067,10.0,0.0,-0.006601966774420968,0.0739695158554241,2.5989364460110664,0.005535169194142024,0.0600433349609375,0.9905369393527508
41638.17478847504,1573,103088128,103088128,2372.24345699899,2777.2606325841834,1559,100,1.9,3.9230091502827715,10.0,0.0,0.7,2.551470199872923,10.0,0.0,-0.0065499690269158846,0.14510265248827636,2.588639539976915,0.005959822014726038,0.06604003906249999,0.9811718054115772
41698.175293458626,1575,103235840,103219200,2461.8459468033016,2184.5149475966905,1559,100,1.9,3.9230091502827715,10.0,0.0,0.7,2.551470199872923,10.0,0.0,-0.0042600471691306065,0.11339396614736566,2.5736444840828576,0.006611393110385204,0.07351175944010417,0.9874713259438674
41758.17589724064,1577,103405568,103350272,2828.7715339771457,2184.5113505223208,1559,100,1.9,3.9230091502827715,10.0,0.0,0.7,2.551470199872923,10.0,0.0,-0.004423015229500985,0.10713232289223622,2.592878982424736,0.005492803962018418,0.08060709635416666,0.9866207229594389
41825.25030037202,1580,103546880,103546880,2106.794744385692,2931.1926878409627,1559,100,1.9,3.9230091502827715,10.0,0.0,0.7,2.551470199872923,10.0,0.0,-0.005641744316866,0.11808255081996322,2.559802415470282,0.0062335299723296584,0.0688934326171875,0.9879271058986585
41885.25045940839,1582,103696384,103677952,2491.726728747178,2184.5275430112247,1570,100,1.7,3.7563280529881564,10.0,0.0,0.6,2.374868471355376,10.0,0.0,-0.007796166665987889,0.07767877770432582,2.571786383787791,0.007279184377087707,0.08147176106770834,0.9914450440555811
41945.25079187378,1584,103866880,103809024,2841.5842545261244,2184.521228704768,1570,100,1.7,3.7563280529881564,10.0,0.0,0.6,2.374868471355376,10.0,0.0,-0.00631623618149509,0.05915591157584761,2.58295006553332,0.006715766452543902,0.07329305013020833,0.9920892398804426
42011.6266069524,1587,104005632,104005632,2090.399942142493,2962.0427224454515,1570,100,1.7,3.7563280529881564,10.0,0.0,0.6,2.374868471355376,10.0,0.0,-0.00625648481460909,0.09306519373785706,2.567492919663588,0.007271785778357298,0.07672119140625,0.9905543935795625
42071.62697241828,1589,104159488,104136704,2564.2510475622635,2184.520027207785,1570,100,1.7,3.7563280529881564,10.0,0.0,0.6,2.374868471355376,10.0,0.0,-0.005636523647505479,0.09557784965727478,2.5933356632788978,0.006647639730241887,0.07542928059895833,0.9887072909623384
42143.27518505789,1592,104333312,104333312,2426.0758726016165,2744.0740355788535,1580,100,1.8,3.8418746265234245,10.0,0.0,0.8,2.712932012683201,10.0,0.0,-0.008703507931689577,0.05524743703426793,2.5847804844379425,0.006829474935026762,0.07100931803385417,0.9944455213844777
42203.27522628941,1594,104487680,104464384,2572.7982319939365,2184.5318321407885,1580,100,1.8,3.8418746265234245,10.0,0.0,0.8,2.712932012683201,10.0,0.0,-0.006293081140029245,0.08282125135883689,2.587608980635802,0.007009701190933508,0.08734130859375,0.990887388586998
42275.273052532226,1597,104660992,104660992,2407.183786570014,2730.749110909558,1580,100,1.8,3.8418746265234245,10.0,0.0,0.8,2.712932012683201,10.0,0.0,-0.006353503291999611,0.1018231922450165,2.5722168013453484,0.00736792359809139,0.07745869954427084,0.989887568478783
42335.27337917872,1599,104809984,104792064,2483.18648126412,2184.52144056225,1580,100,1.8,3.8418746265234245,10.0,0.0,0.8,2.712932012683201,10.0,0.0,-0.008331597154513776,0.08714076944549258,2.571454664071401,0.007448363179112979,0.08514912923177083,0.9912419573714336
42407.5102182962,1602,104988672,104988672,2473.6409037692106,2721.713773774719,1591,100,2.4,4.2708313638339295,10.0,0.0,0.8,2.712932012683201,10.0,0.0,-0.007685688287892845,0.06698620934427406,2.5923806006709738,0.006136450543029545,0.06862894694010417,0.9923234029362599
42467.510699743405,1604,105144320,105119744,2594.1125178629827,2184.5158045161957,1591,100,2.4,4.2708313638339295,10.0,0.0,0.8,2.712932012683201,10.0,0.0,-0.006328050818410702,0.08218163220832746,2.573871677120527,0.006479959546898802,0.07799784342447917,0.9911343238006035
42527.510866723955,1606,105315840,105250816,2858.6587109932843,2184.5272537739725,1591,100,2.4,4.2708313638339295,10.0,0.0,0.8,2.712932012683201,10.0,0.0,-0.0060522844578372315,0.08287698841498543,2.577943575878938,0.005841518760159185,0.06418863932291667,0.9914346548418204
42592.59448783286,1609,105447424,105447424,2021.7682691597688,3020.852199834051,1591,100,2.4,4.2708313638339295,10.0,0.0,0.8,2.712932012683201,10.0,0.0,-0.005998082085473773,0.08413720191068326,2.5893904864788055,0.008405371763728908,0.06646219889322916,0.9901289033393066
42652.594550417736,1611,105602048,105578496,2577.063978579464,2184.531054689877,1591,100,2.4,4.2708313638339295,10.0,0.0,0.8,2.712932012683201,10.0,0.0,-0.00674438458130074,0.08281497525361678,2.586883656680584,0.006090768916692468,0.0711517333984375,0.9904021670420965
42724.57375695184,1614,105775104,105775104,2404.2498984482263,2731.455505929346,1601,100,2.0,4.000000043670121,10.0,0.0,0.5,2.179449489067881,10.0,0.0,-0.0063252864420064725,0.07218656215506294,2.5836895232399306,0.007106389439286431,0.07691446940104167,0.9907120460023483
42784.57389291376,1616,105924352,105906176,2487.461030000373,2184.5283831221113,1601,100,2.0,4.000000043670121,10.0,0.0,0.5,2.179449489067881,10.0,0.0,-0.0057592462132258024,0.07741534034721553,2.58343646923701,0.006075076784327393,0.06895955403645833,0.9910576865077019
42844.5740793366,1618,106098688,106037248,2905.5909721913295,2184.526545905963,1601,100,2.0,4.000000043670121,10.0,0.0,0.5,2.179449489067881,10.0,0.0,-0.0057661777730875965,0.0721253731365626,2.5709860622882843,0.004962277746017208,0.05938212076822917,0.9920354063312212
42910.42545547336,1621,106233856,106233856,2052.622252255949,2985.632366917744,1601,100,2.0,4.000000043670121,10.0,0.0,0.5,2.179449489067881,10.0,0.0,-0.007344475180919592,0.06302894890541211,2.580950235327085,0.006108807828544134,0.0708465576171875,0.9931827535231907
42970.43273418397,1623,106394880,106364928,2683.407804186026,2184.268355712632,1601,100,2.0,4.000000043670121,10.0,0.0,0.5,2.179449489067881,10.0,0.0,-0.004034595219612432,0.0949515371855038,2.551076762378216,0.006084557935537305,0.07520548502604166,0.9906162930031618
43041.89338626899,1626,106561536,106561536,2332.1365693909297,2751.276321493447,1612,100,1.6,3.6660605961151185,10.0,0.0,0.3,1.7058722330228158,10.0,0.0,-0.004048221793103343,0.10878893857200941,2.5857819045583406,0.00626416093170216,0.0576171875,0.986928142607212
43101.89973746054,1628,106709760,106692608,2470.138527950879,2184.3021179807424,1612,100,1.6,3.6660605961151185,10.0,0.0,0.3,1.7058722330228158,10.0,0.0,-0.005818392176782557,0.07748282594063009,2.59139912823836,0.006062375832698308,0.06064351399739583,0.9894458949565887
43161.909952959046,1630,106882304,106823680,2875.2437991877014,2184.161461697482,1612,100,1.6,3.6660605961151185,10.0,0.0,0.3,1.7058722330228158,10.0,0.0,-0.009443475086300168,0.06325434183236212,2.5470761681596437,0.005759606284603554,0.07233683268229167,0.994190211718281
43228.127543114126,1633,107020288,107020288,2083.7967627158414,2969.12043370272,1612,100,1.6,3.6660605961151185,10.0,0.0,0.3,1.7058722330228158,10.0,0.0,-0.006101249976685116,0.08800787280779333,2.564761037627856,0.00562816245231564,0.06775410970052084,0.991438095147411
43288.127993926406,1635,107170048,107151360,2495.9812463500507,2184.516919882438,1623,100,1.2,3.2496153780780466,10.0,0.0,0.5,2.1794494786626912,10.0,0.0,-0.007168721150568066,0.10460075813656051,2.5510516340533895,0.0054192806661982704,0.06572469075520833,0.9902513045817614
43348.13362473808,1637,107335936,107282432,2764.540556545906,2184.328340974543,1623,100,1.2,3.2496153780780466,10.0,0.0,0.5,2.1794494786626912,10.0,0.0,-0.004635313928398925,0.11217981289761761,2.582892969250679,0.006060682150443124,0.0643768310546875,0.9882173674801986
43415.98857965693,1640,107479040,107479040,2108.9690527559887,2897.4744767738807,1623,100,1.2,3.2496153780780466,10.0,0.0,0.5,2.1794494786626912,10.0,0.0,-0.004993958469034017,0.083738502037401,2.5922234704097114,0.006977592630088718,0.074920654296875,0.9875366936127346
43475.98951024935,1642,107625728,107610112,2444.7620820490556,2184.4994520228906,1623,100,1.2,3.2496153780780466,10.0,0.0,0.5,2.1794494786626912,10.0,0.0,-0.006094194225928126,0.10055773270626864,2.565562864144643,0.007015198843267475,0.08260599772135417,0.9895239907006422
43535.99089089595,1644,107806464,107741184,3012.1973536660194,2184.483066681306,1623,100,1.2,3.2496153780780466,10.0,0.0,0.5,2.1794494786626912,10.0,0.0,-0.00799575200653635,0.08456444720892856,2.5781464974085493,0.005517022146401966,0.0693206787109375,0.9899438296755154
43602.46786130406,1647,107937792,107937792,1975.5412918753407,2957.5355012870596,1634,100,1.5,3.570714244936115,10.0,0.0,0.8,2.712932012683201,10.0,0.0,-0.007568477931878684,0.07030254780935745,2.555190215508143,0.004133616983987546,0.05642700195312501,0.992873930061857
43662.468043075874,1649,108081920,108068864,2402.1260560197893,2184.526715243574,1634,100,1.5,3.570714244936115,10.0,0.0,0.8,2.712932012683201,10.0,0.0,-0.004408930328888043,0.09346039325464517,2.58148904889822,0.006347276403175783,0.07070414225260417,0.9890101471294959
43722.46824142896,1651,108256000,108199936,2901.3237418915683,2184.5261115418866,1634,100,1.5,3.570714244936115,10.0,0.0,0.8,2.712932012683201,10.0,0.0,-0.006749491790590886,0.058755301094303526,2.5946307256817813,0.005366925691608533,0.0677490234375,0.9925543237477541
43789.209239380434,1654,108396544,108396544,2105.812084233123,2945.835483954533,1634,100,1.5,3.570714244936115,10.0,0.0,0.8,2.712932012683201,10.0,0.0,-0.007875220544519834,0.08222793246386573,2.5674093887209892,0.006673924912926547,0.0719451904296875,0.9923106972128153
43849.20951852016,1656,108553216,108527616,2611.1878518955828,2184.523170213298,1634,100,1.5,3.570714244936115,10.0,0.0,0.8,2.712932012683201,10.0,0.0,-0.007550657673467262,0.08869289358456929,2.5634450887640314,0.00604854337022213,0.06927998860677083,0.9910939962913593
43921.06607280858,1659,108724224,108724224,2379.8524949249563,2736.1178384765963,1644,100,1.3,3.363034416568014,10.0,0.0,0.7,2.551470208760969,10.0,0.0,-0.005554054170109643,0.05770133261103184,2.5835503588120146,0.007007039597131856,0.08006795247395833,0.9930397464583318
43981.066207831725,1661,108875776,108855296,2525.8609825050266,2184.5284173016444,1644,100,1.3,3.363034416568014,10.0,0.0,0.7,2.551470208760969,10.0,0.0,-0.005278974043903872,0.13525684810398766,2.5878842721382775,0.00779921004565646,0.08697001139322917,0.9832227925459543
44041.06650291383,1663,109039872,108986368,2734.9198829012994,2184.5225897745167,1644,100,1.3,3.363034416568014,10.0,0.0,0.7,2.551470208760969,10.0,0.0,-0.005357464816673503,0.09484830106763789,2.5730649332205453,0.007204271640754692,0.0701141357421875,0.9900521046171585
44107.546108355746,1666,109182976,109182976,2152.6000199420264,2957.4182742673997,1644,100,1.3,3.363034416568014,10.0,0.0,0.7,2.551470208760969,10.0,0.0,-0.0072152207455170965,0.05444287149778878,2.59305943051974,0.0057602812570015285,0.07207743326822917,0.9944804472227892
44167.54653657228,1668,109331200,109314048,2470.3823690238255,2184.5177425564743,1656,100,1.4,3.4698703890871836,10.0,0.0,0.9,2.8618176972644735,10.0,0.0,-0.006369812253979035,0.09320861646362269,2.575700511535009,0.007049441620741467,0.07683308919270833,0.989866121361653
44227.54662348889,1670,109506048,109445120,2914.129111896246,2184.5301688007,1656,100,1.4,3.4698703890871836,10.0,0.0,0.9,2.8618176972644735,10.0,0.0,-0.004956636745191645,0.07179207251950477,2.566070251166821,0.007320024992319911,0.07757059733072916,0.99286073880891
44292.98937519267,1673,109641728,109641728,2073.262454093217,3004.274650459605,1656,100,1.4,3.4698703890871836,10.0,0.0,0.9,2.8618176972644735,10.0,0.0,-0.004072575752312939,0.07898805080913007,2.581896275281906,0.007313589995343742,0.08906046549479167,0.990939532717069
44352.989469984546,1675,109793536,109772800,2530.129336071634,2184.529882071967,1656,100,1.4,3.4698703890871836,10.0,0.0,0.9,2.8618176972644735,10.0,0.0,-0.004559756683496138,0.059237787111972764,2.6011979108055434,0.0049818199828829774,0.06652323404947917,0.9932431367536386
44425.20878211409,1678,109969408,109969408,2435.2488941535807,2722.3743096214703,1666,100,1.6,3.6660606121043218,10.0,0.0,0.7,2.551470199872923,10.0,0.0,-0.006044609375142803,0.07490160219216098,2.5879229654868445,0.007522412048274418,0.07124837239583334,0.9919292485962311
44485.20909884013,1680,110112768,110100480,2389.3207206650122,2184.5218017508682,1666,100,1.6,3.6660606121043218,10.0,0.0,0.7,2.551470199872923,10.0,0.0,-0.004400041504898884,0.10802819603122771,2.578518770635128,0.007382062000639659,0.0800323486328125,0.9880090958128372
44545.209558589384,1682,110279168,110231552,2773.312082864091,2184.516594502176,1666,100,1.6,3.6660606121043218,10.0,0.0,0.7,2.551470199872923,10.0,0.0,-0.006692673164555648,0.12241854685513924,2.533318057656288,0.007352585224604505,0.07408650716145833,0.9897158903380234
44613.33447654545,1685,110428160,110428160,2187.041165995659,2885.9924664684986,1666,100,1.6,3.6660606121043218,10.0,0.0,0.7,2.551470199872923,10.0,0.0,-0.005810041014531938,0.10693530668504536,2.574973613023758,0.007068423967211856,0.078033447265625,0.9878412870069345
44673.334598172456,1687,110584576,110559232,2606.9280487859087,2184.5289050382735,1666,100,1.6,3.6660606121043218,10.0,0.0,0.7,2.551470199872923,10.0,0.0,-0.005525550133218834,0.11974814010318369,2.557144751151403,0.00600640809716424,0.08239237467447917,0.987660617257158
44745.418692996725,1690,110755840,110755840,2375.8916640004545,2727.4810133816877,1677,100,1.6,3.6660605899293004,10.0,0.0,0.6,2.374868439606987,10.0,0.0,-0.005191024407395162,0.09498506982345134,2.57937795172135,0.00663451668090905,0.07930501302083334,0.9904651238272587
44805.41879706457,1692,110903296,110886912,2457.595737388375,2184.529544345222,1677,100,1.6,3.6660605899293004,10.0,0.0,0.6,2.374868439606987,10.0,0.0,-0.005813051507478425,0.0867513133174119,2.5362301394343376,0.005421743229211036,0.06952921549479166,0.9917954597622156
44865.41917419061,1694,111078144,111017984,2914.11501685582,2184.5196026796193,1677,100,1.6,3.6660605899293004,10.0,0.0,0.6,2.374868439606987,10.0,0.0,-0.005472895538938853,0.06725409623080243,2.5723161995410915,0.008685186548367104,0.09238688151041667,0.9933303681512673
44931.88566970825,1697,111214592,111214592,2052.8839220022433,2958.001598682407,1677,100,1.6,3.6660605899293004,10.0,0.0,0.6,2.374868439606987,10.0,0.0,-0.005941484011903716,0.10500084387604147,2.554220162332058,0.00455924509030107,0.06819661458333334,0.9889629346628984
44991.88611327484,1699,111373568,111345664,2649.580412244169,2184.517183686014,1688,100,1.7,3.756328054535636,10.0,0.0,0.9,2.8618176972644735,10.0,0.0,-0.006589798892188506,0.0812007302301936,2.5665285487969713,0.008596531131843221,0.092376708984375,0.9915364043166239
45063.327749185264,1702,111542272,111542272,2361.4240890498722,2752.0086500611565,1688,100,1.7,3.756328054535636,10.0,0.0,0.9,2.8618176972644735,10.0,0.0,-0.006145588098055063,0.0597825570924518,2.586555158098539,0.004744224711733599,0.06239827473958333,0.9929264367868503
45123.33046703227,1704,111687424,111673344,2419.0904213724098,2184.43438402588,1688,100,1.7,3.756328054535636,10.0,0.0,0.9,2.8618176972644735,10.0,0.0,-0.005076539418951143,0.12391162811157604,2.5607814739147825,0.00799296475634037,0.08815002441406251,0.9876820836216211
45183.33615020104,1706,111863296,111804416,2930.922384557334,2184.326435070386,1688,100,1.7,3.756328054535636,10.0,0.0,0.9,2.8618176972644735,10.0,0.0,-0.006399439810290157,0.08201092844440913,2.587258440752824,0.005513149373048994,0.06972249348958333,0.9915781561285257
45249.30852528103,1709,112001024,112001024,2087.661689199595,2980.15646339273,1688,100,1.7,3.756328054535636,10.0,0.0,0.9,2.8618176972644735,10.0,0.0,-0.005679961604376634,0.09810458827996626,2.5886644423007965,0.005303815611720589,0.058415730794270836,0.9862044478456179
45309.30895482376,1711,112153856,112132096,2547.1817646096288,2184.5176942715743,1699,100,1.8,3.8418746053631883,10.0,0.0,0.9,2.861817670918194,10.0,0.0,-0.006161286010562132,0.06164401713370657,2.57938244442145,0.005634037541919193,0.066314697265625,0.9933336209505796
45369.309550886974,1713,112325376,112263168,2858.6382678482228,2184.5116315496866,1699,100,1.8,3.8418746053631883,10.0,0.0,0.9,2.861817670918194,10.0,0.0,-0.005796782400769493,0.08483930797471355,2.5546212047338486,0.005690934406326657,0.06508382161458333,0.9919334749380747
45435.2206538897,1716,112459776,112459776,2039.1101631911588,2982.926867296781,1699,100,1.8,3.8418746053631883,10.0,0.0,0.9,2.861817670918194,10.0,0.0,-0.005194407172287659,0.08775404353703684,2.571318050225576,0.0064388590096010985,0.0773468017578125,0.9886294653018316
45495.22109273262,1718,112612352,112590848,2542.9147343311074,2184.5173556669915,1699,100,1.8,3.8418746053631883,10.0,0.0,0.9,2.861817670918194,10.0,0.0,-0.006155552635997689,0.06554808925526838,2.5908831929167113,0.006155535431995911,0.07136027018229166,0.9927320343752701
45567.23490295187,1721,112787456,112787456,2431.5336109407745,2730.143001758063,1699,100,1.8,3.8418746053631883,10.0,0.0,0.9,2.861817670918194,10.0,0.0,-0.005173744265145312,0.09204698159980278,2.5699422508478165,0.007536692641830693,0.06753031412760417,0.9898417592048645
45627.23530697636,1723,112927232,112918528,2329.5843131811735,2184.5186233493787,1710,100,2.0,4.000000081884663,10.0,0.0,0.7,2.551470179210066,10.0,0.0,-0.003499064926775948,0.12447887317587933,2.568936854600907,0.0050196465029633455,0.06597900390625,0.9882721801598866
45687.23568085767,1725,113101568,113049600,2905.58189428724,2184.519720815076,1710,100,2.0,4.000000081884663,10.0,0.0,0.7,2.551470179210066,10.0,0.0,-0.00476761072059162,0.06986614964747181,2.5642909084757166,0.007086532634881829,0.0827789306640625,0.9925114264090856
45755.21439445019,1728,113246208,113246208,2127.7248767462306,2892.199478479832,1710,100,2.0,4.000000081884663,10.0,0.0,0.7,2.551470179210066,10.0,0.0,-0.005183196995252122,0.07992337219184265,2.5870596965154014,0.006205459112607059,0.06894938151041667,0.9911085261652867
45815.22097618505,1730,113399808,113377280,2559.719210113798,2184.2937259637742,1710,100,2.0,4.000000081884663,10.0,0.0,0.7,2.551470179210066,10.0,0.0,-0.005080080979193251,0.11417245651440074,2.5654007370273275,0.006424561219319003,0.07620747884114583,0.9892517856011789
45886.936548748985,1733,113573888,113573888,2427.366801608049,2741.4966229926204,1721,100,2.2,4.142463183818291,10.0,0.0,0.7,2.5514702294238254,10.0,0.0,-0.006074496307216274,0.07246880549549437,2.588415833810965,0.006712024828933257,0.06279500325520834,0.9917849954217671
45946.936683120206,1735,113722880,113704960,2483.1944388355187,2184.528441037432,1721,100,2.2,4.142463183818291,10.0,0.0,0.7,2.5514702294238254,10.0,0.0,-0.005288756023219321,0.11053817032370716,2.561665872732798,0.00659229284428875,0.07963053385416667,0.990161622563998
46006.93724434264,1737,113893632,113836032,2845.8400475120275,2184.512900039217,1721,100,2.2,4.142463183818291,10.0,0.0,0.7,2.5514702294238254,10.0,0.0,-0.006420656961078445,0.07170685663974534,2.5884584958354635,0.005585368580189727,0.06331380208333334,0.9905134793370962
46072.40893973783,1740,114032640,114032640,2123.177033387466,3002.9465223601733,1721,100,2.2,4.142463183818291,10.0,0.0,0.7,2.5514702294238254,10.0,0.0,-0.005282195127316905,0.10286510153673589,2.579602211713791,0.006868106082038139,0.06787109375,0.9889911425610384
46132.4091366604,1742,114189824,114163712,2619.72473528452,2184.526163624877,1730,100,2.0,4.000000051180891,10.0,0.0,1.1,3.128897635772279,10.0,0.0,-0.006424544131732546,0.08820818019254754,2.5810177102684975,0.0058519093981885826,0.06581624348958334,0.9894367177039386
46204.604733441025,1745,114360320,114360320,2361.584467790544,2723.268575470177,1730,100,2.0,4.000000051180891,10.0,0.0,1.1,3.128897635772279,10.0,0.0,-0.0062829343539002975,0.06208143734450763,2.575293637812138,0.0073521560213218136,0.08198038736979167,0.9921655897051096
46264.60507847741,1747,114501632,114491392,2355.186456249556,2184.520771014081,1730,100,2.0,4.000000051180891,10.0,0.0,1.1,3.128897635772279,10.0,0.0,-0.005064892091468209,0.12684484660470238,2.5437542051076893,0.007966016747256313,0.09116617838541666,0.989056491603454
46324.611777335405,1749,114679808,114622464,2969.268488200913,2184.2894625845797,1730,100,2.0,4.000000051180891,10.0,0.0,1.1,3.128897635772279,10.0,0.0,-0.005931545199321893,0.09569156998380399,2.578234059115251,0.004826884614885785,0.056849161783854164,0.9904381620387236
46390.00035738945,1752,114819072,114819072,2129.7908577445182,3006.7635638746137,1741,100,2.3,4.208325172734739,10.0,0.0,0.7,2.551470199872923,10.0,0.0,-0.006775285711531372,0.08945682877674699,2.5754909465710325,0.005635001673605681,0.061177571614583336,0.9904388717065254
46450.00054969452,1754,114967040,114950144,2466.1254291928162,2184.5263317417334,1741,100,2.3,4.208325172734739,10.0,0.0,0.7,2.551470199872923,10.0,0.0,-0.005356633150465011,0.09384649151858564,2.5656858111421266,0.006921624009313139,0.07577006022135416,0.9903290787090858
46510.001020336524,1756,115140352,115081216,2888.510675759288,2184.5161979154436,1741,100,2.3,4.208325172734739,10.0,0.0,0.7,2.551470199872923,10.0,0.0,-0.005746392329456285,0.10958272350641587,2.5736357495188713,0.0063523249245918114,0.07144673665364583,0.9901221053053936
46577.32342194766,1759,115277824,115277824,2041.9948889236239,2920.3949249410484,1741,100,2.3,4.208325172734739,10.0,0.0,0.7,2.551470199872923,10.0,0.0,-0.005857124374112269,0.09870704507920891,2.577168310681979,0.007099251708496013,0.07524617513020833,0.9911258202046156
46637.323733506724,1761,115433984,115408896,2602.653151996906,2184.5219898728133,1741,100,2.3,4.208325172734739,10.0,0.0,0.7,2.551470199872923,10.0,0.0,-0.0047516845928233424,0.0914586316794157,2.5919488767782846,0.005345134281621236,0.06081644694010417,0.9903060346841812
46697.32434910908,1763,115603456,115539968,2824.5043538076047,2184.510920165398,1751,100,2.0,4.00000009512296,10.0,0.0,0.8,2.7129320210422696,10.0,0.0,-0.005933317084175845,0.08394217064293723,2.5645308196544647,0.005190690013478161,0.06154886881510417,0.9917852419118086
46762.874803511426,1766,115736576,115736576,2030.8020930399985,2999.338475874459,1751,100,2.0,4.00000009512296,10.0,0.0,0.8,2.7129320210422696,10.0,0.0,-0.005275092114364573,0.1519451888743788,2.5898103639483456,0.006423264834059713,0.06256612141927083,0.9832918209334214
46822.874817440286,1768,115887104,115867648,2508.7994175880513,2184.5328261991194,1751,100,2.0,4.00000009512296,10.0,0.0,0.8,2.7129320210422696,10.0,0.0,-0.006983263956499286,0.11494137102272363,2.5806356469790144,0.005141761541381129,0.06199137369791667,0.9874109706530968
46882.8751850687,1770,116063232,115998720,2935.448680761125,2184.5199484733953,1751,100,2.0,4.00000009512296,10.0,0.0,0.8,2.7129320210422696,10.0,0.0,-0.0044708788142694775,0.10846233930593978,2.567192109922568,0.006646112898427721,0.08015950520833333,0.9906693523128828
46946.97850207426,1773,116195328,116195328,2060.6733968000917,3067.0487766326946,1762,100,1.7,3.7563280449901653,10.0,0.0,0.9,2.8618176279218774,10.0,0.0,-0.005934853317739908,0.08162306683758894,2.557791478931904,0.006045999863393566,0.07476806640625,0.9935149475932121
47006.97857910022,1775,116349440,116326400,2568.5300359415955,2184.5305289071375,1762,100,1.7,3.7563280449901653,10.0,0.0,0.9,2.8618176279218774,10.0,0.0,-0.0064995423357080044,0.07957365637412295,2.5836860239505763,0.006041873934009345,0.06702168782552084,0.9924107746531565
47078.22855123691,1778,116523008,116523008,2436.043057911859,2759.4116054222827,1762,100,1.7,3.7563280449901653,10.0,0.0,0.9,2.8618176279218774,10.0,0.0,-0.007447153841591596,0.0775452420542327,2.5964131727814674,0.004928810601995792,0.05155436197916667,0.9914790224283934
47138.23063816875,1780,116674560,116654080,2525.7788145295367,2184.457353106626,1762,100,1.7,3.7563280449901653,10.0,0.0,0.9,2.8618176279218774,10.0,0.0,-0.004685868424227617,0.12480489634132633,2.564302735030651,0.007235146938910476,0.07741292317708333,0.9883078808585802
47198.23117466085,1782,116849152,116785152,2909.840648224938,2184.513800426933,1762,100,1.7,3.7563280449901653,10.0,0.0,0.9,2.8618176279218774,10.0,0.0,-0.0069191963169335695,0.12832754706808674,2.5696101809541387,0.006684559961892471,0.076446533203125,0.9866638934860628
47263.71317830868,1785,116981760,116981760,2025.1060232239283,3002.4737950501485,1772,100,1.7,3.756328023348026,10.0,0.0,0.6,2.3748684174075834,10.0,0.0,-0.006124961735622492,0.054928717960137874,2.5818587367733317,0.006900546736990995,0.080596923828125,0.9947875738143921
47323.71356090717,1787,117131008,117112832,2487.4508050846534,2184.5194034362653,1772,100,1.7,3.756328023348026,10.0,0.0,0.6,2.3748684174075834,10.0,0.0,-0.0052655047620646656,0.12021333095617592,2.5885710294047994,0.005758003169224442,0.07287089029947916,0.9889723329494396
47395.68100142479,1790,117309440,117309440,2479.343418588241,2731.9020738533272,1772,100,1.7,3.756328023348026,10.0,0.0,0.6,2.3748684174075834,10.0,0.0,-0.006396463499792541,0.09437304310267791,2.5755470345417657,0.007234751587626912,0.08091227213541667,0.991066752622525
47455.68134214729,1792,117462272,117440512,2547.18553527622,2184.5209280760882,1772,100,1.7,3.756328023348026,10.0,0.0,0.6,2.3748684174075834,10.0,0.0,-0.006961763528427886,0.07347944343928248,2.594339355826378,0.007242345813210704,0.0761871337890625,0.9907970689237118
47526.84684673883,1795,117637120,117637120,2456.9206809332,2762.6867978868195,1783,100,1.8,3.8418745748700296,10.0,0.0,0.7,2.551470199872923,10.0,0.0,-0.007061353232226489,0.0984591287560761,2.5608390445510545,0.008076237988158633,0.09488423665364583,0.9897512129197519
47586.853847568855,1797,117784576,117768192,2457.3132794568937,2184.27847062835,1783,100,1.8,3.8418745748700296,10.0,0.0,0.7,2.551470199872923,10.0,0.0,-0.006788848186261021,0.0811033616385733,2.576839384933313,0.005507601712452015,0.0629425048828125,0.9917442525426547
47646.85403827205,1799,117963520,117899264,2982.3905208098176,2184.526390063844,1783,100,1.8,3.8418745748700296,10.0,0.0,0.7,2.551470199872923,10.0,0.0,-0.006676567463728134,0.08302157515815148,2.572407667835553,0.005850024712344749,0.0699005126953125,0.991880921026071
47712.159464670345,1802,118095872,118095872,2026.661600719005,3010.5920877218487,1783,100,1.8,3.8418745748700296,10.0,0.0,0.7,2.551470199872923,10.0,0.0,-0.007040810635468612,0.06646472460124642,2.5952199896176653,0.006965133849613872,0.07625325520833334,0.992275000239412
47772.159867908806,1804,118254336,118226944,2641.048917125013,2184.5186519677004,1783,100,1.8,3.8418745748700296,10.0,0.0,0.7,2.551470199872923,10.0,0.0,-0.0061128129236749365,0.09061621948300551,2.547170989215374,0.00471833357308545,0.057210286458333336,0.9927068036049604
47841.730106532574,1807,118423552,118423552,2432.30443573883,2826.0360161080507,1794,100,1.7,3.7563280590253245,10.0,0.0,0.7,2.551470199872923,10.0,0.0,-0.006637916162920495,0.07593091674304256,2.563985320429007,0.006900547243882708,0.07686360677083333,0.9923833217471838
47901.74149378389,1809,118576384,118554624,2546.716664955028,2184.118814835803,1794,100,1.7,3.7563280590253245,10.0,0.0,0.7,2.551470199872923,10.0,0.0,-0.004706825714189714,0.11046648009990652,2.5351166600982347,0.007279944350254179,0.08394368489583333,0.9900371407469114
47961.74811746739,1811,118748416,118685696,2866.8835111833046,2184.2921989968036,1794,100,1.7,3.7563280590253245,10.0,0.0,0.7,2.551470199872923,10.0,0.0,-0.00536812651019621,0.053391324065160006,2.5743260482947035,0.005521529314743626,0.07843017578125,0.9934195882330338
48027.07462914474,1814,118882304,118882304,2049.5201192016543,3009.6203662464063,1794,100,1.7,3.7563280590253245,10.0,0.0,0.7,2.551470199872923,10.0,0.0,-0.005467360659774082,0.05466781023036068,2.589303120970726,0.004951550952682738,0.050211588541666664,0.9938569242755572
48087.07505464926,1816,119033856,119013376,2525.8487539989496,2184.517841296389,1794,100,1.7,3.7563280590253245,10.0,0.0,0.7,2.551470199872923,10.0,0.0,-0.006026221422265128,0.07582570841380705,2.553954653441906,0.006531710572138157,0.07150777180989584,0.9931550528854133
48159.132138123736,1819,119209984,119209984,2444.2843299701035,2728.503438106162,1805,100,1.9,3.9230091182061937,10.0,0.0,0.8,2.7129320488344324,10.0,0.0,-0.0029273006609097743,0.10443279500274609,2.559176368017991,0.008794001441250051,0.09006245930989584,0.9881443306803703
48219.13260300085,1821,119363584,119341056,2559.9801653968266,2184.5164078052917,1805,100,1.9,3.9230091182061937,10.0,0.0,0.8,2.7129320488344324,10.0,0.0,-0.006104855082715706,0.05460813043949504,2.5490420858065286,0.0088372581370398,0.10131327311197917,0.9940879233181477
48291.52238097228,1824,119537664,119537664,2404.75941325169,2715.9635726136735,1805,100,1.9,3.9230091182061937,10.0,0.0,0.8,2.7129320488344324,10.0,0.0,-0.004820913515383533,0.06730042522152264,2.5572206427653628,0.005570905408603721,0.06142679850260417,0.9932673387229443
48351.5327111762,1826,119698432,119668736,2679.0054221280834,2184.1572868305393,1805,100,1.9,3.9230091182061937,10.0,0.0,0.8,2.7129320488344324,10.0,0.0,-0.006762245725743316,0.08051346091087908,2.558816559612751,0.004911266266086993,0.05927530924479167,0.9910692336658636
48422.60754130222,1829,119865344,119865344,2348.3981559162526,2766.2113247602483,1816,100,2.4,4.270831412023929,10.0,0.0,0.8,2.7129320404753634,10.0,0.0,-0.0064386755984742194,0.07098911073990166,2.5609019746383033,0.006255565439156878,0.07197062174479167,0.9925903286784887
48482.60801976733,1831,120013824,119996416,2474.6469327963823,2184.5159130892202,1816,100,2.4,4.270831412023929,10.0,0.0,0.8,2.7129320404753634,10.0,0.0,-0.004055771112083069,0.10434538320017357,2.558748302360376,0.007073896999524247,0.08306884765625,0.9894781640420357
48542.6219488401,1833,120187136,120127488,2887.8629124558306,2184.0263089769355,1816,100,2.4,4.270831412023929,10.0,0.0,0.8,2.7129320404753634,10.0,0.0,-0.0054612691286214,0.09509420680115,2.5514081567525864,0.006551762939125182,0.07111104329427083,0.9918386867890755
48609.44394613989,1836,120324096,120324096,2049.6244580290277,2942.2646425538187,1816,100,2.4,4.270831412023929,10.0,0.0,0.8,2.7129320404753634,10.0,0.0,-0.005239643007371341,0.06927073851693422,2.575696801145871,0.0059606644129720126,0.06363932291666667,0.992686706284682
48669.444235039875,1838,120481792,120455168,2628.2540116241294,2184.5228148564192,1816,100,2.4,4.270831412023929,10.0,0.0,0.8,2.7129320404753634,10.0,0.0,-0.003281944365880918,0.10819412127602845,2.5670175155003863,0.006486227017376222,0.0713043212890625,0.9888473246246576
48741.47934795171,1841,120651776,120651776,2359.7380933940585,2729.335626094333,1827,100,2.0,4.000000122202066,10.0,0.0,0.9,2.8618176094997874,10.0,0.0,-0.0028532089205934126,0.1000685557955876,2.5703403825561204,0.006934592437270719,0.0714111328125,0.9902978433916966
48801.479660488665,1843,120801280,120782848,2491.720354088469,2184.5219542693426,1827,100,2.0,4.000000122202066,10.0,0.0,0.9,2.8618176094997874,10.0,0.0,-0.004427069655018082,0.07880970148835331,2.5797872344652815,0.004873847413061109,0.056427001953125,0.992851839090387
48861.48928876594,1845,120976896,120913920,2926.4637199313015,2184.182834700913,1827,100,2.0,4.000000122202066,10.0,0.0,0.9,2.8618176094997874,10.0,0.0,-0.00599540433177026,0.0685829307185486,2.5767046958208084,0.0066885220943125505,0.06746419270833334,0.994351314380765
48926.41468162276,1848,121110528,121110528,2058.23937476506,3028.214252527904,1827,100,2.0,4.000000122202066,10.0,0.0,0.9,2.8618176094997874,10.0,0.0,-0.0053532270540017635,0.07924018328776583,2.5701249266664186,0.006431021976216774,0.0750732421875,0.9931857958436012
48986.41505502723,1850,121260032,121241600,2491.717826356967,2184.5197381759713,1827,100,2.0,4.000000122202066,10.0,0.0,0.9,2.8618176094997874,10.0,0.0,-0.003710536310488048,0.10518872555500518,2.5576877295970917,0.006471165715993266,0.074859619140625,0.9905314048131307
49059.32458664477,1853,121438208,121438208,2443.795701975718,2696.602153904241,1838,100,1.6,3.6660606584405864,10.0,0.0,0.6,2.374868439606987,10.0,0.0,-0.005179274111772733,0.08836100264064346,2.5839246436953545,0.006674647133574277,0.06473795572916666,0.9908516779541969
49119.32491502911,1855,121593600,121569280,2589.8524922166525,2184.5213772898287,1838,100,1.6,3.6660606584405864,10.0,0.0,0.6,2.374868439606987,10.0,0.0,-0.0063143613272889825,0.06439312557146575,2.5860420142610865,0.004941021215320991,0.063323974609375,0.9939902586241564
49191.46042814106,1858,121765888,121765888,2388.393629814788,2725.5368613636806,1838,100,1.6,3.6660606584405864,10.0,0.0,0.6,2.374868439606987,10.0,0.0,-0.004072616112049824,0.07617545015333842,2.564849890768528,0.006070857922168215,0.07306416829427083,0.9923258417596419
49251.46047506109,1860,121923072,121896960,2619.7312847021017,2184.5316250284627,1838,100,1.6,3.6660606584405864,10.0,0.0,0.6,2.374868439606987,10.0,0.0,-0.004564211754768621,0.08694864206093675,2.5731470858057337,0.0052318547914183,0.06690979003906251,0.9914300702512264
49323.003527056426,1863,122093568,122093568,2383.1244997922718,2748.107531291989,1850,100,1.9,3.9230091422880413,10.0,0.0,0.7,2.551470179210066,10.0,0.0,-0.006040027651276128,0.06572188935630645,2.586664984623591,0.006399872109492813,0.080413818359375,0.9935493785887956
49383.00387613103,1865,122243328,122224640,2495.9854785810357,2184.5206239888726,1850,100,1.9,3.9230091422880413,10.0,0.0,0.7,2.551470179210066,10.0,0.0,-0.0057846653411009665,0.09467910350455591,2.5322444041570025,0.0055533525204130765,0.06818135579427083,0.992136849090457
49443.004335595295,1867,122416896,122355712,2892.7778478657806,2184.516604877994,1850,100,1.9,3.9230091422880413,10.0,0.0,0.7,2.551470179210066,10.0,0.0,-0.006258961509350532,0.08948900806717575,2.571469195187092,0.0056843518608123604,0.06372578938802084,0.9893319625407456
49509.12668386474,1870,122552320,122552320,2048.082131749904,2973.3971213306736,1850,100,1.9,3.9230091422880413,10.0,0.0,0.7,2.551470179210066,10.0,0.0,-0.004107534145684137,0.1256869595963508,2.5723055154085155,0.007271011047123466,0.0858917236328125,0.9878283229966959
49569.12679742463,1872,122705920,122683392,2559.995154787333,2184.5291987518576,1850,100,1.9,3.9230091422880413,10.0,0.0,0.7,2.551470179210066,10.0,0.0,-0.004422329776086068,0.08576667700738957,2.5770528813203173,0.006488931917677594,0.07827250162760417,0.9919118278970321
49640.962561920285,1875,122880000,122880000,2423.3054554674795,2736.909690880918,1862,100,2.3,4.208325052128871,10.0,0.0,0.7,2.551470179210066,10.0,0.0,-0.004984537835601562,0.14394748086730638,2.5491114829977355,0.006398276615072973,0.074798583984375,0.9879409465938807
49700.96313946135,1877,123025408,123011072,2423.443339365751,2184.512305907156,1862,100,2.3,4.208325052128871,10.0,0.0,0.7,2.551470179210066,10.0,0.0,-0.0036836148356087506,0.10551062723000844,2.5620326201121015,0.007042018466866769,0.07784525553385417,0.9910207899908225
49760.97034097649,1879,123202560,123142144,2952.1789973043396,2184.271165635581,1862,100,2.3,4.208325052128871,10.0,0.0,0.7,2.551470179210066,10.0,0.0,-0.005621372147288639,0.0996371885218347,2.555625001589457,0.006722640797912997,0.07366943359375,0.991630479072531
49826.89052547701,1882,123338752,123338752,2066.013635003328,2982.515924215331,1862,100,2.3,4.208325052128871,10.0,0.0,0.7,2.551470179210066,10.0,0.0,-0.005821905317134224,0.07677082581600796,2.582928478717804,0.007226940570035367,0.07355753580729167,0.9914024925480286
49886.89569598064,1884,123483904,123469824,2418.991543257361,2184.345097262379,1873,100,2.1,4.073082503707986,10.0,0.0,0.8,2.712932012683201,10.0,0.0,-0.0037959926861124886,0.11141119486031434,2.581281820933024,0.007028020016150549,0.07332356770833333,0.9889354910701512
49946.89622130059,1886,123662336,123600896,2973.8406297032116,2184.5142071851424,1873,100,2.1,4.073082503707986,10.0,0.0,0.8,2.712932012683201,10.0,0.0,-0.005730758084003658,0.0742725416009004,2.573141361276309,0.00648671741085612,0.06984965006510417,0.9932352590064208
50013.505808016285,1889,123797504,123797504,2029.2574487351417,2951.6471981602062,1873,100,2.1,4.073082503707986,10.0,0.0,0.8,2.712932012683201,10.0,0.0,-0.008527311869935753,0.05170240057244276,2.5630545864502587,0.006378352823351937,0.07047017415364583,0.9956424192835888
50073.50583350472,1891,123944704,123928576,2453.3322911399396,2184.532405328085,1873,100,2.1,4.073082503707986,10.0,0.0,0.8,2.712932012683201,10.0,0.0,-0.00777778418220502,0.08118726932055627,2.5303125232458115,0.00786342839152591,0.08489990234375,0.9929610614975294
50145.637164572254,1894,124125184,124125184,2502.102724695698,2725.69488307276,1873,100,2.1,4.073082503707986,10.0,0.0,0.8,2.712932012683201,10.0,0.0,-0.004710341626681232,0.1164230378344655,2.5433282429973283,0.00777958913022303,0.08201090494791667,0.9901047913978498
50205.637306880206,1896,124282368,124256256,2619.727119866644,2184.5281520712083,1884,100,1.8,3.8418746343433248,10.0,0.0,1.0,3.000000017573554,10.0,0.0,-0.004152446374064311,0.08369123774658267,2.565878060956796,0.007595677222222246,0.0826416015625,0.9921364101270834
50277.09287592769,1899,124452864,124452864,2386.0421556045376,2751.472035291719,1884,100,1.8,3.8418746343433248,10.0,0.0,1.0,3.000000017573554,10.0,0.0,-0.004018677046891147,0.09667397205096981,2.5546601389845214,0.006695480946897685,0.07915751139322916,0.9917129650712013
50337.093034084886,1901,124597248,124583936,2406.393656858634,2184.527575020604,1884,100,1.8,3.8418746343433248,10.0,0.0,1.0,3.000000017573554,10.0,0.0,-0.003770300238102209,0.12976092577446252,2.5394610290726027,0.0073302492322303205,0.07286580403645833,0.9881211289515098
50397.093096001074,1903,124779520,124715008,3037.8635317845374,2184.531079036072,1884,100,1.8,3.8418746343433248,10.0,0.0,1.0,3.000000017573554,10.0,0.0,-0.006220039091810274,0.09836196394947669,2.555764275292556,0.00668188765727488,0.07852172851562499,0.988359933719039
50461.75683110766,1906,124911616,124911616,2042.8142572070994,3040.4677316570783,1884,100,1.8,3.8418746343433248,10.0,0.0,1.0,3.000000017573554,10.0,0.0,-0.006391125925195714,0.08781455360197772,2.5504722595214844,0.007537976300833786,0.0779266357421875,0.9913514064004024
50521.75790409185,1908,125060864,125042688,2487.4221839220963,2184.4942678698344,1895,100,1.8,3.8418745748700296,10.0,0.0,0.8,2.7129320210422696,10.0,0.0,-0.007781991536224572,0.05436364340130239,2.5426782394448915,0.005670529365791784,0.07076009114583334,0.995071804150939
50581.76290808804,1910,125233664,125173760,2879.759828213028,2184.3511585852893,1895,100,1.8,3.8418745748700296,10.0,0.0,0.8,2.7129320210422696,10.0,0.0,-0.006140619319921825,0.07067769577649112,2.573445096611976,0.006272313979328222,0.068267822265625,0.9924778609226147
50648.525189748034,1913,125370368,125370368,2047.6232477525448,2944.8963563182665,1895,100,1.8,3.8418745748700296,10.0,0.0,0.8,2.7129320210422696,10.0,0.0,-0.005098403556379101,0.06674899269516268,2.5716952681541443,0.004972491199926784,0.06342061360677083,0.9930295745531718
50708.525435265154,1915,125523968,125501440,2559.9895246457545,2184.5243943643773,1895,100,1.8,3.8418745748700296,10.0,0.0,0.8,2.7129320210422696,10.0,0.0,-0.005918115758201263,0.07739198458148167,2.5631452774008117,0.006615780166612239,0.07175699869791667,0.992883379260699
50780.15066420473,1918,125698048,125698048,2430.4285316400387,2744.9545769111023,1906,100,1.8,3.841874603124195,10.0,0.0,0.9,2.8618176972644735,10.0,0.0,-0.006968807356315665,0.06663103244500235,2.5692211662729583,0.00650419166595384,0.07643636067708333,0.9933426367739836
50840.154519988224,1920,125844224,125829120,2436.1101147805657,2184.392957561558,1906,100,1.8,3.841874603124195,10.0,0.0,0.9,2.8618176972644735,10.0,0.0,-0.005617629930687448,0.087570765404962,2.5725200871626535,0.007372740864714918,0.0773773193359375,0.9916691190252701
50900.154684539884,1922,126021632,125960192,2956.791890916414,2184.5273422066434,1906,100,1.8,3.841874603124195,10.0,0.0,0.9,2.8618176972644735,10.0,0.0,-0.0043338204341125675,0.0840594529484709,2.5697127853830652,0.007182338796458983,0.0735015869140625,0.9913171157240868
50965.57569092512,1925,126156800,126156800,2066.125354355635,3005.273242699105,1906,100,1.8,3.841874603124195,10.0,0.0,0.9,2.8618176972644735,10.0,0.0,-0.004337063980832075,0.13782696806204817,2.5418674821654954,0.007670283025314954,0.07976277669270833,0.9888436663895845
51025.57754667662,1927,126311424,126287872,2576.9869625429997,2184.465769572874,1906,100,1.8,3.841874603124195,10.0,0.0,0.9,2.8618176972644735,10.0,0.0,-0.00784070516237989,0.06125926955913504,2.572285252312819,0.005557368824156583,0.06884256998697916,0.993649530534943
51096.69585702382,1930,126484480,126484480,2433.3536490833512,2764.520122035523,1916,100,1.8,3.8418746417809206,10.0,0.0,0.5,2.179449489067881,10.0,0.0,-0.007307387791418781,0.10785927365456396,2.5469219659765563,0.005285035623577036,0.06563313802083333,0.990426189576586
51156.69659292139,1932,126635520,126615552,2517.3024587205923,2184.5065404490565,1916,100,1.8,3.8418746417809206,10.0,0.0,0.5,2.179449489067881,10.0,0.0,-0.007397986790844394,0.0706166003171044,2.559619622925917,0.006843958869770479,0.07873026529947917,0.9932348690927029
51228.90592139587,1935,126812160,126812160,2446.221336380868,2722.7507048413136,1916,100,1.8,3.8418746417809206,10.0,0.0,0.5,2.179449489067881,10.0,0.0,-0.00698160492174793,0.05907854354397083,2.566012514134248,0.005451877600232062,0.0644073486328125,0.9945199564099312
51288.90618452057,1937,126969856,126943232,2628.2551406857187,2184.5237532972205,1916,100,1.8,3.8418746417809206,10.0,0.0,0.5,2.179449489067881,10.0,0.0,-0.003650211484152048,0.11666240446114291,2.5588788886864977,0.008303819141171212,0.0857696533203125,0.9893536691864331
51360.63845656067,1940,127139840,127139840,2369.7004871806876,2740.858394811398,1927,100,1.8,3.8418746265234245,10.0,0.0,0.7,2.5514702294238254,10.0,0.0,-0.0062884812262685354,0.13235060238124183,2.5095472782850266,0.0069664665024902215,0.0778045654296875,0.988304582114021
51420.63872457482,1942,127286528,127270912,2444.789079365636,2184.5235752795907,1927,100,1.8,3.8418746265234245,10.0,0.0,0.7,2.5514702294238254,10.0,0.0,-0.007321145700795266,0.07838228841622671,2.5392130762338634,0.006546762597887816,0.082855224609375,0.992409523576498
51492.25334590487,1945,127467520,127467520,2527.3051318089965,2745.3611615690374,1927,100,1.8,3.8418746265234245,10.0,0.0,0.7,2.5514702294238254,10.0,0.0,-0.006170590919888734,0.08848927038100858,2.547334293524424,0.006939573150399761,0.07755533854166666,0.9917062843839327
51552.25352075137,1947,127614720,127598592,2453.3261840750492,2184.5269673850876,1927,100,1.8,3.8418746265234245,10.0,0.0,0.7,2.5514702294238254,10.0,0.0,-0.004883903833009147,0.09116028842981905,2.568822465837002,0.005982491843800138,0.06664530436197916,0.9896629123638073
51624.02318206616,1950,127795200,127795200,2514.71160228004,2739.4305114199583,1938,100,2.3,4.208325224985218,10.0,0.0,0.7,2.551470208760969,10.0,0.0,-0.007126123030805804,0.07109827129170299,2.5804452498753867,0.005026393288062536,0.06545003255208334,0.9915135540068148
51684.02339227684,1952,127949056,127926272,2564.2576827607722,2184.525679822821,1938,100,2.3,4.208325224985218,10.0,0.0,0.7,2.551470208760969,10.0,0.0,-0.00811264754399114,0.08167942943206678,2.5696427722771964,0.006047810803162671,0.0779571533203125,0.9914393493284781
51756.982659129426,1955,128122880,128122880,2382.480080991047,2694.763920767488,1938,100,2.3,4.208325224985218,10.0,0.0,0.7,2.551470208760969,10.0,0.0,-0.006940598412863134,0.06277300995619346,2.581697305043538,0.006685897629722603,0.074462890625,0.9933767542243004
51816.99377883598,1957,128278016,128253952,2585.1209035690003,2184.1285521903105,1938,100,2.3,4.208325224985218,10.0,0.0,0.7,2.551470208760969,10.0,0.0,-0.007403021464900424,0.08401401775578658,2.531822798152765,0.007300539383019593,0.08035786946614584,0.9928914221624533
51887.3717987407,1960,128450560,128450560,2451.6745460244683,2793.599482710373,1938,100,2.3,4.208325224985218,10.0,0.0,0.7,2.551470208760969,10.0,0.0,-0.007268926140871675,0.07011118537047878,2.5657877723375955,0.0068162264506099746,0.07113138834635416,0.992513986925284
51947.37245356105,1962,128608000,128581632,2623.9713628357745,2184.5094923120596,1949,100,1.7,3.7563280373831858,10.0,0.0,0.7,2.551470179210066,10.0,0.0,-0.006184456714739403,0.07575230114161968,2.533788380523523,0.006209195077948,0.06806437174479167,0.9933055881410837
52018.90386705659,1965,128778240,128778240,2379.933398221091,2748.5546614042073,1949,100,1.7,3.7563280373831858,10.0,0.0,0.7,2.551470179210066,10.0,0.0,-0.0070805024103416745,0.08641712231716761,2.5612799252072973,0.0072845355098252185,0.08038330078125,0.9909737246731917
52078.90390475467,1967,128924160,128909312,2431.998471972313,2184.531960789165,1949,100,1.7,3.7563280373831858,10.0,0.0,0.7,2.551470179210066,10.0,0.0,-0.004459504256374203,0.11584140767809005,2.5594244326154394,0.006911687529282062,0.06675211588541667,0.9884711392223835
52151.14256754331,1970,129105920,129105920,2516.104160618153,2721.6450638799174,1949,100,1.7,3.7563280373831858,10.0,0.0,0.7,2.551470179210066,10.0,0.0,-0.006259310997847933,0.04280066418383892,2.5579364970326424,0.00542225822027831,0.06634521484375,0.9953409191220999
52211.15192173608,1972,129261312,129236992,2589.4629610718002,2184.1928106569385,1960,100,2.0,4.000000109719174,10.0,0.0,0.6,2.3748684491559726,10.0,0.0,-0.005479186191223562,0.06830095061256239,2.570018557210763,0.005851121904318764,0.07638549804687499,0.992399592573444
52282.88414613716,1975,129433600,129433600,2401.8215165984766,2740.860215078202,1960,100,2.0,4.000000109719174,10.0,0.0,0.6,2.3748684491559726,10.0,0.0,-0.006627614619598414,0.07515808949635054,2.5615884140133858,0.005909335556376997,0.067474365234375,0.9915785870204369
52342.885533016175,1977,129581056,129564672,2457.5431947487023,2184.4828397766246,1960,100,2.0,4.000000109719174,10.0,0.0,0.6,2.3748684491559726,10.0,0.0,-0.006678734930270973,0.04511444815822566,2.567326709628105,0.005655044555169297,0.06531778971354167,0.9946923032402992
52402.886212198064,1979,129760256,129695744,2986.6328588842343,2184.5086053553255,1960,100,2.0,4.000000109719174,10.0,0.0,0.6,2.3748684491559726,10.0,0.0,-0.0042058726855126825,0.10236207516087839,2.5383117546637854,0.008776720931564341,0.08219401041666667,0.9898468883087238
52468.85200333968,1982,129892352,129892352,2002.4924694137055,2980.453907964585,1960,100,2.0,4.000000109719174,10.0,0.0,0.6,2.3748684491559726,10.0,0.0,-0.0064771107863634825,0.07944011573757355,2.5526271114746732,0.005773416894347368,0.0661468505859375,0.9923654142767191
52528.852352481335,1984,130048256,130023424,2598.3848799266098,2184.5206215474946,1972,100,1.7,3.7563280997807356,10.0,0.0,0.9,2.861817635846067,10.0,0.0,-0.005760970506041001,0.09151068686818083,2.5336564282576246,0.005177242024122582,0.05809529622395833,0.9921314492821693
52600.20229057036,1987,130220032,130220032,2407.514352509512,2755.545488416252,1972,100,1.7,3.7563280997807356,10.0,0.0,0.9,2.861817635846067,10.0,0.0,-0.007117095966047297,0.07266941503621638,2.5445374498764672,0.00663646194213167,0.07479349772135416,0.9930008581529062
52660.203221729025,1989,130363648,130351104,2393.5628535536043,2184.499431407211,1972,100,1.7,3.7563280997807356,10.0,0.0,0.9,2.861817635846067,10.0,0.0,-0.006763193394969373,0.08369679256187132,2.522059679031372,0.005763016076646939,0.061314900716145836,0.9914832555999359
52720.20343700424,1991,130539520,130482176,2931.1894831259888,2184.52549543014,1972,100,1.7,3.7563280997807356,10.0,0.0,0.9,2.861817635846067,10.0,0.0,-0.005228984082350507,0.08247439538051064,2.5537846187750497,0.005532213231466207,0.06084696451822917,0.9906213097274303
52786.586945803836,1994,130678784,130678784,2097.8704277355723,2961.6994273913965,1972,100,1.7,3.7563280997807356,10.0,0.0,0.9,2.861817635846067,10.0,0.0,-0.0029924721481317347,0.07862325094174595,2.551908291876316,0.005985950886194284,0.06753031412760417,0.9916230086237192
52846.58728603646,1996,130832128,130809856,2555.718841017807,2184.520945911715,1983,100,1.6,3.6660606600490504,10.0,0.0,1.0,3.000000017573554,10.0,0.0,-0.005737861458328552,0.06476029241457582,2.5857655579845114,0.006125993855675915,0.06002298990885417,0.9921448174864054
52906.58737461083,1998,131003904,130940928,2862.9291069645487,2184.5301084438884,1983,100,1.6,3.6660606600490504,10.0,0.0,1.0,3.000000017573554,10.0,0.0,-0.004754074007602563,0.09825462194082016,2.5390003472566605,0.0074867115308734355,0.07183329264322917,0.9918417111039162
52972.51363179274,2001,131137536,131137536,2026.9920622258971,2982.241194999021,1983,100,1.6,3.6660606600490504,10.0,0.0,1.0,3.000000017573554,10.0,0.0,-0.003972533328730302,0.03691452489389728,2.551908440887928,0.005904501531404094,0.06973775227864584,0.9963447557141384
53032.513758808374,2003,131288320,131268608,2513.0613466986056,2184.5287088449677,1983,100,1.6,3.6660606600490504,10.0,0.0,1.0,3.000000017573554,10.0,0.0,-0.006410146266716765,0.05803422920871527,2.5662090877691903,0.006018820184181095,0.05761718749999999,0.9939599602172773
53104.331255853176,2006,131465216,131465216,2463.1323462811224,2737.6058494123035,1983,100,1.6,3.6660606600490504,10.0,0.0,1.0,3.000000017573554,10.0,0.0,-0.004687188663713944,0.05294259377600004,2.5783079837759337,0.0065929179145314265,0.07061767578125,0.993671132872502
53164.33164594881,2008,131613184,131596288,2466.1172996400487,2184.5191304769983,1994,100,1.9,3.92300911461822,10.0,0.0,0.8,2.712932032116295,10.0,0.0,-0.006291369238169864,0.0751435697893612,2.566581465303898,0.0053981658220436666,0.060618082682291664,0.9916985463351011
53224.34047299251,2010,131785984,131727360,2879.576364226724,2184.2119977541965,1994,100,1.9,3.92300911461822,10.0,0.0,0.8,2.712932032116295,10.0,0.0,-0.006440431233689499,0.07199793448671699,2.5645638008912406,0.006834366829934879,0.074188232421875,0.9931626400599878
53291.88135249168,2013,131923968,131923968,2042.9701393169062,2910.948176243755,1994,100,1.9,3.92300911461822,10.0,0.0,0.8,2.712932032116295,10.0,0.0,-0.0035435063546174206,0.07074973951481904,2.580628673235575,0.00689134006339979,0.06682840983072917,0.9926865939050914
53351.88180798106,2015,132080384,132055040,2606.9135429760167,2184.516749596924,1994,100,1.9,3.92300911461822,10.0,0.0,0.8,2.712932032116295,10.0,0.0,-0.004245129273234245,0.08749191785076013,2.543786386648814,0.005986451161637282,0.059336344401041664,0.9927700671056906
53423.515903623775,2018,132251648,132251648,2390.816809556741,2744.6148127646898,2006,100,2.1,4.073082424833826,10.0,0.0,0.8,2.7129320210422696,10.0,0.0,-0.005257475580341027,0.13252817051640403,2.5495487973093987,0.005483196218240967,0.06420389811197916,0.9887212235480547
53483.51625150256,2020,132397824,132382720,2436.252541323809,2184.520667526778,2006,100,2.1,4.073082424833826,10.0,0.0,0.8,2.7129320210422696,10.0,0.0,-0.003615730813180562,0.07260349777061492,2.5867951090137162,0.005631224843455129,0.0526580810546875,0.9924805009116728
53543.51635090448,2022,132570368,132513792,2875.7285691175975,2184.529714225831,2006,100,2.1,4.073082424833826,10.0,0.0,0.8,2.7129320210422696,10.0,0.0,-0.00669178847844402,0.0839404167685037,2.5576970502734184,0.006067925091580643,0.07529195149739583,0.9920347159107527
53610.660661485046,2025,132710400,132710400,2085.5378332014516,2928.140870015932,2006,100,2.1,4.073082424833826,10.0,0.0,0.8,2.7129320210422696,10.0,0.0,-0.008166932636716714,0.07051986377337016,2.570158859093984,0.005508238749825978,0.06660970052083333,0.9931315065672
53670.66142026894,2027,132865792,132841472,2589.8339145957198,2184.5057072042973,2016,100,2.1,4.073082474945767,10.0,0.0,0.5,2.179449489067881,10.0,0.0,-0.006887437327047034,0.08367668647163859,2.56745295971632,0.007376792505965568,0.06848653157552083,0.9922948641081651
53743.004124477506,2030,133038080,133038080,2381.5532179068787,2717.7308638224113,2016,100,2.1,4.073082474945767,10.0,0.0,0.5,2.179449489067881,10.0,0.0,-0.006802230156608857,0.08734984998591244,2.5642734790841737,0.006607174131810704,0.06846110026041666,0.9919501996288697
53803.006797838956,2032,133191168,133169152,2551.352988521234,2184.436003549953,2016,100,2.1,4.073082474945767,10.0,0.0,0.5,2.179449489067881,10.0,0.0,-0.0038055528663486866,0.08844737390366693,2.5747621630628905,0.006895823994151821,0.0667724609375,0.9912322002152603
53874.715437646955,2035,133365760,133365760,2434.7414825810733,2741.761669534112,2016,100,2.1,4.073082474945767,10.0,0.0,0.5,2.179449489067881,10.0,0.0,-0.006682575149170589,0.06366409605834633,2.580953208108743,0.006488897401141003,0.08063761393229166,0.9939098885903755
53934.71769902669,2037,133519872,133496832,2568.43652982807,2184.45100211291,2016,100,2.1,4.073082474945767,10.0,0.0,0.5,2.179449489067881,10.0,0.0,-0.00211574975643695,0.09887096169404684,2.569063315788905,0.008981639901321614,0.09009297688802083,0.990747836108009
54006.552893549204,2040,133693440,133693440,2416.19725753787,2736.9314067685605,2026,100,1.8,3.8418746265234245,10.0,0.0,0.7,2.551470208760969,10.0,0.0,-0.005295863239249835,0.09173608982625106,2.5644160211086273,0.006464134231161248,0.06319681803385417,0.9928952225794395
54066.55305577442,2042,133844480,133824512,2517.326527102647,2184.5274269094157,2026,100,1.8,3.8418746265234245,10.0,0.0,0.7,2.551470208760969,10.0,0.0,-0.005399980008708856,0.0668892211203153,2.5865980138381324,0.006679569515351129,0.0656890869140625,0.9931037115554016
54126.55336216465,2044,134018816,133955584,2905.585162618428,2184.5221780626066,2026,100,1.8,3.8418746265234245,10.0,0.0,0.7,2.551470208760969,10.0,0.0,-0.004260160128372566,0.07228965191946676,2.5769220118721328,0.004310902594321912,0.05403137207031249,0.9931487776339055
54191.436419328675,2047,134152192,134152192,2055.6367999556096,3030.1901388980964,2026,100,1.8,3.8418746265234245,10.0,0.0,0.7,2.551470208760969,10.0,0.0,-0.005371061962553844,0.09025800969296445,2.5668931181232137,0.008092960573776509,0.0869293212890625,0.992344771201412
54251.43662544899,2049,134308608,134283264,2606.9243776655558,2184.525828747569,2037,100,1.8,3.8418746343433248,10.0,0.0,0.4,1.9595918327030493,10.0,0.0,-0.005119689914863557,0.0851805027826534,2.567162928481897,0.005944465171827081,0.06212361653645834,0.9925769896556934
54323.26308052987,2052,134479872,134479872,2384.4139294796673,2737.2644212860755,2037,100,1.8,3.8418746343433248,10.0,0.0,0.4,1.9595918327030493,10.0,0.0,-0.004736307052856622,0.08805130837329975,2.5858646258711815,0.006485420880077679,0.067230224609375,0.9922985279311736
54383.26310896687,2054,134628096,134610944,2470.398829154331,2184.5322979741236,2037,100,1.8,3.8418746343433248,10.0,0.0,0.4,1.9595918327030493,10.0,0.0,-0.004183215632413824,0.08563897285299997,2.571391671895981,0.006408342793899162,0.06822713216145833,0.9928815482805172
54443.26337314397,2056,134803712,134742016,2926.9204462441317,2184.5237149810428,2037,100,1.8,3.8418746343433248,10.0,0.0,0.4,1.9595918327030493,10.0,0.0,-0.005207658871465052,0.1009047384141013,2.535873408118884,0.007211355536128395,0.07875061035156251,0.9916641879826784
54508.80930559337,2059,134938624,134938624,2058.2818026755235,2999.545397447442,2037,100,1.8,3.8418746343433248,10.0,0.0,0.4,1.9595918327030493,10.0,0.0,-0.006632389287309101,0.09768206633937856,2.54765177766482,0.006582279527113617,0.08009847005208334,0.9919081348925829
54568.81157493219,2061,135096064,135069696,2623.9007580026578,2184.450712353432,2048,100,2.3,4.208325120352291,10.0,0.0,0.9,2.8618176174239767,10.0,0.0,-0.0064248844610119695,0.06291355933838834,2.5922466640671096,0.005692359257106243,0.06260172526041667,0.9930906066050131
54639.67383545637,2064,135266304,135266304,2402.407130970672,2774.50928809846,2048,100,2.3,4.208325120352291,10.0,0.0,0.9,2.8618176174239767,10.0,0.0,-0.006772715122982239,0.06673645901416118,2.5790368517239886,0.006372292863185673,0.07271830240885417,0.9932114717861016
54699.67408482544,2066,135410432,135397376,2402.1233497455733,2184.5242541203083,2048,100,2.3,4.208325120352291,10.0,0.0,0.9,2.8618176174239767,10.0,0.0,-0.005624329787679016,0.06432280295606083,2.5868985330065093,0.006946911771592568,0.07184855143229167,0.9935200214385986
54759.678238172084,2068,135590656,135528448,3003.525421962866,2184.3821250639025,2048,100,2.3,4.208325120352291,10.0,0.0,0.9,2.8618176174239767,10.0,0.0,-0.005638271645390584,0.08008546933221321,2.5584322387973466,0.00477480355402804,0.060907999674479164,0.9933559130877258
54824.87939333171,2071,135725056,135725056,2061.3131726112547,3015.406698219893,2059,100,2.7,4.4395946119649405,10.0,0.0,0.9,2.8618176174239767,10.0,0.0,-0.004833255707732556,0.08159531412335734,2.5735122933983803,0.0053409973703916576,0.06446329752604166,0.9910673753668865
54884.87985172123,2073,135871232,135856128,2436.248054157038,2184.516644007712,2059,100,2.7,4.4395946119649405,10.0,0.0,0.9,2.8618176174239767,10.0,0.0,-0.0038544199317887733,0.09204560172899316,2.572532832622528,0.005088940726636792,0.062184651692708336,0.992336847508947
54944.88016353175,2075,136047360,135987200,2935.451411589322,2184.521980717635,2059,100,2.7,4.4395946119649405,10.0,0.0,0.9,2.8618176174239767,10.0,0.0,-0.003484690763192096,0.0982256142112116,2.5683128287394843,0.006418203827706748,0.06704203287760417,0.9909118302166462
55012.10593159869,2078,136183808,136183808,2029.697895963443,2924.5928407128035,2059,100,2.7,4.4395946119649405,10.0,0.0,0.9,2.8618176174239767,10.0,0.0,-0.008801159410116572,0.05004795196388538,2.557645012935003,0.005499658616827219,0.06335957845052083,0.9952634138365587
55072.10874826461,2080,136336896,136314880,2551.34689513594,2184.4307864709053,2059,100,2.7,4.4395946119649405,10.0,0.0,0.9,2.8618176174239767,10.0,0.0,-0.005598375106880364,0.09242983624183883,2.568201666076978,0.005252339794121022,0.07026163736979166,0.9900683015584946
55144.09422372468,2083,136511488,136511488,2425.378159749069,2731.217634438834,2070,100,2.8,4.489988885169607,10.0,0.0,0.4,1.9595917942265424,10.0,0.0,-0.0039007483137538657,0.07538427346541236,2.5723387772838273,0.007671617535985812,0.08709208170572917,0.9924210825314125
55204.09427834861,2085,136663040,136642560,2525.8643671226246,2184.531344538486,2070,100,2.8,4.489988885169607,10.0,0.0,0.4,1.9595917942265424,10.0,0.0,-0.005338841709696378,0.07608241370568673,2.575326611598333,0.005553852338683404,0.06596883138020834,0.9931301698088646
55264.094707053155,2087,136836608,136773632,2892.7793308725577,2184.517724788716,2070,100,2.8,4.489988885169607,10.0,0.0,0.4,1.9595917942265424,10.0,0.0,-0.004312749468226684,0.09549854039990653,2.5689537078142166,0.006690633526886813,0.06907145182291667,0.9905767428378265
55329.894669363275,2090,136970240,136970240,2030.882622245006,2987.9652373259855,2070,100,2.8,4.489988885169607,10.0,0.0,0.4,1.9595917942265424,10.0,0.0,-0.007192963625129778,0.0815539934556,2.5683572143316273,0.005826555427120184,0.07452901204427084,0.9921444486826658
55389.89500283636,2092,137119744,137101312,2491.719484643552,2184.5211920162646,2070,100,2.8,4.489988885169607,10.0,0.0,0.4,1.9595917942265424,10.0,0.0,-0.006168143932882231,0.05764693098414379,2.5710627858837447,0.004095415455594775,0.05878702799479167,0.9942848024268945
55449.89550469816,2094,137297152,137232384,2956.7752684575676,2184.5150612558073,2081,100,2.7,4.4395947109022575,10.0,0.0,0.5,2.179449489067881,10.0,0.0,-0.006913920430330715,0.05610670345292117,2.563483973344167,0.007538445737130434,0.07828267415364583,0.9936241488903761
55515.69184132479,2097,137428992,137428992,2003.7589744264255,2988.129888076689,2081,100,2.7,4.4395947109022575,10.0,0.0,0.5,2.179449489067881,10.0,0.0,-0.0034187560935000265,0.10495066600075612,2.5664451917012534,0.00594559245776812,0.062398274739583336,0.9891568515449762
55575.69196233526,2099,137573376,137560064,2406.3951466833087,2184.528927485557,2081,100,2.7,4.4395947109022575,10.0,0.0,0.5,2.179449489067881,10.0,0.0,-0.004414789014845155,0.09445974294794723,2.5560153871774673,0.005897400459919784,0.06807963053385417,0.9909396190196275
55635.69222518802,2101,137749248,137691136,2931.1871588228432,2184.5237631983928,2081,100,2.7,4.4395947109022575,10.0,0.0,0.5,2.179449489067881,10.0,0.0,-0.006195462983062801,0.0770222016532595,2.5760334903995195,0.0050403614162254,0.05978393554687501,0.9919249651332697
55701.51881829277,2104,137887744,137887744,2103.952118251224,2986.7564266486875,2092,100,2.8,4.489988945114921,10.0,0.0,0.8,2.7129320210422696,10.0,0.0,-0.005743246802012436,0.09113557632857312,2.568905105193456,0.006429151548218215,0.06558736165364583,0.9911647625267506
55761.51888765767,2106,138037760,138018816,2500.26377615733,2184.530807837121,2092,100,2.8,4.489988945114921,10.0,0.0,0.8,2.7129320210422696,10.0,0.0,-0.008463835355845124,0.061119474684043475,2.571481168270111,0.004457490760614746,0.060007731119791664,0.9933605181674162
55821.51903871633,2108,138213376,138149888,2926.925964374816,2184.5278334692503,2092,100,2.8,4.489988945114921,10.0,0.0,0.8,2.7129320210422696,10.0,0.0,-0.006751635720623502,0.07703845195161799,2.5785125891367593,0.005587825529194864,0.06711324055989584,0.9908028499533733
55887.3585872557,2111,138346496,138346496,2021.885066851541,2986.168714119199,2092,100,2.8,4.489988945114921,10.0,0.0,0.8,2.7129320210422696,10.0,0.0,-0.006921005711774342,0.06791293716135745,2.590492770075798,0.005758567627102214,0.06553141276041666,0.9927691941459973
55947.35927058384,2113,138500608,138477568,2568.5040811481977,2184.508454398467,2102,100,2.7,4.43959459365359,10.0,0.0,1.0,3.000000042706303,10.0,0.0,-0.005186824494254931,0.06116648012539372,2.5898871620496116,0.006065639788478924,0.06370035807291666,0.9933428795387348
56018.73124813661,2116,138674176,138674176,2431.8788122644623,2754.694583803993,2102,100,2.7,4.43959459365359,10.0,0.0,1.0,3.000000042706303,10.0,0.0,-0.0038237002348372098,0.08713935955893248,2.582586221396923,0.006835843675920236,0.07105000813802083,0.9913563517232736
56078.731335598975,2118,138816256,138805248,2367.9965481570016,2184.5301489304234,2102,100,2.7,4.43959459365359,10.0,0.0,1.0,3.000000042706303,10.0,0.0,-0.0059894709023258965,0.11277278830918173,2.5687123214205103,0.008226680990143601,0.07260640462239584,0.9873439874500036
56138.73748316802,2120,138995456,138936320,2986.360685691503,2184.309530105785,2102,100,2.7,4.43959459365359,10.0,0.0,1.0,3.000000042706303,10.0,0.0,-0.007421681257255841,0.0829287760037308,2.568082056939602,0.006178286700863586,0.07248942057291666,0.9921324029564857
56205.83341882378,2123,139132928,139132928,2048.887144302055,2930.252005258805,2112,100,2.6,4.386342491016216,10.0,0.0,0.7,2.551470199872923,10.0,0.0,-0.004769545322536335,0.11312753575233121,2.5659564236799874,0.005779976405998847,0.06954956054687501,0.9885156881064177
56265.83359548822,2125,139283200,139264000,2504.525958988657,2184.526901196239,2112,100,2.6,4.386342491016216,10.0,0.0,0.7,2.551470199872923,10.0,0.0,-0.005979894248109001,0.09982147535386805,2.5425474643707275,0.005856800319331038,0.061375935872395836,0.9915299241741498
56325.83908117935,2127,139457024,139395072,2896.801817332747,2184.333623673588,2112,100,2.6,4.386342491016216,10.0,0.0,0.7,2.551470199872923,10.0,0.0,-0.005069352800395185,0.08549055059362824,2.550024370352427,0.0061868263328506146,0.07179768880208334,0.9920333214104176
56391.824672868475,2130,139591680,139591680,2040.687922211859,2979.5595518226382,2112,100,2.6,4.386342491016216,10.0,0.0,0.7,2.551470199872923,10.0,0.0,-0.006824414146346195,0.06491251825354993,2.5572729979952173,0.005733968495405862,0.07328287760416667,0.9936318043619394
56451.824751833454,2132,139746048,139722752,2572.79661398618,2184.5304583099905,2112,100,2.6,4.386342491016216,10.0,0.0,0.7,2.551470199872923,10.0,0.0,-0.006469190680945758,0.07513342120607074,2.5351449102163315,0.007216259610989558,0.08152262369791667,0.9928540711601576
56522.87339360826,2135,139919360,139919360,2439.3429018577403,2767.2309433186774,2122,100,2.4,4.2708313543124,10.0,0.0,1.0,3.0000000937365336,10.0,0.0,-0.005273244595931222,0.09057652771783373,2.543831174572309,0.005176341952392249,0.06321207682291667,0.9916106878469387
56582.87355148047,2137,140065024,140050432,2427.7269454894986,2184.527585396526,2122,100,2.4,4.2708313543124,10.0,0.0,1.0,3.0000000937365336,10.0,0.0,-0.00584854613407515,0.060678905254462734,2.5682145804166794,0.0063050589639412164,0.0716400146484375,0.9940004516392945
56642.875116819516,2139,140239872,140181504,2914.0573085386545,2184.4763425648475,2122,100,2.4,4.2708313543124,10.0,0.0,1.0,3.0000000937365336,10.0,0.0,-0.008575032736795645,0.04546502013302718,2.5814932212233543,0.006524585727068673,0.06754557291666667,0.9950737978021303
56709.33028404787,2142,140378112,140378112,2080.1994151180747,2958.505834834595,2122,100,2.4,4.2708313543124,10.0,0.0,1.0,3.0000000937365336,10.0,0.0,-0.005306405999969381,0.09899935642412554,2.5670700073242188,0.008151725363253112,0.06984965006510417,0.9897238953659931
56769.33034837991,2144,140529664,140509184,2525.863958433724,2184.530991077815,2133,100,2.2,4.142463127293191,10.0,0.0,0.9,2.8618176174239767,10.0,0.0,-0.0033732914380379957,0.12411004223395139,2.5647027070323625,0.00635884592338698,0.0630645751953125,0.9869688438872496
56841.26220122911,2147,140705792,140705792,2448.5397362033605,2733.2536590177046,2133,100,2.2,4.142463127293191,10.0,0.0,0.9,2.8618176174239767,10.0,0.0,-0.008045572857857525,0.04865507496288046,2.5483454863230386,0.005763396996068574,0.06932067871093751,0.9954025416324536
56901.26254666783,2149,140856064,140836864,2504.5189140365856,2184.5207563658123,2133,100,2.2,4.142463127293191,10.0,0.0,0.9,2.8618176174239767,10.0,0.0,-0.007402296153789696,0.07417014937770243,2.562321188549201,0.0066720506256388035,0.0738067626953125,0.9917344525456429
56973.72476687282,2152,141033472,141033472,2448.2826981855724,2713.2483581623655,2133,100,2.2,4.142463127293191,10.0,0.0,0.9,2.8618176174239767,10.0,0.0,-0.00596119420758138,0.07794798848529656,2.54567322631677,0.008002494750447417,0.08445231119791667,0.9917705152183771
57033.725184695795,2154,141178880,141164544,2423.4497904501036,2184.5181209691073,2133,100,2.2,4.142463127293191,10.0,0.0,0.9,2.8618176174239767,10.0,0.0,-0.006305276969214901,0.08114543417468667,2.534539600213369,0.00895734976923753,0.07171122233072917,0.9929579831659794
57093.72556113638,2156,141350144,141295616,2854.3820915789433,2184.519627635903,2144,100,2.4,4.27083137086841,10.0,0.0,0.8,2.712932032116295,10.0,0.0,-0.0035123639536323026,0.08475817627428721,2.5218365813295045,0.007778864854723603,0.08993021647135416,0.991446228697896
57161.12193660438,2159,141492224,141492224,2108.125236904741,2917.1895170141283,2144,100,2.4,4.27083137086841,10.0,0.0,0.8,2.712932032116295,10.0,0.0,-0.005765933892689645,0.10125563906816144,2.5325139611959457,0.0069824412609402016,0.07755025227864583,0.9911116131891807
57221.122264329344,2161,141644032,141623296,2530.1195136112487,2184.5214012967276,2144,100,2.4,4.27083137086841,10.0,0.0,0.8,2.712932032116295,10.0,0.0,-0.005267725539548943,0.10245835381404807,2.5347910448908806,0.007023385808982615,0.0755615234375,0.9906765545407931
57293.354770157486,2164,141819904,141819904,2434.8040813984794,2721.87705169437,2144,100,2.4,4.27083137086841,10.0,0.0,0.8,2.712932032116295,10.0,0.0,-0.00431441713347643,0.10987146454863252,2.560589407881101,0.006444413561136267,0.07214864095052084,0.9887623153626919
57353.35496070422,2166,141969920,141950976,2500.25872639767,2184.526395760422,2154,100,3.1,4.624932504150639,10.0,0.0,1.1,3.1288976055784796,10.0,0.0,-0.006585168060458575,0.07753992257251714,2.544295472403367,0.006483883712765722,0.07761128743489583,0.9927740351607403
57425.737126464024,2169,142147584,142147584,2454.527273880874,2716.2492022197566,2154,100,3.1,4.624932504150639,10.0,0.0,1.1,3.1288976055784796,10.0,0.0,-0.006251687766052782,0.10783405528248598,2.5634783928592997,0.00503201281268654,0.064208984375,0.9880889716247718
57485.74032334611,2171,142296832,142278656,2487.334138100949,2184.416944610096,2154,100,3.1,4.624932504150639,10.0,0.0,1.1,3.1288976055784796,10.0,0.0,-0.0064100046680929754,0.07708749442826957,2.5654436896244683,0.005676819952592875,0.069488525390625,0.9919777524967989
57558.26007718779,2174,142475264,142475264,2460.4606406901503,2711.0957992109547,2154,100,3.1,4.624932504150639,10.0,0.0,1.1,3.1288976055784796,10.0,0.0,-0.005304424155231875,0.08519285548633584,2.558012646933397,0.006454718502330555,0.0660247802734375,0.9901586367438237
57618.26062977314,2176,142633472,142606336,2636.7757159395355,2184.513214500068,2164,100,2.7,4.439594622027591,10.0,0.0,0.7,2.551470199872923,10.0,0.0,-0.006050858537491877,0.06329161609755829,2.5412223488092422,0.006931139369650433,0.0818634033203125,0.9931858889758586
57689.33113196865,2179,142802944,142802944,2384.5617346814406,2766.3797767905535,2164,100,2.7,4.439594622027591,10.0,0.0,0.7,2.551470199872923,10.0,0.0,-0.0059917790701244185,0.0701807314180769,2.5587359219789505,0.006854098383579791,0.07127888997395833,0.9916879385709761
57749.33322461136,2181,142949888,142934016,2448.9812526205956,2184.4571451946777,2164,100,2.7,4.439594622027591,10.0,0.0,0.7,2.551470199872923,10.0,0.0,-0.004546990753927578,0.10266493582942834,2.53399171680212,0.005712400988462226,0.05853271484375,0.9900660427908103
57809.33330205269,2183,143128832,143065088,2982.396150654357,2184.530513784021,2164,100,2.7,4.439594622027591,10.0,0.0,0.7,2.551470199872923,10.0,0.0,-0.006230757525675775,0.07044547811771433,2.5555973276495934,0.005401219596024021,0.068023681640625,0.9926545023918152
57874.106239112094,2186,143261696,143261696,2051.227040672126,3035.341748046614,2164,100,2.7,4.439594622027591,10.0,0.0,0.7,2.551470199872923,10.0,0.0,-0.0047288741552620195,0.1096946532294775,2.5341247494022054,0.006047280920635481,0.06958516438802084,0.9900755528360605
57934.10637277551,2188,143410688,143392768,2483.194468129084,2184.528466807716,2175,100,2.3,4.2083250785854895,10.0,0.0,0.8,2.7129320210422696,10.0,0.0,-0.006567802799205917,0.08770373909889412,2.5410129452745123,0.007933909055282129,0.07454427083333333,0.9916525334119797
57994.10659849271,2190,143581696,143523840,2850.1226113049884,2184.5251152517276,2175,100,2.3,4.2083250785854895,10.0,0.0,0.8,2.7129320210422696,10.0,0.0,-0.005269132479346202,0.10900398411710437,2.5537300904591875,0.007104460530778549,0.07088216145833333,0.9905849794546763
58061.09963599034,2193,143720448,143720448,2071.140601811337,2934.752734669939,2175,100,2.3,4.2083250785854895,10.0,0.0,0.8,2.7129320210422696,10.0,0.0,-0.00614839514552538,0.09397586722237368,2.5636188685894012,0.010220830312391627,0.06624348958333333,0.9908368786176045
58121.10864360817,2195,143875584,143851520,2585.2118899880375,2184.2054252044145,2175,100,2.3,4.2083250785854895,10.0,0.0,0.8,2.7129320210422696,10.0,0.0,-0.005579451802380693,0.07644622303390256,2.5676528687278433,0.0061283145017417455,0.06965128580729166,0.9918268000086148
58181.12602957338,2197,144046336,143982592,2845.0422699010915,2183.900513027524,2186,100,2.6,4.386342493026587,10.0,0.0,0.7,2.551470199872923,10.0,0.0,-0.005404742410367666,0.07999713373525688,2.5263978565732637,0.006756511432589226,0.081756591796875,0.9936823484798272
58247.13336912915,2200,144179200,144179200,2012.8670674227385,2978.5778569954973,2186,100,2.6,4.386342493026587,10.0,0.0,0.7,2.551470199872923,10.0,0.0,-0.0073064276997077595,0.0946201942473029,2.522395431995392,0.006710111018643753,0.077056884765625,0.9918112754821778
58307.13354197331,2202,144323072,144310272,2397.8597590658705,2184.527040287768,2186,100,2.6,4.386342493026587,10.0,0.0,0.7,2.551470199872923,10.0,0.0,-0.006462077789668304,0.05637184505273278,2.5746384064356485,0.007149490076092965,0.076141357421875,0.9937474839389325
58367.14274437167,2204,144504576,144441344,3024.602773339994,2184.198335613649,2186,100,2.6,4.386342493026587,10.0,0.0,0.7,2.551470199872923,10.0,0.0,-0.00497032743684637,0.0881632541034681,2.5646459981799126,0.0057909300715740155,0.06897481282552083,0.9904853763679663
58433.47991773486,2207,144637952,144637952,2010.5770752360932,2963.7681262597307,2196,100,2.8,4.489988863184013,10.0,0.0,0.6,2.3748684491559726,10.0,0.0,-0.005780922387202736,0.08750203434222688,2.5534085805217424,0.006480586501008171,0.07204182942708333,0.991434020921588
58493.48001286946,2209,144786432,144769024,2474.6627428991223,2184.529869593708,2196,100,2.8,4.489988863184013,10.0,0.0,0.6,2.3748684491559726,10.0,0.0,-0.005581542563353044,0.072728048330949,2.5504357616106668,0.006398466472091968,0.07040913899739584,0.9928731868664423
58553.48029609211,2211,144954624,144900096,2803.1867679004617,2184.5230215601773,2196,100,2.8,4.489988863184013,10.0,0.0,0.6,2.3748684491559726,10.0,0.0,-0.005338079574964165,0.09291691527081032,2.5336487839619317,0.009044802386900603,0.07959493001302083,0.9913186946262916
58620.51644296013,2214,145096704,145096704,2119.453558088964,2932.8654641663506,2196,100,2.8,4.489988863184013,10.0,0.0,0.6,2.3748684491559726,10.0,0.0,-0.005728939897380769,0.09037685425331196,2.5341491823395095,0.006230622576670915,0.06908671061197917,0.9916601050645113
58680.51669490524,2216,145254912,145227776,2636.7889278988055,2184.524160330402,2196,100,2.8,4.489988863184013,10.0,0.0,0.6,2.3748684491559726,10.0,0.0,-0.004944385536267267,0.0663369536244621,2.5528720666964846,0.004528336804772456,0.0608978271484375,0.9930821179101864
58750.81693345681,2219,145424384,145424384,2410.6888325233213,2796.6903676403485,2206,100,2.6,4.3863425546363635,10.0,0.0,0.7,2.551470199872923,10.0,0.0,-0.007668159630460044,0.07286410809804995,2.526164864500364,0.005881039251107722,0.067596435546875,0.9936421948174635
58810.816970121115,2221,145570816,145555456,2440.5318419931837,2184.531998427465,2206,100,2.6,4.3863425546363635,10.0,0.0,0.7,2.551470199872923,10.0,0.0,-0.006787077606228801,0.06500437910047671,2.5532116989294686,0.004480078333169028,0.05809020996093749,0.9935915358364583
58870.81721320003,2223,145742592,145686528,2862.9217347347417,2184.524483135898,2206,100,2.6,4.3863425546363635,10.0,0.0,0.7,2.551470199872923,10.0,0.0,-0.0030922364749130793,0.0854292837320827,2.5620083510875706,0.008141210410637237,0.07856241861979167,0.9896556325256823
58937.083830650896,2226,145883136,145883136,2120.8868870395227,2966.9237326891684,2206,100,2.6,4.3863425546363635,10.0,0.0,0.7,2.551470199872923,10.0,0.0,-0.0058211474533891305,0.07599368144292384,2.54303540289402,0.005599329899875253,0.0584259033203125,0.9929279045512279
58997.18784462474,2228,146033152,146014208,2495.9397897331155,2180.7528538282513,2216,100,2.7,4.439594658160249,10.0,0.0,0.6,2.3748684491559726,10.0,0.0,-0.007232523271037887,0.10756950113379085,2.5159182151158648,0.0060777889351205285,0.07279459635416667,0.9905686806887388
59057.189563373104,2230,146209024,146145280,2931.1160358186316,2184.470757407772,2216,100,2.7,4.439594658160249,10.0,0.0,0.6,2.3748684491559726,10.0,0.0,-0.004646117258137869,0.11364349455107003,2.5562519828478494,0.0073406616562958025,0.0770263671875,0.9877063060800234
59122.40716356784,2233,146341888,146341888,2037.2414747441344,3014.646344130049,2216,100,2.7,4.439594658160249,10.0,0.0,0.6,2.3748684491559726,10.0,0.0,-0.004054523575177882,0.09654672098501274,2.558895503481229,0.005874315545952413,0.0672607421875,0.9898597045491139
59182.407239424065,2235,146498304,146472960,2606.930037468865,2184.5305714960045,2216,100,2.7,4.439594658160249,10.0,0.0,0.6,2.3748684491559726,10.0,0.0,-0.006037556554171412,0.09637391396487753,2.5157502368092537,0.008618910171207972,0.08417765299479166,0.991714373230934
59253.833864104,2238,146669568,146669568,2397.761349740834,2752.5870203302848,2226,100,2.7,4.439594631965148,10.0,0.0,0.8,2.7129320210422696,10.0,0.0,-0.006159828859381378,0.08387288497760892,2.532767809927463,0.0052441696789173875,0.05917358398437501,0.9922665562480688
59313.83441785723,2240,146808320,146800640,2312.5119906503787,2184.513171979693,2226,100,2.7,4.439594631965148,10.0,0.0,0.8,2.7129320210422696,10.0,0.0,-0.005127400657026252,0.07552554654345538,2.577401685218016,0.005489147242769831,0.0591278076171875,0.9916746237625679
59373.83456425741,2242,146979840,146931712,2858.6596915282794,2184.528003078327,2226,100,2.7,4.439594631965148,10.0,0.0,0.8,2.7129320210422696,10.0,0.0,-0.004248618720642601,0.10407319214815894,2.5317333464821177,0.007449842923354784,0.08388264973958333,0.9899255552639564
59441.62896710448,2245,147128320,147128320,2190.1513069588864,2900.0624202490085,2226,100,2.7,4.439594631965148,10.0,0.0,0.8,2.7129320210422696,10.0,0.0,-0.00465749478704917,0.10651816687701891,2.525703050196171,0.00869960147550349,0.08416239420572917,0.9887007034073273
59501.6294580847,2247,147280128,147259392,2530.112629412291,2184.5154574352327,2236,100,2.4,4.270831418660056,10.0,0.0,1.1,3.1288975742333074,10.0,0.0,-0.004692731260244424,0.08961785916471854,2.5630596429109573,0.007035519007937788,0.07064310709635417,0.9908992697795233
59561.62962128781,2249,147453440,147390464,2888.5254763945404,2184.5273913057677,2236,100,2.4,4.270831418660056,10.0,0.0,1.1,3.1288975742333074,10.0,0.0,-0.005504493507032748,0.07222826161887497,2.5533663580814996,0.007087486466237654,0.072540283203125,0.9931571185588836
59628.412483612075,2252,147587072,147587072,2000.992400582397,2943.9888192476647,2236,100,2.4,4.270831418660056,10.0,0.0,1.1,3.1288975742333074,10.0,0.0,-0.00261220492150945,0.06765811217095082,2.5635478595892587,0.00637331133960591,0.06809488932291667,0.9920612915108602
59688.41292500496,2254,147734784,147718144,2461.848555959446,2184.5172628270993,2236,100,2.4,4.270831418660056,10.0,0.0,1.1,3.1288975742333074,10.0,0.0,-0.003947156549353774,0.11745661660097538,2.5139590129256253,0.01000195718673543,0.09856669108072917,0.9895032346248626
59761.09556327574,2257,147914752,147914752,2476.0796289414543,2705.0201351735946,2236,100,2.4,4.270831418660056,10.0,0.0,1.1,3.1288975742333074,10.0,0.0,-0.008115976192736222,0.0643392629766216,2.5583415354291597,0.006165867575570397,0.06366475423177083,0.9941629723956188
59821.104747615755,2259,148067584,148045824,2546.810153826558,2184.1989928964786,2246,100,2.3,4.208325204321613,10.0,0.0,1.0,3.000000010014359,10.0,0.0,-0.006907582758382584,0.07313331480448444,2.5487442587812743,0.008189895766311869,0.08687337239583333,0.9934126529842615
59881.105367226526,2261,148240640,148176896,2884.2368815960085,2184.5107742265627,2246,100,2.3,4.208325204321613,10.0,0.0,1.0,3.000000010014359,10.0,0.0,-0.005212092767275559,0.11806598032126203,2.562010350326697,0.005170973601707374,0.0637664794921875,0.9876133352518082
59946.656819757074,2264,148373504,148373504,2026.865841578161,2999.2928060347353,2246,100,2.3,4.208325204321613,10.0,0.0,1.0,3.000000010014359,10.0,0.0,-0.005947254248894751,0.07049803924746811,2.5675644104679423,0.006464994732596097,0.06459554036458333,0.9930847175419331
60006.65701744147,2266,148529152,148504576,2594.124786366966,2184.5261358879716,2246,100,2.3,4.208325204321613,10.0,0.0,1.0,3.000000010014359,10.0,0.0,-0.005820064521685708,0.06948953546816483,2.570619933307171,0.005944373201903848,0.06366984049479166,0.993589316184322
60078.28810921684,2269,148701184,148701184,2401.6386702505356,2744.729908857755,2257,100,2.5,4.330127051147096,10.0,0.0,0.8,2.712932032116295,10.0,0.0,-0.006212336430811168,0.10503108380362391,2.5536995232105255,0.005911633262561129,0.06298828125,0.9895150406907002
60138.28832613118,2271,148850432,148832256,2487.457673912638,2184.5254357517506,2257,100,2.5,4.330127051147096,10.0,0.0,0.8,2.712932032116295,10.0,0.0,-0.0069345408119261265,0.05980841607864325,2.5704523374636965,0.0076262814539707815,0.08356221516927083,0.9937106134990851
60198.288749266416,2273,149025024,148963328,2909.846145692745,2184.5179275581895,2257,100,2.5,4.330127051147096,10.0,0.0,0.8,2.712932032116295,10.0,0.0,-0.005217974129967236,0.09623051182522127,2.5453340485692024,0.0063924925634637475,0.07707722981770834,0.9905999395996332
60263.54412513971,2276,149159936,149159936,2067.446523669571,3012.9011957841185,2257,100,2.5,4.330127051147096,10.0,0.0,0.8,2.712932032116295,10.0,0.0,-0.0064970791039134675,0.07397980147895093,2.5509183754523597,0.0075086647157149855,0.08149210611979167,0.9934435673058034
60323.54541246779,2278,149311744,149291008,2530.0790493032814,2184.4864641539293,2266,100,2.8,4.489988885169607,10.0,0.0,0.9,2.861817635846067,10.0,0.0,-0.006070160357921851,0.0808295658401524,2.572730176150799,0.005708550922160308,0.06054687499999999,0.9917591928193967
60396.01517897472,2281,149487616,149487616,2426.8327121378766,2712.965826669417,2266,100,2.8,4.489988885169607,10.0,0.0,0.9,2.861817635846067,10.0,0.0,-0.006669300656843309,0.05336079732902969,2.556827818353971,0.006081957050506996,0.06046040852864583,0.9951779382924238
60456.01580546796,2283,149634560,149618688,2449.0410948716076,2184.510523648542,2266,100,2.8,4.489988885169607,10.0,0.0,0.9,2.861817635846067,10.0,0.0,-0.0063971052174262395,0.08577901846729219,2.540043776233991,0.006494692658331283,0.06755574544270834,0.9928971864283086
60516.02330125682,2285,149808640,149749760,2900.9709155755927,2184.2604540804464,2266,100,2.8,4.489988885169607,10.0,0.0,0.9,2.861817635846067,10.0,0.0,-0.004508562834719972,0.08217910852787705,2.5372011959552765,0.006831215028190248,0.07440185546875,0.992750708013773
60581.79511894472,2288,149946368,149946368,2094.0275765761617,2989.2438267853013,2277,100,2.6,4.386342479632798,10.0,0.0,0.7,2.551470179210066,10.0,0.0,-0.006657703166032055,0.06879190836722651,2.5628973295291266,0.007115474216334405,0.07484436035156251,0.9930563854674498
60641.80173413828,2290,150094080,150077440,2461.595267847251,2184.292508037768,2277,100,2.6,4.386342479632798,10.0,0.0,0.7,2.551470179210066,10.0,0.0,-0.0037347294710343704,0.0764099158695899,2.5550203199187913,0.004754501798743149,0.052057902018229164,0.9934610600272814
60701.80207435787,2292,150267904,150208512,2897.0502394460627,2184.520946386427,2277,100,2.6,4.386342479632798,10.0,0.0,0.7,2.551470179210066,10.0,0.0,-0.004271844409231562,0.08080622592630485,2.574624329805374,0.007934552505200069,0.08309427897135417,0.9912546935180823
60768.14187429473,2295,150405120,150405120,2068.38127535199,2963.650782593896,2277,100,2.6,4.386342479632798,10.0,0.0,0.7,2.551470179210066,10.0,0.0,-0.005145902274913776,0.06981896257881695,2.554544751842817,0.005298427393427119,0.0657501220703125,0.9935021810233593
60828.142191460356,2297,150556416,150536192,2521.586670656331,2184.521785746263,2277,100,2.6,4.386342479632798,10.0,0.0,0.7,2.551470179210066,10.0,0.0,-0.003959409145560736,0.13020561096103242,2.539091989398003,0.007834434277053031,0.08068339029947917,0.9863459008435408
60888.143871886656,2299,150730752,150667264,2905.5186248348155,2184.4721525924015,2287,100,2.7,4.439594611719919,10.0,0.0,1.0,3.000000010014359,10.0,0.0,-0.006509430539153982,0.08279412286356091,2.532498059173425,0.007373239780766501,0.07777913411458333,0.9915130839993557
60954.51354833692,2302,150863872,150863872,2005.7352562167507,2962.3166861047393,2287,100,2.7,4.439594611719919,10.0,0.0,1.0,3.000000010014359,10.0,0.0,-0.005626216727250721,0.07414063877270867,2.5605513701836267,0.007151168893566743,0.07094828287760416,0.9925795240948597
61014.51390613243,2304,151012608,150994944,2478.9185509013496,2184.520306474167,2287,100,2.7,4.439594611719919,10.0,0.0,1.0,3.000000010014359,10.0,0.0,-0.0033911751864555604,0.07595554025222857,2.5708625093102455,0.006803111712846052,0.07625834147135417,0.9922349775830904
61074.51556175575,2306,151187712,151126016,2918.3194727039204,2184.473055591239,2287,100,2.7,4.439594611719919,10.0,0.0,1.0,3.000000010014359,10.0,0.0,-0.005074411625779854,0.06313502689590678,2.5670910278956094,0.005588205399059613,0.06960042317708334,0.9936278505871693
61141.48840615712,2309,151322624,151322624,2014.4284031220159,2935.6375969595983,2297,100,2.8,4.489988955183214,10.0,0.0,1.0,3.00000007616298,10.0,0.0,-0.006946618346167574,0.06798197949926059,2.561553195118904,0.004789011610531209,0.06783548990885417,0.993121579910318
61201.488523447886,2311,151468800,151453696,2436.2619041496237,2184.529062915249,2297,100,2.8,4.489988955183214,10.0,0.0,1.0,3.00000007616298,10.0,0.0,-0.00679595526404834,0.07177053455961868,2.5621908207734427,0.007440296247902248,0.07186381022135416,0.9932257682085037
61261.49622162804,2313,151646208,151584768,2956.420682349606,2184.2530871038934,2297,100,2.8,4.489988955183214,10.0,0.0,1.0,3.00000007616298,10.0,0.0,-0.0044582589277221505,0.1093691464047879,2.52171712120374,0.008533740896382369,0.08557637532552084,0.9897246075173219
61327.01844040863,2316,151781376,151781376,2062.9338034571756,3000.6309868468006,2297,100,2.8,4.489988955183214,10.0,0.0,1.0,3.00000007616298,10.0,0.0,-0.003907126728639317,0.08013361742875229,2.5595524360736213,0.007192139911542957,0.07676188151041667,0.9921198195467392
61387.01844544336,2318,151932928,151912448,2525.8664547157464,2184.5331500244292,2307,100,2.1,4.07308248163701,10.0,0.0,0.8,2.7129320210422696,10.0,0.0,-0.005987365902304494,0.08062248378215979,2.5391765013337135,0.005775382524007,0.0695953369140625,0.9922466855496168
61447.02648413181,2320,152099072,152043520,2768.6957219612564,2184.2406928261375,2307,100,2.1,4.07308248163701,10.0,0.0,0.8,2.7129320210422696,10.0,0.0,-0.004566596706960506,0.10315034251349668,2.533151102562745,0.010203945546891191,0.0872955322265625,0.991056781883041
61514.45793852024,2323,152240128,152240128,2091.842765061487,2915.6719483978627,2307,100,2.1,4.07308248163701,10.0,0.0,0.8,2.7129320210422696,10.0,0.0,-0.005850402429738703,0.09645457018632442,2.54967871059974,0.005542350099252266,0.061940511067708336,0.9918233839174111
61574.45796860568,2325,152396032,152371200,2598.398697100339,2184.5322379562785,2307,100,2.1,4.07308248163701,10.0,0.0,0.8,2.7129320210422696,10.0,0.0,-0.005260110203380464,0.04449139245358917,2.594510182738304,0.006489511374941988,0.06113179524739583,0.9955436854312818
61645.487631209195,2328,152567808,152567808,2418.3699274886562,2767.9703491971504,2307,100,2.1,4.07308248163701,10.0,0.0,0.8,2.7129320210422696,10.0,0.0,-0.00722592523137185,0.04806222172919661,2.5714925006031986,0.005894743887741546,0.06850179036458333,0.9952399469912052
61705.487772360444,2330,152715520,152698880,2461.8608750876933,2184.5281941852672,2317,100,2.0,4.000000047236654,10.0,0.0,1.1,3.1288976472586896,10.0,0.0,-0.004323758783963664,0.11466855260853967,2.542578808963299,0.005115359235181435,0.06114196777343751,0.9912083217253288
61765.49773040041,2332,152891648,152829952,2934.9795559378863,2184.1708323258686,2317,100,2.0,4.000000047236654,10.0,0.0,1.1,3.1288976472586896,10.0,0.0,-0.005069138014126414,0.08142318006139249,2.540914366642634,0.010272481783128267,0.072021484375,0.9928600241740545
61831.26956211217,2335,153026560,153026560,2051.2124489896128,2989.2431894193974,2317,100,2.0,4.000000047236654,10.0,0.0,1.1,3.1288976472586896,10.0,0.0,-0.008546391681496365,0.045052938299098365,2.5754032184680304,0.005666959600299985,0.06461588541666666,0.9948976337909698
61891.26975674741,2337,153182208,153157632,2594.1249181978033,2184.5262469034133,2317,100,2.0,4.000000047236654,10.0,0.0,1.1,3.1288976472586896,10.0,0.0,-0.004415424415734985,0.10934996127616614,2.562223792076111,0.0065375883447510805,0.07247416178385416,0.9895274881273508
61963.08380359225,2340,153354240,153354240,2395.520201941673,2737.737373647626,2328,100,2.1,4.073082474945767,10.0,0.0,0.9,2.8618176437702565,10.0,0.0,-0.006588937460037414,0.10091267553313325,2.53469160447518,0.00686005476321346,0.07401529947916667,0.9902793889244397
62023.08382203989,2342,153504000,153485312,2495.9992325785133,2184.5326616755538,2328,100,2.1,4.073082474945767,10.0,0.0,0.9,2.8618176437702565,10.0,0.0,-0.004435907717076285,0.09653067600447686,2.5468383928140006,0.007411007286160991,0.07513936360677083,0.9920079875737429
62083.08394678123,2344,153676544,153616384,2875.727354631668,2184.5287916489824,2328,100,2.1,4.073082474945767,10.0,0.0,0.9,2.8618176437702565,10.0,0.0,-0.005822735382632041,0.11455903283786027,2.553217093149821,0.00627862583011544,0.07233683268229166,0.9893751591444016
62148.85965324007,2347,153812992,153812992,2074.4437018763265,2989.067097637934,2328,100,2.1,4.073082474945767,10.0,0.0,0.9,2.8618176437702565,10.0,0.0,-0.002195448541897349,0.10879939026199281,2.5312052816152573,0.007518229423415809,0.0706024169921875,0.9910806982467572
62208.87236415222,2349,153965312,153944064,2538.128967760958,2184.070641165732,2337,100,2.4,4.270831274402975,10.0,0.0,0.8,2.7129321052644095,10.0,0.0,-0.0052945028898345,0.09672922563428679,2.545870326459408,0.0067935926211551605,0.07014465332031251,0.9913694746792318
62268.872394172475,2351,154137088,154075136,2862.931900901054,2184.5322403298655,2337,100,2.4,4.270831274402975,10.0,0.0,0.8,2.7129321052644095,10.0,0.0,-0.006697289087848427,0.10578526063666989,2.5484471470117573,0.007647569102118723,0.07449849446614584,0.9896003287285567
62335.163300756365,2354,154271744,154271744,2031.2891607477793,2965.8366453503695,2337,100,2.4,4.270831274402975,10.0,0.0,0.8,2.7129321052644095,10.0,0.0,-0.004686702474524888,0.1130812987879229,2.5702424918611846,0.005504797409836708,0.059682210286458336,0.9890978305290143
62395.163471477106,2356,154424064,154402816,2538.659443302972,2184.5271175985235,2337,100,2.4,4.270831274402975,10.0,0.0,0.8,2.7129321052644095,10.0,0.0,-0.0062651293725745445,0.07896342551490913,2.563515931367874,0.00537610561089726,0.057973225911458336,0.9928260271747907
62467.35998189263,2359,154599424,154599424,2428.9262596034387,2723.234112956848,2337,100,2.4,4.270831274402975,10.0,0.0,0.8,2.7129321052644095,10.0,0.0,-0.0067589480022434145,0.06789392102897789,2.5543429305156073,0.006733788726705825,0.06596883138020834,0.9940912947058678
62527.36079996824,2361,154747392,154730496,2466.09970906618,2184.5035485153703,2348,100,2.5,4.33012706200362,10.0,0.0,0.6,2.374868439606987,10.0,0.0,-0.00647394977568183,0.09408533262709778,2.53749052186807,0.007332642600886174,0.0869598388671875,0.9921445877601703
62587.3608101774,2363,154923520,154861568,2935.466167189365,2184.532961629295,2348,100,2.5,4.33012706200362,10.0,0.0,0.6,2.374868439606987,10.0,0.0,-0.006025201252972086,0.10783509983836362,2.53757760177056,0.007497091456874235,0.08513895670572916,0.9909829335908095
62652.4254036732,2366,155058176,155058176,2069.574138024699,3021.7356235797893,2348,100,2.5,4.33012706200362,10.0,0.0,0.6,2.374868439606987,10.0,0.0,-0.00545344574735888,0.08663677389267832,2.5576500395933786,0.008042996828104759,0.09385172526041666,0.9918602680166563
62712.425584528595,2368,155203840,155189248,2427.7260155442727,2184.526748609258,2348,100,2.5,4.33012706200362,10.0,0.0,0.6,2.374868439606987,10.0,0.0,-0.007066822753889331,0.07762143813306466,2.552520426611106,0.005893989116278439,0.06768798828125,0.9933453015983105
62772.42593575455,2370,155379968,155320320,2935.4494832324203,2184.520545661336,2359,100,2.4,4.27083137086841,10.0,0.0,1.2,3.2496154321669954,10.0,0.0,-0.006395073498424608,0.06443395126067722,2.5614680970708528,0.006781835725026516,0.07308451334635417,0.9938000701367855
62839.80544386804,2373,155516928,155516928,2032.6654770069815,2917.9197875539476,2359,100,2.4,4.27083137086841,10.0,0.0,1.2,3.2496154321669954,10.0,0.0,-0.004684894292343718,0.08678043010877445,2.5696938385566073,0.005225938735141729,0.052317301432291664,0.9907506133119265
62899.80596546829,2375,155661312,155648000,2406.379080534643,2184.5143426130094,2359,100,2.4,4.27083137086841,10.0,0.0,1.2,3.2496154321669954,10.0,0.0,-0.006196000962518156,0.08995469686730455,2.5545754507184024,0.006009215462957703,0.06383260091145834,0.9916525793572267
62959.80625308491,2377,155839232,155779072,2965.319118748696,2184.522861581773,2359,100,2.4,4.27083137086841,10.0,0.0,1.2,3.2496154321669954,10.0,0.0,-0.006294672241589675,0.07084343902533874,2.523829884827137,0.006842562928189484,0.07719930013020834,0.9937744537989298
63025.50425278023,2380,155975680,155975680,2076.897327662904,2992.6025284148413,2369,100,2.3,4.208325163900763,10.0,0.0,1.1,3.128897663216889,10.0,0.0,-0.005036553993704729,0.11096799767498547,2.5385779986778894,0.006388313580221923,0.07232157389322917,0.9903113382558028
63085.51005767658,2382,156123904,156106752,2470.1610161886942,2184.322003952697,2369,100,2.3,4.208325163900763,10.0,0.0,1.1,3.128897663216889,10.0,0.0,-0.006774901759248071,0.07175273281366874,2.565516191224257,0.0063049103470499785,0.0682830810546875,0.9929609217991431
63145.51021534018,2384,156297216,156237824,2888.5257430772754,2184.527592991972,2369,100,2.3,4.208325163900763,10.0,0.0,1.1,3.128897663216889,10.0,0.0,-0.007591535984829534,0.07859131226238483,2.554913866023223,0.007526892815197547,0.07178243001302084,0.992503138879935
63211.487571045756,2387,156434432,156434432,2079.743853517415,2979.9314916070425,2369,100,2.3,4.208325163900763,10.0,0.0,1.1,3.128897663216889,10.0,0.0,-0.004238943237093432,0.1046562921255827,2.574283654491107,0.0067945581310292855,0.06818135579427084,0.9889567891756693
63271.48807204515,2389,156589824,156565504,2589.845041486854,2184.5150926544798,2369,100,2.3,4.208325163900763,10.0,0.0,1.1,3.128897663216889,10.0,0.0,-0.0052152088925746885,0.08304579020477831,2.555267689128717,0.005172848864579767,0.06158447265624999,0.9925535805523396
63342.88928941637,2392,156762112,156762112,2412.9560579373533,2753.5664970221205,2379,100,2.1,4.073082474945767,10.0,0.0,0.9,2.861817670918194,10.0,0.0,-0.005683810047533673,0.07183396979235111,2.568320502837499,0.005773707121988991,0.05606587727864583,0.9928474463522435
63402.889530343935,2394,156912384,156893184,2504.523276521879,2184.524561463717,2379,100,2.1,4.073082474945767,10.0,0.0,0.9,2.861817670918194,10.0,0.0,-0.006714660309323032,0.0736052281766509,2.588271158436934,0.0055194060884484015,0.057591756184895836,0.9929545943935713
63462.88954929076,2396,157084160,157024256,2862.9324292752685,2184.532643500652,2379,100,2.1,4.073082474945767,10.0,0.0,0.9,2.861817670918194,10.0,0.0,-0.0060958847995304195,0.06597709498601034,2.5774938141306243,0.005078196173902446,0.05282084147135417,0.9928402068714302
63528.8489254415,2399,157220864,157220864,2072.5484074861406,2980.743777058719,2379,100,2.1,4.073082474945767,10.0,0.0,0.9,2.861817670918194,10.0,0.0,-0.005441600922495127,0.05263545352499932,2.5910234972834587,0.004951269219115299,0.054931640625,0.9942498027036587
63588.85836282,2401,157380864,157351936,2666.247293585445,2184.1897829051964,2379,100,2.1,4.073082474945767,10.0,0.0,0.9,2.861817670918194,10.0,0.0,-0.0028204530632744236,0.11414989072363824,2.54773988823096,0.00783325877940418,0.08288574218750001,0.9907551445066929
63648.85954240896,2403,157547264,157483008,2773.2788111822524,2184.490386654328,2390,100,2.2,4.142463155573682,10.0,0.0,0.7,2.5514701909848765,10.0,0.0,-0.00532016203699944,0.10611065841900806,2.5577353586753206,0.006195278895271865,0.06794230143229167,0.9898860671867926
63715.28077124432,2406,157679616,157679616,1992.6159500611748,2960.0175041527705,2390,100,2.2,4.142463155573682,10.0,0.0,0.7,2.5514701909848765,10.0,0.0,-0.004373451910699563,0.07206445889702688,2.5545982271432877,0.007078580566788635,0.081298828125,0.9936254372199377
63775.28104851395,2408,157835776,157810688,2602.6546393817816,2184.523238300774,2390,100,2.2,4.142463155573682,10.0,0.0,0.7,2.5514701909848765,10.0,0.0,-0.0038318604468562016,0.09662841029542808,2.5133960992097855,0.006824196789845398,0.08147684733072916,0.9931646746893724
63846.08437883295,2411,158007296,158007296,2422.484920232167,2776.818535430305,2390,100,2.2,4.142463155573682,10.0,0.0,0.7,2.5514701909848765,10.0,0.0,-0.00583531790956234,0.09905029099900275,2.564542805155118,0.006553457695796776,0.0675811767578125,0.9905067210396131
63906.08491086401,2413,158162176,158138368,2581.310444377833,2184.5139628453726,2401,100,2.3,4.208325052128871,10.0,0.0,0.8,2.7129320210422696,10.0,0.0,-0.004741497151068566,0.060957581154070795,2.5760552311937017,0.005305764122264615,0.061579386393229164,0.9930789669354757
63966.088411780074,2415,158330624,158269440,2807.302864471764,2184.4058763062967,2401,100,2.3,4.208325052128871,10.0,0.0,0.8,2.7129320210422696,10.0,0.0,-0.0038623049088831367,0.06661278224783018,2.555965075890223,0.010760852243644573,0.0857696533203125,0.9938140586018562
64032.75471354835,2418,158466048,158466048,2031.3711186608687,2949.136142025609,2401,100,2.3,4.208325052128871,10.0,0.0,0.8,2.7129320210422696,10.0,0.0,-0.0033178364610648714,0.07294917215282717,2.5673761889338493,0.006670626262348378,0.07169087727864583,0.9927282159527143
64092.75471528433,2420,158615296,158597120,2487.466594696577,2184.53327012804,2401,100,2.3,4.208325052128871,10.0,0.0,0.8,2.7129320210422696,10.0,0.0,-0.006249998865920739,0.07661918839827801,2.580410599708557,0.010472870442148027,0.07259623209635416,0.9913017209619283
64164.90064725466,2423,158793728,158793728,2473.2094399083353,2725.1432565991413,2412,100,1.9,3.9230091219019942,10.0,0.0,0.8,2.7129320404753634,10.0,0.0,-0.004793014748429414,0.07890138208555679,2.554056651890278,0.007730131866992451,0.08453877766927083,0.992723748087883
64224.90090049058,2425,158943744,158924800,2500.2561140889925,2184.524113333727,2412,100,1.9,3.9230091219019942,10.0,0.0,0.8,2.7129320404753634,10.0,0.0,-0.006207058623355503,0.08563286496791989,2.534371222058932,0.005548969139757295,0.06386311848958333,0.9925259488324324
64284.9014682807,2427,159120384,159055872,2943.9721406950416,2184.512660921538,2412,100,1.9,3.9230091219019942,10.0,0.0,0.8,2.7129320404753634,10.0,0.0,-0.006355910435862219,0.08257898040271053,2.56109977265199,0.006709953101259695,0.0776214599609375,0.9926204159855843
64351.18797574937,2430,159252480,159252480,1992.8037400738503,2966.0334735982888,2412,100,1.9,3.9230091219019942,10.0,0.0,0.8,2.7129320404753634,10.0,0.0,-0.003883712503011338,0.10182091219273084,2.5798759286602335,0.005214334084181852,0.059234619140625,0.9886698964983225
64411.18820990063,2432,159412992,159383552,2675.189560016605,2184.5248081794284,2412,100,1.9,3.9230091219019942,10.0,0.0,0.8,2.7129320404753634,10.0,0.0,-0.0070689510903321215,0.06681035709334537,2.5655609319607415,0.004467124487443168,0.05927530924479167,0.9935524798929691
64482.73721831851,2435,159580160,159580160,2336.4125331223686,2747.8787525849602,2422,100,2.0,4.000000100792356,10.0,0.0,0.7,2.551470199872923,10.0,0.0,-0.0036000997182175833,0.09520752956935516,2.564483573039373,0.008023483354312097,0.09073893229166666,0.9917180314660072
64542.73747074418,2437,159729920,159711232,2495.9894991362803,2184.524142833804,2422,100,2.0,4.000000100792356,10.0,0.0,0.7,2.551470199872923,10.0,0.0,-0.004340254590109301,0.12192843757414569,2.5654765193661055,0.0056518962628615554,0.06106058756510417,0.9870536563297113
64602.74218614027,2439,159904768,159842304,2913.90432978188,2184.3616644924195,2422,100,2.0,4.000000100792356,10.0,0.0,0.7,2.551470199872923,10.0,0.0,-0.00584605571202701,0.10698264472497006,2.583713576197624,0.006838681489777325,0.06791178385416667,0.9883880702157816
64668.025810936466,2442,160038912,160038912,2054.787864778837,3011.59748120257,2422,100,2.0,4.000000100792356,10.0,0.0,0.7,2.551470199872923,10.0,0.0,-0.006067085113803235,0.10190434082566449,2.564782465497653,0.005257542931455342,0.053049723307291664,0.9905492452283701
64728.02618376538,2444,160194560,160169984,2594.117213968198,2184.519759131114,2432,100,2.1,4.073082460554359,10.0,0.0,0.6,2.3748684491559726,10.0,0.0,-0.006769363280909602,0.08771361228233823,2.539048306643963,0.0056345486282225465,0.06523640950520834,0.992938918992877
64788.02648794465,2446,160364800,160301056,2837.3189491067396,2184.522258560377,2432,100,2.1,4.073082460554359,10.0,0.0,0.6,2.3748684491559726,10.0,0.0,-0.004615214473839539,0.1036310901787753,2.5465780049562454,0.008054188185269595,0.08533223470052083,0.9908145268758137
64853.4957823623,2449,160497664,160497664,2029.409377049616,3003.056650431802,2432,100,2.1,4.073082460554359,10.0,0.0,0.6,2.3748684491559726,10.0,0.0,-0.004147092018683907,0.10404149594251065,2.5806961730122566,0.006282169577995471,0.06656901041666666,0.9890938606113195
64913.49592061713,2451,160654080,160628736,2606.9273263281584,2184.5282996399624,2432,100,2.1,4.073082460554359,10.0,0.0,0.6,2.3748684491559726,10.0,0.0,-0.004603162327839527,0.0753964920877479,2.56964053461949,0.006695831271523881,0.07148234049479167,0.9930684355398018
64985.065271280706,2454,160825344,160825344,2392.97965416878,2747.0977195838914,2443,100,2.1,4.073082531043069,10.0,0.0,0.9,2.861817635846067,10.0,0.0,-0.00616117064782884,0.07876932568615302,2.5671331882476807,0.006390828984270533,0.07692972819010416,0.991801510254542
65045.065579349175,2456,160970240,160956416,2414.920933983412,2184.5221169602596,2443,100,2.1,4.073082531043069,10.0,0.0,0.9,2.861817635846067,10.0,0.0,-0.005463838637903487,0.12374412757344544,2.5262189085284867,0.010357998247248663,0.10287984212239583,0.9890785999596119
65105.06559446454,2458,161146368,161087488,2935.465927155999,2184.532782999813,2443,100,2.1,4.073082531043069,10.0,0.0,0.9,2.861817635846067,10.0,0.0,-0.003736841334709122,0.13049015573536357,2.534159836669763,0.007499827901483513,0.08344014485677084,0.9890027611205975
65171.10483309999,2461,161284096,161284096,2085.547968841453,2977.139107937241,2443,100,2.1,4.073082531043069,10.0,0.0,0.9,2.861817635846067,10.0,0.0,-0.00489319663271696,0.09826294934221855,2.549821190536022,0.005363312899741383,0.060979207356770836,0.9909483790397645
65231.105102295056,2463,161439232,161415168,2585.588399539383,2184.523532284099,2452,100,2.1,4.073082447610682,10.0,0.0,0.5,2.1794495582580566,10.0,0.0,-0.0062281910407667364,0.11694036447443068,2.5834485540787377,0.00488809883184634,0.054234822591145836,0.9874735915412505
65302.93337655626,2466,161611776,161611776,2402.1738204726576,2737.1950951379836,2452,100,2.1,4.073082447610682,10.0,0.0,0.5,2.1794495582580566,10.0,0.0,-0.005786043458404795,0.11422693888501576,2.5726443727811175,0.005414177844916898,0.05813090006510417,0.9879111970464388
65362.93342916854,2468,161761280,161742848,2491.7311484059314,2184.5314177805426,2452,100,2.1,4.073082447610682,10.0,0.0,0.5,2.1794495582580566,10.0,0.0,-0.005813729066479331,0.09486971783917397,2.5482639744877815,0.005898274315768504,0.06963094075520833,0.991629399980108
65422.933877689764,2470,161927424,161873920,2769.0459670684368,2184.517003295901,2452,100,2.1,4.073082447610682,10.0,0.0,0.5,2.1794495582580566,10.0,0.0,-0.005113778582502467,0.08121697550329068,2.5772179489334426,0.007514388749162511,0.0814361572265625,0.9904375374317169
65488.429349204525,2473,162070528,162070528,2184.944954060634,3001.856394845379,2462,100,2.2,4.142463150361858,10.0,0.0,0.8,2.7129320774722476,10.0,0.0,-0.008039991499875518,0.04709756180333594,2.5405522833267846,0.004982873863506635,0.0608367919921875,0.9953215507169565
65548.42955412902,2475,162220544,162201600,2500.258127264472,2184.525872285682,2462,100,2.2,4.142463150361858,10.0,0.0,0.8,2.7129320774722476,10.0,0.0,-0.006572087103753196,0.08332259689147274,2.530957604448001,0.007903288764282479,0.08224995930989583,0.9920480536917846
65621.07111560367,2478,162398208,162398208,2445.7624036894827,2706.5497493278426,2462,100,2.2,4.142463150361858,10.0,0.0,0.8,2.7129320774722476,10.0,0.0,-0.004594299003656488,0.11938740173354744,2.5257409041126566,0.006909732521914218,0.08392333984375,0.988176696623365
65681.07111912034,2480,162552832,162529280,2577.0665156216182,2184.533205295146,2462,100,2.2,4.142463150361858,10.0,0.0,0.8,2.7129320774722476,10.0,0.0,-0.007398169625957963,0.06390132570716864,2.52034638573726,0.006890348937304225,0.08388773600260417,0.9936183920751015
65741.07557033189,2482,162725376,162660352,2875.520007535892,2184.371281688986,2472,100,3.0,4.582575873148082,10.0,0.0,1.0,3.0000001012957287,10.0,0.0,-0.005661780878047769,0.07762953396498536,2.586868586639563,0.006842831418301406,0.0755157470703125,0.9908031715701023
65806.68716362119,2485,162856960,162856960,2005.499232731744,2996.5436006575474,2472,100,3.0,4.582575873148082,10.0,0.0,1.0,3.0000001012957287,10.0,0.0,-0.004903086007592113,0.06757468006496008,2.572042810420195,0.006173899312367817,0.0709991455078125,0.9925124285121758
65866.68734738417,2487,163008512,162988032,2525.858930677159,2184.5266427478136,2472,100,3.0,4.582575873148082,10.0,0.0,1.0,3.0000001012957287,10.0,0.0,-0.005748866188999576,0.10948091043004145,2.56595977395773,0.005502193422823136,0.060557047526041664,0.9882095356782278
65938.93230341002,2490,163184640,163184640,2437.9279840238314,2721.4079821661376,2472,100,3.0,4.582575873148082,10.0,0.0,1.0,3.0000001012957287,10.0,0.0,-0.005026108995177007,0.07611190541259324,2.5593753034869833,0.006936470796669407,0.07028706868489583,0.9911604343603054
65998.9323151093,2492,163340288,163315712,2594.132827508813,2184.5329073758426,2481,100,2.7,4.4395947260431265,10.0,0.0,0.8,2.7129320774722476,10.0,0.0,-0.005226468815332434,0.12712121227135262,2.5432695547739668,0.008840276681439718,0.09003702799479167,0.9876583976050218
66070.98349597305,2495,163512320,163512320,2387.6360933668575,2728.726963847837,2481,100,2.7,4.4395947260431265,10.0,0.0,0.8,2.7129320774722476,10.0,0.0,-0.009149018301589725,0.061121064568093665,2.5258168627818427,0.007182928234518234,0.0721435546875,0.9951451991995176
66130.98356841691,2497,163659520,163643392,2453.330371188058,2184.530695736149,2481,100,2.7,4.4395947260431265,10.0,0.0,0.8,2.7129320774722476,10.0,0.0,-0.005922146493200368,0.10165870892039189,2.5269833902517957,0.007489617964286785,0.08319600423177083,0.991249516606331
66190.98378917575,2499,163834880,163774464,2922.6559132978264,2184.525295778813,2481,100,2.7,4.4395947260431265,10.0,0.0,0.8,2.7129320774722476,10.0,0.0,-0.0047179892887167325,0.09861716197337955,2.5482576886812844,0.008484607781307812,0.08416239420572917,0.9904238358139992
66257.19779402204,2502,163971072,163971072,2056.8458336896897,2969.281203521958,2490,100,1.9,3.9230090978201466,10.0,0.0,1.1,3.128897654506477,10.0,0.0,-0.009052556949124362,0.057156943793719016,2.554652410248915,0.007523448294402139,0.0710601806640625,0.9947724044322968
66317.19783849642,2504,164116224,164102144,2419.198206794399,2184.5317140718385,2490,100,1.9,3.9230090978201466,10.0,0.0,1.1,3.128897654506477,10.0,0.0,-0.0064798397312794504,0.07555470359511673,2.552532412111759,0.008081905802706995,0.07999165852864584,0.992373747130235
66377.19792280905,2506,164289280,164233216,2884.2626136704284,2184.5302636083716,2490,100,1.9,3.9230090978201466,10.0,0.0,1.1,3.128897654506477,10.0,0.0,-0.005127542171976529,0.10307822104853888,2.5261871740221977,0.009838003736755732,0.095489501953125,0.9917923646668594
66443.58699517325,2509,164429824,164429824,2116.9749025714027,2961.4512298266613,2490,100,1.9,3.9230090978201466,10.0,0.0,1.1,3.128897654506477,10.0,0.0,-0.005163766511638339,0.1093648590419131,2.5463967050115266,0.006399447493095067,0.07404073079427083,0.9897966173787911
66503.58710105717,2511,164588288,164560896,2641.06200589976,2184.529478224034,2500,100,2.7,4.439594600747876,10.0,0.0,1.1,3.1288976044271073,10.0,0.0,-0.006430953687716586,0.08619769113526368,2.5381701216101646,0.007287397696927656,0.07112630208333334,0.9920551721006632
66575.45190469734,2514,164757504,164757504,2354.6436006040867,2735.8037598546725,2500,100,2.7,4.439594600747876,10.0,0.0,1.1,3.1288976044271073,10.0,0.0,-0.009416716107807588,0.045439024203612156,2.545362343390783,0.00521044078717144,0.07285563151041667,0.9958874937146902
66635.45220242813,2516,164909568,164888576,2534.387423913895,2184.5224933399227,2500,100,2.7,4.439594600747876,10.0,0.0,1.1,3.1288976044271073,10.0,0.0,-0.0054883541306480765,0.08115948598909502,2.5574855705102286,0.006033019556828852,0.0662384033203125,0.9926195591688156
66707.170516029,2519,165085184,165085184,2448.691152685924,2741.391844406399,2500,100,2.7,4.439594600747876,10.0,0.0,1.1,3.1288976044271073,10.0,0.0,-0.008219472673469378,0.06853117894691725,2.5165579269329705,0.006842655463818422,0.07896931966145833,0.9941320717334746
66767.17074212432,2521,165240064,165216256,2581.323606246939,2184.525101485013,2510,100,2.4,4.270831349002524,10.0,0.0,1.1,3.128897663216889,10.0,0.0,-0.006771318650862668,0.08385945643143107,2.5444152603546777,0.006105861145139594,0.06751505533854166,0.992289721344908
66838.28188395686,2524,165412864,165412864,2429.998950191441,2764.798805551151,2510,100,2.4,4.270831349002524,10.0,0.0,1.1,3.128897663216889,10.0,0.0,-0.0059577539771756465,0.05279109531935926,2.5391839941342673,0.008467926708666104,0.08730061848958333,0.9944814213862022
66898.28253670782,2526,165558016,165543936,2419.1736813678585,2184.509567654927,2510,100,2.4,4.270831349002524,10.0,0.0,1.1,3.128897663216889,10.0,0.0,-0.0026012831125020357,0.11607289046514781,2.532436117529869,0.007325200275469493,0.0774688720703125,0.990302661433816
66958.2829006128,2528,165737472,165675008,2990.9151931843007,2184.5200840376065,2510,100,2.4,4.270831349002524,10.0,0.0,1.1,3.128897663216889,10.0,0.0,-0.0068015640863450235,0.10697956949782868,2.5587948858737946,0.006935156206357836,0.07415771484375,0.9901590986798208
67024.01395482011,2531,165871616,165871616,2040.8009823929094,2991.0976230491497,2519,100,2.2,4.142463042694063,10.0,0.0,1.3,3.3630343991381038,10.0,0.0,-0.0063461426276868824,0.1146609525506695,2.536929865678151,0.0084582953647138,0.08740743001302083,0.9900535047054291
67084.01429156028,2533,166015232,166002688,2393.586566387707,2184.5210730668555,2519,100,2.2,4.142463042694063,10.0,0.0,1.3,3.3630343991381038,10.0,0.0,-0.006254662849338881,0.09606100001838058,2.546485312283039,0.008985316637942256,0.07939656575520833,0.9913295097649097
67144.0144505892,2535,166193152,166133760,2965.325473791662,2184.5275432824906,2519,100,2.2,4.142463042694063,10.0,0.0,1.3,3.3630343991381038,10.0,0.0,-0.00625641342412564,0.12111617399690053,2.5031529913345976,0.008228863540959235,0.08974711100260416,0.9916905537247658
67210.44830444455,2538,166330368,166330368,2065.452958648977,2959.454985526893,2519,100,2.2,4.142463042694063,10.0,0.0,1.3,3.3630343991381038,10.0,0.0,-0.006592615796156073,0.09213797150490184,2.55311269313097,0.007382882378806244,0.08292643229166666,0.9907870497554542
67270.45205530152,2540,166489856,166461440,2657.9671724219415,2184.3967773355284,2530,100,2.4,4.270831274402975,10.0,0.0,0.7,2.5514702392110395,10.0,0.0,-0.00483628579240758,0.09404994314536452,2.5535528088609376,0.005948923228061176,0.0586090087890625,0.9911901727318764
67342.19773610681,2543,166658048,166658048,2344.2804934340434,2740.346147575868,2530,100,2.4,4.270831274402975,10.0,0.0,0.7,2.5514702392110395,10.0,0.0,-0.006240910778918382,0.06303512376810735,2.5700009092688565,0.006537159194219081,0.06750996907552084,0.9939840566366911
67402.20435419306,2545,166803456,166789120,2423.1993842912852,2184.29240274144,2530,100,2.4,4.270831274402975,10.0,0.0,0.7,2.5514702392110395,10.0,0.0,-0.007450330946691489,0.06800457189092413,2.5597803766528764,0.005630471440478383,0.05977376302083333,0.9931120481342077
67462.20476397872,2547,166980608,166920192,2952.5131683741365,2184.518413594737,2530,100,2.4,4.270831274402975,10.0,0.0,0.7,2.5514702392110395,10.0,0.0,-0.006834338508876196,0.05222239302626501,2.5613998050491014,0.006332100252014546,0.08056131998697917,0.994375931719939
67528.85466390476,2550,167116800,167116800,2043.3939158368785,2949.8618935389522,2530,100,2.4,4.270831274402975,10.0,0.0,0.7,2.5514702392110395,10.0,0.0,-0.004332616214621035,0.08597137410348901,2.5525878071784973,0.00695139191642132,0.07519531249999999,0.9917167294770479
67588.85475058854,2552,167271680,167247872,2581.329604009877,2184.5301772777802,2540,100,2.1,4.073082424833826,10.0,0.0,0.6,2.374868430058001,10.0,0.0,-0.006090045188708851,0.09751875981843719,2.5246666818857193,0.005792142640833238,0.07595316569010417,0.9920158647000789
67648.85491669178,2554,167437568,167378944,2764.792345983714,2184.527285715527,2540,100,2.1,4.073082424833826,10.0,0.0,0.6,2.374868430058001,10.0,0.0,-0.0068968012516658446,0.06853061918324481,2.530884293218454,0.006675064603768988,0.07082112630208333,0.9940484718730053
67715.87258151732,2557,167575552,167575552,2058.9198438828244,2933.6742859035417,2540,100,2.1,4.073082424833826,10.0,0.0,0.6,2.374868430058001,10.0,0.0,-0.005146549946706122,0.06689321445689227,2.535172852377097,0.00671578347889105,0.076995849609375,0.9947991265604893
67775.87295343168,2559,167723776,167706624,2470.384687141128,2184.5197924287695,2540,100,2.1,4.073082424833826,10.0,0.0,0.6,2.374868430058001,10.0,0.0,-0.005756090698317469,0.10941688029561192,2.520176351070404,0.0061264109141726895,0.0746307373046875,0.9916900458435218
67835.8730897773,2561,167902208,167837696,2973.8599087868715,2184.5283691519057,2550,100,2.4,4.270831341627904,10.0,0.0,0.6,2.374868430058001,10.0,0.0,-0.008953739369947773,0.07620547350961715,2.537612135211627,0.006310675667312656,0.06617228190104166,0.9927857493360838
67902.45835302398,2564,168034304,168034304,1983.8623977596956,2952.725429223733,2550,100,2.4,4.270831341627904,10.0,0.0,0.6,2.374868430058001,10.0,0.0,-0.0060110223906425135,0.11014819086994976,2.531479040781657,0.007642304543575544,0.07278951009114583,0.9914753790944815
67962.45844474249,2566,168184320,168165376,2500.2628446602967,2184.529993969406,2550,100,2.4,4.270831341627904,10.0,0.0,0.6,2.374868430058001,10.0,0.0,-0.0052866767582600005,0.0747518723946996,2.552482066055139,0.007453761882061372,0.08992513020833333,0.9930560607463121
68022.45879247226,2568,168361728,168296448,2956.7828639761315,2184.5206729520623,2550,100,2.4,4.270831341627904,10.0,0.0,0.6,2.374868430058001,10.0,0.0,-0.007505310553824529,0.07511790523615977,2.51468139141798,0.006225921770843948,0.06480916341145834,0.993844384327531
68088.17079895735,2571,168493056,168493056,1998.5388823851983,2991.964642635151,2560,100,1.9,3.923009110981693,10.0,0.0,1.1,3.128897671356073,10.0,0.0,-0.004608365952056677,0.08294444787316024,2.513493893047174,0.007711831539684984,0.08834838867187501,0.9934074444075426
68148.17906798422,2573,168640512,168624128,2457.261347331313,2184.232308738945,2560,100,1.9,3.923009110981693,10.0,0.0,1.1,3.128897671356073,10.0,0.0,-0.009025708517583553,0.05043751057625437,2.5593623990813894,0.007601626375617343,0.08188883463541666,0.9945743723462025
68208.1790814884,2575,168819712,168755200,2986.6659944588796,2184.532841661352,2560,100,1.9,3.923009110981693,10.0,0.0,1.1,3.128897671356073,10.0,0.0,-0.006280659986562871,0.07667867051592717,2.5160413657625518,0.0063073184198098415,0.0724639892578125,0.9937452829132477
68274.18385333009,2578,168951808,168951808,2001.3098494882684,2978.693729470911,2560,100,1.9,3.923009110981693,10.0,0.0,1.1,3.128897671356073,10.0,0.0,-0.005926878368579006,0.061819937604013823,2.5505906318624816,0.006468849730178286,0.07825215657552083,0.9938405336191256
68334.18409872614,2580,169101568,169082880,2495.9897915661622,2184.5243987724357,2569,100,2.5,4.330127109617982,10.0,0.0,1.1,3.128897581481095,10.0,0.0,-0.006054337963481278,0.07283037567200759,2.5352449119091034,0.006652063269333061,0.07213846842447916,0.9936057329177856
68406.56061653234,2583,169279488,169279488,2458.2558734920717,2716.461166679009,2569,100,2.5,4.330127109617982,10.0,0.0,1.1,3.128897581481095,10.0,0.0,-0.005073638581961858,0.08313239924609661,2.528566213945548,0.007279492022159199,0.07461039225260417,0.9926664202163616
68466.56069989502,2585,169429504,169410560,2500.26319285584,2184.5302981948635,2569,100,2.5,4.330127109617982,10.0,0.0,1.1,3.128897581481095,10.0,0.0,-0.007190705696605923,0.06486604512125875,2.557966028650602,0.0065968578304212615,0.05963134765625,0.9937117956578732
68538.83875670843,2588,169607168,169607168,2458.0627625153893,2720.1616737922463,2569,100,2.5,4.330127109617982,10.0,0.0,1.1,3.128897581481095,10.0,0.0,-0.00352466026864325,0.09833600597145657,2.544348987440268,0.007474867329923049,0.09184265136718751,0.9907681463907162
68598.83930390887,2590,169758720,169738240,2525.843630954172,2184.5134105549596,2578,100,2.5,4.330127044208944,10.0,0.0,0.9,2.8618176542681573,10.0,0.0,-0.005133178519220868,0.10192316809358697,2.5404387066761656,0.008547957766495529,0.08556111653645834,0.9907576944679022
68658.83933486976,2592,169930240,169869312,2858.665191553135,2184.532206082396,2578,100,2.5,4.330127044208944,10.0,0.0,0.9,2.8618176542681573,10.0,0.0,-0.007956275675193561,0.04081458825385198,2.5204939444859824,0.006136012158701003,0.08088175455729167,0.9965585134923458
68724.76330580004,2595,170065920,170065920,2058.1284483529703,2982.3446195001534,2578,100,2.5,4.330127044208944,10.0,0.0,0.9,2.8618176542681573,10.0,0.0,-0.006406572283594869,0.07695075764786452,2.5515866751472154,0.006736400259493772,0.07262674967447916,0.9931977714101473
68784.76591710933,2597,170215936,170196992,2500.157855242772,2184.438262601193,2578,100,2.5,4.330127044208944,10.0,0.0,0.9,2.8618176542681573,10.0,0.0,-0.003984270711953286,0.11463807302061468,2.5041744659344354,0.0095021267922372,0.10303243001302083,0.9911747345079979
68856.4873523172,2600,170393600,170393600,2477.1394979069805,2741.2725279431716,2578,100,2.5,4.330127044208944,10.0,0.0,0.9,2.8618176542681573,10.0,0.0,-0.005391183391717884,0.07592699111167653,2.588524339099725,0.004764822639117483,0.055643717447916664,0.9909519335875908
68916.48755259998,2602,170543616,170524672,2500.2583206884506,2184.5260412841067,2588,100,2.2,4.142463127293191,10.0,0.0,0.8,2.7129320210422696,10.0,0.0,-0.008472442224350136,0.08372874909158176,2.5055049111445746,0.0057640360179599765,0.07000223795572917,0.9933402792861065
68976.48798077367,2604,170719744,170655744,2935.4457186561967,2184.5177441162396,2588,100,2.2,4.142463127293191,10.0,0.0,0.8,2.7129320210422696,10.0,0.0,-0.007153410181975536,0.08257105387747288,2.5437777067224183,0.007688803807468503,0.07739257812499999,0.9933574926108122
69042.77064855583,2607,170852352,170852352,2000.6436740872425,2966.2052928552166,2588,100,2.2,4.142463127293191,10.0,0.0,0.8,2.7129320210422696,10.0,0.0,-0.0038344084144531125,0.06517624379678941,2.5480499987800918,0.005305535315225522,0.068145751953125,0.9943491630256176
69102.77151086368,2609,171001600,170983424,2487.430917813364,2184.501938113966,2588,100,2.2,4.142463127293191,10.0,0.0,0.8,2.7129320210422696,10.0,0.0,-0.006186583482000666,0.08508480398450045,2.5630404526988664,0.006869107265932447,0.07541910807291667,0.9917017327000698
69174.15080592409,2612,171180032,171180032,2499.7725159513834,2754.41218400382,2600,100,1.7,3.756328023348026,10.0,0.0,0.9,2.8618176174239767,10.0,0.0,-0.006767902964687285,0.060656578571069986,2.5517404774824777,0.005939618737708467,0.06903076171875,0.9945368183155854
69234.15143032931,2614,171329280,171311104,2487.4407804831976,2184.5105996696348,2600,100,1.7,3.756328023348026,10.0,0.0,0.9,2.8618176174239767,10.0,0.0,-0.004893405396918146,0.07318234170088544,2.5482655664285025,0.006350274933235292,0.0657806396484375,0.9925507244964441
69294.15162828006,2616,171505920,171442176,2943.9902872485486,2184.5261261902274,2600,100,1.7,3.756328023348026,10.0,0.0,0.9,2.8618176174239767,10.0,0.0,-0.0048181628541594055,0.09172415234691773,2.5535031681259475,0.006406004997188575,0.058369954427083336,0.9903724162528912
69360.02335770428,2619,171638784,171638784,2017.0109569210936,2984.7098553283236,2600,100,1.7,3.756328023348026,10.0,0.0,0.9,2.8618176174239767,10.0,0.0,-0.006293337821261957,0.06826893841692558,2.548576238254706,0.006171667992020957,0.06075541178385417,0.9940446373075247
69420.02369794436,2621,171793920,171769856,2585.585338004127,2184.5209456404505,2600,100,1.7,3.756328023348026,10.0,0.0,0.9,2.8618176174239767,10.0,0.0,-0.006399527868779842,0.05638324069635322,2.535141684114933,0.00713602395929532,0.07306925455729167,0.99555720637242
69490.64588600025,2624,171966464,171966464,2443.198161227389,2783.940931487589,2611,100,2.3,4.208325150285592,10.0,0.0,0.5,2.179449489067881,10.0,0.0,-0.007020147376654979,0.06493719574064016,2.5642635027567544,0.006140622969420899,0.0662078857421875,0.9930713841070731
69550.64629165456,2626,172116224,172097536,2495.9831248947457,2184.518564010444,2611,100,2.3,4.208325150285592,10.0,0.0,0.5,2.179449489067881,10.0,0.0,-0.006790101338992827,0.08319580263923852,2.5624684865276017,0.007047983265996057,0.06619771321614583,0.9907674634208281
69622.47220705636,2629,172294144,172294144,2477.100347481789,2737.284988296423,2611,100,2.3,4.208325150285592,10.0,0.0,0.5,2.179449489067881,10.0,0.0,-0.006537171951398099,0.05947690711279089,2.573607414960861,0.005911900403589243,0.06541951497395833,0.9938529959569375
69682.47249531746,2631,172441344,172425216,2453.321546713845,2184.5228381173715,2611,100,2.3,4.208325150285592,10.0,0.0,0.5,2.179449489067881,10.0,0.0,-0.007175691993325017,0.07302538454920673,2.548978939652443,0.005914760165978806,0.06638081868489583,0.9933435798933109
69742.47259291261,2633,172620800,172556288,2990.928468331197,2184.5297800079497,2611,100,2.3,4.208325150285592,10.0,0.0,0.5,2.179449489067881,10.0,0.0,-0.0074195178725252236,0.07882339499580363,2.5248410825928054,0.006244812147391106,0.07185872395833333,0.9936768710613252
69806.99326427467,2636,172752896,172752896,2047.3438544795072,3047.209457829964,2623,100,1.8,3.8418745960302654,10.0,0.0,0.4,1.9595918327030493,10.0,0.0,-0.005815399209192644,0.08330009214114398,2.5585562537113824,0.005900733770128379,0.06904093424479167,0.9908391206214825
69866.9934460409,2638,172899072,172883968,2436.2592861723638,2184.5267154470234,2623,100,1.8,3.8418745960302654,10.0,0.0,0.4,1.9595918327030493,10.0,0.0,-0.008452816912419317,0.059777123387902975,2.5518003031611443,0.005049804121275277,0.06759134928385417,0.9941805011282364
69927.00284024887,2640,173076992,173015040,2964.8691233808863,2184.1913542028974,2623,100,1.8,3.8418745960302654,10.0,0.0,0.4,1.9595918327030493,10.0,0.0,-0.0060874590575015946,0.0791944638864758,2.5641096929709115,0.005599583929627745,0.0602569580078125,0.9918790558973949
69993.48313059472,2643,173211648,173211648,2025.502585796253,2957.387805877419,2623,100,1.8,3.8418745960302654,10.0,0.0,0.4,1.9595918327030493,10.0,0.0,-0.0049329927035917836,0.08565736511566986,2.551832797626654,0.006061071621540274,0.06726582845052084,0.9911110041042169
70053.4832788799,2645,173365504,173342720,2564.2603293032444,2184.527934448022,2623,100,1.8,3.8418745960302654,10.0,0.0,0.4,1.9595918327030493,10.0,0.0,-0.007449097669450566,0.07595215052909529,2.555316706498464,0.005191013471024538,0.062418619791666664,0.9927295769254366
70124.48912071064,2648,173539328,173539328,2448.023930401944,2768.898937479666,2635,100,2.4,4.270831418660056,10.0,0.0,0.8,2.7129320210422696,10.0,0.0,-0.006228250228256608,0.09920307671806465,2.543784173826377,0.007994810584326235,0.06769307454427083,0.9910441214839617
70184.48949905857,2650,173692160,173670400,2547.183937970356,2184.519558192332,2635,100,2.4,4.270831418660056,10.0,0.0,0.8,2.7129320210422696,10.0,0.0,-0.006300303757598157,0.07487741430910924,2.5084542607267695,0.006843961739529429,0.07181294759114583,0.994735931356748
70244.49957827851,2652,173860608,173801472,2806.995127979035,2184.166421770921,2635,100,2.4,4.270831418660056,10.0,0.0,0.8,2.7129320210422696,10.0,0.0,-0.004997250662806134,0.12163890638233474,2.534438572824001,0.006993366981381163,0.07699076334635416,0.990052379667759
70311.63939303346,2655,173998080,173998080,2047.5480979766733,2928.336944592337,2635,100,2.4,4.270831418660056,10.0,0.0,0.8,2.7129320210422696,10.0,0.0,-0.007504205612349324,0.05051190499216318,2.5632098416487374,0.006223985013396789,0.07148234049479167,0.9944452190150818
70371.63947081007,2657,174150400,174129152,2538.663375856109,2184.5305015770214,2635,100,2.4,4.270831418660056,10.0,0.0,0.8,2.7129320210422696,10.0,0.0,-0.00602088095547515,0.05203708472739284,2.551806869606177,0.006431275982928734,0.07294209798177084,0.9946583056201538
70443.90213379636,2660,174325760,174325760,2426.7027086070957,2720.741138993065,2647,100,2.0,4.000000089704542,10.0,0.0,0.8,2.7129320774722476,10.0,0.0,-0.006597888842710139,0.05233015428530053,2.510997034609318,0.0068082652445203475,0.08819071451822916,0.9953839623679718
70503.90277406946,2662,174477056,174456832,2521.5730917432393,2184.5100219501496,2647,100,2.0,4.000000089704542,10.0,0.0,0.8,2.7129320774722476,10.0,0.0,-0.003388122233445756,0.10210282233310863,2.5386042644580207,0.007221456138722715,0.07358296712239583,0.9905882713695368
70563.90611198917,2664,174641664,174587904,2743.3140506325667,2184.411810145994,2647,100,2.0,4.000000089704542,10.0,0.0,0.8,2.7129320774722476,10.0,0.0,-0.007875033537857234,0.05140962577812994,2.5483718241254487,0.006519646658489364,0.077484130859375,0.9950029688576857
70630.36173896678,2667,174784512,174784512,2149.5245248101114,2958.485367480583,2647,100,2.0,4.000000089704542,10.0,0.0,0.8,2.7129320774722476,10.0,0.0,-0.0054736592088981215,0.07895668832740436,2.5100984697540603,0.0069853171074404,0.0745391845703125,0.9932318093876044
70690.36199689284,2669,174944256,174915584,2662.388555010086,2184.5239425723785,2647,100,2.0,4.000000089704542,10.0,0.0,0.8,2.7129320774722476,10.0,0.0,-0.00639137795951683,0.07651593962994716,2.535485344628493,0.007067483488450914,0.07826741536458333,0.992835418631633
70761.36743658409,2672,175112192,175112192,2365.1145705207887,2768.914619146289,2659,100,2.8,4.489988955183214,10.0,0.0,0.9,2.861817635846067,10.0,0.0,-0.008661679826521626,0.04271570701772968,2.5680672576030097,0.005090715327848254,0.07018534342447917,0.9954616265992323
70821.36846196838,2674,175258368,175243264,2436.2250322186696,2184.4960008685794,2659,100,2.8,4.489988955183214,10.0,0.0,0.9,2.861817635846067,10.0,0.0,-0.003405650085672581,0.09472075609179835,2.5430180057883263,0.008249665377055255,0.08989461263020833,0.9910418552656968
70893.7115476802,2677,175439872,175439872,2508.933621148256,2717.7165317938793,2659,100,2.8,4.489988955183214,10.0,0.0,0.9,2.861817635846067,10.0,0.0,-0.00732461514538348,0.06686747318599373,2.5335071360071497,0.005604746869115237,0.056116739908854164,0.9949363271395366
70953.71196585707,2679,175600640,175570944,2679.447991946888,2184.518108084087,2659,100,2.8,4.489988955183214,10.0,0.0,0.9,2.861817635846067,10.0,0.0,-0.007745911752863322,0.08243815088644624,2.5370801463723183,0.00798408780489505,0.07137044270833333,0.9929770554105442
71024.3395742923,2682,175767552,175767552,2363.268468209178,2783.7272754365777,2669,100,2.4,4.270831360693824,10.0,0.0,1.0,3.0000001012957287,10.0,0.0,-0.006417055468773469,0.07015857568088299,2.562985007961591,0.008421411746288262,0.058832804361979164,0.9931145322819551
71084.34005384147,2684,175911168,175898624,2393.5808693380313,2184.5158736204494,2669,100,2.4,4.270831360693824,10.0,0.0,1.0,3.0000001012957287,10.0,0.0,-0.008369612151000183,0.07021680540249993,2.5362434685230255,0.00633616764753242,0.059783935546875,0.9941993206739426
71144.34009536728,2686,176083712,176029696,2875.7313430487316,2184.5318214257427,2669,100,2.4,4.270831360693824,10.0,0.0,1.0,3.0000001012957287,10.0,0.0,-0.005332636067275113,0.09983573978145917,2.518416732549667,0.005460308835002555,0.059641520182291664,0.9917050215105215
71212.37680916116,2689,176226304,176226304,2095.8096305474323,2889.7339250636046,2669,100,2.4,4.270831360693824,10.0,0.0,1.0,3.0000001012957287,10.0,0.0,-0.006280260827528158,0.07113163126632571,2.5209354956944785,0.0060584832523697205,0.07689412434895833,0.9938014484941959
71272.37714004144,2691,176383744,176357376,2623.9855295820325,2184.5212864162613,2681,100,3.0,4.582575816341749,10.0,0.0,0.9,2.8618176174239767,10.0,0.0,-0.005556763064911744,0.08700883528217673,2.537604366739591,0.005975602874968899,0.06836446126302084,0.9914162587374449
71343.078782456,2694,176553984,176553984,2407.864855554666,2780.8123444601256,2681,100,3.0,4.582575816341749,10.0,0.0,0.9,2.8618176174239767,10.0,0.0,-0.005437251063995063,0.08722112223040313,2.539351468284925,0.008526184000099116,0.07958475748697917,0.9918070981899897
71403.07899244688,2696,176703232,176685056,2487.457960941531,2184.525687825152,2681,100,3.0,4.582575816341749,10.0,0.0,0.9,2.8618176174239767,10.0,0.0,-0.005925779302439575,0.07239239239909998,2.525236169497172,0.0076032067584795495,0.08320109049479166,0.9933462335417668
71463.07921940461,2698,176878336,176816128,2918.388960818086,2184.525070086053,2681,100,3.0,4.582575816341749,10.0,0.0,0.9,2.8618176174239767,10.0,0.0,-0.006651584160863422,0.06367459629351895,2.5660794551173844,0.00598778600760852,0.062383015950520836,0.9936235460142294
71528.60990788974,2701,177012736,177012736,2050.9474737244095,3000.243161562565,2690,100,2.5,4.330127026648838,10.0,0.0,0.6,2.374868471355376,10.0,0.0,-0.0025658281532135634,0.06888754043029621,2.5230845933159194,0.007437614626420933,0.07420857747395833,0.994348621616761
71588.61031241715,2703,177163008,177143808,2504.5164475741,2184.5186050390785,2690,100,2.5,4.330127026648838,10.0,0.0,0.6,2.374868471355376,10.0,0.0,-0.006806340689460436,0.04593490533685932,2.52184701214234,0.005881898599303288,0.06331380208333333,0.9961926906059185
71648.61088909023,2705,177335296,177274880,2871.439068640017,2184.5123375091957,2690,100,2.5,4.330127026648838,10.0,0.0,0.6,2.374868471355376,10.0,0.0,-0.004764113230824781,0.06935264063455784,2.5324967478712397,0.007624151448302048,0.08094278971354167,0.9939933804174265
71715.05544328503,2708,177471488,177471488,2049.708988951905,2958.9783900659086,2690,100,2.5,4.330127026648838,10.0,0.0,0.6,2.374868471355376,10.0,0.0,-0.006014082617184613,0.06663404243105712,2.5480592027306557,0.005824733475795559,0.060846964518229164,0.9935717508196831
71775.07184605673,2710,177626368,177602560,2580.6278425110963,2183.9362898606305,2690,100,2.5,4.330127026648838,10.0,0.0,0.6,2.374868471355376,10.0,0.0,-0.008815791273567205,0.041267201770097024,2.5601348529259367,0.006827295001736881,0.06708780924479166,0.9958260587106148
71847.21789984405,2713,177799168,177799168,2395.1413962210136,2725.138655255909,2700,100,2.5,4.330127109617982,10.0,0.0,1.1,3.128897671356073,10.0,0.0,-0.005316745657182764,0.08997664360019068,2.522080513338248,0.005169066371915202,0.054011027018229164,0.9903843651215235
71907.21792792901,2715,177947392,177930240,2470.398843648975,2184.532310791494,2700,100,2.5,4.330127109617982,10.0,0.0,1.1,3.128897671356073,10.0,0.0,-0.00835173391775849,0.05191722694629182,2.5332115242878595,0.004959598574108289,0.0643768310546875,0.9950600042939186
71967.2251071874,2717,178126592,178061312,2986.3093418933054,2184.2719757848176,2700,100,2.5,4.330127109617982,10.0,0.0,1.1,3.128897671356073,10.0,0.0,-0.004376473050797358,0.07675366580951959,2.5402870550751686,0.008397879577993686,0.0744476318359375,0.9922551432003578
72032.03174342588,2720,178257920,178257920,2026.4591347828782,3033.763383066765,2700,100,2.5,4.330127109617982,10.0,0.0,1.1,3.128897671356073,10.0,0.0,-0.00796548318855154,0.05369574904519444,2.505036736528079,0.0066660049693988786,0.07463582356770833,0.9953589780877033
72092.03680025041,2722,178403840,178388992,2431.795047319005,2184.349235486545,2710,100,2.8,4.489988909021845,10.0,0.0,0.7,2.5514702294238254,10.0,0.0,-0.006828193518837604,0.046682930570871875,2.5345285410682363,0.005908530623855768,0.06939188639322917,0.9950931916634241
72152.040164195,2724,178579200,178520064,2922.5028143744676,2184.4108627149303,2710,100,2.8,4.489988909021845,10.0,0.0,0.7,2.5514702294238254,10.0,0.0,-0.006175263826056229,0.06907605733916473,2.5098354096213975,0.00637924588105913,0.07337951660156251,0.9931143137315909
72217.89069794863,2727,178716672,178716672,2087.6368369970055,2985.6705601744884,2710,100,2.8,4.489988909021845,10.0,0.0,0.7,2.5514702294238254,10.0,0.0,-0.005316896606624748,0.06142690765166965,2.532729441920916,0.006417137609484295,0.05997721354166666,0.9940093103796245
72277.89090437256,2729,178872064,178847744,2589.8577565233486,2184.5258176935,2710,100,2.8,4.489988909021845,10.0,0.0,0.7,2.5514702294238254,10.0,0.0,-0.004758346476592123,0.0915233170380816,2.530194044113159,0.009713195212801413,0.082000732421875,0.9904814927528302
72349.92334176973,2732,179044352,179044352,2391.811331470727,2729.4370023321226,2720,100,2.9,4.537620545011025,10.0,0.0,1.0,3.000000056623851,10.0,0.0,-0.006389526048830399,0.051405560215547055,2.5639800131320953,0.007829239778099387,0.08076985677083333,0.9943329133093357
72409.92348301038,2734,179190784,179175424,2440.527588304692,2184.528190930074,2720,100,2.9,4.537620545011025,10.0,0.0,1.0,3.000000056623851,10.0,0.0,-0.0044425142332329415,0.0943137063101555,2.5346789062023167,0.00609200600835417,0.071136474609375,0.991649301101764
72469.92368493602,2736,179362304,179306496,2858.6570460643293,2184.525981470055,2720,100,2.9,4.537620545011025,10.0,0.0,1.0,3.000000056623851,10.0,0.0,-0.005617457075762408,0.06360248579100394,2.554122274120649,0.005804681289494814,0.06313578287760417,0.9937958208223184
72536.91240720823,2739,179503104,179503104,2101.846329115536,2934.9417832013296,2720,100,2.9,4.537620545011025,10.0,0.0,1.0,3.000000056623851,10.0,0.0,-0.00759398915154937,0.03498764786248405,2.530042007565499,0.00652527212453909,0.06902058919270833,0.9965582676231862
72596.91296985932,2741,179646976,179634176,2397.8441808395846,2184.5128480246753,2729,100,2.5,4.330127163693333,10.0,0.0,1.1,3.1288976472586896,10.0,0.0,-0.007238537895318586,0.0705411302818296,2.533186567326387,0.007680826869545854,0.07997639973958333,0.9936253124227127
72656.9156861119,2743,179827456,179765248,3007.8638313684482,2184.4344420718376,2729,100,2.5,4.330127163693333,10.0,0.0,1.1,3.1288976472586896,10.0,0.0,-0.004048985094414093,0.09634808714812,2.515186034142971,0.005511483458273384,0.05108133951822917,0.9925046265125274
72722.81385754049,2746,179961856,179961856,2039.510309411838,2983.5122240538885,2729,100,2.5,4.330127163693333,10.0,0.0,1.1,3.1288976472586896,10.0,0.0,-0.007024450926110148,0.08082582390246293,2.536052852869034,0.005514388788772824,0.06160481770833334,0.9918736374626558
72782.814291602,2748,180113152,180092928,2521.581757973477,2184.517529750288,2729,100,2.5,4.330127163693333,10.0,0.0,1.1,3.1288976472586896,10.0,0.0,-0.006711177999629096,0.05532600377531101,2.558935428659121,0.0055649901557141375,0.06861368815104167,0.9939938001334667
72854.5402194392,2751,180289536,180289536,2459.138631156713,2741.1008254402836,2739,100,2.7,4.439594665417368,10.0,0.0,0.9,2.861817635846067,10.0,0.0,-0.005960845536416552,0.07798246684251353,2.546984980503718,0.005889850888100531,0.06972757975260417,0.9925157235314449
72914.54056441225,2753,180433664,180420608,2402.119522224732,2184.520773319827,2739,100,2.7,4.439594665417368,10.0,0.0,0.9,2.861817635846067,10.0,0.0,-0.006152418505128783,0.09951806078121686,2.5581885750095053,0.005985259515606837,0.0701141357421875,0.9902182606359322
72974.54078352824,2755,180614400,180551680,3012.2556661104227,2184.525355592828,2739,100,2.7,4.439594665417368,10.0,0.0,0.9,2.861817635846067,10.0,0.0,-0.007464439271037312,0.08312960968275244,2.545008589824041,0.006298612749257397,0.07250976562499999,0.9921748867879311
73040.56458876841,2758,180748288,180748288,2027.8746357161183,2977.8350291204188,2739,100,2.7,4.439594665417368,10.0,0.0,0.9,2.861817635846067,10.0,0.0,-0.0028831619953659056,0.11422685071981202,2.5242134158809977,0.006970342492422788,0.079010009765625,0.9907241463661194
73100.56478807889,2760,180897536,180879360,2487.458403724462,2184.5260766842616,2748,100,2.8,4.489988869875138,10.0,0.0,1.1,3.128897581481095,10.0,0.0,-0.004148174026340712,0.13613006464826563,2.508138589560986,0.008396742629580938,0.0833740234375,0.9892579559236765
73160.56493149698,2762,181073408,181010432,2931.1929935650614,2184.528111652564,2748,100,2.8,4.489988869875138,10.0,0.0,1.1,3.128897581481095,10.0,0.0,-0.004142032526336456,0.08466541107433537,2.5648999040325484,0.007258318228802333,0.0729217529296875,0.9909436963498593
73226.50174056366,2765,181207040,181207040,2026.6676821569513,2981.7639461619515,2748,100,2.8,4.489988869875138,10.0,0.0,1.1,3.128897581481095,10.0,0.0,-0.007900910405927181,0.07482038457722713,2.544320364793142,0.005383402291651389,0.07508341471354166,0.9932154876490434
73286.50176391192,2767,181361664,181338112,2577.0656638334785,2184.532483249571,2748,100,2.8,4.489988869875138,10.0,0.0,1.1,3.128897581481095,10.0,0.0,-0.004524178955762181,0.11987343543053916,2.521489421526591,0.006570391456383125,0.06446329752604167,0.990737920626998
73358.71762259491,2770,181534720,181534720,2396.371145563379,2722.504496734726,2758,100,2.9,4.537620630038277,10.0,0.0,1.1,3.128897654506477,10.0,0.0,-0.006819029033067636,0.11190141427020232,2.5084709351261454,0.0063704620163965355,0.07254028320312501,0.9909871605535348
73418.71863851696,2772,181685504,181665792,2513.0241160562773,2184.4963453664072,2758,100,2.9,4.537620630038277,10.0,0.0,1.1,3.128897654506477,10.0,0.0,-0.006355589590384624,0.13183884794125333,2.5273111015558243,0.007255317826396397,0.06842041015625,0.987497795994083
73490.89864678867,2775,181862400,181862400,2450.7617030758124,2723.856711956909,2758,100,2.9,4.537620630038277,10.0,0.0,1.1,3.128897654506477,10.0,0.0,-0.007557447689274946,0.06351543761168917,2.5555678655703864,0.0055976326214780174,0.07027180989583333,0.9932884300748507
73550.89909731597,2777,182020608,181993472,2636.7802009757884,2184.5169302582585,2758,100,2.9,4.537620630038277,10.0,0.0,1.1,3.128897654506477,10.0,0.0,-0.007076888425217476,0.09609812445705757,2.5222673465808234,0.0067054173511375366,0.07989501953125,0.9920963179320096
73622.9973406028,2780,182190080,182190080,2350.570447684536,2726.9457761657454,2767,100,2.8,4.489988896018503,10.0,0.0,1.2,3.2496154553692014,10.0,0.0,-0.005141437596951922,0.09489901379371682,2.518643341958523,0.005964930135329875,0.0800933837890625,0.9931161664426327
73682.99784987234,2782,182341376,182321152,2521.578597280649,2184.5147915527787,2767,100,2.8,4.489988896018503,10.0,0.0,1.2,3.2496154553692014,10.0,0.0,-0.0037360434483465115,0.12161288522959997,2.5360466415683427,0.009273336948657136,0.07633463541666667,0.9898394607007504
73755.24404666945,2785,182517760,182517760,2441.4295536597324,2721.361244137409,2767,100,2.8,4.489988896018503,10.0,0.0,1.2,3.2496154553692014,10.0,0.0,-0.007612181289005093,0.07245828112354502,2.5421241149306297,0.0077375608713433994,0.084808349609375,0.9927629766364892
73815.24411613494,2787,182675200,182648832,2623.996962046167,2184.53080417502,2777,100,2.9,4.53762055668084,10.0,0.0,0.9,2.861817635846067,10.0,0.0,-0.007674780659726821,0.05862208060959044,2.5624056706825895,0.00686213875269459,0.06806437174479166,0.9944576590011518
73875.24456158467,2789,182843392,182779904,2803.1791887433637,2184.5171151242043,2777,100,2.9,4.53762055668084,10.0,0.0,0.9,2.861817635846067,10.0,0.0,-0.005699309095992551,0.08667639608029276,2.552379883825779,0.007345529074882506,0.0678558349609375,0.991811014090975
73941.4866788648,2792,182976512,182976512,2009.5976014327907,2968.021072885352,2777,100,2.9,4.53762055668084,10.0,0.0,0.9,2.861817635846067,10.0,0.0,-0.004712864157530324,0.0988440311436231,2.552218566338221,0.007367713747347201,0.06776936848958333,0.9909558451424043
74001.48688908853,2794,183130624,183107584,2568.524333921016,2184.5256793481067,2777,100,2.9,4.53762055668084,10.0,0.0,0.9,2.861817635846067,10.0,0.0,-0.004672127456918436,0.07124559005023912,2.532846642037233,0.005482371451459282,0.0651702880859375,0.9936817803730567
74073.22944948822,2797,183304192,183304192,2419.3170557756525,2740.465337515783,2787,100,2.5,4.330127084549675,10.0,0.0,0.8,2.712932032116295,10.0,0.0,-0.005710148187063169,0.05757519604715829,2.5480595156550407,0.00566111830570056,0.07447306315104166,0.9949701465666294
74133.2295133844,2799,183452928,183435264,2478.930693430003,2184.531006946922,2787,100,2.5,4.330127084549675,10.0,0.0,0.8,2.712932032116295,10.0,0.0,-0.004943219750809172,0.108753864459383,2.52703599135081,0.005595416350843152,0.06345113118489583,0.9912471522887548
74193.23153633997,2801,183628800,183566336,2931.1011752093536,2184.459682252095,2787,100,2.5,4.330127084549675,10.0,0.0,0.8,2.712932032116295,10.0,0.0,-0.0033871698251459748,0.07456770294811577,2.5469272111852965,0.007005822896947696,0.07941691080729167,0.992525581891338
74260.49910108,2804,183762944,183762944,1994.1854669248767,2922.775646179972,2787,100,2.5,4.330127084549675,10.0,0.0,0.8,2.712932032116295,10.0,0.0,-0.0069792436867525485,0.08846400771290064,2.5309300497174263,0.00682245468609229,0.07257588704427083,0.9924499467015265
74320.49926803447,2806,183919104,183894016,2602.6594245728043,2184.527254723403,2787,100,2.5,4.330127084549675,10.0,0.0,0.8,2.712932032116295,10.0,0.0,-0.0068772390780698816,0.07369328379475823,2.5324696501096087,0.0060827189669604795,0.059392293294270836,0.9932093812773625
74392.29704911262,2809,184090624,184090624,2388.9317667535875,2738.3576072638134,2796,100,2.4,4.270831402920891,10.0,0.0,0.9,2.861817635846067,10.0,0.0,-0.006291376492299605,0.06135935894174811,2.5486950750152273,0.006723071358161785,0.07941691080729166,0.9944785473247368
74452.29750059731,2811,184242176,184221696,2525.8476603073213,2184.5168954009264,2796,100,2.4,4.270831402920891,10.0,0.0,0.9,2.861817635846067,10.0,0.0,-0.004275489484522647,0.10645795598005255,2.5239786008993783,0.00833119532338363,0.08829752604166666,0.9908835254609586
74524.72518059239,2814,184418304,184418304,2431.7774642509166,2714.5422856754417,2796,100,2.4,4.270831402920891,10.0,0.0,0.9,2.861817635846067,10.0,0.0,-0.005239973708133524,0.13142776081804186,2.543523835639159,0.00678677148547043,0.07970682779947917,0.987078361834089
74584.7254801523,2816,184576768,184549376,2641.0534807711206,2184.5224267444487,2806,100,2.6,4.386342508351272,10.0,0.0,1.1,3.128897591082904,10.0,0.0,-0.00838582952079984,0.03550464773434214,2.5519934619466462,0.006081988381386812,0.07306925455729166,0.9964373366286357
74656.5104730241,2819,184745984,184745984,2357.2615003554674,2738.845434603629,2806,100,2.6,4.386342508351272,10.0,0.0,1.1,3.128897591082904,10.0,0.0,-0.00705567760936295,0.0742569444895101,2.5574450020988784,0.006372354049744899,0.0731201171875,0.9931771631042163
74716.51062460244,2821,184898048,184877056,2534.393597347222,2184.527814548447,2806,100,2.6,4.386342508351272,10.0,0.0,1.1,3.128897591082904,10.0,0.0,-0.006241384665675772,0.09842626818378146,2.528550155460834,0.007070570354699157,0.0802764892578125,0.9913079856584469
74789.10199336708,2824,185073664,185073664,2419.2407856283185,2708.4211710824325,2806,100,2.6,4.386342508351272,10.0,0.0,1.1,3.128897591082904,10.0,0.0,-0.007916446646656064,0.06925644195871428,2.527646335462729,0.008362630496170215,0.09012858072916667,0.9935723046461741
74849.1081787087,2826,185234432,185204736,2679.190471527523,2184.3081551307196,2816,100,3.0,4.582575744889238,10.0,0.0,1.3,3.3630343553699014,10.0,0.0,-0.006891125318361446,0.0876474430357727,2.528880668183168,0.008026585907524957,0.07900492350260416,0.9916837128500144
74920.42894461751,2829,185401344,185401344,2340.300161854933,2756.6725832892457,2816,100,3.0,4.582575744889238,10.0,0.0,1.3,3.3630343553699014,10.0,0.0,-0.006767579235505157,0.11173669376876205,2.518063964943091,0.005840927826284314,0.0591888427734375,0.9908243299772342
74980.42908026464,2831,185551616,185532416,2504.527671133365,2184.5283945831056,2816,100,3.0,4.582575744889238,10.0,0.0,1.3,3.3630343553699014,10.0,0.0,-0.006265056190992861,0.06600253545911983,2.554507161180178,0.00512285906491646,0.054158528645833336,0.9933146045853695
75052.98785969615,2834,185729024,185729024,2445.0245909589353,2709.637641928517,2816,100,3.0,4.582575744889238,10.0,0.0,1.3,3.3630343553699014,10.0,0.0,-0.005788217264732036,0.08114566646205883,2.5433815866708755,0.006333440487651387,0.07010396321614583,0.9920245415220658
75112.99403274432,2836,185882624,185860096,2559.7366437066653,2184.308602629688,2816,100,3.0,4.582575744889238,10.0,0.0,1.3,3.3630343553699014,10.0,0.0,-0.006617691491555888,0.06845137476921082,2.54674935589234,0.0072632972805877225,0.08176167805989583,0.9931863583624363
75185.040661579,2839,186056704,186056704,2416.212983392311,2728.899369478375,2825,100,2.6,4.386342508351272,10.0,0.0,1.1,3.128897635772279,10.0,0.0,-0.007194507738555936,0.07802613836247474,2.4831087440252304,0.00836205034647719,0.09374491373697917,0.9934493750333786
75245.0409284383,2841,186206464,186187776,2495.988898702167,2184.523617325657,2825,100,2.6,4.386342508351272,10.0,0.0,1.1,3.128897635772279,10.0,0.0,-0.004229615602525882,0.0977458138950169,2.4957226937015853,0.00839726497421604,0.0968170166015625,0.9913629461079836
75305.04125751741,2843,186381568,186318848,2918.3839936800514,2184.5213519944245,2825,100,2.6,4.386342508351272,10.0,0.0,1.1,3.128897635772279,10.0,0.0,-0.0038696910827032602,0.06889269557238246,2.5097705026467643,0.0070564962867744425,0.08202616373697917,0.9941553585231304
75370.26591138542,2846,186515456,186515456,2052.720743768906,3014.3203273700183,2825,100,2.6,4.386342508351272,10.0,0.0,1.1,3.128897635772279,10.0,0.0,-0.006761972620248949,0.09850442289219549,2.5111983170111976,0.005498347152145774,0.07201639811197917,0.9907608460634948
75430.26613717712,2848,186674176,186646528,2645.3233784652857,2184.5251125390746,2836,100,2.7,4.4395946181037855,10.0,0.0,1.9,3.923009104767361,10.0,0.0,-0.0069055588634607075,0.09427786703842382,2.511338685949643,0.008667979116580682,0.09752909342447917,0.9914599539091189
75502.64346295223,2851,186843136,186843136,2334.43275487975,2716.430842041891,2836,100,2.7,4.4395946181037855,10.0,0.0,1.9,3.923009104767361,10.0,0.0,-0.00612182109762216,0.10590468964073806,2.5398104786872864,0.007001729321321666,0.07460530598958334,0.9903099406510592
75562.6596117951,2853,186990080,186974208,2448.4076841504007,2183.9455301132493,2836,100,2.7,4.4395946181037855,10.0,0.0,1.9,3.923009104767361,10.0,0.0,-0.000186451812624,0.10695507916777085,2.5421792517105737,0.007879149835692562,0.09076944986979167,0.9883366953581572
75636.05138756521,2856,187170816,187170816,2462.6192526819964,2678.883266373616,2836,100,2.7,4.4395946181037855,10.0,0.0,1.9,3.923009104767361,10.0,0.0,-0.008137599356511297,0.08143343671690673,2.5296354219317436,0.005688268959905448,0.0632171630859375,0.9924475296090047
75696.06146322936,2858,187331840,187301888,2683.2827357390215,2184.166551189792,2836,100,2.7,4.4395946181037855,10.0,0.0,1.9,3.923009104767361,10.0,0.0,-0.0038036922778701414,0.07433558565874895,2.5169595206777253,0.00702810598401508,0.08104451497395833,0.993729359159867
75767.25992894173,2861,187498496,187498496,2340.724597539309,2761.407820138539,2847,100,2.5,4.330127138625024,10.0,0.0,1.5,3.5707143253419695,10.0,0.0,-0.006652160285739228,0.11985883198212831,2.491493863364061,0.007903006310395236,0.08628336588541667,0.9894922065238159
75827.2600078769,2863,187649024,187629568,2508.796699461511,2184.530459395057,2847,100,2.5,4.330127138625024,10.0,0.0,1.5,3.5707143253419695,10.0,0.0,-0.006887657902552746,0.06921262218384072,2.5349835306406026,0.0070831314466583235,0.0747222900390625,0.9937129529813926
75899.45866578445,2866,187826176,187826176,2453.674419084813,2723.1531125103124,2847,100,2.5,4.330127138625024,10.0,0.0,1.5,3.5707143253419695,10.0,0.0,-0.005483398393456204,0.08283786685205996,2.5118759373823805,0.00822881472474061,0.08363850911458334,0.9930469188839197
75959.46348134801,2868,187980544,187957248,2572.593525206109,2184.3580180854524,2847,100,2.5,4.330127138625024,10.0,0.0,1.5,3.5707143253419695,10.0,0.0,-0.006344186408872095,0.10045886610168965,2.5029773488640785,0.006021536428306717,0.06766255696614583,0.9919964764267205
76030.55704143085,2871,188153856,188153856,2437.80167708661,2765.4825524409403,2859,100,2.6,4.386342572922026,10.0,0.0,1.6,3.666060620299243,10.0,0.0,-0.008483849933933623,0.10133933489366125,2.473496581117312,0.007340484730472479,0.08617655436197917,0.9926622981826464
76090.55728404969,2873,188298752,188284928,2414.923568233929,2184.5244998865223,2859,100,2.6,4.386342572922026,10.0,0.0,1.6,3.666060620299243,10.0,0.0,-0.005868823505200756,0.09082501711479077,2.5286157205700874,0.00596041901432424,0.07822163899739583,0.9917705226689577
76150.56616601907,2875,188475392,188416000,2943.5642558736486,2184.2099985613163,2859,100,2.6,4.386342572922026,10.0,0.0,1.6,3.666060620299243,10.0,0.0,-0.005567407767860762,0.07570243555043514,2.5391654471556344,0.005959454560676629,0.0681915283203125,0.9930815976113082
76216.8406022042,2878,188612608,188612608,2070.4212347682533,2966.5737095186914,2859,100,2.6,4.386342572922026,10.0,0.0,1.6,3.666060620299243,10.0,0.0,-0.004438190056437937,0.10022242669947445,2.5415345653891563,0.005935973713349085,0.0742950439453125,0.9912948037187259
76276.84086030908,2880,188773376,188743680,2679.4551403260684,2184.5239360620176,2869,100,2.9,4.537620608283466,10.0,0.0,1.2,3.249615387323164,10.0,0.0,-0.004554622864816338,0.10112245910568163,2.538477778434754,0.005599515889116447,0.0662078857421875,0.9904573491464058
76347.55532220937,2883,188940288,188940288,2360.3658362746655,2780.308224323532,2869,100,2.9,4.537620608283466,10.0,0.0,1.2,3.249615387323164,10.0,0.0,-0.007658187268437663,0.06827920023351908,2.5456442907452583,0.006481150729086948,0.07219950358072917,0.9936116163929304
76407.55555380881,2885,189090048,189071360,2495.990365500684,2184.5249010877783,2869,100,2.9,4.537620608283466,10.0,0.0,1.2,3.249615387323164,10.0,0.0,-0.007241708723692378,0.08550566279639801,2.5121941218773522,0.005803943255159538,0.07195027669270834,0.9926110481222471
76467.56351065077,2887,189263360,189202432,2888.1503240718844,2184.2436719716466,2869,100,2.9,4.537620608283466,10.0,0.0,1.2,3.249615387323164,10.0,0.0,-0.007416854158994586,0.04531601546720291,2.543030194938183,0.006319549868445998,0.07565816243489584,0.996064476047953
76533.25905171223,2890,189399040,189399040,2065.2847637416608,2992.714525572822,2869,100,2.9,4.537620608283466,10.0,0.0,1.2,3.249615387323164,10.0,0.0,-0.006679242994626596,0.07347928162198514,2.511925257742405,0.007502477959254369,0.06966654459635416,0.9939661168803772
76593.2592473682,2892,189548800,189530112,2495.991860738116,2184.5262097400264,2880,100,2.4,4.270831402920891,10.0,0.0,1.0,3.0000000351471083,10.0,0.0,-0.0051353694483016925,0.08211688258840392,2.5189709017674127,0.006161864973667738,0.06641642252604167,0.9928211650500695
76653.25935049169,2894,189722624,189661184,2897.061687414992,2184.529578728241,2880,100,2.4,4.270831402920891,10.0,0.0,1.0,3.0000000351471083,10.0,0.0,-0.004257186968364597,0.11180554594223699,2.4838340481122336,0.008989174668386113,0.09088643391927084,0.9916534107178451
76719.13872855343,2897,189857792,189857792,2051.7497884288114,2984.363328623726,2880,100,2.4,4.270831402920891,10.0,0.0,1.0,3.0000000351471083,10.0,0.0,-0.006107922750137125,0.08895415395575887,2.513090645273526,0.006742209847895235,0.06766764322916667,0.9925245344638823
76779.139028918,2899,190007808,189988864,2500.2541502040035,2184.5223974478668,2880,100,2.4,4.270831402920891,10.0,0.0,1.0,3.0000000351471083,10.0,0.0,-0.006128904041058073,0.10753946741654849,2.5227660437424975,0.006767474813386798,0.07455952962239584,0.9910502148171265
76852.45146682113,2902,190185472,190185472,2423.3814217819136,2681.7823226635583,2890,100,2.3,4.208325211056307,10.0,0.0,0.8,2.712932012683201,10.0,0.0,-0.00586353069714581,0.08315214078174904,2.5212349618474645,0.007909447393709948,0.0818939208984375,0.9926633307089409
76912.45155911706,2904,190331136,190316544,2427.7295988406568,2184.52997294625,2890,100,2.3,4.208325211056307,10.0,0.0,0.8,2.712932012683201,10.0,0.0,-0.006555661114058846,0.08733485441189259,2.5412114510933557,0.007235478189613786,0.07364400227864583,0.9917126856744289
76972.45189667307,2906,190504704,190447616,2892.783725391395,2184.5210433634134,2890,100,2.3,4.208325211056307,10.0,0.0,0.8,2.712932012683201,10.0,0.0,-0.006903949276117297,0.0665748254590047,2.513188754518827,0.007097052077369881,0.081939697265625,0.9939419403672218
77038.30834096484,2909,190644224,190644224,2118.5474178027353,2985.4025997660565,2890,100,2.3,4.208325211056307,10.0,0.0,0.8,2.712932012683201,10.0,0.0,-0.0050340108476423975,0.09698743516734491,2.5406799564758935,0.006819052818779406,0.07665506998697916,0.990807743743062
77098.3083966095,2911,190799616,190775296,2589.8642647980078,2184.5313073749257,2890,100,2.3,4.208325211056307,10.0,0.0,0.8,2.712932012683201,10.0,0.0,-0.007986833091611818,0.06271457949575657,2.5243581657608347,0.005517000241525238,0.0734405517578125,0.9946894931296507
77170.42091110907,2914,190971904,190971904,2389.1553525153477,2726.406108071006,2900,100,1.9,3.92300911461822,10.0,0.0,1.0,3.000000025132749,10.0,0.0,-0.007096972874326942,0.10978812751515457,2.5060376872618995,0.005372897185225156,0.0693511962890625,0.9915227815508842
77230.42109594494,2916,191124224,191102976,2538.658846079891,2184.5266036855533,2900,100,1.9,3.92300911461822,10.0,0.0,1.0,3.000000025132749,10.0,0.0,-0.0030855318012375696,0.11967053225574394,2.506415463984012,0.008095477740425851,0.09154256184895834,0.990183334176739
77302.8834513519,2919,191299584,191299584,2420.0151791252574,2713.2432957199967,2900,100,1.9,3.92300911461822,10.0,0.0,1.0,3.000000025132749,10.0,0.0,-0.005965872250574951,0.09311877998212974,2.4838583022356033,0.008456727241840174,0.09233601888020833,0.9923391193151474
77362.88373343647,2921,191454208,191430656,2577.054550877948,2184.523062995876,2900,100,1.9,3.92300911461822,10.0,0.0,1.0,3.000000025132749,10.0,0.0,-0.004525654199824203,0.12509685188221437,2.484674707055092,0.008746354598163938,0.09058125813802083,0.9907993810872237
77434.93827470206,2924,191627264,191627264,2401.7361981685253,2728.599704428147,2911,100,2.4,4.270831485884982,10.0,0.0,0.8,2.7129319932501073,10.0,0.0,-0.005066637650694853,0.09706799499690533,2.522881214817365,0.008707446550639967,0.083740234375,0.9916069575895866
77494.93841319904,2926,191775744,191758336,2474.660954448852,2184.528290823814,2911,100,2.4,4.270831485884982,10.0,0.0,0.8,2.7129319932501073,10.0,0.0,-0.005267061958875274,0.10471117624547331,2.50092830012242,0.009459835616022854,0.0835723876953125,0.991175511231025
77567.4698673319,2929,191954944,191954944,2470.6522451862725,2710.6584632900817,2911,100,2.4,4.270831485884982,10.0,0.0,0.8,2.7129319932501073,10.0,0.0,-0.006383635074598716,0.09603217624438305,2.515923172235489,0.008491918866639026,0.095367431640625,0.9923634435981512
77627.47007044032,2931,192115456,192086016,2675.190944103458,2184.5259384066517,2911,100,2.4,4.270831485884982,10.0,0.0,0.8,2.7129319932501073,10.0,0.0,-0.004400421894388273,0.12605360683907443,2.5280983025829,0.006772612062074283,0.08038330078125,0.9889243797709545
77698.35800452903,2934,192282624,192282624,2358.201041531428,2773.504440882292,2921,100,2.6,4.386342454249908,10.0,0.0,1.6,3.6660606118076013,10.0,0.0,-0.006659471206755067,0.08204314011769989,2.54497920225064,0.00694331577506091,0.080596923828125,0.9923475030809641
77758.35837044194,2936,192420352,192413696,2295.4526677370795,2184.5200109319417,2921,100,2.6,4.386342454249908,10.0,0.0,1.6,3.6660606118076013,10.0,0.0,-0.004674357735590699,0.11466447778123742,2.5119278927644095,0.005942152214629459,0.06221008300781249,0.9908331961681446
77818.35869990475,2938,192598272,192544768,2965.317050638466,2184.5213380243085,2921,100,2.6,4.386342454249908,10.0,0.0,1.6,3.6660606118076013,10.0,0.0,-0.005866505244436364,0.09152877119292195,2.5409240325291953,0.008984484570949764,0.08821614583333333,0.9924365946402153
77886.38259219192,2941,192741376,192741376,2103.731427126841,2890.2785975553024,2921,100,2.6,4.386342454249908,10.0,0.0,1.6,3.6660606118076013,10.0,0.0,-0.00415164230313773,0.11486675078049302,2.5075571735699973,0.008149757441060501,0.08538309733072917,0.9906923690189917
77946.38303258643,2943,192892672,192872448,2521.581491822749,2184.5172991763916,2931,100,2.6,4.386342338538762,10.0,0.0,1.5,3.570714276117006,10.0,0.0,-0.003715769247113106,0.10322878185737257,2.5197090208530426,0.006466403409528236,0.07898966471354167,0.9923201898733774
78018.87706475705,2946,193069056,193069056,2433.083037578304,2712.057725486411,2931,100,2.6,4.386342338538762,10.0,0.0,1.5,3.570714276117006,10.0,0.0,-0.006745926397949613,0.05973353983911997,2.5535764123002687,0.007033229954686249,0.07677205403645834,0.9943576355775198
78078.87742017768,2948,193219840,193200128,2513.051780159044,2184.5203929396102,2931,100,2.6,4.386342338538762,10.0,0.0,1.5,3.570714276117006,10.0,0.0,-0.004882466828955026,0.09058114855239789,2.538813163836797,0.00603556862976499,0.06818644205729167,0.9927380209167798
78150.49673460424,2951,193396736,193396736,2469.948245335444,2745.1812625435905,2931,100,2.6,4.386342338538762,10.0,0.0,1.5,3.570714276117006,10.0,0.0,-0.006987051267060451,0.08617411707139884,2.5468174243966737,0.0076145974853716325,0.07879130045572916,0.9921005244056383
78210.5056300722,2953,193555200,193527808,2640.6751659775055,2184.20950723826,2941,100,2.5,4.330127076215404,10.0,0.0,0.6,2.374868471355376,10.0,0.0,-0.007990855934622232,0.05845579939583937,2.539924835165342,0.005461218590426142,0.06503804524739584,0.9953148296723763
78281.77339545637,2956,193724416,193724416,2374.3693812741935,2758.7226699222097,2941,100,2.5,4.330127076215404,10.0,0.0,0.6,2.374868471355376,10.0,0.0,-0.00583865132163434,0.11459289207899323,2.5194280222058296,0.007716171668410729,0.07963562011718751,0.9911524814864
78341.78003306128,2958,193876736,193855488,2538.3858532933987,2184.291692245748,2941,100,2.5,4.330127076215404,10.0,0.0,0.6,2.374868471355376,10.0,0.0,-0.006773581124434713,0.08273704394620533,2.54353246341149,0.005870806223659504,0.060831705729166664,0.9939465702821811
78413.71981210448,2961,194052096,194052096,2437.5943647908857,2732.952514101314,2941,100,2.5,4.330127076215404,10.0,0.0,0.6,2.374868471355376,10.0,0.0,-0.006762009596665545,0.10852947272360325,2.5121858815352125,0.00840960299926034,0.09151204427083333,0.9925447689990202
78473.71983870119,2963,194206208,194183168,2568.532194758231,2184.5323649771003,2951,100,2.8,4.489988955183214,10.0,0.0,1.0,3.0,10.0,0.0,-0.007855290168663487,0.07306494057411328,2.5597900946935015,0.006682831655780319,0.068389892578125,0.9931862428784369
78545.95601290464,2966,194379776,194379776,2402.785057679554,2721.738826398079,2951,100,2.8,4.489988955183214,10.0,0.0,1.0,3.0,10.0,0.0,-0.005093429674161598,0.10582182715491702,2.557338153322538,0.006725162553266272,0.06706746419270833,0.99067458199958
78605.95644655824,2968,194533632,194510848,2564.2481334097242,2184.517544601961,2951,100,2.8,4.489988955183214,10.0,0.0,1.0,3.0,10.0,0.0,-0.006610939371360777,0.06798891975389172,2.520815220971902,0.0063160378807272845,0.07999674479166667,0.9945994404455025
78678.08879530802,2971,194707456,194707456,2409.792596702519,2725.6564274926873,2961,100,2.3,4.208325156761799,10.0,0.0,0.9,2.8618176542681573,10.0,0.0,-0.004985888796606257,0.10423535127968839,2.510899325211843,0.005625704237293879,0.06403605143229166,0.9917064098020395
78738.08892998472,2973,194846976,194838528,2325.328113874919,2184.52842991552,2961,100,2.3,4.208325156761799,10.0,0.0,0.9,2.8618176542681573,10.0,0.0,-0.005654097486209745,0.10287233899968366,2.5422524288296695,0.006219603323188494,0.063690185546875,0.9898654061059157
78798.08906466886,2975,195019008,194969600,2867.1935639080834,2184.528429644254,2961,100,2.3,4.208325156761799,10.0,0.0,0.9,2.8618176542681573,10.0,0.0,-0.004921543829065437,0.1172202326512585,2.5384090592463813,0.007520706489837418,0.07735697428385417,0.9909290069093306
78866.4860853441,2978,195166208,195166208,2152.1405252273335,2874.5111710862475,2961,100,2.3,4.208325156761799,10.0,0.0,0.9,2.8618176542681573,10.0,0.0,-0.004360014829823436,0.08470206121758869,2.5495819052060447,0.009140997355643778,0.08385213216145833,0.9925148027638594
78926.48639290035,2980,195323648,195297280,2623.9865496093066,2184.522135609699,2961,100,2.3,4.208325156761799,10.0,0.0,0.9,2.8618176542681573,10.0,0.0,-0.0021037117888530097,0.14197173171366254,2.512319994469484,0.009776927934581181,0.09920756022135416,0.9886235954860846
78997.15277962014,2983,195493888,195493888,2409.0661473189084,2782.199700963792,2970,100,1.9,3.923009163010647,10.0,0.0,0.6,2.3748684491559726,10.0,0.0,-0.006467835264629684,0.09492148484180991,2.5332669913768764,0.005463329192934906,0.06443277994791667,0.992130368327101
79057.1529223863,2985,195640320,195624960,2440.5275262541663,2184.5281353883447,2970,100,1.9,3.923009163010647,10.0,0.0,0.6,2.3748684491559726,10.0,0.0,-0.005993174721273439,0.1096860752052938,2.549487285315991,0.008208716482234498,0.08443705240885416,0.9889921943346659
79117.15673578903,2987,195816448,195756032,2935.280109913727,2184.3945004009133,2970,100,1.9,3.923009163010647,10.0,0.0,0.6,2.3748684491559726,10.0,0.0,-0.008665792066797925,0.07821444833340743,2.529354564845562,0.00665807566777706,0.08355204264322917,0.9932963196188211
79183.03135268204,2990,195952640,195952640,2067.442763594346,2984.579027143718,2970,100,1.9,3.923009163010647,10.0,0.0,0.6,2.3748684491559726,10.0,0.0,-0.00607838983463201,0.10542338244461764,2.5184825683633485,0.006874420314488815,0.07464599609375,0.9910606474926075
79243.03266031295,2992,196109568,196083712,2615.4096668245584,2184.485724982339,2970,100,1.9,3.923009163010647,10.0,0.0,0.6,2.3748684491559726,10.0,0.0,-0.003359322390072824,0.1015440265958508,2.5344692319631577,0.0068874428549558315,0.07877095540364583,0.9909118792663018
79314.76303402148,2995,196280320,196280320,2380.469962331893,2740.93093114077,2982,100,2.4,4.270831274402975,10.0,0.0,1.2,3.2496154483906574,10.0,0.0,-0.007209038420114666,0.05422477332952742,2.5299319798747697,0.0057933312115589315,0.07100931803385417,0.9950367293010155
79374.76337153837,2997,196426240,196411392,2431.9863193923907,2184.521044787551,2982,100,2.4,4.270831274402975,10.0,0.0,1.2,3.2496154483906574,10.0,0.0,-0.010803077035234308,0.056479116377886385,2.488155913849672,0.0074444522833800875,0.09370930989583334,0.995183081055681
79434.76534969173,2999,196600064,196542464,2896.9711557794344,2184.4613133417824,2982,100,2.4,4.270831274402975,10.0,0.0,1.2,3.2496154483906574,10.0,0.0,-0.0067844239286690335,0.05084306443071303,2.544119618833065,0.00561802296700383,0.07141621907552084,0.9952420331537724
79500.09280043654,3002,196739072,196739072,2127.8650615499255,3009.5771036286237,2992,100,2.3,4.2083250785854895,10.0,0.0,0.9,2.8618176437702565,10.0,0.0,-0.006215827226697002,0.09681114930814752,2.5132797062397003,0.006756903107695204,0.0774078369140625,0.9916663908710083
79560.09320563264,3004,196882944,196870144,2397.850473338978,2184.5185806931613,2992,100,2.3,4.2083250785854895,10.0,0.0,0.9,2.8618176437702565,10.0,0.0,-0.005743833263598693,0.10225914391533782,2.5397201577822366,0.0054958147181120385,0.06623331705729167,0.9901439510285855
79620.09344588034,3006,197060864,197001216,2965.321459805825,2184.5245862166653,2992,100,2.3,4.2083250785854895,10.0,0.0,0.9,2.8618176437702565,10.0,0.0,-0.006717257788598848,0.10154472357438257,2.5174082219600677,0.007181136069751423,0.08069864908854166,0.9917863477021456
79686.74164898694,3009,197197824,197197824,2054.969130689785,2949.936995083654,2992,100,2.3,4.2083250785854895,10.0,0.0,0.9,2.8618176437702565,10.0,0.0,-0.0030395424570694254,0.0915036655884857,2.54538806527853,0.008904613400469922,0.09121704101562499,0.9915382340550423
79746.74810763076,3011,197352960,197328896,2585.3217054655715,2184.2982065979745,2992,100,2.3,4.2083250785854895,10.0,0.0,0.9,2.8618176437702565,10.0,0.0,-0.006457902947052693,0.059716049659376345,2.5322448511918387,0.007805824609022238,0.08346048990885417,0.9953559550146261
79819.17736593634,3014,197525504,197525504,2382.241707792118,2714.4831329144613,3001,100,2.4,4.270831349002524,10.0,0.0,1.1,3.128897581481095,10.0,0.0,-0.005588288620250144,0.09897009849858782,2.529225540657838,0.007511496365623316,0.08604939778645833,0.9918172117322683
79879.17751912028,3016,197679616,197656576,2568.5267757159336,2184.527756090628,3001,100,2.4,4.270831349002524,10.0,0.0,1.1,3.128897581481095,10.0,0.0,-0.006558644294273108,0.09769495574679847,2.5327707305550575,0.007109910584404132,0.07796732584635416,0.9916127764930328
79951.61703330465,3019,197853184,197853184,2396.040364906928,2714.098820425547,3001,100,2.4,4.270831349002524,10.0,0.0,1.1,3.128897581481095,10.0,0.0,-0.006425435305573046,0.07091933091093475,2.5474550823370614,0.006411684097959854,0.07229105631510416,0.9928613472729921
80011.61743291654,3021,198006784,197984256,2559.982950006236,2184.5187840053213,3001,100,2.4,4.270831349002524,10.0,0.0,1.1,3.128897581481095,10.0,0.0,-0.00686705894380187,0.09086093318182975,2.5472460066278777,0.005196576292898196,0.07890828450520833,0.9905395333965619
80083.07601047494,3024,198180864,198180864,2436.0966303553446,2751.356194283683,3012,100,3.0,4.582575816341749,10.0,0.0,0.9,2.8618176094997874,10.0,0.0,-0.007129265870995974,0.06502890196861699,2.543268163998922,0.004998721423059275,0.058441162109375,0.9942588713020085
80143.07614037767,3026,198326016,198311936,2419.19476233305,2184.5286037293154,3012,100,3.0,4.582575816341749,10.0,0.0,0.9,2.8618176094997874,10.0,0.0,-0.004155152251769323,0.10542292192500706,2.52859033147494,0.006415045648585267,0.0705413818359375,0.9910375233739614
80203.0764867533,3028,198503168,198443008,2952.5162886718745,2184.520722254335,3012,100,3.0,4.582575816341749,10.0,0.0,0.9,2.8618176094997874,10.0,0.0,-0.004116127721014588,0.08649256988428533,2.5346222296357155,0.007517245331958596,0.09186808268229167,0.9920429158955812
80268.76294773072,3031,198639616,198639616,2077.262162851248,2993.128219643074,3012,100,3.0,4.582575816341749,10.0,0.0,0.9,2.8618176094997874,10.0,0.0,-0.006714554983773269,0.08285866297471026,2.5094048281510672,0.007632705953559101,0.0759735107421875,0.9934301649530729
80328.76306728646,3033,198795264,198770688,2594.1281642847275,2184.528980450297,3012,100,3.0,4.582575816341749,10.0,0.0,0.9,2.8618176094997874,10.0,0.0,-0.006067624776430117,0.08149245815972488,2.5357156693935394,0.008307733956826269,0.0822906494140625,0.9928345028311014
80399.66559826024,3036,198967296,198967296,2426.3167708868514,2772.933452442116,3022,100,2.9,4.53762055668084,10.0,0.0,0.6,2.374868471355376,10.0,0.0,-0.0048663492780178785,0.06877830517866339,2.520135574042797,0.007142743671768888,0.08594767252604167,0.9941658185174067
80459.67064282484,3038,199114240,199098368,2448.8607760601185,2184.3496817818477,3022,100,2.9,4.53762055668084,10.0,0.0,0.6,2.374868471355376,10.0,0.0,-0.004703928551559026,0.08115601949005699,2.5364806950092316,0.005974187897663796,0.06292724609375,0.9922937086472908
80519.67074457183,3040,199289600,199229440,2922.661710466074,2184.5296288447153,3022,100,2.9,4.53762055668084,10.0,0.0,0.6,2.374868471355376,10.0,0.0,-0.008493032185166765,0.0560800168896094,2.5071573009093604,0.0074960753991035745,0.08099873860677083,0.995696159079671
80585.74435860105,3043,199426048,199426048,2065.090611505992,2975.5902244589156,3022,100,2.9,4.53762055668084,10.0,0.0,0.6,2.374868471355376,10.0,0.0,-0.007370626102783717,0.06432270029714952,2.499983069797357,0.0066924532614696846,0.0710601806640625,0.9948068863401811
80645.74469851889,3045,199577856,199557120,2530.1189994569727,2184.520957372631,3022,100,2.9,4.53762055668084,10.0,0.0,0.6,2.374868471355376,10.0,0.0,-0.00637521442452756,0.08901372028049082,2.5314810474713645,0.007070976011164021,0.07220967610677083,0.9921799562871456
80717.82761917263,3048,199753728,199753728,2439.856742831097,2727.5254417675146,3035,100,2.8,4.489988899195823,10.0,0.0,0.9,2.8618176542681573,10.0,0.0,-0.00959622433341186,0.05567260038030023,2.529828930894534,0.006010260697924726,0.070068359375,0.9951461696376402
80777.82772748917,3050,199904512,199884800,2513.062129896725,2184.5293896555568,3035,100,2.8,4.489988899195823,10.0,0.0,0.9,2.8618176542681573,10.0,0.0,-0.005637783127895092,0.10379215180485821,2.5196544552842775,0.007465091928073283,0.08315531412760417,0.9909371460477512
80824.0115650706,3052,200015872,200015872,2411.2331463071505,2838.049128527037,3035,100,2.8,4.489988899195823,10.0,0.0,0.9,2.8618176542681573,10.0,0.0,-0.006207033153865874,0.07540965134588382,2.5199609274665518,0.009048932165872733,0.09128316243489584,0.9930520212898651
